Frame,PlayerPosX,PlayerPosY,PlayerEvent,BotPosX,BotPosY,BotEvent
26276,977,265,MoveRight,1850,265,None
26276,977,265,None,1843,265,MoveLeft
26277,984,265,MoveRight,1843,265,None
26277,984,265,None,1836,265,MoveLeft
26278,991,265,MoveRight,1836,265,None
26278,991,265,None,1829,265,MoveLeft
26279,998,265,MoveRight,1829,265,None
26279,998,265,None,1822,265,MoveLeft
26280,1005,265,MoveRight,1822,265,None
26280,1005,265,None,1815,265,MoveLeft
26281,1012,265,MoveRight,1815,265,None
26281,1012,265,None,1808,265,MoveLeft
26282,1019,265,MoveRight,1808,265,None
26282,1019,265,None,1801,265,MoveLeft
26283,1026,265,MoveRight,1801,265,None
26283,1026,265,None,1794,265,MoveLeft
26284,1033,265,MoveRight,1794,265,None
26284,1033,265,None,1787,265,MoveLeft
26285,1040,265,MoveRight,1787,265,None
26285,1040,265,None,1780,265,MoveLeft
26286,1047,265,MoveRight,1780,265,None
26286,1047,265,None,1773,265,MoveLeft
26287,1054,265,MoveRight,1773,265,None
26287,1054,265,None,1766,265,MoveLeft
26288,1061,265,MoveRight,1766,265,None
26288,1061,265,None,1759,265,MoveLeft
26289,1068,265,MoveRight,1759,265,None
26289,1068,265,None,1752,265,MoveLeft
26290,1075,265,MoveRight,1752,265,None
26290,1075,265,None,1745,265,MoveLeft
26291,1082,265,MoveRight,1745,265,None
26291,1082,265,None,1738,265,MoveLeft
26292,1089,265,MoveRight,1738,265,None
26292,1089,265,None,1731,265,MoveLeft
26293,1096,265,MoveRight,1731,265,None
26294,1103,265,MoveRight,1731,265,None
26346,1110,265,MoveRight,1731,265,None
26347,1117,265,MoveRight,1731,265,None
26348,1124,265,MoveRight,1731,265,None
26349,1131,265,MoveRight,1731,265,None
26350,1138,265,MoveRight,1731,265,None
26351,1145,265,MoveRight,1731,265,None
26352,1152,265,MoveRight,1731,265,None
26353,1159,265,MoveRight,1731,265,None
26354,1166,265,MoveRight,1731,265,None
26355,1173,265,MoveRight,1731,265,None
26356,1180,265,MoveRight,1731,265,None
26357,1187,265,MoveRight,1731,265,None
26383,1194,265,MoveRight,1731,265,None
26384,1201,265,MoveRight,1731,265,None
26385,1208,265,MoveRight,1731,265,None
26386,1215,265,MoveRight,1731,265,None
26387,1222,265,MoveRight,1731,265,None
26388,1229,265,MoveRight,1731,265,None
26389,1236,265,MoveRight,1731,265,None
26390,1243,265,MoveRight,1731,265,None
26391,1250,265,MoveRight,1731,265,None
26392,1257,265,MoveRight,1731,265,None
26393,1264,265,MoveRight,1731,265,None
26394,1271,265,MoveRight,1731,265,None
26395,1278,265,MoveRight,1731,265,None
26396,1285,265,MoveRight,1731,265,None
26397,1292,265,MoveRight,1731,265,None
26398,1299,265,MoveRight,1731,265,None
26399,1306,265,MoveRight,1731,265,None
26579,1306,284.62,None,1731,265,None
26592,1306,421.96,None,1731,265,None
26604,1306,520.06,Spike,1731,265,None
26604,1306,539.68,None,1731,265,None
26605,1306,549.49,None,1724,265,MoveLeft
26606,1306,559.3,None,1717,265,MoveLeft
26607,1306,569.11,None,1710,265,MoveLeft
26608,1306,578.92,None,1703,265,MoveLeft
26609,1306,569.11,None,1696,265,MoveLeft
26610,1306,559.3,None,1689,265,MoveLeft
26611,1306,549.49,None,1682,265,MoveLeft
26612,1306,539.68,None,1675,265,MoveLeft
26613,1306,529.87,None,1668,265,MoveLeft
26614,1306,520.06,None,1661,265,MoveLeft
26632,323,265,MoveLeft,1850,265,None
26633,316,265,MoveLeft,1850,265,None
26634,309,265,MoveLeft,1850,265,None
26635,302,265,MoveLeft,1850,265,None
26636,295,265,MoveLeft,1850,265,None
26637,288,265,MoveLeft,1850,265,None
26638,281,265,MoveLeft,1850,265,None
26639,274,265,MoveLeft,1850,265,None
26640,267,265,MoveLeft,1850,265,None
26641,260,265,MoveLeft,1850,265,None
26642,253,265,MoveLeft,1850,265,None
26643,246,265,MoveLeft,1850,265,None
26644,239,265,MoveLeft,1850,265,None
26645,232,265,MoveLeft,1850,265,None
26646,225,265,MoveLeft,1850,265,None
26647,218,265,MoveLeft,1850,265,None
26648,211,265,MoveLeft,1850,265,None
26655,218,265,MoveRight,1850,265,None
26656,225,265,MoveRight,1850,265,None
26657,232,265,MoveRight,1850,265,None
26658,239,265,MoveRight,1850,265,None
26659,246,265,MoveRight,1850,265,None
26660,253,265,MoveRight,1850,265,None
26661,260,265,MoveRight,1850,265,None
26662,267,265,MoveRight,1850,265,None
26663,274,265,MoveRight,1850,265,None
26664,281,265,MoveRight,1850,265,None
26665,288,265,MoveRight,1850,265,None
26666,295,265,MoveRight,1850,265,None
26667,302,265,MoveRight,1850,265,None
26668,309,265,MoveRight,1850,265,None
26686,309,265,Serve,1850,265,None
26686,309,265,None,1850,265,None
26687,309,265,None,1857,265,MoveRight
26705,316,265,MoveRight,1857,265,None
26706,323,265,MoveRight,1857,265,None
26707,330,265,MoveRight,1857,265,None
26708,337,265,MoveRight,1857,265,None
26709,344,265,MoveRight,1857,265,None
26710,351,265,MoveRight,1857,265,None
26711,358,265,MoveRight,1857,265,None
26712,365,265,MoveRight,1857,265,None
26713,372,265,MoveRight,1857,265,None
26714,379,265,MoveRight,1857,265,None
26715,386,265,MoveRight,1857,265,None
26716,393,265,MoveRight,1857,265,None
26717,400,265,MoveRight,1857,265,None
26718,407,265,MoveRight,1857,265,None
26719,414,265,MoveRight,1857,265,None
26720,421,265,MoveRight,1857,265,None
26721,428,265,MoveRight,1857,265,None
26722,435,265,MoveRight,1857,265,None
26723,442,265,MoveRight,1857,265,None
26724,449,265,MoveRight,1857,265,None
26725,456,265,MoveRight,1857,265,None
26726,463,265,MoveRight,1857,265,None
26727,470,265,MoveRight,1857,265,None
26728,477,265,MoveRight,1857,265,None
26729,484,265,MoveRight,1857,265,None
26730,491,265,MoveRight,1857,265,None
26731,498,265,MoveRight,1857,265,None
26732,505,265,MoveRight,1857,265,None
26733,512,265,MoveRight,1857,265,None
26734,519,265,MoveRight,1857,265,None
26735,526,265,MoveRight,1857,265,None
26736,533,265,MoveRight,1857,265,None
26737,540,265,MoveRight,1857,265,None
26738,547,265,MoveRight,1857,265,None
26739,554,265,MoveRight,1857,265,None
26740,561,265,MoveRight,1857,265,None
26741,568,265,MoveRight,1857,265,None
26742,575,265,MoveRight,1857,265,None
26743,582,265,MoveRight,1857,265,None
26744,589,265,MoveRight,1857,265,None
26745,596,265,MoveRight,1857,265,None
26746,603,265,MoveRight,1857,265,None
26747,610,265,MoveRight,1857,265,None
26748,617,265,MoveRight,1857,265,None
26749,624,265,MoveRight,1857,265,None
26750,631,265,MoveRight,1857,265,None
26751,638,265,MoveRight,1857,265,None
26752,645,265,MoveRight,1857,265,None
26753,652,265,MoveRight,1857,265,None
26754,659,265,MoveRight,1857,265,None
26755,666,265,MoveRight,1857,265,None
26756,673,265,MoveRight,1857,265,None
26757,680,265,MoveRight,1857,265,None
26758,687,265,MoveRight,1857,265,None
26759,694,265,MoveRight,1857,265,None
26760,694,265,None,1857,265,SpikeMedium
26760,701,265,MoveRight,1857,265,None
26760,701,265,None,1857,265,None
26761,708,265,MoveRight,1857,265,None
26762,715,265,MoveRight,1857,265,None
26763,722,265,MoveRight,1857,265,None
26764,729,265,MoveRight,1857,265,None
26765,736,265,MoveRight,1857,265,None
26766,743,265,MoveRight,1857,265,None
26767,750,265,MoveRight,1857,265,None
26768,757,265,MoveRight,1857,265,None
26769,764,265,MoveRight,1857,265,None
26770,771,265,MoveRight,1857,265,None
26771,778,265,MoveRight,1857,265,None
26771,778,265,None,1850,265,MoveLeft
26772,785,265,MoveRight,1850,265,None
26772,785,265,None,1843,265,MoveLeft
26773,792,265,MoveRight,1843,265,None
26773,792,265,None,1836,265,MoveLeft
26774,799,265,MoveRight,1836,265,None
26774,799,265,None,1829,265,MoveLeft
26775,806,265,MoveRight,1829,265,None
26775,806,265,None,1822,265,MoveLeft
26776,813,265,MoveRight,1822,265,None
26776,813,265,None,1815,265,MoveLeft
26777,820,265,MoveRight,1815,265,None
26777,820,265,None,1808,265,MoveLeft
26778,827,265,MoveRight,1808,265,None
26778,827,265,None,1801,265,MoveLeft
26779,827,265,None,1794,265,MoveLeft
26780,827,265,None,1787,265,MoveLeft
26781,827,265,None,1780,265,MoveLeft
26782,827,265,None,1773,265,MoveLeft
26783,827,265,None,1766,265,MoveLeft
26784,827,265,None,1759,265,MoveLeft
26785,827,265,None,1752,265,MoveLeft
26786,827,265,None,1745,265,MoveLeft
26787,827,265,None,1738,265,MoveLeft
26788,827,265,None,1731,265,MoveLeft
26789,827,265,None,1731,265,None
26790,827,265,None,1731,265,None
26791,827,265,None,1731,265,None
26792,827,265,None,1731,265,None
26793,827,265,None,1731,265,None
26794,827,265,None,1731,265,None
26795,827,265,None,1731,265,None
26796,827,265,None,1731,265,None
26797,827,265,None,1731,265,None
26798,827,265,None,1731,265,None
26799,827,265,None,1731,265,None
26800,827,265,None,1731,265,None
26801,827,265,None,1731,265,None
26802,827,265,None,1731,265,None
26803,827,265,None,1731,265,None
26804,827,265,None,1731,265,None
26805,827,265,None,1731,265,None
26806,827,265,None,1731,265,None
26807,827,265,None,1731,265,None
26808,827,265,None,1731,265,None
26809,834,265,MoveRight,1731,265,None
26809,834,265,None,1731,265,None
26810,841,265,MoveRight,1731,265,None
26810,841,265,None,1731,265,None
26811,848,265,MoveRight,1731,265,None
26811,848,265,None,1731,265,None
26812,855,265,MoveRight,1731,265,None
26812,855,265,None,1731,265,None
26813,862,265,MoveRight,1731,265,None
26813,862,265,None,1731,265,None
26814,869,265,MoveRight,1731,265,None
26814,869,265,None,1731,265,None
26815,876,265,MoveRight,1731,265,None
26815,876,265,None,1731,265,None
26816,883,265,MoveRight,1731,265,None
26816,883,265,None,1731,265,None
26817,890,265,MoveRight,1731,265,None
26817,890,265,None,1731,265,None
26818,897,265,MoveRight,1731,265,None
26818,897,265,None,1731,265,None
26819,904,265,MoveRight,1731,265,None
26819,904,265,None,1731,265,None
26820,911,265,MoveRight,1731,265,None
26820,911,265,None,1731,265,None
26821,918,265,MoveRight,1731,265,None
26821,918,265,None,1731,265,None
26822,925,265,MoveRight,1731,265,None
26822,925,265,None,1731,265,None
26823,932,265,MoveRight,1731,265,None
26823,932,265,None,1731,265,None
26824,932,265,Bump,1731,265,None
26824,939,265,MoveRight,1731,265,None
26824,939,265,None,1731,265,None
26825,939,265,None,1724,265,MoveLeft
26826,939,265,None,1717,265,MoveLeft
26827,939,265,None,1710,265,MoveLeft
26828,939,265,None,1703,265,MoveLeft
26829,939,265,None,1696,265,MoveLeft
26830,939,265,None,1689,265,MoveLeft
26831,939,265,None,1682,265,MoveLeft
26832,939,265,None,1675,265,MoveLeft
26833,939,265,None,1668,265,MoveLeft
26834,939,265,None,1661,265,MoveLeft
26835,939,265,None,1654,265,MoveLeft
26836,939,265,None,1647,265,MoveLeft
26837,939,265,None,1640,265,MoveLeft
26838,939,265,None,1633,265,MoveLeft
26839,939,265,None,1626,265,MoveLeft
26840,939,265,None,1619,265,MoveLeft
26841,939,265,None,1612,265,MoveLeft
26842,939,265,None,1605,265,MoveLeft
26843,946,265,MoveRight,1605,265,None
26843,946,265,None,1598,265,MoveLeft
26844,953,265,MoveRight,1598,265,None
26844,953,265,None,1591,265,MoveLeft
26845,960,265,MoveRight,1591,265,None
26845,960,265,None,1584,265,MoveLeft
26846,967,265,MoveRight,1584,265,None
26846,967,265,None,1577,265,MoveLeft
26847,974,265,MoveRight,1577,265,None
26847,974,265,None,1570,265,MoveLeft
26848,981,265,MoveRight,1570,265,None
26848,981,265,None,1563,265,MoveLeft
26849,988,265,MoveRight,1563,265,None
26849,988,265,None,1556,265,MoveLeft
26850,995,265,MoveRight,1556,265,None
26850,995,265,None,1549,265,MoveLeft
26851,1002,265,MoveRight,1549,265,None
26851,1002,265,None,1542,265,MoveLeft
26852,1009,265,MoveRight,1542,265,None
26852,1009,265,None,1535,265,MoveLeft
26853,1016,265,MoveRight,1535,265,None
26853,1016,265,None,1528,265,MoveLeft
26854,1023,265,MoveRight,1528,265,None
26855,1030,265,MoveRight,1528,265,None
26856,1037,265,MoveRight,1528,265,None
26857,1044,265,MoveRight,1528,265,None
26858,1051,265,MoveRight,1528,265,None
26859,1058,265,MoveRight,1528,265,None
26860,1065,265,MoveRight,1528,265,None
26861,1072,265,MoveRight,1528,265,None
26862,1079,265,MoveRight,1528,265,None
26863,1086,265,MoveRight,1528,265,None
26864,1093,265,MoveRight,1528,265,None
26865,1100,265,MoveRight,1528,265,None
26866,1107,265,MoveRight,1528,265,None
26867,1114,265,MoveRight,1528,265,None
26868,1121,265,MoveRight,1528,265,None
26869,1128,265,MoveRight,1528,265,None
26870,1135,265,MoveRight,1528,265,None
26871,1142,265,MoveRight,1528,265,None
26872,1149,265,MoveRight,1528,265,None
26873,1156,265,MoveRight,1528,265,None
26874,1163,265,MoveRight,1528,265,None
26875,1170,265,MoveRight,1528,265,None
26876,1177,265,MoveRight,1528,265,None
26877,1184,265,MoveRight,1528,265,None
26878,1191,265,MoveRight,1528,265,None
26879,1198,265,MoveRight,1528,265,None
26880,1205,265,MoveRight,1528,265,None
26881,1212,265,MoveRight,1528,265,None
26882,1219,265,MoveRight,1528,265,None
26883,1226,265,MoveRight,1528,265,None
26884,1233,265,MoveRight,1528,265,None
26885,1240,265,MoveRight,1528,265,None
26886,1247,265,MoveRight,1528,265,None
26887,1254,265,MoveRight,1528,265,None
26888,1261,265,MoveRight,1528,265,None
26889,1268,265,MoveRight,1528,265,None
26890,1275,265,MoveRight,1528,265,None
26891,1278.5,284.62,MoveRight,1528,265,None
26892,1282,304.24,MoveRight,1528,265,None
26893,1285.5,314.05,MoveRight,1528,265,None
26894,1289,323.86,MoveRight,1528,265,None
26895,1292.5,333.67,MoveRight,1528,265,None
26896,1296,343.48,MoveRight,1528,265,None
26897,1299.5,353.29,MoveRight,1528,265,None
26898,1303,363.1,MoveRight,1528,265,None
26899,1306.5,372.91,MoveRight,1528,265,None
26900,1310,382.72,MoveRight,1528,265,None
26901,1313.5,392.53,MoveRight,1528,265,None
26902,1317,402.34,MoveRight,1528,265,None
26903,1320.5,412.15,MoveRight,1528,265,None
26907,1320.5,431.77,Set,1528,265,None
26907,1320.5,451.39,None,1528,265,None
26908,1320.5,461.2,None,1521,265,MoveLeft
26909,1320.5,471.01,None,1514,265,MoveLeft
26910,1320.5,480.82,None,1507,265,MoveLeft
26911,1320.5,490.63,None,1500,265,MoveLeft
26912,1320.5,500.44,None,1493,265,MoveLeft
26913,1320.5,510.25,None,1486,265,MoveLeft
26914,1320.5,520.06,None,1479,265,MoveLeft
26915,1320.5,529.87,None,1472,265,MoveLeft
26916,1320.5,539.68,None,1465,265,MoveLeft
26917,1320.5,549.49,None,1458,265,MoveLeft
26918,1320.5,559.3,None,1451,265,MoveLeft
26919,1320.5,569.11,None,1444,265,MoveLeft
26920,1320.5,578.92,None,1437,265,MoveLeft
26921,1320.5,569.11,None,1430,265,MoveLeft
27033,1326,265,Set,1430,265,None
27034,1326,265,None,1437,265,MoveRight
27035,1326,265,None,1444,265,MoveRight
27046,1319,265,MoveLeft,1444,265,None
27047,1312,265,MoveLeft,1444,265,None
27048,1305,265,MoveLeft,1444,265,None
27049,1298,265,MoveLeft,1444,265,None
27050,1291,265,MoveLeft,1444,265,None
27051,1284,265,MoveLeft,1444,265,None
27052,1277,265,MoveLeft,1444,265,None
27053,1270,265,MoveLeft,1444,265,None
27054,1263,265,MoveLeft,1444,265,None
27055,1256,265,MoveLeft,1444,265,None
27056,1249,265,MoveLeft,1444,265,None
27057,1242,265,MoveLeft,1444,265,None
27058,1235,265,MoveLeft,1444,265,None
27059,1228,265,MoveLeft,1444,265,None
27060,1221,265,MoveLeft,1444,265,None
27061,1214,265,MoveLeft,1444,265,None
27062,1207,265,MoveLeft,1444,265,None
27063,1200,265,MoveLeft,1444,265,None
27064,1193,265,MoveLeft,1444,265,None
27065,1186,265,MoveLeft,1444,265,None
27086,1193,265,MoveRight,1444,265,None
27087,1200,265,MoveRight,1444,265,None
27088,1207,265,MoveRight,1444,265,None
27089,1214,265,MoveRight,1444,265,None
27090,1221,265,MoveRight,1444,265,None
27091,1228,265,MoveRight,1444,265,None
27092,1235,265,MoveRight,1444,265,None
27093,1242,265,MoveRight,1444,265,None
27094,1249,265,MoveRight,1444,265,None
27095,1256,265,MoveRight,1444,265,None
27096,1263,265,MoveRight,1444,265,None
27097,1270,265,MoveRight,1444,265,None
27119,1277,265,MoveRight,1444,265,None
27120,1284,265,MoveRight,1444,265,None
27121,1291,265,MoveRight,1444,265,None
27122,1294.5,284.62,MoveRight,1444,265,None
27123,1298,304.24,MoveRight,1444,265,None
27124,1301.5,314.05,MoveRight,1444,265,None
27125,1305,323.86,MoveRight,1444,265,None
27126,1308.5,333.67,MoveRight,1444,265,None
27127,1312,343.48,MoveRight,1444,265,None
27128,1315.5,353.29,MoveRight,1444,265,None
27129,1319,363.1,MoveRight,1444,265,None
27130,1322.5,372.91,MoveRight,1444,265,None
27131,1326,382.72,MoveRight,1444,265,None
27147,1326,520.06,Set,1444,265,None
27161,977,265,MoveRight,2410,265,None
27162,984,265,MoveRight,2410,265,None
27163,991,265,MoveRight,2410,265,None
27164,998,265,MoveRight,2410,265,None
27165,1005,265,MoveRight,2410,265,None
27166,1012,265,MoveRight,2410,265,None
27167,1019,265,MoveRight,2410,265,None
27168,1026,265,MoveRight,2410,265,None
27169,1033,265,MoveRight,2410,265,None
27170,1040,265,MoveRight,2410,265,None
27171,1047,265,MoveRight,2410,265,None
27172,1054,265,MoveRight,2410,265,None
27173,1061,265,MoveRight,2410,265,None
27174,1068,265,MoveRight,2410,265,None
27175,1075,265,MoveRight,2410,265,None
27176,1082,265,MoveRight,2410,265,None
27177,1089,265,MoveRight,2410,265,None
27178,1082,265,MoveLeft,2410,265,None
27179,1075,265,MoveLeft,2410,265,None
27180,1068,265,MoveLeft,2410,265,None
27181,1061,265,MoveLeft,2410,265,None
27182,1054,265,MoveLeft,2410,265,None
27183,1047,265,MoveLeft,2410,265,None
27184,1040,265,MoveLeft,2410,265,None
27185,1033,265,MoveLeft,2410,265,None
27186,1026,265,MoveLeft,2410,265,None
27187,1019,265,MoveLeft,2410,265,None
27188,1012,265,MoveLeft,2410,265,None
27189,1005,265,MoveLeft,2410,265,None
27190,998,265,MoveLeft,2410,265,None
27191,991,265,MoveLeft,2410,265,None
27192,984,265,MoveLeft,2410,265,None
27193,977,265,MoveLeft,2410,265,None
27194,970,265,MoveLeft,2410,265,None
27195,963,265,MoveLeft,2410,265,None
27196,956,265,MoveLeft,2410,265,None
27197,949,265,MoveLeft,2410,265,None
27198,949,265,None,2410,265,Serve
27198,942,265,MoveLeft,2410,265,None
27198,942,265,None,2410,265,None
27199,935,265,MoveLeft,2410,265,None
27200,928,265,MoveLeft,2410,265,None
27201,921,265,MoveLeft,2410,265,None
27202,914,265,MoveLeft,2410,265,None
27203,907,265,MoveLeft,2410,265,None
27204,900,265,MoveLeft,2410,265,None
27205,893,265,MoveLeft,2410,265,None
27206,886,265,MoveLeft,2410,265,None
27207,879,265,MoveLeft,2410,265,None
27208,872,265,MoveLeft,2410,265,None
27209,865,265,MoveLeft,2410,265,None
27210,858,265,MoveLeft,2410,265,None
27211,851,265,MoveLeft,2410,265,None
27217,851,265,None,2403,265,MoveLeft
27218,851,265,None,2396,265,MoveLeft
27219,851,265,None,2389,265,MoveLeft
27220,851,265,None,2382,265,MoveLeft
27221,851,265,None,2375,265,MoveLeft
27222,851,265,None,2368,265,MoveLeft
27223,851,265,None,2361,265,MoveLeft
27224,851,265,None,2354,265,MoveLeft
27225,851,265,None,2347,265,MoveLeft
27226,851,265,None,2340,265,MoveLeft
27227,851,265,None,2333,265,MoveLeft
27228,851,265,None,2326,265,MoveLeft
27229,851,265,None,2319,265,MoveLeft
27230,844,265,MoveLeft,2319,265,None
27230,844,265,None,2312,265,MoveLeft
27231,837,265,MoveLeft,2312,265,None
27231,837,265,None,2305,265,MoveLeft
27232,830,265,MoveLeft,2305,265,None
27232,830,265,None,2298,265,MoveLeft
27233,823,265,MoveLeft,2298,265,None
27233,823,265,None,2291,265,MoveLeft
27234,816,265,MoveLeft,2291,265,None
27234,816,265,None,2284,265,MoveLeft
27235,809,265,MoveLeft,2284,265,None
27235,809,265,None,2277,265,MoveLeft
27236,802,265,MoveLeft,2277,265,None
27236,802,265,None,2270,265,MoveLeft
27237,795,265,MoveLeft,2270,265,None
27237,795,265,None,2263,265,MoveLeft
27238,788,265,MoveLeft,2263,265,None
27238,788,265,None,2256,265,MoveLeft
27239,781,265,MoveLeft,2256,265,None
27239,781,265,None,2249,265,MoveLeft
27240,774,265,MoveLeft,2249,265,None
27240,774,265,None,2242,265,MoveLeft
27241,767,265,MoveLeft,2242,265,None
27241,767,265,None,2235,265,MoveLeft
27242,760,265,MoveLeft,2235,265,None
27242,760,265,None,2228,265,MoveLeft
27243,753,265,MoveLeft,2228,265,None
27243,753,265,None,2221,265,MoveLeft
27244,746,265,MoveLeft,2221,265,None
27244,746,265,None,2214,265,MoveLeft
27245,739,265,MoveLeft,2214,265,None
27245,739,265,None,2207,265,MoveLeft
27246,732,265,MoveLeft,2207,265,None
27246,732,265,None,2200,265,MoveLeft
27247,725,265,MoveLeft,2200,265,None
27247,725,265,None,2193,265,MoveLeft
27248,718,265,MoveLeft,2193,265,None
27248,718,265,None,2186,265,MoveLeft
27249,711,265,MoveLeft,2186,265,None
27249,711,265,None,2179,265,MoveLeft
27250,704,265,MoveLeft,2179,265,None
27250,704,265,None,2172,265,MoveLeft
27251,704,265,None,2165,265,MoveLeft
27252,704,265,None,2158,265,MoveLeft
27253,704,265,None,2151,265,MoveLeft
27254,704,265,None,2144,265,MoveLeft
27255,704,265,None,2137,265,MoveLeft
27256,704,265,None,2130,265,MoveLeft
27257,704,265,None,2123,265,MoveLeft
27258,704,265,None,2116,265,MoveLeft
27259,704,265,None,2109,265,MoveLeft
27260,704,265,None,2102,265,MoveLeft
27261,704,265,None,2095,265,MoveLeft
27262,704,265,None,2088,265,MoveLeft
27263,704,265,None,2081,265,MoveLeft
27264,704,265,None,2074,265,MoveLeft
27265,704,265,None,2067,265,MoveLeft
27266,704,265,None,2060,265,MoveLeft
27267,704,265,None,2053,265,MoveLeft
27268,711,265,MoveRight,2053,265,None
27268,711,265,None,2046,265,MoveLeft
27269,718,265,MoveRight,2046,265,None
27269,718,265,None,2039,265,MoveLeft
27270,725,265,MoveRight,2039,265,None
27270,725,265,None,2032,265,MoveLeft
27271,732,265,MoveRight,2032,265,None
27271,732,265,None,2025,265,MoveLeft
27272,739,265,MoveRight,2025,265,None
27272,739,265,None,2018,265,MoveLeft
27273,746,265,MoveRight,2018,265,None
27273,746,265,None,2011,265,MoveLeft
27274,753,265,MoveRight,2011,265,None
27274,753,265,None,2004,265,MoveLeft
27275,963,265,MoveLeft,2410,265,None
27276,956,265,MoveLeft,2410,265,None
27277,949,265,MoveLeft,2410,265,None
27278,942,265,MoveLeft,2410,265,None
27279,935,265,MoveLeft,2410,265,None
27280,928,265,MoveLeft,2410,265,None
27281,921,265,MoveLeft,2410,265,None
27282,914,265,MoveLeft,2410,265,None
27283,907,265,MoveLeft,2410,265,None
27284,900,265,MoveLeft,2410,265,None
27285,893,265,MoveLeft,2410,265,None
27286,886,265,MoveLeft,2410,265,None
27287,879,265,MoveLeft,2410,265,None
27288,872,265,MoveLeft,2410,265,None
27289,865,265,MoveLeft,2410,265,None
27290,858,265,MoveLeft,2410,265,None
27291,851,265,MoveLeft,2410,265,None
27292,844,265,MoveLeft,2410,265,None
27325,844,265,None,2410,265,Serve
27325,844,265,None,2410,265,None
27330,851,265,MoveRight,2410,265,None
27331,858,265,MoveRight,2410,265,None
27332,865,265,MoveRight,2410,265,None
27333,872,265,MoveRight,2410,265,None
27334,879,265,MoveRight,2410,265,None
27335,886,265,MoveRight,2410,265,None
27336,893,265,MoveRight,2410,265,None
27337,900,265,MoveRight,2410,265,None
27338,907,265,MoveRight,2410,265,None
27339,914,265,MoveRight,2410,265,None
27340,921,265,MoveRight,2410,265,None
27345,921,265,None,2403,265,MoveLeft
27346,921,265,None,2396,265,MoveLeft
27347,921,265,None,2389,265,MoveLeft
27348,921,265,None,2382,265,MoveLeft
27349,921,265,None,2375,265,MoveLeft
27350,921,265,None,2368,265,MoveLeft
27351,921,265,None,2361,265,MoveLeft
27352,921,265,None,2354,265,MoveLeft
27353,921,265,None,2347,265,MoveLeft
27354,921,265,None,2340,265,MoveLeft
27355,921,265,None,2333,265,MoveLeft
27356,921,265,None,2326,265,MoveLeft
27357,921,265,None,2319,265,MoveLeft
27358,921,265,None,2312,265,MoveLeft
27359,921,265,None,2305,265,MoveLeft
27360,921,265,None,2298,265,MoveLeft
27361,921,265,None,2291,265,MoveLeft
27362,921,265,None,2284,265,MoveLeft
27363,921,265,None,2277,265,MoveLeft
27364,921,265,None,2270,265,MoveLeft
27365,921,265,None,2263,265,MoveLeft
27366,921,265,None,2256,265,MoveLeft
27367,921,265,None,2249,265,MoveLeft
27368,921,265,None,2242,265,MoveLeft
27369,921,265,None,2235,265,MoveLeft
27370,921,265,None,2228,265,MoveLeft
27371,921,265,None,2221,265,MoveLeft
27372,921,265,None,2214,265,MoveLeft
27373,921,265,None,2207,265,MoveLeft
27374,914,265,MoveLeft,2207,265,None
27374,914,265,None,2200,265,MoveLeft
27375,907,265,MoveLeft,2200,265,None
27375,907,265,None,2193,265,MoveLeft
27376,900,265,MoveLeft,2193,265,None
27376,900,265,None,2186,265,MoveLeft
27377,893,265,MoveLeft,2186,265,None
27377,893,265,None,2179,265,MoveLeft
27378,886,265,MoveLeft,2179,265,None
27378,886,265,None,2172,265,MoveLeft
27379,879,265,MoveLeft,2172,265,None
27379,879,265,None,2165,265,MoveLeft
27380,872,265,MoveLeft,2165,265,None
27380,872,265,None,2158,265,MoveLeft
27381,872,265,None,2158,265,None
27381,872,265,None,2151,265,MoveLeft
27382,872,265,None,2151,265,None
27382,872,265,None,2144,265,MoveLeft
27383,872,265,None,2144,265,None
27383,872,265,None,2137,265,MoveLeft
27384,872,265,None,2137,265,None
27384,872,265,None,2130,265,MoveLeft
27385,872,265,None,2130,265,None
27385,872,265,None,2123,265,MoveLeft
27386,872,265,None,2123,265,None
27386,872,265,None,2116,265,MoveLeft
27387,872,265,None,2116,265,None
27387,872,265,None,2109,265,MoveLeft
27388,872,265,None,2109,265,None
27388,872,265,None,2102,265,MoveLeft
27389,872,265,None,2102,265,None
27389,872,265,None,2095,265,MoveLeft
27390,872,265,None,2095,265,None
27390,872,265,None,2088,265,MoveLeft
27391,872,265,None,2088,265,None
27391,872,265,None,2081,265,MoveLeft
27392,872,265,None,2081,265,None
27392,872,265,None,2074,265,MoveLeft
27393,872,265,None,2074,265,None
27393,872,265,None,2067,265,MoveLeft
27394,872,265,None,2067,265,None
27394,872,265,None,2060,265,MoveLeft
27395,872,265,None,2060,265,None
27395,872,265,None,2053,265,MoveLeft
27396,872,265,None,2053,265,None
27396,872,265,None,2046,265,MoveLeft
27397,872,265,Bump,2046,265,None
27397,872,265,None,2046,265,None
27397,872,265,None,2039,265,MoveLeft
27398,872,265,None,2032,265,MoveLeft
27399,872,265,None,2025,265,MoveLeft
27400,872,265,None,2018,265,MoveLeft
27401,872,265,None,2011,265,MoveLeft
27402,872,265,None,2004,265,MoveLeft
27403,872,265,None,1997,265,MoveLeft
27404,872,265,None,1990,265,MoveLeft
27405,872,265,None,1983,265,MoveLeft
27406,872,265,None,1976,265,MoveLeft
27407,872,265,None,1969,265,MoveLeft
27408,872,265,None,1962,265,MoveLeft
27409,872,265,None,1955,265,MoveLeft
27410,872,265,None,1948,265,MoveLeft
27411,872,265,None,1941,265,MoveLeft
27412,872,265,None,1934,265,MoveLeft
27413,872,265,None,1927,265,MoveLeft
27414,872,265,None,1920,265,MoveLeft
27415,872,265,None,1913,265,MoveLeft
27416,872,265,None,1906,265,MoveLeft
27417,879,265,MoveRight,1906,265,None
27417,879,265,None,1899,265,MoveLeft
27418,886,265,MoveRight,1899,265,None
27418,886,265,None,1892,265,MoveLeft
27419,893,265,MoveRight,1892,265,None
27419,893,265,None,1885,265,MoveLeft
27420,900,265,MoveRight,1885,265,None
27420,900,265,None,1878,265,MoveLeft
27421,907,265,MoveRight,1878,265,None
27421,907,265,None,1871,265,MoveLeft
27422,914,265,MoveRight,1871,265,None
27422,914,265,None,1864,265,MoveLeft
27423,921,265,MoveRight,1864,265,None
27423,921,265,None,1857,265,MoveLeft
27424,928,265,MoveRight,1857,265,None
27424,928,265,None,1850,265,MoveLeft
27425,935,265,MoveRight,1850,265,None
27425,935,265,None,1843,265,MoveLeft
27426,942,265,MoveRight,1843,265,None
27426,942,265,None,1836,265,MoveLeft
27427,949,265,MoveRight,1836,265,None
27427,949,265,None,1829,265,MoveLeft
27428,956,265,MoveRight,1829,265,None
27428,956,265,None,1822,265,MoveLeft
27429,963,265,MoveRight,1822,265,None
27429,963,265,None,1815,265,MoveLeft
27430,970,265,MoveRight,1815,265,None
27430,970,265,None,1808,265,MoveLeft
27431,977,265,MoveRight,1808,265,None
27431,977,265,None,1801,265,MoveLeft
27432,984,265,MoveRight,1801,265,None
27432,984,265,None,1794,265,MoveLeft
27433,991,265,MoveRight,1794,265,None
27433,991,265,None,1787,265,MoveLeft
27434,998,265,MoveRight,1787,265,None
27434,998,265,None,1780,265,MoveLeft
27435,1005,265,MoveRight,1780,265,None
27435,1005,265,None,1773,265,MoveLeft
27436,1012,265,MoveRight,1773,265,None
27436,1012,265,None,1766,265,MoveLeft
27437,1019,265,MoveRight,1766,265,None
27437,1019,265,None,1759,265,MoveLeft
27438,1026,265,MoveRight,1759,265,None
27438,1026,265,None,1752,265,MoveLeft
27439,1033,265,MoveRight,1752,265,None
27439,1033,265,None,1745,265,MoveLeft
27440,1040,265,MoveRight,1745,265,None
27440,1040,265,None,1738,265,MoveLeft
27441,1047,265,MoveRight,1738,265,None
27441,1047,265,None,1731,265,MoveLeft
27442,1054,265,MoveRight,1731,265,None
27443,1061,265,MoveRight,1731,265,None
27444,1068,265,MoveRight,1731,265,None
27445,1075,265,MoveRight,1731,265,None
27446,1082,265,MoveRight,1731,265,None
27447,1089,265,MoveRight,1731,265,None
27448,1096,265,MoveRight,1731,265,None
27449,1103,265,MoveRight,1731,265,None
27450,1110,265,MoveRight,1731,265,None
27451,1117,265,MoveRight,1731,265,None
27452,1124,265,MoveRight,1731,265,None
27453,1131,265,MoveRight,1731,265,None
27454,1138,265,MoveRight,1731,265,None
27455,1145,265,MoveRight,1731,265,None
27456,1152,265,MoveRight,1731,265,None
27457,1159,265,MoveRight,1731,265,None
27458,1166,265,MoveRight,1731,265,None
27459,1169.5,284.62,MoveRight,1731,265,None
27460,1173,304.24,MoveRight,1731,265,None
27461,1176.5,314.05,MoveRight,1731,265,None
27462,1180,323.86,MoveRight,1731,265,None
27463,1183.5,333.67,MoveRight,1731,265,None
27464,1187,343.48,MoveRight,1731,265,None
27465,1190.5,353.29,MoveRight,1731,265,None
27466,1194,363.1,MoveRight,1731,265,None
27467,1197.5,372.91,MoveRight,1731,265,None
27468,1201,382.72,MoveRight,1731,265,None
27469,1204.5,392.53,MoveRight,1731,265,None
27470,1208,402.34,MoveRight,1731,265,None
27471,1211.5,412.15,MoveRight,1731,265,None
27472,1215,421.96,MoveRight,1731,265,None
27473,1218.5,431.77,MoveRight,1731,265,None
27474,1222,441.58,MoveRight,1731,265,None
27475,1225.5,451.39,MoveRight,1731,265,None
27476,1229,461.2,MoveRight,1731,265,None
27477,1232.5,471.01,MoveRight,1731,265,None
27478,1236,480.82,MoveRight,1731,265,None
27479,1239.5,490.63,MoveRight,1731,265,None
27480,1243,500.44,MoveRight,1731,265,None
27481,1243,490.63,Set,1731,265,None
27481,1246.5,510.25,MoveRight,1731,265,None
27495,1250,510.25,MoveRight,1731,265,None
27496,1253.5,500.44,MoveRight,1731,265,None
27497,1257,490.63,MoveRight,1731,265,None
27498,1260.5,480.82,MoveRight,1731,265,None
27499,1264,471.01,MoveRight,1731,265,None
27500,1267.5,461.2,MoveRight,1731,265,None
27501,1271,451.39,MoveRight,1731,265,None
27502,1274.5,441.58,MoveRight,1731,265,None
27503,1278,431.77,MoveRight,1731,265,None
27504,1281.5,421.96,MoveRight,1731,265,None
27518,1278,284.62,MoveLeft,1731,265,None
27519,1274.5,274.81,MoveLeft,1731,265,None
27520,1267.5,265,MoveLeft,1731,265,None
27521,1260.5,265,MoveLeft,1731,265,None
27522,1253.5,265,MoveLeft,1731,265,None
27523,1246.5,265,MoveLeft,1731,265,None
27524,1239.5,265,MoveLeft,1731,265,None
27525,1232.5,265,MoveLeft,1731,265,None
27526,1225.5,265,MoveLeft,1731,265,None
27527,1218.5,265,MoveLeft,1731,265,None
27537,1225.5,265,MoveRight,1731,265,None
27538,1232.5,265,MoveRight,1731,265,None
27539,1239.5,265,MoveRight,1731,265,None
27540,1246.5,265,MoveRight,1731,265,None
27541,1253.5,265,MoveRight,1731,265,None
27542,1260.5,265,MoveRight,1731,265,None
27543,1267.5,265,MoveRight,1731,265,None
27544,1274.5,265,MoveRight,1731,265,None
27545,1281.5,265,MoveRight,1731,265,None
27546,1288.5,265,MoveRight,1731,265,None
27547,1295.5,265,MoveRight,1731,265,None
27548,1299,284.62,MoveRight,1731,265,None
27549,1302.5,304.24,MoveRight,1731,265,None
27550,1306,314.05,MoveRight,1731,265,None
27551,1309.5,323.86,MoveRight,1731,265,None
27552,1313,333.67,MoveRight,1731,265,None
27553,1316.5,343.48,MoveRight,1731,265,None
27554,1320,353.29,MoveRight,1731,265,None
27555,1323.5,363.1,MoveRight,1731,265,None
27589,1326,461.2,Spike,1731,265,None
27590,1326,451.39,None,1724,265,MoveLeft
27591,1326,441.58,None,1717,265,MoveLeft
27592,1326,431.77,None,1710,265,MoveLeft
27593,1326,421.96,None,1703,265,MoveLeft
27594,1326,412.15,None,1696,265,MoveLeft
27595,1326,402.34,None,1689,265,MoveLeft
27596,1326,392.53,None,1682,265,MoveLeft
27603,337,265,MoveRight,1670,265,None
27604,344,265,MoveRight,1670,265,None
27605,351,265,MoveRight,1670,265,None
27606,358,265,MoveRight,1670,265,None
27607,365,265,MoveRight,1670,265,None
27608,372,265,MoveRight,1670,265,None
27610,365,265,MoveLeft,1670,265,None
27611,358,265,MoveLeft,1670,265,None
27612,351,265,MoveLeft,1670,265,None
27613,344,265,MoveLeft,1670,265,None
27614,337,265,MoveLeft,1670,265,None
27615,330,265,MoveLeft,1670,265,None
27616,323,265,MoveLeft,1670,265,None
27617,316,265,MoveLeft,1670,265,None
27618,309,265,MoveLeft,1670,265,None
27619,302,265,MoveLeft,1670,265,None
27620,295,265,MoveLeft,1670,265,None
27621,288,265,MoveLeft,1670,265,None
27622,281,265,MoveLeft,1670,265,None
27623,274,265,MoveLeft,1670,265,None
27624,267,265,MoveLeft,1670,265,None
27625,260,265,MoveLeft,1670,265,None
27626,253,265,MoveLeft,1670,265,None
27627,246,265,MoveLeft,1670,265,None
27628,239,265,MoveLeft,1670,265,None
27629,232,265,MoveLeft,1670,265,None
27630,225,265,MoveLeft,1670,265,None
27631,218,265,MoveLeft,1670,265,None
27632,211,265,MoveLeft,1670,265,None
27633,204,265,MoveLeft,1670,265,None
27634,197,265,MoveLeft,1670,265,None
27635,190,265,MoveLeft,1670,265,None
27636,183,265,MoveLeft,1670,265,None
27637,176,265,MoveLeft,1670,265,None
27638,169,265,MoveLeft,1670,265,None
27639,162,265,MoveLeft,1670,265,None
27640,155,265,MoveLeft,1670,265,None
27641,148,265,MoveLeft,1670,265,None
27652,155,265,MoveRight,1670,265,None
27653,162,265,MoveRight,1670,265,None
27654,169,265,MoveRight,1670,265,None
27655,176,265,MoveRight,1670,265,None
27656,183,265,MoveRight,1670,265,None
27657,190,265,MoveRight,1670,265,None
27658,197,265,MoveRight,1670,265,None
27659,204,265,MoveRight,1670,265,None
27660,211,265,MoveRight,1670,265,None
27661,218,265,MoveRight,1670,265,None
27662,225,265,MoveRight,1670,265,None
27663,232,265,MoveRight,1670,265,None
27664,239,265,MoveRight,1670,265,None
27685,239,265,Serve,1670,265,None
27685,239,265,None,1670,265,None
27686,239,265,None,1677,265,MoveRight
27687,239,265,None,1684,265,MoveRight
27688,239,265,None,1691,265,MoveRight
27689,239,265,None,1698,265,MoveRight
27690,239,265,None,1705,265,MoveRight
27691,239,265,None,1712,265,MoveRight
27692,239,265,None,1719,265,MoveRight
27693,239,265,None,1726,265,MoveRight
27694,239,265,None,1733,265,MoveRight
27695,239,265,None,1740,265,MoveRight
27696,239,265,None,1747,265,MoveRight
27697,239,265,None,1754,265,MoveRight
27698,239,265,None,1761,265,MoveRight
27699,239,265,None,1768,265,MoveRight
27700,239,265,None,1775,265,MoveRight
27701,239,265,None,1782,265,MoveRight
27705,246,265,MoveRight,1782,265,None
27706,253,265,MoveRight,1782,265,None
27707,260,265,MoveRight,1782,265,None
27708,267,265,MoveRight,1782,265,None
27709,274,265,MoveRight,1782,265,None
27710,281,265,MoveRight,1782,265,None
27711,288,265,MoveRight,1782,265,None
27712,295,265,MoveRight,1782,265,None
27713,302,265,MoveRight,1782,265,None
27714,309,265,MoveRight,1782,265,None
27715,316,265,MoveRight,1782,265,None
27716,323,265,MoveRight,1782,265,None
27717,330,265,MoveRight,1782,265,None
27718,337,265,MoveRight,1782,265,None
27719,344,265,MoveRight,1782,265,None
27720,351,265,MoveRight,1782,265,None
27721,358,265,MoveRight,1782,265,None
27722,365,265,MoveRight,1782,265,None
27723,372,265,MoveRight,1782,265,None
27724,379,265,MoveRight,1782,265,None
27725,386,265,MoveRight,1782,265,None
27726,393,265,MoveRight,1782,265,None
27727,400,265,MoveRight,1782,265,None
27728,407,265,MoveRight,1782,265,None
27729,414,265,MoveRight,1782,265,None
27730,421,265,MoveRight,1782,265,None
27731,428,265,MoveRight,1782,265,None
27732,435,265,MoveRight,1782,265,None
27733,442,265,MoveRight,1782,265,None
27734,449,265,MoveRight,1782,265,None
27735,456,265,MoveRight,1782,265,None
27736,463,265,MoveRight,1782,265,None
27737,470,265,MoveRight,1782,265,None
27738,477,265,MoveRight,1782,265,None
27739,484,265,MoveRight,1782,265,None
27740,491,265,MoveRight,1782,265,None
27741,498,265,MoveRight,1782,265,None
27742,505,265,MoveRight,1782,265,None
27743,512,265,MoveRight,1782,265,None
27744,519,265,MoveRight,1782,265,None
27745,526,265,MoveRight,1782,265,None
27746,533,265,MoveRight,1782,265,None
27747,540,265,MoveRight,1782,265,None
27748,547,265,MoveRight,1782,265,None
27749,554,265,MoveRight,1782,265,None
27750,561,265,MoveRight,1782,265,None
27751,568,265,MoveRight,1782,265,None
27752,575,265,MoveRight,1782,265,None
27753,582,265,MoveRight,1782,265,None
27754,589,265,MoveRight,1782,265,None
27755,596,265,MoveRight,1782,265,None
27756,603,265,MoveRight,1782,265,None
27757,610,265,MoveRight,1782,265,None
27758,617,265,MoveRight,1782,265,None
27759,617,265,None,1782,265,SpikeMedium
27759,624,265,MoveRight,1782,265,None
27759,624,265,None,1782,265,None
27760,631,265,MoveRight,1782,265,None
27761,638,265,MoveRight,1782,265,None
27762,645,265,MoveRight,1782,265,None
27763,652,265,MoveRight,1782,265,None
27764,659,265,MoveRight,1782,265,None
27765,666,265,MoveRight,1782,265,None
27766,673,265,MoveRight,1782,265,None
27767,680,265,MoveRight,1782,265,None
27768,687,265,MoveRight,1782,265,None
27769,694,265,MoveRight,1782,265,None
27770,694,265,None,1775,265,MoveLeft
27771,694,265,None,1768,265,MoveLeft
27772,694,265,None,1761,265,MoveLeft
27773,694,265,None,1754,265,MoveLeft
27774,694,265,None,1747,265,MoveLeft
27775,694,265,None,1740,265,MoveLeft
27776,694,265,None,1733,265,MoveLeft
27777,694,265,None,1733,265,None
27778,694,265,None,1733,265,None
27779,694,265,None,1733,265,None
27780,694,265,None,1733,265,None
27781,694,265,None,1733,265,None
27782,694,265,None,1733,265,None
27783,694,265,None,1733,265,None
27784,694,265,None,1733,265,None
27785,694,265,None,1733,265,None
27786,694,265,None,1733,265,None
27787,694,265,None,1733,265,None
27788,694,265,None,1733,265,None
27789,694,265,None,1733,265,None
27790,694,265,None,1733,265,None
27791,694,265,None,1733,265,None
27792,701,265,MoveRight,1733,265,None
27792,701,265,None,1733,265,None
27793,708,265,MoveRight,1733,265,None
27793,708,265,None,1733,265,None
27794,715,265,MoveRight,1733,265,None
27794,715,265,None,1733,265,None
27795,722,265,MoveRight,1733,265,None
27795,722,265,None,1733,265,None
27796,729,265,MoveRight,1733,265,None
27796,729,265,None,1733,265,None
27797,736,265,MoveRight,1733,265,None
27797,736,265,None,1733,265,None
27798,743,265,MoveRight,1733,265,None
27798,743,265,None,1733,265,None
27799,750,265,MoveRight,1733,265,None
27799,750,265,None,1733,265,None
27800,757,265,MoveRight,1733,265,None
27800,757,265,None,1733,265,None
27801,764,265,MoveRight,1733,265,None
27801,764,265,None,1733,265,None
27802,771,265,MoveRight,1733,265,None
27802,771,265,None,1733,265,None
27803,778,265,MoveRight,1733,265,None
27803,778,265,None,1733,265,None
27804,785,265,MoveRight,1733,265,None
27804,785,265,None,1733,265,None
27805,792,265,MoveRight,1733,265,None
27805,792,265,None,1733,265,None
27806,799,265,MoveRight,1733,265,None
27806,799,265,None,1733,265,None
27807,806,265,MoveRight,1733,265,None
27807,806,265,None,1733,265,None
27808,813,265,MoveRight,1733,265,None
27808,813,265,None,1733,265,None
27809,820,265,MoveRight,1733,265,None
27809,820,265,None,1733,265,None
27810,827,265,MoveRight,1733,265,None
27810,827,265,None,1733,265,None
27811,834,265,MoveRight,1733,265,None
27811,834,265,None,1733,265,None
27812,841,265,MoveRight,1733,265,None
27812,841,265,None,1733,265,None
27813,848,265,MoveRight,1733,265,None
27813,848,265,None,1733,265,None
27814,855,265,MoveRight,1733,265,None
27814,855,265,None,1733,265,None
27815,862,265,MoveRight,1733,265,None
27815,862,265,None,1733,265,None
27816,869,265,MoveRight,1733,265,None
27816,869,265,None,1733,265,None
27817,876,265,MoveRight,1733,265,None
27817,876,265,None,1733,265,None
27818,883,265,MoveRight,1733,265,None
27818,883,265,None,1733,265,None
27819,890,265,MoveRight,1733,265,None
27819,890,265,None,1733,265,None
27820,890,265,None,1733,265,None
27820,890,265,None,1733,265,None
27821,890,265,Bump,1733,265,None
27821,890,265,None,1733,265,None
27821,890,265,None,1733,265,None
27822,890,265,None,1726,265,MoveLeft
27823,890,265,None,1719,265,MoveLeft
27824,890,265,None,1712,265,MoveLeft
27825,890,265,None,1705,265,MoveLeft
27826,890,265,None,1698,265,MoveLeft
27827,890,265,None,1691,265,MoveLeft
27828,890,265,None,1684,265,MoveLeft
27829,890,265,None,1677,265,MoveLeft
27830,890,265,None,1670,265,MoveLeft
27831,890,265,None,1663,265,MoveLeft
27832,890,265,None,1656,265,MoveLeft
27833,890,265,None,1649,265,MoveLeft
27834,890,265,None,1642,265,MoveLeft
27835,890,265,None,1635,265,MoveLeft
27836,890,265,None,1628,265,MoveLeft
27837,890,265,None,1621,265,MoveLeft
27838,890,265,None,1614,265,MoveLeft
27839,890,265,None,1607,265,MoveLeft
27840,890,265,None,1600,265,MoveLeft
27841,897,265,MoveRight,1600,265,None
27841,897,265,None,1593,265,MoveLeft
27842,904,265,MoveRight,1593,265,None
27842,904,265,None,1586,265,MoveLeft
27843,911,265,MoveRight,1586,265,None
27843,911,265,None,1579,265,MoveLeft
27844,918,265,MoveRight,1579,265,None
27844,918,265,None,1572,265,MoveLeft
27845,925,265,MoveRight,1572,265,None
27845,925,265,None,1565,265,MoveLeft
27846,932,265,MoveRight,1565,265,None
27846,932,265,None,1558,265,MoveLeft
27847,939,265,MoveRight,1558,265,None
27847,939,265,None,1551,265,MoveLeft
27848,946,265,MoveRight,1551,265,None
27848,946,265,None,1544,265,MoveLeft
27849,953,265,MoveRight,1544,265,None
27849,953,265,None,1537,265,MoveLeft
27850,960,265,MoveRight,1537,265,None
27850,960,265,None,1530,265,MoveLeft
27851,967,265,MoveRight,1530,265,None
27851,967,265,None,1523,265,MoveLeft
27852,974,265,MoveRight,1523,265,None
27852,974,265,None,1516,265,MoveLeft
27853,981,265,MoveRight,1516,265,None
27853,981,265,None,1509,265,MoveLeft
27854,988,265,MoveRight,1509,265,None
27854,988,265,None,1502,265,MoveLeft
27855,995,265,MoveRight,1502,265,None
27855,995,265,None,1495,265,MoveLeft
27856,1002,265,MoveRight,1495,265,None
27856,1002,265,None,1488,265,MoveLeft
27857,1009,265,MoveRight,1488,265,None
27857,1009,265,None,1481,265,MoveLeft
27858,1016,265,MoveRight,1481,265,None
27858,1016,265,None,1474,265,MoveLeft
27859,1023,265,MoveRight,1474,265,None
27859,1023,265,None,1467,265,MoveLeft
27860,1030,265,MoveRight,1467,265,None
27861,1037,265,MoveRight,1467,265,None
27862,1044,265,MoveRight,1467,265,None
27863,1051,265,MoveRight,1467,265,None
27864,1058,265,MoveRight,1467,265,None
27865,1065,265,MoveRight,1467,265,None
27866,1072,265,MoveRight,1467,265,None
27867,1079,265,MoveRight,1467,265,None
27868,1086,265,MoveRight,1467,265,None
27869,1093,265,MoveRight,1467,265,None
27870,1100,265,MoveRight,1467,265,None
27871,1107,265,MoveRight,1467,265,None
27872,1114,265,MoveRight,1467,265,None
27873,1121,265,MoveRight,1467,265,None
27874,1128,265,MoveRight,1467,265,None
27875,1135,265,MoveRight,1467,265,None
27876,1142,265,MoveRight,1467,265,None
27877,1149,265,MoveRight,1467,265,None
27878,1156,265,MoveRight,1467,265,None
27879,1163,265,MoveRight,1467,265,None
27880,1170,265,MoveRight,1467,265,None
27881,1177,265,MoveRight,1467,265,None
27882,1184,265,MoveRight,1467,265,None
27883,1191,265,MoveRight,1467,265,None
27884,1198,265,MoveRight,1467,265,None
27885,1205,265,MoveRight,1467,265,None
27886,1212,265,MoveRight,1467,265,None
27887,1219,265,MoveRight,1467,265,None
27888,1226,265,MoveRight,1467,265,None
27922,1226,265,None,1467,265,SpikeLight
27922,1226,265,None,1467,265,None
27933,1226,265,None,1474,265,MoveRight
27934,1226,265,None,1481,265,MoveRight
27935,1226,265,None,1488,265,MoveRight
27936,1226,265,None,1495,265,MoveRight
27937,1226,265,None,1502,265,MoveRight
27938,1226,265,None,1509,265,MoveRight
27939,1226,265,None,1516,265,MoveRight
27940,1226,265,None,1523,265,MoveRight
27941,1226,265,None,1530,265,MoveRight
27942,1226,265,None,1537,265,MoveRight
27943,1226,265,None,1544,265,MoveRight
27944,1226,265,None,1551,265,MoveRight
27945,1226,265,None,1558,265,MoveRight
27946,1219,265,MoveLeft,1558,265,None
27946,1219,265,None,1565,265,MoveRight
27947,1212,265,MoveLeft,1565,265,None
27947,1212,265,None,1572,265,MoveRight
27948,1205,265,MoveLeft,1572,265,None
27948,1205,265,None,1579,265,MoveRight
27949,1198,265,MoveLeft,1579,265,None
27949,1198,265,None,1586,265,MoveRight
27950,1191,265,MoveLeft,1586,265,None
27950,1191,265,None,1593,265,MoveRight
27951,1184,265,MoveLeft,1593,265,None
27951,1184,265,None,1600,265,MoveRight
27952,1177,265,MoveLeft,1600,265,None
27952,1177,265,None,1607,265,MoveRight
27953,1170,265,MoveLeft,1607,265,None
27953,1170,265,None,1614,265,MoveRight
27954,1163,265,MoveLeft,1614,265,None
27954,1163,265,None,1621,265,MoveRight
27955,1156,265,MoveLeft,1621,265,None
27955,1156,265,None,1628,265,MoveRight
27956,1156,265,None,1635,265,MoveRight
27957,1156,265,None,1642,265,MoveRight
27958,1156,265,None,1649,265,MoveRight
27959,1156,265,None,1656,265,MoveRight
27960,1156,265,None,1663,265,MoveRight
27961,1156,265,None,1670,265,MoveRight
27962,1156,265,None,1677,265,MoveRight
27963,1156,265,None,1684,265,MoveRight
27964,1156,265,None,1691,265,MoveRight
27965,1156,265,None,1698,265,MoveRight
27966,1156,265,None,1705,265,MoveRight
27967,1156,265,None,1712,265,MoveRight
27968,1156,265,None,1719,265,MoveRight
27969,1156,265,None,1726,265,MoveRight
27970,1156,265,None,1726,265,None
27971,1156,265,None,1726,265,None
27972,1156,265,None,1726,265,None
27973,1156,265,None,1726,265,None
27973,1156,265,None,1726,265,None
27974,1156,265,None,1726,265,None
27975,1156,265,None,1726,265,None
27976,1156,265,None,1726,265,None
27977,1156,265,None,1726,265,None
27978,1156,265,None,1726,265,None
27979,1156,265,None,1726,265,None
27980,1156,265,None,1726,265,None
27981,1156,265,None,1726,265,None
27982,1156,265,None,1726,265,None
27983,1156,265,Set,1726,265,None
27983,1156,265,None,1726,265,None
27983,1156,265,None,1726,265,None
27998,1163,265,MoveRight,1726,265,None
27999,1170,265,MoveRight,1726,265,None
28000,1177,265,MoveRight,1726,265,None
28001,1184,265,MoveRight,1726,265,None
28002,1191,265,MoveRight,1726,265,None
28003,1198,265,MoveRight,1726,265,None
28004,1205,265,MoveRight,1726,265,None
28005,1212,265,MoveRight,1726,265,None
28006,1219,265,MoveRight,1726,265,None
28013,1212,265,MoveLeft,1726,265,None
28014,1205,265,MoveLeft,1726,265,None
28015,1198,265,MoveLeft,1726,265,None
28016,1191,265,MoveLeft,1726,265,None
28017,1184,265,MoveLeft,1726,265,None
28018,1177,265,MoveLeft,1726,265,None
28019,1170,265,MoveLeft,1726,265,None
28020,1163,265,MoveLeft,1726,265,None
28021,1156,265,MoveLeft,1726,265,None
28022,1149,265,MoveLeft,1726,265,None
28032,1142,265,MoveLeft,1726,265,None
28033,1135,265,MoveLeft,1726,265,None
28034,1128,265,MoveLeft,1726,265,None
28035,1121,265,MoveLeft,1726,265,None
28036,1114,265,MoveLeft,1726,265,None
28037,1107,265,MoveLeft,1726,265,None
28038,1100,265,MoveLeft,1726,265,None
28039,1093,265,MoveLeft,1726,265,None
28040,1086,265,MoveLeft,1726,265,None
28069,1086,284.62,None,1726,265,None
28089,1086,490.63,None,1726,265,None
28095,1089.5,549.49,MoveRight,1726,265,None
28096,1093,559.3,MoveRight,1726,265,None
28097,1096.5,569.11,MoveRight,1726,265,None
28098,1100,578.92,MoveRight,1726,265,None
28099,1103.5,569.11,MoveRight,1726,265,None
28100,1107,559.3,MoveRight,1726,265,None
28101,1107,549.49,Spike,1726,265,None
28101,1110.5,549.49,MoveRight,1726,265,None
28115,1114,412.15,MoveRight,1726,265,None
28116,1117.5,402.34,MoveRight,1726,265,None
28117,1157,265,MoveRight,2410,265,None
28118,1164,265,MoveRight,2410,265,None
28119,1171,265,MoveRight,2410,265,None
28120,1178,265,MoveRight,2410,265,None
28121,1185,265,MoveRight,2410,265,None
28122,1192,265,MoveRight,2410,265,None
28123,1199,265,MoveRight,2410,265,None
28124,1206,265,MoveRight,2410,265,None
28125,1213,265,MoveRight,2410,265,None
28126,1220,265,MoveRight,2410,265,None
28127,1227,265,MoveRight,2410,265,None
28128,1234,265,MoveRight,2410,265,None
28129,1241,265,MoveRight,2410,265,None
28130,1248,265,MoveRight,2410,265,None
28167,1248,265,None,2410,265,Serve
28167,1248,265,None,2410,265,None
28187,1248,265,None,2403,265,MoveLeft
28188,1248,265,None,2396,265,MoveLeft
28189,1248,265,None,2389,265,MoveLeft
28190,1248,265,None,2382,265,MoveLeft
28191,1248,265,None,2375,265,MoveLeft
28192,1248,265,None,2368,265,MoveLeft
28193,1248,265,None,2361,265,MoveLeft
28194,1248,265,None,2354,265,MoveLeft
28195,1248,265,None,2347,265,MoveLeft
28196,1248,265,None,2340,265,MoveLeft
28197,1248,265,None,2333,265,MoveLeft
28198,1248,265,None,2326,265,MoveLeft
28199,1248,265,None,2319,265,MoveLeft
28200,1248,265,None,2312,265,MoveLeft
28201,1241,265,MoveLeft,2312,265,None
28201,1241,265,None,2305,265,MoveLeft
28202,1234,265,MoveLeft,2305,265,None
28202,1234,265,None,2298,265,MoveLeft
28203,1227,265,MoveLeft,2298,265,None
28203,1227,265,None,2291,265,MoveLeft
28204,1220,265,MoveLeft,2291,265,None
28204,1220,265,None,2284,265,MoveLeft
28205,1213,265,MoveLeft,2284,265,None
28205,1213,265,None,2277,265,MoveLeft
28206,1206,265,MoveLeft,2277,265,None
28206,1206,265,None,2270,265,MoveLeft
28207,1199,265,MoveLeft,2270,265,None
28207,1199,265,None,2263,265,MoveLeft
28208,1192,265,MoveLeft,2263,265,None
28208,1192,265,None,2256,265,MoveLeft
28209,1185,265,MoveLeft,2256,265,None
28209,1185,265,None,2249,265,MoveLeft
28210,1178,265,MoveLeft,2249,265,None
28210,1178,265,None,2242,265,MoveLeft
28211,1171,265,MoveLeft,2242,265,None
28211,1171,265,None,2235,265,MoveLeft
28212,1164,265,MoveLeft,2235,265,None
28212,1164,265,None,2228,265,MoveLeft
28213,1157,265,MoveLeft,2228,265,None
28213,1157,265,None,2221,265,MoveLeft
28214,1150,265,MoveLeft,2221,265,None
28214,1150,265,None,2214,265,MoveLeft
28215,1143,265,MoveLeft,2214,265,None
28215,1143,265,None,2207,265,MoveLeft
28216,1136,265,MoveLeft,2207,265,None
28216,1136,265,None,2200,265,MoveLeft
28217,1129,265,MoveLeft,2200,265,None
28217,1129,265,None,2193,265,MoveLeft
28218,1122,265,MoveLeft,2193,265,None
28218,1122,265,None,2186,265,MoveLeft
28219,1115,265,MoveLeft,2186,265,None
28219,1115,265,None,2179,265,MoveLeft
28220,1108,265,MoveLeft,2179,265,None
28220,1108,265,None,2172,265,MoveLeft
28221,1101,265,MoveLeft,2172,265,None
28221,1101,265,None,2165,265,MoveLeft
28222,1094,265,MoveLeft,2165,265,None
28222,1094,265,None,2158,265,MoveLeft
28223,1087,265,MoveLeft,2158,265,None
28223,1087,265,None,2151,265,MoveLeft
28224,1080,265,MoveLeft,2151,265,None
28224,1080,265,None,2144,265,MoveLeft
28225,1073,265,MoveLeft,2144,265,None
28225,1073,265,None,2137,265,MoveLeft
28226,1066,265,MoveLeft,2137,265,None
28226,1066,265,None,2130,265,MoveLeft
28227,1059,265,MoveLeft,2130,265,None
28227,1059,265,None,2123,265,MoveLeft
28228,1052,265,MoveLeft,2123,265,None
28228,1052,265,None,2116,265,MoveLeft
28229,1045,265,MoveLeft,2116,265,None
28229,1045,265,None,2109,265,MoveLeft
28230,1038,265,MoveLeft,2109,265,None
28230,1038,265,None,2102,265,MoveLeft
28231,1031,265,MoveLeft,2102,265,None
28231,1031,265,None,2095,265,MoveLeft
28232,1024,265,MoveLeft,2095,265,None
28232,1024,265,None,2088,265,MoveLeft
28233,1017,265,MoveLeft,2088,265,None
28233,1017,265,None,2081,265,MoveLeft
28234,1010,265,MoveLeft,2081,265,None
28234,1010,265,None,2074,265,MoveLeft
28235,1003,265,MoveLeft,2074,265,None
28235,1003,265,None,2067,265,MoveLeft
28236,996,265,MoveLeft,2067,265,None
28236,996,265,None,2060,265,MoveLeft
28237,996,265,Bump,2060,265,None
28237,989,265,MoveLeft,2060,265,None
28237,989,265,None,2053,265,MoveLeft
28238,989,265,None,2046,265,MoveLeft
28239,989,265,None,2039,265,MoveLeft
28240,989,265,None,2032,265,MoveLeft
28241,989,265,None,2025,265,MoveLeft
28242,989,265,None,2018,265,MoveLeft
28243,989,265,None,2011,265,MoveLeft
28244,989,265,None,2004,265,MoveLeft
28245,989,265,None,1997,265,MoveLeft
28246,989,265,None,1990,265,MoveLeft
28247,989,265,None,1983,265,MoveLeft
28248,989,265,None,1976,265,MoveLeft
28249,989,265,None,1969,265,MoveLeft
28250,989,265,None,1962,265,MoveLeft
28251,989,265,None,1955,265,MoveLeft
28252,989,265,None,1948,265,MoveLeft
28253,989,265,None,1941,265,MoveLeft
28254,989,265,None,1934,265,MoveLeft
28255,989,265,None,1927,265,MoveLeft
28256,989,265,None,1920,265,MoveLeft
28257,996,265,MoveRight,1920,265,None
28257,996,265,None,1913,265,MoveLeft
28258,1003,265,MoveRight,1913,265,None
28258,1003,265,None,1906,265,MoveLeft
28259,1010,265,MoveRight,1906,265,None
28259,1010,265,None,1899,265,MoveLeft
28260,1017,265,MoveRight,1899,265,None
28260,1017,265,None,1892,265,MoveLeft
28261,1024,265,MoveRight,1892,265,None
28261,1024,265,None,1885,265,MoveLeft
28262,1031,265,MoveRight,1885,265,None
28262,1031,265,None,1878,265,MoveLeft
28263,1038,265,MoveRight,1878,265,None
28263,1038,265,None,1871,265,MoveLeft
28264,1045,265,MoveRight,1871,265,None
28264,1045,265,None,1864,265,MoveLeft
28265,1052,265,MoveRight,1864,265,None
28265,1052,265,None,1857,265,MoveLeft
28266,1059,265,MoveRight,1857,265,None
28266,1059,265,None,1850,265,MoveLeft
28267,1066,265,MoveRight,1850,265,None
28267,1066,265,None,1843,265,MoveLeft
28268,1073,265,MoveRight,1843,265,None
28268,1073,265,None,1836,265,MoveLeft
28269,1080,265,MoveRight,1836,265,None
28269,1080,265,None,1829,265,MoveLeft
28270,1087,265,MoveRight,1829,265,None
28270,1087,265,None,1822,265,MoveLeft
28271,1094,265,MoveRight,1822,265,None
28271,1094,265,None,1815,265,MoveLeft
28272,1101,265,MoveRight,1815,265,None
28272,1101,265,None,1808,265,MoveLeft
28273,1108,265,MoveRight,1808,265,None
28273,1108,265,None,1801,265,MoveLeft
28274,1115,265,MoveRight,1801,265,None
28274,1115,265,None,1794,265,MoveLeft
28275,1122,265,MoveRight,1794,265,None
28275,1122,265,None,1787,265,MoveLeft
28276,1129,265,MoveRight,1787,265,None
28276,1129,265,None,1780,265,MoveLeft
28277,1136,265,MoveRight,1780,265,None
28277,1136,265,None,1773,265,MoveLeft
28278,1143,265,MoveRight,1773,265,None
28278,1143,265,None,1766,265,MoveLeft
28279,1150,265,MoveRight,1766,265,None
28279,1150,265,None,1759,265,MoveLeft
28280,1157,265,MoveRight,1759,265,None
28280,1157,265,None,1752,265,MoveLeft
28281,1164,265,MoveRight,1752,265,None
28281,1164,265,None,1745,265,MoveLeft
28282,1171,265,MoveRight,1745,265,None
28282,1171,265,None,1738,265,MoveLeft
28283,1178,265,MoveRight,1738,265,None
28283,1178,265,None,1731,265,MoveLeft
28284,1185,265,MoveRight,1731,265,None
28284,1185,265,None,1724,265,MoveLeft
28285,1192,265,MoveRight,1724,265,None
28285,1192,265,None,1717,265,MoveLeft
28286,1199,265,MoveRight,1717,265,None
28286,1199,265,None,1710,265,MoveLeft
28287,1206,265,MoveRight,1710,265,None
28287,1206,265,None,1703,265,MoveLeft
28288,1213,265,MoveRight,1703,265,None
28288,1213,265,None,1696,265,MoveLeft
28289,1220,265,MoveRight,1696,265,None
28289,1220,265,None,1689,265,MoveLeft
28290,1227,265,MoveRight,1689,265,None
28290,1227,265,None,1682,265,MoveLeft
28291,1234,265,MoveRight,1682,265,None
28291,1234,265,None,1675,265,MoveLeft
28292,1241,265,MoveRight,1675,265,None
28292,1241,265,None,1668,265,MoveLeft
28293,1248,265,MoveRight,1668,265,None
28293,1248,265,None,1661,265,MoveLeft
28294,1255,265,MoveRight,1661,265,None
28294,1255,265,None,1654,265,MoveLeft
28295,1262,265,MoveRight,1654,265,None
28295,1262,265,None,1647,265,MoveLeft
28296,1269,265,MoveRight,1647,265,None
28296,1269,265,None,1640,265,MoveLeft
28297,1269,265,None,1633,265,MoveLeft
28298,1269,265,None,1626,265,MoveLeft
28299,1262,265,MoveLeft,1626,265,None
28299,1262,265,None,1619,265,MoveLeft
28300,1255,265,MoveLeft,1619,265,None
28300,1255,265,None,1612,265,MoveLeft
28301,1248,265,MoveLeft,1612,265,None
28301,1248,265,None,1605,265,MoveLeft
28302,1241,265,MoveLeft,1605,265,None
28302,1241,265,None,1598,265,MoveLeft
28303,1234,265,MoveLeft,1598,265,None
28303,1234,265,None,1591,265,MoveLeft
28304,1227,265,MoveLeft,1591,265,None
28304,1227,265,None,1584,265,MoveLeft
28305,1220,265,MoveLeft,1584,265,None
28305,1220,265,None,1577,265,MoveLeft
28306,1213,265,MoveLeft,1577,265,None
28306,1213,265,None,1570,265,MoveLeft
28307,1206,265,MoveLeft,1570,265,None
28307,1206,265,None,1563,265,MoveLeft
28308,1199,265,MoveLeft,1563,265,None
28308,1199,265,None,1556,265,MoveLeft
28309,1192,265,MoveLeft,1556,265,None
28309,1192,265,None,1549,265,MoveLeft
28310,1185,265,MoveLeft,1549,265,None
28310,1185,265,None,1542,265,MoveLeft
28311,1178,265,MoveLeft,1542,265,None
28311,1178,265,None,1535,265,MoveLeft
28312,1171,265,MoveLeft,1535,265,None
28312,1171,265,None,1528,265,MoveLeft
28313,1164,265,MoveLeft,1528,265,None
28313,1164,265,None,1521,265,MoveLeft
28314,1157,265,MoveLeft,1521,265,None
28314,1157,265,None,1514,265,MoveLeft
28315,1150,265,MoveLeft,1514,265,None
28315,1150,265,None,1507,265,MoveLeft
28316,1143,265,MoveLeft,1507,265,None
28316,1143,265,None,1500,265,MoveLeft
28317,1136,265,MoveLeft,1500,265,None
28317,1136,265,None,1493,265,MoveLeft
28318,1129,265,MoveLeft,1493,265,None
28318,1129,265,None,1486,265,MoveLeft
28319,1122,265,MoveLeft,1486,265,None
28319,1122,265,None,1479,265,MoveLeft
28320,1115,265,MoveLeft,1479,265,None
28321,1108,265,MoveLeft,1479,265,None
28322,1101,265,MoveLeft,1479,265,None
28323,1094,265,MoveLeft,1479,265,None
28324,1087,265,MoveLeft,1479,265,None
28325,1080,265,MoveLeft,1479,265,None
28336,1080,265,None,1479,265,SpikeLight
28336,1080,265,None,1479,265,None
28346,1080,265,None,1486,265,MoveRight
28347,1080,265,None,1493,265,MoveRight
28348,1080,265,None,1500,265,MoveRight
28349,1080,265,None,1507,265,MoveRight
28350,1080,265,None,1514,265,MoveRight
28351,1080,265,None,1521,265,MoveRight
28352,1080,265,None,1528,265,MoveRight
28353,1080,265,None,1535,265,MoveRight
28354,1080,265,None,1542,265,MoveRight
28355,1080,265,None,1549,265,MoveRight
28356,1080,265,None,1556,265,MoveRight
28357,1080,265,None,1563,265,MoveRight
28358,1080,265,None,1570,265,MoveRight
28359,1080,265,None,1577,265,MoveRight
28360,1080,265,None,1584,265,MoveRight
28361,1080,265,None,1591,265,MoveRight
28362,1080,265,None,1598,265,MoveRight
28363,1080,265,None,1605,265,MoveRight
28364,1080,265,None,1612,265,MoveRight
28365,1080,265,None,1619,265,MoveRight
28366,1080,265,None,1626,265,MoveRight
28367,1080,265,None,1633,265,MoveRight
28368,1080,265,None,1640,265,MoveRight
28369,1080,265,None,1647,265,MoveRight
28370,1080,265,None,1654,265,MoveRight
28371,1080,265,None,1661,265,MoveRight
28372,1080,265,None,1668,265,MoveRight
28373,1080,265,None,1675,265,MoveRight
28374,1080,265,None,1682,265,MoveRight
28375,1080,265,None,1689,265,MoveRight
28376,1080,265,None,1696,265,MoveRight
28377,1080,265,None,1703,265,MoveRight
28378,1080,265,None,1710,265,MoveRight
28379,1080,265,None,1717,265,MoveRight
28380,1080,265,None,1724,265,MoveRight
28381,1080,265,None,1724,265,None
28382,1080,265,None,1724,265,None
28383,1080,265,None,1724,265,None
28384,1080,265,None,1724,265,None
28385,1080,265,None,1724,265,None
28386,1080,265,None,1724,265,None
28387,1080,265,None,1724,265,None
28388,1080,265,None,1724,265,None
28389,1080,265,None,1724,265,None
28390,1087,265,MoveRight,1724,265,None
28390,1087,265,None,1724,265,None
28391,1094,265,MoveRight,1724,265,None
28391,1094,265,None,1724,265,None
28392,1101,265,MoveRight,1724,265,None
28392,1101,265,None,1724,265,None
28393,1108,265,MoveRight,1724,265,None
28393,1108,265,None,1724,265,None
28394,1108,265,Bump,1724,265,None
28394,1115,265,MoveRight,1724,265,None
28394,1115,265,None,1724,265,None
28395,1115,265,None,1717,265,MoveLeft
28396,1115,265,None,1710,265,MoveLeft
28397,1115,265,None,1703,265,MoveLeft
28398,1115,265,None,1696,265,MoveLeft
28399,1115,265,None,1689,265,MoveLeft
28400,1115,265,None,1682,265,MoveLeft
28401,1115,265,None,1675,265,MoveLeft
28402,1115,265,None,1668,265,MoveLeft
28403,1115,265,None,1661,265,MoveLeft
28413,1122,265,MoveRight,1661,265,None
28423,1129,265,MoveRight,1661,265,None
28424,1136,265,MoveRight,1661,265,None
28425,1143,265,MoveRight,1661,265,None
28426,1150,265,MoveRight,1661,265,None
28427,1157,265,MoveRight,1661,265,None
28428,1164,265,MoveRight,1661,265,None
28429,1171,265,MoveRight,1661,265,None
28430,1178,265,MoveRight,1661,265,None
28431,1185,265,MoveRight,1661,265,None
28432,1192,265,MoveRight,1661,265,None
28433,1199,265,MoveRight,1661,265,None
28434,1206,265,MoveRight,1661,265,None
28435,1213,265,MoveRight,1661,265,None
28436,1220,265,MoveRight,1661,265,None
28437,1227,265,MoveRight,1661,265,None
28438,1234,265,MoveRight,1661,265,None
28439,1241,265,MoveRight,1661,265,None
28440,1248,265,MoveRight,1661,265,None
28448,1241,265,MoveLeft,1661,265,None
28449,1234,265,MoveLeft,1661,265,None
28450,1227,265,MoveLeft,1661,265,None
28451,1220,265,MoveLeft,1661,265,None
28452,1213,265,MoveLeft,1661,265,None
28453,1206,265,MoveLeft,1661,265,None
28454,1199,265,MoveLeft,1661,265,None
28455,1192,265,MoveLeft,1661,265,None
28456,1185,265,MoveLeft,1661,265,None
28457,1178,265,MoveLeft,1661,265,None
28458,1171,265,MoveLeft,1661,265,None
28459,1164,265,MoveLeft,1661,265,None
28460,1157,265,MoveLeft,1661,265,None
28461,1150,265,MoveLeft,1661,265,None
28462,1143,265,MoveLeft,1661,265,None
28463,1136,265,MoveLeft,1661,265,None
28464,1129,265,MoveLeft,1661,265,None
28494,1129,265,None,1661,265,SpikeMedium
28494,1129,265,None,1661,265,None
28505,1129,265,None,1668,265,MoveRight
28506,1129,265,None,1675,265,MoveRight
28507,1129,265,None,1682,265,MoveRight
28508,1129,265,None,1689,265,MoveRight
28509,1129,265,None,1696,265,MoveRight
28510,1129,265,None,1703,265,MoveRight
28511,1129,265,None,1710,265,MoveRight
28512,1129,265,None,1717,265,MoveRight
28513,1129,265,None,1724,265,MoveRight
28514,1129,265,None,1724,265,None
28515,1129,265,None,1724,265,None
28516,1129,265,None,1724,265,None
28517,1122,265,MoveLeft,1724,265,None
28517,1122,265,None,1724,265,None
28518,1115,265,MoveLeft,1724,265,None
28518,1115,265,None,1724,265,None
28519,1108,265,MoveLeft,1724,265,None
28519,1108,265,None,1724,265,None
28520,1101,265,MoveLeft,1724,265,None
28520,1101,265,None,1724,265,None
28521,1094,265,MoveLeft,1724,265,None
28521,1094,265,None,1724,265,None
28522,1087,265,MoveLeft,1724,265,None
28522,1087,265,None,1724,265,None
28523,1080,265,MoveLeft,1724,265,None
28523,1080,265,None,1724,265,None
28524,1073,265,MoveLeft,1724,265,None
28524,1073,265,None,1724,265,None
28525,1066,265,MoveLeft,1724,265,None
28525,1066,265,None,1724,265,None
28526,1059,265,MoveLeft,1724,265,None
28526,1059,265,None,1724,265,None
28527,1052,265,MoveLeft,1724,265,None
28527,1052,265,None,1724,265,None
28528,1045,265,MoveLeft,1724,265,None
28528,1045,265,None,1724,265,None
28529,1038,265,MoveLeft,1724,265,None
28529,1038,265,None,1724,265,None
28530,1031,265,MoveLeft,1724,265,None
28530,1031,265,None,1724,265,None
28531,1024,265,MoveLeft,1724,265,None
28531,1024,265,None,1724,265,None
28532,1017,265,MoveLeft,1724,265,None
28532,1017,265,None,1724,265,None
28533,1010,265,MoveLeft,1724,265,None
28533,1010,265,None,1724,265,None
28534,1003,265,MoveLeft,1724,265,None
28534,1003,265,None,1724,265,None
28535,996,265,MoveLeft,1724,265,None
28535,996,265,None,1724,265,None
28536,989,265,MoveLeft,1724,265,None
28536,989,265,None,1724,265,None
28537,982,265,MoveLeft,1724,265,None
28537,982,265,None,1724,265,None
28538,975,265,MoveLeft,1724,265,None
28538,975,265,None,1724,265,None
28539,968,265,MoveLeft,1724,265,None
28539,968,265,None,1724,265,None
28540,961,265,MoveLeft,1724,265,None
28540,961,265,None,1724,265,None
28541,954,265,MoveLeft,1724,265,None
28541,954,265,None,1724,265,None
28542,947,265,MoveLeft,1724,265,None
28542,947,265,None,1724,265,None
28543,940,265,MoveLeft,1724,265,None
28543,940,265,None,1724,265,None
28544,933,265,MoveLeft,1724,265,None
28544,933,265,None,1724,265,None
28545,926,265,MoveLeft,1724,265,None
28545,926,265,None,1724,265,None
28546,919,265,MoveLeft,1724,265,None
28546,919,265,None,1724,265,None
28547,912,265,MoveLeft,1724,265,None
28547,912,265,None,1724,265,None
28548,905,265,MoveLeft,1724,265,None
28548,905,265,None,1724,265,None
28549,898,265,MoveLeft,1724,265,None
28549,898,265,None,1724,265,None
28550,891,265,MoveLeft,1724,265,None
28550,891,265,None,1724,265,None
28551,884,265,MoveLeft,1724,265,None
28551,884,265,None,1724,265,None
28552,877,265,MoveLeft,1724,265,None
28552,877,265,None,1724,265,None
28553,870,265,MoveLeft,1724,265,None
28553,870,265,None,1724,265,None
28554,870,265,Bump,1724,265,None
28554,863,265,MoveLeft,1724,265,None
28554,863,265,None,1724,265,None
28573,870,265,MoveRight,1724,265,None
28574,877,265,MoveRight,1724,265,None
28575,884,265,MoveRight,1724,265,None
28576,891,265,MoveRight,1724,265,None
28577,898,265,MoveRight,1724,265,None
28578,905,265,MoveRight,1724,265,None
28579,912,265,MoveRight,1724,265,None
28580,919,265,MoveRight,1724,265,None
28581,926,265,MoveRight,1724,265,None
28582,933,265,MoveRight,1724,265,None
28583,940,265,MoveRight,1724,265,None
28584,947,265,MoveRight,1724,265,None
28585,954,265,MoveRight,1724,265,None
28586,961,265,MoveRight,1724,265,None
28587,968,265,MoveRight,1724,265,None
28588,975,265,MoveRight,1724,265,None
28589,982,265,MoveRight,1724,265,None
28590,989,265,MoveRight,1724,265,None
28591,996,265,MoveRight,1724,265,None
28592,1003,265,MoveRight,1724,265,None
28593,1010,265,MoveRight,1724,265,None
28594,1017,265,MoveRight,1724,265,None
28595,1024,265,MoveRight,1724,265,None
28596,1031,265,MoveRight,1724,265,None
28597,1038,265,MoveRight,1724,265,None
28598,1045,265,MoveRight,1724,265,None
28599,1052,265,MoveRight,1724,265,None
28600,1059,265,MoveRight,1724,265,None
28601,1066,265,MoveRight,1724,265,None
28602,1073,265,MoveRight,1724,265,None
28603,1080,265,MoveRight,1724,265,None
28604,1087,265,MoveRight,1724,265,None
28605,1094,265,MoveRight,1724,265,None
28606,1101,265,MoveRight,1724,265,None
28607,1108,265,MoveRight,1724,265,None
28608,1115,265,MoveRight,1724,265,None
28609,1122,265,MoveRight,1724,265,None
28610,1129,265,MoveRight,1724,265,None
28611,1136,265,MoveRight,1724,265,None
28612,1143,265,MoveRight,1724,265,None
28613,1150,265,MoveRight,1724,265,None
28614,1157,265,MoveRight,1724,265,None
28615,1164,265,MoveRight,1724,265,None
28616,1171,265,MoveRight,1724,265,None
28617,1178,265,MoveRight,1724,265,None
28618,1185,265,MoveRight,1724,265,None
28619,1192,265,MoveRight,1724,265,None
28620,1199,265,MoveRight,1724,265,None
28621,1206,265,MoveRight,1724,265,None
28622,1213,265,MoveRight,1724,265,None
28623,1220,265,MoveRight,1724,265,None
28624,1227,265,MoveRight,1724,265,None
28625,1234,265,MoveRight,1724,265,None
28626,1241,265,MoveRight,1724,265,None
28627,1248,265,MoveRight,1724,265,None
28628,1255,265,MoveRight,1724,265,None
28629,1262,265,MoveRight,1724,265,None
28630,1269,265,MoveRight,1724,265,None
28638,1269,265,Set,1724,265,None
28638,1269,265,None,1724,265,None
28675,1262,265,MoveLeft,1724,265,None
28676,1255,265,MoveLeft,1724,265,None
28677,1248,265,MoveLeft,1724,265,None
28678,1241,265,MoveLeft,1724,265,None
28679,1234,265,MoveLeft,1724,265,None
28680,1227,265,MoveLeft,1724,265,None
28681,1220,265,MoveLeft,1724,265,None
28682,1213,265,MoveLeft,1724,265,None
28683,1206,265,MoveLeft,1724,265,None
28684,1199,265,MoveLeft,1724,265,None
28703,1206,265,MoveRight,1724,265,None
28704,1213,265,MoveRight,1724,265,None
28705,1220,265,MoveRight,1724,265,None
28706,1227,265,MoveRight,1724,265,None
28707,1234,265,MoveRight,1724,265,None
28708,1241,265,MoveRight,1724,265,None
28709,1248,265,MoveRight,1724,265,None
28710,1255,265,MoveRight,1724,265,None
28721,1262,265,MoveRight,1724,265,None
28722,1265.5,284.62,MoveRight,1724,265,None
28723,1269,304.24,MoveRight,1724,265,None
28724,1272.5,314.05,MoveRight,1724,265,None
28725,1276,323.86,MoveRight,1724,265,None
28726,1279.5,333.67,MoveRight,1724,265,None
28727,1283,343.48,MoveRight,1724,265,None
28728,1286.5,353.29,MoveRight,1724,265,None
28729,1290,363.1,MoveRight,1724,265,None
28741,1286.5,480.82,MoveLeft,1724,265,None
28742,1283,490.63,MoveLeft,1724,265,None
28743,1279.5,500.44,MoveLeft,1724,265,None
28744,1276,510.25,MoveLeft,1724,265,None
28745,1276,500.44,Spike,1724,265,None
28745,1272.5,520.06,MoveLeft,1724,265,None
28746,1272.5,529.87,None,1717,265,MoveLeft
28747,1272.5,539.68,None,1710,265,MoveLeft
28748,1272.5,549.49,None,1703,265,MoveLeft
28749,1272.5,559.3,None,1696,265,MoveLeft
28750,1272.5,569.11,None,1689,265,MoveLeft
28751,1272.5,578.92,None,1682,265,MoveLeft
28752,1272.5,569.11,None,1675,265,MoveLeft
28753,1272.5,559.3,None,1668,265,MoveLeft
28754,1272.5,549.49,None,1661,265,MoveLeft
28755,1272.5,539.68,None,1654,265,MoveLeft
28758,337,265,MoveRight,1490,265,None
28759,344,265,MoveRight,1490,265,None
28760,351,265,MoveRight,1490,265,None
28761,358,265,MoveRight,1490,265,None
28762,365,265,MoveRight,1490,265,None
28763,372,265,MoveRight,1490,265,None
28764,379,265,MoveRight,1490,265,None
28765,386,265,MoveRight,1490,265,None
28766,393,265,MoveRight,1490,265,None
28767,400,265,MoveRight,1490,265,None
28768,407,265,MoveRight,1490,265,None
28769,414,265,MoveRight,1490,265,None
28770,421,265,MoveRight,1490,265,None
28771,428,265,MoveRight,1490,265,None
28772,435,265,MoveRight,1490,265,None
28773,442,265,MoveRight,1490,265,None
28774,449,265,MoveRight,1490,265,None
28777,442,265,MoveLeft,1490,265,None
28778,435,265,MoveLeft,1490,265,None
28779,428,265,MoveLeft,1490,265,None
28780,421,265,MoveLeft,1490,265,None
28781,414,265,MoveLeft,1490,265,None
28782,407,265,MoveLeft,1490,265,None
28783,400,265,MoveLeft,1490,265,None
28784,393,265,MoveLeft,1490,265,None
28785,386,265,MoveLeft,1490,265,None
28786,379,265,MoveLeft,1490,265,None
28787,372,265,MoveLeft,1490,265,None
28795,379,265,MoveRight,1490,265,None
28796,386,265,MoveRight,1490,265,None
28797,393,265,MoveRight,1490,265,None
28798,400,265,MoveRight,1490,265,None
28799,407,265,MoveRight,1490,265,None
28800,414,265,MoveRight,1490,265,None
28801,421,265,MoveRight,1490,265,None
28802,428,265,MoveRight,1490,265,None
28803,435,265,MoveRight,1490,265,None
28804,442,265,MoveRight,1490,265,None
28805,449,265,MoveRight,1490,265,None
28811,449,265,Serve,1490,265,None
28811,449,265,None,1490,265,None
28812,449,265,None,1497,265,MoveRight
28813,449,265,None,1504,265,MoveRight
28814,449,265,None,1511,265,MoveRight
28815,449,265,None,1518,265,MoveRight
28816,449,265,None,1525,265,MoveRight
28817,449,265,None,1532,265,MoveRight
28818,449,265,None,1539,265,MoveRight
28819,449,265,None,1546,265,MoveRight
28820,449,265,None,1553,265,MoveRight
28821,449,265,None,1560,265,MoveRight
28822,449,265,None,1567,265,MoveRight
28823,449,265,None,1574,265,MoveRight
28824,449,265,None,1581,265,MoveRight
28825,449,265,None,1588,265,MoveRight
28826,449,265,None,1595,265,MoveRight
28827,449,265,None,1602,265,MoveRight
28828,449,265,None,1609,265,MoveRight
28829,449,265,None,1616,265,MoveRight
28830,456,265,MoveRight,1616,265,None
28830,456,265,None,1623,265,MoveRight
28831,463,265,MoveRight,1623,265,None
28831,463,265,None,1630,265,MoveRight
28832,470,265,MoveRight,1630,265,None
28832,470,265,None,1637,265,MoveRight
28833,477,265,MoveRight,1637,265,None
28833,477,265,None,1644,265,MoveRight
28834,484,265,MoveRight,1644,265,None
28834,484,265,None,1651,265,MoveRight
28835,491,265,MoveRight,1651,265,None
28835,491,265,None,1658,265,MoveRight
28836,498,265,MoveRight,1658,265,None
28836,498,265,None,1665,265,MoveRight
28837,505,265,MoveRight,1665,265,None
28837,505,265,None,1672,265,MoveRight
28838,512,265,MoveRight,1672,265,None
28838,512,265,None,1679,265,MoveRight
28839,519,265,MoveRight,1679,265,None
28839,519,265,None,1686,265,MoveRight
28840,526,265,MoveRight,1686,265,None
28840,526,265,None,1693,265,MoveRight
28841,533,265,MoveRight,1693,265,None
28841,533,265,None,1700,265,MoveRight
28842,540,265,MoveRight,1700,265,None
28842,540,265,None,1707,265,MoveRight
28843,547,265,MoveRight,1707,265,None
28843,547,265,None,1714,265,MoveRight
28844,554,265,MoveRight,1714,265,None
28844,554,265,None,1721,265,MoveRight
28845,561,265,MoveRight,1721,265,None
28845,561,265,None,1728,265,MoveRight
28846,568,265,MoveRight,1728,265,None
28846,568,265,None,1735,265,MoveRight
28847,575,265,MoveRight,1735,265,None
28847,575,265,None,1742,265,MoveRight
28848,582,265,MoveRight,1742,265,None
28848,582,265,None,1749,265,MoveRight
28849,589,265,MoveRight,1749,265,None
28849,589,265,None,1756,265,MoveRight
28850,596,265,MoveRight,1756,265,None
28850,596,265,None,1763,265,MoveRight
28851,603,265,MoveRight,1763,265,None
28851,603,265,None,1770,265,MoveRight
28852,610,265,MoveRight,1770,265,None
28852,610,265,None,1777,265,MoveRight
28853,617,265,MoveRight,1777,265,None
28853,617,265,None,1784,265,MoveRight
28854,624,265,MoveRight,1784,265,None
28854,624,265,None,1791,265,MoveRight
28855,631,265,MoveRight,1791,265,None
28855,631,265,None,1798,265,MoveRight
28856,638,265,MoveRight,1798,265,None
28856,638,265,None,1805,265,MoveRight
28857,645,265,MoveRight,1805,265,None
28857,645,265,None,1812,265,MoveRight
28858,652,265,MoveRight,1812,265,None
28858,652,265,None,1819,265,MoveRight
28859,659,265,MoveRight,1819,265,None
28859,659,265,None,1826,265,MoveRight
28860,666,265,MoveRight,1826,265,None
28860,666,265,None,1833,265,MoveRight
28861,673,265,MoveRight,1833,265,None
28861,673,265,None,1840,265,MoveRight
28862,680,265,MoveRight,1840,265,None
28862,680,265,None,1847,265,MoveRight
28863,687,265,MoveRight,1847,265,None
28863,687,265,None,1854,265,MoveRight
28864,694,265,MoveRight,1854,265,None
28864,694,265,None,1861,265,MoveRight
28865,701,265,MoveRight,1861,265,None
28865,701,265,None,1868,265,MoveRight
28866,708,265,MoveRight,1868,265,None
28866,708,265,None,1875,265,MoveRight
28867,715,265,MoveRight,1875,265,None
28867,715,265,None,1882,265,MoveRight
28868,722,265,MoveRight,1882,265,None
28868,722,265,None,1889,265,MoveRight
28869,729,265,MoveRight,1889,265,None
28869,729,265,None,1896,265,MoveRight
28870,736,265,MoveRight,1896,265,None
28870,736,265,None,1903,265,MoveRight
28871,743,265,MoveRight,1903,265,None
28871,743,265,None,1910,265,MoveRight
28872,750,265,MoveRight,1910,265,None
28872,750,265,None,1917,265,MoveRight
28873,757,265,MoveRight,1917,265,None
28873,757,265,None,1924,265,MoveRight
28874,764,265,MoveRight,1924,265,None
28874,764,265,None,1931,265,MoveRight
28875,771,265,MoveRight,1931,265,None
28875,771,265,None,1938,265,MoveRight
28876,778,265,MoveRight,1938,265,None
28876,778,265,None,1945,265,MoveRight
28877,785,265,MoveRight,1945,265,None
28877,785,265,None,1952,265,MoveRight
28878,792,265,MoveRight,1952,265,None
28878,792,265,None,1959,265,MoveRight
28879,799,265,MoveRight,1959,265,None
28879,799,265,None,1966,265,MoveRight
28880,806,265,MoveRight,1966,265,None
28880,806,265,None,1973,265,MoveRight
28881,813,265,MoveRight,1973,265,None
28881,813,265,None,1980,265,MoveRight
28882,820,265,MoveRight,1980,265,None
28882,820,265,None,1987,265,MoveRight
28883,827,265,MoveRight,1987,265,None
28883,827,265,None,1994,265,MoveRight
28884,834,265,MoveRight,1994,265,None
28885,834,265,None,1994,265,SpikeMedium
28885,841,265,MoveRight,1994,265,None
28885,841,265,None,1994,265,None
28886,848,265,MoveRight,1994,265,None
28887,855,265,MoveRight,1994,265,None
28888,862,265,MoveRight,1994,265,None
28889,869,265,MoveRight,1994,265,None
28890,876,265,MoveRight,1994,265,None
28891,883,265,MoveRight,1994,265,None
28892,890,265,MoveRight,1994,265,None
28893,897,265,MoveRight,1994,265,None
28894,904,265,MoveRight,1994,265,None
28895,911,265,MoveRight,1994,265,None
28895,911,265,None,1987,265,MoveLeft
28896,918,265,MoveRight,1987,265,None
28896,918,265,None,1980,265,MoveLeft
28897,925,265,MoveRight,1980,265,None
28897,925,265,None,1973,265,MoveLeft
28898,932,265,MoveRight,1973,265,None
28898,932,265,None,1966,265,MoveLeft
28899,939,265,MoveRight,1966,265,None
28899,939,265,None,1959,265,MoveLeft
28900,939,265,None,1952,265,MoveLeft
28901,939,265,None,1945,265,MoveLeft
28902,939,265,None,1938,265,MoveLeft
28903,939,265,None,1931,265,MoveLeft
28904,939,265,None,1924,265,MoveLeft
28905,939,265,None,1917,265,MoveLeft
28906,939,265,None,1910,265,MoveLeft
28907,939,265,None,1903,265,MoveLeft
28908,939,265,None,1896,265,MoveLeft
28909,932,265,MoveLeft,1896,265,None
28909,932,265,None,1889,265,MoveLeft
28910,925,265,MoveLeft,1889,265,None
28910,925,265,None,1882,265,MoveLeft
28911,918,265,MoveLeft,1882,265,None
28911,918,265,None,1875,265,MoveLeft
28912,911,265,MoveLeft,1875,265,None
28912,911,265,None,1868,265,MoveLeft
28913,904,265,MoveLeft,1868,265,None
28913,904,265,None,1861,265,MoveLeft
28914,897,265,MoveLeft,1861,265,None
28914,897,265,None,1854,265,MoveLeft
28915,890,265,MoveLeft,1854,265,None
28915,890,265,None,1847,265,MoveLeft
28916,890,265,None,1840,265,MoveLeft
28917,890,265,None,1833,265,MoveLeft
28918,890,265,None,1826,265,MoveLeft
28919,890,265,None,1819,265,MoveLeft
28920,890,265,None,1812,265,MoveLeft
28921,890,265,None,1805,265,MoveLeft
28922,890,265,None,1798,265,MoveLeft
28923,890,265,None,1791,265,MoveLeft
28924,890,265,None,1784,265,MoveLeft
28925,890,265,None,1777,265,MoveLeft
28926,890,265,None,1770,265,MoveLeft
28927,890,265,None,1763,265,MoveLeft
28928,890,265,None,1756,265,MoveLeft
28929,890,265,None,1749,265,MoveLeft
28930,890,265,None,1742,265,MoveLeft
28931,890,265,None,1735,265,MoveLeft
28932,890,265,None,1735,265,None
28933,890,265,None,1735,265,None
28934,890,265,None,1735,265,None
28935,890,265,None,1735,265,None
28936,897,265,MoveRight,1735,265,None
28936,897,265,None,1735,265,None
28937,904,265,MoveRight,1735,265,None
28937,904,265,None,1735,265,None
28938,911,265,MoveRight,1735,265,None
28938,911,265,None,1735,265,None
28939,918,265,MoveRight,1735,265,None
28939,918,265,None,1735,265,None
28940,925,265,MoveRight,1735,265,None
28940,925,265,None,1735,265,None
28941,932,265,MoveRight,1735,265,None
28941,932,265,None,1735,265,None
28942,939,265,MoveRight,1735,265,None
28942,939,265,None,1735,265,None
28943,946,265,MoveRight,1735,265,None
28943,946,265,None,1735,265,None
28944,953,265,MoveRight,1735,265,None
28944,953,265,None,1735,265,None
28945,960,265,MoveRight,1735,265,None
28945,960,265,None,1735,265,None
28946,967,265,MoveRight,1735,265,None
28946,967,265,None,1735,265,None
28947,974,265,MoveRight,1735,265,None
28947,974,265,None,1735,265,None
28948,981,265,MoveRight,1735,265,None
28948,981,265,None,1735,265,None
28949,988,265,MoveRight,1735,265,None
28949,988,265,None,1735,265,None
28950,995,265,MoveRight,1735,265,None
28950,995,265,None,1735,265,None
28951,1002,265,MoveRight,1735,265,None
28951,1002,265,None,1735,265,None
28952,1009,265,MoveRight,1735,265,None
28952,1009,265,None,1735,265,None
28953,1016,265,MoveRight,1735,265,None
28953,1016,265,None,1735,265,None
28954,1323,265,MoveLeft,2410,265,None
28955,1316,265,MoveLeft,2410,265,None
28956,1309,265,MoveLeft,2410,265,None
28957,1302,265,MoveLeft,2410,265,None
28958,1295,265,MoveLeft,2410,265,None
28959,1288,265,MoveLeft,2410,265,None
28960,1281,265,MoveLeft,2410,265,None
28961,1274,265,MoveLeft,2410,265,None
28962,1267,265,MoveLeft,2410,265,None
28963,1274,265,MoveRight,2410,265,None
28964,1281,265,MoveRight,2410,265,None
28965,1288,265,MoveRight,2410,265,None
28966,1295,265,MoveRight,2410,265,None
28967,1302,265,MoveRight,2410,265,None
28968,1309,265,MoveRight,2410,265,None
28969,1316,265,MoveRight,2410,265,None
28970,1323,265,MoveRight,2410,265,None
28971,1330,265,MoveRight,2410,265,None
28972,1337,265,MoveRight,2410,265,None
28973,1344,265,MoveRight,2410,265,None
28974,1351,265,MoveRight,2410,265,None
28975,1358,265,MoveRight,2410,265,None
28976,1365,265,MoveRight,2410,265,None
29004,1365,265,None,2410,265,Serve
29004,1365,265,None,2410,265,None
29024,1365,265,None,2403,265,MoveLeft
29025,1365,265,None,2396,265,MoveLeft
29026,1365,265,None,2389,265,MoveLeft
29027,1365,265,None,2382,265,MoveLeft
29028,1365,265,None,2375,265,MoveLeft
29029,1365,265,None,2368,265,MoveLeft
29030,1326,265,None,2361,265,MoveLeft
29031,1319,265,MoveLeft,2361,265,None
29031,1319,265,None,2354,265,MoveLeft
29032,1312,265,MoveLeft,2354,265,None
29032,1312,265,None,2347,265,MoveLeft
29033,1305,265,MoveLeft,2347,265,None
29033,1305,265,None,2340,265,MoveLeft
29034,1298,265,MoveLeft,2340,265,None
29034,1298,265,None,2333,265,MoveLeft
29035,1291,265,MoveLeft,2333,265,None
29035,1291,265,None,2326,265,MoveLeft
29036,1284,265,MoveLeft,2326,265,None
29036,1284,265,None,2319,265,MoveLeft
29037,1277,265,MoveLeft,2319,265,None
29037,1277,265,None,2312,265,MoveLeft
29038,1270,265,MoveLeft,2312,265,None
29038,1270,265,None,2305,265,MoveLeft
29039,1263,265,MoveLeft,2305,265,None
29039,1263,265,None,2298,265,MoveLeft
29040,1256,265,MoveLeft,2298,265,None
29040,1256,265,None,2291,265,MoveLeft
29041,1249,265,MoveLeft,2291,265,None
29041,1249,265,None,2284,265,MoveLeft
29042,1242,265,MoveLeft,2284,265,None
29042,1242,265,None,2277,265,MoveLeft
29043,1235,265,MoveLeft,2277,265,None
29043,1235,265,None,2270,265,MoveLeft
29044,1228,265,MoveLeft,2270,265,None
29044,1228,265,None,2263,265,MoveLeft
29045,1221,265,MoveLeft,2263,265,None
29045,1221,265,None,2256,265,MoveLeft
29046,1214,265,MoveLeft,2256,265,None
29046,1214,265,None,2249,265,MoveLeft
29047,1207,265,MoveLeft,2249,265,None
29047,1207,265,None,2242,265,MoveLeft
29048,1200,265,MoveLeft,2242,265,None
29048,1200,265,None,2235,265,MoveLeft
29049,1193,265,MoveLeft,2235,265,None
29049,1193,265,None,2228,265,MoveLeft
29050,1186,265,MoveLeft,2228,265,None
29050,1186,265,None,2221,265,MoveLeft
29051,1179,265,MoveLeft,2221,265,None
29051,1179,265,None,2214,265,MoveLeft
29052,1172,265,MoveLeft,2214,265,None
29052,1172,265,None,2207,265,MoveLeft
29053,1165,265,MoveLeft,2207,265,None
29053,1165,265,None,2200,265,MoveLeft
29054,1158,265,MoveLeft,2200,265,None
29054,1158,265,None,2193,265,MoveLeft
29055,1151,265,MoveLeft,2193,265,None
29055,1151,265,None,2186,265,MoveLeft
29056,1144,265,MoveLeft,2186,265,None
29056,1144,265,None,2179,265,MoveLeft
29057,1137,265,MoveLeft,2179,265,None
29057,1137,265,None,2172,265,MoveLeft
29058,1130,265,MoveLeft,2172,265,None
29058,1130,265,None,2165,265,MoveLeft
29059,1123,265,MoveLeft,2165,265,None
29059,1123,265,None,2158,265,MoveLeft
29060,1116,265,MoveLeft,2158,265,None
29060,1116,265,None,2151,265,MoveLeft
29061,1109,265,MoveLeft,2151,265,None
29061,1109,265,None,2144,265,MoveLeft
29062,1102,265,MoveLeft,2144,265,None
29062,1102,265,None,2137,265,MoveLeft
29063,1095,265,MoveLeft,2137,265,None
29063,1095,265,None,2130,265,MoveLeft
29064,1088,265,MoveLeft,2130,265,None
29064,1088,265,None,2123,265,MoveLeft
29065,1081,265,MoveLeft,2123,265,None
29065,1081,265,None,2116,265,MoveLeft
29066,1074,265,MoveLeft,2116,265,None
29066,1074,265,None,2109,265,MoveLeft
29067,1067,265,MoveLeft,2109,265,None
29067,1067,265,None,2102,265,MoveLeft
29068,1060,265,MoveLeft,2102,265,None
29068,1060,265,None,2095,265,MoveLeft
29069,1053,265,MoveLeft,2095,265,None
29069,1053,265,None,2088,265,MoveLeft
29070,1046,265,MoveLeft,2088,265,None
29070,1046,265,None,2081,265,MoveLeft
29071,1039,265,MoveLeft,2081,265,None
29071,1039,265,None,2074,265,MoveLeft
29072,1032,265,MoveLeft,2074,265,None
29072,1032,265,None,2067,265,MoveLeft
29073,1025,265,MoveLeft,2067,265,None
29073,1025,265,None,2060,265,MoveLeft
29074,1025,265,Bump,2060,265,None
29074,1018,265,MoveLeft,2060,265,None
29074,1018,265,None,2053,265,MoveLeft
29075,1018,265,None,2046,265,MoveLeft
29076,1018,265,None,2039,265,MoveLeft
29077,1018,265,None,2032,265,MoveLeft
29078,1018,265,None,2025,265,MoveLeft
29079,1018,265,None,2018,265,MoveLeft
29080,1018,265,None,2011,265,MoveLeft
29081,1018,265,None,2004,265,MoveLeft
29082,1018,265,None,1997,265,MoveLeft
29083,1018,265,None,1990,265,MoveLeft
29084,1018,265,None,1983,265,MoveLeft
29085,1018,265,None,1976,265,MoveLeft
29086,1018,265,None,1969,265,MoveLeft
29087,1018,265,None,1962,265,MoveLeft
29088,1018,265,None,1955,265,MoveLeft
29089,1018,265,None,1948,265,MoveLeft
29090,1018,265,None,1941,265,MoveLeft
29091,1018,265,None,1934,265,MoveLeft
29092,1018,265,None,1927,265,MoveLeft
29093,1018,265,None,1920,265,MoveLeft
29094,1025,265,MoveRight,1920,265,None
29094,1025,265,None,1913,265,MoveLeft
29095,1032,265,MoveRight,1913,265,None
29095,1032,265,None,1906,265,MoveLeft
29096,1039,265,MoveRight,1906,265,None
29096,1039,265,None,1899,265,MoveLeft
29097,1039,265,None,1892,265,MoveLeft
29098,1039,265,None,1885,265,MoveLeft
29099,1039,265,None,1878,265,MoveLeft
29100,1046,265,MoveRight,1878,265,None
29100,1046,265,None,1871,265,MoveLeft
29101,1053,265,MoveRight,1871,265,None
29101,1053,265,None,1864,265,MoveLeft
29102,1060,265,MoveRight,1864,265,None
29102,1060,265,None,1857,265,MoveLeft
29103,1067,265,MoveRight,1857,265,None
29103,1067,265,None,1850,265,MoveLeft
29104,1074,265,MoveRight,1850,265,None
29104,1074,265,None,1843,265,MoveLeft
29105,1081,265,MoveRight,1843,265,None
29105,1081,265,None,1836,265,MoveLeft
29106,1088,265,MoveRight,1836,265,None
29106,1088,265,None,1829,265,MoveLeft
29107,1095,265,MoveRight,1829,265,None
29107,1095,265,None,1822,265,MoveLeft
29108,1102,265,MoveRight,1822,265,None
29108,1102,265,None,1815,265,MoveLeft
29109,1109,265,MoveRight,1815,265,None
29109,1109,265,None,1808,265,MoveLeft
29110,1116,265,MoveRight,1808,265,None
29110,1116,265,None,1801,265,MoveLeft
29111,1123,265,MoveRight,1801,265,None
29111,1123,265,None,1794,265,MoveLeft
29112,1130,265,MoveRight,1794,265,None
29112,1130,265,None,1787,265,MoveLeft
29113,1137,265,MoveRight,1787,265,None
29113,1137,265,None,1780,265,MoveLeft
29114,1144,265,MoveRight,1780,265,None
29114,1144,265,None,1773,265,MoveLeft
29115,1151,265,MoveRight,1773,265,None
29115,1151,265,None,1766,265,MoveLeft
29116,1158,265,MoveRight,1766,265,None
29116,1158,265,None,1759,265,MoveLeft
29117,1165,265,MoveRight,1759,265,None
29117,1165,265,None,1752,265,MoveLeft
29118,1172,265,MoveRight,1752,265,None
29118,1172,265,None,1745,265,MoveLeft
29119,1179,265,MoveRight,1745,265,None
29119,1179,265,None,1738,265,MoveLeft
29120,1186,265,MoveRight,1738,265,None
29120,1186,265,None,1731,265,MoveLeft
29121,1193,265,MoveRight,1731,265,None
29121,1193,265,None,1724,265,MoveLeft
29122,1200,265,MoveRight,1724,265,None
29122,1200,265,None,1717,265,MoveLeft
29123,1207,265,MoveRight,1717,265,None
29123,1207,265,None,1710,265,MoveLeft
29124,1214,265,MoveRight,1710,265,None
29124,1214,265,None,1703,265,MoveLeft
29125,1221,265,MoveRight,1703,265,None
29125,1221,265,None,1696,265,MoveLeft
29126,1228,265,MoveRight,1696,265,None
29126,1228,265,None,1689,265,MoveLeft
29127,1235,265,MoveRight,1689,265,None
29127,1235,265,None,1682,265,MoveLeft
29128,1242,265,MoveRight,1682,265,None
29128,1242,265,None,1675,265,MoveLeft
29129,1249,265,MoveRight,1675,265,None
29129,1249,265,None,1668,265,MoveLeft
29130,1256,265,MoveRight,1668,265,None
29130,1256,265,None,1661,265,MoveLeft
29131,1263,265,MoveRight,1661,265,None
29131,1263,265,None,1654,265,MoveLeft
29132,1270,265,MoveRight,1654,265,None
29132,1270,265,None,1647,265,MoveLeft
29133,1277,265,MoveRight,1647,265,None
29133,1277,265,None,1640,265,MoveLeft
29134,1284,265,MoveRight,1640,265,None
29134,1284,265,None,1633,265,MoveLeft
29135,1291,265,MoveRight,1633,265,None
29135,1291,265,None,1626,265,MoveLeft
29136,1298,265,MoveRight,1626,265,None
29136,1298,265,None,1619,265,MoveLeft
29137,1305,265,MoveRight,1619,265,None
29137,1305,265,None,1612,265,MoveLeft
29138,1312,265,MoveRight,1612,265,None
29138,1312,265,None,1605,265,MoveLeft
29139,1319,265,MoveRight,1605,265,None
29139,1319,265,None,1598,265,MoveLeft
29140,1326,265,MoveRight,1598,265,None
29140,1326,265,None,1591,265,MoveLeft
29141,1326,265,None,1584,265,MoveLeft
29142,1326,265,None,1577,265,MoveLeft
29143,1326,265,None,1570,265,MoveLeft
29144,1326,265,None,1563,265,MoveLeft
29145,1326,265,None,1556,265,MoveLeft
29146,1326,265,None,1549,265,MoveLeft
29147,1326,265,None,1542,265,MoveLeft
29148,1326,265,None,1535,265,MoveLeft
29149,1326,265,None,1535,265,None
29149,1326,265,None,1528,265,MoveLeft
29150,1326,265,None,1521,265,MoveLeft
29151,1326,265,None,1514,265,MoveLeft
29152,1326,265,None,1507,265,MoveLeft
29153,1326,265,None,1500,265,MoveLeft
29154,1326,265,None,1493,265,MoveLeft
29155,1326,265,None,1486,265,MoveLeft
29156,1326,265,None,1479,265,MoveLeft
29159,1326,265,Set,1479,265,None
29159,1326,265,None,1479,265,None
29160,1326,265,None,1472,265,MoveLeft
29161,1326,265,None,1465,265,MoveLeft
29162,1326,265,None,1458,265,MoveLeft
29163,1326,265,None,1451,265,MoveLeft
29164,1326,265,None,1444,265,MoveLeft
29165,1326,265,None,1437,265,MoveLeft
29166,1326,265,None,1430,265,MoveLeft
29167,1326,265,None,1423,265,MoveLeft
29168,1326,265,None,1416,265,MoveLeft
29179,1319,265,MoveLeft,1416,265,None
29180,1312,265,MoveLeft,1416,265,None
29181,1305,265,MoveLeft,1416,265,None
29182,1298,265,MoveLeft,1416,265,None
29183,1291,265,MoveLeft,1416,265,None
29184,1284,265,MoveLeft,1416,265,None
29185,1277,265,MoveLeft,1416,265,None
29186,1270,265,MoveLeft,1416,265,None
29187,1263,265,MoveLeft,1416,265,None
29188,1256,265,MoveLeft,1416,265,None
29189,1249,265,MoveLeft,1416,265,None
29190,1242,265,MoveLeft,1416,265,None
29203,1249,265,MoveRight,1416,265,None
29204,1256,265,MoveRight,1416,265,None
29205,1263,265,MoveRight,1416,265,None
29206,1270,265,MoveRight,1416,265,None
29207,1277,265,MoveRight,1416,265,None
29208,1284,265,MoveRight,1416,265,None
29209,1291,265,MoveRight,1416,265,None
29210,1298,265,MoveRight,1416,265,None
29211,1305,265,MoveRight,1416,265,None
29212,1312,265,MoveRight,1416,265,None
29213,1319,265,MoveRight,1416,265,None
29214,1326,265,MoveRight,1416,265,None
29293,1326,353.29,None,1416,265,SpikeLight
29293,1326,353.29,None,1416,265,None
29297,1326,314.05,Set,1416,265,None
29297,1326,314.05,None,1416,265,None
29303,1326,265,None,1409,265,MoveLeft
29310,1319,265,MoveLeft,1409,265,None
29311,1312,265,MoveLeft,1409,265,None
29312,1305,265,MoveLeft,1409,265,None
29313,1298,265,MoveLeft,1409,265,None
29314,1291,265,MoveLeft,1409,265,None
29315,1284,265,MoveLeft,1409,265,None
29316,1277,265,MoveLeft,1409,265,None
29317,1270,265,MoveLeft,1409,265,None
29318,1263,265,MoveLeft,1409,265,None
29319,1256,265,MoveLeft,1409,265,None
29320,1249,265,MoveLeft,1409,265,None
29321,1242,265,MoveLeft,1409,265,None
29322,1235,265,MoveLeft,1409,265,None
29323,1228,265,MoveLeft,1409,265,None
29324,1221,265,MoveLeft,1409,265,None
29325,1214,265,MoveLeft,1409,265,None
29326,1207,265,MoveLeft,1409,265,None
29327,1200,265,MoveLeft,1409,265,None
29328,1193,265,MoveLeft,1409,265,None
29329,1186,265,MoveLeft,1409,265,None
29348,1179,265,MoveLeft,1409,265,None
29349,1172,265,MoveLeft,1409,265,None
29350,1165,265,MoveLeft,1409,265,None
29351,1158,265,MoveLeft,1409,265,None
29352,1151,265,MoveLeft,1409,265,None
29353,1144,265,MoveLeft,1409,265,None
29354,1137,265,MoveLeft,1409,265,None
29355,1130,265,MoveLeft,1409,265,None
29356,1123,265,MoveLeft,1409,265,None
29357,1116,265,MoveLeft,1409,265,None
29358,1109,265,MoveLeft,1409,265,None
29359,1102,265,MoveLeft,1409,265,None
29360,1095,265,MoveLeft,1409,265,None
29361,1088,265,MoveLeft,1409,265,None
29362,1081,265,MoveLeft,1409,265,None
29363,1074,265,MoveLeft,1409,265,None
29369,1081,265,MoveRight,1409,265,None
29370,1088,265,MoveRight,1409,265,None
29371,1095,265,MoveRight,1409,265,None
29372,1102,265,MoveRight,1409,265,None
29373,1109,265,MoveRight,1409,265,None
29374,1116,265,MoveRight,1409,265,None
29375,1123,265,MoveRight,1409,265,None
29376,1130,265,MoveRight,1409,265,None
29377,1137,265,MoveRight,1409,265,None
29378,1144,265,MoveRight,1409,265,None
29379,1151,265,MoveRight,1409,265,None
29380,1158,265,MoveRight,1409,265,None
29381,1165,265,MoveRight,1409,265,None
29382,1172,265,MoveRight,1409,265,None
29383,1179,265,MoveRight,1409,265,None
29384,1186,265,MoveRight,1409,265,None
29385,1193,265,MoveRight,1409,265,None
29386,1200,265,MoveRight,1409,265,None
29387,1207,265,MoveRight,1409,265,None
29388,1214,265,MoveRight,1409,265,None
29389,1221,265,MoveRight,1409,265,None
29390,1228,265,MoveRight,1409,265,None
29391,1235,265,MoveRight,1409,265,None
29392,1242,265,MoveRight,1409,265,None
29393,1249,265,MoveRight,1409,265,None
29394,1256,265,MoveRight,1409,265,None
29395,1263,265,MoveRight,1409,265,None
29401,1256,265,MoveLeft,1409,265,None
29402,1249,265,MoveLeft,1409,265,None
29403,1242,265,MoveLeft,1409,265,None
29404,1235,265,MoveLeft,1409,265,None
29405,1228,265,MoveLeft,1409,265,None
29406,1221,265,MoveLeft,1409,265,None
29407,1214,265,MoveLeft,1409,265,None
29408,1207,265,MoveLeft,1409,265,None
29409,1200,265,MoveLeft,1409,265,None
29410,1193,265,MoveLeft,1409,265,None
29411,1186,265,MoveLeft,1409,265,None
29412,1179,265,MoveLeft,1409,265,None
29413,1172,265,MoveLeft,1409,265,None
29414,1165,265,MoveLeft,1409,265,None
29415,1158,265,MoveLeft,1409,265,None
29416,1151,265,MoveLeft,1409,265,None
29417,1144,265,MoveLeft,1409,265,None
29418,1137,265,MoveLeft,1409,265,None
29419,1130,265,MoveLeft,1409,265,None
29420,1123,265,MoveLeft,1409,265,None
29421,1116,265,MoveLeft,1409,265,None
29422,1109,265,MoveLeft,1409,265,None
29423,1102,265,MoveLeft,1409,265,None
29424,1095,265,MoveLeft,1409,265,None
29425,1088,265,MoveLeft,1409,265,None
29426,1081,265,MoveLeft,1409,265,None
29427,1074,265,MoveLeft,1409,265,None
29428,1067,265,MoveLeft,1409,265,None
29429,1060,265,MoveLeft,1409,265,None
29430,1053,265,MoveLeft,1409,265,None
29431,1046,265,MoveLeft,1409,265,None
29432,1039,265,MoveLeft,1409,265,None
29433,1032,265,MoveLeft,1409,265,None
29434,1025,265,MoveLeft,1409,265,None
29435,1018,265,MoveLeft,1409,265,None
29437,1018,265,None,1409,265,SpikeLight
29437,1018,265,None,1409,265,None
29448,1018,265,None,1416,265,MoveRight
29449,1018,265,None,1423,265,MoveRight
29450,1018,265,None,1430,265,MoveRight
29451,1011,265,MoveLeft,1430,265,None
29451,1011,265,None,1437,265,MoveRight
29452,1004,265,MoveLeft,1437,265,None
29452,1004,265,None,1444,265,MoveRight
29453,997,265,MoveLeft,1444,265,None
29453,997,265,None,1451,265,MoveRight
29454,990,265,MoveLeft,1451,265,None
29454,990,265,None,1458,265,MoveRight
29455,983,265,MoveLeft,1458,265,None
29455,983,265,None,1465,265,MoveRight
29456,976,265,MoveLeft,1465,265,None
29456,976,265,None,1472,265,MoveRight
29457,983,265,MoveRight,1472,265,None
29457,983,265,None,1479,265,MoveRight
29458,990,265,MoveRight,1479,265,None
29458,990,265,None,1486,265,MoveRight
29459,997,265,MoveRight,1486,265,None
29459,997,265,None,1493,265,MoveRight
29460,1004,265,MoveRight,1493,265,None
29460,1004,265,None,1500,265,MoveRight
29461,1011,265,MoveRight,1500,265,None
29461,1011,265,None,1507,265,MoveRight
29462,1018,265,MoveRight,1507,265,None
29462,1018,265,None,1514,265,MoveRight
29463,1025,265,MoveRight,1514,265,None
29463,1025,265,None,1521,265,MoveRight
29464,1032,265,MoveRight,1521,265,None
29464,1032,265,None,1528,265,MoveRight
29465,1025,265,MoveLeft,1528,265,None
29465,1025,265,None,1535,265,MoveRight
29466,1018,265,MoveLeft,1535,265,None
29466,1018,265,None,1542,265,MoveRight
29467,1025,265,MoveRight,1542,265,None
29467,1025,265,None,1549,265,MoveRight
29468,1032,265,MoveRight,1549,265,None
29468,1032,265,None,1556,265,MoveRight
29469,1039,265,MoveRight,1556,265,None
29469,1039,265,None,1563,265,MoveRight
29470,1046,265,MoveRight,1563,265,None
29470,1046,265,None,1570,265,MoveRight
29471,1053,265,MoveRight,1570,265,None
29471,1053,265,None,1577,265,MoveRight
29472,1060,265,MoveRight,1577,265,None
29472,1060,265,None,1584,265,MoveRight
29473,1067,265,MoveRight,1584,265,None
29473,1067,265,None,1591,265,MoveRight
29474,1074,265,MoveRight,1591,265,None
29474,1074,265,None,1598,265,MoveRight
29475,1081,265,MoveRight,1598,265,None
29475,1081,265,None,1605,265,MoveRight
29476,1088,265,MoveRight,1605,265,None
29476,1088,265,None,1612,265,MoveRight
29477,1095,265,MoveRight,1612,265,None
29477,1095,265,None,1619,265,MoveRight
29478,1102,265,MoveRight,1619,265,None
29478,1102,265,None,1626,265,MoveRight
29479,1109,265,MoveRight,1626,265,None
29479,1109,265,None,1633,265,MoveRight
29480,1116,265,MoveRight,1633,265,None
29480,1116,265,None,1640,265,MoveRight
29481,1123,265,MoveRight,1640,265,None
29481,1123,265,None,1647,265,MoveRight
29482,1130,265,MoveRight,1647,265,None
29482,1130,265,None,1654,265,MoveRight
29483,1137,265,MoveRight,1654,265,None
29483,1137,265,None,1661,265,MoveRight
29484,1144,265,MoveRight,1661,265,None
29484,1144,265,None,1668,265,MoveRight
29485,1151,265,MoveRight,1668,265,None
29485,1151,265,None,1675,265,MoveRight
29486,1158,265,MoveRight,1675,265,None
29486,1158,265,None,1682,265,MoveRight
29487,1165,265,MoveRight,1682,265,None
29487,1165,265,None,1689,265,MoveRight
29488,1172,265,MoveRight,1689,265,None
29488,1172,265,None,1696,265,MoveRight
29489,1179,265,MoveRight,1696,265,None
29489,1179,265,None,1703,265,MoveRight
29490,1186,265,MoveRight,1703,265,None
29490,1186,265,None,1710,265,MoveRight
29491,1193,265,MoveRight,1710,265,None
29491,1193,265,None,1717,265,MoveRight
29492,1200,265,MoveRight,1717,265,None
29492,1200,265,None,1724,265,MoveRight
29493,1207,265,MoveRight,1724,265,None
29493,1207,265,None,1724,265,None
29494,1214,265,MoveRight,1724,265,None
29494,1214,265,None,1724,265,None
29495,1221,265,MoveRight,1724,265,None
29495,1221,265,None,1724,265,None
29496,1228,265,MoveRight,1724,265,None
29496,1228,265,None,1724,265,None
29497,1235,265,MoveRight,1724,265,None
29497,1235,265,None,1724,265,None
29498,1242,265,MoveRight,1724,265,None
29498,1242,265,None,1724,265,None
29499,1249,265,MoveRight,1724,265,None
29499,1249,265,None,1724,265,None
29500,1256,265,MoveRight,1724,265,None
29500,1256,265,None,1724,265,None
29501,1263,265,MoveRight,1724,265,None
29501,1263,265,None,1724,265,None
29502,1263,265,None,1724,265,None
29503,1256,265,MoveLeft,1724,265,None
29503,1256,265,None,1724,265,None
29504,1249,265,MoveLeft,1724,265,None
29504,1249,265,None,1724,265,None
29505,1242,265,MoveLeft,1724,265,None
29505,1242,265,None,1724,265,None
29506,1235,265,MoveLeft,1724,265,None
29506,1235,265,None,1724,265,None
29507,1228,265,MoveLeft,1724,265,None
29507,1228,265,None,1724,265,None
29508,1221,265,MoveLeft,1724,265,None
29508,1221,265,None,1724,265,None
29509,1214,265,MoveLeft,1724,265,None
29509,1214,265,None,1724,265,None
29510,1207,265,MoveLeft,1724,265,None
29510,1207,265,None,1724,265,None
29511,1200,265,MoveLeft,1724,265,None
29511,1200,265,None,1724,265,None
29512,323,265,MoveLeft,1850,265,None
29513,316,265,MoveLeft,1850,265,None
29514,309,265,MoveLeft,1850,265,None
29515,302,265,MoveLeft,1850,265,None
29516,295,265,MoveLeft,1850,265,None
29517,288,265,MoveLeft,1850,265,None
29518,281,265,MoveLeft,1850,265,None
29519,274,265,MoveLeft,1850,265,None
29520,267,265,MoveLeft,1850,265,None
29521,260,265,MoveLeft,1850,265,None
29522,253,265,MoveLeft,1850,265,None
29523,246,265,MoveLeft,1850,265,None
29524,239,265,MoveLeft,1850,265,None
29525,232,265,MoveLeft,1850,265,None
29526,225,265,MoveLeft,1850,265,None
29527,218,265,MoveLeft,1850,265,None
29528,211,265,MoveLeft,1850,265,None
29529,204,265,MoveLeft,1850,265,None
29530,197,265,MoveLeft,1850,265,None
29531,190,265,MoveLeft,1850,265,None
29532,183,265,MoveLeft,1850,265,None
29533,176,265,MoveLeft,1850,265,None
29547,183,265,MoveRight,1850,265,None
29548,190,265,MoveRight,1850,265,None
29549,197,265,MoveRight,1850,265,None
29550,204,265,MoveRight,1850,265,None
29551,211,265,MoveRight,1850,265,None
29552,218,265,MoveRight,1850,265,None
29553,225,265,MoveRight,1850,265,None
29554,232,265,MoveRight,1850,265,None
29555,239,265,MoveRight,1850,265,None
29611,239,265,Serve,1850,265,None
29611,239,265,None,1850,265,None
29612,239,265,None,1843,265,MoveLeft
29613,239,265,None,1836,265,MoveLeft
29614,239,265,None,1829,265,MoveLeft
29615,239,265,None,1822,265,MoveLeft
29616,239,265,None,1815,265,MoveLeft
29617,239,265,None,1808,265,MoveLeft
29618,239,265,None,1801,265,MoveLeft
29619,239,265,None,1794,265,MoveLeft
29630,246,265,MoveRight,1794,265,None
29631,253,265,MoveRight,1794,265,None
29632,260,265,MoveRight,1794,265,None
29633,267,265,MoveRight,1794,265,None
29634,274,265,MoveRight,1794,265,None
29635,281,265,MoveRight,1794,265,None
29636,288,265,MoveRight,1794,265,None
29637,295,265,MoveRight,1794,265,None
29638,302,265,MoveRight,1794,265,None
29639,309,265,MoveRight,1794,265,None
29640,316,265,MoveRight,1794,265,None
29641,323,265,MoveRight,1794,265,None
29642,330,265,MoveRight,1794,265,None
29643,337,265,MoveRight,1794,265,None
29644,344,265,MoveRight,1794,265,None
29645,351,265,MoveRight,1794,265,None
29646,358,265,MoveRight,1794,265,None
29647,365,265,MoveRight,1794,265,None
29648,372,265,MoveRight,1794,265,None
29649,379,265,MoveRight,1794,265,None
29650,386,265,MoveRight,1794,265,None
29651,393,265,MoveRight,1794,265,None
29652,400,265,MoveRight,1794,265,None
29653,407,265,MoveRight,1794,265,None
29654,414,265,MoveRight,1794,265,None
29655,421,265,MoveRight,1794,265,None
29656,428,265,MoveRight,1794,265,None
29657,435,265,MoveRight,1794,265,None
29658,442,265,MoveRight,1794,265,None
29659,449,265,MoveRight,1794,265,None
29660,456,265,MoveRight,1794,265,None
29661,463,265,MoveRight,1794,265,None
29662,470,265,MoveRight,1794,265,None
29663,477,265,MoveRight,1794,265,None
29664,484,265,MoveRight,1794,265,None
29665,491,265,MoveRight,1794,265,None
29666,498,265,MoveRight,1794,265,None
29667,505,265,MoveRight,1794,265,None
29668,512,265,MoveRight,1794,265,None
29669,519,265,MoveRight,1794,265,None
29670,526,265,MoveRight,1794,265,None
29671,533,265,MoveRight,1794,265,None
29672,540,265,MoveRight,1794,265,None
29673,547,265,MoveRight,1794,265,None
29674,554,265,MoveRight,1794,265,None
29675,561,265,MoveRight,1794,265,None
29676,568,265,MoveRight,1794,265,None
29677,575,265,MoveRight,1794,265,None
29678,582,265,MoveRight,1794,265,None
29679,589,265,MoveRight,1794,265,None
29680,596,265,MoveRight,1794,265,None
29681,603,265,MoveRight,1794,265,None
29682,610,265,MoveRight,1794,265,None
29683,617,265,MoveRight,1794,265,None
29684,624,265,MoveRight,1794,265,None
29685,624,265,None,1794,265,SpikeMedium
29685,631,265,MoveRight,1794,265,None
29685,631,265,None,1794,265,None
29686,638,265,MoveRight,1794,265,None
29687,645,265,MoveRight,1794,265,None
29688,652,265,MoveRight,1794,265,None
29689,659,265,MoveRight,1794,265,None
29690,666,265,MoveRight,1794,265,None
29691,673,265,MoveRight,1794,265,None
29692,680,265,MoveRight,1794,265,None
29693,687,265,MoveRight,1794,265,None
29694,694,265,MoveRight,1794,265,None
29695,701,265,MoveRight,1794,265,None
29695,701,265,None,1787,265,MoveLeft
29696,708,265,MoveRight,1787,265,None
29696,708,265,None,1780,265,MoveLeft
29697,715,265,MoveRight,1780,265,None
29697,715,265,None,1773,265,MoveLeft
29698,722,265,MoveRight,1773,265,None
29698,722,265,None,1766,265,MoveLeft
29699,729,265,MoveRight,1766,265,None
29699,729,265,None,1759,265,MoveLeft
29700,736,265,MoveRight,1759,265,None
29700,736,265,None,1752,265,MoveLeft
29701,743,265,MoveRight,1752,265,None
29701,743,265,None,1745,265,MoveLeft
29702,750,265,MoveRight,1745,265,None
29702,750,265,None,1738,265,MoveLeft
29703,757,265,MoveRight,1738,265,None
29703,757,265,None,1731,265,MoveLeft
29704,764,265,MoveRight,1731,265,None
29704,764,265,None,1731,265,None
29705,771,265,MoveRight,1731,265,None
29705,771,265,None,1731,265,None
29706,778,265,MoveRight,1731,265,None
29706,778,265,None,1731,265,None
29707,785,265,MoveRight,1731,265,None
29707,785,265,None,1731,265,None
29708,792,265,MoveRight,1731,265,None
29708,792,265,None,1731,265,None
29709,799,265,MoveRight,1731,265,None
29709,799,265,None,1731,265,None
29710,806,265,MoveRight,1731,265,None
29710,806,265,None,1731,265,None
29711,813,265,MoveRight,1731,265,None
29711,813,265,None,1731,265,None
29712,820,265,MoveRight,1731,265,None
29712,820,265,None,1731,265,None
29713,827,265,MoveRight,1731,265,None
29713,827,265,None,1731,265,None
29714,834,265,MoveRight,1731,265,None
29714,834,265,None,1731,265,None
29715,841,265,MoveRight,1731,265,None
29715,841,265,None,1731,265,None
29716,848,265,MoveRight,1731,265,None
29716,848,265,None,1731,265,None
29717,855,265,MoveRight,1731,265,None
29717,855,265,None,1731,265,None
29718,862,265,MoveRight,1731,265,None
29718,862,265,None,1731,265,None
29719,869,265,MoveRight,1731,265,None
29719,869,265,None,1731,265,None
29720,876,265,MoveRight,1731,265,None
29720,876,265,None,1731,265,None
29721,883,265,MoveRight,1731,265,None
29721,883,265,None,1731,265,None
29722,890,265,MoveRight,1731,265,None
29722,890,265,None,1731,265,None
29723,890,265,None,1731,265,None
29723,890,265,None,1731,265,None
29724,890,265,None,1731,265,None
29724,890,265,None,1731,265,None
29725,890,265,None,1731,265,None
29725,890,265,None,1731,265,None
29726,890,265,None,1731,265,None
29726,890,265,None,1731,265,None
29727,890,265,None,1731,265,None
29727,890,265,None,1731,265,None
29728,890,265,None,1731,265,None
29728,890,265,None,1731,265,None
29729,890,265,None,1731,265,None
29729,890,265,None,1731,265,None
29730,890,265,None,1731,265,None
29730,890,265,None,1731,265,None
29731,890,265,None,1731,265,None
29731,890,265,None,1731,265,None
29732,890,265,None,1731,265,None
29732,890,265,None,1731,265,None
29733,890,265,None,1731,265,None
29733,890,265,None,1731,265,None
29734,890,265,None,1731,265,None
29734,890,265,None,1731,265,None
29735,890,265,None,1731,265,None
29735,890,265,None,1731,265,None
29736,890,265,None,1731,265,None
29736,890,265,None,1731,265,None
29737,890,265,None,1731,265,None
29737,890,265,None,1731,265,None
29738,890,265,None,1731,265,None
29738,890,265,None,1731,265,None
29739,890,265,None,1731,265,None
29739,890,265,None,1731,265,None
29740,890,265,None,1731,265,None
29740,890,265,None,1731,265,None
29741,890,265,None,1731,265,None
29741,890,265,None,1731,265,None
29742,890,265,None,1731,265,None
29742,890,265,None,1731,265,None
29743,890,265,None,1731,265,None
29743,890,265,None,1731,265,None
29744,890,265,None,1731,265,None
29744,890,265,None,1731,265,None
29745,890,265,None,1731,265,None
29745,890,265,None,1731,265,None
29746,890,265,None,1731,265,None
29746,890,265,None,1731,265,None
29747,890,265,Bump,1731,265,None
29747,890,265,None,1731,265,None
29747,890,265,None,1731,265,None
29748,890,265,None,1724,265,MoveLeft
29749,890,265,None,1717,265,MoveLeft
29750,890,265,None,1710,265,MoveLeft
29751,890,265,None,1703,265,MoveLeft
29752,890,265,None,1696,265,MoveLeft
29753,890,265,None,1689,265,MoveLeft
29754,890,265,None,1682,265,MoveLeft
29755,890,265,None,1675,265,MoveLeft
29756,890,265,None,1668,265,MoveLeft
29757,890,265,None,1661,265,MoveLeft
29758,890,265,None,1654,265,MoveLeft
29759,890,265,None,1647,265,MoveLeft
29760,890,265,None,1640,265,MoveLeft
29761,890,265,None,1633,265,MoveLeft
29762,890,265,None,1626,265,MoveLeft
29763,890,265,None,1619,265,MoveLeft
29764,890,265,None,1612,265,MoveLeft
29765,890,265,None,1605,265,MoveLeft
29766,890,265,None,1598,265,MoveLeft
29767,897,265,MoveRight,1598,265,None
29767,897,265,None,1591,265,MoveLeft
29768,904,265,MoveRight,1591,265,None
29768,904,265,None,1584,265,MoveLeft
29769,911,265,MoveRight,1584,265,None
29769,911,265,None,1577,265,MoveLeft
29770,918,265,MoveRight,1577,265,None
29770,918,265,None,1570,265,MoveLeft
29771,925,265,MoveRight,1570,265,None
29771,925,265,None,1563,265,MoveLeft
29772,932,265,MoveRight,1563,265,None
29772,932,265,None,1556,265,MoveLeft
29773,939,265,MoveRight,1556,265,None
29773,939,265,None,1549,265,MoveLeft
29774,946,265,MoveRight,1549,265,None
29774,946,265,None,1542,265,MoveLeft
29775,953,265,MoveRight,1542,265,None
29775,953,265,None,1535,265,MoveLeft
29776,960,265,MoveRight,1535,265,None
29776,960,265,None,1528,265,MoveLeft
29777,967,265,MoveRight,1528,265,None
29777,967,265,None,1521,265,MoveLeft
29778,974,265,MoveRight,1521,265,None
29778,974,265,None,1514,265,MoveLeft
29779,981,265,MoveRight,1514,265,None
29779,981,265,None,1507,265,MoveLeft
29780,988,265,MoveRight,1507,265,None
29780,988,265,None,1500,265,MoveLeft
29781,995,265,MoveRight,1500,265,None
29781,995,265,None,1493,265,MoveLeft
29782,1002,265,MoveRight,1493,265,None
29782,1002,265,None,1486,265,MoveLeft
29783,1009,265,MoveRight,1486,265,None
29783,1009,265,None,1479,265,MoveLeft
29784,1016,265,MoveRight,1479,265,None
29784,1016,265,None,1472,265,MoveLeft
29785,1023,265,MoveRight,1472,265,None
29785,1023,265,None,1465,265,MoveLeft
29786,1030,265,MoveRight,1465,265,None
29787,1037,265,MoveRight,1465,265,None
29788,1044,265,MoveRight,1465,265,None
29789,1051,265,MoveRight,1465,265,None
29790,1058,265,MoveRight,1465,265,None
29791,1065,265,MoveRight,1465,265,None
29792,1072,265,MoveRight,1465,265,None
29793,1079,265,MoveRight,1465,265,None
29794,1086,265,MoveRight,1465,265,None
29795,1093,265,MoveRight,1465,265,None
29796,1100,265,MoveRight,1465,265,None
29797,1107,265,MoveRight,1465,265,None
29798,1114,265,MoveRight,1465,265,None
29799,1121,265,MoveRight,1465,265,None
29800,1128,265,MoveRight,1465,265,None
29801,1135,265,MoveRight,1465,265,None
29802,1142,265,MoveRight,1465,265,None
29803,1149,265,MoveRight,1465,265,None
29804,1156,265,MoveRight,1465,265,None
29805,1163,265,MoveRight,1465,265,None
29806,1170,265,MoveRight,1465,265,None
29807,1177,265,MoveRight,1465,265,None
29808,1184,265,MoveRight,1465,265,None
29809,1191,265,MoveRight,1465,265,None
29810,1198,265,MoveRight,1465,265,None
29811,1205,265,MoveRight,1465,265,None
29812,1212,265,MoveRight,1465,265,None
29813,1219,265,MoveRight,1465,265,None
29814,1226,265,MoveRight,1465,265,None
29815,1233,265,MoveRight,1465,265,None
29816,1240,265,MoveRight,1465,265,None
29817,1247,265,MoveRight,1465,265,None
29818,1254,265,MoveRight,1465,265,None
29819,1261,265,MoveRight,1465,265,None
29820,1268,265,MoveRight,1465,265,None
29821,1275,265,MoveRight,1465,265,None
29822,1282,265,MoveRight,1465,265,None
29823,1289,265,MoveRight,1465,265,None
29824,1296,265,MoveRight,1465,265,None
29825,1303,265,MoveRight,1465,265,None
29826,1310,265,MoveRight,1465,265,None
29827,1317,265,MoveRight,1465,265,None
29828,1324,265,MoveRight,1465,265,None
29839,1326,265,Set,1465,265,None
29839,1326,265,None,1465,265,None
29840,1326,265,None,1458,265,MoveLeft
29841,1326,265,None,1451,265,MoveLeft
29842,1326,265,None,1444,265,MoveLeft
29843,1326,265,None,1437,265,MoveLeft
29844,1326,265,None,1430,265,MoveLeft
29861,1319,265,MoveLeft,1430,265,None
29862,1312,265,MoveLeft,1430,265,None
29863,1305,265,MoveLeft,1430,265,None
29864,1298,265,MoveLeft,1430,265,None
29865,1291,265,MoveLeft,1430,265,None
29866,1284,265,MoveLeft,1430,265,None
29867,1277,265,MoveLeft,1430,265,None
29868,1270,265,MoveLeft,1430,265,None
29869,1263,265,MoveLeft,1430,265,None
29870,1256,265,MoveLeft,1430,265,None
29871,1249,265,MoveLeft,1430,265,None
29872,1242,265,MoveLeft,1430,265,None
29873,1235,265,MoveLeft,1430,265,None
29874,1228,265,MoveLeft,1430,265,None
29875,1221,265,MoveLeft,1430,265,None
29876,1214,265,MoveLeft,1430,265,None
29877,1207,265,MoveLeft,1430,265,None
29878,1200,265,MoveLeft,1430,265,None
29879,1193,265,MoveLeft,1430,265,None
29880,1186,265,MoveLeft,1430,265,None
29881,1179,265,MoveLeft,1430,265,None
29882,1172,265,MoveLeft,1430,265,None
29883,1165,265,MoveLeft,1430,265,None
29884,1158,265,MoveLeft,1430,265,None
29885,1151,265,MoveLeft,1430,265,None
29886,1144,265,MoveLeft,1430,265,None
29887,1151,265,MoveRight,1430,265,None
29888,1158,265,MoveRight,1430,265,None
29889,1165,265,MoveRight,1430,265,None
29890,1172,265,MoveRight,1430,265,None
29891,1179,265,MoveRight,1430,265,None
29892,1186,265,MoveRight,1430,265,None
29893,1193,265,MoveRight,1430,265,None
29894,1200,265,MoveRight,1430,265,None
29895,1207,265,MoveRight,1430,265,None
29896,1214,265,MoveRight,1430,265,None
29897,1221,265,MoveRight,1430,265,None
29898,1228,265,MoveRight,1430,265,None
29899,1235,265,MoveRight,1430,265,None
29900,1242,265,MoveRight,1430,265,None
29901,1249,265,MoveRight,1430,265,None
29902,1256,265,MoveRight,1430,265,None
29903,1263,265,MoveRight,1430,265,None
29904,1270,265,MoveRight,1430,265,None
29905,1277,265,MoveRight,1430,265,None
29906,1284,265,MoveRight,1430,265,None
29907,1291,265,MoveRight,1430,265,None
29908,1298,265,MoveRight,1430,265,None
29909,1305,265,MoveRight,1430,265,None
29910,1312,265,MoveRight,1430,265,None
29911,1319,265,MoveRight,1430,265,None
29912,1326,265,MoveRight,1430,265,None
29975,1322.5,284.62,MoveLeft,1430,265,None
29976,1319,274.81,MoveLeft,1430,265,None
29977,1319,265,None,1430,265,SpikeLight
29977,1312,265,MoveLeft,1430,265,None
29977,1312,265,None,1430,265,None
29978,1305,265,MoveLeft,1430,265,None
29979,1298,265,MoveLeft,1430,265,None
29980,1291,265,MoveLeft,1430,265,None
29981,1284,265,MoveLeft,1430,265,None
29982,1277,265,MoveLeft,1430,265,None
29983,1270,265,MoveLeft,1430,265,None
29984,1263,265,MoveLeft,1430,265,None
29985,1256,265,MoveLeft,1430,265,None
29986,1249,265,MoveLeft,1430,265,None
29987,1242,265,MoveLeft,1430,265,None
29988,1235,265,MoveLeft,1430,265,None
29988,1235,265,None,1437,265,MoveRight
29989,1228,265,MoveLeft,1437,265,None
29989,1228,265,None,1444,265,MoveRight
29990,1221,265,MoveLeft,1444,265,None
29990,1221,265,None,1451,265,MoveRight
29991,1214,265,MoveLeft,1451,265,None
29991,1214,265,None,1458,265,MoveRight
29992,1207,265,MoveLeft,1458,265,None
29992,1207,265,None,1465,265,MoveRight
29993,1200,265,MoveLeft,1465,265,None
29993,1200,265,None,1472,265,MoveRight
29994,1193,265,MoveLeft,1472,265,None
29994,1193,265,None,1479,265,MoveRight
29995,1186,265,MoveLeft,1479,265,None
29995,1186,265,None,1486,265,MoveRight
29996,1179,265,MoveLeft,1486,265,None
29996,1179,265,None,1493,265,MoveRight
29997,1172,265,MoveLeft,1493,265,None
29997,1172,265,None,1500,265,MoveRight
29998,1165,265,MoveLeft,1500,265,None
29998,1165,265,None,1507,265,MoveRight
29999,1158,265,MoveLeft,1507,265,None
29999,1158,265,None,1514,265,MoveRight
30000,1151,265,MoveLeft,1514,265,None
30000,1151,265,None,1521,265,MoveRight
30001,1144,265,MoveLeft,1521,265,None
30001,1144,265,None,1528,265,MoveRight
30002,1137,265,MoveLeft,1528,265,None
30002,1137,265,None,1535,265,MoveRight
30003,1130,265,MoveLeft,1535,265,None
30003,1130,265,None,1542,265,MoveRight
30004,1123,265,MoveLeft,1542,265,None
30004,1123,265,None,1549,265,MoveRight
30005,1116,265,MoveLeft,1549,265,None
30005,1116,265,None,1556,265,MoveRight
30006,1109,265,MoveLeft,1556,265,None
30006,1109,265,None,1563,265,MoveRight
30007,1102,265,MoveLeft,1563,265,None
30007,1102,265,None,1570,265,MoveRight
30008,1095,265,MoveLeft,1570,265,None
30008,1095,265,None,1577,265,MoveRight
30009,1088,265,MoveLeft,1577,265,None
30009,1088,265,None,1584,265,MoveRight
30010,1081,265,MoveLeft,1584,265,None
30010,1081,265,None,1591,265,MoveRight
30011,1074,265,MoveLeft,1591,265,None
30011,1074,265,None,1598,265,MoveRight
30012,1067,265,MoveLeft,1598,265,None
30012,1067,265,None,1605,265,MoveRight
30013,1060,265,MoveLeft,1605,265,None
30013,1060,265,None,1612,265,MoveRight
30014,1053,265,MoveLeft,1612,265,None
30014,1053,265,None,1619,265,MoveRight
30015,1046,265,MoveLeft,1619,265,None
30015,1046,265,None,1626,265,MoveRight
30016,1039,265,MoveLeft,1626,265,None
30016,1039,265,None,1633,265,MoveRight
30017,1032,265,MoveLeft,1633,265,None
30017,1032,265,None,1640,265,MoveRight
30018,1025,265,MoveLeft,1640,265,None
30018,1025,265,None,1647,265,MoveRight
30019,1018,265,MoveLeft,1647,265,None
30019,1018,265,None,1654,265,MoveRight
30020,1018,265,None,1661,265,MoveRight
30021,1018,265,None,1668,265,MoveRight
30022,1018,265,None,1675,265,MoveRight
30023,1018,265,None,1682,265,MoveRight
30024,1018,265,None,1689,265,MoveRight
30025,1018,265,None,1696,265,MoveRight
30026,1018,265,None,1703,265,MoveRight
30027,1018,265,None,1710,265,MoveRight
30028,1018,265,None,1717,265,MoveRight
30029,1018,265,None,1724,265,MoveRight
30030,1018,265,None,1724,265,None
30031,1018,265,None,1724,265,None
30032,1018,265,None,1724,265,None
30033,1018,265,Set,1724,265,None
30033,1018,265,None,1724,265,None
30033,1018,265,None,1724,265,None
30056,1025,265,MoveRight,1724,265,None
30057,1032,265,MoveRight,1724,265,None
30058,1039,265,MoveRight,1724,265,None
30059,1046,265,MoveRight,1724,265,None
30060,1053,265,MoveRight,1724,265,None
30061,1060,265,MoveRight,1724,265,None
30062,1067,265,MoveRight,1724,265,None
30063,1074,265,MoveRight,1724,265,None
30064,1081,265,MoveRight,1724,265,None
30065,1088,265,MoveRight,1724,265,None
30112,1088,284.62,None,1724,265,None
30113,1091.5,304.24,MoveRight,1724,265,None
30114,1095,314.05,MoveRight,1724,265,None
30115,1098.5,323.86,MoveRight,1724,265,None
30116,1102,333.67,MoveRight,1724,265,None
30117,1105.5,343.48,MoveRight,1724,265,None
30118,1109,353.29,MoveRight,1724,265,None
30119,1112.5,363.1,MoveRight,1724,265,None
30120,1116,372.91,MoveRight,1724,265,None
30136,1116,529.87,None,1724,265,None
30145,1116,539.68,SpikeMedium,1724,265,None
30145,1116,539.68,None,1724,265,None
30146,1116,529.87,None,1731,265,MoveRight
30147,1116,520.06,None,1738,265,MoveRight
30148,1116,510.25,None,1745,265,MoveRight
30149,1116,500.44,None,1752,265,MoveRight
30150,1116,490.63,None,1759,265,MoveRight
30151,1116,480.82,None,1766,265,MoveRight
30164,1112.5,353.29,MoveLeft,1766,265,None
30165,1109,343.48,MoveLeft,1766,265,None
30166,1105.5,333.67,MoveLeft,1766,265,None
30167,1102,323.86,MoveLeft,1766,265,None
30168,1098.5,314.05,MoveLeft,1766,265,None
30169,1095,304.24,MoveLeft,1766,265,None
30170,1091.5,294.43,MoveLeft,1766,265,None
30171,1088,284.62,MoveLeft,1766,265,None
30172,1084.5,274.81,MoveLeft,1766,265,None
30173,1077.5,265,MoveLeft,1766,265,None
30174,1070.5,265,MoveLeft,1766,265,None
30175,1063.5,265,MoveLeft,1766,265,None
30176,1056.5,265,MoveLeft,1766,265,None
30177,1049.5,265,MoveLeft,1766,265,None
30178,1042.5,265,MoveLeft,1766,265,None
30179,1035.5,265,MoveLeft,1766,265,None
30180,1028.5,265,MoveLeft,1766,265,None
30181,1021.5,265,MoveLeft,1766,265,None
30182,1014.5,265,MoveLeft,1766,265,None
30183,1007.5,265,MoveLeft,1766,265,None
30184,1000.5,265,MoveLeft,1766,265,None
30185,993.5,265,MoveLeft,1766,265,None
30186,986.5,265,MoveLeft,1766,265,None
30187,979.5,265,MoveLeft,1766,265,None
30188,972.5,265,MoveLeft,1766,265,None
30189,965.5,265,MoveLeft,1766,265,None
30191,972.5,265,MoveRight,1766,265,None
30192,972.5,265,None,1766,265,SpikeMedium
30192,979.5,265,MoveRight,1766,265,None
30192,979.5,265,None,1766,265,None
30193,986.5,265,MoveRight,1766,265,None
30194,993.5,265,MoveRight,1766,265,None
30195,1000.5,265,MoveRight,1766,265,None
30196,1007.5,265,MoveRight,1766,265,None
30197,1014.5,265,MoveRight,1766,265,None
30198,1021.5,265,MoveRight,1766,265,None
30199,1028.5,265,MoveRight,1766,265,None
30200,1035.5,265,MoveRight,1766,265,None
30201,1042.5,265,MoveRight,1766,265,None
30202,1049.5,265,MoveRight,1766,265,None
30202,1049.5,265,None,1759,265,MoveLeft
30203,1056.5,265,MoveRight,1759,265,None
30203,1056.5,265,None,1752,265,MoveLeft
30204,1063.5,265,MoveRight,1752,265,None
30204,1063.5,265,None,1745,265,MoveLeft
30205,1070.5,265,MoveRight,1745,265,None
30205,1070.5,265,None,1738,265,MoveLeft
30206,1077.5,265,MoveRight,1738,265,None
30206,1077.5,265,None,1731,265,MoveLeft
30207,1084.5,265,MoveRight,1731,265,None
30207,1084.5,265,None,1731,265,None
30208,1091.5,265,MoveRight,1731,265,None
30208,1091.5,265,None,1731,265,None
30209,1098.5,265,MoveRight,1731,265,None
30209,1098.5,265,None,1731,265,None
30210,1105.5,265,MoveRight,1731,265,None
30210,1105.5,265,None,1731,265,None
30211,1112.5,265,MoveRight,1731,265,None
30211,1112.5,265,None,1731,265,None
30212,1119.5,265,MoveRight,1731,265,None
30212,1119.5,265,None,1731,265,None
30213,1119.5,265,None,1731,265,None
30214,1112.5,265,MoveLeft,1731,265,None
30214,1112.5,265,None,1731,265,None
30215,1105.5,265,MoveLeft,1731,265,None
30215,1105.5,265,None,1731,265,None
30216,1098.5,265,MoveLeft,1731,265,None
30216,1098.5,265,None,1731,265,None
30217,1091.5,265,MoveLeft,1731,265,None
30217,1091.5,265,None,1731,265,None
30218,1084.5,265,MoveLeft,1731,265,None
30218,1084.5,265,None,1731,265,None
30219,1077.5,265,MoveLeft,1731,265,None
30219,1077.5,265,None,1731,265,None
30220,1070.5,265,MoveLeft,1731,265,None
30220,1070.5,265,None,1731,265,None
30221,1063.5,265,MoveLeft,1731,265,None
30221,1063.5,265,None,1731,265,None
30222,1056.5,265,MoveLeft,1731,265,None
30222,1056.5,265,None,1731,265,None
30223,1049.5,265,MoveLeft,1731,265,None
30223,1049.5,265,None,1731,265,None
30224,1042.5,265,MoveLeft,1731,265,None
30224,1042.5,265,None,1731,265,None
30225,1035.5,265,MoveLeft,1731,265,None
30225,1035.5,265,None,1731,265,None
30226,1028.5,265,MoveLeft,1731,265,None
30226,1028.5,265,None,1731,265,None
30227,1021.5,265,MoveLeft,1731,265,None
30227,1021.5,265,None,1731,265,None
30228,1014.5,265,MoveLeft,1731,265,None
30228,1014.5,265,None,1731,265,None
30229,1007.5,265,MoveLeft,1731,265,None
30229,1007.5,265,None,1731,265,None
30230,1000.5,265,MoveLeft,1731,265,None
30230,1000.5,265,None,1731,265,None
30231,993.5,265,MoveLeft,1731,265,None
30231,993.5,265,None,1731,265,None
30232,986.5,265,MoveLeft,1731,265,None
30232,986.5,265,None,1731,265,None
30233,979.5,265,MoveLeft,1731,265,None
30233,979.5,265,None,1731,265,None
30234,972.5,265,MoveLeft,1731,265,None
30234,972.5,265,None,1731,265,None
30235,965.5,265,MoveLeft,1731,265,None
30235,965.5,265,None,1731,265,None
30236,958.5,265,MoveLeft,1731,265,None
30236,958.5,265,None,1731,265,None
30237,951.5,265,MoveLeft,1731,265,None
30237,951.5,265,None,1731,265,None
30238,944.5,265,MoveLeft,1731,265,None
30238,944.5,265,None,1731,265,None
30239,937.5,265,MoveLeft,1731,265,None
30239,937.5,265,None,1731,265,None
30240,930.5,265,MoveLeft,1731,265,None
30240,930.5,265,None,1731,265,None
30241,923.5,265,MoveLeft,1731,265,None
30241,923.5,265,None,1731,265,None
30242,916.5,265,MoveLeft,1731,265,None
30242,916.5,265,None,1731,265,None
30243,909.5,265,MoveLeft,1731,265,None
30243,909.5,265,None,1731,265,None
30244,902.5,265,MoveLeft,1731,265,None
30244,902.5,265,None,1731,265,None
30245,895.5,265,MoveLeft,1731,265,None
30245,895.5,265,None,1731,265,None
30246,888.5,265,MoveLeft,1731,265,None
30246,888.5,265,None,1731,265,None
30247,881.5,265,MoveLeft,1731,265,None
30247,881.5,265,None,1731,265,None
30248,874.5,265,MoveLeft,1731,265,None
30248,874.5,265,None,1731,265,None
30249,867.5,265,MoveLeft,1731,265,None
30249,867.5,265,None,1731,265,None
30250,860.5,265,MoveLeft,1731,265,None
30250,860.5,265,None,1731,265,None
30251,853.5,265,MoveLeft,1731,265,None
30251,853.5,265,None,1731,265,None
30252,846.5,265,MoveLeft,1731,265,None
30252,846.5,265,None,1731,265,None
30253,839.5,265,MoveLeft,1731,265,None
30253,839.5,265,None,1731,265,None
30254,832.5,265,MoveLeft,1731,265,None
30254,832.5,265,None,1731,265,None
30255,825.5,265,MoveLeft,1731,265,None
30255,825.5,265,None,1731,265,None
30256,818.5,265,MoveLeft,1731,265,None
30256,818.5,265,None,1731,265,None
30257,818.5,265,None,1731,265,None
30258,818.5,265,None,1731,265,None
30259,818.5,265,None,1731,265,None
30260,818.5,265,None,1731,265,None
30265,970,265,None,2410,265,None
30311,970,265,None,2410,265,Serve
30311,970,265,None,2410,265,None
30330,970,265,None,2403,265,MoveLeft
30331,970,265,None,2396,265,MoveLeft
30332,970,265,None,2389,265,MoveLeft
30333,970,265,None,2382,265,MoveLeft
30334,970,265,None,2375,265,MoveLeft
30335,970,265,None,2368,265,MoveLeft
30336,970,265,None,2361,265,MoveLeft
30337,970,265,None,2354,265,MoveLeft
30338,970,265,None,2347,265,MoveLeft
30339,970,265,None,2340,265,MoveLeft
30340,970,265,None,2333,265,MoveLeft
30341,970,265,None,2326,265,MoveLeft
30342,963,265,MoveLeft,2326,265,None
30342,963,265,None,2319,265,MoveLeft
30343,956,265,MoveLeft,2319,265,None
30343,956,265,None,2312,265,MoveLeft
30344,949,265,MoveLeft,2312,265,None
30344,949,265,None,2305,265,MoveLeft
30345,942,265,MoveLeft,2305,265,None
30345,942,265,None,2298,265,MoveLeft
30346,935,265,MoveLeft,2298,265,None
30346,935,265,None,2291,265,MoveLeft
30347,928,265,MoveLeft,2291,265,None
30347,928,265,None,2284,265,MoveLeft
30348,921,265,MoveLeft,2284,265,None
30348,921,265,None,2277,265,MoveLeft
30349,914,265,MoveLeft,2277,265,None
30349,914,265,None,2270,265,MoveLeft
30350,907,265,MoveLeft,2270,265,None
30350,907,265,None,2263,265,MoveLeft
30351,900,265,MoveLeft,2263,265,None
30351,900,265,None,2256,265,MoveLeft
30352,893,265,MoveLeft,2256,265,None
30352,893,265,None,2249,265,MoveLeft
30353,886,265,MoveLeft,2249,265,None
30353,886,265,None,2242,265,MoveLeft
30354,879,265,MoveLeft,2242,265,None
30354,879,265,None,2235,265,MoveLeft
30355,872,265,MoveLeft,2235,265,None
30355,872,265,None,2228,265,MoveLeft
30356,865,265,MoveLeft,2228,265,None
30356,865,265,None,2221,265,MoveLeft
30357,858,265,MoveLeft,2221,265,None
30357,858,265,None,2214,265,MoveLeft
30358,851,265,MoveLeft,2214,265,None
30358,851,265,None,2207,265,MoveLeft
30359,844,265,MoveLeft,2207,265,None
30359,844,265,None,2200,265,MoveLeft
30360,837,265,MoveLeft,2200,265,None
30360,837,265,None,2193,265,MoveLeft
30361,837,265,None,2186,265,MoveLeft
30362,837,265,None,2179,265,MoveLeft
30363,837,265,None,2172,265,MoveLeft
30364,837,265,None,2165,265,MoveLeft
30365,837,265,None,2158,265,MoveLeft
30366,837,265,None,2151,265,MoveLeft
30367,837,265,None,2144,265,MoveLeft
30368,837,265,None,2137,265,MoveLeft
30369,837,265,None,2130,265,MoveLeft
30370,837,265,None,2123,265,MoveLeft
30371,837,265,None,2116,265,MoveLeft
30372,837,265,None,2109,265,MoveLeft
30373,837,265,None,2102,265,MoveLeft
30374,837,265,None,2095,265,MoveLeft
30375,844,265,MoveRight,2095,265,None
30375,844,265,None,2088,265,MoveLeft
30376,851,265,MoveRight,2088,265,None
30376,851,265,None,2081,265,MoveLeft
30377,858,265,MoveRight,2081,265,None
30377,858,265,None,2074,265,MoveLeft
30378,865,265,MoveRight,2074,265,None
30378,865,265,None,2067,265,MoveLeft
30379,865,265,None,2067,265,None
30379,865,265,None,2060,265,MoveLeft
30380,865,265,None,2060,265,None
30380,865,265,None,2053,265,MoveLeft
30381,865,265,None,2053,265,None
30381,865,265,None,2046,265,MoveLeft
30382,865,265,None,2046,265,None
30382,865,265,None,2039,265,MoveLeft
30383,865,265,Bump,2039,265,None
30383,865,265,None,2039,265,None
30383,865,265,None,2032,265,MoveLeft
30384,865,265,None,2025,265,MoveLeft
30385,865,265,None,2018,265,MoveLeft
30386,865,265,None,2011,265,MoveLeft
30387,865,265,None,2004,265,MoveLeft
30388,865,265,None,1997,265,MoveLeft
30389,865,265,None,1990,265,MoveLeft
30390,865,265,None,1983,265,MoveLeft
30391,865,265,None,1976,265,MoveLeft
30392,865,265,None,1969,265,MoveLeft
30393,865,265,None,1962,265,MoveLeft
30394,865,265,None,1955,265,MoveLeft
30395,865,265,None,1948,265,MoveLeft
30396,865,265,None,1941,265,MoveLeft
30397,865,265,None,1934,265,MoveLeft
30398,865,265,None,1927,265,MoveLeft
30399,865,265,None,1920,265,MoveLeft
30400,865,265,None,1913,265,MoveLeft
30401,865,265,None,1906,265,MoveLeft
30402,872,265,MoveRight,1906,265,None
30402,872,265,None,1899,265,MoveLeft
30403,879,265,MoveRight,1899,265,None
30403,879,265,None,1892,265,MoveLeft
30404,886,265,MoveRight,1892,265,None
30404,886,265,None,1885,265,MoveLeft
30405,893,265,MoveRight,1885,265,None
30405,893,265,None,1878,265,MoveLeft
30406,900,265,MoveRight,1878,265,None
30406,900,265,None,1871,265,MoveLeft
30407,907,265,MoveRight,1871,265,None
30407,907,265,None,1864,265,MoveLeft
30408,914,265,MoveRight,1864,265,None
30408,914,265,None,1857,265,MoveLeft
30409,921,265,MoveRight,1857,265,None
30409,921,265,None,1850,265,MoveLeft
30410,928,265,MoveRight,1850,265,None
30410,928,265,None,1843,265,MoveLeft
30411,935,265,MoveRight,1843,265,None
30411,935,265,None,1836,265,MoveLeft
30412,942,265,MoveRight,1836,265,None
30412,942,265,None,1829,265,MoveLeft
30413,949,265,MoveRight,1829,265,None
30413,949,265,None,1822,265,MoveLeft
30414,956,265,MoveRight,1822,265,None
30414,956,265,None,1815,265,MoveLeft
30415,963,265,MoveRight,1815,265,None
30415,963,265,None,1808,265,MoveLeft
30416,970,265,MoveRight,1808,265,None
30416,970,265,None,1801,265,MoveLeft
30417,977,265,MoveRight,1801,265,None
30417,977,265,None,1794,265,MoveLeft
30418,984,265,MoveRight,1794,265,None
30418,984,265,None,1787,265,MoveLeft
30419,991,265,MoveRight,1787,265,None
30419,991,265,None,1780,265,MoveLeft
30420,998,265,MoveRight,1780,265,None
30420,998,265,None,1773,265,MoveLeft
30421,1005,265,MoveRight,1773,265,None
30421,1005,265,None,1766,265,MoveLeft
30422,1012,265,MoveRight,1766,265,None
30422,1012,265,None,1759,265,MoveLeft
30423,1019,265,MoveRight,1759,265,None
30423,1019,265,None,1752,265,MoveLeft
30424,1026,265,MoveRight,1752,265,None
30424,1026,265,None,1745,265,MoveLeft
30425,1033,265,MoveRight,1745,265,None
30425,1033,265,None,1738,265,MoveLeft
30426,1040,265,MoveRight,1738,265,None
30426,1040,265,None,1731,265,MoveLeft
30427,1047,265,MoveRight,1731,265,None
30428,1054,265,MoveRight,1731,265,None
30429,1061,265,MoveRight,1731,265,None
30430,1068,265,MoveRight,1731,265,None
30431,1075,265,MoveRight,1731,265,None
30432,1082,265,MoveRight,1731,265,None
30433,1089,265,MoveRight,1731,265,None
30434,1096,265,MoveRight,1731,265,None
30435,1103,265,MoveRight,1731,265,None
30436,1110,265,MoveRight,1731,265,None
30437,1117,265,MoveRight,1731,265,None
30438,1124,265,MoveRight,1731,265,None
30439,1131,265,MoveRight,1731,265,None
30440,1138,265,MoveRight,1731,265,None
30441,1145,265,MoveRight,1731,265,None
30442,1152,265,MoveRight,1731,265,None
30443,1159,265,MoveRight,1731,265,None
30444,1166,265,MoveRight,1731,265,None
30445,1173,265,MoveRight,1731,265,None
30446,1180,265,MoveRight,1731,265,None
30447,1187,265,MoveRight,1731,265,None
30448,1194,265,MoveRight,1731,265,None
30449,1201,265,MoveRight,1731,265,None
30450,1208,265,MoveRight,1731,265,None
30451,1215,265,MoveRight,1731,265,None
30452,1222,265,MoveRight,1731,265,None
30453,1229,265,MoveRight,1731,265,None
30454,1236,265,MoveRight,1731,265,None
30455,1243,265,MoveRight,1731,265,None
30456,1250,265,MoveRight,1731,265,None
30457,1257,265,MoveRight,1731,265,None
30458,1264,265,MoveRight,1731,265,None
30459,1271,265,MoveRight,1731,265,None
30460,1278,265,MoveRight,1731,265,None
30461,1285,265,MoveRight,1731,265,None
30462,1292,265,MoveRight,1731,265,None
30463,1299,265,MoveRight,1731,265,None
30464,1306,265,MoveRight,1731,265,None
30465,1313,265,MoveRight,1731,265,None
30466,1320,265,MoveRight,1731,265,None
30471,1326,265,None,1724,265,MoveLeft
30475,1326,265,Set,1724,265,None
30475,1326,265,None,1724,265,None
30495,1319,265,MoveLeft,1724,265,None
30496,1312,265,MoveLeft,1724,265,None
30497,1305,265,MoveLeft,1724,265,None
30498,1298,265,MoveLeft,1724,265,None
30499,1291,265,MoveLeft,1724,265,None
30500,1284,265,MoveLeft,1724,265,None
30501,1277,265,MoveLeft,1724,265,None
30514,1284,265,MoveRight,1724,265,None
30515,1291,265,MoveRight,1724,265,None
30516,1298,265,MoveRight,1724,265,None
30517,1305,265,MoveRight,1724,265,None
30518,1312,265,MoveRight,1724,265,None
30519,1319,265,MoveRight,1724,265,None
30520,1326,265,MoveRight,1724,265,None
30540,1319,265,MoveLeft,1724,265,None
30541,1312,265,MoveLeft,1724,265,None
30542,1305,265,MoveLeft,1724,265,None
30543,1298,265,MoveLeft,1724,265,None
30544,1291,265,MoveLeft,1724,265,None
30545,1284,265,MoveLeft,1724,265,None
30546,1277,265,MoveLeft,1724,265,None
30547,1270,265,MoveLeft,1724,265,None
30548,1263,265,MoveLeft,1724,265,None
30556,1263,284.62,None,1724,265,None
30571,1266.5,441.58,MoveRight,1724,265,None
30572,1270,451.39,MoveRight,1724,265,None
30573,1273.5,461.2,MoveRight,1724,265,None
30574,1277,471.01,MoveRight,1724,265,None
30575,1280.5,480.82,MoveRight,1724,265,None
30576,1284,490.63,MoveRight,1724,265,None
30577,1287.5,500.44,MoveRight,1724,265,None
30578,1291,510.25,MoveRight,1724,265,None
30579,1294.5,520.06,MoveRight,1724,265,None
30580,1298,529.87,MoveRight,1724,265,None
30581,1301.5,539.68,MoveRight,1724,265,None
30582,1305,549.49,MoveRight,1724,265,None
30583,1305,539.68,Spike,1724,265,None
30583,1308.5,559.3,MoveRight,1724,265,None
30584,1308.5,569.11,None,1717,265,MoveLeft
30585,1308.5,578.92,None,1710,265,MoveLeft
30586,1308.5,569.11,None,1703,265,MoveLeft
30587,1308.5,559.3,None,1696,265,MoveLeft
30588,1308.5,549.49,None,1689,265,MoveLeft
30589,1308.5,539.68,None,1682,265,MoveLeft
30590,1308.5,529.87,None,1675,265,MoveLeft
30595,1308.5,480.82,None,1675,265,SpikeLight
30595,1308.5,480.82,None,1675,265,None
30597,1312,461.2,MoveRight,1675,265,None
30598,1315.5,451.39,MoveRight,1675,265,None
30599,1319,441.58,MoveRight,1675,265,None
30600,1322.5,431.77,MoveRight,1675,265,None
30601,1326,421.96,MoveRight,1675,265,None
30602,1322.5,412.15,MoveLeft,1675,265,None
30603,1319,402.34,MoveLeft,1675,265,None
30604,1315.5,392.53,MoveLeft,1675,265,None
30605,1312,382.72,MoveLeft,1675,265,None
30606,1308.5,372.91,MoveLeft,1675,265,None
30606,1308.5,372.91,None,1682,265,MoveRight
30607,1305,363.1,MoveLeft,1682,265,None
30607,1305,363.1,None,1689,265,MoveRight
30608,1301.5,353.29,MoveLeft,1689,265,None
30608,1301.5,353.29,None,1696,265,MoveRight
30609,1298,343.48,MoveLeft,1696,265,None
30609,1298,343.48,None,1703,265,MoveRight
30610,1294.5,333.67,MoveLeft,1703,265,None
30610,1294.5,333.67,None,1710,265,MoveRight
30611,1291,323.86,MoveLeft,1710,265,None
30611,1291,323.86,None,1717,265,MoveRight
30612,1287.5,314.05,MoveLeft,1717,265,None
30612,1287.5,314.05,None,1724,265,MoveRight
30613,1284,304.24,MoveLeft,1724,265,None
30613,1284,304.24,None,1724,265,None
30614,1280.5,294.43,MoveLeft,1724,265,None
30614,1280.5,294.43,None,1724,265,None
30615,1277,284.62,MoveLeft,1724,265,None
30615,1277,284.62,None,1724,265,None
30616,1273.5,274.81,MoveLeft,1724,265,None
30616,1273.5,274.81,None,1724,265,None
30617,1266.5,265,MoveLeft,1724,265,None
30617,1266.5,265,None,1724,265,None
30618,1259.5,265,MoveLeft,1724,265,None
30618,1259.5,265,None,1724,265,None
30619,1252.5,265,MoveLeft,1724,265,None
30619,1252.5,265,None,1724,265,None
30620,1245.5,265,MoveLeft,1724,265,None
30620,1245.5,265,None,1724,265,None
30621,1238.5,265,MoveLeft,1724,265,None
30621,1238.5,265,None,1724,265,None
30622,1231.5,265,MoveLeft,1724,265,None
30622,1231.5,265,None,1724,265,None
30623,1224.5,265,MoveLeft,1724,265,None
30623,1224.5,265,None,1724,265,None
30624,1217.5,265,MoveLeft,1724,265,None
30624,1217.5,265,None,1724,265,None
30625,1210.5,265,MoveLeft,1724,265,None
30625,1210.5,265,None,1724,265,None
30626,1210.5,265,None,1724,265,None
30627,1210.5,265,None,1724,265,None
30628,1210.5,265,None,1724,265,None
30629,1217.5,265,MoveRight,1724,265,None
30629,1217.5,265,None,1724,265,None
30630,1224.5,265,MoveRight,1724,265,None
30630,1224.5,265,None,1724,265,None
30631,1231.5,265,MoveRight,1724,265,None
30631,1231.5,265,None,1724,265,None
30632,1238.5,265,MoveRight,1724,265,None
30632,1238.5,265,None,1724,265,None
30633,1245.5,265,MoveRight,1724,265,None
30633,1245.5,265,None,1724,265,None
30634,1252.5,265,MoveRight,1724,265,None
30634,1252.5,265,None,1724,265,None
30635,1259.5,265,MoveRight,1724,265,None
30635,1259.5,265,None,1724,265,None
30636,1266.5,265,MoveRight,1724,265,None
30636,1266.5,265,None,1724,265,None
30637,1273.5,265,MoveRight,1724,265,None
30637,1273.5,265,None,1724,265,None
30638,1280.5,265,MoveRight,1724,265,None
30638,1280.5,265,None,1724,265,None
30639,1287.5,265,MoveRight,1724,265,None
30639,1287.5,265,None,1724,265,None
30640,1287.5,265,None,1724,265,None
30641,1287.5,265,None,1724,265,None
30642,1287.5,265,None,1724,265,None
30643,1287.5,265,None,1724,265,None
30644,1294.5,265,MoveRight,1724,265,None
30644,1294.5,265,None,1724,265,None
30645,1301.5,265,MoveRight,1724,265,None
30645,1301.5,265,None,1724,265,None
30646,1308.5,265,MoveRight,1724,265,None
30646,1308.5,265,None,1724,265,None
30647,1312,284.62,MoveRight,1724,265,None
30647,1312,284.62,None,1724,265,None
30648,1315.5,304.24,MoveRight,1724,265,None
30648,1315.5,304.24,None,1724,265,None
30649,1319,314.05,MoveRight,1724,265,None
30649,1319,314.05,None,1724,265,None
30650,1322.5,323.86,MoveRight,1724,265,None
30650,1322.5,323.86,None,1724,265,None
30651,1326,333.67,MoveRight,1724,265,None
30651,1326,333.67,None,1724,265,None
30652,1326,343.48,None,1724,265,None
30653,1326,353.29,None,1724,265,None
30654,1326,363.1,None,1724,265,None
30655,1326,372.91,None,1724,265,None
30656,1326,382.72,None,1724,265,None
30657,1326,392.53,None,1724,265,None
30658,1326,402.34,None,1724,265,None
30659,1326,412.15,None,1724,265,None
30660,1326,421.96,None,1724,265,None
30661,333.5,284.62,MoveRight,1670,265,None
30662,337,304.24,MoveRight,1670,265,None
30663,340.5,314.05,MoveRight,1670,265,None
30664,344,323.86,MoveRight,1670,265,None
30665,347.5,333.67,MoveRight,1670,265,None
30666,351,343.48,MoveRight,1670,265,None
30667,354.5,353.29,MoveRight,1670,265,None
30668,358,363.1,MoveRight,1670,265,None
30669,361.5,372.91,MoveRight,1670,265,None
30670,365,382.72,MoveRight,1670,265,None
30671,368.5,392.53,MoveRight,1670,265,None
30672,372,402.34,MoveRight,1670,265,None
30673,375.5,412.15,MoveRight,1670,265,None
30675,372,431.77,MoveLeft,1670,265,None
30676,368.5,441.58,MoveLeft,1670,265,None
30677,365,431.77,MoveLeft,1670,265,None
30678,361.5,421.96,MoveLeft,1670,265,None
30679,358,412.15,MoveLeft,1670,265,None
30680,354.5,402.34,MoveLeft,1670,265,None
30681,351,392.53,MoveLeft,1670,265,None
30682,347.5,382.72,MoveLeft,1670,265,None
30683,344,372.91,MoveLeft,1670,265,None
30684,340.5,363.1,MoveLeft,1670,265,None
30685,337,353.29,MoveLeft,1670,265,None
30686,333.5,343.48,MoveLeft,1670,265,None
30687,330,333.67,MoveLeft,1670,265,None
30688,326.5,323.86,MoveLeft,1670,265,None
30689,323,314.05,MoveLeft,1670,265,None
30690,319.5,304.24,MoveLeft,1670,265,None
30691,316,294.43,MoveLeft,1670,265,None
30692,312.5,284.62,MoveLeft,1670,265,None
30693,309,274.81,MoveLeft,1670,265,None
30694,302,265,MoveLeft,1670,265,None
30695,295,265,MoveLeft,1670,265,None
30696,288,265,MoveLeft,1670,265,None
30697,281,265,MoveLeft,1670,265,None
30698,274,265,MoveLeft,1670,265,None
30699,267,265,MoveLeft,1670,265,None
30700,260,265,MoveLeft,1670,265,None
30701,253,265,MoveLeft,1670,265,None
30702,246,265,MoveLeft,1670,265,None
30703,239,265,MoveLeft,1670,265,None
30708,246,265,MoveRight,1670,265,None
30709,253,265,MoveRight,1670,265,None
30710,260,265,MoveRight,1670,265,None
30711,267,265,MoveRight,1670,265,None
30712,274,265,MoveRight,1670,265,None
30713,281,265,MoveRight,1670,265,None
30714,288,265,MoveRight,1670,265,None
30715,295,265,MoveRight,1670,265,None
30716,302,265,MoveRight,1670,265,None
30717,309,265,MoveRight,1670,265,None
30718,316,265,MoveRight,1670,265,None
30719,323,265,MoveRight,1670,265,None
30720,330,265,MoveRight,1670,265,None
30721,337,265,MoveRight,1670,265,None
30722,344,265,MoveRight,1670,265,None
30746,344,265,Serve,1670,265,None
30746,344,265,None,1670,265,None
30747,344,265,None,1677,265,MoveRight
30748,344,265,None,1684,265,MoveRight
30749,344,265,None,1691,265,MoveRight
30750,344,265,None,1698,265,MoveRight
30751,344,265,None,1705,265,MoveRight
30752,344,265,None,1712,265,MoveRight
30753,344,265,None,1719,265,MoveRight
30754,344,265,None,1726,265,MoveRight
30755,344,265,None,1733,265,MoveRight
30756,344,265,None,1740,265,MoveRight
30757,344,265,None,1747,265,MoveRight
30758,344,265,None,1754,265,MoveRight
30759,344,265,None,1761,265,MoveRight
30760,344,265,None,1768,265,MoveRight
30761,344,265,None,1775,265,MoveRight
30762,344,265,None,1782,265,MoveRight
30763,344,265,None,1789,265,MoveRight
30764,344,265,None,1796,265,MoveRight
30765,344,265,None,1803,265,MoveRight
30766,351,265,MoveRight,1803,265,None
30766,351,265,None,1810,265,MoveRight
30767,358,265,MoveRight,1810,265,None
30767,358,265,None,1817,265,MoveRight
30768,365,265,MoveRight,1817,265,None
30768,365,265,None,1824,265,MoveRight
30769,372,265,MoveRight,1824,265,None
30769,372,265,None,1831,265,MoveRight
30770,379,265,MoveRight,1831,265,None
30770,379,265,None,1838,265,MoveRight
30771,386,265,MoveRight,1838,265,None
30771,386,265,None,1845,265,MoveRight
30772,393,265,MoveRight,1845,265,None
30772,393,265,None,1852,265,MoveRight
30773,400,265,MoveRight,1852,265,None
30773,400,265,None,1859,265,MoveRight
30774,407,265,MoveRight,1859,265,None
30774,407,265,None,1866,265,MoveRight
30775,414,265,MoveRight,1866,265,None
30775,414,265,None,1873,265,MoveRight
30776,421,265,MoveRight,1873,265,None
30776,421,265,None,1880,265,MoveRight
30777,428,265,MoveRight,1880,265,None
30777,428,265,None,1887,265,MoveRight
30778,435,265,MoveRight,1887,265,None
30779,442,265,MoveRight,1887,265,None
30780,449,265,MoveRight,1887,265,None
30781,456,265,MoveRight,1887,265,None
30782,463,265,MoveRight,1887,265,None
30783,470,265,MoveRight,1887,265,None
30784,477,265,MoveRight,1887,265,None
30785,484,265,MoveRight,1887,265,None
30786,491,265,MoveRight,1887,265,None
30787,498,265,MoveRight,1887,265,None
30788,505,265,MoveRight,1887,265,None
30789,512,265,MoveRight,1887,265,None
30790,519,265,MoveRight,1887,265,None
30791,526,265,MoveRight,1887,265,None
30792,533,265,MoveRight,1887,265,None
30793,540,265,MoveRight,1887,265,None
30794,547,265,MoveRight,1887,265,None
30795,554,265,MoveRight,1887,265,None
30796,561,265,MoveRight,1887,265,None
30797,568,265,MoveRight,1887,265,None
30798,575,265,MoveRight,1887,265,None
30799,582,265,MoveRight,1887,265,None
30800,589,265,MoveRight,1887,265,None
30801,596,265,MoveRight,1887,265,None
30802,603,265,MoveRight,1887,265,None
30803,610,265,MoveRight,1887,265,None
30804,617,265,MoveRight,1887,265,None
30805,624,265,MoveRight,1887,265,None
30806,631,265,MoveRight,1887,265,None
30807,638,265,MoveRight,1887,265,None
30808,645,265,MoveRight,1887,265,None
30809,652,265,MoveRight,1887,265,None
30810,659,265,MoveRight,1887,265,None
30811,666,265,MoveRight,1887,265,None
30812,673,265,MoveRight,1887,265,None
30813,680,265,MoveRight,1887,265,None
30814,687,265,MoveRight,1887,265,None
30815,694,265,MoveRight,1887,265,None
30816,701,265,MoveRight,1887,265,None
30817,708,265,MoveRight,1887,265,None
30818,715,265,MoveRight,1887,265,None
30819,722,265,MoveRight,1887,265,None
30820,722,265,None,1887,265,SpikeMedium
30820,729,265,MoveRight,1887,265,None
30820,729,265,None,1887,265,None
30821,736,265,MoveRight,1887,265,None
30822,743,265,MoveRight,1887,265,None
30823,750,265,MoveRight,1887,265,None
30824,757,265,MoveRight,1887,265,None
30825,764,265,MoveRight,1887,265,None
30826,771,265,MoveRight,1887,265,None
30827,778,265,MoveRight,1887,265,None
30828,785,265,MoveRight,1887,265,None
30829,792,265,MoveRight,1887,265,None
30830,799,265,MoveRight,1887,265,None
30831,806,265,MoveRight,1887,265,None
30831,806,265,None,1880,265,MoveLeft
30832,813,265,MoveRight,1880,265,None
30832,813,265,None,1873,265,MoveLeft
30833,820,265,MoveRight,1873,265,None
30833,820,265,None,1866,265,MoveLeft
30834,827,265,MoveRight,1866,265,None
30834,827,265,None,1859,265,MoveLeft
30835,834,265,MoveRight,1859,265,None
30835,834,265,None,1852,265,MoveLeft
30836,841,265,MoveRight,1852,265,None
30836,841,265,None,1845,265,MoveLeft
30837,848,265,MoveRight,1845,265,None
30837,848,265,None,1838,265,MoveLeft
30838,855,265,MoveRight,1838,265,None
30838,855,265,None,1831,265,MoveLeft
30839,862,265,MoveRight,1831,265,None
30839,862,265,None,1824,265,MoveLeft
30840,869,265,MoveRight,1824,265,None
30840,869,265,None,1817,265,MoveLeft
30841,876,265,MoveRight,1817,265,None
30841,876,265,None,1810,265,MoveLeft
30842,883,265,MoveRight,1810,265,None
30842,883,265,None,1803,265,MoveLeft
30843,890,265,MoveRight,1803,265,None
30843,890,265,None,1796,265,MoveLeft
30844,897,265,MoveRight,1796,265,None
30844,897,265,None,1789,265,MoveLeft
30845,904,265,MoveRight,1789,265,None
30845,904,265,None,1782,265,MoveLeft
30846,911,265,MoveRight,1782,265,None
30846,911,265,None,1775,265,MoveLeft
30847,918,265,MoveRight,1775,265,None
30847,918,265,None,1768,265,MoveLeft
30848,925,265,MoveRight,1768,265,None
30848,925,265,None,1761,265,MoveLeft
30849,932,265,MoveRight,1761,265,None
30849,932,265,None,1754,265,MoveLeft
30850,939,265,MoveRight,1754,265,None
30850,939,265,None,1747,265,MoveLeft
30851,946,265,MoveRight,1747,265,None
30851,946,265,None,1740,265,MoveLeft
30852,953,265,MoveRight,1740,265,None
30852,953,265,None,1733,265,MoveLeft
30853,960,265,MoveRight,1733,265,None
30853,960,265,None,1733,265,None
30854,967,265,MoveRight,1733,265,None
30854,967,265,None,1733,265,None
30855,974,265,MoveRight,1733,265,None
30855,974,265,None,1733,265,None
30856,981,265,MoveRight,1733,265,None
30856,981,265,None,1733,265,None
30857,988,265,MoveRight,1733,265,None
30857,988,265,None,1733,265,None
30858,995,265,MoveRight,1733,265,None
30858,995,265,None,1733,265,None
30859,1002,265,MoveRight,1733,265,None
30859,1002,265,None,1733,265,None
30860,1009,265,MoveRight,1733,265,None
30860,1009,265,None,1733,265,None
30861,1016,265,MoveRight,1733,265,None
30861,1016,265,None,1733,265,None
30862,1016,265,None,1733,265,None
30863,1016,265,None,1733,265,None
30864,1016,265,None,1733,265,None
30865,1016,265,None,1733,265,None
30866,1016,265,None,1733,265,None
30867,1016,265,None,1733,265,None
30868,1016,265,None,1733,265,None
30869,1016,265,None,1733,265,None
30870,1016,265,None,1733,265,None
30871,1016,265,None,1733,265,None
30872,1016,265,None,1733,265,None
30873,1009,265,MoveLeft,1733,265,None
30873,1009,265,None,1733,265,None
30874,1002,265,MoveLeft,1733,265,None
30874,1002,265,None,1733,265,None
30875,1002,265,None,1733,265,None
30875,1002,265,None,1733,265,None
30876,1002,265,None,1733,265,None
30876,1002,265,None,1733,265,None
30877,1002,265,None,1733,265,None
30877,1002,265,None,1733,265,None
30878,1002,265,None,1733,265,None
30878,1002,265,None,1733,265,None
30879,1002,265,None,1733,265,None
30879,1002,265,None,1733,265,None
30880,1002,265,None,1733,265,None
30880,1002,265,None,1733,265,None
30881,1002,265,None,1733,265,None
30881,1002,265,None,1733,265,None
30882,1002,265,Bump,1733,265,None
30882,1002,265,None,1733,265,None
30882,1002,265,None,1733,265,None
30883,1002,265,None,1726,265,MoveLeft
30884,1002,265,None,1719,265,MoveLeft
30885,1002,265,None,1712,265,MoveLeft
30886,1002,265,None,1705,265,MoveLeft
30887,1002,265,None,1698,265,MoveLeft
30888,1002,265,None,1691,265,MoveLeft
30889,1002,265,None,1684,265,MoveLeft
30890,1002,265,None,1677,265,MoveLeft
30891,1002,265,None,1670,265,MoveLeft
30892,1002,265,None,1663,265,MoveLeft
30893,1002,265,None,1656,265,MoveLeft
30894,1002,265,None,1649,265,MoveLeft
30895,1002,265,None,1642,265,MoveLeft
30896,1002,265,None,1635,265,MoveLeft
30897,1002,265,None,1628,265,MoveLeft
30898,1002,265,None,1621,265,MoveLeft
30899,1002,265,None,1614,265,MoveLeft
30900,1002,265,None,1607,265,MoveLeft
30901,1002,265,None,1600,265,MoveLeft
30902,1009,265,MoveRight,1600,265,None
30902,1009,265,None,1593,265,MoveLeft
30903,1016,265,MoveRight,1593,265,None
30903,1016,265,None,1586,265,MoveLeft
30904,1023,265,MoveRight,1586,265,None
30904,1023,265,None,1579,265,MoveLeft
30905,1030,265,MoveRight,1579,265,None
30905,1030,265,None,1572,265,MoveLeft
30906,1037,265,MoveRight,1572,265,None
30907,1044,265,MoveRight,1572,265,None
30908,1051,265,MoveRight,1572,265,None
30909,1058,265,MoveRight,1572,265,None
30910,1065,265,MoveRight,1572,265,None
30911,1072,265,MoveRight,1572,265,None
30912,1079,265,MoveRight,1572,265,None
30913,1086,265,MoveRight,1572,265,None
30914,1093,265,MoveRight,1572,265,None
30915,1100,265,MoveRight,1572,265,None
30916,1107,265,MoveRight,1572,265,None
30917,1114,265,MoveRight,1572,265,None
30918,1121,265,MoveRight,1572,265,None
30919,1128,265,MoveRight,1572,265,None
30920,1135,265,MoveRight,1572,265,None
30921,1142,265,MoveRight,1572,265,None
30922,1149,265,MoveRight,1572,265,None
30923,1156,265,MoveRight,1572,265,None
30924,1163,265,MoveRight,1572,265,None
30925,1170,265,MoveRight,1572,265,None
30926,1177,265,MoveRight,1572,265,None
30927,1184,265,MoveRight,1572,265,None
30928,1191,265,MoveRight,1572,265,None
30929,1198,265,MoveRight,1572,265,None
30930,1205,265,MoveRight,1572,265,None
30931,1212,265,MoveRight,1572,265,None
30932,1219,265,MoveRight,1572,265,None
30933,1226,265,MoveRight,1572,265,None
30934,1233,265,MoveRight,1572,265,None
30935,1240,265,MoveRight,1572,265,None
30936,1247,265,MoveRight,1572,265,None
30944,1240,265,MoveLeft,1572,265,None
30945,1233,265,MoveLeft,1572,265,None
30946,1226,265,MoveLeft,1572,265,None
30947,1219,265,MoveLeft,1572,265,None
30948,1212,265,MoveLeft,1572,265,None
30949,1205,265,MoveLeft,1572,265,None
30950,1198,265,MoveLeft,1572,265,None
30951,1191,265,MoveLeft,1572,265,None
30962,1184,265,MoveLeft,1572,265,None
30963,1177,265,MoveLeft,1572,265,None
30964,1170,265,MoveLeft,1572,265,None
30965,1163,265,MoveLeft,1572,265,None
30966,1156,265,MoveLeft,1572,265,None
30967,1149,265,MoveLeft,1572,265,None
30968,1142,265,MoveLeft,1572,265,None
30969,1135,265,MoveLeft,1572,265,None
30970,1128,265,MoveLeft,1572,265,None
30971,1121,265,MoveLeft,1572,265,None
30972,1114,265,MoveLeft,1572,265,None
30973,1107,265,MoveLeft,1572,265,None
30974,1100,265,MoveLeft,1572,265,None
30975,1093,265,MoveLeft,1572,265,None
30976,1086,265,MoveLeft,1572,265,None
30977,1079,265,MoveLeft,1572,265,None
30978,1072,265,MoveLeft,1572,265,None
30979,1065,265,MoveLeft,1572,265,None
30980,1058,265,MoveLeft,1572,265,None
30981,1051,265,MoveLeft,1572,265,None
30982,1044,265,MoveLeft,1572,265,None
30983,1044,265,None,1572,265,SpikeLight
30983,1037,265,MoveLeft,1572,265,None
30983,1037,265,None,1572,265,None
30984,1030,265,MoveLeft,1572,265,None
30985,1023,265,MoveLeft,1572,265,None
30986,1016,265,MoveLeft,1572,265,None
30987,1009,265,MoveLeft,1572,265,None
30988,1002,265,MoveLeft,1572,265,None
30989,995,265,MoveLeft,1572,265,None
30990,988,265,MoveLeft,1572,265,None
30991,981,265,MoveLeft,1572,265,None
30992,974,265,MoveLeft,1572,265,None
30993,967,265,MoveLeft,1572,265,None
30994,960,265,MoveLeft,1572,265,None
30994,960,265,None,1579,265,MoveRight
30995,953,265,MoveLeft,1579,265,None
30995,953,265,None,1586,265,MoveRight
30996,946,265,MoveLeft,1586,265,None
30996,946,265,None,1593,265,MoveRight
30997,939,265,MoveLeft,1593,265,None
30997,939,265,None,1600,265,MoveRight
30998,932,265,MoveLeft,1600,265,None
30998,932,265,None,1607,265,MoveRight
30999,925,265,MoveLeft,1607,265,None
30999,925,265,None,1614,265,MoveRight
31000,918,265,MoveLeft,1614,265,None
31000,918,265,None,1621,265,MoveRight
31001,911,265,MoveLeft,1621,265,None
31001,911,265,None,1628,265,MoveRight
31002,911,265,None,1635,265,MoveRight
31003,911,265,None,1642,265,MoveRight
31004,911,265,None,1649,265,MoveRight
31005,911,265,None,1656,265,MoveRight
31006,911,265,None,1663,265,MoveRight
31007,911,265,None,1670,265,MoveRight
31008,911,265,None,1677,265,MoveRight
31009,918,265,MoveRight,1677,265,None
31009,918,265,None,1684,265,MoveRight
31010,925,265,MoveRight,1684,265,None
31010,925,265,None,1691,265,MoveRight
31011,932,265,MoveRight,1691,265,None
31011,932,265,None,1698,265,MoveRight
31012,939,265,MoveRight,1698,265,None
31012,939,265,None,1705,265,MoveRight
31013,946,265,MoveRight,1705,265,None
31013,946,265,None,1712,265,MoveRight
31014,953,265,MoveRight,1712,265,None
31014,953,265,None,1719,265,MoveRight
31015,960,265,MoveRight,1719,265,None
31015,960,265,None,1726,265,MoveRight
31016,967,265,MoveRight,1726,265,None
31016,967,265,None,1726,265,None
31017,974,265,MoveRight,1726,265,None
31017,974,265,None,1726,265,None
31018,981,265,MoveRight,1726,265,None
31018,981,265,None,1726,265,None
31019,988,265,MoveRight,1726,265,None
31019,988,265,None,1726,265,None
31020,995,265,MoveRight,1726,265,None
31020,995,265,None,1726,265,None
31021,1002,265,MoveRight,1726,265,None
31021,1002,265,None,1726,265,None
31022,1009,265,MoveRight,1726,265,None
31022,1009,265,None,1726,265,None
31023,1016,265,MoveRight,1726,265,None
31023,1016,265,None,1726,265,None
31024,1023,265,MoveRight,1726,265,None
31024,1023,265,None,1726,265,None
31025,1030,265,MoveRight,1726,265,None
31025,1030,265,None,1726,265,None
31026,1037,265,MoveRight,1726,265,None
31026,1037,265,None,1726,265,None
31027,1044,265,MoveRight,1726,265,None
31027,1044,265,None,1726,265,None
31028,1051,265,MoveRight,1726,265,None
31028,1051,265,None,1726,265,None
31029,1058,265,MoveRight,1726,265,None
31029,1058,265,None,1726,265,None
31030,1065,265,MoveRight,1726,265,None
31030,1065,265,None,1726,265,None
31031,1072,265,MoveRight,1726,265,None
31031,1072,265,None,1726,265,None
31032,1079,265,MoveRight,1726,265,None
31032,1079,265,None,1726,265,None
31033,1086,265,MoveRight,1726,265,None
31033,1086,265,None,1726,265,None
31034,1093,265,MoveRight,1726,265,None
31034,1093,265,None,1726,265,None
31035,1100,265,MoveRight,1726,265,None
31035,1100,265,None,1726,265,None
31036,1107,265,MoveRight,1726,265,None
31036,1107,265,None,1726,265,None
31037,1114,265,MoveRight,1726,265,None
31037,1114,265,None,1726,265,None
31038,1121,265,MoveRight,1726,265,None
31038,1121,265,None,1726,265,None
31039,1128,265,MoveRight,1726,265,None
31039,1128,265,None,1726,265,None
31040,1135,265,MoveRight,1726,265,None
31040,1135,265,None,1726,265,None
31041,1142,265,MoveRight,1726,265,None
31041,1142,265,None,1726,265,None
31042,1149,265,MoveRight,1726,265,None
31042,1149,265,None,1726,265,None
31043,1156,265,MoveRight,1726,265,None
31043,1156,265,None,1726,265,None
31044,1156,265,Bump,1726,265,None
31044,1163,265,MoveRight,1726,265,None
31044,1163,265,None,1726,265,None
31045,1163,265,None,1733,265,MoveRight
31046,1163,265,None,1740,265,MoveRight
31047,1163,265,None,1747,265,MoveRight
31048,1163,265,None,1754,265,MoveRight
31068,1170,265,MoveRight,1754,265,None
31069,1177,265,MoveRight,1754,265,None
31070,1184,265,MoveRight,1754,265,None
31071,1191,265,MoveRight,1754,265,None
31072,1198,265,MoveRight,1754,265,None
31073,1205,265,MoveRight,1754,265,None
31074,1212,265,MoveRight,1754,265,None
31075,1219,265,MoveRight,1754,265,None
31076,1226,265,MoveRight,1754,265,None
31077,1233,265,MoveRight,1754,265,None
31078,1240,265,MoveRight,1754,265,None
31079,1247,265,MoveRight,1754,265,None
31080,1254,265,MoveRight,1754,265,None
31081,1261,265,MoveRight,1754,265,None
31082,1268,265,MoveRight,1754,265,None
31090,1261,265,MoveLeft,1754,265,None
31091,1254,265,MoveLeft,1754,265,None
31092,1247,265,MoveLeft,1754,265,None
31093,1240,265,MoveLeft,1754,265,None
31094,1233,265,MoveLeft,1754,265,None
31095,1226,265,MoveLeft,1754,265,None
31096,1219,265,MoveLeft,1754,265,None
31097,1212,265,MoveLeft,1754,265,None
31098,1205,265,MoveLeft,1754,265,None
31099,1198,265,MoveLeft,1754,265,None
31100,1191,265,MoveLeft,1754,265,None
31101,1184,265,MoveLeft,1754,265,None
31102,1177,265,MoveLeft,1754,265,None
31103,1170,265,MoveLeft,1754,265,None
31104,1163,265,MoveLeft,1754,265,None
31105,1156,265,MoveLeft,1754,265,None
31106,1149,265,MoveLeft,1754,265,None
31107,1142,265,MoveLeft,1754,265,None
31108,1135,265,MoveLeft,1754,265,None
31109,1128,265,MoveLeft,1754,265,None
31110,1121,265,MoveLeft,1754,265,None
31111,1114,265,MoveLeft,1754,265,None
31112,1107,265,MoveLeft,1754,265,None
31113,1100,265,MoveLeft,1754,265,None
31114,1093,265,MoveLeft,1754,265,None
31115,1086,265,MoveLeft,1754,265,None
31116,1079,265,MoveLeft,1754,265,None
31117,1072,265,MoveLeft,1754,265,None
31118,1065,265,MoveLeft,1754,265,None
31119,1058,265,MoveLeft,1754,265,None
31120,1051,265,MoveLeft,1754,265,None
31121,1044,265,MoveLeft,1754,265,None
31122,1037,265,MoveLeft,1754,265,None
31123,1030,265,MoveLeft,1754,265,None
31124,1023,265,MoveLeft,1754,265,None
31125,1016,265,MoveLeft,1754,265,None
31126,1009,265,MoveLeft,1754,265,None
31134,1016,265,MoveRight,1754,265,None
31135,1023,265,MoveRight,1754,265,None
31136,1030,265,MoveRight,1754,265,None
31137,1037,265,MoveRight,1754,265,None
31138,1044,265,MoveRight,1754,265,None
31139,1051,265,MoveRight,1754,265,None
31140,1058,265,MoveRight,1754,265,None
31141,1065,265,MoveRight,1754,265,None
31142,1072,265,MoveRight,1754,265,None
31143,1079,265,MoveRight,1754,265,None
31144,1086,265,MoveRight,1754,265,None
31145,1093,265,MoveRight,1754,265,None
31149,1093,265,None,1754,265,SpikeMedium
31149,1093,265,None,1754,265,None
31159,1093,265,None,1747,265,MoveLeft
31160,1093,265,None,1740,265,MoveLeft
31161,1093,265,None,1733,265,MoveLeft
31162,1093,265,None,1733,265,None
31163,1093,265,None,1733,265,None
31164,1093,265,None,1733,265,None
31165,1093,265,None,1733,265,None
31166,1093,265,None,1733,265,None
31167,1093,265,None,1733,265,None
31168,1093,265,None,1733,265,None
31169,1093,265,None,1733,265,None
31170,1093,265,None,1733,265,None
31171,1093,265,None,1733,265,None
31172,1093,265,None,1733,265,None
31173,1093,265,None,1733,265,None
31174,1093,265,None,1733,265,None
31175,1093,265,None,1733,265,None
31176,1093,265,None,1733,265,None
31177,1093,265,None,1733,265,None
31178,1093,265,None,1733,265,None
31179,1093,265,None,1733,265,None
31180,1093,265,None,1733,265,None
31181,1093,265,None,1733,265,None
31182,1093,265,None,1733,265,None
31183,1093,265,None,1733,265,None
31184,1093,265,None,1733,265,None
31185,1093,265,None,1733,265,None
31186,1093,265,None,1733,265,None
31187,1093,265,None,1733,265,None
31188,1093,265,None,1733,265,None
31189,1093,265,None,1733,265,None
31190,1093,265,None,1733,265,None
31191,1093,265,None,1733,265,None
31192,1093,265,None,1733,265,None
31193,1093,265,None,1733,265,None
31194,1086,265,MoveLeft,1733,265,None
31194,1086,265,None,1733,265,None
31195,1079,265,MoveLeft,1733,265,None
31195,1079,265,None,1733,265,None
31196,1072,265,MoveLeft,1733,265,None
31196,1072,265,None,1733,265,None
31197,1065,265,MoveLeft,1733,265,None
31197,1065,265,None,1733,265,None
31198,1058,265,MoveLeft,1733,265,None
31198,1058,265,None,1733,265,None
31199,1051,265,MoveLeft,1733,265,None
31199,1051,265,None,1733,265,None
31200,1044,265,MoveLeft,1733,265,None
31200,1044,265,None,1733,265,None
31201,1037,265,MoveLeft,1733,265,None
31201,1037,265,None,1733,265,None
31202,1030,265,MoveLeft,1733,265,None
31202,1030,265,None,1733,265,None
31203,1023,265,MoveLeft,1733,265,None
31203,1023,265,None,1733,265,None
31204,1016,265,MoveLeft,1733,265,None
31204,1016,265,None,1733,265,None
31205,1009,265,MoveLeft,1733,265,None
31205,1009,265,None,1733,265,None
31206,1002,265,MoveLeft,1733,265,None
31206,1002,265,None,1733,265,None
31207,995,265,MoveLeft,1733,265,None
31207,995,265,None,1733,265,None
31208,988,265,MoveLeft,1733,265,None
31208,988,265,None,1733,265,None
31209,981,265,MoveLeft,1733,265,None
31209,981,265,None,1733,265,None
31210,981,265,Bump,1733,265,None
31210,974,265,MoveLeft,1733,265,None
31210,974,265,None,1733,265,None
31211,974,265,None,1726,265,MoveLeft
31212,974,265,None,1719,265,MoveLeft
31213,974,265,None,1712,265,MoveLeft
31214,974,265,None,1705,265,MoveLeft
31215,974,265,None,1698,265,MoveLeft
31216,974,265,None,1691,265,MoveLeft
31217,974,265,None,1684,265,MoveLeft
31218,974,265,None,1677,265,MoveLeft
31219,974,265,None,1670,265,MoveLeft
31220,974,265,None,1663,265,MoveLeft
31221,974,265,None,1656,265,MoveLeft
31222,974,265,None,1649,265,MoveLeft
31223,974,265,None,1642,265,MoveLeft
31224,974,265,None,1635,265,MoveLeft
31225,974,265,None,1628,265,MoveLeft
31226,974,265,None,1621,265,MoveLeft
31227,974,265,None,1614,265,MoveLeft
31228,974,265,None,1607,265,MoveLeft
31229,974,265,None,1600,265,MoveLeft
31230,974,265,None,1593,265,MoveLeft
31231,974,265,None,1586,265,MoveLeft
31232,974,265,None,1579,265,MoveLeft
31233,981,265,MoveRight,1579,265,None
31233,981,265,None,1572,265,MoveLeft
31234,988,265,MoveRight,1572,265,None
31234,988,265,None,1565,265,MoveLeft
31235,995,265,MoveRight,1565,265,None
31235,995,265,None,1558,265,MoveLeft
31236,1002,265,MoveRight,1558,265,None
31236,1002,265,None,1551,265,MoveLeft
31237,1009,265,MoveRight,1551,265,None
31237,1009,265,None,1544,265,MoveLeft
31238,1016,265,MoveRight,1544,265,None
31238,1016,265,None,1537,265,MoveLeft
31239,1023,265,MoveRight,1537,265,None
31239,1023,265,None,1530,265,MoveLeft
31240,1030,265,MoveRight,1530,265,None
31240,1030,265,None,1523,265,MoveLeft
31241,1037,265,MoveRight,1523,265,None
31241,1037,265,None,1516,265,MoveLeft
31242,1044,265,MoveRight,1516,265,None
31242,1044,265,None,1509,265,MoveLeft
31243,1051,265,MoveRight,1509,265,None
31243,1051,265,None,1502,265,MoveLeft
31244,1058,265,MoveRight,1502,265,None
31244,1058,265,None,1495,265,MoveLeft
31245,1065,265,MoveRight,1495,265,None
31245,1065,265,None,1488,265,MoveLeft
31246,1072,265,MoveRight,1488,265,None
31246,1072,265,None,1481,265,MoveLeft
31247,1079,265,MoveRight,1481,265,None
31247,1079,265,None,1474,265,MoveLeft
31248,1086,265,MoveRight,1474,265,None
31248,1086,265,None,1467,265,MoveLeft
31249,1093,265,MoveRight,1467,265,None
31249,1093,265,None,1460,265,MoveLeft
31250,1100,265,MoveRight,1460,265,None
31251,1107,265,MoveRight,1460,265,None
31252,1114,265,MoveRight,1460,265,None
31253,1121,265,MoveRight,1460,265,None
31254,1128,265,MoveRight,1460,265,None
31255,1135,265,MoveRight,1460,265,None
31256,1142,265,MoveRight,1460,265,None
31257,1149,265,MoveRight,1460,265,None
31258,1156,265,MoveRight,1460,265,None
31259,1163,265,MoveRight,1460,265,None
31260,1170,265,MoveRight,1460,265,None
31261,1173.5,284.62,MoveRight,1460,265,None
31262,1177,304.24,MoveRight,1460,265,None
31263,1180.5,314.05,MoveRight,1460,265,None
31264,1184,323.86,MoveRight,1460,265,None
31265,1187.5,333.67,MoveRight,1460,265,None
31266,1191,343.48,MoveRight,1460,265,None
31267,1194.5,353.29,MoveRight,1460,265,None
31268,1198,363.1,MoveRight,1460,265,None
31269,1201.5,372.91,MoveRight,1460,265,None
31270,1205,382.72,MoveRight,1460,265,None
31271,1208.5,392.53,MoveRight,1460,265,None
31272,1212,402.34,MoveRight,1460,265,None
31273,1215.5,412.15,MoveRight,1460,265,None
31274,1219,421.96,MoveRight,1460,265,None
31275,1222.5,431.77,MoveRight,1460,265,None
31276,1222.5,421.96,Set,1460,265,None
31276,1226,441.58,MoveRight,1460,265,None
31277,1226,451.39,None,1467,265,MoveRight
31278,1226,461.2,None,1474,265,MoveRight
31279,1226,471.01,None,1481,265,MoveRight
31280,1226,480.82,None,1488,265,MoveRight
31281,1226,490.63,None,1495,265,MoveRight
31282,1226,500.44,None,1502,265,MoveRight
31283,1226,510.25,None,1509,265,MoveRight
31284,1226,520.06,None,1516,265,MoveRight
31285,1226,529.87,None,1523,265,MoveRight
31286,1226,539.68,None,1530,265,MoveRight
31287,1226,549.49,None,1537,265,MoveRight
31288,1226,559.3,None,1544,265,MoveRight
31289,1226,569.11,None,1551,265,MoveRight
31290,1229.5,578.92,MoveRight,1551,265,None
31290,1229.5,578.92,None,1558,265,MoveRight
31291,1233,569.11,MoveRight,1558,265,None
31291,1233,569.11,None,1565,265,MoveRight
31292,1236.5,559.3,MoveRight,1565,265,None
31292,1236.5,559.3,None,1572,265,MoveRight
31293,1240,549.49,MoveRight,1572,265,None
31293,1240,549.49,None,1579,265,MoveRight
31294,1243.5,539.68,MoveRight,1579,265,None
31294,1243.5,539.68,None,1586,265,MoveRight
31295,1247,529.87,MoveRight,1586,265,None
31295,1247,529.87,None,1593,265,MoveRight
31296,1250.5,520.06,MoveRight,1593,265,None
31296,1250.5,520.06,None,1600,265,MoveRight
31297,1254,510.25,MoveRight,1600,265,None
31297,1254,510.25,None,1607,265,MoveRight
31298,1257.5,500.44,MoveRight,1607,265,None
31298,1257.5,500.44,None,1614,265,MoveRight
31299,1261,490.63,MoveRight,1614,265,None
31299,1261,490.63,None,1621,265,MoveRight
31300,1264.5,480.82,MoveRight,1621,265,None
31300,1264.5,480.82,None,1628,265,MoveRight
31301,1264.5,471.01,None,1635,265,MoveRight
31302,1264.5,461.2,None,1642,265,MoveRight
31303,1264.5,451.39,None,1649,265,MoveRight
31304,1264.5,441.58,None,1656,265,MoveRight
31305,1264.5,431.77,None,1663,265,MoveRight
31306,1264.5,421.96,None,1670,265,MoveRight
31307,1264.5,412.15,None,1677,265,MoveRight
31308,1264.5,402.34,None,1684,265,MoveRight
31309,1264.5,392.53,None,1691,265,MoveRight
31310,1264.5,382.72,None,1698,265,MoveRight
31311,1264.5,372.91,None,1705,265,MoveRight
31312,1264.5,363.1,None,1712,265,MoveRight
31313,1264.5,353.29,None,1719,265,MoveRight
31314,1264.5,343.48,None,1726,265,MoveRight
31346,1264.5,284.62,None,1726,265,None
31365,1268,480.82,MoveRight,1726,265,None
31366,1271.5,490.63,MoveRight,1726,265,None
31367,1275,500.44,MoveRight,1726,265,None
31368,1278.5,510.25,MoveRight,1726,265,None
31369,1282,520.06,MoveRight,1726,265,None
31370,1285.5,529.87,MoveRight,1726,265,None
31371,1289,539.68,MoveRight,1726,265,None
31372,1292.5,549.49,MoveRight,1726,265,None
31373,1296,559.3,MoveRight,1726,265,None
31374,1299.5,569.11,MoveRight,1726,265,None
31375,1303,578.92,MoveRight,1726,265,None
31376,1306.5,569.11,MoveRight,1726,265,None
31377,1310,559.3,MoveRight,1726,265,None
31378,1310,549.49,Spike,1726,265,None
31378,1313.5,549.49,MoveRight,1726,265,None
31379,1313.5,539.68,None,1719,265,MoveLeft
31380,1313.5,529.87,None,1712,265,MoveLeft
31381,1313.5,520.06,None,1705,265,MoveLeft
31382,1313.5,510.25,None,1698,265,MoveLeft
31383,1313.5,500.44,None,1691,265,MoveLeft
31384,1313.5,490.63,None,1684,265,MoveLeft
31385,1313.5,480.82,None,1677,265,MoveLeft
31386,1313.5,471.01,None,1670,265,MoveLeft
31387,1313.5,461.2,None,1663,265,MoveLeft
31391,337,265,MoveRight,1670,265,None
31392,344,265,MoveRight,1670,265,None
31393,351,265,MoveRight,1670,265,None
31394,358,265,MoveRight,1670,265,None
31395,365,265,MoveRight,1670,265,None
31396,372,265,MoveRight,1670,265,None
31397,379,265,MoveRight,1670,265,None
31398,386,265,MoveRight,1670,265,None
31401,379,265,MoveLeft,1670,265,None
31402,372,265,MoveLeft,1670,265,None
31403,365,265,MoveLeft,1670,265,None
31404,358,265,MoveLeft,1670,265,None
31405,351,265,MoveLeft,1670,265,None
31406,344,265,MoveLeft,1670,265,None
31407,337,265,MoveLeft,1670,265,None
31408,330,265,MoveLeft,1670,265,None
31409,323,265,MoveLeft,1670,265,None
31410,316,265,MoveLeft,1670,265,None
31411,309,265,MoveLeft,1670,265,None
31412,302,265,MoveLeft,1670,265,None
31413,295,265,MoveLeft,1670,265,None
31414,288,265,MoveLeft,1670,265,None
31415,281,265,MoveLeft,1670,265,None
31416,274,265,MoveLeft,1670,265,None
31417,267,265,MoveLeft,1670,265,None
31418,260,265,MoveLeft,1670,265,None
31419,253,265,MoveLeft,1670,265,None
31420,246,265,MoveLeft,1670,265,None
31421,239,265,MoveLeft,1670,265,None
31422,232,265,MoveLeft,1670,265,None
31423,225,265,MoveLeft,1670,265,None
31424,218,265,MoveLeft,1670,265,None
31425,211,265,MoveLeft,1670,265,None
31426,204,265,MoveLeft,1670,265,None
31427,197,265,MoveLeft,1670,265,None
31428,190,265,MoveLeft,1670,265,None
31430,197,265,MoveRight,1670,265,None
31431,204,265,MoveRight,1670,265,None
31432,211,265,MoveRight,1670,265,None
31433,218,265,MoveRight,1670,265,None
31434,225,265,MoveRight,1670,265,None
31435,232,265,MoveRight,1670,265,None
31436,239,265,MoveRight,1670,265,None
31437,246,265,MoveRight,1670,265,None
31438,253,265,MoveRight,1670,265,None
31439,260,265,MoveRight,1670,265,None
31440,267,265,MoveRight,1670,265,None
31721,267,284.62,None,1670,265,None
31751,267,569.11,Serve,1670,265,None
31751,267,569.11,None,1670,265,None
31752,267,559.3,None,1677,265,MoveRight
31753,267,549.49,None,1684,265,MoveRight
31754,267,539.68,None,1691,265,MoveRight
31755,267,529.87,None,1698,265,MoveRight
31756,267,520.06,None,1705,265,MoveRight
31757,267,510.25,None,1712,265,MoveRight
31758,267,500.44,None,1719,265,MoveRight
31759,267,490.63,None,1726,265,MoveRight
31770,270.5,382.72,MoveRight,1726,265,None
31771,274,372.91,MoveRight,1726,265,None
31772,277.5,363.1,MoveRight,1726,265,None
31773,281,353.29,MoveRight,1726,265,None
31774,284.5,343.48,MoveRight,1726,265,None
31775,288,333.67,MoveRight,1726,265,None
31776,291.5,323.86,MoveRight,1726,265,None
31777,295,314.05,MoveRight,1726,265,None
31778,298.5,304.24,MoveRight,1726,265,None
31779,302,294.43,MoveRight,1726,265,None
31780,305.5,284.62,MoveRight,1726,265,None
31781,309,274.81,MoveRight,1726,265,None
31782,316,265,MoveRight,1726,265,None
31783,323,265,MoveRight,1726,265,None
31784,330,265,MoveRight,1726,265,None
31785,337,265,MoveRight,1726,265,None
31786,344,265,MoveRight,1726,265,None
31787,351,265,MoveRight,1726,265,None
31788,358,265,MoveRight,1726,265,None
31789,365,265,MoveRight,1726,265,None
31790,372,265,MoveRight,1726,265,None
31791,379,265,MoveRight,1726,265,None
31792,386,265,MoveRight,1726,265,None
31793,393,265,MoveRight,1726,265,None
31794,400,265,MoveRight,1726,265,None
31795,407,265,MoveRight,1726,265,None
31796,414,265,MoveRight,1726,265,None
31797,421,265,MoveRight,1726,265,None
31798,428,265,MoveRight,1726,265,None
31799,435,265,MoveRight,1726,265,None
31800,442,265,MoveRight,1726,265,None
31801,449,265,MoveRight,1726,265,None
31802,456,265,MoveRight,1726,265,None
31803,463,265,MoveRight,1726,265,None
31804,470,265,MoveRight,1726,265,None
31805,477,265,MoveRight,1726,265,None
31806,484,265,MoveRight,1726,265,None
31807,491,265,MoveRight,1726,265,None
31808,498,265,MoveRight,1726,265,None
31809,505,265,MoveRight,1726,265,None
31810,512,265,MoveRight,1726,265,None
31811,519,265,MoveRight,1726,265,None
31812,526,265,MoveRight,1726,265,None
31813,1157,265,MoveRight,2410,265,None
31814,1164,265,MoveRight,2410,265,None
31815,1171,265,MoveRight,2410,265,None
31816,1178,265,MoveRight,2410,265,None
31817,1185,265,MoveRight,2410,265,None
31818,1192,265,MoveRight,2410,265,None
31819,1199,265,MoveRight,2410,265,None
31820,1206,265,MoveRight,2410,265,None
31821,1213,265,MoveRight,2410,265,None
31822,1220,265,MoveRight,2410,265,None
31823,1227,265,MoveRight,2410,265,None
31824,1234,265,MoveRight,2410,265,None
31825,1241,265,MoveRight,2410,265,None
31826,1248,265,MoveRight,2410,265,None
31827,1255,265,MoveRight,2410,265,None
31828,1262,265,MoveRight,2410,265,None
31829,1269,265,MoveRight,2410,265,None
31863,1269,265,None,2410,265,Serve
31863,1269,265,None,2410,265,None
31882,1269,265,None,2403,265,MoveLeft
31883,1269,265,None,2396,265,MoveLeft
31884,1269,265,None,2389,265,MoveLeft
31885,1269,265,None,2382,265,MoveLeft
31886,1269,265,None,2375,265,MoveLeft
31887,1269,265,None,2368,265,MoveLeft
31888,1269,265,None,2361,265,MoveLeft
31889,1269,265,None,2354,265,MoveLeft
31890,1269,265,None,2347,265,MoveLeft
31891,1269,265,None,2340,265,MoveLeft
31892,1269,265,None,2333,265,MoveLeft
31893,1269,265,None,2326,265,MoveLeft
31894,1269,265,None,2319,265,MoveLeft
31895,1269,265,None,2312,265,MoveLeft
31896,1269,265,None,2305,265,MoveLeft
31897,1269,265,None,2298,265,MoveLeft
31898,1269,265,None,2291,265,MoveLeft
31899,1269,265,None,2284,265,MoveLeft
31900,1269,265,None,2277,265,MoveLeft
31901,1269,265,None,2270,265,MoveLeft
31902,1269,265,None,2263,265,MoveLeft
31903,1269,265,None,2256,265,MoveLeft
31904,1269,265,None,2249,265,MoveLeft
31905,1269,265,None,2242,265,MoveLeft
31906,1269,265,None,2235,265,MoveLeft
31907,1269,265,None,2228,265,MoveLeft
31908,1269,265,None,2221,265,MoveLeft
31909,1269,265,None,2214,265,MoveLeft
31910,1269,265,None,2207,265,MoveLeft
31911,1269,265,None,2200,265,MoveLeft
31912,1269,265,None,2193,265,MoveLeft
31913,1269,265,None,2186,265,MoveLeft
31914,1269,265,None,2179,265,MoveLeft
31915,1269,265,None,2172,265,MoveLeft
31916,1269,265,None,2165,265,MoveLeft
31917,1269,265,None,2158,265,MoveLeft
31918,1262,265,MoveLeft,2158,265,None
31918,1262,265,None,2151,265,MoveLeft
31919,1255,265,MoveLeft,2151,265,None
31919,1255,265,None,2144,265,MoveLeft
31920,1248,265,MoveLeft,2144,265,None
31920,1248,265,None,2137,265,MoveLeft
31921,1241,265,MoveLeft,2137,265,None
31921,1241,265,None,2130,265,MoveLeft
31922,1234,265,MoveLeft,2130,265,None
31922,1234,265,None,2123,265,MoveLeft
31923,1227,265,MoveLeft,2123,265,None
31923,1227,265,None,2116,265,MoveLeft
31924,1220,265,MoveLeft,2116,265,None
31924,1220,265,None,2109,265,MoveLeft
31925,1213,265,MoveLeft,2109,265,None
31925,1213,265,None,2102,265,MoveLeft
31926,1206,265,MoveLeft,2102,265,None
31926,1206,265,None,2095,265,MoveLeft
31927,1199,265,MoveLeft,2095,265,None
31927,1199,265,None,2088,265,MoveLeft
31928,1192,265,MoveLeft,2088,265,None
31928,1192,265,None,2081,265,MoveLeft
31929,1185,265,MoveLeft,2081,265,None
31929,1185,265,None,2074,265,MoveLeft
31930,1178,265,MoveLeft,2074,265,None
31930,1178,265,None,2067,265,MoveLeft
31931,1171,265,MoveLeft,2067,265,None
31931,1171,265,None,2060,265,MoveLeft
31932,1164,265,MoveLeft,2060,265,None
31932,1164,265,None,2053,265,MoveLeft
31933,1157,265,MoveLeft,2053,265,None
31933,1157,265,None,2046,265,MoveLeft
31934,1150,265,MoveLeft,2046,265,None
31934,1150,265,None,2039,265,MoveLeft
31935,1143,265,MoveLeft,2039,265,None
31935,1143,265,None,2032,265,MoveLeft
31936,1136,265,MoveLeft,2032,265,None
31936,1136,265,None,2025,265,MoveLeft
31937,1129,265,MoveLeft,2025,265,None
31937,1129,265,None,2018,265,MoveLeft
31938,1122,265,MoveLeft,2018,265,None
31938,1122,265,None,2011,265,MoveLeft
31939,1115,265,MoveLeft,2011,265,None
31939,1115,265,None,2004,265,MoveLeft
31940,1143,265,MoveLeft,2410,265,None
31941,1136,265,MoveLeft,2410,265,None
31942,1129,265,MoveLeft,2410,265,None
31943,1122,265,MoveLeft,2410,265,None
31944,1115,265,MoveLeft,2410,265,None
31945,1108,265,MoveLeft,2410,265,None
31946,1101,265,MoveLeft,2410,265,None
31947,1094,265,MoveLeft,2410,265,None
31948,1087,265,MoveLeft,2410,265,None
31949,1080,265,MoveLeft,2410,265,None
31950,1073,265,MoveLeft,2410,265,None
31951,1066,265,MoveLeft,2410,265,None
31952,1059,265,MoveLeft,2410,265,None
31953,1052,265,MoveLeft,2410,265,None
31954,1045,265,MoveLeft,2410,265,None
31955,1038,265,MoveLeft,2410,265,None
31956,1031,265,MoveLeft,2410,265,None
31957,1024,265,MoveLeft,2410,265,None
31958,1017,265,MoveLeft,2410,265,None
31959,1010,265,MoveLeft,2410,265,None
31960,1003,265,MoveLeft,2410,265,None
31961,996,265,MoveLeft,2410,265,None
31962,989,265,MoveLeft,2410,265,None
31963,982,265,MoveLeft,2410,265,None
31964,975,265,MoveLeft,2410,265,None
31965,968,265,MoveLeft,2410,265,None
31966,961,265,MoveLeft,2410,265,None
31967,954,265,MoveLeft,2410,265,None
31968,947,265,MoveLeft,2410,265,None
31969,940,265,MoveLeft,2410,265,None
31970,933,265,MoveLeft,2410,265,None
31971,926,265,MoveLeft,2410,265,None
31972,919,265,MoveLeft,2410,265,None
31973,912,265,MoveLeft,2410,265,None
31974,905,265,MoveLeft,2410,265,None
31975,898,265,MoveLeft,2410,265,None
31976,891,265,MoveLeft,2410,265,None
31977,884,265,MoveLeft,2410,265,None
31978,877,265,MoveLeft,2410,265,None
31979,870,265,MoveLeft,2410,265,None
31980,863,265,MoveLeft,2410,265,None
31981,856,265,MoveLeft,2410,265,None
31982,849,265,MoveLeft,2410,265,None
31983,842,265,MoveLeft,2410,265,None
31984,835,265,MoveLeft,2410,265,None
31985,828,265,MoveLeft,2410,265,None
31986,821,265,MoveLeft,2410,265,None
31987,814,265,MoveLeft,2410,265,None
31988,807,265,MoveLeft,2410,265,None
31989,800,265,MoveLeft,2410,265,None
31990,800,265,None,2410,265,Serve
31990,793,265,MoveLeft,2410,265,None
31990,793,265,None,2410,265,None
31991,800,265,MoveRight,2410,265,None
31992,807,265,MoveRight,2410,265,None
31993,814,265,MoveRight,2410,265,None
31994,821,265,MoveRight,2410,265,None
31995,828,265,MoveRight,2410,265,None
31996,835,265,MoveRight,2410,265,None
31997,842,265,MoveRight,2410,265,None
31998,849,265,MoveRight,2410,265,None
31999,856,265,MoveRight,2410,265,None
32000,863,265,MoveRight,2410,265,None
32001,863,265,None,2410,265,None
32002,863,265,None,2410,265,None
32003,863,265,None,2410,265,None
32004,863,265,None,2410,265,None
32005,863,265,None,2410,265,None
32006,863,265,None,2410,265,None
32007,863,265,None,2410,265,None
32009,863,265,None,2403,265,MoveLeft
32010,863,265,None,2396,265,MoveLeft
32011,863,265,None,2389,265,MoveLeft
32012,863,265,None,2382,265,MoveLeft
32013,863,265,None,2375,265,MoveLeft
32014,863,265,None,2368,265,MoveLeft
32015,863,265,None,2361,265,MoveLeft
32016,863,265,None,2354,265,MoveLeft
32017,863,265,None,2347,265,MoveLeft
32018,863,265,None,2340,265,MoveLeft
32019,863,265,None,2333,265,MoveLeft
32020,863,265,None,2326,265,MoveLeft
32021,863,265,None,2319,265,MoveLeft
32022,863,265,None,2312,265,MoveLeft
32023,863,265,None,2305,265,MoveLeft
32024,863,265,None,2298,265,MoveLeft
32025,863,265,None,2291,265,MoveLeft
32026,863,265,None,2284,265,MoveLeft
32027,863,265,None,2277,265,MoveLeft
32028,863,265,None,2270,265,MoveLeft
32029,863,265,None,2263,265,MoveLeft
32030,863,265,None,2256,265,MoveLeft
32031,863,265,None,2249,265,MoveLeft
32032,863,265,None,2242,265,MoveLeft
32033,863,265,None,2235,265,MoveLeft
32034,863,265,None,2228,265,MoveLeft
32035,863,265,None,2228,265,None
32035,863,265,None,2221,265,MoveLeft
32036,863,265,None,2221,265,None
32036,863,265,None,2214,265,MoveLeft
32037,863,265,None,2214,265,None
32037,863,265,None,2207,265,MoveLeft
32038,863,265,None,2207,265,None
32038,863,265,None,2200,265,MoveLeft
32039,863,265,None,2200,265,None
32039,863,265,None,2193,265,MoveLeft
32040,863,265,None,2193,265,None
32040,863,265,None,2186,265,MoveLeft
32041,863,265,None,2186,265,None
32041,863,265,None,2179,265,MoveLeft
32042,863,265,None,2179,265,None
32042,863,265,None,2172,265,MoveLeft
32043,863,265,None,2172,265,None
32043,863,265,None,2165,265,MoveLeft
32044,863,265,None,2165,265,None
32044,863,265,None,2158,265,MoveLeft
32045,863,265,None,2158,265,None
32045,863,265,None,2151,265,MoveLeft
32046,863,265,None,2151,265,None
32046,863,265,None,2144,265,MoveLeft
32047,863,265,None,2144,265,None
32047,863,265,None,2137,265,MoveLeft
32048,863,265,None,2137,265,None
32048,863,265,None,2130,265,MoveLeft
32049,863,265,None,2130,265,None
32049,863,265,None,2123,265,MoveLeft
32050,863,265,None,2123,265,None
32050,863,265,None,2116,265,MoveLeft
32051,863,265,None,2116,265,None
32051,863,265,None,2109,265,MoveLeft
32052,863,265,None,2109,265,None
32052,863,265,None,2102,265,MoveLeft
32053,863,265,None,2102,265,None
32053,863,265,None,2095,265,MoveLeft
32054,863,265,None,2095,265,None
32054,863,265,None,2088,265,MoveLeft
32055,863,265,None,2088,265,None
32055,863,265,None,2081,265,MoveLeft
32056,863,265,None,2081,265,None
32056,863,265,None,2074,265,MoveLeft
32057,863,265,None,2074,265,None
32057,863,265,None,2067,265,MoveLeft
32058,863,265,None,2067,265,None
32058,863,265,None,2060,265,MoveLeft
32059,863,265,None,2060,265,None
32059,863,265,None,2053,265,MoveLeft
32060,863,265,None,2053,265,None
32060,863,265,None,2046,265,MoveLeft
32061,863,265,None,2046,265,None
32061,863,265,None,2039,265,MoveLeft
32062,863,265,Bump,2039,265,None
32062,863,265,None,2039,265,None
32062,863,265,None,2032,265,MoveLeft
32063,863,265,None,2025,265,MoveLeft
32064,863,265,None,2018,265,MoveLeft
32065,863,265,None,2011,265,MoveLeft
32066,863,265,None,2004,265,MoveLeft
32067,863,265,None,1997,265,MoveLeft
32068,863,265,None,1990,265,MoveLeft
32069,863,265,None,1983,265,MoveLeft
32070,863,265,None,1976,265,MoveLeft
32071,863,265,None,1969,265,MoveLeft
32072,863,265,None,1962,265,MoveLeft
32073,863,265,None,1955,265,MoveLeft
32074,863,265,None,1948,265,MoveLeft
32075,863,265,None,1941,265,MoveLeft
32076,863,265,None,1934,265,MoveLeft
32077,863,265,None,1927,265,MoveLeft
32078,863,265,None,1920,265,MoveLeft
32079,863,265,None,1913,265,MoveLeft
32080,863,265,None,1906,265,MoveLeft
32081,870,265,MoveRight,1906,265,None
32081,870,265,None,1899,265,MoveLeft
32082,877,265,MoveRight,1899,265,None
32082,877,265,None,1892,265,MoveLeft
32083,884,265,MoveRight,1892,265,None
32083,884,265,None,1885,265,MoveLeft
32084,891,265,MoveRight,1885,265,None
32084,891,265,None,1878,265,MoveLeft
32085,898,265,MoveRight,1878,265,None
32085,898,265,None,1871,265,MoveLeft
32086,905,265,MoveRight,1871,265,None
32086,905,265,None,1864,265,MoveLeft
32087,912,265,MoveRight,1864,265,None
32087,912,265,None,1857,265,MoveLeft
32088,919,265,MoveRight,1857,265,None
32088,919,265,None,1850,265,MoveLeft
32089,926,265,MoveRight,1850,265,None
32089,926,265,None,1843,265,MoveLeft
32090,933,265,MoveRight,1843,265,None
32090,933,265,None,1836,265,MoveLeft
32091,940,265,MoveRight,1836,265,None
32091,940,265,None,1829,265,MoveLeft
32092,947,265,MoveRight,1829,265,None
32092,947,265,None,1822,265,MoveLeft
32093,954,265,MoveRight,1822,265,None
32093,954,265,None,1815,265,MoveLeft
32094,961,265,MoveRight,1815,265,None
32094,961,265,None,1808,265,MoveLeft
32095,968,265,MoveRight,1808,265,None
32095,968,265,None,1801,265,MoveLeft
32096,975,265,MoveRight,1801,265,None
32096,975,265,None,1794,265,MoveLeft
32097,982,265,MoveRight,1794,265,None
32097,982,265,None,1787,265,MoveLeft
32098,989,265,MoveRight,1787,265,None
32098,989,265,None,1780,265,MoveLeft
32099,996,265,MoveRight,1780,265,None
32099,996,265,None,1773,265,MoveLeft
32100,1003,265,MoveRight,1773,265,None
32100,1003,265,None,1766,265,MoveLeft
32101,1010,265,MoveRight,1766,265,None
32101,1010,265,None,1759,265,MoveLeft
32102,1017,265,MoveRight,1759,265,None
32102,1017,265,None,1752,265,MoveLeft
32103,1024,265,MoveRight,1752,265,None
32103,1024,265,None,1745,265,MoveLeft
32104,1031,265,MoveRight,1745,265,None
32104,1031,265,None,1738,265,MoveLeft
32105,1038,265,MoveRight,1738,265,None
32105,1038,265,None,1731,265,MoveLeft
32106,1045,265,MoveRight,1731,265,None
32107,1052,265,MoveRight,1731,265,None
32108,1059,265,MoveRight,1731,265,None
32109,1066,265,MoveRight,1731,265,None
32110,1073,265,MoveRight,1731,265,None
32111,1080,265,MoveRight,1731,265,None
32112,1087,265,MoveRight,1731,265,None
32113,1094,265,MoveRight,1731,265,None
32114,1101,265,MoveRight,1731,265,None
32115,1108,265,MoveRight,1731,265,None
32116,1115,265,MoveRight,1731,265,None
32117,1122,265,MoveRight,1731,265,None
32118,1129,265,MoveRight,1731,265,None
32119,1136,265,MoveRight,1731,265,None
32120,1143,265,MoveRight,1731,265,None
32121,1150,265,MoveRight,1731,265,None
32122,1157,265,MoveRight,1731,265,None
32123,1164,265,MoveRight,1731,265,None
32124,1171,265,MoveRight,1731,265,None
32125,1178,265,MoveRight,1731,265,None
32126,1185,265,MoveRight,1731,265,None
32127,1192,265,MoveRight,1731,265,None
32128,1199,265,MoveRight,1731,265,None
32129,1206,265,MoveRight,1731,265,None
32130,1213,265,MoveRight,1731,265,None
32131,1220,265,MoveRight,1731,265,None
32132,1227,265,MoveRight,1731,265,None
32133,1234,265,MoveRight,1731,265,None
32134,1241,265,MoveRight,1731,265,None
32135,1248,265,MoveRight,1731,265,None
32136,1255,265,MoveRight,1731,265,None
32137,1262,265,MoveRight,1731,265,None
32138,1269,265,MoveRight,1731,265,None
32139,1276,265,MoveRight,1731,265,None
32140,1283,265,MoveRight,1731,265,None
32141,1290,265,MoveRight,1731,265,None
32142,1297,265,MoveRight,1731,265,None
32143,1304,265,MoveRight,1731,265,None
32144,1311,265,MoveRight,1731,265,None
32145,1318,265,MoveRight,1731,265,None
32146,1325,265,MoveRight,1731,265,None
32150,1326,265,None,1724,265,MoveLeft
32152,1326,284.62,None,1724,265,None
32162,1322.5,392.53,MoveLeft,1724,265,None
32163,1319,402.34,MoveLeft,1724,265,None
32164,1315.5,412.15,MoveLeft,1724,265,None
32165,1312,421.96,MoveLeft,1724,265,None
32166,1308.5,431.77,MoveLeft,1724,265,None
32167,1305,441.58,MoveLeft,1724,265,None
32168,1301.5,451.39,MoveLeft,1724,265,None
32169,1298,461.2,MoveLeft,1724,265,None
32170,1298,451.39,Set,1724,265,None
32170,1294.5,471.01,MoveLeft,1724,265,None
32209,1291,304.24,MoveLeft,1724,265,None
32210,1287.5,294.43,MoveLeft,1724,265,None
32211,1284,284.62,MoveLeft,1724,265,None
32212,1280.5,274.81,MoveLeft,1724,265,None
32213,1273.5,265,MoveLeft,1724,265,None
32214,1266.5,265,MoveLeft,1724,265,None
32215,1259.5,265,MoveLeft,1724,265,None
32216,1252.5,265,MoveLeft,1724,265,None
32217,1245.5,265,MoveLeft,1724,265,None
32218,1238.5,265,MoveLeft,1724,265,None
32259,1238.5,284.62,None,1724,265,None
32272,1238.5,421.96,None,1724,265,None
32281,1238.5,490.63,SpikeLight,1724,265,None
32281,1238.5,510.25,None,1724,265,None
32282,1238.5,520.06,None,1717,265,MoveLeft
32283,1238.5,529.87,None,1710,265,MoveLeft
32284,1238.5,539.68,None,1703,265,MoveLeft
32285,1238.5,549.49,None,1696,265,MoveLeft
32286,1238.5,559.3,None,1689,265,MoveLeft
32287,1238.5,569.11,None,1682,265,MoveLeft
32288,1238.5,578.92,None,1675,265,MoveLeft
32289,1238.5,569.11,None,1668,265,MoveLeft
32290,1238.5,559.3,None,1661,265,MoveLeft
32291,1238.5,549.49,None,1654,265,MoveLeft
32292,1238.5,539.68,None,1647,265,MoveLeft
32293,1238.5,529.87,None,1640,265,MoveLeft
32294,1238.5,520.06,None,1633,265,MoveLeft
32295,1238.5,510.25,None,1626,265,MoveLeft
32296,1238.5,500.44,None,1619,265,MoveLeft
32297,1238.5,490.63,None,1612,265,MoveLeft
32298,1238.5,480.82,None,1605,265,MoveLeft
32299,1238.5,471.01,None,1598,265,MoveLeft
32300,1238.5,461.2,None,1591,265,MoveLeft
32301,1238.5,451.39,None,1584,265,MoveLeft
32302,1238.5,441.58,None,1577,265,MoveLeft
32303,1238.5,431.77,None,1570,265,MoveLeft
32304,1238.5,421.96,None,1563,265,MoveLeft
32305,1235,412.15,MoveLeft,1563,265,None
32305,1235,412.15,None,1556,265,MoveLeft
32306,1231.5,402.34,MoveLeft,1556,265,None
32306,1231.5,402.34,None,1549,265,MoveLeft
32307,1228,392.53,MoveLeft,1549,265,None
32307,1228,392.53,None,1542,265,MoveLeft
32308,1224.5,382.72,MoveLeft,1542,265,None
32308,1224.5,382.72,None,1535,265,MoveLeft
32309,1221,372.91,MoveLeft,1535,265,None
32309,1221,372.91,None,1528,265,MoveLeft
32310,1217.5,363.1,MoveLeft,1528,265,None
32311,1214,353.29,MoveLeft,1528,265,None
32312,1210.5,343.48,MoveLeft,1528,265,None
32313,1207,333.67,MoveLeft,1528,265,None
32314,1203.5,323.86,MoveLeft,1528,265,None
32315,1200,314.05,MoveLeft,1528,265,None
32316,1196.5,304.24,MoveLeft,1528,265,None
32317,1193,294.43,MoveLeft,1528,265,None
32318,1189.5,284.62,MoveLeft,1528,265,None
32319,1186,274.81,MoveLeft,1528,265,None
32320,1179,265,MoveLeft,1528,265,None
32321,1172,265,MoveLeft,1528,265,None
32322,1165,265,MoveLeft,1528,265,None
32323,1158,265,MoveLeft,1528,265,None
32324,1151,265,MoveLeft,1528,265,None
32325,1144,265,MoveLeft,1528,265,None
32326,1137,265,MoveLeft,1528,265,None
32327,1130,265,MoveLeft,1528,265,None
32328,1123,265,MoveLeft,1528,265,None
32329,1116,265,MoveLeft,1528,265,None
32330,1116,265,None,1528,265,SpikeLight
32330,1109,265,MoveLeft,1528,265,None
32330,1109,265,None,1528,265,None
32331,1102,265,MoveLeft,1528,265,None
32332,1095,265,MoveLeft,1528,265,None
32333,1088,265,MoveLeft,1528,265,None
32334,1081,265,MoveLeft,1528,265,None
32335,1074,265,MoveLeft,1528,265,None
32336,1067,265,MoveLeft,1528,265,None
32337,1060,265,MoveLeft,1528,265,None
32338,1053,265,MoveLeft,1528,265,None
32339,1046,265,MoveLeft,1528,265,None
32340,1039,265,MoveLeft,1528,265,None
32340,1039,265,None,1535,265,MoveRight
32341,1032,265,MoveLeft,1535,265,None
32341,1032,265,None,1542,265,MoveRight
32342,1025,265,MoveLeft,1542,265,None
32342,1025,265,None,1549,265,MoveRight
32343,1018,265,MoveLeft,1549,265,None
32343,1018,265,None,1556,265,MoveRight
32344,1011,265,MoveLeft,1556,265,None
32344,1011,265,None,1563,265,MoveRight
32345,1004,265,MoveLeft,1563,265,None
32345,1004,265,None,1570,265,MoveRight
32346,997,265,MoveLeft,1570,265,None
32346,997,265,None,1577,265,MoveRight
32347,990,265,MoveLeft,1577,265,None
32347,990,265,None,1584,265,MoveRight
32348,983,265,MoveLeft,1584,265,None
32348,983,265,None,1591,265,MoveRight
32349,976,265,MoveLeft,1591,265,None
32349,976,265,None,1598,265,MoveRight
32350,969,265,MoveLeft,1598,265,None
32350,969,265,None,1605,265,MoveRight
32351,962,265,MoveLeft,1605,265,None
32351,962,265,None,1612,265,MoveRight
32352,962,265,None,1619,265,MoveRight
32353,962,265,None,1626,265,MoveRight
32354,962,265,None,1633,265,MoveRight
32355,962,265,None,1640,265,MoveRight
32356,962,265,None,1647,265,MoveRight
32357,962,265,None,1654,265,MoveRight
32358,962,265,None,1661,265,MoveRight
32359,962,265,None,1668,265,MoveRight
32360,962,265,None,1675,265,MoveRight
32361,962,265,None,1682,265,MoveRight
32362,962,265,None,1689,265,MoveRight
32363,962,265,None,1696,265,MoveRight
32364,962,265,None,1703,265,MoveRight
32365,969,265,MoveRight,1703,265,None
32365,969,265,None,1710,265,MoveRight
32366,976,265,MoveRight,1710,265,None
32366,976,265,None,1717,265,MoveRight
32367,983,265,MoveRight,1717,265,None
32367,983,265,None,1724,265,MoveRight
32368,990,265,MoveRight,1724,265,None
32368,990,265,None,1724,265,None
32369,997,265,MoveRight,1724,265,None
32369,997,265,None,1724,265,None
32370,1004,265,MoveRight,1724,265,None
32370,1004,265,None,1724,265,None
32371,1011,265,MoveRight,1724,265,None
32371,1011,265,None,1724,265,None
32372,1018,265,MoveRight,1724,265,None
32372,1018,265,None,1724,265,None
32373,1025,265,MoveRight,1724,265,None
32373,1025,265,None,1724,265,None
32374,1032,265,MoveRight,1724,265,None
32374,1032,265,None,1724,265,None
32375,1039,265,MoveRight,1724,265,None
32375,1039,265,None,1724,265,None
32376,1046,265,MoveRight,1724,265,None
32376,1046,265,None,1724,265,None
32377,1053,265,MoveRight,1724,265,None
32377,1053,265,None,1724,265,None
32378,1060,265,MoveRight,1724,265,None
32378,1060,265,None,1724,265,None
32379,1067,265,MoveRight,1724,265,None
32379,1067,265,None,1724,265,None
32380,1074,265,MoveRight,1724,265,None
32380,1074,265,None,1724,265,None
32381,1081,265,MoveRight,1724,265,None
32381,1081,265,None,1724,265,None
32382,1088,265,MoveRight,1724,265,None
32382,1088,265,None,1724,265,None
32383,1095,265,MoveRight,1724,265,None
32383,1095,265,None,1724,265,None
32384,1102,265,MoveRight,1724,265,None
32384,1102,265,None,1724,265,None
32385,1109,265,MoveRight,1724,265,None
32385,1109,265,None,1724,265,None
32386,1116,265,MoveRight,1724,265,None
32386,1116,265,None,1724,265,None
32387,1123,265,MoveRight,1724,265,None
32387,1123,265,None,1724,265,None
32388,1130,265,MoveRight,1724,265,None
32388,1130,265,None,1724,265,None
32389,1130,265,Bump,1724,265,None
32389,1137,265,MoveRight,1724,265,None
32389,1137,265,None,1724,265,None
32390,1137,265,None,1717,265,MoveLeft
32408,1144,265,MoveRight,1717,265,None
32409,1151,265,MoveRight,1717,265,None
32410,1158,265,MoveRight,1717,265,None
32411,1165,265,MoveRight,1717,265,None
32412,1172,265,MoveRight,1717,265,None
32413,1179,265,MoveRight,1717,265,None
32414,1186,265,MoveRight,1717,265,None
32415,1193,265,MoveRight,1717,265,None
32416,1200,265,MoveRight,1717,265,None
32417,1207,265,MoveRight,1717,265,None
32418,1214,265,MoveRight,1717,265,None
32419,1221,265,MoveRight,1717,265,None
32420,1228,265,MoveRight,1717,265,None
32421,1235,265,MoveRight,1717,265,None
32422,1242,265,MoveRight,1717,265,None
32423,1249,265,MoveRight,1717,265,None
32424,1256,265,MoveRight,1717,265,None
32425,1263,265,MoveRight,1717,265,None
32426,1270,265,MoveRight,1717,265,None
32427,1277,265,MoveRight,1717,265,None
32428,1284,265,MoveRight,1717,265,None
32429,1291,265,MoveRight,1717,265,None
32430,1298,265,MoveRight,1717,265,None
32431,1305,265,MoveRight,1717,265,None
32432,1312,265,MoveRight,1717,265,None
32433,1319,265,MoveRight,1717,265,None
32434,1326,265,MoveRight,1717,265,None
32439,1319,265,MoveLeft,1717,265,None
32440,1312,265,MoveLeft,1717,265,None
32441,1305,265,MoveLeft,1717,265,None
32442,1298,265,MoveLeft,1717,265,None
32443,1291,265,MoveLeft,1717,265,None
32444,1284,265,MoveLeft,1717,265,None
32445,1277,265,MoveLeft,1717,265,None
32446,1270,265,MoveLeft,1717,265,None
32447,1263,265,MoveLeft,1717,265,None
32448,1256,265,MoveLeft,1717,265,None
32449,1249,265,MoveLeft,1717,265,None
32450,1242,265,MoveLeft,1717,265,None
32451,1235,265,MoveLeft,1717,265,None
32452,1228,265,MoveLeft,1717,265,None
32453,1221,265,MoveLeft,1717,265,None
32454,1214,265,MoveLeft,1717,265,None
32455,1207,265,MoveLeft,1717,265,None
32456,1200,265,MoveLeft,1717,265,None
32457,1193,265,MoveLeft,1717,265,None
32458,1186,265,MoveLeft,1717,265,None
32459,1179,265,MoveLeft,1717,265,None
32460,1172,265,MoveLeft,1717,265,None
32461,1165,265,MoveLeft,1717,265,None
32462,1158,265,MoveLeft,1717,265,None
32463,1151,265,MoveLeft,1717,265,None
32464,1144,265,MoveLeft,1717,265,None
32465,1137,265,MoveLeft,1717,265,None
32466,1130,265,MoveLeft,1717,265,None
32467,1123,265,MoveLeft,1717,265,None
32468,1116,265,MoveLeft,1717,265,None
32469,1109,265,MoveLeft,1717,265,None
32470,1102,265,MoveLeft,1717,265,None
32471,1095,265,MoveLeft,1717,265,None
32472,1088,265,MoveLeft,1717,265,None
32473,1081,265,MoveLeft,1717,265,None
32474,1074,265,MoveLeft,1717,265,None
32490,1074,265,None,1717,265,SpikeMedium
32490,1074,265,None,1717,265,None
32501,1074,265,None,1724,265,MoveRight
32502,1074,265,None,1724,265,None
32503,1074,265,None,1724,265,None
32504,1074,265,None,1724,265,None
32505,1074,265,None,1724,265,None
32506,1074,265,None,1724,265,None
32507,1074,265,None,1724,265,None
32508,1074,265,None,1724,265,None
32509,1074,265,None,1724,265,None
32510,1074,265,None,1724,265,None
32511,1074,265,None,1724,265,None
32512,1074,265,None,1724,265,None
32513,1074,265,None,1724,265,None
32514,1074,265,None,1724,265,None
32515,1074,265,None,1724,265,None
32516,1074,265,None,1724,265,None
32517,1074,265,None,1724,265,None
32518,1074,265,None,1724,265,None
32519,1074,265,None,1724,265,None
32519,1074,265,None,1724,265,None
32520,1074,265,None,1724,265,None
32521,1074,265,None,1724,265,None
32522,1074,265,None,1724,265,None
32523,1074,265,None,1724,265,None
32524,1067,265,MoveLeft,1724,265,None
32524,1067,265,None,1724,265,None
32525,1060,265,MoveLeft,1724,265,None
32525,1060,265,None,1724,265,None
32526,1053,265,MoveLeft,1724,265,None
32526,1053,265,None,1724,265,None
32527,1046,265,MoveLeft,1724,265,None
32527,1046,265,None,1724,265,None
32528,1039,265,MoveLeft,1724,265,None
32528,1039,265,None,1724,265,None
32529,1032,265,MoveLeft,1724,265,None
32529,1032,265,None,1724,265,None
32530,1025,265,MoveLeft,1724,265,None
32530,1025,265,None,1724,265,None
32531,1018,265,MoveLeft,1724,265,None
32531,1018,265,None,1724,265,None
32532,1011,265,MoveLeft,1724,265,None
32532,1011,265,None,1724,265,None
32533,1004,265,MoveLeft,1724,265,None
32533,1004,265,None,1724,265,None
32534,997,265,MoveLeft,1724,265,None
32534,997,265,None,1724,265,None
32535,990,265,MoveLeft,1724,265,None
32535,990,265,None,1724,265,None
32536,983,265,MoveLeft,1724,265,None
32536,983,265,None,1724,265,None
32537,976,265,MoveLeft,1724,265,None
32537,976,265,None,1724,265,None
32538,969,265,MoveLeft,1724,265,None
32538,969,265,None,1724,265,None
32539,962,265,MoveLeft,1724,265,None
32539,962,265,None,1724,265,None
32540,955,265,MoveLeft,1724,265,None
32540,955,265,None,1724,265,None
32541,948,265,MoveLeft,1724,265,None
32541,948,265,None,1724,265,None
32542,941,265,MoveLeft,1724,265,None
32542,941,265,None,1724,265,None
32543,934,265,MoveLeft,1724,265,None
32543,934,265,None,1724,265,None
32544,927,265,MoveLeft,1724,265,None
32544,927,265,None,1724,265,None
32545,920,265,MoveLeft,1724,265,None
32545,920,265,None,1724,265,None
32546,913,265,MoveLeft,1724,265,None
32546,913,265,None,1724,265,None
32547,906,265,MoveLeft,1724,265,None
32547,906,265,None,1724,265,None
32548,899,265,MoveLeft,1724,265,None
32548,899,265,None,1724,265,None
32549,892,265,MoveLeft,1724,265,None
32549,892,265,None,1724,265,None
32550,885,265,MoveLeft,1724,265,None
32550,885,265,None,1724,265,None
32551,885,265,Bump,1724,265,None
32551,878,265,MoveLeft,1724,265,None
32551,878,265,None,1724,265,None
32571,885,265,MoveRight,1724,265,None
32572,892,265,MoveRight,1724,265,None
32573,899,265,MoveRight,1724,265,None
32574,906,265,MoveRight,1724,265,None
32575,913,265,MoveRight,1724,265,None
32576,920,265,MoveRight,1724,265,None
32577,927,265,MoveRight,1724,265,None
32578,934,265,MoveRight,1724,265,None
32579,941,265,MoveRight,1724,265,None
32580,948,265,MoveRight,1724,265,None
32581,955,265,MoveRight,1724,265,None
32582,962,265,MoveRight,1724,265,None
32583,969,265,MoveRight,1724,265,None
32584,976,265,MoveRight,1724,265,None
32585,983,265,MoveRight,1724,265,None
32586,990,265,MoveRight,1724,265,None
32587,997,265,MoveRight,1724,265,None
32588,1004,265,MoveRight,1724,265,None
32589,1011,265,MoveRight,1724,265,None
32590,1018,265,MoveRight,1724,265,None
32591,1025,265,MoveRight,1724,265,None
32592,1032,265,MoveRight,1724,265,None
32593,1039,265,MoveRight,1724,265,None
32594,1046,265,MoveRight,1724,265,None
32595,1053,265,MoveRight,1724,265,None
32596,1060,265,MoveRight,1724,265,None
32597,1067,265,MoveRight,1724,265,None
32598,1074,265,MoveRight,1724,265,None
32599,1081,265,MoveRight,1724,265,None
32600,1088,265,MoveRight,1724,265,None
32601,1095,265,MoveRight,1724,265,None
32602,1102,265,MoveRight,1724,265,None
32603,1109,265,MoveRight,1724,265,None
32604,1116,265,MoveRight,1724,265,None
32605,1123,265,MoveRight,1724,265,None
32606,1130,265,MoveRight,1724,265,None
32607,1137,265,MoveRight,1724,265,None
32608,1144,265,MoveRight,1724,265,None
32609,1151,265,MoveRight,1724,265,None
32610,1158,265,MoveRight,1724,265,None
32611,1165,265,MoveRight,1724,265,None
32612,1172,265,MoveRight,1724,265,None
32613,1179,265,MoveRight,1724,265,None
32614,1186,265,MoveRight,1724,265,None
32615,1193,265,MoveRight,1724,265,None
32616,1200,265,MoveRight,1724,265,None
32617,1207,265,MoveRight,1724,265,None
32618,1214,265,MoveRight,1724,265,None
32619,1221,265,MoveRight,1724,265,None
32620,1228,265,MoveRight,1724,265,None
32621,1235,265,MoveRight,1724,265,None
32622,1242,265,MoveRight,1724,265,None
32623,1249,265,MoveRight,1724,265,None
32624,1256,265,MoveRight,1724,265,None
32625,1263,265,MoveRight,1724,265,None
32626,1270,265,MoveRight,1724,265,None
32627,1277,265,MoveRight,1724,265,None
32642,1277,265,Set,1724,265,None
32642,1277,265,None,1724,265,None
32731,1277,284.62,None,1724,265,None
32743,1277,412.15,None,1724,265,None
32751,1277,490.63,None,1724,265,None
32761,1277,569.11,None,1724,265,None
32769,1277,490.63,None,1717,265,MoveLeft
32770,1277,480.82,None,1724,265,MoveRight
32787,1273.5,314.05,MoveLeft,1724,265,None
32788,1270,304.24,MoveLeft,1724,265,None
32789,1266.5,294.43,MoveLeft,1724,265,None
32790,1263,284.62,MoveLeft,1724,265,None
32791,1259.5,274.81,MoveLeft,1724,265,None
32792,1252.5,265,MoveLeft,1724,265,None
32793,1245.5,265,MoveLeft,1724,265,None
32794,1238.5,265,MoveLeft,1724,265,None
32795,1231.5,265,MoveLeft,1724,265,None
32796,1224.5,265,MoveLeft,1724,265,None
32797,1217.5,265,MoveLeft,1724,265,None
32798,1210.5,265,MoveLeft,1724,265,None
32835,1203.5,265,MoveLeft,1724,265,None
32836,1196.5,265,MoveLeft,1724,265,None
32837,1189.5,265,MoveLeft,1724,265,None
32838,1182.5,265,MoveLeft,1724,265,None
32839,1175.5,265,MoveLeft,1724,265,None
32840,1168.5,265,MoveLeft,1724,265,None
32841,1161.5,265,MoveLeft,1724,265,None
32842,1154.5,265,MoveLeft,1724,265,None
32843,1147.5,265,MoveLeft,1724,265,None
32844,1140.5,265,MoveLeft,1724,265,None
32845,1133.5,265,MoveLeft,1724,265,None
32846,1126.5,265,MoveLeft,1724,265,None
32859,1133.5,265,MoveRight,1724,265,None
32860,1140.5,265,MoveRight,1724,265,None
32861,1147.5,265,MoveRight,1724,265,None
32862,1154.5,265,MoveRight,1724,265,None
32863,1161.5,265,MoveRight,1724,265,None
32864,1168.5,265,MoveRight,1724,265,None
32865,1175.5,265,MoveRight,1724,265,None
32866,1182.5,265,MoveRight,1724,265,None
32867,1189.5,265,MoveRight,1724,265,None
32868,1196.5,265,MoveRight,1724,265,None
32869,1203.5,265,MoveRight,1724,265,None
32870,1210.5,265,MoveRight,1724,265,None
32871,1217.5,265,MoveRight,1724,265,None
32872,1224.5,265,MoveRight,1724,265,None
32873,1231.5,265,MoveRight,1724,265,None
32874,1238.5,265,MoveRight,1724,265,None
32875,1245.5,265,MoveRight,1724,265,None
32876,1252.5,265,MoveRight,1724,265,None
32877,1259.5,265,MoveRight,1724,265,None
32878,1266.5,265,MoveRight,1724,265,None
32879,1273.5,265,MoveRight,1724,265,None
32880,1280.5,265,MoveRight,1724,265,None
32881,1287.5,265,MoveRight,1724,265,None
32882,1294.5,265,MoveRight,1724,265,None
32883,1301.5,265,MoveRight,1724,265,None
32884,1308.5,265,MoveRight,1724,265,None
32885,1315.5,265,MoveRight,1724,265,None
32919,1308.5,265,MoveLeft,1724,265,None
32920,1301.5,265,MoveLeft,1724,265,None
32921,1294.5,265,MoveLeft,1724,265,None
32922,1287.5,265,MoveLeft,1724,265,None
32923,1280.5,265,MoveLeft,1724,265,None
32924,1273.5,265,MoveLeft,1724,265,None
32925,1266.5,265,MoveLeft,1724,265,None
32926,1259.5,265,MoveLeft,1724,265,None
32927,1252.5,265,MoveLeft,1724,265,None
32928,1245.5,265,MoveLeft,1724,265,None
32929,1238.5,265,MoveLeft,1724,265,None
32930,1231.5,265,MoveLeft,1724,265,None
32931,1224.5,265,MoveLeft,1724,265,None
32932,1217.5,265,MoveLeft,1724,265,None
32933,1210.5,265,MoveLeft,1724,265,None
32934,1203.5,265,MoveLeft,1724,265,None
32935,1196.5,265,MoveLeft,1724,265,None
32936,1189.5,265,MoveLeft,1724,265,None
32940,1196.5,265,MoveRight,1724,265,None
32941,1203.5,265,MoveRight,1724,265,None
32942,1210.5,265,MoveRight,1724,265,None
32943,1217.5,265,MoveRight,1724,265,None
32944,1224.5,265,MoveRight,1724,265,None
32945,1231.5,265,MoveRight,1724,265,None
32946,1238.5,265,MoveRight,1724,265,None
32947,1245.5,265,MoveRight,1724,265,None
32948,1252.5,265,MoveRight,1724,265,None
32949,1259.5,265,MoveRight,1724,265,None
32950,1266.5,265,MoveRight,1724,265,None
32951,1273.5,265,MoveRight,1724,265,None
32952,1273.5,284.62,None,1724,265,None
32971,1273.5,480.82,None,1724,265,None
33022,1273.5,284.62,None,1724,265,None
33031,1273.5,363.1,SpikeLight,1724,265,None
33031,1273.5,382.72,None,1724,265,None
33032,1273.5,392.53,None,1717,265,MoveLeft
33033,1273.5,402.34,None,1710,265,MoveLeft
33034,1273.5,412.15,None,1703,265,MoveLeft
33035,1273.5,421.96,None,1696,265,MoveLeft
33036,1273.5,431.77,None,1689,265,MoveLeft
33037,1273.5,441.58,None,1682,265,MoveLeft
33038,1273.5,451.39,None,1675,265,MoveLeft
33039,1273.5,461.2,None,1668,265,MoveLeft
33040,1273.5,471.01,None,1661,265,MoveLeft
33041,1273.5,480.82,None,1654,265,MoveLeft
33042,1273.5,490.63,None,1647,265,MoveLeft
33043,1273.5,500.44,None,1640,265,MoveLeft
33044,1273.5,510.25,None,1633,265,MoveLeft
33045,1273.5,520.06,None,1626,265,MoveLeft
33046,1273.5,529.87,None,1619,265,MoveLeft
33047,1273.5,539.68,None,1612,265,MoveLeft
33048,1273.5,549.49,None,1605,265,MoveLeft
33049,1273.5,559.3,None,1598,265,MoveLeft
33054,1270,549.49,MoveLeft,1598,265,None
33055,1266.5,539.68,MoveLeft,1598,265,None
33056,1263,529.87,MoveLeft,1598,265,None
33057,1259.5,520.06,MoveLeft,1598,265,None
33058,1256,510.25,MoveLeft,1598,265,None
33059,1252.5,500.44,MoveLeft,1598,265,None
33060,1249,490.63,MoveLeft,1598,265,None
33061,1245.5,480.82,MoveLeft,1598,265,None
33062,1242,471.01,MoveLeft,1598,265,None
33063,1238.5,461.2,MoveLeft,1598,265,None
33064,1235,451.39,MoveLeft,1598,265,None
33065,1231.5,441.58,MoveLeft,1598,265,None
33066,1228,431.77,MoveLeft,1598,265,None
33067,1224.5,421.96,MoveLeft,1598,265,None
33068,1221,412.15,MoveLeft,1598,265,None
33069,1217.5,402.34,MoveLeft,1598,265,None
33070,1214,392.53,MoveLeft,1598,265,None
33071,1210.5,382.72,MoveLeft,1598,265,None
33072,1207,372.91,MoveLeft,1598,265,None
33073,1203.5,363.1,MoveLeft,1598,265,None
33074,1200,353.29,MoveLeft,1598,265,None
33075,1196.5,343.48,MoveLeft,1598,265,None
33076,1193,333.67,MoveLeft,1598,265,None
33077,1189.5,323.86,MoveLeft,1598,265,None
33078,1186,314.05,MoveLeft,1598,265,None
33079,1182.5,304.24,MoveLeft,1598,265,None
33080,1179,294.43,MoveLeft,1598,265,None
33081,1175.5,284.62,MoveLeft,1598,265,None
33082,1172,274.81,MoveLeft,1598,265,None
33083,1165,265,MoveLeft,1598,265,None
33084,1165,265,None,1598,265,SpikeLight
33084,1158,265,MoveLeft,1598,265,None
33084,1158,265,None,1598,265,None
33085,1151,265,MoveLeft,1598,265,None
33086,1144,265,MoveLeft,1598,265,None
33087,1137,265,MoveLeft,1598,265,None
33088,1130,265,MoveLeft,1598,265,None
33089,1123,265,MoveLeft,1598,265,None
33090,1116,265,MoveLeft,1598,265,None
33091,1109,265,MoveLeft,1598,265,None
33092,1102,265,MoveLeft,1598,265,None
33093,1095,265,MoveLeft,1598,265,None
33094,1088,265,MoveLeft,1598,265,None
33095,1081,265,MoveLeft,1598,265,None
33095,1081,265,None,1605,265,MoveRight
33096,1074,265,MoveLeft,1605,265,None
33096,1074,265,None,1612,265,MoveRight
33097,1067,265,MoveLeft,1612,265,None
33097,1067,265,None,1619,265,MoveRight
33098,1060,265,MoveLeft,1619,265,None
33098,1060,265,None,1626,265,MoveRight
33099,1053,265,MoveLeft,1626,265,None
33099,1053,265,None,1633,265,MoveRight
33100,1046,265,MoveLeft,1633,265,None
33100,1046,265,None,1640,265,MoveRight
33101,1039,265,MoveLeft,1640,265,None
33101,1039,265,None,1647,265,MoveRight
33102,1032,265,MoveLeft,1647,265,None
33102,1032,265,None,1654,265,MoveRight
33103,1025,265,MoveLeft,1654,265,None
33103,1025,265,None,1661,265,MoveRight
33104,1018,265,MoveLeft,1661,265,None
33104,1018,265,None,1668,265,MoveRight
33105,1011,265,MoveLeft,1668,265,None
33105,1011,265,None,1675,265,MoveRight
33106,1004,265,MoveLeft,1675,265,None
33106,1004,265,None,1682,265,MoveRight
33107,997,265,MoveLeft,1682,265,None
33107,997,265,None,1689,265,MoveRight
33108,990,265,MoveLeft,1689,265,None
33108,990,265,None,1696,265,MoveRight
33109,983,265,MoveLeft,1696,265,None
33109,983,265,None,1703,265,MoveRight
33110,976,265,MoveLeft,1703,265,None
33110,976,265,None,1710,265,MoveRight
33111,969,265,MoveLeft,1710,265,None
33111,969,265,None,1717,265,MoveRight
33112,969,265,None,1724,265,MoveRight
33113,969,265,None,1724,265,None
33114,969,265,None,1724,265,None
33115,969,265,None,1724,265,None
33116,969,265,None,1724,265,None
33117,969,265,None,1724,265,None
33118,976,265,MoveRight,1724,265,None
33118,976,265,None,1724,265,None
33119,983,265,MoveRight,1724,265,None
33119,983,265,None,1724,265,None
33120,990,265,MoveRight,1724,265,None
33120,990,265,None,1724,265,None
33121,997,265,MoveRight,1724,265,None
33121,997,265,None,1724,265,None
33122,1004,265,MoveRight,1724,265,None
33122,1004,265,None,1724,265,None
33123,1011,265,MoveRight,1724,265,None
33123,1011,265,None,1724,265,None
33124,1018,265,MoveRight,1724,265,None
33124,1018,265,None,1724,265,None
33125,1025,265,MoveRight,1724,265,None
33125,1025,265,None,1724,265,None
33126,1032,265,MoveRight,1724,265,None
33126,1032,265,None,1724,265,None
33127,1039,265,MoveRight,1724,265,None
33127,1039,265,None,1724,265,None
33128,1046,265,MoveRight,1724,265,None
33128,1046,265,None,1724,265,None
33129,1053,265,MoveRight,1724,265,None
33129,1053,265,None,1724,265,None
33130,1060,265,MoveRight,1724,265,None
33130,1060,265,None,1724,265,None
33131,1067,265,MoveRight,1724,265,None
33131,1067,265,None,1724,265,None
33132,1074,265,MoveRight,1724,265,None
33132,1074,265,None,1724,265,None
33133,1081,265,MoveRight,1724,265,None
33133,1081,265,None,1724,265,None
33134,1088,265,MoveRight,1724,265,None
33134,1088,265,None,1724,265,None
33135,1095,265,MoveRight,1724,265,None
33135,1095,265,None,1724,265,None
33136,1102,265,MoveRight,1724,265,None
33136,1102,265,None,1724,265,None
33137,1109,265,MoveRight,1724,265,None
33137,1109,265,None,1724,265,None
33138,1116,265,MoveRight,1724,265,None
33138,1116,265,None,1724,265,None
33139,1123,265,MoveRight,1724,265,None
33139,1123,265,None,1724,265,None
33140,1130,265,MoveRight,1724,265,None
33140,1130,265,None,1724,265,None
33141,1137,265,MoveRight,1724,265,None
33141,1137,265,None,1724,265,None
33142,1144,265,MoveRight,1724,265,None
33142,1144,265,None,1724,265,None
33143,1151,265,MoveRight,1724,265,None
33143,1151,265,None,1724,265,None
33144,1158,265,MoveRight,1724,265,None
33144,1158,265,None,1724,265,None
33145,1165,265,MoveRight,1724,265,None
33145,1165,265,None,1724,265,None
33146,1172,265,MoveRight,1724,265,None
33146,1172,265,None,1724,265,None
33147,1179,265,MoveRight,1724,265,None
33147,1179,265,None,1724,265,None
33148,1186,265,MoveRight,1724,265,None
33148,1186,265,None,1724,265,None
33149,1143,265,MoveLeft,2410,265,None
33150,1136,265,MoveLeft,2410,265,None
33151,1129,265,MoveLeft,2410,265,None
33152,1122,265,MoveLeft,2410,265,None
33153,1115,265,MoveLeft,2410,265,None
33154,1108,265,MoveLeft,2410,265,None
33155,1101,265,MoveLeft,2410,265,None
33156,1094,265,MoveLeft,2410,265,None
33157,1087,265,MoveLeft,2410,265,None
33158,1080,265,MoveLeft,2410,265,None
33159,1073,265,MoveLeft,2410,265,None
33160,1066,265,MoveLeft,2410,265,None
33161,1059,265,MoveLeft,2410,265,None
33162,1052,265,MoveLeft,2410,265,None
33163,1045,265,MoveLeft,2410,265,None
33164,1038,265,MoveLeft,2410,265,None
33199,1038,265,None,2410,265,Serve
33199,1038,265,None,2410,265,None
33218,1038,265,None,2403,265,MoveLeft
33219,1038,265,None,2396,265,MoveLeft
33220,1038,265,None,2389,265,MoveLeft
33221,1038,265,None,2382,265,MoveLeft
33222,1038,265,None,2375,265,MoveLeft
33223,1038,265,None,2368,265,MoveLeft
33224,1038,265,None,2361,265,MoveLeft
33225,1038,265,None,2354,265,MoveLeft
33226,1038,265,None,2347,265,MoveLeft
33227,1038,265,None,2340,265,MoveLeft
33228,1038,265,None,2333,265,MoveLeft
33229,1038,265,None,2326,265,MoveLeft
33230,1038,265,None,2319,265,MoveLeft
33231,1038,265,None,2312,265,MoveLeft
33232,1038,265,None,2305,265,MoveLeft
33233,1038,265,None,2298,265,MoveLeft
33234,1038,265,None,2291,265,MoveLeft
33235,1038,265,None,2284,265,MoveLeft
33236,1038,265,None,2277,265,MoveLeft
33237,1038,265,None,2270,265,MoveLeft
33238,1038,265,None,2263,265,MoveLeft
33239,1038,265,None,2256,265,MoveLeft
33240,1038,265,None,2249,265,MoveLeft
33241,1038,265,None,2242,265,MoveLeft
33242,1031,265,MoveLeft,2242,265,None
33242,1031,265,None,2235,265,MoveLeft
33243,1024,265,MoveLeft,2235,265,None
33243,1024,265,None,2228,265,MoveLeft
33244,1017,265,MoveLeft,2228,265,None
33244,1017,265,None,2221,265,MoveLeft
33245,1010,265,MoveLeft,2221,265,None
33245,1010,265,None,2214,265,MoveLeft
33246,1003,265,MoveLeft,2214,265,None
33246,1003,265,None,2207,265,MoveLeft
33247,996,265,MoveLeft,2207,265,None
33247,996,265,None,2200,265,MoveLeft
33248,989,265,MoveLeft,2200,265,None
33248,989,265,None,2193,265,MoveLeft
33249,982,265,MoveLeft,2193,265,None
33249,982,265,None,2186,265,MoveLeft
33250,975,265,MoveLeft,2186,265,None
33250,975,265,None,2179,265,MoveLeft
33251,968,265,MoveLeft,2179,265,None
33251,968,265,None,2172,265,MoveLeft
33252,961,265,MoveLeft,2172,265,None
33252,961,265,None,2165,265,MoveLeft
33253,954,265,MoveLeft,2165,265,None
33253,954,265,None,2158,265,MoveLeft
33254,947,265,MoveLeft,2158,265,None
33254,947,265,None,2151,265,MoveLeft
33255,940,265,MoveLeft,2151,265,None
33255,940,265,None,2144,265,MoveLeft
33256,933,265,MoveLeft,2144,265,None
33256,933,265,None,2137,265,MoveLeft
33257,926,265,MoveLeft,2137,265,None
33257,926,265,None,2130,265,MoveLeft
33258,919,265,MoveLeft,2130,265,None
33258,919,265,None,2123,265,MoveLeft
33259,912,265,MoveLeft,2123,265,None
33259,912,265,None,2116,265,MoveLeft
33260,905,265,MoveLeft,2116,265,None
33260,905,265,None,2109,265,MoveLeft
33261,898,265,MoveLeft,2109,265,None
33261,898,265,None,2102,265,MoveLeft
33262,891,265,MoveLeft,2102,265,None
33262,891,265,None,2095,265,MoveLeft
33263,884,265,MoveLeft,2095,265,None
33263,884,265,None,2088,265,MoveLeft
33264,877,265,MoveLeft,2088,265,None
33264,877,265,None,2081,265,MoveLeft
33265,870,265,MoveLeft,2081,265,None
33265,870,265,None,2074,265,MoveLeft
33266,870,265,None,2074,265,None
33266,870,265,None,2067,265,MoveLeft
33267,870,265,None,2067,265,None
33267,870,265,None,2060,265,MoveLeft
33268,870,265,None,2060,265,None
33268,870,265,None,2053,265,MoveLeft
33269,870,265,None,2053,265,None
33269,870,265,None,2046,265,MoveLeft
33270,870,265,None,2046,265,None
33270,870,265,None,2039,265,MoveLeft
33271,870,265,Bump,2039,265,None
33271,870,265,None,2039,265,None
33271,870,265,None,2032,265,MoveLeft
33272,870,265,None,2025,265,MoveLeft
33273,870,265,None,2018,265,MoveLeft
33274,870,265,None,2011,265,MoveLeft
33275,870,265,None,2004,265,MoveLeft
33276,870,265,None,1997,265,MoveLeft
33277,870,265,None,1990,265,MoveLeft
33278,870,265,None,1983,265,MoveLeft
33279,870,265,None,1976,265,MoveLeft
33280,870,265,None,1969,265,MoveLeft
33281,870,265,None,1962,265,MoveLeft
33282,870,265,None,1955,265,MoveLeft
33283,870,265,None,1948,265,MoveLeft
33284,870,265,None,1941,265,MoveLeft
33285,870,265,None,1934,265,MoveLeft
33286,870,265,None,1927,265,MoveLeft
33287,870,265,None,1920,265,MoveLeft
33288,870,265,None,1913,265,MoveLeft
33289,870,265,None,1906,265,MoveLeft
33290,877,265,MoveRight,1906,265,None
33290,877,265,None,1899,265,MoveLeft
33291,884,265,MoveRight,1899,265,None
33291,884,265,None,1892,265,MoveLeft
33292,891,265,MoveRight,1892,265,None
33292,891,265,None,1885,265,MoveLeft
33293,898,265,MoveRight,1885,265,None
33293,898,265,None,1878,265,MoveLeft
33294,905,265,MoveRight,1878,265,None
33294,905,265,None,1871,265,MoveLeft
33295,912,265,MoveRight,1871,265,None
33295,912,265,None,1864,265,MoveLeft
33296,919,265,MoveRight,1864,265,None
33296,919,265,None,1857,265,MoveLeft
33297,926,265,MoveRight,1857,265,None
33297,926,265,None,1850,265,MoveLeft
33298,933,265,MoveRight,1850,265,None
33298,933,265,None,1843,265,MoveLeft
33299,940,265,MoveRight,1843,265,None
33299,940,265,None,1836,265,MoveLeft
33300,947,265,MoveRight,1836,265,None
33300,947,265,None,1829,265,MoveLeft
33301,954,265,MoveRight,1829,265,None
33301,954,265,None,1822,265,MoveLeft
33302,961,265,MoveRight,1822,265,None
33302,961,265,None,1815,265,MoveLeft
33303,968,265,MoveRight,1815,265,None
33303,968,265,None,1808,265,MoveLeft
33304,975,265,MoveRight,1808,265,None
33304,975,265,None,1801,265,MoveLeft
33305,982,265,MoveRight,1801,265,None
33305,982,265,None,1794,265,MoveLeft
33306,989,265,MoveRight,1794,265,None
33306,989,265,None,1787,265,MoveLeft
33307,996,265,MoveRight,1787,265,None
33307,996,265,None,1780,265,MoveLeft
33308,1003,265,MoveRight,1780,265,None
33308,1003,265,None,1773,265,MoveLeft
33309,1010,265,MoveRight,1773,265,None
33309,1010,265,None,1766,265,MoveLeft
33310,1017,265,MoveRight,1766,265,None
33310,1017,265,None,1759,265,MoveLeft
33311,1024,265,MoveRight,1759,265,None
33311,1024,265,None,1752,265,MoveLeft
33312,1031,265,MoveRight,1752,265,None
33312,1031,265,None,1745,265,MoveLeft
33313,1038,265,MoveRight,1745,265,None
33313,1038,265,None,1738,265,MoveLeft
33314,1045,265,MoveRight,1738,265,None
33314,1045,265,None,1731,265,MoveLeft
33315,1052,265,MoveRight,1731,265,None
33316,1059,265,MoveRight,1731,265,None
33317,1066,265,MoveRight,1731,265,None
33318,1073,265,MoveRight,1731,265,None
33319,1080,265,MoveRight,1731,265,None
33320,1087,265,MoveRight,1731,265,None
33321,1094,265,MoveRight,1731,265,None
33322,1101,265,MoveRight,1731,265,None
33323,1108,265,MoveRight,1731,265,None
33324,1115,265,MoveRight,1731,265,None
33325,1122,265,MoveRight,1731,265,None
33326,1129,265,MoveRight,1731,265,None
33327,1136,265,MoveRight,1731,265,None
33328,1143,265,MoveRight,1731,265,None
33329,1150,265,MoveRight,1731,265,None
33330,1157,265,MoveRight,1731,265,None
33331,1164,265,MoveRight,1731,265,None
33332,1171,265,MoveRight,1731,265,None
33333,1178,265,MoveRight,1731,265,None
33334,1185,265,MoveRight,1731,265,None
33335,1192,265,MoveRight,1731,265,None
33336,1199,265,MoveRight,1731,265,None
33337,1206,265,MoveRight,1731,265,None
33338,1213,265,MoveRight,1731,265,None
33339,1216.5,284.62,MoveRight,1731,265,None
33340,1220,304.24,MoveRight,1731,265,None
33341,1223.5,314.05,MoveRight,1731,265,None
33342,1227,323.86,MoveRight,1731,265,None
33343,1230.5,333.67,MoveRight,1731,265,None
33344,1234,343.48,MoveRight,1731,265,None
33345,1237.5,353.29,MoveRight,1731,265,None
33346,1241,363.1,MoveRight,1731,265,None
33347,1244.5,372.91,MoveRight,1731,265,None
33348,1248,382.72,MoveRight,1731,265,None
33349,1251.5,392.53,MoveRight,1731,265,None
33350,1255,402.34,MoveRight,1731,265,None
33351,1258.5,412.15,MoveRight,1731,265,None
33352,1262,421.96,MoveRight,1731,265,None
33353,1262,412.15,Set,1731,265,None
33353,1265.5,431.77,MoveRight,1731,265,None
33367,1269,569.11,MoveRight,1731,265,None
33368,1272.5,578.92,MoveRight,1731,265,None
33369,1276,569.11,MoveRight,1731,265,None
33370,1279.5,559.3,MoveRight,1731,265,None
33371,1283,549.49,MoveRight,1731,265,None
33372,1286.5,539.68,MoveRight,1731,265,None
33373,1290,529.87,MoveRight,1731,265,None
33418,1293.5,284.62,MoveRight,1731,265,None
33419,1297,304.24,MoveRight,1731,265,None
33420,1300.5,314.05,MoveRight,1731,265,None
33421,1304,323.86,MoveRight,1731,265,None
33422,1307.5,333.67,MoveRight,1731,265,None
33423,1311,343.48,MoveRight,1731,265,None
33424,1314.5,353.29,MoveRight,1731,265,None
33425,1318,363.1,MoveRight,1731,265,None
33426,1321.5,372.91,MoveRight,1731,265,None
33447,1321.5,578.92,None,1731,265,None
33457,1321.5,480.82,Spike,1731,265,None
33457,1321.5,480.82,None,1731,265,None
33458,1321.5,471.01,None,1724,265,MoveLeft
33459,1321.5,461.2,None,1717,265,MoveLeft
33460,1321.5,451.39,None,1710,265,MoveLeft
33461,1321.5,441.58,None,1703,265,MoveLeft
33462,1321.5,431.77,None,1696,265,MoveLeft
33463,1321.5,421.96,None,1689,265,MoveLeft
33464,1321.5,412.15,None,1682,265,MoveLeft
33465,1321.5,402.34,None,1675,265,MoveLeft
33483,323,265,MoveLeft,1490,265,None
33484,316,265,MoveLeft,1490,265,None
33485,309,265,MoveLeft,1490,265,None
33486,302,265,MoveLeft,1490,265,None
33487,295,265,MoveLeft,1490,265,None
33488,288,265,MoveLeft,1490,265,None
33489,281,265,MoveLeft,1490,265,None
33490,274,265,MoveLeft,1490,265,None
33491,267,265,MoveLeft,1490,265,None
33492,260,265,MoveLeft,1490,265,None
33493,253,265,MoveLeft,1490,265,None
33494,246,265,MoveLeft,1490,265,None
33495,239,265,MoveLeft,1490,265,None
33496,232,265,MoveLeft,1490,265,None
33497,225,265,MoveLeft,1490,265,None
33498,218,265,MoveLeft,1490,265,None
33499,211,265,MoveLeft,1490,265,None
33500,204,265,MoveLeft,1490,265,None
33501,197,265,MoveLeft,1490,265,None
33502,190,265,MoveLeft,1490,265,None
33503,183,265,MoveLeft,1490,265,None
33504,176,265,MoveLeft,1490,265,None
33505,169,265,MoveLeft,1490,265,None
33506,162,265,MoveLeft,1490,265,None
33507,155,265,MoveLeft,1490,265,None
33508,148,265,MoveLeft,1490,265,None
33509,141,265,MoveLeft,1490,265,None
33510,134,265,MoveLeft,1490,265,None
33516,141,265,MoveRight,1490,265,None
33517,148,265,MoveRight,1490,265,None
33518,155,265,MoveRight,1490,265,None
33519,162,265,MoveRight,1490,265,None
33520,169,265,MoveRight,1490,265,None
33521,176,265,MoveRight,1490,265,None
33522,183,265,MoveRight,1490,265,None
33523,190,265,MoveRight,1490,265,None
33524,197,265,MoveRight,1490,265,None
33525,204,265,MoveRight,1490,265,None
33544,204,265,Serve,1490,265,None
33544,204,265,None,1490,265,None
33545,204,265,None,1497,265,MoveRight
33546,204,265,None,1504,265,MoveRight
33547,204,265,None,1511,265,MoveRight
33548,204,265,None,1518,265,MoveRight
33549,204,265,None,1525,265,MoveRight
33550,204,265,None,1532,265,MoveRight
33551,204,265,None,1539,265,MoveRight
33552,204,265,None,1546,265,MoveRight
33553,204,265,None,1553,265,MoveRight
33554,204,265,None,1560,265,MoveRight
33555,204,265,None,1567,265,MoveRight
33556,204,265,None,1574,265,MoveRight
33557,204,265,None,1581,265,MoveRight
33558,204,265,None,1588,265,MoveRight
33559,204,265,None,1595,265,MoveRight
33560,204,265,None,1602,265,MoveRight
33561,204,265,None,1609,265,MoveRight
33562,204,265,None,1616,265,MoveRight
33563,204,265,None,1623,265,MoveRight
33564,211,265,MoveRight,1623,265,None
33564,211,265,None,1630,265,MoveRight
33565,218,265,MoveRight,1630,265,None
33565,218,265,None,1637,265,MoveRight
33566,225,265,MoveRight,1637,265,None
33566,225,265,None,1644,265,MoveRight
33567,232,265,MoveRight,1644,265,None
33567,232,265,None,1651,265,MoveRight
33568,239,265,MoveRight,1651,265,None
33568,239,265,None,1658,265,MoveRight
33569,246,265,MoveRight,1658,265,None
33569,246,265,None,1665,265,MoveRight
33570,253,265,MoveRight,1665,265,None
33570,253,265,None,1672,265,MoveRight
33571,260,265,MoveRight,1672,265,None
33571,260,265,None,1679,265,MoveRight
33572,267,265,MoveRight,1679,265,None
33572,267,265,None,1686,265,MoveRight
33573,274,265,MoveRight,1686,265,None
33573,274,265,None,1693,265,MoveRight
33574,281,265,MoveRight,1693,265,None
33574,281,265,None,1700,265,MoveRight
33575,288,265,MoveRight,1700,265,None
33575,288,265,None,1707,265,MoveRight
33576,295,265,MoveRight,1707,265,None
33576,295,265,None,1714,265,MoveRight
33577,302,265,MoveRight,1714,265,None
33577,302,265,None,1721,265,MoveRight
33578,309,265,MoveRight,1721,265,None
33578,309,265,None,1728,265,MoveRight
33579,316,265,MoveRight,1728,265,None
33579,316,265,None,1735,265,MoveRight
33580,323,265,MoveRight,1735,265,None
33580,323,265,None,1742,265,MoveRight
33581,330,265,MoveRight,1742,265,None
33581,330,265,None,1749,265,MoveRight
33582,337,265,MoveRight,1749,265,None
33583,344,265,MoveRight,1749,265,None
33584,351,265,MoveRight,1749,265,None
33585,358,265,MoveRight,1749,265,None
33586,365,265,MoveRight,1749,265,None
33587,372,265,MoveRight,1749,265,None
33588,379,265,MoveRight,1749,265,None
33589,386,265,MoveRight,1749,265,None
33590,393,265,MoveRight,1749,265,None
33591,400,265,MoveRight,1749,265,None
33592,407,265,MoveRight,1749,265,None
33593,414,265,MoveRight,1749,265,None
33594,421,265,MoveRight,1749,265,None
33595,428,265,MoveRight,1749,265,None
33596,435,265,MoveRight,1749,265,None
33597,442,265,MoveRight,1749,265,None
33598,449,265,MoveRight,1749,265,None
33599,456,265,MoveRight,1749,265,None
33600,463,265,MoveRight,1749,265,None
33601,470,265,MoveRight,1749,265,None
33602,477,265,MoveRight,1749,265,None
33603,484,265,MoveRight,1749,265,None
33604,491,265,MoveRight,1749,265,None
33605,498,265,MoveRight,1749,265,None
33606,505,265,MoveRight,1749,265,None
33607,512,265,MoveRight,1749,265,None
33608,519,265,MoveRight,1749,265,None
33609,526,265,MoveRight,1749,265,None
33610,533,265,MoveRight,1749,265,None
33611,540,265,MoveRight,1749,265,None
33612,547,265,MoveRight,1749,265,None
33613,554,265,MoveRight,1749,265,None
33614,561,265,MoveRight,1749,265,None
33615,568,265,MoveRight,1749,265,None
33616,575,265,MoveRight,1749,265,None
33617,582,265,MoveRight,1749,265,None
33618,582,265,None,1749,265,SpikeMedium
33618,589,265,MoveRight,1749,265,None
33618,589,265,None,1749,265,None
33619,596,265,MoveRight,1749,265,None
33620,603,265,MoveRight,1749,265,None
33621,610,265,MoveRight,1749,265,None
33622,617,265,MoveRight,1749,265,None
33623,624,265,MoveRight,1749,265,None
33624,631,265,MoveRight,1749,265,None
33625,638,265,MoveRight,1749,265,None
33626,645,265,MoveRight,1749,265,None
33627,652,265,MoveRight,1749,265,None
33628,659,265,MoveRight,1749,265,None
33629,666,265,MoveRight,1749,265,None
33629,666,265,None,1742,265,MoveLeft
33630,673,265,MoveRight,1742,265,None
33630,673,265,None,1735,265,MoveLeft
33631,680,265,MoveRight,1735,265,None
33631,680,265,None,1735,265,None
33632,687,265,MoveRight,1735,265,None
33632,687,265,None,1735,265,None
33633,694,265,MoveRight,1735,265,None
33633,694,265,None,1735,265,None
33634,701,265,MoveRight,1735,265,None
33634,701,265,None,1735,265,None
33635,708,265,MoveRight,1735,265,None
33635,708,265,None,1735,265,None
33636,715,265,MoveRight,1735,265,None
33636,715,265,None,1735,265,None
33637,722,265,MoveRight,1735,265,None
33637,722,265,None,1735,265,None
33638,729,265,MoveRight,1735,265,None
33638,729,265,None,1735,265,None
33639,736,265,MoveRight,1735,265,None
33639,736,265,None,1735,265,None
33640,743,265,MoveRight,1735,265,None
33640,743,265,None,1735,265,None
33641,750,265,MoveRight,1735,265,None
33641,750,265,None,1735,265,None
33642,757,265,MoveRight,1735,265,None
33642,757,265,None,1735,265,None
33643,764,265,MoveRight,1735,265,None
33643,764,265,None,1735,265,None
33644,771,265,MoveRight,1735,265,None
33644,771,265,None,1735,265,None
33645,778,265,MoveRight,1735,265,None
33645,778,265,None,1735,265,None
33646,785,265,MoveRight,1735,265,None
33646,785,265,None,1735,265,None
33647,792,265,MoveRight,1735,265,None
33647,792,265,None,1735,265,None
33648,799,265,MoveRight,1735,265,None
33648,799,265,None,1735,265,None
33649,806,265,MoveRight,1735,265,None
33649,806,265,None,1735,265,None
33650,813,265,MoveRight,1735,265,None
33650,813,265,None,1735,265,None
33651,820,265,MoveRight,1735,265,None
33651,820,265,None,1735,265,None
33652,827,265,MoveRight,1735,265,None
33652,827,265,None,1735,265,None
33653,834,265,MoveRight,1735,265,None
33653,834,265,None,1735,265,None
33654,841,265,MoveRight,1735,265,None
33654,841,265,None,1735,265,None
33655,848,265,MoveRight,1735,265,None
33655,848,265,None,1735,265,None
33656,855,265,MoveRight,1735,265,None
33656,855,265,None,1735,265,None
33657,855,265,None,1735,265,None
33657,855,265,None,1735,265,None
33658,855,265,None,1735,265,None
33658,855,265,None,1735,265,None
33659,855,265,None,1735,265,None
33659,855,265,None,1735,265,None
33660,855,265,None,1735,265,None
33660,855,265,None,1735,265,None
33661,855,265,None,1735,265,None
33661,855,265,None,1735,265,None
33662,855,265,None,1735,265,None
33662,855,265,None,1735,265,None
33663,855,265,None,1735,265,None
33663,855,265,None,1735,265,None
33664,855,265,None,1735,265,None
33664,855,265,None,1735,265,None
33665,855,265,None,1735,265,None
33665,855,265,None,1735,265,None
33666,855,265,None,1735,265,None
33666,855,265,None,1735,265,None
33667,855,265,None,1735,265,None
33667,855,265,None,1735,265,None
33668,855,265,None,1735,265,None
33668,855,265,None,1735,265,None
33669,855,265,None,1735,265,None
33669,855,265,None,1735,265,None
33670,855,265,None,1735,265,None
33670,855,265,None,1735,265,None
33671,855,265,None,1735,265,None
33671,855,265,None,1735,265,None
33672,855,265,None,1735,265,None
33672,855,265,None,1735,265,None
33673,855,265,None,1735,265,None
33673,855,265,None,1735,265,None
33674,855,265,None,1735,265,None
33674,855,265,None,1735,265,None
33675,855,265,None,1735,265,None
33675,855,265,None,1735,265,None
33676,855,265,None,1735,265,None
33676,855,265,None,1735,265,None
33677,855,265,None,1735,265,None
33677,855,265,None,1735,265,None
33678,855,265,None,1735,265,None
33678,855,265,None,1735,265,None
33679,855,265,None,1735,265,None
33679,855,265,None,1735,265,None
33680,855,265,Bump,1735,265,None
33680,855,265,None,1735,265,None
33680,855,265,None,1735,265,None
33699,862,265,MoveRight,1735,265,None
33700,869,265,MoveRight,1735,265,None
33701,876,265,MoveRight,1735,265,None
33702,883,265,MoveRight,1735,265,None
33703,890,265,MoveRight,1735,265,None
33704,897,265,MoveRight,1735,265,None
33705,904,265,MoveRight,1735,265,None
33706,911,265,MoveRight,1735,265,None
33707,918,265,MoveRight,1735,265,None
33708,925,265,MoveRight,1735,265,None
33709,932,265,MoveRight,1735,265,None
33710,939,265,MoveRight,1735,265,None
33711,946,265,MoveRight,1735,265,None
33712,953,265,MoveRight,1735,265,None
33713,960,265,MoveRight,1735,265,None
33714,967,265,MoveRight,1735,265,None
33715,974,265,MoveRight,1735,265,None
33716,981,265,MoveRight,1735,265,None
33717,988,265,MoveRight,1735,265,None
33718,995,265,MoveRight,1735,265,None
33719,1002,265,MoveRight,1735,265,None
33720,1009,265,MoveRight,1735,265,None
33721,1016,265,MoveRight,1735,265,None
33722,1023,265,MoveRight,1735,265,None
33723,1030,265,MoveRight,1735,265,None
33724,1037,265,MoveRight,1735,265,None
33725,1044,265,MoveRight,1735,265,None
33726,1051,265,MoveRight,1735,265,None
33727,1058,265,MoveRight,1735,265,None
33728,1065,265,MoveRight,1735,265,None
33729,1072,265,MoveRight,1735,265,None
33730,1079,265,MoveRight,1735,265,None
33731,1086,265,MoveRight,1735,265,None
33732,1093,265,MoveRight,1735,265,None
33733,1100,265,MoveRight,1735,265,None
33734,1107,265,MoveRight,1735,265,None
33735,1114,265,MoveRight,1735,265,None
33736,1121,265,MoveRight,1735,265,None
33737,1128,265,MoveRight,1735,265,None
33738,1135,265,MoveRight,1735,265,None
33739,1142,265,MoveRight,1735,265,None
33740,1149,265,MoveRight,1735,265,None
33741,1156,265,MoveRight,1735,265,None
33742,1163,265,MoveRight,1735,265,None
33743,1170,265,MoveRight,1735,265,None
33744,1177,265,MoveRight,1735,265,None
33745,1184,265,MoveRight,1735,265,None
33746,1191,265,MoveRight,1735,265,None
33747,1198,265,MoveRight,1735,265,None
33748,1205,265,MoveRight,1735,265,None
33749,1212,265,MoveRight,1735,265,None
33750,1219,265,MoveRight,1735,265,None
33751,1226,265,MoveRight,1735,265,None
33752,1233,265,MoveRight,1735,265,None
33753,1240,265,MoveRight,1735,265,None
33754,1247,265,MoveRight,1735,265,None
33755,1254,265,MoveRight,1735,265,None
33756,1261,265,MoveRight,1735,265,None
33757,1268,265,MoveRight,1735,265,None
33758,1275,265,MoveRight,1735,265,None
33759,1282,265,MoveRight,1735,265,None
33760,1289,265,MoveRight,1735,265,None
33761,1296,265,MoveRight,1735,265,None
33768,1296,265,None,1728,265,MoveLeft
33769,1296,265,None,1721,265,MoveLeft
33770,1296,265,Set,1721,265,None
33770,1296,265,None,1721,265,None
33770,1296,265,None,1714,265,MoveLeft
33771,1296,265,None,1707,265,MoveLeft
33849,1289,265,MoveLeft,1707,265,None
33850,1282,265,MoveLeft,1707,265,None
33851,1275,265,MoveLeft,1707,265,None
33852,1268,265,MoveLeft,1707,265,None
33853,1261,265,MoveLeft,1707,265,None
33854,1254,265,MoveLeft,1707,265,None
33855,1247,265,MoveLeft,1707,265,None
33856,1240,265,MoveLeft,1707,265,None
33857,1233,265,MoveLeft,1707,265,None
33858,1226,265,MoveLeft,1707,265,None
33859,1219,265,MoveLeft,1707,265,None
33860,1212,265,MoveLeft,1707,265,None
33861,1205,265,MoveLeft,1707,265,None
33862,1198,265,MoveLeft,1707,265,None
33863,1191,265,MoveLeft,1707,265,None
33864,1184,265,MoveLeft,1707,265,None
33865,1177,265,MoveLeft,1707,265,None
33866,1170,265,MoveLeft,1707,265,None
33867,1163,265,MoveLeft,1707,265,None
33883,1170,265,MoveRight,1707,265,None
33884,1177,265,MoveRight,1707,265,None
33885,1184,265,MoveRight,1707,265,None
33886,1191,265,MoveRight,1707,265,None
33887,1198,265,MoveRight,1707,265,None
33888,1205,265,MoveRight,1707,265,None
33889,1212,265,MoveRight,1707,265,None
33890,1219,265,MoveRight,1707,265,None
33891,1226,265,MoveRight,1707,265,None
33892,1233,265,MoveRight,1707,265,None
33893,1240,265,MoveRight,1707,265,None
33894,1247,265,MoveRight,1707,265,None
33895,1254,265,MoveRight,1707,265,None
33896,1257.5,284.62,MoveRight,1707,265,None
33897,1261,304.24,MoveRight,1707,265,None
33898,1264.5,314.05,MoveRight,1707,265,None
33899,1268,323.86,MoveRight,1707,265,None
33900,1271.5,333.67,MoveRight,1707,265,None
33901,1275,343.48,MoveRight,1707,265,None
33902,1278.5,353.29,MoveRight,1707,265,None
33903,1282,363.1,MoveRight,1707,265,None
33904,1285.5,372.91,MoveRight,1707,265,None
33905,1289,382.72,MoveRight,1707,265,None
33906,1292.5,392.53,MoveRight,1707,265,None
33907,1296,402.34,MoveRight,1707,265,None
33908,1296,392.53,SpikeLight,1707,265,None
33908,1299.5,412.15,MoveRight,1707,265,None
33918,1299.5,510.25,None,1707,265,None
33919,1296,520.06,MoveLeft,1707,265,None
33920,1292.5,529.87,MoveLeft,1707,265,None
33921,1289,539.68,MoveLeft,1707,265,None
33922,1285.5,549.49,MoveLeft,1707,265,None
33923,1282,559.3,MoveLeft,1707,265,None
33924,1278.5,569.11,MoveLeft,1707,265,None
33925,1275,578.92,MoveLeft,1707,265,None
33926,1271.5,569.11,MoveLeft,1707,265,None
33927,1268,559.3,MoveLeft,1707,265,None
33928,1264.5,549.49,MoveLeft,1707,265,None
33929,1261,539.68,MoveLeft,1707,265,None
33930,1257.5,529.87,MoveLeft,1707,265,None
33931,1254,520.06,MoveLeft,1707,265,None
33932,1250.5,510.25,MoveLeft,1707,265,None
33933,1247,500.44,MoveLeft,1707,265,None
33934,1243.5,490.63,MoveLeft,1707,265,None
33935,1240,480.82,MoveLeft,1707,265,None
33936,1236.5,471.01,MoveLeft,1707,265,None
33943,1240,402.34,MoveRight,1707,265,None
33944,1243.5,392.53,MoveRight,1707,265,None
33945,1247,382.72,MoveRight,1707,265,None
33946,1250.5,372.91,MoveRight,1707,265,None
33947,1254,363.1,MoveRight,1707,265,None
33948,1257.5,353.29,MoveRight,1707,265,None
33949,1261,343.48,MoveRight,1707,265,None
33950,1264.5,333.67,MoveRight,1707,265,None
33951,1268,323.86,MoveRight,1707,265,None
33952,1271.5,314.05,MoveRight,1707,265,None
33953,1275,304.24,MoveRight,1707,265,None
33954,1278.5,294.43,MoveRight,1707,265,None
33955,1282,284.62,MoveRight,1707,265,None
33956,1285.5,274.81,MoveRight,1707,265,None
33957,1292.5,265,MoveRight,1707,265,None
33958,1299.5,265,MoveRight,1707,265,None
33959,1306.5,265,MoveRight,1707,265,None
33960,1313.5,265,MoveRight,1707,265,None
33961,1320.5,265,MoveRight,1707,265,None
34001,1326,421.96,SpikeLight,1707,265,None
34011,1333.5,382.72,MoveRight,2410,265,None
34012,1333.5,372.91,SpikeLight,2410,265,None
34012,1337,392.53,MoveRight,2410,265,None
34013,1340.5,402.34,MoveRight,2410,265,None
34014,1344,412.15,MoveRight,2410,265,None
34015,1347.5,421.96,MoveRight,2410,265,None
34016,1351,412.15,MoveRight,2410,265,None
34017,1354.5,402.34,MoveRight,2410,265,None
34018,1358,392.53,MoveRight,2410,265,None
34019,1361.5,382.72,MoveRight,2410,265,None
34020,1365,372.91,MoveRight,2410,265,None
34021,1368.5,363.1,MoveRight,2410,265,None
34037,1361.5,265,MoveLeft,2410,265,None
34038,1354.5,265,MoveLeft,2410,265,None
34039,1347.5,265,MoveLeft,2410,265,None
34040,1340.5,265,MoveLeft,2410,265,None
34041,1333.5,265,MoveLeft,2410,265,None
34042,1326.5,265,MoveLeft,2410,265,None
34043,1319.5,265,MoveLeft,2410,265,None
34044,1312.5,265,MoveLeft,2410,265,None
34045,1305.5,265,MoveLeft,2410,265,None
34046,1298.5,265,MoveLeft,2410,265,None
34047,1291.5,265,MoveLeft,2410,265,None
34048,1284.5,265,MoveLeft,2410,265,None
34049,1277.5,265,MoveLeft,2410,265,None
34050,1270.5,265,MoveLeft,2410,265,None
34051,1263.5,265,MoveLeft,2410,265,None
34052,1263.5,265,None,2410,265,Serve
34052,1256.5,265,MoveLeft,2410,265,None
34052,1256.5,265,None,2410,265,None
34053,1249.5,265,MoveLeft,2410,265,None
34054,1242.5,265,MoveLeft,2410,265,None
34055,1235.5,265,MoveLeft,2410,265,None
34056,1228.5,265,MoveLeft,2410,265,None
34057,1221.5,265,MoveLeft,2410,265,None
34058,1214.5,265,MoveLeft,2410,265,None
34059,1207.5,265,MoveLeft,2410,265,None
34060,1200.5,265,MoveLeft,2410,265,None
34061,1193.5,265,MoveLeft,2410,265,None
34062,1186.5,265,MoveLeft,2410,265,None
34066,1193.5,265,MoveRight,2410,265,None
34067,1200.5,265,MoveRight,2410,265,None
34068,1207.5,265,MoveRight,2410,265,None
34069,1214.5,265,MoveRight,2410,265,None
34070,1221.5,265,MoveRight,2410,265,None
34071,1225,284.62,MoveRight,2410,265,None
34072,1228.5,304.24,MoveRight,2410,265,None
34072,1228.5,304.24,None,2403,265,MoveLeft
34073,1232,314.05,MoveRight,2403,265,None
34073,1232,314.05,None,2396,265,MoveLeft
34074,1235.5,323.86,MoveRight,2396,265,None
34074,1235.5,323.86,None,2389,265,MoveLeft
34075,1239,333.67,MoveRight,2389,265,None
34075,1239,333.67,None,2382,265,MoveLeft
34076,1242.5,343.48,MoveRight,2382,265,None
34076,1242.5,343.48,None,2375,265,MoveLeft
34077,1246,353.29,MoveRight,2375,265,None
34077,1246,353.29,None,2368,265,MoveLeft
34078,1249.5,363.1,MoveRight,2368,265,None
34078,1249.5,363.1,None,2361,265,MoveLeft
34079,1253,372.91,MoveRight,2361,265,None
34079,1253,372.91,None,2354,265,MoveLeft
34080,1256.5,382.72,MoveRight,2354,265,None
34080,1256.5,382.72,None,2347,265,MoveLeft
34081,1260,392.53,MoveRight,2347,265,None
34081,1260,392.53,None,2340,265,MoveLeft
34082,1263.5,402.34,MoveRight,2340,265,None
34082,1263.5,402.34,None,2333,265,MoveLeft
34083,1263.5,412.15,None,2326,265,MoveLeft
34084,1260,421.96,MoveLeft,2326,265,None
34084,1260,421.96,None,2319,265,MoveLeft
34085,1256.5,431.77,MoveLeft,2319,265,None
34085,1256.5,431.77,None,2312,265,MoveLeft
34086,1253,441.58,MoveLeft,2312,265,None
34086,1253,441.58,None,2305,265,MoveLeft
34087,1249.5,451.39,MoveLeft,2305,265,None
34087,1249.5,451.39,None,2298,265,MoveLeft
34088,1246,461.2,MoveLeft,2298,265,None
34088,1246,461.2,None,2291,265,MoveLeft
34089,1242.5,471.01,MoveLeft,2291,265,None
34089,1242.5,471.01,None,2284,265,MoveLeft
34090,1239,480.82,MoveLeft,2284,265,None
34090,1239,480.82,None,2277,265,MoveLeft
34091,1235.5,490.63,MoveLeft,2277,265,None
34091,1235.5,490.63,None,2270,265,MoveLeft
34092,1232,500.44,MoveLeft,2270,265,None
34092,1232,500.44,None,2263,265,MoveLeft
34093,1228.5,510.25,MoveLeft,2263,265,None
34093,1228.5,510.25,None,2256,265,MoveLeft
34094,1225,520.06,MoveLeft,2256,265,None
34094,1225,520.06,None,2249,265,MoveLeft
34095,1221.5,529.87,MoveLeft,2249,265,None
34095,1221.5,529.87,None,2242,265,MoveLeft
34096,1218,539.68,MoveLeft,2242,265,None
34096,1218,539.68,None,2235,265,MoveLeft
34097,1214.5,549.49,MoveLeft,2235,265,None
34097,1214.5,549.49,None,2228,265,MoveLeft
34098,1211,559.3,MoveLeft,2228,265,None
34098,1211,559.3,None,2221,265,MoveLeft
34099,1207.5,569.11,MoveLeft,2221,265,None
34099,1207.5,569.11,None,2214,265,MoveLeft
34100,1204,578.92,MoveLeft,2214,265,None
34100,1204,578.92,None,2207,265,MoveLeft
34101,1200.5,569.11,MoveLeft,2207,265,None
34101,1200.5,569.11,None,2200,265,MoveLeft
34102,1197,559.3,MoveLeft,2200,265,None
34102,1197,559.3,None,2193,265,MoveLeft
34103,1193.5,549.49,MoveLeft,2193,265,None
34103,1193.5,549.49,None,2186,265,MoveLeft
34104,1190,539.68,MoveLeft,2186,265,None
34104,1190,539.68,None,2179,265,MoveLeft
34105,1186.5,529.87,MoveLeft,2179,265,None
34105,1186.5,529.87,None,2172,265,MoveLeft
34106,1183,520.06,MoveLeft,2172,265,None
34106,1183,520.06,None,2165,265,MoveLeft
34107,1179.5,510.25,MoveLeft,2165,265,None
34107,1179.5,510.25,None,2158,265,MoveLeft
34108,1176,500.44,MoveLeft,2158,265,None
34108,1176,500.44,None,2151,265,MoveLeft
34109,1172.5,490.63,MoveLeft,2151,265,None
34109,1172.5,490.63,None,2144,265,MoveLeft
34110,1169,480.82,MoveLeft,2144,265,None
34110,1169,480.82,None,2137,265,MoveLeft
34111,1169,471.01,Bump,2137,265,None
34111,1165.5,471.01,MoveLeft,2137,265,None
34111,1165.5,471.01,None,2130,265,MoveLeft
34112,1165.5,461.2,None,2123,265,MoveLeft
34113,1165.5,451.39,None,2116,265,MoveLeft
34114,1165.5,441.58,None,2109,265,MoveLeft
34115,1165.5,431.77,None,2102,265,MoveLeft
34116,1165.5,421.96,None,2095,265,MoveLeft
34117,1165.5,412.15,None,2088,265,MoveLeft
34118,1165.5,402.34,None,2081,265,MoveLeft
34119,1165.5,392.53,None,2074,265,MoveLeft
34120,1165.5,382.72,None,2067,265,MoveLeft
34121,1165.5,372.91,None,2060,265,MoveLeft
34122,1165.5,363.1,None,2053,265,MoveLeft
34123,1165.5,353.29,None,2046,265,MoveLeft
34124,1165.5,343.48,None,2039,265,MoveLeft
34125,1165.5,333.67,None,2032,265,MoveLeft
34126,1165.5,323.86,None,2025,265,MoveLeft
34127,1165.5,314.05,None,2018,265,MoveLeft
34128,1165.5,304.24,None,2011,265,MoveLeft
34129,1165.5,294.43,None,2004,265,MoveLeft
34130,1165.5,284.62,None,1997,265,MoveLeft
34131,1169,274.81,MoveRight,1997,265,None
34131,1169,274.81,None,1990,265,MoveLeft
34132,1176,265,MoveRight,1990,265,None
34132,1176,265,None,1983,265,MoveLeft
34133,1183,265,MoveRight,1983,265,None
34133,1183,265,None,1976,265,MoveLeft
34134,1190,265,MoveRight,1976,265,None
34134,1190,265,None,1969,265,MoveLeft
34135,1197,265,MoveRight,1969,265,None
34135,1197,265,None,1962,265,MoveLeft
34136,1204,265,MoveRight,1962,265,None
34136,1204,265,None,1955,265,MoveLeft
34137,1211,265,MoveRight,1955,265,None
34137,1211,265,None,1948,265,MoveLeft
34138,1218,265,MoveRight,1948,265,None
34138,1218,265,None,1941,265,MoveLeft
34139,1225,265,MoveRight,1941,265,None
34139,1225,265,None,1934,265,MoveLeft
34140,1232,265,MoveRight,1934,265,None
34140,1232,265,None,1927,265,MoveLeft
34141,1232,265,None,1920,265,MoveLeft
34142,1232,265,None,1913,265,MoveLeft
34143,1232,265,None,1906,265,MoveLeft
34144,1232,265,None,1899,265,MoveLeft
34145,1232,265,None,1892,265,MoveLeft
34146,1232,265,None,1885,265,MoveLeft
34147,1232,265,None,1878,265,MoveLeft
34148,1239,265,MoveRight,1878,265,None
34148,1239,265,None,1871,265,MoveLeft
34149,1246,265,MoveRight,1871,265,None
34149,1246,265,None,1864,265,MoveLeft
34150,1253,265,MoveRight,1864,265,None
34150,1253,265,None,1857,265,MoveLeft
34151,1260,265,MoveRight,1857,265,None
34151,1260,265,None,1850,265,MoveLeft
34152,1267,265,MoveRight,1850,265,None
34152,1267,265,None,1843,265,MoveLeft
34153,1274,265,MoveRight,1843,265,None
34153,1274,265,None,1836,265,MoveLeft
34154,1281,265,MoveRight,1836,265,None
34154,1281,265,None,1829,265,MoveLeft
34155,1288,265,MoveRight,1829,265,None
34155,1288,265,None,1822,265,MoveLeft
34156,1295,265,MoveRight,1822,265,None
34156,1295,265,None,1815,265,MoveLeft
34157,1302,265,MoveRight,1815,265,None
34157,1302,265,None,1808,265,MoveLeft
34158,1309,265,MoveRight,1808,265,None
34158,1309,265,None,1801,265,MoveLeft
34159,1309,265,None,1794,265,MoveLeft
34160,1309,265,None,1787,265,MoveLeft
34161,1302,265,MoveLeft,1787,265,None
34161,1302,265,None,1780,265,MoveLeft
34162,1295,265,MoveLeft,1780,265,None
34162,1295,265,None,1773,265,MoveLeft
34163,1288,265,MoveLeft,1773,265,None
34163,1288,265,None,1766,265,MoveLeft
34164,1281,265,MoveLeft,1766,265,None
34164,1281,265,None,1759,265,MoveLeft
34165,1274,265,MoveLeft,1759,265,None
34165,1274,265,None,1752,265,MoveLeft
34166,1267,265,MoveLeft,1752,265,None
34166,1267,265,None,1745,265,MoveLeft
34167,1260,265,MoveLeft,1745,265,None
34167,1260,265,None,1738,265,MoveLeft
34168,1253,265,MoveLeft,1738,265,None
34168,1253,265,None,1731,265,MoveLeft
34169,1246,265,MoveLeft,1731,265,None
34169,1246,265,None,1724,265,MoveLeft
34170,1239,265,MoveLeft,1724,265,None
34170,1239,265,None,1717,265,MoveLeft
34171,1232,265,MoveLeft,1717,265,None
34171,1232,265,None,1710,265,MoveLeft
34172,1225,265,MoveLeft,1710,265,None
34172,1225,265,None,1703,265,MoveLeft
34173,1218,265,MoveLeft,1703,265,None
34173,1218,265,None,1696,265,MoveLeft
34174,1211,265,MoveLeft,1696,265,None
34174,1211,265,None,1689,265,MoveLeft
34175,1204,265,MoveLeft,1689,265,None
34175,1204,265,None,1682,265,MoveLeft
34176,1197,265,MoveLeft,1682,265,None
34176,1197,265,None,1675,265,MoveLeft
34177,1190,265,MoveLeft,1675,265,None
34177,1190,265,None,1668,265,MoveLeft
34178,1183,265,MoveLeft,1668,265,None
34178,1183,265,None,1661,265,MoveLeft
34179,1176,265,MoveLeft,1661,265,None
34179,1176,265,None,1654,265,MoveLeft
34180,1169,265,MoveLeft,1654,265,None
34180,1169,265,None,1647,265,MoveLeft
34181,1169,265,None,1640,265,MoveLeft
34182,1169,265,None,1633,265,MoveLeft
34183,1169,265,None,1626,265,MoveLeft
34184,1169,265,None,1619,265,MoveLeft
34185,1169,265,None,1612,265,MoveLeft
34186,1169,265,None,1605,265,MoveLeft
34187,1169,265,None,1598,265,MoveLeft
34315,330,265,Serve,1850,265,None
34315,330,265,None,1850,265,None
34316,330,265,None,1857,265,MoveRight
34317,330,265,None,1864,265,MoveRight
34318,330,265,None,1871,265,MoveRight
34319,330,265,None,1878,265,MoveRight
34334,337,265,MoveRight,1878,265,None
34335,344,265,MoveRight,1878,265,None
34336,351,265,MoveRight,1878,265,None
34337,358,265,MoveRight,1878,265,None
34338,365,265,MoveRight,1878,265,None
34339,372,265,MoveRight,1878,265,None
34340,379,265,MoveRight,1878,265,None
34341,386,265,MoveRight,1878,265,None
34342,393,265,MoveRight,1878,265,None
34343,400,265,MoveRight,1878,265,None
34344,407,265,MoveRight,1878,265,None
34345,414,265,MoveRight,1878,265,None
34346,421,265,MoveRight,1878,265,None
34347,428,265,MoveRight,1878,265,None
34348,435,265,MoveRight,1878,265,None
34349,442,265,MoveRight,1878,265,None
34350,449,265,MoveRight,1878,265,None
34351,456,265,MoveRight,1878,265,None
34352,463,265,MoveRight,1878,265,None
34353,470,265,MoveRight,1878,265,None
34354,477,265,MoveRight,1878,265,None
34355,484,265,MoveRight,1878,265,None
34356,491,265,MoveRight,1878,265,None
34357,498,265,MoveRight,1878,265,None
34358,505,265,MoveRight,1878,265,None
34359,512,265,MoveRight,1878,265,None
34360,519,265,MoveRight,1878,265,None
34361,526,265,MoveRight,1878,265,None
34362,533,265,MoveRight,1878,265,None
34363,540,265,MoveRight,1878,265,None
34364,547,265,MoveRight,1878,265,None
34365,554,265,MoveRight,1878,265,None
34366,561,265,MoveRight,1878,265,None
34367,568,265,MoveRight,1878,265,None
34368,575,265,MoveRight,1878,265,None
34369,582,265,MoveRight,1878,265,None
34370,589,265,MoveRight,1878,265,None
34371,596,265,MoveRight,1878,265,None
34372,603,265,MoveRight,1878,265,None
34373,610,265,MoveRight,1878,265,None
34374,617,265,MoveRight,1878,265,None
34375,624,265,MoveRight,1878,265,None
34376,631,265,MoveRight,1878,265,None
34377,638,265,MoveRight,1878,265,None
34378,645,265,MoveRight,1878,265,None
34379,652,265,MoveRight,1878,265,None
34380,659,265,MoveRight,1878,265,None
34381,666,265,MoveRight,1878,265,None
34382,673,265,MoveRight,1878,265,None
34383,680,265,MoveRight,1878,265,None
34384,687,265,MoveRight,1878,265,None
34385,694,265,MoveRight,1878,265,None
34386,701,265,MoveRight,1878,265,None
34387,708,265,MoveRight,1878,265,None
34388,715,265,MoveRight,1878,265,None
34389,715,265,None,1878,265,SpikeMedium
34389,722,265,MoveRight,1878,265,None
34389,722,265,None,1878,265,None
34390,729,265,MoveRight,1878,265,None
34391,736,265,MoveRight,1878,265,None
34392,743,265,MoveRight,1878,265,None
34393,750,265,MoveRight,1878,265,None
34394,757,265,MoveRight,1878,265,None
34395,764,265,MoveRight,1878,265,None
34396,771,265,MoveRight,1878,265,None
34397,778,265,MoveRight,1878,265,None
34398,785,265,MoveRight,1878,265,None
34399,792,265,MoveRight,1878,265,None
34400,799,265,MoveRight,1878,265,None
34400,799,265,None,1871,265,MoveLeft
34401,806,265,MoveRight,1871,265,None
34401,806,265,None,1864,265,MoveLeft
34402,813,265,MoveRight,1864,265,None
34402,813,265,None,1857,265,MoveLeft
34403,820,265,MoveRight,1857,265,None
34403,820,265,None,1850,265,MoveLeft
34404,827,265,MoveRight,1850,265,None
34404,827,265,None,1843,265,MoveLeft
34405,834,265,MoveRight,1843,265,None
34405,834,265,None,1836,265,MoveLeft
34406,841,265,MoveRight,1836,265,None
34406,841,265,None,1829,265,MoveLeft
34407,848,265,MoveRight,1829,265,None
34407,848,265,None,1822,265,MoveLeft
34408,855,265,MoveRight,1822,265,None
34408,855,265,None,1815,265,MoveLeft
34409,862,265,MoveRight,1815,265,None
34409,862,265,None,1808,265,MoveLeft
34410,869,265,MoveRight,1808,265,None
34410,869,265,None,1801,265,MoveLeft
34411,876,265,MoveRight,1801,265,None
34411,876,265,None,1794,265,MoveLeft
34412,883,265,MoveRight,1794,265,None
34412,883,265,None,1787,265,MoveLeft
34413,890,265,MoveRight,1787,265,None
34413,890,265,None,1780,265,MoveLeft
34414,897,265,MoveRight,1780,265,None
34414,897,265,None,1773,265,MoveLeft
34415,904,265,MoveRight,1773,265,None
34415,904,265,None,1766,265,MoveLeft
34416,911,265,MoveRight,1766,265,None
34416,911,265,None,1759,265,MoveLeft
34417,918,265,MoveRight,1759,265,None
34417,918,265,None,1752,265,MoveLeft
34418,925,265,MoveRight,1752,265,None
34418,925,265,None,1745,265,MoveLeft
34419,932,265,MoveRight,1745,265,None
34419,932,265,None,1738,265,MoveLeft
34420,939,265,MoveRight,1738,265,None
34420,939,265,None,1731,265,MoveLeft
34421,946,265,MoveRight,1731,265,None
34421,946,265,None,1731,265,None
34422,953,265,MoveRight,1731,265,None
34422,953,265,None,1731,265,None
34423,960,265,MoveRight,1731,265,None
34423,960,265,None,1731,265,None
34424,967,265,MoveRight,1731,265,None
34424,967,265,None,1731,265,None
34425,974,265,MoveRight,1731,265,None
34425,974,265,None,1731,265,None
34426,981,265,MoveRight,1731,265,None
34426,981,265,None,1731,265,None
34427,981,265,None,1731,265,None
34427,981,265,None,1731,265,None
34428,981,265,None,1731,265,None
34428,981,265,None,1731,265,None
34429,981,265,None,1731,265,None
34429,981,265,None,1731,265,None
34430,981,265,None,1731,265,None
34430,981,265,None,1731,265,None
34431,981,265,None,1731,265,None
34431,981,265,None,1731,265,None
34432,981,265,None,1731,265,None
34432,981,265,None,1731,265,None
34433,981,265,None,1731,265,None
34433,981,265,None,1731,265,None
34434,981,265,None,1731,265,None
34434,981,265,None,1731,265,None
34435,981,265,None,1731,265,None
34435,981,265,None,1731,265,None
34436,981,265,None,1731,265,None
34436,981,265,None,1731,265,None
34437,981,265,None,1731,265,None
34437,981,265,None,1731,265,None
34438,981,265,None,1731,265,None
34438,981,265,None,1731,265,None
34439,981,265,None,1731,265,None
34439,981,265,None,1731,265,None
34440,981,265,None,1731,265,None
34440,981,265,None,1731,265,None
34441,981,265,None,1731,265,None
34441,981,265,None,1731,265,None
34442,981,265,None,1731,265,None
34442,981,265,None,1731,265,None
34443,981,265,None,1731,265,None
34443,981,265,None,1731,265,None
34444,981,265,None,1731,265,None
34444,981,265,None,1731,265,None
34445,981,265,None,1731,265,None
34445,981,265,None,1731,265,None
34446,981,265,None,1731,265,None
34446,981,265,None,1731,265,None
34447,981,265,None,1731,265,None
34447,981,265,None,1731,265,None
34448,981,265,None,1731,265,None
34448,981,265,None,1731,265,None
34449,981,265,None,1731,265,None
34449,981,265,None,1731,265,None
34450,981,265,None,1731,265,None
34450,981,265,None,1731,265,None
34451,981,265,None,1731,265,None
34452,988,265,MoveRight,1731,265,None
34452,988,265,None,1731,265,None
34453,995,265,MoveRight,1731,265,None
34453,995,265,None,1731,265,None
34454,1002,265,MoveRight,1731,265,None
34454,1002,265,None,1731,265,None
34455,1009,265,MoveRight,1731,265,None
34455,1009,265,None,1731,265,None
34456,1016,265,MoveRight,1731,265,None
34456,1016,265,None,1731,265,None
34457,1023,265,MoveRight,1731,265,None
34457,1023,265,None,1731,265,None
34458,977,265,MoveRight,2410,265,None
34459,984,265,MoveRight,2410,265,None
34460,991,265,MoveRight,2410,265,None
34461,998,265,MoveRight,2410,265,None
34462,1005,265,MoveRight,2410,265,None
34463,1012,265,MoveRight,2410,265,None
34464,1019,265,MoveRight,2410,265,None
34465,1026,265,MoveRight,2410,265,None
34466,1033,265,MoveRight,2410,265,None
34467,1040,265,MoveRight,2410,265,None
34468,1047,265,MoveRight,2410,265,None
34469,1054,265,MoveRight,2410,265,None
34470,1061,265,MoveRight,2410,265,None
34471,1068,265,MoveRight,2410,265,None
34472,1075,265,MoveRight,2410,265,None
34473,1082,265,MoveRight,2410,265,None
34474,1089,265,MoveRight,2410,265,None
34475,1096,265,MoveRight,2410,265,None
34476,1103,265,MoveRight,2410,265,None
34477,1110,265,MoveRight,2410,265,None
34478,1117,265,MoveRight,2410,265,None
34479,1124,265,MoveRight,2410,265,None
34480,1131,265,MoveRight,2410,265,None
34481,1138,265,MoveRight,2410,265,None
34482,1145,265,MoveRight,2410,265,None
34508,1145,265,None,2410,265,Serve
34508,1145,265,None,2410,265,None
34527,1145,265,None,2403,265,MoveLeft
34528,1145,265,None,2396,265,MoveLeft
34529,1145,265,None,2389,265,MoveLeft
34530,1145,265,None,2382,265,MoveLeft
34531,1145,265,None,2375,265,MoveLeft
34532,1145,265,None,2368,265,MoveLeft
34533,1145,265,None,2361,265,MoveLeft
34534,1145,265,None,2354,265,MoveLeft
34535,1145,265,None,2347,265,MoveLeft
34536,1145,265,None,2340,265,MoveLeft
34537,1145,265,None,2333,265,MoveLeft
34538,1145,265,None,2326,265,MoveLeft
34539,1145,265,None,2319,265,MoveLeft
34540,1138,265,MoveLeft,2319,265,None
34540,1138,265,None,2312,265,MoveLeft
34541,1131,265,MoveLeft,2312,265,None
34541,1131,265,None,2305,265,MoveLeft
34542,1124,265,MoveLeft,2305,265,None
34542,1124,265,None,2298,265,MoveLeft
34543,1117,265,MoveLeft,2298,265,None
34543,1117,265,None,2291,265,MoveLeft
34544,1110,265,MoveLeft,2291,265,None
34544,1110,265,None,2284,265,MoveLeft
34545,1103,265,MoveLeft,2284,265,None
34545,1103,265,None,2277,265,MoveLeft
34546,1096,265,MoveLeft,2277,265,None
34546,1096,265,None,2270,265,MoveLeft
34547,1089,265,MoveLeft,2270,265,None
34547,1089,265,None,2263,265,MoveLeft
34548,1082,265,MoveLeft,2263,265,None
34548,1082,265,None,2256,265,MoveLeft
34549,1075,265,MoveLeft,2256,265,None
34549,1075,265,None,2249,265,MoveLeft
34550,1068,265,MoveLeft,2249,265,None
34550,1068,265,None,2242,265,MoveLeft
34551,1061,265,MoveLeft,2242,265,None
34551,1061,265,None,2235,265,MoveLeft
34552,1054,265,MoveLeft,2235,265,None
34552,1054,265,None,2228,265,MoveLeft
34553,1047,265,MoveLeft,2228,265,None
34553,1047,265,None,2221,265,MoveLeft
34554,1040,265,MoveLeft,2221,265,None
34554,1040,265,None,2214,265,MoveLeft
34555,1033,265,MoveLeft,2214,265,None
34555,1033,265,None,2207,265,MoveLeft
34556,1026,265,MoveLeft,2207,265,None
34556,1026,265,None,2200,265,MoveLeft
34557,1019,265,MoveLeft,2200,265,None
34557,1019,265,None,2193,265,MoveLeft
34558,1012,265,MoveLeft,2193,265,None
34558,1012,265,None,2186,265,MoveLeft
34559,1005,265,MoveLeft,2186,265,None
34559,1005,265,None,2179,265,MoveLeft
34560,998,265,MoveLeft,2179,265,None
34560,998,265,None,2172,265,MoveLeft
34561,991,265,MoveLeft,2172,265,None
34561,991,265,None,2165,265,MoveLeft
34562,984,265,MoveLeft,2165,265,None
34562,984,265,None,2158,265,MoveLeft
34563,977,265,MoveLeft,2158,265,None
34563,977,265,None,2151,265,MoveLeft
34564,970,265,MoveLeft,2151,265,None
34564,970,265,None,2144,265,MoveLeft
34565,963,265,MoveLeft,2144,265,None
34565,963,265,None,2137,265,MoveLeft
34566,956,265,MoveLeft,2137,265,None
34566,956,265,None,2130,265,MoveLeft
34567,949,265,MoveLeft,2130,265,None
34567,949,265,None,2123,265,MoveLeft
34568,942,265,MoveLeft,2123,265,None
34568,942,265,None,2116,265,MoveLeft
34569,935,265,MoveLeft,2116,265,None
34569,935,265,None,2109,265,MoveLeft
34570,928,265,MoveLeft,2109,265,None
34570,928,265,None,2102,265,MoveLeft
34571,921,265,MoveLeft,2102,265,None
34571,921,265,None,2095,265,MoveLeft
34572,914,265,MoveLeft,2095,265,None
34572,914,265,None,2088,265,MoveLeft
34573,907,265,MoveLeft,2088,265,None
34573,907,265,None,2081,265,MoveLeft
34574,900,265,MoveLeft,2081,265,None
34574,900,265,None,2074,265,MoveLeft
34575,893,265,MoveLeft,2074,265,None
34575,893,265,None,2067,265,MoveLeft
34576,886,265,MoveLeft,2067,265,None
34576,886,265,None,2060,265,MoveLeft
34577,879,265,MoveLeft,2060,265,None
34577,879,265,None,2053,265,MoveLeft
34578,872,265,MoveLeft,2053,265,None
34578,872,265,None,2046,265,MoveLeft
34579,865,265,MoveLeft,2046,265,None
34579,865,265,None,2039,265,MoveLeft
34580,865,265,Bump,2039,265,None
34580,858,265,MoveLeft,2039,265,None
34580,858,265,None,2032,265,MoveLeft
34581,858,265,None,2025,265,MoveLeft
34582,858,265,None,2018,265,MoveLeft
34583,858,265,None,2011,265,MoveLeft
34584,858,265,None,2004,265,MoveLeft
34585,858,265,None,1997,265,MoveLeft
34586,858,265,None,1990,265,MoveLeft
34587,858,265,None,1983,265,MoveLeft
34588,858,265,None,1976,265,MoveLeft
34589,858,265,None,1969,265,MoveLeft
34590,858,265,None,1962,265,MoveLeft
34591,858,265,None,1955,265,MoveLeft
34592,858,265,None,1948,265,MoveLeft
34593,858,265,None,1941,265,MoveLeft
34594,858,265,None,1934,265,MoveLeft
34595,858,265,None,1927,265,MoveLeft
34596,858,265,None,1920,265,MoveLeft
34597,858,265,None,1913,265,MoveLeft
34598,858,265,None,1906,265,MoveLeft
34599,858,265,None,1899,265,MoveLeft
34600,865,265,MoveRight,1899,265,None
34600,865,265,None,1892,265,MoveLeft
34601,872,265,MoveRight,1892,265,None
34601,872,265,None,1885,265,MoveLeft
34602,879,265,MoveRight,1885,265,None
34602,879,265,None,1878,265,MoveLeft
34603,886,265,MoveRight,1878,265,None
34603,886,265,None,1871,265,MoveLeft
34604,893,265,MoveRight,1871,265,None
34604,893,265,None,1864,265,MoveLeft
34605,900,265,MoveRight,1864,265,None
34605,900,265,None,1857,265,MoveLeft
34606,907,265,MoveRight,1857,265,None
34606,907,265,None,1850,265,MoveLeft
34607,914,265,MoveRight,1850,265,None
34607,914,265,None,1843,265,MoveLeft
34608,921,265,MoveRight,1843,265,None
34608,921,265,None,1836,265,MoveLeft
34609,928,265,MoveRight,1836,265,None
34609,928,265,None,1829,265,MoveLeft
34610,935,265,MoveRight,1829,265,None
34610,935,265,None,1822,265,MoveLeft
34611,942,265,MoveRight,1822,265,None
34611,942,265,None,1815,265,MoveLeft
34612,949,265,MoveRight,1815,265,None
34612,949,265,None,1808,265,MoveLeft
34613,956,265,MoveRight,1808,265,None
34613,956,265,None,1801,265,MoveLeft
34614,963,265,MoveRight,1801,265,None
34614,963,265,None,1794,265,MoveLeft
34615,970,265,MoveRight,1794,265,None
34615,970,265,None,1787,265,MoveLeft
34616,977,265,MoveRight,1787,265,None
34616,977,265,None,1780,265,MoveLeft
34617,984,265,MoveRight,1780,265,None
34617,984,265,None,1773,265,MoveLeft
34618,991,265,MoveRight,1773,265,None
34618,991,265,None,1766,265,MoveLeft
34619,998,265,MoveRight,1766,265,None
34619,998,265,None,1759,265,MoveLeft
34620,1005,265,MoveRight,1759,265,None
34620,1005,265,None,1752,265,MoveLeft
34621,1012,265,MoveRight,1752,265,None
34621,1012,265,None,1745,265,MoveLeft
34622,1019,265,MoveRight,1745,265,None
34622,1019,265,None,1738,265,MoveLeft
34623,1026,265,MoveRight,1738,265,None
34623,1026,265,None,1731,265,MoveLeft
34624,1033,265,MoveRight,1731,265,None
34625,1040,265,MoveRight,1731,265,None
34626,1047,265,MoveRight,1731,265,None
34627,1054,265,MoveRight,1731,265,None
34628,1061,265,MoveRight,1731,265,None
34629,1068,265,MoveRight,1731,265,None
34630,1075,265,MoveRight,1731,265,None
34631,1082,265,MoveRight,1731,265,None
34632,1089,265,MoveRight,1731,265,None
34633,1096,265,MoveRight,1731,265,None
34634,1103,265,MoveRight,1731,265,None
34635,1110,265,MoveRight,1731,265,None
34636,1117,265,MoveRight,1731,265,None
34637,1124,265,MoveRight,1731,265,None
34638,1131,265,MoveRight,1731,265,None
34639,1138,265,MoveRight,1731,265,None
34640,1145,265,MoveRight,1731,265,None
34641,1152,265,MoveRight,1731,265,None
34642,1159,265,MoveRight,1731,265,None
34643,1166,265,MoveRight,1731,265,None
34644,1173,265,MoveRight,1731,265,None
34645,1180,265,MoveRight,1731,265,None
34646,1187,265,MoveRight,1731,265,None
34647,1194,265,MoveRight,1731,265,None
34648,1201,265,MoveRight,1731,265,None
34649,1208,265,MoveRight,1731,265,None
34650,1215,265,MoveRight,1731,265,None
34651,1222,265,MoveRight,1731,265,None
34652,1229,265,MoveRight,1731,265,None
34653,1236,265,MoveRight,1731,265,None
34654,1243,265,MoveRight,1731,265,None
34655,1250,265,MoveRight,1731,265,None
34656,1257,265,MoveRight,1731,265,None
34657,1264,265,MoveRight,1731,265,None
34667,1264,284.62,None,1731,265,None
34668,1264,304.24,None,1724,265,MoveLeft
34688,1264,480.82,Set,1724,265,None
34688,1264,500.44,None,1724,265,None
34745,1257,265,MoveLeft,1724,265,None
34746,1250,265,MoveLeft,1724,265,None
34747,1243,265,MoveLeft,1724,265,None
34748,1236,265,MoveLeft,1724,265,None
34749,1229,265,MoveLeft,1724,265,None
34750,1222,265,MoveLeft,1724,265,None
34751,1215,265,MoveLeft,1724,265,None
34765,1215,284.62,None,1724,265,None
34784,1215,480.82,None,1724,265,None
34795,1215,569.11,None,1724,265,None
34806,1215,461.2,None,1724,265,None
34870,970,265,None,2410,265,Serve
34870,970,265,None,2410,265,None
34889,970,265,None,2403,265,MoveLeft
34890,970,265,None,2396,265,MoveLeft
34891,970,265,None,2389,265,MoveLeft
34892,970,265,None,2382,265,MoveLeft
34893,970,265,None,2375,265,MoveLeft
34894,970,265,None,2368,265,MoveLeft
34895,970,265,None,2361,265,MoveLeft
34896,970,265,None,2354,265,MoveLeft
34897,970,265,None,2347,265,MoveLeft
34898,970,265,None,2340,265,MoveLeft
34899,970,265,None,2333,265,MoveLeft
34900,970,265,None,2326,265,MoveLeft
34901,970,265,None,2319,265,MoveLeft
34902,970,265,None,2312,265,MoveLeft
34903,970,265,None,2305,265,MoveLeft
34904,970,265,None,2298,265,MoveLeft
34905,970,265,None,2291,265,MoveLeft
34906,970,265,None,2284,265,MoveLeft
34907,970,265,None,2277,265,MoveLeft
34908,970,265,None,2270,265,MoveLeft
34909,970,265,None,2263,265,MoveLeft
34910,970,265,None,2256,265,MoveLeft
34911,970,265,None,2249,265,MoveLeft
34912,970,265,None,2242,265,MoveLeft
34913,970,265,None,2235,265,MoveLeft
34914,970,265,None,2228,265,MoveLeft
34915,963,265,MoveLeft,2228,265,None
34915,963,265,None,2221,265,MoveLeft
34916,956,265,MoveLeft,2221,265,None
34916,956,265,None,2214,265,MoveLeft
34917,949,265,MoveLeft,2214,265,None
34917,949,265,None,2207,265,MoveLeft
34918,942,265,MoveLeft,2207,265,None
34918,942,265,None,2200,265,MoveLeft
34919,935,265,MoveLeft,2200,265,None
34919,935,265,None,2193,265,MoveLeft
34920,928,265,MoveLeft,2193,265,None
34920,928,265,None,2186,265,MoveLeft
34921,921,265,MoveLeft,2186,265,None
34921,921,265,None,2179,265,MoveLeft
34922,914,265,MoveLeft,2179,265,None
34922,914,265,None,2172,265,MoveLeft
34923,907,265,MoveLeft,2172,265,None
34923,907,265,None,2165,265,MoveLeft
34924,900,265,MoveLeft,2165,265,None
34924,900,265,None,2158,265,MoveLeft
34925,893,265,MoveLeft,2158,265,None
34925,893,265,None,2151,265,MoveLeft
34926,886,265,MoveLeft,2151,265,None
34926,886,265,None,2144,265,MoveLeft
34927,879,265,MoveLeft,2144,265,None
34927,879,265,None,2137,265,MoveLeft
34928,872,265,MoveLeft,2137,265,None
34928,872,265,None,2130,265,MoveLeft
34929,872,265,None,2130,265,None
34929,872,265,None,2123,265,MoveLeft
34930,872,265,None,2123,265,None
34930,872,265,None,2116,265,MoveLeft
34931,872,265,None,2116,265,None
34931,872,265,None,2109,265,MoveLeft
34932,872,265,None,2109,265,None
34932,872,265,None,2102,265,MoveLeft
34933,872,265,None,2102,265,None
34933,872,265,None,2095,265,MoveLeft
34934,872,265,None,2095,265,None
34934,872,265,None,2088,265,MoveLeft
34935,872,265,None,2088,265,None
34935,872,265,None,2081,265,MoveLeft
34936,872,265,None,2081,265,None
34936,872,265,None,2074,265,MoveLeft
34937,872,265,None,2074,265,None
34937,872,265,None,2067,265,MoveLeft
34938,872,265,None,2067,265,None
34938,872,265,None,2060,265,MoveLeft
34939,872,265,None,2060,265,None
34939,872,265,None,2053,265,MoveLeft
34940,872,265,None,2053,265,None
34940,872,265,None,2046,265,MoveLeft
34941,872,265,None,2046,265,None
34941,872,265,None,2039,265,MoveLeft
34942,872,265,Bump,2039,265,None
34942,872,265,None,2039,265,None
34942,872,265,None,2032,265,MoveLeft
34943,872,265,None,2025,265,MoveLeft
34944,872,265,None,2018,265,MoveLeft
34945,872,265,None,2011,265,MoveLeft
34946,872,265,None,2004,265,MoveLeft
34947,872,265,None,1997,265,MoveLeft
34948,872,265,None,1990,265,MoveLeft
34949,872,265,None,1983,265,MoveLeft
34950,872,265,None,1976,265,MoveLeft
34951,872,265,None,1969,265,MoveLeft
34952,872,265,None,1962,265,MoveLeft
34953,872,265,None,1955,265,MoveLeft
34954,872,265,None,1948,265,MoveLeft
34955,872,265,None,1941,265,MoveLeft
34956,872,265,None,1934,265,MoveLeft
34957,872,265,None,1927,265,MoveLeft
34958,872,265,None,1920,265,MoveLeft
34959,872,265,None,1913,265,MoveLeft
34960,872,265,None,1906,265,MoveLeft
34961,872,265,None,1899,265,MoveLeft
34962,879,265,MoveRight,1899,265,None
34962,879,265,None,1892,265,MoveLeft
34963,886,265,MoveRight,1892,265,None
34963,886,265,None,1885,265,MoveLeft
34964,893,265,MoveRight,1885,265,None
34964,893,265,None,1878,265,MoveLeft
34965,900,265,MoveRight,1878,265,None
34965,900,265,None,1871,265,MoveLeft
34966,907,265,MoveRight,1871,265,None
34966,907,265,None,1864,265,MoveLeft
34967,914,265,MoveRight,1864,265,None
34967,914,265,None,1857,265,MoveLeft
34968,921,265,MoveRight,1857,265,None
34968,921,265,None,1850,265,MoveLeft
34969,928,265,MoveRight,1850,265,None
34969,928,265,None,1843,265,MoveLeft
34970,935,265,MoveRight,1843,265,None
34970,935,265,None,1836,265,MoveLeft
34971,942,265,MoveRight,1836,265,None
34971,942,265,None,1829,265,MoveLeft
34972,949,265,MoveRight,1829,265,None
34972,949,265,None,1822,265,MoveLeft
34973,956,265,MoveRight,1822,265,None
34973,956,265,None,1815,265,MoveLeft
34974,963,265,MoveRight,1815,265,None
34974,963,265,None,1808,265,MoveLeft
34975,970,265,MoveRight,1808,265,None
34975,970,265,None,1801,265,MoveLeft
34976,977,265,MoveRight,1801,265,None
34976,977,265,None,1794,265,MoveLeft
34977,984,265,MoveRight,1794,265,None
34977,984,265,None,1787,265,MoveLeft
34978,991,265,MoveRight,1787,265,None
34978,991,265,None,1780,265,MoveLeft
34979,998,265,MoveRight,1780,265,None
34979,998,265,None,1773,265,MoveLeft
34980,1005,265,MoveRight,1773,265,None
34980,1005,265,None,1766,265,MoveLeft
34981,1012,265,MoveRight,1766,265,None
34981,1012,265,None,1759,265,MoveLeft
34982,1019,265,MoveRight,1759,265,None
34982,1019,265,None,1752,265,MoveLeft
34983,1026,265,MoveRight,1752,265,None
34983,1026,265,None,1745,265,MoveLeft
34984,1033,265,MoveRight,1745,265,None
34984,1033,265,None,1738,265,MoveLeft
34985,1040,265,MoveRight,1738,265,None
34985,1040,265,None,1731,265,MoveLeft
34986,1047,265,MoveRight,1731,265,None
34987,1054,265,MoveRight,1731,265,None
34988,1061,265,MoveRight,1731,265,None
34989,1068,265,MoveRight,1731,265,None
34990,1075,265,MoveRight,1731,265,None
34991,1082,265,MoveRight,1731,265,None
34992,1089,265,MoveRight,1731,265,None
34993,1096,265,MoveRight,1731,265,None
34994,1103,265,MoveRight,1731,265,None
34995,1110,265,MoveRight,1731,265,None
34996,1117,265,MoveRight,1731,265,None
34997,1124,265,MoveRight,1731,265,None
34998,1131,265,MoveRight,1731,265,None
34999,1138,265,MoveRight,1731,265,None
35000,1145,265,MoveRight,1731,265,None
35001,1152,265,MoveRight,1731,265,None
35002,1159,265,MoveRight,1731,265,None
35003,1166,265,MoveRight,1731,265,None
35004,1173,265,MoveRight,1731,265,None
35005,1180,265,MoveRight,1731,265,None
35006,1187,265,MoveRight,1731,265,None
35007,1194,265,MoveRight,1731,265,None
35008,1201,265,MoveRight,1731,265,None
35009,1208,265,MoveRight,1731,265,None
35010,1215,265,MoveRight,1731,265,None
35011,1222,265,MoveRight,1731,265,None
35012,1229,265,MoveRight,1731,265,None
35013,1236,265,MoveRight,1731,265,None
35014,1243,265,MoveRight,1731,265,None
35015,1250,265,MoveRight,1731,265,None
35016,1257,265,MoveRight,1731,265,None
35017,1264,265,MoveRight,1731,265,None
35018,1271,265,MoveRight,1731,265,None
35019,1278,265,MoveRight,1731,265,None
35020,1285,265,MoveRight,1731,265,None
35030,1285,265,Set,1731,265,None
35030,1285,265,None,1731,265,None
35030,1285,265,None,1724,265,MoveLeft
35074,1278,265,MoveLeft,1724,265,None
35075,1271,265,MoveLeft,1724,265,None
35076,1264,265,MoveLeft,1724,265,None
35077,1257,265,MoveLeft,1724,265,None
35078,1250,265,MoveLeft,1724,265,None
35079,1243,265,MoveLeft,1724,265,None
35080,1236,265,MoveLeft,1724,265,None
35081,1229,265,MoveLeft,1724,265,None
35082,1222,265,MoveLeft,1724,265,None
35083,1215,265,MoveLeft,1724,265,None
35098,1222,265,MoveRight,1724,265,None
35099,1229,265,MoveRight,1724,265,None
35100,1236,265,MoveRight,1724,265,None
35101,1243,265,MoveRight,1724,265,None
35102,1250,265,MoveRight,1724,265,None
35103,1257,265,MoveRight,1724,265,None
35104,1264,265,MoveRight,1724,265,None
35105,1271,265,MoveRight,1724,265,None
35106,1278,265,MoveRight,1724,265,None
35107,1285,265,MoveRight,1724,265,None
35108,1292,265,MoveRight,1724,265,None
35139,1292,284.62,None,1724,265,None
35154,1292,421.96,SpikeLight,1724,265,None
35154,1292,441.58,None,1724,265,None
35155,1292,451.39,None,1717,265,MoveLeft
35156,1292,461.2,None,1710,265,MoveLeft
35157,1292,471.01,None,1703,265,MoveLeft
35158,1292,480.82,None,1696,265,MoveLeft
35159,1292,490.63,None,1689,265,MoveLeft
35160,1292,500.44,None,1682,265,MoveLeft
35161,1292,510.25,None,1675,265,MoveLeft
35162,1292,520.06,None,1668,265,MoveLeft
35163,1292,529.87,None,1661,265,MoveLeft
35164,1292,539.68,None,1654,265,MoveLeft
35165,1288.5,549.49,MoveLeft,1654,265,None
35165,1288.5,549.49,None,1647,265,MoveLeft
35166,1285,559.3,MoveLeft,1647,265,None
35166,1285,559.3,None,1640,265,MoveLeft
35167,1281.5,569.11,MoveLeft,1640,265,None
35167,1281.5,569.11,None,1633,265,MoveLeft
35168,1278,578.92,MoveLeft,1633,265,None
35168,1278,578.92,None,1626,265,MoveLeft
35169,1274.5,569.11,MoveLeft,1626,265,None
35170,1271,559.3,MoveLeft,1626,265,None
35171,1267.5,549.49,MoveLeft,1626,265,None
35172,1264,539.68,MoveLeft,1626,265,None
35173,1260.5,529.87,MoveLeft,1626,265,None
35174,1257,520.06,MoveLeft,1626,265,None
35175,1253.5,510.25,MoveLeft,1626,265,None
35176,1250,500.44,MoveLeft,1626,265,None
35177,1246.5,490.63,MoveLeft,1626,265,None
35178,1243,480.82,MoveLeft,1626,265,None
35179,1239.5,471.01,MoveLeft,1626,265,None
35180,1236,461.2,MoveLeft,1626,265,None
35181,1232.5,451.39,MoveLeft,1626,265,None
35182,1229,441.58,MoveLeft,1626,265,None
35183,1225.5,431.77,MoveLeft,1626,265,None
35184,1222,421.96,MoveLeft,1626,265,None
35185,1218.5,412.15,MoveLeft,1626,265,None
35186,1215,402.34,MoveLeft,1626,265,None
35187,1211.5,392.53,MoveLeft,1626,265,None
35188,1208,382.72,MoveLeft,1626,265,None
35189,1204.5,372.91,MoveLeft,1626,265,None
35190,1201,363.1,MoveLeft,1626,265,None
35191,1197.5,353.29,MoveLeft,1626,265,None
35192,1194,343.48,MoveLeft,1626,265,None
35193,1190.5,333.67,MoveLeft,1626,265,None
35194,1187,323.86,MoveLeft,1626,265,None
35195,1183.5,314.05,MoveLeft,1626,265,None
35196,1180,304.24,MoveLeft,1626,265,None
35197,1176.5,294.43,MoveLeft,1626,265,None
35198,1173,284.62,MoveLeft,1626,265,None
35199,1169.5,274.81,MoveLeft,1626,265,None
35200,1162.5,265,MoveLeft,1626,265,None
35201,1155.5,265,MoveLeft,1626,265,None
35202,1148.5,265,MoveLeft,1626,265,None
35203,1141.5,265,MoveLeft,1626,265,None
35204,1134.5,265,MoveLeft,1626,265,None
35205,1127.5,265,MoveLeft,1626,265,None
35206,1120.5,265,MoveLeft,1626,265,None
35207,1113.5,265,MoveLeft,1626,265,None
35208,1106.5,265,MoveLeft,1626,265,None
35209,1106.5,265,None,1626,265,SpikeMedium
35209,1099.5,265,MoveLeft,1626,265,None
35209,1099.5,265,None,1626,265,None
35210,1092.5,265,MoveLeft,1626,265,None
35211,1085.5,265,MoveLeft,1626,265,None
35212,1078.5,265,MoveLeft,1626,265,None
35213,1071.5,265,MoveLeft,1626,265,None
35214,1064.5,265,MoveLeft,1626,265,None
35215,1057.5,265,MoveLeft,1626,265,None
35216,1050.5,265,MoveLeft,1626,265,None
35217,1043.5,265,MoveLeft,1626,265,None
35218,1036.5,265,MoveLeft,1626,265,None
35219,1029.5,265,MoveLeft,1626,265,None
35220,1022.5,265,MoveLeft,1626,265,None
35220,1022.5,265,None,1633,265,MoveRight
35221,1015.5,265,MoveLeft,1633,265,None
35221,1015.5,265,None,1640,265,MoveRight
35222,1008.5,265,MoveLeft,1640,265,None
35222,1008.5,265,None,1647,265,MoveRight
35223,1001.5,265,MoveLeft,1647,265,None
35223,1001.5,265,None,1654,265,MoveRight
35224,994.5,265,MoveLeft,1654,265,None
35224,994.5,265,None,1661,265,MoveRight
35225,987.5,265,MoveLeft,1661,265,None
35225,987.5,265,None,1668,265,MoveRight
35226,980.5,265,MoveLeft,1668,265,None
35226,980.5,265,None,1675,265,MoveRight
35227,973.5,265,MoveLeft,1675,265,None
35227,973.5,265,None,1682,265,MoveRight
35228,966.5,265,MoveLeft,1682,265,None
35228,966.5,265,None,1689,265,MoveRight
35229,959.5,265,MoveLeft,1689,265,None
35229,959.5,265,None,1696,265,MoveRight
35230,952.5,265,MoveLeft,1696,265,None
35230,952.5,265,None,1703,265,MoveRight
35231,945.5,265,MoveLeft,1703,265,None
35231,945.5,265,None,1710,265,MoveRight
35232,938.5,265,MoveLeft,1710,265,None
35232,938.5,265,None,1717,265,MoveRight
35233,931.5,265,MoveLeft,1717,265,None
35233,931.5,265,None,1724,265,MoveRight
35234,924.5,265,MoveLeft,1724,265,None
35234,924.5,265,None,1724,265,None
35235,917.5,265,MoveLeft,1724,265,None
35235,917.5,265,None,1724,265,None
35236,910.5,265,MoveLeft,1724,265,None
35236,910.5,265,None,1724,265,None
35237,903.5,265,MoveLeft,1724,265,None
35237,903.5,265,None,1724,265,None
35238,896.5,265,MoveLeft,1724,265,None
35238,896.5,265,None,1724,265,None
35239,889.5,265,MoveLeft,1724,265,None
35239,889.5,265,None,1724,265,None
35240,882.5,265,MoveLeft,1724,265,None
35240,882.5,265,None,1724,265,None
35241,875.5,265,MoveLeft,1724,265,None
35241,875.5,265,None,1724,265,None
35242,868.5,265,MoveLeft,1724,265,None
35242,868.5,265,None,1724,265,None
35243,861.5,265,MoveLeft,1724,265,None
35243,861.5,265,None,1724,265,None
35244,854.5,265,MoveLeft,1724,265,None
35244,854.5,265,None,1724,265,None
35245,847.5,265,MoveLeft,1724,265,None
35245,847.5,265,None,1724,265,None
35246,840.5,265,MoveLeft,1724,265,None
35246,840.5,265,None,1724,265,None
35247,833.5,265,MoveLeft,1724,265,None
35247,833.5,265,None,1724,265,None
35248,826.5,265,MoveLeft,1724,265,None
35248,826.5,265,None,1724,265,None
35249,819.5,265,MoveLeft,1724,265,None
35249,819.5,265,None,1724,265,None
35250,812.5,265,MoveLeft,1724,265,None
35250,812.5,265,None,1724,265,None
35251,805.5,265,MoveLeft,1724,265,None
35251,805.5,265,None,1724,265,None
35252,798.5,265,MoveLeft,1724,265,None
35252,798.5,265,None,1724,265,None
35253,791.5,265,MoveLeft,1724,265,None
35253,791.5,265,None,1724,265,None
35254,784.5,265,MoveLeft,1724,265,None
35254,784.5,265,None,1724,265,None
35255,777.5,265,MoveLeft,1724,265,None
35255,777.5,265,None,1724,265,None
35256,770.5,265,MoveLeft,1724,265,None
35256,770.5,265,None,1724,265,None
35257,763.5,265,MoveLeft,1724,265,None
35257,763.5,265,None,1724,265,None
35258,756.5,265,MoveLeft,1724,265,None
35258,756.5,265,None,1724,265,None
35259,749.5,265,MoveLeft,1724,265,None
35259,749.5,265,None,1724,265,None
35260,749.5,265,None,1724,265,None
35261,749.5,265,None,1724,265,None
35262,749.5,265,None,1724,265,None
35263,742.5,265,MoveLeft,1724,265,None
35263,742.5,265,None,1724,265,None
35264,735.5,265,MoveLeft,1724,265,None
35264,735.5,265,None,1724,265,None
35265,735.5,265,None,1724,265,None
35265,735.5,265,None,1724,265,None
35266,735.5,265,None,1724,265,None
35266,735.5,265,None,1724,265,None
35267,735.5,265,None,1724,265,None
35267,735.5,265,None,1724,265,None
35268,735.5,265,None,1724,265,None
35268,735.5,265,None,1724,265,None
35269,735.5,265,None,1724,265,None
35269,735.5,265,None,1724,265,None
35270,735.5,265,None,1724,265,None
35270,735.5,265,None,1724,265,None
35271,735.5,265,None,1724,265,None
35271,735.5,265,None,1724,265,None
35272,735.5,265,Bump,1724,265,None
35272,735.5,265,None,1724,265,None
35272,735.5,265,None,1724,265,None
35292,742.5,265,MoveRight,1724,265,None
35293,749.5,265,MoveRight,1724,265,None
35294,756.5,265,MoveRight,1724,265,None
35295,763.5,265,MoveRight,1724,265,None
35296,770.5,265,MoveRight,1724,265,None
35297,777.5,265,MoveRight,1724,265,None
35298,784.5,265,MoveRight,1724,265,None
35299,791.5,265,MoveRight,1724,265,None
35300,798.5,265,MoveRight,1724,265,None
35301,805.5,265,MoveRight,1724,265,None
35302,812.5,265,MoveRight,1724,265,None
35303,819.5,265,MoveRight,1724,265,None
35304,826.5,265,MoveRight,1724,265,None
35305,833.5,265,MoveRight,1724,265,None
35306,840.5,265,MoveRight,1724,265,None
35307,847.5,265,MoveRight,1724,265,None
35308,854.5,265,MoveRight,1724,265,None
35309,861.5,265,MoveRight,1724,265,None
35310,868.5,265,MoveRight,1724,265,None
35311,875.5,265,MoveRight,1724,265,None
35312,882.5,265,MoveRight,1724,265,None
35313,889.5,265,MoveRight,1724,265,None
35314,896.5,265,MoveRight,1724,265,None
35315,903.5,265,MoveRight,1724,265,None
35316,910.5,265,MoveRight,1724,265,None
35317,917.5,265,MoveRight,1724,265,None
35318,924.5,265,MoveRight,1724,265,None
35319,931.5,265,MoveRight,1724,265,None
35320,938.5,265,MoveRight,1724,265,None
35321,945.5,265,MoveRight,1724,265,None
35322,952.5,265,MoveRight,1724,265,None
35323,959.5,265,MoveRight,1724,265,None
35324,966.5,265,MoveRight,1724,265,None
35325,973.5,265,MoveRight,1724,265,None
35326,980.5,265,MoveRight,1724,265,None
35327,987.5,265,MoveRight,1724,265,None
35328,994.5,265,MoveRight,1724,265,None
35329,1001.5,265,MoveRight,1724,265,None
35330,1008.5,265,MoveRight,1724,265,None
35331,1015.5,265,MoveRight,1724,265,None
35332,1022.5,265,MoveRight,1724,265,None
35333,1029.5,265,MoveRight,1724,265,None
35334,1036.5,265,MoveRight,1724,265,None
35335,1043.5,265,MoveRight,1724,265,None
35336,1050.5,265,MoveRight,1724,265,None
35337,1057.5,265,MoveRight,1724,265,None
35338,1064.5,265,MoveRight,1724,265,None
35339,1071.5,265,MoveRight,1724,265,None
35340,1078.5,265,MoveRight,1724,265,None
35341,1085.5,265,MoveRight,1724,265,None
35342,1092.5,265,MoveRight,1724,265,None
35343,1099.5,265,MoveRight,1724,265,None
35344,1106.5,265,MoveRight,1724,265,None
35345,1113.5,265,MoveRight,1724,265,None
35346,1120.5,265,MoveRight,1724,265,None
35347,1127.5,265,MoveRight,1724,265,None
35348,1134.5,265,MoveRight,1724,265,None
35349,1141.5,265,MoveRight,1724,265,None
35350,1148.5,265,MoveRight,1724,265,None
35351,1155.5,265,MoveRight,1724,265,None
35352,1162.5,265,MoveRight,1724,265,None
35353,1169.5,265,MoveRight,1724,265,None
35354,1176.5,265,MoveRight,1724,265,None
35355,1183.5,265,MoveRight,1724,265,None
35356,1190.5,265,MoveRight,1724,265,None
35365,1190.5,265,Set,1724,265,None
35365,1190.5,265,None,1724,265,None
35388,1197.5,265,MoveRight,1724,265,None
35389,1204.5,265,MoveRight,1724,265,None
35390,1211.5,265,MoveRight,1724,265,None
35391,1218.5,265,MoveRight,1724,265,None
35392,1225.5,265,MoveRight,1724,265,None
35393,1232.5,265,MoveRight,1724,265,None
35394,1239.5,265,MoveRight,1724,265,None
35412,1232.5,265,MoveLeft,1724,265,None
35413,1225.5,265,MoveLeft,1724,265,None
35414,1218.5,265,MoveLeft,1724,265,None
35415,1211.5,265,MoveLeft,1724,265,None
35416,1204.5,265,MoveLeft,1724,265,None
35417,1197.5,265,MoveLeft,1724,265,None
35418,1190.5,265,MoveLeft,1724,265,None
35419,1183.5,265,MoveLeft,1724,265,None
35444,1183.5,284.62,None,1724,265,None
35467,1187,520.06,MoveRight,1724,265,None
35468,1190.5,529.87,MoveRight,1724,265,None
35469,1194,539.68,MoveRight,1724,265,None
35470,1197.5,549.49,MoveRight,1724,265,None
35471,1201,559.3,MoveRight,1724,265,None
35472,1204.5,569.11,MoveRight,1724,265,None
35473,1208,578.92,MoveRight,1724,265,None
35474,1211.5,569.11,MoveRight,1724,265,None
35475,1211.5,559.3,Spike,1724,265,None
35475,1215,559.3,MoveRight,1724,265,None
35476,1215,549.49,None,1717,265,MoveLeft
35477,1215,539.68,None,1710,265,MoveLeft
35478,1215,529.87,None,1703,265,MoveLeft
35479,1215,520.06,None,1696,265,MoveLeft
35480,1215,510.25,None,1689,265,MoveLeft
35481,1215,500.44,None,1682,265,MoveLeft
35482,1215,490.63,None,1675,265,MoveLeft
35483,1215,480.82,None,1668,265,MoveLeft
35484,1215,471.01,None,1661,265,MoveLeft
35485,1215,461.2,None,1654,265,MoveLeft
35486,1215,451.39,None,1647,265,MoveLeft
35487,1215,441.58,None,1640,265,MoveLeft
35489,337,265,MoveRight,1670,265,None
35490,344,265,MoveRight,1670,265,None
35491,351,265,MoveRight,1670,265,None
35492,358,265,MoveRight,1670,265,None
35493,365,265,MoveRight,1670,265,None
35494,372,265,MoveRight,1670,265,None
35495,379,265,MoveRight,1670,265,None
35496,386,265,MoveRight,1670,265,None
35497,393,265,MoveRight,1670,265,None
35498,400,265,MoveRight,1670,265,None
35499,407,265,MoveRight,1670,265,None
35500,414,265,MoveRight,1670,265,None
35501,421,265,MoveRight,1670,265,None
35505,414,265,MoveLeft,1670,265,None
35506,407,265,MoveLeft,1670,265,None
35507,400,265,MoveLeft,1670,265,None
35508,393,265,MoveLeft,1670,265,None
35509,386,265,MoveLeft,1670,265,None
35510,379,265,MoveLeft,1670,265,None
35511,372,265,MoveLeft,1670,265,None
35512,365,265,MoveLeft,1670,265,None
35513,358,265,MoveLeft,1670,265,None
35514,351,265,MoveLeft,1670,265,None
35515,344,265,MoveLeft,1670,265,None
35516,337,265,MoveLeft,1670,265,None
35517,330,265,MoveLeft,1670,265,None
35518,323,265,MoveLeft,1670,265,None
35519,316,265,MoveLeft,1670,265,None
35520,309,265,MoveLeft,1670,265,None
35521,302,265,MoveLeft,1670,265,None
35522,295,265,MoveLeft,1670,265,None
35542,295,265,Serve,1670,265,None
35542,295,265,None,1670,265,None
35543,295,265,None,1677,265,MoveRight
35544,295,265,None,1684,265,MoveRight
35545,295,265,None,1691,265,MoveRight
35546,295,265,None,1698,265,MoveRight
35547,295,265,None,1705,265,MoveRight
35548,295,265,None,1712,265,MoveRight
35549,295,265,None,1719,265,MoveRight
35550,295,265,None,1726,265,MoveRight
35551,295,265,None,1733,265,MoveRight
35552,295,265,None,1740,265,MoveRight
35553,295,265,None,1747,265,MoveRight
35554,295,265,None,1754,265,MoveRight
35555,295,265,None,1761,265,MoveRight
35556,295,265,None,1768,265,MoveRight
35557,295,265,None,1775,265,MoveRight
35558,295,265,None,1782,265,MoveRight
35559,295,265,None,1789,265,MoveRight
35560,295,265,None,1796,265,MoveRight
35561,302,265,MoveRight,1796,265,None
35561,302,265,None,1803,265,MoveRight
35562,309,265,MoveRight,1803,265,None
35562,309,265,None,1810,265,MoveRight
35563,316,265,MoveRight,1810,265,None
35563,316,265,None,1817,265,MoveRight
35564,323,265,MoveRight,1817,265,None
35564,323,265,None,1824,265,MoveRight
35565,330,265,MoveRight,1824,265,None
35565,330,265,None,1831,265,MoveRight
35566,337,265,MoveRight,1831,265,None
35566,337,265,None,1838,265,MoveRight
35567,344,265,MoveRight,1838,265,None
35568,351,265,MoveRight,1838,265,None
35569,358,265,MoveRight,1838,265,None
35570,365,265,MoveRight,1838,265,None
35571,372,265,MoveRight,1838,265,None
35572,379,265,MoveRight,1838,265,None
35573,386,265,MoveRight,1838,265,None
35574,393,265,MoveRight,1838,265,None
35575,400,265,MoveRight,1838,265,None
35576,407,265,MoveRight,1838,265,None
35577,414,265,MoveRight,1838,265,None
35578,421,265,MoveRight,1838,265,None
35579,428,265,MoveRight,1838,265,None
35580,435,265,MoveRight,1838,265,None
35581,442,265,MoveRight,1838,265,None
35582,449,265,MoveRight,1838,265,None
35583,456,265,MoveRight,1838,265,None
35584,463,265,MoveRight,1838,265,None
35585,470,265,MoveRight,1838,265,None
35586,477,265,MoveRight,1838,265,None
35587,484,265,MoveRight,1838,265,None
35588,491,265,MoveRight,1838,265,None
35589,498,265,MoveRight,1838,265,None
35590,505,265,MoveRight,1838,265,None
35591,512,265,MoveRight,1838,265,None
35592,519,265,MoveRight,1838,265,None
35593,526,265,MoveRight,1838,265,None
35594,533,265,MoveRight,1838,265,None
35595,540,265,MoveRight,1838,265,None
35596,547,265,MoveRight,1838,265,None
35597,554,265,MoveRight,1838,265,None
35598,561,265,MoveRight,1838,265,None
35599,568,265,MoveRight,1838,265,None
35600,575,265,MoveRight,1838,265,None
35601,582,265,MoveRight,1838,265,None
35602,589,265,MoveRight,1838,265,None
35603,596,265,MoveRight,1838,265,None
35604,603,265,MoveRight,1838,265,None
35605,610,265,MoveRight,1838,265,None
35606,617,265,MoveRight,1838,265,None
35607,624,265,MoveRight,1838,265,None
35608,631,265,MoveRight,1838,265,None
35609,638,265,MoveRight,1838,265,None
35610,645,265,MoveRight,1838,265,None
35611,652,265,MoveRight,1838,265,None
35612,659,265,MoveRight,1838,265,None
35613,666,265,MoveRight,1838,265,None
35614,673,265,MoveRight,1838,265,None
35615,680,265,MoveRight,1838,265,None
35616,680,265,None,1838,265,SpikeMedium
35616,687,265,MoveRight,1838,265,None
35616,687,265,None,1838,265,None
35617,694,265,MoveRight,1838,265,None
35618,701,265,MoveRight,1838,265,None
35619,708,265,MoveRight,1838,265,None
35620,715,265,MoveRight,1838,265,None
35621,722,265,MoveRight,1838,265,None
35622,729,265,MoveRight,1838,265,None
35623,736,265,MoveRight,1838,265,None
35624,743,265,MoveRight,1838,265,None
35625,750,265,MoveRight,1838,265,None
35626,757,265,MoveRight,1838,265,None
35627,764,265,MoveRight,1838,265,None
35627,764,265,None,1831,265,MoveLeft
35628,771,265,MoveRight,1831,265,None
35628,771,265,None,1824,265,MoveLeft
35629,778,265,MoveRight,1824,265,None
35629,778,265,None,1817,265,MoveLeft
35630,785,265,MoveRight,1817,265,None
35630,785,265,None,1810,265,MoveLeft
35631,792,265,MoveRight,1810,265,None
35631,792,265,None,1803,265,MoveLeft
35632,799,265,MoveRight,1803,265,None
35632,799,265,None,1796,265,MoveLeft
35633,806,265,MoveRight,1796,265,None
35633,806,265,None,1789,265,MoveLeft
35634,813,265,MoveRight,1789,265,None
35634,813,265,None,1782,265,MoveLeft
35635,820,265,MoveRight,1782,265,None
35635,820,265,None,1775,265,MoveLeft
35636,827,265,MoveRight,1775,265,None
35636,827,265,None,1768,265,MoveLeft
35637,834,265,MoveRight,1768,265,None
35637,834,265,None,1761,265,MoveLeft
35638,841,265,MoveRight,1761,265,None
35638,841,265,None,1754,265,MoveLeft
35639,848,265,MoveRight,1754,265,None
35639,848,265,None,1747,265,MoveLeft
35640,855,265,MoveRight,1747,265,None
35640,855,265,None,1740,265,MoveLeft
35641,862,265,MoveRight,1740,265,None
35641,862,265,None,1733,265,MoveLeft
35642,869,265,MoveRight,1733,265,None
35642,869,265,None,1733,265,None
35643,876,265,MoveRight,1733,265,None
35643,876,265,None,1733,265,None
35644,883,265,MoveRight,1733,265,None
35644,883,265,None,1733,265,None
35645,890,265,MoveRight,1733,265,None
35645,890,265,None,1733,265,None
35646,897,265,MoveRight,1733,265,None
35646,897,265,None,1733,265,None
35647,904,265,MoveRight,1733,265,None
35647,904,265,None,1733,265,None
35648,904,265,None,1733,265,None
35649,904,265,None,1733,265,None
35650,904,265,None,1733,265,None
35651,904,265,None,1733,265,None
35652,904,265,None,1733,265,None
35653,904,265,None,1733,265,None
35654,904,265,None,1733,265,None
35655,904,265,None,1733,265,None
35656,904,265,None,1733,265,None
35657,904,265,None,1733,265,None
35658,904,265,None,1733,265,None
35659,904,265,None,1733,265,None
35660,904,265,None,1733,265,None
35661,904,265,None,1733,265,None
35662,904,265,None,1733,265,None
35663,904,265,None,1733,265,None
35664,904,265,None,1733,265,None
35665,904,265,None,1733,265,None
35666,904,265,None,1733,265,None
35667,904,265,None,1733,265,None
35668,904,265,None,1733,265,None
35669,904,265,None,1733,265,None
35670,911,265,MoveRight,1733,265,None
35670,911,265,None,1733,265,None
35671,918,265,MoveRight,1733,265,None
35671,918,265,None,1733,265,None
35672,925,265,MoveRight,1733,265,None
35672,925,265,None,1733,265,None
35673,932,265,MoveRight,1733,265,None
35673,932,265,None,1733,265,None
35674,939,265,MoveRight,1733,265,None
35674,939,265,None,1733,265,None
35675,946,265,MoveRight,1733,265,None
35675,946,265,None,1733,265,None
35676,946,265,None,1733,265,None
35676,946,265,None,1733,265,None
35677,946,265,None,1733,265,None
35677,946,265,None,1733,265,None
35678,946,265,Bump,1733,265,None
35678,946,265,None,1733,265,None
35678,946,265,None,1733,265,None
35679,946,265,None,1726,265,MoveLeft
35680,946,265,None,1719,265,MoveLeft
35681,946,265,None,1712,265,MoveLeft
35682,946,265,None,1705,265,MoveLeft
35683,946,265,None,1698,265,MoveLeft
35684,946,265,None,1691,265,MoveLeft
35685,946,265,None,1684,265,MoveLeft
35686,946,265,None,1677,265,MoveLeft
35687,946,265,None,1670,265,MoveLeft
35688,946,265,None,1663,265,MoveLeft
35689,946,265,None,1656,265,MoveLeft
35690,946,265,None,1649,265,MoveLeft
35691,946,265,None,1642,265,MoveLeft
35692,946,265,None,1635,265,MoveLeft
35693,946,265,None,1628,265,MoveLeft
35694,946,265,None,1621,265,MoveLeft
35695,946,265,None,1614,265,MoveLeft
35696,946,265,None,1607,265,MoveLeft
35697,946,265,None,1600,265,MoveLeft
35698,953,265,MoveRight,1600,265,None
35698,953,265,None,1593,265,MoveLeft
35699,960,265,MoveRight,1593,265,None
35699,960,265,None,1586,265,MoveLeft
35700,967,265,MoveRight,1586,265,None
35700,967,265,None,1579,265,MoveLeft
35701,974,265,MoveRight,1579,265,None
35701,974,265,None,1572,265,MoveLeft
35702,981,265,MoveRight,1572,265,None
35702,981,265,None,1565,265,MoveLeft
35703,988,265,MoveRight,1565,265,None
35703,988,265,None,1558,265,MoveLeft
35704,995,265,MoveRight,1558,265,None
35704,995,265,None,1551,265,MoveLeft
35705,1002,265,MoveRight,1551,265,None
35705,1002,265,None,1544,265,MoveLeft
35706,1009,265,MoveRight,1544,265,None
35706,1009,265,None,1537,265,MoveLeft
35707,1016,265,MoveRight,1537,265,None
35707,1016,265,None,1530,265,MoveLeft
35708,1023,265,MoveRight,1530,265,None
35708,1023,265,None,1523,265,MoveLeft
35709,1030,265,MoveRight,1523,265,None
35710,1037,265,MoveRight,1523,265,None
35711,1044,265,MoveRight,1523,265,None
35712,1051,265,MoveRight,1523,265,None
35713,1058,265,MoveRight,1523,265,None
35714,1065,265,MoveRight,1523,265,None
35715,1072,265,MoveRight,1523,265,None
35716,1079,265,MoveRight,1523,265,None
35717,1086,265,MoveRight,1523,265,None
35718,1093,265,MoveRight,1523,265,None
35719,1100,265,MoveRight,1523,265,None
35720,1107,265,MoveRight,1523,265,None
35721,1114,265,MoveRight,1523,265,None
35722,1121,265,MoveRight,1523,265,None
35723,1128,265,MoveRight,1523,265,None
35724,1135,265,MoveRight,1523,265,None
35725,1142,265,MoveRight,1523,265,None
35726,1149,265,MoveRight,1523,265,None
35727,1156,265,MoveRight,1523,265,None
35728,1163,265,MoveRight,1523,265,None
35729,1170,265,MoveRight,1523,265,None
35730,1177,265,MoveRight,1523,265,None
35731,1184,265,MoveRight,1523,265,None
35732,1191,265,MoveRight,1523,265,None
35733,1198,265,MoveRight,1523,265,None
35734,1205,265,MoveRight,1523,265,None
35735,1212,265,MoveRight,1523,265,None
35736,1219,265,MoveRight,1523,265,None
35737,1226,265,MoveRight,1523,265,None
35741,1219,265,MoveLeft,1523,265,None
35742,1212,265,MoveLeft,1523,265,None
35743,1205,265,MoveLeft,1523,265,None
35744,1198,265,MoveLeft,1523,265,None
35745,1191,265,MoveLeft,1523,265,None
35746,1184,265,MoveLeft,1523,265,None
35747,1177,265,MoveLeft,1523,265,None
35748,1170,265,MoveLeft,1523,265,None
35749,1163,265,MoveLeft,1523,265,None
35750,1156,265,MoveLeft,1523,265,None
35751,1149,265,MoveLeft,1523,265,None
35752,1142,265,MoveLeft,1523,265,None
35753,1135,265,MoveLeft,1523,265,None
35754,1128,265,MoveLeft,1523,265,None
35755,1121,265,MoveLeft,1523,265,None
35756,1114,265,MoveLeft,1523,265,None
35757,1107,265,MoveLeft,1523,265,None
35758,1100,265,MoveLeft,1523,265,None
35759,1093,265,MoveLeft,1523,265,None
35760,1086,265,MoveLeft,1523,265,None
35761,1079,265,MoveLeft,1523,265,None
35762,1072,265,MoveLeft,1523,265,None
35763,1065,265,MoveLeft,1523,265,None
35764,1058,265,MoveLeft,1523,265,None
35765,1051,265,MoveLeft,1523,265,None
35766,1044,265,MoveLeft,1523,265,None
35767,1037,265,MoveLeft,1523,265,None
35768,1030,265,MoveLeft,1523,265,None
35769,1023,265,MoveLeft,1523,265,None
35770,1016,265,MoveLeft,1523,265,None
35771,1009,265,MoveLeft,1523,265,None
35772,1002,265,MoveLeft,1523,265,None
35773,995,265,MoveLeft,1523,265,None
35779,995,265,None,1523,265,SpikeLight
35779,995,265,None,1523,265,None
35790,995,265,None,1530,265,MoveRight
35791,995,265,None,1537,265,MoveRight
35792,995,265,None,1544,265,MoveRight
35793,995,265,None,1551,265,MoveRight
35794,995,265,None,1558,265,MoveRight
35795,995,265,None,1565,265,MoveRight
35796,995,265,None,1572,265,MoveRight
35797,995,265,None,1579,265,MoveRight
35798,995,265,None,1586,265,MoveRight
35799,995,265,None,1593,265,MoveRight
35800,995,265,None,1600,265,MoveRight
35801,995,265,None,1607,265,MoveRight
35802,995,265,None,1614,265,MoveRight
35803,995,265,None,1621,265,MoveRight
35804,995,265,None,1628,265,MoveRight
35805,995,265,None,1635,265,MoveRight
35806,995,265,None,1642,265,MoveRight
35807,995,265,None,1649,265,MoveRight
35808,995,265,None,1656,265,MoveRight
35809,995,265,None,1663,265,MoveRight
35810,995,265,None,1670,265,MoveRight
35811,1002,265,MoveRight,1670,265,None
35811,1002,265,None,1677,265,MoveRight
35812,1009,265,MoveRight,1677,265,None
35812,1009,265,None,1684,265,MoveRight
35813,1016,265,MoveRight,1684,265,None
35813,1016,265,None,1691,265,MoveRight
35814,1023,265,MoveRight,1691,265,None
35814,1023,265,None,1698,265,MoveRight
35815,1030,265,MoveRight,1698,265,None
35815,1030,265,None,1705,265,MoveRight
35816,1037,265,MoveRight,1705,265,None
35816,1037,265,None,1712,265,MoveRight
35817,1044,265,MoveRight,1712,265,None
35817,1044,265,None,1719,265,MoveRight
35818,1051,265,MoveRight,1719,265,None
35818,1051,265,None,1726,265,MoveRight
35819,1058,265,MoveRight,1726,265,None
35819,1058,265,None,1726,265,None
35820,1065,265,MoveRight,1726,265,None
35820,1065,265,None,1726,265,None
35821,1072,265,MoveRight,1726,265,None
35821,1072,265,None,1726,265,None
35822,1079,265,MoveRight,1726,265,None
35822,1079,265,None,1726,265,None
35823,1086,265,MoveRight,1726,265,None
35823,1086,265,None,1726,265,None
35824,1093,265,MoveRight,1726,265,None
35824,1093,265,None,1726,265,None
35825,1100,265,MoveRight,1726,265,None
35825,1100,265,None,1726,265,None
35826,1107,265,MoveRight,1726,265,None
35826,1107,265,None,1726,265,None
35827,1114,265,MoveRight,1726,265,None
35827,1114,265,None,1726,265,None
35828,1114,265,None,1726,265,None
35829,1114,265,None,1726,265,None
35830,1114,265,None,1726,265,None
35831,1114,265,None,1726,265,None
35832,1114,265,None,1726,265,None
35833,1107,265,MoveLeft,1726,265,None
35833,1107,265,None,1726,265,None
35834,1100,265,MoveLeft,1726,265,None
35834,1100,265,None,1726,265,None
35835,1093,265,MoveLeft,1726,265,None
35835,1093,265,None,1726,265,None
35836,1086,265,MoveLeft,1726,265,None
35836,1086,265,None,1726,265,None
35837,1079,265,MoveLeft,1726,265,None
35837,1079,265,None,1726,265,None
35838,1079,265,Set,1726,265,None
35838,1072,265,MoveLeft,1726,265,None
35838,1072,265,None,1726,265,None
35863,1079,265,MoveRight,1726,265,None
35864,1086,265,MoveRight,1726,265,None
35865,1093,265,MoveRight,1726,265,None
35866,1100,265,MoveRight,1726,265,None
35867,1107,265,MoveRight,1726,265,None
35868,1114,265,MoveRight,1726,265,None
35869,1121,265,MoveRight,1726,265,None
35870,1128,265,MoveRight,1726,265,None
35871,1135,265,MoveRight,1726,265,None
35872,1142,265,MoveRight,1726,265,None
35879,1149,265,MoveRight,1726,265,None
35880,1156,265,MoveRight,1726,265,None
35881,1163,265,MoveRight,1726,265,None
35882,1170,265,MoveRight,1726,265,None
35883,1177,265,MoveRight,1726,265,None
35884,1184,265,MoveRight,1726,265,None
35885,1191,265,MoveRight,1726,265,None
35886,1198,265,MoveRight,1726,265,None
35897,1191,265,MoveLeft,1726,265,None
35898,1184,265,MoveLeft,1726,265,None
35899,1177,265,MoveLeft,1726,265,None
35900,1170,265,MoveLeft,1726,265,None
35901,1163,265,MoveLeft,1726,265,None
35902,1156,265,MoveLeft,1726,265,None
35903,1149,265,MoveLeft,1726,265,None
35926,1149,284.62,None,1726,265,None
35946,1152.5,490.63,MoveRight,1726,265,None
35947,1156,500.44,MoveRight,1726,265,None
35948,1159.5,510.25,MoveRight,1726,265,None
35949,1163,520.06,MoveRight,1726,265,None
35950,1166.5,529.87,MoveRight,1726,265,None
35951,1170,539.68,MoveRight,1726,265,None
35952,1173.5,549.49,MoveRight,1726,265,None
35953,1177,559.3,MoveRight,1726,265,None
35954,1180.5,569.11,MoveRight,1726,265,None
35955,1184,578.92,MoveRight,1726,265,None
35956,1187.5,569.11,MoveRight,1726,265,None
35957,1191,559.3,MoveRight,1726,265,None
35958,1194.5,549.49,MoveRight,1726,265,None
35959,1198,539.68,MoveRight,1726,265,None
35960,1201.5,529.87,MoveRight,1726,265,None
35961,1205,520.06,MoveRight,1726,265,None
35962,1208.5,510.25,MoveRight,1726,265,None
35963,1212,500.44,MoveRight,1726,265,None
35964,1215.5,490.63,MoveRight,1726,265,None
35965,1219,480.82,MoveRight,1726,265,None
35966,1222.5,471.01,MoveRight,1726,265,None
35967,1226,461.2,MoveRight,1726,265,None
35968,1229.5,451.39,MoveRight,1726,265,None
35969,1233,441.58,MoveRight,1726,265,None
35970,1236.5,431.77,MoveRight,1726,265,None
35971,1240,421.96,MoveRight,1726,265,None
35972,1243.5,412.15,MoveRight,1726,265,None
35973,1247,402.34,MoveRight,1726,265,None
35974,1250.5,392.53,MoveRight,1726,265,None
35975,1254,382.72,MoveRight,1726,265,None
35976,1257.5,372.91,MoveRight,1726,265,None
35977,1261,363.1,MoveRight,1726,265,None
35978,1264.5,353.29,MoveRight,1726,265,None
35979,1268,343.48,MoveRight,1726,265,None
35980,1157,265,MoveRight,2410,265,None
35981,1164,265,MoveRight,2410,265,None
35982,1171,265,MoveRight,2410,265,None
35983,1178,265,MoveRight,2410,265,None
35984,1185,265,MoveRight,2410,265,None
35985,1192,265,MoveRight,2410,265,None
35986,1199,265,MoveRight,2410,265,None
36030,1199,265,None,2410,265,Serve
36030,1199,265,None,2410,265,None
36050,1199,265,None,2403,265,MoveLeft
36051,1199,265,None,2396,265,MoveLeft
36052,1199,265,None,2389,265,MoveLeft
36053,1199,265,None,2382,265,MoveLeft
36054,1199,265,None,2375,265,MoveLeft
36055,1199,265,None,2368,265,MoveLeft
36056,1199,265,None,2361,265,MoveLeft
36057,1199,265,None,2354,265,MoveLeft
36058,1199,265,None,2347,265,MoveLeft
36059,1199,265,None,2340,265,MoveLeft
36060,1199,265,None,2333,265,MoveLeft
36061,1199,265,None,2326,265,MoveLeft
36062,1199,265,None,2319,265,MoveLeft
36063,1199,265,None,2312,265,MoveLeft
36064,1199,265,None,2305,265,MoveLeft
36065,1199,265,None,2298,265,MoveLeft
36066,1199,265,None,2291,265,MoveLeft
36067,1199,265,None,2284,265,MoveLeft
36068,1199,265,None,2277,265,MoveLeft
36069,1199,265,None,2270,265,MoveLeft
36070,1199,265,None,2263,265,MoveLeft
36071,1199,265,None,2256,265,MoveLeft
36072,1199,265,None,2249,265,MoveLeft
36073,1199,265,None,2249,265,None
36073,1199,265,None,2242,265,MoveLeft
36074,1199,265,None,2235,265,MoveLeft
36075,1199,265,None,2228,265,MoveLeft
36076,1199,265,None,2221,265,MoveLeft
36077,1199,265,None,2214,265,MoveLeft
36078,1199,265,None,2207,265,MoveLeft
36079,1199,265,None,2200,265,MoveLeft
36080,1199,265,None,2193,265,MoveLeft
36081,1199,265,None,2186,265,MoveLeft
36082,1199,265,None,2179,265,MoveLeft
36083,1199,265,None,2172,265,MoveLeft
36084,1199,265,None,2165,265,MoveLeft
36085,1199,265,None,2158,265,MoveLeft
36086,1199,265,None,2151,265,MoveLeft
36087,1199,265,None,2151,265,None
36087,1199,265,None,2144,265,MoveLeft
36088,1199,265,None,2137,265,MoveLeft
36089,1199,265,None,2130,265,MoveLeft
36090,1199,265,None,2123,265,MoveLeft
36091,1199,265,None,2116,265,MoveLeft
36092,1199,265,None,2109,265,MoveLeft
36093,1199,265,None,2102,265,MoveLeft
36094,1199,265,None,2095,265,MoveLeft
36095,1199,265,None,2088,265,MoveLeft
36096,1199,265,None,2081,265,MoveLeft
36097,1199,265,None,2074,265,MoveLeft
36098,1199,265,None,2067,265,MoveLeft
36099,1199,265,None,2067,265,None
36099,1199,265,None,2060,265,MoveLeft
36100,1199,265,None,2053,265,MoveLeft
36101,1199,265,None,2046,265,MoveLeft
36102,1199,265,None,2039,265,MoveLeft
36103,1199,265,None,2032,265,MoveLeft
36104,1199,265,None,2025,265,MoveLeft
36105,1199,265,None,2018,265,MoveLeft
36106,1199,265,None,2011,265,MoveLeft
36107,1143,265,MoveLeft,2410,265,None
36108,1136,265,MoveLeft,2410,265,None
36109,1129,265,MoveLeft,2410,265,None
36110,1122,265,MoveLeft,2410,265,None
36111,1115,265,MoveLeft,2410,265,None
36112,1108,265,MoveLeft,2410,265,None
36113,1101,265,MoveLeft,2410,265,None
36114,1094,265,MoveLeft,2410,265,None
36115,1087,265,MoveLeft,2410,265,None
36116,1080,265,MoveLeft,2410,265,None
36117,1073,265,MoveLeft,2410,265,None
36118,1066,265,MoveLeft,2410,265,None
36119,1059,265,MoveLeft,2410,265,None
36120,1052,265,MoveLeft,2410,265,None
36121,1045,265,MoveLeft,2410,265,None
36122,1038,265,MoveLeft,2410,265,None
36157,1038,265,None,2410,265,Serve
36157,1038,265,None,2410,265,None
36176,1038,265,None,2403,265,MoveLeft
36177,1038,265,None,2396,265,MoveLeft
36178,1038,265,None,2389,265,MoveLeft
36179,1031,265,MoveLeft,2389,265,None
36179,1031,265,None,2382,265,MoveLeft
36180,1024,265,MoveLeft,2382,265,None
36180,1024,265,None,2375,265,MoveLeft
36181,1017,265,MoveLeft,2375,265,None
36181,1017,265,None,2368,265,MoveLeft
36182,1010,265,MoveLeft,2368,265,None
36182,1010,265,None,2361,265,MoveLeft
36183,1003,265,MoveLeft,2361,265,None
36183,1003,265,None,2354,265,MoveLeft
36184,996,265,MoveLeft,2354,265,None
36184,996,265,None,2347,265,MoveLeft
36185,989,265,MoveLeft,2347,265,None
36185,989,265,None,2340,265,MoveLeft
36186,982,265,MoveLeft,2340,265,None
36186,982,265,None,2333,265,MoveLeft
36187,975,265,MoveLeft,2333,265,None
36187,975,265,None,2326,265,MoveLeft
36188,968,265,MoveLeft,2326,265,None
36188,968,265,None,2319,265,MoveLeft
36189,961,265,MoveLeft,2319,265,None
36189,961,265,None,2312,265,MoveLeft
36190,954,265,MoveLeft,2312,265,None
36190,954,265,None,2305,265,MoveLeft
36191,947,265,MoveLeft,2305,265,None
36191,947,265,None,2298,265,MoveLeft
36192,940,265,MoveLeft,2298,265,None
36192,940,265,None,2291,265,MoveLeft
36193,933,265,MoveLeft,2291,265,None
36193,933,265,None,2284,265,MoveLeft
36194,926,265,MoveLeft,2284,265,None
36194,926,265,None,2277,265,MoveLeft
36195,919,265,MoveLeft,2277,265,None
36195,919,265,None,2270,265,MoveLeft
36196,912,265,MoveLeft,2270,265,None
36196,912,265,None,2263,265,MoveLeft
36197,905,265,MoveLeft,2263,265,None
36197,905,265,None,2256,265,MoveLeft
36198,898,265,MoveLeft,2256,265,None
36198,898,265,None,2249,265,MoveLeft
36199,891,265,MoveLeft,2249,265,None
36199,891,265,None,2242,265,MoveLeft
36200,884,265,MoveLeft,2242,265,None
36200,884,265,None,2235,265,MoveLeft
36201,877,265,MoveLeft,2235,265,None
36201,877,265,None,2228,265,MoveLeft
36202,877,265,None,2221,265,MoveLeft
36203,877,265,None,2214,265,MoveLeft
36204,877,265,None,2207,265,MoveLeft
36205,877,265,None,2200,265,MoveLeft
36206,877,265,None,2193,265,MoveLeft
36207,877,265,None,2186,265,MoveLeft
36208,877,265,None,2179,265,MoveLeft
36209,877,265,None,2172,265,MoveLeft
36210,877,265,None,2165,265,MoveLeft
36211,877,265,None,2158,265,MoveLeft
36212,877,265,None,2151,265,MoveLeft
36213,877,265,None,2144,265,MoveLeft
36214,877,265,None,2137,265,MoveLeft
36215,877,265,None,2130,265,MoveLeft
36216,877,265,None,2123,265,MoveLeft
36217,877,265,None,2116,265,MoveLeft
36218,877,265,None,2109,265,MoveLeft
36219,877,265,None,2102,265,MoveLeft
36220,877,265,None,2095,265,MoveLeft
36221,877,265,None,2088,265,MoveLeft
36222,877,265,None,2081,265,MoveLeft
36223,877,265,None,2074,265,MoveLeft
36224,877,265,None,2067,265,MoveLeft
36225,877,265,None,2060,265,MoveLeft
36226,877,265,None,2053,265,MoveLeft
36227,877,265,None,2046,265,MoveLeft
36228,877,265,None,2039,265,MoveLeft
36229,877,265,Bump,2039,265,None
36229,870,265,MoveLeft,2039,265,None
36229,870,265,None,2032,265,MoveLeft
36230,870,265,None,2025,265,MoveLeft
36231,870,265,None,2018,265,MoveLeft
36232,870,265,None,2011,265,MoveLeft
36233,870,265,None,2004,265,MoveLeft
36234,870,265,None,1997,265,MoveLeft
36235,870,265,None,1990,265,MoveLeft
36236,870,265,None,1983,265,MoveLeft
36237,870,265,None,1976,265,MoveLeft
36238,870,265,None,1969,265,MoveLeft
36239,870,265,None,1962,265,MoveLeft
36240,870,265,None,1955,265,MoveLeft
36241,870,265,None,1948,265,MoveLeft
36242,870,265,None,1941,265,MoveLeft
36243,870,265,None,1934,265,MoveLeft
36244,870,265,None,1927,265,MoveLeft
36245,870,265,None,1920,265,MoveLeft
36246,870,265,None,1913,265,MoveLeft
36247,870,265,None,1906,265,MoveLeft
36248,870,265,None,1899,265,MoveLeft
36249,877,265,MoveRight,1899,265,None
36249,877,265,None,1892,265,MoveLeft
36250,884,265,MoveRight,1892,265,None
36250,884,265,None,1885,265,MoveLeft
36251,891,265,MoveRight,1885,265,None
36251,891,265,None,1878,265,MoveLeft
36252,898,265,MoveRight,1878,265,None
36252,898,265,None,1871,265,MoveLeft
36253,905,265,MoveRight,1871,265,None
36253,905,265,None,1864,265,MoveLeft
36254,912,265,MoveRight,1864,265,None
36254,912,265,None,1857,265,MoveLeft
36255,919,265,MoveRight,1857,265,None
36255,919,265,None,1850,265,MoveLeft
36256,926,265,MoveRight,1850,265,None
36256,926,265,None,1843,265,MoveLeft
36257,933,265,MoveRight,1843,265,None
36257,933,265,None,1836,265,MoveLeft
36258,940,265,MoveRight,1836,265,None
36258,940,265,None,1829,265,MoveLeft
36259,947,265,MoveRight,1829,265,None
36259,947,265,None,1822,265,MoveLeft
36260,954,265,MoveRight,1822,265,None
36260,954,265,None,1815,265,MoveLeft
36261,961,265,MoveRight,1815,265,None
36261,961,265,None,1808,265,MoveLeft
36262,968,265,MoveRight,1808,265,None
36262,968,265,None,1801,265,MoveLeft
36263,975,265,MoveRight,1801,265,None
36263,975,265,None,1794,265,MoveLeft
36264,982,265,MoveRight,1794,265,None
36264,982,265,None,1787,265,MoveLeft
36265,989,265,MoveRight,1787,265,None
36265,989,265,None,1780,265,MoveLeft
36266,996,265,MoveRight,1780,265,None
36266,996,265,None,1773,265,MoveLeft
36267,1003,265,MoveRight,1773,265,None
36267,1003,265,None,1766,265,MoveLeft
36268,1010,265,MoveRight,1766,265,None
36268,1010,265,None,1759,265,MoveLeft
36269,1017,265,MoveRight,1759,265,None
36269,1017,265,None,1752,265,MoveLeft
36270,1024,265,MoveRight,1752,265,None
36270,1024,265,None,1745,265,MoveLeft
36271,1031,265,MoveRight,1745,265,None
36271,1031,265,None,1738,265,MoveLeft
36272,1038,265,MoveRight,1738,265,None
36272,1038,265,None,1731,265,MoveLeft
36273,1045,265,MoveRight,1731,265,None
36274,1052,265,MoveRight,1731,265,None
36275,1059,265,MoveRight,1731,265,None
36276,1066,265,MoveRight,1731,265,None
36277,1073,265,MoveRight,1731,265,None
36278,1080,265,MoveRight,1731,265,None
36279,1087,265,MoveRight,1731,265,None
36280,1094,265,MoveRight,1731,265,None
36281,1101,265,MoveRight,1731,265,None
36282,1108,265,MoveRight,1731,265,None
36283,1115,265,MoveRight,1731,265,None
36284,1122,265,MoveRight,1731,265,None
36285,1129,265,MoveRight,1731,265,None
36286,1136,265,MoveRight,1731,265,None
36287,1143,265,MoveRight,1731,265,None
36288,1150,265,MoveRight,1731,265,None
36289,1157,265,MoveRight,1731,265,None
36290,1164,265,MoveRight,1731,265,None
36291,1171,265,MoveRight,1731,265,None
36292,1178,265,MoveRight,1731,265,None
36293,1185,265,MoveRight,1731,265,None
36294,1192,265,MoveRight,1731,265,None
36295,1199,265,MoveRight,1731,265,None
36296,1206,265,MoveRight,1731,265,None
36297,1213,265,MoveRight,1731,265,None
36298,1220,265,MoveRight,1731,265,None
36299,1223.5,284.62,MoveRight,1731,265,None
36300,1227,304.24,MoveRight,1731,265,None
36301,1230.5,314.05,MoveRight,1731,265,None
36302,1234,323.86,MoveRight,1731,265,None
36303,1237.5,333.67,MoveRight,1731,265,None
36304,1241,343.48,MoveRight,1731,265,None
36305,1244.5,353.29,MoveRight,1731,265,None
36313,1244.5,431.77,None,1731,265,None
36317,1244.5,471.01,None,1724,265,MoveLeft
36326,1244.5,559.3,None,1724,265,None
36335,1244.5,510.25,Set,1724,265,None
36335,1244.5,510.25,None,1724,265,None
36393,1237.5,265,MoveLeft,1724,265,None
36394,1230.5,265,MoveLeft,1724,265,None
36395,1223.5,265,MoveLeft,1724,265,None
36396,1216.5,265,MoveLeft,1724,265,None
36397,1209.5,265,MoveLeft,1724,265,None
36398,1202.5,265,MoveLeft,1724,265,None
36399,1195.5,265,MoveLeft,1724,265,None
36400,1188.5,265,MoveLeft,1724,265,None
36401,1181.5,265,MoveLeft,1724,265,None
36402,1174.5,265,MoveLeft,1724,265,None
36403,1167.5,265,MoveLeft,1724,265,None
36404,1160.5,265,MoveLeft,1724,265,None
36414,1167.5,265,MoveRight,1724,265,None
36415,1174.5,265,MoveRight,1724,265,None
36416,1181.5,265,MoveRight,1724,265,None
36417,1188.5,265,MoveRight,1724,265,None
36418,1192,284.62,MoveRight,1724,265,None
36419,1195.5,304.24,MoveRight,1724,265,None
36420,1199,314.05,MoveRight,1724,265,None
36421,1202.5,323.86,MoveRight,1724,265,None
36422,1206,333.67,MoveRight,1724,265,None
36423,1209.5,343.48,MoveRight,1724,265,None
36424,1213,353.29,MoveRight,1724,265,None
36425,1216.5,363.1,MoveRight,1724,265,None
36426,1220,372.91,MoveRight,1724,265,None
36427,1223.5,382.72,MoveRight,1724,265,None
36428,1227,392.53,MoveRight,1724,265,None
36429,1230.5,402.34,MoveRight,1724,265,None
36430,1234,412.15,MoveRight,1724,265,None
36431,1237.5,421.96,MoveRight,1724,265,None
36432,1241,431.77,MoveRight,1724,265,None
36433,1244.5,441.58,MoveRight,1724,265,None
36434,1248,451.39,MoveRight,1724,265,None
36435,1251.5,461.2,MoveRight,1724,265,None
36436,1255,471.01,MoveRight,1724,265,None
36437,1258.5,480.82,MoveRight,1724,265,None
36438,1262,490.63,MoveRight,1724,265,None
36439,1265.5,500.44,MoveRight,1724,265,None
36440,1269,510.25,MoveRight,1724,265,None
36441,1272.5,520.06,MoveRight,1724,265,None
36442,1276,529.87,MoveRight,1724,265,None
36443,1279.5,539.68,MoveRight,1724,265,None
36444,1283,549.49,MoveRight,1724,265,None
36445,1286.5,559.3,MoveRight,1724,265,None
36446,1290,569.11,MoveRight,1724,265,None
36447,1293.5,578.92,MoveRight,1724,265,None
36448,1297,569.11,MoveRight,1724,265,None
36449,1300.5,559.3,MoveRight,1724,265,None
36450,1304,549.49,MoveRight,1724,265,None
36451,1307.5,539.68,MoveRight,1724,265,None
36452,1311,529.87,MoveRight,1724,265,None
36453,1314.5,520.06,MoveRight,1724,265,None
36454,1318,510.25,MoveRight,1724,265,None
36455,1321.5,500.44,MoveRight,1724,265,None
36456,1325,490.63,MoveRight,1724,265,None
36467,1157,265,MoveRight,2410,265,None
36468,1164,265,MoveRight,2410,265,None
36469,1171,265,MoveRight,2410,265,None
36471,1164,265,MoveLeft,2410,265,None
36472,1157,265,MoveLeft,2410,265,None
36473,1150,265,MoveLeft,2410,265,None
36474,1143,265,MoveLeft,2410,265,None
36475,1136,265,MoveLeft,2410,265,None
36476,1129,265,MoveLeft,2410,265,None
36477,1122,265,MoveLeft,2410,265,None
36478,1115,265,MoveLeft,2410,265,None
36479,1108,265,MoveLeft,2410,265,None
36480,1101,265,MoveLeft,2410,265,None
36481,1094,265,MoveLeft,2410,265,None
36482,1087,265,MoveLeft,2410,265,None
36483,1080,265,MoveLeft,2410,265,None
36484,1073,265,MoveLeft,2410,265,None
36517,1073,265,None,2410,265,Serve
36517,1073,265,None,2410,265,None
36537,1073,265,None,2403,265,MoveLeft
36538,1073,265,None,2396,265,MoveLeft
36539,1073,265,None,2389,265,MoveLeft
36540,1073,265,None,2382,265,MoveLeft
36541,1073,265,None,2375,265,MoveLeft
36542,1073,265,None,2368,265,MoveLeft
36543,1073,265,None,2361,265,MoveLeft
36544,1073,265,None,2354,265,MoveLeft
36545,1073,265,None,2347,265,MoveLeft
36546,1073,265,None,2340,265,MoveLeft
36547,1073,265,None,2333,265,MoveLeft
36548,1073,265,None,2326,265,MoveLeft
36549,1073,265,None,2319,265,MoveLeft
36550,1073,265,None,2312,265,MoveLeft
36551,1073,265,None,2305,265,MoveLeft
36552,1073,265,None,2298,265,MoveLeft
36553,1073,265,None,2291,265,MoveLeft
36554,1073,265,None,2284,265,MoveLeft
36555,1073,265,None,2277,265,MoveLeft
36556,1073,265,None,2270,265,MoveLeft
36557,1073,265,None,2263,265,MoveLeft
36558,1073,265,None,2256,265,MoveLeft
36559,1073,265,None,2249,265,MoveLeft
36560,1066,265,MoveLeft,2249,265,None
36560,1066,265,None,2242,265,MoveLeft
36561,1059,265,MoveLeft,2242,265,None
36561,1059,265,None,2235,265,MoveLeft
36562,1052,265,MoveLeft,2235,265,None
36562,1052,265,None,2228,265,MoveLeft
36563,1045,265,MoveLeft,2228,265,None
36563,1045,265,None,2221,265,MoveLeft
36564,1038,265,MoveLeft,2221,265,None
36564,1038,265,None,2214,265,MoveLeft
36565,1031,265,MoveLeft,2214,265,None
36565,1031,265,None,2207,265,MoveLeft
36566,1024,265,MoveLeft,2207,265,None
36566,1024,265,None,2200,265,MoveLeft
36567,1017,265,MoveLeft,2200,265,None
36567,1017,265,None,2193,265,MoveLeft
36568,1010,265,MoveLeft,2193,265,None
36568,1010,265,None,2186,265,MoveLeft
36569,1003,265,MoveLeft,2186,265,None
36569,1003,265,None,2179,265,MoveLeft
36570,996,265,MoveLeft,2179,265,None
36570,996,265,None,2172,265,MoveLeft
36571,989,265,MoveLeft,2172,265,None
36571,989,265,None,2165,265,MoveLeft
36572,982,265,MoveLeft,2165,265,None
36572,982,265,None,2158,265,MoveLeft
36573,975,265,MoveLeft,2158,265,None
36573,975,265,None,2151,265,MoveLeft
36574,968,265,MoveLeft,2151,265,None
36574,968,265,None,2144,265,MoveLeft
36575,961,265,MoveLeft,2144,265,None
36575,961,265,None,2137,265,MoveLeft
36576,954,265,MoveLeft,2137,265,None
36576,954,265,None,2130,265,MoveLeft
36577,947,265,MoveLeft,2130,265,None
36577,947,265,None,2123,265,MoveLeft
36578,940,265,MoveLeft,2123,265,None
36578,940,265,None,2116,265,MoveLeft
36579,933,265,MoveLeft,2116,265,None
36579,933,265,None,2109,265,MoveLeft
36580,926,265,MoveLeft,2109,265,None
36580,926,265,None,2102,265,MoveLeft
36581,919,265,MoveLeft,2102,265,None
36581,919,265,None,2095,265,MoveLeft
36582,912,265,MoveLeft,2095,265,None
36582,912,265,None,2088,265,MoveLeft
36583,905,265,MoveLeft,2088,265,None
36583,905,265,None,2081,265,MoveLeft
36584,898,265,MoveLeft,2081,265,None
36584,898,265,None,2074,265,MoveLeft
36585,891,265,MoveLeft,2074,265,None
36585,891,265,None,2067,265,MoveLeft
36586,884,265,MoveLeft,2067,265,None
36586,884,265,None,2060,265,MoveLeft
36587,877,265,MoveLeft,2060,265,None
36587,877,265,None,2053,265,MoveLeft
36588,870,265,MoveLeft,2053,265,None
36588,870,265,None,2046,265,MoveLeft
36589,870,265,Bump,2046,265,None
36589,863,265,MoveLeft,2046,265,None
36589,863,265,None,2039,265,MoveLeft
36590,863,265,None,2032,265,MoveLeft
36591,863,265,None,2025,265,MoveLeft
36592,863,265,None,2018,265,MoveLeft
36593,863,265,None,2011,265,MoveLeft
36594,863,265,None,2004,265,MoveLeft
36595,863,265,None,1997,265,MoveLeft
36596,863,265,None,1990,265,MoveLeft
36597,863,265,None,1983,265,MoveLeft
36598,863,265,None,1976,265,MoveLeft
36599,863,265,None,1969,265,MoveLeft
36600,863,265,None,1962,265,MoveLeft
36601,863,265,None,1955,265,MoveLeft
36602,863,265,None,1948,265,MoveLeft
36603,863,265,None,1941,265,MoveLeft
36604,863,265,None,1934,265,MoveLeft
36605,863,265,None,1927,265,MoveLeft
36606,863,265,None,1920,265,MoveLeft
36607,863,265,None,1913,265,MoveLeft
36608,863,265,None,1906,265,MoveLeft
36609,870,265,MoveRight,1906,265,None
36609,870,265,None,1899,265,MoveLeft
36610,877,265,MoveRight,1899,265,None
36610,877,265,None,1892,265,MoveLeft
36611,884,265,MoveRight,1892,265,None
36611,884,265,None,1885,265,MoveLeft
36612,891,265,MoveRight,1885,265,None
36612,891,265,None,1878,265,MoveLeft
36613,898,265,MoveRight,1878,265,None
36613,898,265,None,1871,265,MoveLeft
36614,905,265,MoveRight,1871,265,None
36614,905,265,None,1864,265,MoveLeft
36615,912,265,MoveRight,1864,265,None
36615,912,265,None,1857,265,MoveLeft
36616,919,265,MoveRight,1857,265,None
36616,919,265,None,1850,265,MoveLeft
36617,926,265,MoveRight,1850,265,None
36617,926,265,None,1843,265,MoveLeft
36618,933,265,MoveRight,1843,265,None
36618,933,265,None,1836,265,MoveLeft
36619,940,265,MoveRight,1836,265,None
36619,940,265,None,1829,265,MoveLeft
36620,947,265,MoveRight,1829,265,None
36620,947,265,None,1822,265,MoveLeft
36621,954,265,MoveRight,1822,265,None
36621,954,265,None,1815,265,MoveLeft
36622,961,265,MoveRight,1815,265,None
36622,961,265,None,1808,265,MoveLeft
36623,968,265,MoveRight,1808,265,None
36623,968,265,None,1801,265,MoveLeft
36624,975,265,MoveRight,1801,265,None
36624,975,265,None,1794,265,MoveLeft
36625,982,265,MoveRight,1794,265,None
36625,982,265,None,1787,265,MoveLeft
36626,989,265,MoveRight,1787,265,None
36626,989,265,None,1780,265,MoveLeft
36627,996,265,MoveRight,1780,265,None
36627,996,265,None,1773,265,MoveLeft
36628,1003,265,MoveRight,1773,265,None
36628,1003,265,None,1766,265,MoveLeft
36629,1010,265,MoveRight,1766,265,None
36629,1010,265,None,1759,265,MoveLeft
36630,1017,265,MoveRight,1759,265,None
36630,1017,265,None,1752,265,MoveLeft
36631,1024,265,MoveRight,1752,265,None
36631,1024,265,None,1745,265,MoveLeft
36632,1031,265,MoveRight,1745,265,None
36632,1031,265,None,1738,265,MoveLeft
36633,1038,265,MoveRight,1738,265,None
36633,1038,265,None,1731,265,MoveLeft
36634,1045,265,MoveRight,1731,265,None
36635,1052,265,MoveRight,1731,265,None
36636,1059,265,MoveRight,1731,265,None
36637,1066,265,MoveRight,1731,265,None
36638,1073,265,MoveRight,1731,265,None
36639,1080,265,MoveRight,1731,265,None
36640,1087,265,MoveRight,1731,265,None
36641,1094,265,MoveRight,1731,265,None
36642,1101,265,MoveRight,1731,265,None
36643,1108,265,MoveRight,1731,265,None
36644,1115,265,MoveRight,1731,265,None
36645,1122,265,MoveRight,1731,265,None
36646,1129,265,MoveRight,1731,265,None
36647,1136,265,MoveRight,1731,265,None
36648,1143,265,MoveRight,1731,265,None
36649,1150,265,MoveRight,1731,265,None
36650,1157,265,MoveRight,1731,265,None
36651,1164,265,MoveRight,1731,265,None
36652,1171,265,MoveRight,1731,265,None
36653,1178,265,MoveRight,1731,265,None
36654,1185,265,MoveRight,1731,265,None
36655,1192,265,MoveRight,1731,265,None
36656,1199,265,MoveRight,1731,265,None
36657,1206,265,MoveRight,1731,265,None
36658,1213,265,MoveRight,1731,265,None
36659,1220,265,MoveRight,1731,265,None
36660,1227,265,MoveRight,1731,265,None
36661,1234,265,MoveRight,1731,265,None
36662,1241,265,MoveRight,1731,265,None
36663,1248,265,MoveRight,1731,265,None
36664,1255,265,MoveRight,1731,265,None
36665,1262,265,MoveRight,1731,265,None
36666,1269,265,MoveRight,1731,265,None
36667,1276,265,MoveRight,1731,265,None
36668,1283,265,MoveRight,1731,265,None
36669,1290,265,MoveRight,1731,265,None
36670,1297,265,MoveRight,1731,265,None
36671,1304,265,MoveRight,1731,265,None
36676,1297,265,MoveLeft,1731,265,None
36677,1290,265,MoveLeft,1731,265,None
36677,1290,265,None,1724,265,MoveLeft
36678,1283,265,MoveLeft,1724,265,None
36679,1276,265,MoveLeft,1724,265,None
36680,1269,265,MoveLeft,1724,265,None
36681,1262,265,MoveLeft,1724,265,None
36682,1255,265,MoveLeft,1724,265,None
36683,1248,265,MoveLeft,1724,265,None
36684,1241,265,MoveLeft,1724,265,None
36685,1234,265,MoveLeft,1724,265,None
36686,1227,265,MoveLeft,1724,265,None
36687,1220,265,MoveLeft,1724,265,None
36688,1213,265,MoveLeft,1724,265,None
36689,1206,265,MoveLeft,1724,265,None
36690,1199,265,MoveLeft,1724,265,None
36691,1192,265,MoveLeft,1724,265,None
36692,1185,265,MoveLeft,1724,265,None
36693,1178,265,MoveLeft,1724,265,None
36694,1171,265,MoveLeft,1724,265,None
36695,1164,265,MoveLeft,1724,265,None
36696,1157,265,MoveLeft,1724,265,None
36697,1150,265,MoveLeft,1724,265,None
36698,1143,265,MoveLeft,1724,265,None
36718,1143,265,Set,1724,265,None
36718,1143,265,None,1724,265,None
36731,1136,265,MoveLeft,1724,265,None
36732,1129,265,MoveLeft,1724,265,None
36733,1122,265,MoveLeft,1724,265,None
36734,1115,265,MoveLeft,1724,265,None
36735,1108,265,MoveLeft,1724,265,None
36736,1101,265,MoveLeft,1724,265,None
36746,1094,265,MoveLeft,1724,265,None
36747,1087,265,MoveLeft,1724,265,None
36748,1080,265,MoveLeft,1724,265,None
36749,1073,265,MoveLeft,1724,265,None
36750,1066,265,MoveLeft,1724,265,None
36751,1059,265,MoveLeft,1724,265,None
36752,1052,265,MoveLeft,1724,265,None
36753,1045,265,MoveLeft,1724,265,None
36754,1038,265,MoveLeft,1724,265,None
36755,1031,265,MoveLeft,1724,265,None
36756,1024,265,MoveLeft,1724,265,None
36757,1017,265,MoveLeft,1724,265,None
36758,1010,265,MoveLeft,1724,265,None
36765,1017,265,MoveRight,1724,265,None
36766,1024,265,MoveRight,1724,265,None
36767,1031,265,MoveRight,1724,265,None
36768,1038,265,MoveRight,1724,265,None
36769,1045,265,MoveRight,1724,265,None
36770,1052,265,MoveRight,1724,265,None
36771,1059,265,MoveRight,1724,265,None
36772,1066,265,MoveRight,1724,265,None
36773,1073,265,MoveRight,1724,265,None
36791,1080,265,MoveRight,1724,265,None
36792,1087,265,MoveRight,1724,265,None
36793,1090.5,284.62,MoveRight,1724,265,None
36794,1094,304.24,MoveRight,1724,265,None
36795,1097.5,314.05,MoveRight,1724,265,None
36796,1101,323.86,MoveRight,1724,265,None
36797,1104.5,333.67,MoveRight,1724,265,None
36798,1108,343.48,MoveRight,1724,265,None
36799,1111.5,353.29,MoveRight,1724,265,None
36800,1115,363.1,MoveRight,1724,265,None
36801,1118.5,372.91,MoveRight,1724,265,None
36820,1118.5,559.3,None,1724,265,None
36822,1122,578.92,MoveRight,1724,265,None
36823,1125.5,569.11,MoveRight,1724,265,None
36824,1129,559.3,MoveRight,1724,265,None
36825,1132.5,549.49,MoveRight,1724,265,None
36826,1136,539.68,MoveRight,1724,265,None
36827,1139.5,529.87,MoveRight,1724,265,None
36828,1143,520.06,MoveRight,1724,265,None
36829,1143,510.25,SpikeMedium,1724,265,None
36829,1146.5,510.25,MoveRight,1724,265,None
36830,1146.5,500.44,None,1731,265,MoveRight
36831,1146.5,490.63,None,1738,265,MoveRight
36832,1146.5,480.82,None,1745,265,MoveRight
36833,1146.5,471.01,None,1752,265,MoveRight
36834,1146.5,461.2,None,1759,265,MoveRight
36835,1146.5,451.39,None,1766,265,MoveRight
36836,1146.5,441.58,None,1773,265,MoveRight
36837,1146.5,431.77,None,1780,265,MoveRight
36838,1146.5,421.96,None,1787,265,MoveRight
36839,1146.5,412.15,None,1794,265,MoveRight
36840,1146.5,402.34,None,1801,265,MoveRight
36841,1146.5,392.53,None,1808,265,MoveRight
36842,1146.5,382.72,None,1815,265,MoveRight
36843,1143,372.91,MoveLeft,1815,265,None
36843,1143,372.91,None,1822,265,MoveRight
36844,1139.5,363.1,MoveLeft,1822,265,None
36845,1136,353.29,MoveLeft,1822,265,None
36846,1132.5,343.48,MoveLeft,1822,265,None
36847,1129,333.67,MoveLeft,1822,265,None
36848,1125.5,323.86,MoveLeft,1822,265,None
36849,1122,314.05,MoveLeft,1822,265,None
36850,1118.5,304.24,MoveLeft,1822,265,None
36851,1115,294.43,MoveLeft,1822,265,None
36852,1111.5,284.62,MoveLeft,1822,265,None
36853,1108,274.81,MoveLeft,1822,265,None
36854,1101,265,MoveLeft,1822,265,None
36855,1094,265,MoveLeft,1822,265,None
36856,1087,265,MoveLeft,1822,265,None
36857,1080,265,MoveLeft,1822,265,None
36858,1073,265,MoveLeft,1822,265,None
36859,1066,265,MoveLeft,1822,265,None
36860,1059,265,MoveLeft,1822,265,None
36861,1052,265,MoveLeft,1822,265,None
36862,1045,265,MoveLeft,1822,265,None
36863,1038,265,MoveLeft,1822,265,None
36864,1031,265,MoveLeft,1822,265,None
36865,1024,265,MoveLeft,1822,265,None
36866,1017,265,MoveLeft,1822,265,None
36867,1010,265,MoveLeft,1822,265,None
36868,1003,265,MoveLeft,1822,265,None
36869,996,265,MoveLeft,1822,265,None
36870,989,265,MoveLeft,1822,265,None
36871,982,265,MoveLeft,1822,265,None
36872,975,265,MoveLeft,1822,265,None
36873,968,265,MoveLeft,1822,265,None
36874,961,265,MoveLeft,1822,265,None
36875,954,265,MoveLeft,1822,265,None
36876,947,265,MoveLeft,1822,265,None
36877,940,265,MoveLeft,1822,265,None
36878,933,265,MoveLeft,1822,265,None
36879,933,265,None,1822,265,SpikeMedium
36879,926,265,MoveLeft,1822,265,None
36879,926,265,None,1822,265,None
36880,919,265,MoveLeft,1822,265,None
36881,912,265,MoveLeft,1822,265,None
36882,905,265,MoveLeft,1822,265,None
36883,898,265,MoveLeft,1822,265,None
36884,891,265,MoveLeft,1822,265,None
36885,884,265,MoveLeft,1822,265,None
36886,877,265,MoveLeft,1822,265,None
36887,870,265,MoveLeft,1822,265,None
36888,863,265,MoveLeft,1822,265,None
36889,856,265,MoveLeft,1822,265,None
36890,856,265,None,1815,265,MoveLeft
36891,863,265,MoveRight,1815,265,None
36891,863,265,None,1808,265,MoveLeft
36892,870,265,MoveRight,1808,265,None
36892,870,265,None,1801,265,MoveLeft
36893,877,265,MoveRight,1801,265,None
36893,877,265,None,1794,265,MoveLeft
36894,884,265,MoveRight,1794,265,None
36894,884,265,None,1787,265,MoveLeft
36895,891,265,MoveRight,1787,265,None
36895,891,265,None,1780,265,MoveLeft
36896,898,265,MoveRight,1780,265,None
36896,898,265,None,1773,265,MoveLeft
36897,905,265,MoveRight,1773,265,None
36897,905,265,None,1766,265,MoveLeft
36898,912,265,MoveRight,1766,265,None
36898,912,265,None,1759,265,MoveLeft
36899,919,265,MoveRight,1759,265,None
36899,919,265,None,1752,265,MoveLeft
36900,926,265,MoveRight,1752,265,None
36900,926,265,None,1745,265,MoveLeft
36901,933,265,MoveRight,1745,265,None
36901,933,265,None,1738,265,MoveLeft
36902,940,265,MoveRight,1738,265,None
36902,940,265,None,1731,265,MoveLeft
36903,947,265,MoveRight,1731,265,None
36903,947,265,None,1731,265,None
36904,954,265,MoveRight,1731,265,None
36904,954,265,None,1731,265,None
36905,954,265,None,1731,265,None
36906,954,265,None,1731,265,None
36907,954,265,None,1731,265,None
36908,947,265,MoveLeft,1731,265,None
36908,947,265,None,1731,265,None
36909,940,265,MoveLeft,1731,265,None
36909,940,265,None,1731,265,None
36910,933,265,MoveLeft,1731,265,None
36910,933,265,None,1731,265,None
36911,926,265,MoveLeft,1731,265,None
36911,926,265,None,1731,265,None
36912,919,265,MoveLeft,1731,265,None
36912,919,265,None,1731,265,None
36913,912,265,MoveLeft,1731,265,None
36913,912,265,None,1731,265,None
36914,905,265,MoveLeft,1731,265,None
36914,905,265,None,1731,265,None
36915,898,265,MoveLeft,1731,265,None
36915,898,265,None,1731,265,None
36916,891,265,MoveLeft,1731,265,None
36916,891,265,None,1731,265,None
36917,884,265,MoveLeft,1731,265,None
36917,884,265,None,1731,265,None
36918,877,265,MoveLeft,1731,265,None
36918,877,265,None,1731,265,None
36919,870,265,MoveLeft,1731,265,None
36919,870,265,None,1731,265,None
36920,863,265,MoveLeft,1731,265,None
36920,863,265,None,1731,265,None
36921,856,265,MoveLeft,1731,265,None
36921,856,265,None,1731,265,None
36922,849,265,MoveLeft,1731,265,None
36922,849,265,None,1731,265,None
36923,842,265,MoveLeft,1731,265,None
36923,842,265,None,1731,265,None
36924,835,265,MoveLeft,1731,265,None
36924,835,265,None,1731,265,None
36925,828,265,MoveLeft,1731,265,None
36925,828,265,None,1731,265,None
36926,821,265,MoveLeft,1731,265,None
36926,821,265,None,1731,265,None
36927,814,265,MoveLeft,1731,265,None
36927,814,265,None,1731,265,None
36928,807,265,MoveLeft,1731,265,None
36928,807,265,None,1731,265,None
36929,807,265,None,1731,265,None
36930,807,265,None,1731,265,None
36931,814,265,MoveRight,1731,265,None
36931,814,265,None,1731,265,None
36932,821,265,MoveRight,1731,265,None
36932,821,265,None,1731,265,None
36933,828,265,MoveRight,1731,265,None
36933,828,265,None,1731,265,None
36934,835,265,MoveRight,1731,265,None
36934,835,265,None,1731,265,None
36935,842,265,MoveRight,1731,265,None
36935,842,265,None,1731,265,None
36936,849,265,MoveRight,1731,265,None
36936,849,265,None,1731,265,None
36937,856,265,MoveRight,1731,265,None
36937,856,265,None,1731,265,None
36938,863,265,MoveRight,1731,265,None
36938,863,265,None,1731,265,None
36939,870,265,MoveRight,1731,265,None
36939,870,265,None,1731,265,None
36940,877,265,MoveRight,1731,265,None
36940,877,265,None,1731,265,None
36941,884,265,MoveRight,1731,265,None
36941,884,265,None,1731,265,None
36942,891,265,MoveRight,1731,265,None
36942,891,265,None,1731,265,None
36943,891,265,Bump,1731,265,None
36943,898,265,MoveRight,1731,265,None
36943,898,265,None,1731,265,None
36944,898,265,None,1724,265,MoveLeft
36945,898,265,None,1717,265,MoveLeft
36946,898,265,None,1710,265,MoveLeft
36947,898,265,None,1703,265,MoveLeft
36948,898,265,None,1696,265,MoveLeft
36949,898,265,None,1689,265,MoveLeft
36950,898,265,None,1682,265,MoveLeft
36951,898,265,None,1675,265,MoveLeft
36952,898,265,None,1668,265,MoveLeft
36953,898,265,None,1661,265,MoveLeft
36954,898,265,None,1654,265,MoveLeft
36955,898,265,None,1647,265,MoveLeft
36956,898,265,None,1640,265,MoveLeft
36957,898,265,None,1633,265,MoveLeft
36958,898,265,None,1626,265,MoveLeft
36959,898,265,None,1619,265,MoveLeft
36960,898,265,None,1612,265,MoveLeft
36961,898,265,None,1605,265,MoveLeft
36962,905,265,MoveRight,1605,265,None
36962,905,265,None,1598,265,MoveLeft
36963,912,265,MoveRight,1598,265,None
36963,912,265,None,1591,265,MoveLeft
36964,919,265,MoveRight,1591,265,None
36964,919,265,None,1584,265,MoveLeft
36965,926,265,MoveRight,1584,265,None
36965,926,265,None,1577,265,MoveLeft
36966,933,265,MoveRight,1577,265,None
36966,933,265,None,1570,265,MoveLeft
36967,940,265,MoveRight,1570,265,None
36967,940,265,None,1563,265,MoveLeft
36968,947,265,MoveRight,1563,265,None
36968,947,265,None,1556,265,MoveLeft
36969,954,265,MoveRight,1556,265,None
36969,954,265,None,1549,265,MoveLeft
36970,961,265,MoveRight,1549,265,None
36970,961,265,None,1542,265,MoveLeft
36971,968,265,MoveRight,1542,265,None
36971,968,265,None,1535,265,MoveLeft
36972,975,265,MoveRight,1535,265,None
36972,975,265,None,1528,265,MoveLeft
36973,982,265,MoveRight,1528,265,None
36973,982,265,None,1521,265,MoveLeft
36974,989,265,MoveRight,1521,265,None
36974,989,265,None,1514,265,MoveLeft
36975,996,265,MoveRight,1514,265,None
36975,996,265,None,1507,265,MoveLeft
36976,1003,265,MoveRight,1507,265,None
36976,1003,265,None,1500,265,MoveLeft
36977,1010,265,MoveRight,1500,265,None
36978,1017,265,MoveRight,1500,265,None
36979,1024,265,MoveRight,1500,265,None
36980,1031,265,MoveRight,1500,265,None
36981,1038,265,MoveRight,1500,265,None
36982,1045,265,MoveRight,1500,265,None
36983,1052,265,MoveRight,1500,265,None
36984,1059,265,MoveRight,1500,265,None
36985,1066,265,MoveRight,1500,265,None
36986,1073,265,MoveRight,1500,265,None
36987,1080,265,MoveRight,1500,265,None
36988,1087,265,MoveRight,1500,265,None
36989,1094,265,MoveRight,1500,265,None
36990,1101,265,MoveRight,1500,265,None
36991,1108,265,MoveRight,1500,265,None
36992,1115,265,MoveRight,1500,265,None
36993,1122,265,MoveRight,1500,265,None
36994,1129,265,MoveRight,1500,265,None
36995,1136,265,MoveRight,1500,265,None
36996,1139.5,284.62,MoveRight,1500,265,None
36997,1143,304.24,MoveRight,1500,265,None
36998,1146.5,314.05,MoveRight,1500,265,None
36999,1150,323.86,MoveRight,1500,265,None
37000,1153.5,333.67,MoveRight,1500,265,None
37001,1157,343.48,MoveRight,1500,265,None
37002,1160.5,353.29,MoveRight,1500,265,None
37003,1164,363.1,MoveRight,1500,265,None
37004,1167.5,372.91,MoveRight,1500,265,None
37005,1171,382.72,MoveRight,1500,265,None
37006,1174.5,392.53,MoveRight,1500,265,None
37007,1178,402.34,MoveRight,1500,265,None
37008,1181.5,412.15,MoveRight,1500,265,None
37009,1185,421.96,MoveRight,1500,265,None
37010,1188.5,431.77,MoveRight,1500,265,None
37011,1192,441.58,MoveRight,1500,265,None
37012,1195.5,451.39,MoveRight,1500,265,None
37013,1199,461.2,MoveRight,1500,265,None
37014,1202.5,471.01,MoveRight,1500,265,None
37015,1206,480.82,MoveRight,1500,265,None
37016,1209.5,490.63,MoveRight,1500,265,None
37017,1213,500.44,MoveRight,1500,265,None
37018,1216.5,510.25,MoveRight,1500,265,None
37019,1220,520.06,MoveRight,1500,265,None
37020,1223.5,529.87,MoveRight,1500,265,None
37021,1227,539.68,MoveRight,1500,265,None
37022,1230.5,549.49,MoveRight,1500,265,None
37023,1234,559.3,MoveRight,1500,265,None
37024,1237.5,569.11,MoveRight,1500,265,None
37025,1241,578.92,MoveRight,1500,265,None
37026,1244.5,569.11,MoveRight,1500,265,None
37027,1248,559.3,MoveRight,1500,265,None
37028,1251.5,549.49,MoveRight,1500,265,None
37029,1255,539.68,MoveRight,1500,265,None
37030,1258.5,529.87,MoveRight,1500,265,None
37031,1262,520.06,MoveRight,1500,265,None
37032,1265.5,510.25,MoveRight,1500,265,None
37033,1269,500.44,MoveRight,1500,265,None
37034,1272.5,490.63,MoveRight,1500,265,None
37035,1276,480.82,MoveRight,1500,265,None
37036,1279.5,471.01,MoveRight,1500,265,None
37037,1283,461.2,MoveRight,1500,265,None
37038,1286.5,451.39,MoveRight,1500,265,None
37039,1290,441.58,MoveRight,1500,265,None
37040,1293.5,431.77,MoveRight,1500,265,None
37043,1293.5,402.34,None,1500,265,None
37046,1293.5,372.91,None,1500,265,SpikeLight
37046,1293.5,372.91,None,1500,265,None
37051,1290,323.86,MoveLeft,1500,265,None
37052,1286.5,314.05,MoveLeft,1500,265,None
37053,1283,304.24,MoveLeft,1500,265,None
37054,1279.5,294.43,MoveLeft,1500,265,None
37055,1276,284.62,MoveLeft,1500,265,None
37056,1272.5,274.81,MoveLeft,1500,265,None
37056,1272.5,274.81,None,1507,265,MoveRight
37057,1265.5,265,MoveLeft,1507,265,None
37057,1265.5,265,None,1514,265,MoveRight
37058,1258.5,265,MoveLeft,1514,265,None
37058,1258.5,265,None,1521,265,MoveRight
37059,1251.5,265,MoveLeft,1521,265,None
37059,1251.5,265,None,1528,265,MoveRight
37060,1244.5,265,MoveLeft,1528,265,None
37060,1244.5,265,None,1535,265,MoveRight
37061,1237.5,265,MoveLeft,1535,265,None
37061,1237.5,265,None,1542,265,MoveRight
37062,1230.5,265,MoveLeft,1542,265,None
37062,1230.5,265,None,1549,265,MoveRight
37063,1223.5,265,MoveLeft,1549,265,None
37063,1223.5,265,None,1556,265,MoveRight
37064,1216.5,265,MoveLeft,1556,265,None
37064,1216.5,265,None,1563,265,MoveRight
37065,1209.5,265,MoveLeft,1563,265,None
37065,1209.5,265,None,1570,265,MoveRight
37066,1202.5,265,MoveLeft,1570,265,None
37066,1202.5,265,None,1577,265,MoveRight
37067,1195.5,265,MoveLeft,1577,265,None
37067,1195.5,265,None,1584,265,MoveRight
37068,1188.5,265,MoveLeft,1584,265,None
37068,1188.5,265,None,1591,265,MoveRight
37069,1181.5,265,MoveLeft,1591,265,None
37069,1181.5,265,None,1598,265,MoveRight
37070,1174.5,265,MoveLeft,1598,265,None
37070,1174.5,265,None,1605,265,MoveRight
37071,1167.5,265,MoveLeft,1605,265,None
37071,1167.5,265,None,1612,265,MoveRight
37072,1160.5,265,MoveLeft,1612,265,None
37072,1160.5,265,None,1619,265,MoveRight
37073,1153.5,265,MoveLeft,1619,265,None
37073,1153.5,265,None,1626,265,MoveRight
37074,1146.5,265,MoveLeft,1626,265,None
37074,1146.5,265,None,1633,265,MoveRight
37075,1139.5,265,MoveLeft,1633,265,None
37075,1139.5,265,None,1640,265,MoveRight
37076,1132.5,265,MoveLeft,1640,265,None
37076,1132.5,265,None,1647,265,MoveRight
37077,1125.5,265,MoveLeft,1647,265,None
37077,1125.5,265,None,1654,265,MoveRight
37078,1118.5,265,MoveLeft,1654,265,None
37078,1118.5,265,None,1661,265,MoveRight
37079,1111.5,265,MoveLeft,1661,265,None
37079,1111.5,265,None,1668,265,MoveRight
37080,1104.5,265,MoveLeft,1668,265,None
37080,1104.5,265,None,1675,265,MoveRight
37081,1104.5,265,None,1682,265,MoveRight
37082,1104.5,265,None,1689,265,MoveRight
37083,1104.5,265,None,1696,265,MoveRight
37084,1104.5,265,None,1703,265,MoveRight
37085,1104.5,265,None,1710,265,MoveRight
37086,1104.5,265,None,1717,265,MoveRight
37087,1111.5,265,MoveRight,1717,265,None
37087,1111.5,265,None,1724,265,MoveRight
37088,1118.5,265,MoveRight,1724,265,None
37088,1118.5,265,None,1724,265,None
37089,1125.5,265,MoveRight,1724,265,None
37089,1125.5,265,None,1724,265,None
37090,1132.5,265,MoveRight,1724,265,None
37090,1132.5,265,None,1724,265,None
37091,1139.5,265,MoveRight,1724,265,None
37091,1139.5,265,None,1724,265,None
37092,1146.5,265,MoveRight,1724,265,None
37092,1146.5,265,None,1724,265,None
37093,1153.5,265,MoveRight,1724,265,None
37093,1153.5,265,None,1724,265,None
37094,1160.5,265,MoveRight,1724,265,None
37094,1160.5,265,None,1724,265,None
37095,1167.5,265,MoveRight,1724,265,None
37095,1167.5,265,None,1724,265,None
37096,1174.5,265,MoveRight,1724,265,None
37096,1174.5,265,None,1724,265,None
37097,1181.5,265,MoveRight,1724,265,None
37097,1181.5,265,None,1724,265,None
37098,1188.5,265,MoveRight,1724,265,None
37098,1188.5,265,None,1724,265,None
37099,1188.5,265,Set,1724,265,None
37099,1195.5,265,MoveRight,1724,265,None
37099,1195.5,265,None,1724,265,None
37123,1188.5,265,MoveLeft,1724,265,None
37124,1181.5,265,MoveLeft,1724,265,None
37125,1174.5,265,MoveLeft,1724,265,None
37126,1167.5,265,MoveLeft,1724,265,None
37127,1160.5,265,MoveLeft,1724,265,None
37128,1153.5,265,MoveLeft,1724,265,None
37129,1146.5,265,MoveLeft,1724,265,None
37130,1139.5,265,MoveLeft,1724,265,None
37131,1132.5,265,MoveLeft,1724,265,None
37132,1125.5,265,MoveLeft,1724,265,None
37133,1118.5,265,MoveLeft,1724,265,None
37189,1118.5,284.62,None,1724,265,None
37191,1122,314.05,MoveRight,1724,265,None
37192,1125.5,323.86,MoveRight,1724,265,None
37193,1129,333.67,MoveRight,1724,265,None
37194,1132.5,343.48,MoveRight,1724,265,None
37195,1136,353.29,MoveRight,1724,265,None
37196,1139.5,363.1,MoveRight,1724,265,None
37197,1143,372.91,MoveRight,1724,265,None
37198,1146.5,382.72,MoveRight,1724,265,None
37199,1150,392.53,MoveRight,1724,265,None
37200,1153.5,402.34,MoveRight,1724,265,None
37201,1157,412.15,MoveRight,1724,265,None
37202,1160.5,421.96,MoveRight,1724,265,None
37203,1164,431.77,MoveRight,1724,265,None
37204,1167.5,441.58,MoveRight,1724,265,None
37205,1171,451.39,MoveRight,1724,265,None
37206,1174.5,461.2,MoveRight,1724,265,None
37207,1178,471.01,MoveRight,1724,265,None
37208,1181.5,480.82,MoveRight,1724,265,None
37209,1185,490.63,MoveRight,1724,265,None
37210,1188.5,500.44,MoveRight,1724,265,None
37211,1192,510.25,MoveRight,1724,265,None
37212,1195.5,520.06,MoveRight,1724,265,None
37213,1199,529.87,MoveRight,1724,265,None
37214,1199,520.06,SpikeLight,1724,265,None
37214,1202.5,539.68,MoveRight,1724,265,None
37215,1202.5,549.49,None,1717,265,MoveLeft
37216,1202.5,559.3,None,1710,265,MoveLeft
37217,1202.5,569.11,None,1703,265,MoveLeft
37218,1202.5,578.92,None,1696,265,MoveLeft
37219,1202.5,569.11,None,1689,265,MoveLeft
37220,1202.5,559.3,None,1682,265,MoveLeft
37221,1202.5,549.49,None,1675,265,MoveLeft
37222,1202.5,539.68,None,1668,265,MoveLeft
37223,1202.5,529.87,None,1661,265,MoveLeft
37224,1202.5,520.06,None,1654,265,MoveLeft
37225,1206,510.25,MoveRight,1654,265,None
37225,1206,510.25,None,1647,265,MoveLeft
37226,1209.5,500.44,MoveRight,1647,265,None
37226,1209.5,500.44,None,1640,265,MoveLeft
37227,1213,490.63,MoveRight,1640,265,None
37227,1213,490.63,None,1633,265,MoveLeft
37228,1216.5,480.82,MoveRight,1633,265,None
37228,1216.5,480.82,None,1626,265,MoveLeft
37229,1220,471.01,MoveRight,1626,265,None
37229,1220,471.01,None,1619,265,MoveLeft
37230,1216.5,461.2,MoveLeft,1619,265,None
37230,1216.5,461.2,None,1612,265,MoveLeft
37231,1213,451.39,MoveLeft,1612,265,None
37231,1213,451.39,None,1605,265,MoveLeft
37232,1209.5,441.58,MoveLeft,1605,265,None
37232,1209.5,441.58,None,1598,265,MoveLeft
37233,1206,431.77,MoveLeft,1598,265,None
37233,1206,431.77,None,1591,265,MoveLeft
37234,1202.5,421.96,MoveLeft,1591,265,None
37234,1202.5,421.96,None,1584,265,MoveLeft
37235,1199,412.15,MoveLeft,1584,265,None
37235,1199,412.15,None,1577,265,MoveLeft
37236,1195.5,402.34,MoveLeft,1577,265,None
37236,1195.5,402.34,None,1570,265,MoveLeft
37237,1192,392.53,MoveLeft,1570,265,None
37237,1192,392.53,None,1563,265,MoveLeft
37238,1188.5,382.72,MoveLeft,1563,265,None
37238,1188.5,382.72,None,1556,265,MoveLeft
37239,1185,372.91,MoveLeft,1556,265,None
37239,1185,372.91,None,1549,265,MoveLeft
37240,1181.5,363.1,MoveLeft,1549,265,None
37240,1181.5,363.1,None,1542,265,MoveLeft
37241,1178,353.29,MoveLeft,1542,265,None
37241,1178,353.29,None,1535,265,MoveLeft
37242,1174.5,343.48,MoveLeft,1535,265,None
37242,1174.5,343.48,None,1528,265,MoveLeft
37243,1171,333.67,MoveLeft,1528,265,None
37243,1171,333.67,None,1521,265,MoveLeft
37244,1167.5,323.86,MoveLeft,1521,265,None
37244,1167.5,323.86,None,1514,265,MoveLeft
37245,1164,314.05,MoveLeft,1514,265,None
37245,1164,314.05,None,1507,265,MoveLeft
37246,1160.5,304.24,MoveLeft,1507,265,None
37246,1160.5,304.24,None,1500,265,MoveLeft
37247,1157,294.43,MoveLeft,1500,265,None
37247,1157,294.43,None,1493,265,MoveLeft
37248,1153.5,284.62,MoveLeft,1493,265,None
37249,1150,274.81,MoveLeft,1493,265,None
37250,1143,265,MoveLeft,1493,265,None
37251,1136,265,MoveLeft,1493,265,None
37252,1129,265,MoveLeft,1493,265,None
37253,1122,265,MoveLeft,1493,265,None
37254,1115,265,MoveLeft,1493,265,None
37255,1108,265,MoveLeft,1493,265,None
37256,1101,265,MoveLeft,1493,265,None
37257,1094,265,MoveLeft,1493,265,None
37258,1087,265,MoveLeft,1493,265,None
37259,1080,265,MoveLeft,1493,265,None
37260,1073,265,MoveLeft,1493,265,None
37261,1066,265,MoveLeft,1493,265,None
37262,1059,265,MoveLeft,1493,265,None
37263,1052,265,MoveLeft,1493,265,None
37264,1045,265,MoveLeft,1493,265,None
37265,1045,265,None,1493,265,SpikeLight
37265,1038,265,MoveLeft,1493,265,None
37265,1038,265,None,1493,265,None
37266,1031,265,MoveLeft,1493,265,None
37267,1024,265,MoveLeft,1493,265,None
37268,1017,265,MoveLeft,1493,265,None
37269,1010,265,MoveLeft,1493,265,None
37270,1003,265,MoveLeft,1493,265,None
37271,996,265,MoveLeft,1493,265,None
37272,989,265,MoveLeft,1493,265,None
37273,982,265,MoveLeft,1493,265,None
37274,975,265,MoveLeft,1493,265,None
37275,968,265,MoveLeft,1493,265,None
37276,961,265,MoveLeft,1493,265,None
37276,961,265,None,1500,265,MoveRight
37277,954,265,MoveLeft,1500,265,None
37277,954,265,None,1507,265,MoveRight
37278,947,265,MoveLeft,1507,265,None
37278,947,265,None,1514,265,MoveRight
37279,940,265,MoveLeft,1514,265,None
37279,940,265,None,1521,265,MoveRight
37280,933,265,MoveLeft,1521,265,None
37280,933,265,None,1528,265,MoveRight
37281,926,265,MoveLeft,1528,265,None
37281,926,265,None,1535,265,MoveRight
37282,919,265,MoveLeft,1535,265,None
37282,919,265,None,1542,265,MoveRight
37283,912,265,MoveLeft,1542,265,None
37283,912,265,None,1549,265,MoveRight
37284,912,265,None,1556,265,MoveRight
37285,912,265,None,1563,265,MoveRight
37286,912,265,None,1570,265,MoveRight
37287,919,265,MoveRight,1570,265,None
37287,919,265,None,1577,265,MoveRight
37288,926,265,MoveRight,1577,265,None
37288,926,265,None,1584,265,MoveRight
37289,933,265,MoveRight,1584,265,None
37289,933,265,None,1591,265,MoveRight
37290,940,265,MoveRight,1591,265,None
37290,940,265,None,1598,265,MoveRight
37291,947,265,MoveRight,1598,265,None
37291,947,265,None,1605,265,MoveRight
37292,954,265,MoveRight,1605,265,None
37292,954,265,None,1612,265,MoveRight
37293,961,265,MoveRight,1612,265,None
37293,961,265,None,1619,265,MoveRight
37294,968,265,MoveRight,1619,265,None
37294,968,265,None,1626,265,MoveRight
37295,975,265,MoveRight,1626,265,None
37295,975,265,None,1633,265,MoveRight
37296,982,265,MoveRight,1633,265,None
37296,982,265,None,1640,265,MoveRight
37297,989,265,MoveRight,1640,265,None
37297,989,265,None,1647,265,MoveRight
37298,996,265,MoveRight,1647,265,None
37298,996,265,None,1654,265,MoveRight
37299,1003,265,MoveRight,1654,265,None
37299,1003,265,None,1661,265,MoveRight
37300,1010,265,MoveRight,1661,265,None
37300,1010,265,None,1668,265,MoveRight
37301,1017,265,MoveRight,1668,265,None
37301,1017,265,None,1675,265,MoveRight
37302,1024,265,MoveRight,1675,265,None
37302,1024,265,None,1682,265,MoveRight
37303,1031,265,MoveRight,1682,265,None
37303,1031,265,None,1689,265,MoveRight
37304,1038,265,MoveRight,1689,265,None
37304,1038,265,None,1696,265,MoveRight
37305,1045,265,MoveRight,1696,265,None
37305,1045,265,None,1703,265,MoveRight
37306,1052,265,MoveRight,1703,265,None
37306,1052,265,None,1710,265,MoveRight
37307,1059,265,MoveRight,1710,265,None
37307,1059,265,None,1717,265,MoveRight
37308,1066,265,MoveRight,1717,265,None
37308,1066,265,None,1724,265,MoveRight
37309,1073,265,MoveRight,1724,265,None
37309,1073,265,None,1724,265,None
37310,1080,265,MoveRight,1724,265,None
37310,1080,265,None,1724,265,None
37311,1087,265,MoveRight,1724,265,None
37311,1087,265,None,1724,265,None
37312,1094,265,MoveRight,1724,265,None
37312,1094,265,None,1724,265,None
37313,1094,265,None,1724,265,None
37314,1094,265,None,1724,265,None
37315,1094,265,None,1724,265,None
37316,1094,265,None,1724,265,None
37317,1094,265,None,1724,265,None
37318,1094,265,None,1724,265,None
37319,1094,265,None,1724,265,None
37320,1094,265,None,1724,265,None
37321,1094,265,None,1724,265,None
37322,1094,265,Set,1724,265,None
37322,1094,265,None,1724,265,None
37322,1094,265,None,1724,265,None
37346,1101,265,MoveRight,1724,265,None
37347,1108,265,MoveRight,1724,265,None
37348,1115,265,MoveRight,1724,265,None
37349,1122,265,MoveRight,1724,265,None
37350,1129,265,MoveRight,1724,265,None
37351,1136,265,MoveRight,1724,265,None
37352,1143,265,MoveRight,1724,265,None
37415,1143,284.62,None,1724,265,None
37427,1146.5,412.15,MoveRight,1724,265,None
37428,1150,421.96,MoveRight,1724,265,None
37429,1153.5,431.77,MoveRight,1724,265,None
37430,1157,441.58,MoveRight,1724,265,None
37431,1160.5,451.39,MoveRight,1724,265,None
37432,1164,461.2,MoveRight,1724,265,None
37433,1167.5,471.01,MoveRight,1724,265,None
37434,1171,480.82,MoveRight,1724,265,None
37435,1174.5,490.63,MoveRight,1724,265,None
37436,1178,500.44,MoveRight,1724,265,None
37437,1181.5,510.25,MoveRight,1724,265,None
37438,1185,520.06,MoveRight,1724,265,None
37439,1188.5,529.87,MoveRight,1724,265,None
37440,1192,539.68,MoveRight,1724,265,None
37441,1192,529.87,SpikeMedium,1724,265,None
37441,1195.5,549.49,MoveRight,1724,265,None
37442,1195.5,559.3,None,1731,265,MoveRight
37443,1195.5,569.11,None,1738,265,MoveRight
37444,1195.5,578.92,None,1745,265,MoveRight
37445,1195.5,569.11,None,1752,265,MoveRight
37446,1195.5,559.3,None,1759,265,MoveRight
37447,1195.5,549.49,None,1766,265,MoveRight
37448,1195.5,539.68,None,1773,265,MoveRight
37449,1195.5,529.87,None,1780,265,MoveRight
37450,1195.5,520.06,None,1787,265,MoveRight
37451,1195.5,510.25,None,1794,265,MoveRight
37452,1199,500.44,MoveRight,1794,265,None
37452,1199,500.44,None,1801,265,MoveRight
37453,1202.5,490.63,MoveRight,1801,265,None
37453,1202.5,490.63,None,1808,265,MoveRight
37454,1206,480.82,MoveRight,1808,265,None
37454,1206,480.82,None,1815,265,MoveRight
37455,1206,471.01,None,1822,265,MoveRight
37456,1206,461.2,None,1829,265,MoveRight
37457,1206,451.39,None,1836,265,MoveRight
37458,1206,441.58,None,1843,265,MoveRight
37459,1206,431.77,None,1850,265,MoveRight
37460,1206,421.96,None,1857,265,MoveRight
37461,1206,412.15,None,1864,265,MoveRight
37462,1206,402.34,None,1871,265,MoveRight
37463,1206,392.53,None,1878,265,MoveRight
37464,1206,382.72,None,1885,265,MoveRight
37465,1206,372.91,None,1892,265,MoveRight
37466,1206,363.1,None,1899,265,MoveRight
37467,1206,353.29,None,1906,265,MoveRight
37468,1206,343.48,None,1913,265,MoveRight
37469,1202.5,333.67,MoveLeft,1913,265,None
37470,1199,323.86,MoveLeft,1913,265,None
37471,1195.5,314.05,MoveLeft,1913,265,None
37472,1192,304.24,MoveLeft,1913,265,None
37473,1188.5,294.43,MoveLeft,1913,265,None
37474,1185,284.62,MoveLeft,1913,265,None
37475,1181.5,274.81,MoveLeft,1913,265,None
37476,1174.5,265,MoveLeft,1913,265,None
37477,1167.5,265,MoveLeft,1913,265,None
37478,1160.5,265,MoveLeft,1913,265,None
37479,1153.5,265,MoveLeft,1913,265,None
37480,1146.5,265,MoveLeft,1913,265,None
37481,1139.5,265,MoveLeft,1913,265,None
37482,1132.5,265,MoveLeft,1913,265,None
37483,1125.5,265,MoveLeft,1913,265,None
37484,1118.5,265,MoveLeft,1913,265,None
37485,1111.5,265,MoveLeft,1913,265,None
37486,1104.5,265,MoveLeft,1913,265,None
37487,1097.5,265,MoveLeft,1913,265,None
37488,1090.5,265,MoveLeft,1913,265,None
37489,1083.5,265,MoveLeft,1913,265,None
37490,1076.5,265,MoveLeft,1913,265,None
37491,1069.5,265,MoveLeft,1913,265,None
37492,1062.5,265,MoveLeft,1913,265,None
37493,1055.5,265,MoveLeft,1913,265,None
37494,1048.5,265,MoveLeft,1913,265,None
37495,1048.5,265,None,1913,265,SpikeMedium
37495,1041.5,265,MoveLeft,1913,265,None
37495,1041.5,265,None,1913,265,None
37496,1034.5,265,MoveLeft,1913,265,None
37497,1027.5,265,MoveLeft,1913,265,None
37498,1020.5,265,MoveLeft,1913,265,None
37499,1013.5,265,MoveLeft,1913,265,None
37500,1006.5,265,MoveLeft,1913,265,None
37501,999.5,265,MoveLeft,1913,265,None
37502,992.5,265,MoveLeft,1913,265,None
37503,985.5,265,MoveLeft,1913,265,None
37504,978.5,265,MoveLeft,1913,265,None
37505,971.5,265,MoveLeft,1913,265,None
37506,964.5,265,MoveLeft,1913,265,None
37506,964.5,265,None,1906,265,MoveLeft
37507,957.5,265,MoveLeft,1906,265,None
37507,957.5,265,None,1899,265,MoveLeft
37508,950.5,265,MoveLeft,1899,265,None
37508,950.5,265,None,1892,265,MoveLeft
37509,943.5,265,MoveLeft,1892,265,None
37509,943.5,265,None,1885,265,MoveLeft
37510,936.5,265,MoveLeft,1885,265,None
37510,936.5,265,None,1878,265,MoveLeft
37511,929.5,265,MoveLeft,1878,265,None
37511,929.5,265,None,1871,265,MoveLeft
37512,922.5,265,MoveLeft,1871,265,None
37512,922.5,265,None,1864,265,MoveLeft
37513,915.5,265,MoveLeft,1864,265,None
37513,915.5,265,None,1857,265,MoveLeft
37514,908.5,265,MoveLeft,1857,265,None
37514,908.5,265,None,1850,265,MoveLeft
37515,901.5,265,MoveLeft,1850,265,None
37515,901.5,265,None,1843,265,MoveLeft
37516,901.5,265,None,1836,265,MoveLeft
37517,901.5,265,None,1829,265,MoveLeft
37518,901.5,265,None,1822,265,MoveLeft
37519,908.5,265,MoveRight,1822,265,None
37519,908.5,265,None,1815,265,MoveLeft
37520,915.5,265,MoveRight,1815,265,None
37520,915.5,265,None,1808,265,MoveLeft
37521,922.5,265,MoveRight,1808,265,None
37521,922.5,265,None,1801,265,MoveLeft
37522,929.5,265,MoveRight,1801,265,None
37522,929.5,265,None,1794,265,MoveLeft
37523,936.5,265,MoveRight,1794,265,None
37523,936.5,265,None,1787,265,MoveLeft
37524,943.5,265,MoveRight,1787,265,None
37524,943.5,265,None,1780,265,MoveLeft
37525,950.5,265,MoveRight,1780,265,None
37525,950.5,265,None,1773,265,MoveLeft
37526,957.5,265,MoveRight,1773,265,None
37526,957.5,265,None,1766,265,MoveLeft
37527,964.5,265,MoveRight,1766,265,None
37527,964.5,265,None,1759,265,MoveLeft
37528,971.5,265,MoveRight,1759,265,None
37528,971.5,265,None,1752,265,MoveLeft
37529,978.5,265,MoveRight,1752,265,None
37529,978.5,265,None,1745,265,MoveLeft
37530,985.5,265,MoveRight,1745,265,None
37530,985.5,265,None,1738,265,MoveLeft
37531,992.5,265,MoveRight,1738,265,None
37531,992.5,265,None,1731,265,MoveLeft
37532,999.5,265,MoveRight,1731,265,None
37532,999.5,265,None,1731,265,None
37533,1006.5,265,MoveRight,1731,265,None
37533,1006.5,265,None,1731,265,None
37534,1013.5,265,MoveRight,1731,265,None
37534,1013.5,265,None,1731,265,None
37535,1020.5,265,MoveRight,1731,265,None
37535,1020.5,265,None,1731,265,None
37536,1027.5,265,MoveRight,1731,265,None
37536,1027.5,265,None,1731,265,None
37537,1034.5,265,MoveRight,1731,265,None
37537,1034.5,265,None,1731,265,None
37538,1041.5,265,MoveRight,1731,265,None
37538,1041.5,265,None,1731,265,None
37539,1048.5,265,MoveRight,1731,265,None
37539,1048.5,265,None,1731,265,None
37540,1048.5,265,None,1731,265,None
37541,1048.5,265,None,1731,265,None
37542,1048.5,265,None,1731,265,None
37543,1048.5,265,None,1731,265,None
37544,1048.5,265,None,1731,265,None
37545,1048.5,265,None,1731,265,None
37546,1048.5,265,None,1731,265,None
37547,1041.5,265,MoveLeft,1731,265,None
37547,1041.5,265,None,1731,265,None
37548,1034.5,265,MoveLeft,1731,265,None
37548,1034.5,265,None,1731,265,None
37549,1027.5,265,MoveLeft,1731,265,None
37549,1027.5,265,None,1731,265,None
37550,1027.5,265,None,1731,265,None
37550,1027.5,265,None,1731,265,None
37551,1027.5,265,None,1731,265,None
37551,1027.5,265,None,1731,265,None
37552,1027.5,265,None,1731,265,None
37552,1027.5,265,None,1731,265,None
37553,1027.5,265,None,1731,265,None
37553,1027.5,265,None,1731,265,None
37554,1027.5,265,None,1731,265,None
37554,1027.5,265,None,1731,265,None
37555,1027.5,265,None,1731,265,None
37555,1027.5,265,None,1731,265,None
37556,1027.5,265,None,1731,265,None
37556,1027.5,265,None,1731,265,None
37557,1027.5,265,None,1731,265,None
37558,1027.5,265,None,1731,265,None
37559,1027.5,265,None,1731,265,None
37560,1027.5,265,None,1731,265,None
37561,1027.5,265,None,1731,265,None
37562,1027.5,265,Bump,1731,265,None
37562,1027.5,265,None,1731,265,None
37562,1027.5,265,None,1731,265,None
37563,1027.5,265,None,1724,265,MoveLeft
37564,1027.5,265,None,1717,265,MoveLeft
37565,1027.5,265,None,1710,265,MoveLeft
37566,1027.5,265,None,1703,265,MoveLeft
37567,1027.5,265,None,1696,265,MoveLeft
37568,1027.5,265,None,1689,265,MoveLeft
37569,1027.5,265,None,1682,265,MoveLeft
37570,1027.5,265,None,1675,265,MoveLeft
37571,1027.5,265,None,1668,265,MoveLeft
37572,1027.5,265,None,1661,265,MoveLeft
37573,1027.5,265,None,1654,265,MoveLeft
37574,1027.5,265,None,1647,265,MoveLeft
37575,1027.5,265,None,1640,265,MoveLeft
37576,1027.5,265,None,1633,265,MoveLeft
37577,1027.5,265,None,1626,265,MoveLeft
37578,1027.5,265,None,1619,265,MoveLeft
37579,1027.5,265,None,1612,265,MoveLeft
37580,1027.5,265,None,1605,265,MoveLeft
37581,1034.5,265,MoveRight,1605,265,None
37581,1034.5,265,None,1598,265,MoveLeft
37582,1041.5,265,MoveRight,1598,265,None
37582,1041.5,265,None,1591,265,MoveLeft
37583,1048.5,265,MoveRight,1591,265,None
37583,1048.5,265,None,1584,265,MoveLeft
37584,1055.5,265,MoveRight,1584,265,None
37584,1055.5,265,None,1577,265,MoveLeft
37585,1062.5,265,MoveRight,1577,265,None
37586,1069.5,265,MoveRight,1577,265,None
37587,1076.5,265,MoveRight,1577,265,None
37588,1083.5,265,MoveRight,1577,265,None
37589,1090.5,265,MoveRight,1577,265,None
37590,1097.5,265,MoveRight,1577,265,None
37591,1104.5,265,MoveRight,1577,265,None
37592,1111.5,265,MoveRight,1577,265,None
37593,1118.5,265,MoveRight,1577,265,None
37594,1125.5,265,MoveRight,1577,265,None
37595,1132.5,265,MoveRight,1577,265,None
37596,1139.5,265,MoveRight,1577,265,None
37597,1146.5,265,MoveRight,1577,265,None
37598,1153.5,265,MoveRight,1577,265,None
37599,1160.5,265,MoveRight,1577,265,None
37600,1167.5,265,MoveRight,1577,265,None
37601,1171,284.62,MoveRight,1577,265,None
37602,1174.5,304.24,MoveRight,1577,265,None
37603,1178,314.05,MoveRight,1577,265,None
37604,1181.5,323.86,MoveRight,1577,265,None
37605,1185,333.67,MoveRight,1577,265,None
37606,1188.5,343.48,MoveRight,1577,265,None
37607,1192,353.29,MoveRight,1577,265,None
37608,1195.5,363.1,MoveRight,1577,265,None
37609,1199,372.91,MoveRight,1577,265,None
37610,1202.5,382.72,MoveRight,1577,265,None
37611,1206,392.53,MoveRight,1577,265,None
37612,1209.5,402.34,MoveRight,1577,265,None
37613,1213,412.15,MoveRight,1577,265,None
37614,1216.5,421.96,MoveRight,1577,265,None
37615,1220,431.77,MoveRight,1577,265,None
37616,1223.5,441.58,MoveRight,1577,265,None
37617,1227,451.39,MoveRight,1577,265,None
37618,1230.5,461.2,MoveRight,1577,265,None
37619,1234,471.01,MoveRight,1577,265,None
37620,1237.5,480.82,MoveRight,1577,265,None
37621,1241,490.63,MoveRight,1577,265,None
37622,1244.5,500.44,MoveRight,1577,265,None
37623,1248,510.25,MoveRight,1577,265,None
37624,1251.5,520.06,MoveRight,1577,265,None
37625,1255,529.87,MoveRight,1577,265,None
37626,1258.5,539.68,MoveRight,1577,265,None
37627,1262,549.49,MoveRight,1577,265,None
37628,1265.5,559.3,MoveRight,1577,265,None
37629,1262,569.11,MoveLeft,1577,265,None
37630,1258.5,578.92,MoveLeft,1577,265,None
37631,1255,569.11,MoveLeft,1577,265,None
37632,1251.5,559.3,MoveLeft,1577,265,None
37633,1248,549.49,MoveLeft,1577,265,None
37634,1244.5,539.68,MoveLeft,1577,265,None
37635,1241,529.87,MoveLeft,1577,265,None
37636,1237.5,520.06,MoveLeft,1577,265,None
37637,1234,510.25,MoveLeft,1577,265,None
37638,1230.5,500.44,MoveLeft,1577,265,None
37639,1227,490.63,MoveLeft,1577,265,None
37640,1223.5,480.82,MoveLeft,1577,265,None
37641,1220,471.01,MoveLeft,1577,265,None
37642,1216.5,461.2,MoveLeft,1577,265,None
37643,1213,451.39,MoveLeft,1577,265,None
37644,1209.5,441.58,MoveLeft,1577,265,None
37645,1206,431.77,MoveLeft,1577,265,None
37646,1202.5,421.96,MoveLeft,1577,265,None
37647,1199,412.15,MoveLeft,1577,265,None
37648,1195.5,402.34,MoveLeft,1577,265,None
37649,1192,392.53,MoveLeft,1577,265,None
37650,1188.5,382.72,MoveLeft,1577,265,None
37651,1185,372.91,MoveLeft,1577,265,None
37652,1181.5,363.1,MoveLeft,1577,265,None
37653,1178,353.29,MoveLeft,1577,265,None
37654,1174.5,343.48,MoveLeft,1577,265,None
37655,1171,333.67,MoveLeft,1577,265,None
37656,1167.5,323.86,MoveLeft,1577,265,None
37657,1164,314.05,MoveLeft,1577,265,None
37658,1160.5,304.24,MoveLeft,1577,265,None
37659,1157,294.43,MoveLeft,1577,265,None
37660,1153.5,284.62,MoveLeft,1577,265,None
37661,1150,274.81,MoveLeft,1577,265,None
37662,1143,265,MoveLeft,1577,265,None
37663,1136,265,MoveLeft,1577,265,None
37664,1129,265,MoveLeft,1577,265,None
37665,1122,265,MoveLeft,1577,265,None
37666,1115,265,MoveLeft,1577,265,None
37667,1108,265,MoveLeft,1577,265,None
37668,1101,265,MoveLeft,1577,265,None
37669,1094,265,MoveLeft,1577,265,None
37670,1094,265,None,1577,265,SpikeMedium
37670,1087,265,MoveLeft,1577,265,None
37670,1087,265,None,1577,265,None
37671,1080,265,MoveLeft,1577,265,None
37672,1073,265,MoveLeft,1577,265,None
37673,1066,265,MoveLeft,1577,265,None
37674,1059,265,MoveLeft,1577,265,None
37675,1052,265,MoveLeft,1577,265,None
37676,1045,265,MoveLeft,1577,265,None
37677,1038,265,MoveLeft,1577,265,None
37678,1031,265,MoveLeft,1577,265,None
37679,1024,265,MoveLeft,1577,265,None
37680,1017,265,MoveLeft,1577,265,None
37681,1010,265,MoveLeft,1577,265,None
37681,1010,265,None,1584,265,MoveRight
37682,1003,265,MoveLeft,1584,265,None
37682,1003,265,None,1591,265,MoveRight
37683,996,265,MoveLeft,1591,265,None
37683,996,265,None,1598,265,MoveRight
37684,989,265,MoveLeft,1598,265,None
37684,989,265,None,1605,265,MoveRight
37685,982,265,MoveLeft,1605,265,None
37685,982,265,None,1612,265,MoveRight
37686,975,265,MoveLeft,1612,265,None
37686,975,265,None,1619,265,MoveRight
37687,968,265,MoveLeft,1619,265,None
37687,968,265,None,1626,265,MoveRight
37688,961,265,MoveLeft,1626,265,None
37688,961,265,None,1633,265,MoveRight
37689,954,265,MoveLeft,1633,265,None
37689,954,265,None,1640,265,MoveRight
37690,947,265,MoveLeft,1640,265,None
37690,947,265,None,1647,265,MoveRight
37691,940,265,MoveLeft,1647,265,None
37691,940,265,None,1654,265,MoveRight
37692,933,265,MoveLeft,1654,265,None
37692,933,265,None,1661,265,MoveRight
37693,926,265,MoveLeft,1661,265,None
37693,926,265,None,1668,265,MoveRight
37694,919,265,MoveLeft,1668,265,None
37694,919,265,None,1675,265,MoveRight
37695,912,265,MoveLeft,1675,265,None
37695,912,265,None,1682,265,MoveRight
37696,905,265,MoveLeft,1682,265,None
37696,905,265,None,1689,265,MoveRight
37697,898,265,MoveLeft,1689,265,None
37697,898,265,None,1696,265,MoveRight
37698,891,265,MoveLeft,1696,265,None
37698,891,265,None,1703,265,MoveRight
37699,884,265,MoveLeft,1703,265,None
37699,884,265,None,1710,265,MoveRight
37700,877,265,MoveLeft,1710,265,None
37700,877,265,None,1717,265,MoveRight
37701,870,265,MoveLeft,1717,265,None
37701,870,265,None,1724,265,MoveRight
37702,863,265,MoveLeft,1724,265,None
37702,863,265,None,1724,265,None
37703,856,265,MoveLeft,1724,265,None
37703,856,265,None,1724,265,None
37704,849,265,MoveLeft,1724,265,None
37704,849,265,None,1724,265,None
37705,842,265,MoveLeft,1724,265,None
37705,842,265,None,1724,265,None
37706,835,265,MoveLeft,1724,265,None
37706,835,265,None,1724,265,None
37707,828,265,MoveLeft,1724,265,None
37707,828,265,None,1724,265,None
37708,821,265,MoveLeft,1724,265,None
37708,821,265,None,1724,265,None
37709,814,265,MoveLeft,1724,265,None
37709,814,265,None,1724,265,None
37710,807,265,MoveLeft,1724,265,None
37710,807,265,None,1724,265,None
37711,800,265,MoveLeft,1724,265,None
37711,800,265,None,1724,265,None
37712,793,265,MoveLeft,1724,265,None
37712,793,265,None,1724,265,None
37713,786,265,MoveLeft,1724,265,None
37713,786,265,None,1724,265,None
37714,779,265,MoveLeft,1724,265,None
37714,779,265,None,1724,265,None
37715,772,265,MoveLeft,1724,265,None
37715,772,265,None,1724,265,None
37716,765,265,MoveLeft,1724,265,None
37716,765,265,None,1724,265,None
37717,758,265,MoveLeft,1724,265,None
37717,758,265,None,1724,265,None
37718,751,265,MoveLeft,1724,265,None
37718,751,265,None,1724,265,None
37719,744,265,MoveLeft,1724,265,None
37719,744,265,None,1724,265,None
37720,737,265,MoveLeft,1724,265,None
37720,737,265,None,1724,265,None
37721,730,265,MoveLeft,1724,265,None
37721,730,265,None,1724,265,None
37722,723,265,MoveLeft,1724,265,None
37722,723,265,None,1724,265,None
37723,716,265,MoveLeft,1724,265,None
37723,716,265,None,1724,265,None
37724,709,265,MoveLeft,1724,265,None
37724,709,265,None,1724,265,None
37725,702,265,MoveLeft,1724,265,None
37725,702,265,None,1724,265,None
37726,695,265,MoveLeft,1724,265,None
37726,695,265,None,1724,265,None
37727,688,265,MoveLeft,1724,265,None
37727,688,265,None,1724,265,None
37728,688,265,None,1724,265,None
37728,688,265,None,1724,265,None
37729,688,265,None,1724,265,None
37729,688,265,None,1724,265,None
37730,688,265,None,1724,265,None
37730,688,265,None,1724,265,None
37731,688,265,None,1724,265,None
37731,688,265,None,1724,265,None
37732,688,265,None,1724,265,None
37732,688,265,None,1724,265,None
37733,688,265,Bump,1724,265,None
37733,688,265,None,1724,265,None
37733,688,265,None,1724,265,None
37752,695,265,MoveRight,1724,265,None
37753,702,265,MoveRight,1724,265,None
37754,709,265,MoveRight,1724,265,None
37755,716,265,MoveRight,1724,265,None
37756,723,265,MoveRight,1724,265,None
37757,730,265,MoveRight,1724,265,None
37758,737,265,MoveRight,1724,265,None
37759,744,265,MoveRight,1724,265,None
37760,751,265,MoveRight,1724,265,None
37761,758,265,MoveRight,1724,265,None
37762,765,265,MoveRight,1724,265,None
37763,772,265,MoveRight,1724,265,None
37764,779,265,MoveRight,1724,265,None
37765,786,265,MoveRight,1724,265,None
37766,793,265,MoveRight,1724,265,None
37767,800,265,MoveRight,1724,265,None
37768,807,265,MoveRight,1724,265,None
37769,814,265,MoveRight,1724,265,None
37770,821,265,MoveRight,1724,265,None
37771,828,265,MoveRight,1724,265,None
37772,835,265,MoveRight,1724,265,None
37773,842,265,MoveRight,1724,265,None
37774,849,265,MoveRight,1724,265,None
37775,856,265,MoveRight,1724,265,None
37776,863,265,MoveRight,1724,265,None
37777,870,265,MoveRight,1724,265,None
37778,877,265,MoveRight,1724,265,None
37779,884,265,MoveRight,1724,265,None
37780,891,265,MoveRight,1724,265,None
37781,898,265,MoveRight,1724,265,None
37782,905,265,MoveRight,1724,265,None
37783,912,265,MoveRight,1724,265,None
37784,919,265,MoveRight,1724,265,None
37785,926,265,MoveRight,1724,265,None
37786,933,265,MoveRight,1724,265,None
37787,940,265,MoveRight,1724,265,None
37788,947,265,MoveRight,1724,265,None
37789,954,265,MoveRight,1724,265,None
37790,961,265,MoveRight,1724,265,None
37791,968,265,MoveRight,1724,265,None
37792,975,265,MoveRight,1724,265,None
37793,982,265,MoveRight,1724,265,None
37794,989,265,MoveRight,1724,265,None
37795,996,265,MoveRight,1724,265,None
37796,1003,265,MoveRight,1724,265,None
37797,1010,265,MoveRight,1724,265,None
37798,1017,265,MoveRight,1724,265,None
37799,1024,265,MoveRight,1724,265,None
37800,1031,265,MoveRight,1724,265,None
37801,1038,265,MoveRight,1724,265,None
37802,1045,265,MoveRight,1724,265,None
37803,1052,265,MoveRight,1724,265,None
37804,1059,265,MoveRight,1724,265,None
37805,1066,265,MoveRight,1724,265,None
37806,1073,265,MoveRight,1724,265,None
37807,1080,265,MoveRight,1724,265,None
37808,1087,265,MoveRight,1724,265,None
37809,1094,265,MoveRight,1724,265,None
37810,1101,265,MoveRight,1724,265,None
37811,1108,265,MoveRight,1724,265,None
37812,1115,265,MoveRight,1724,265,None
37813,1122,265,MoveRight,1724,265,None
37814,1129,265,MoveRight,1724,265,None
37815,1136,265,MoveRight,1724,265,None
37816,1143,265,MoveRight,1724,265,None
37817,1150,265,MoveRight,1724,265,None
37818,1157,265,MoveRight,1724,265,None
37819,1164,265,MoveRight,1724,265,None
37821,1164,265,Set,1724,265,None
37821,1164,265,None,1724,265,None
37848,1157,265,MoveLeft,1724,265,None
37849,1150,265,MoveLeft,1724,265,None
37850,1143,265,MoveLeft,1724,265,None
37851,1136,265,MoveLeft,1724,265,None
37852,1129,265,MoveLeft,1724,265,None
37853,1122,265,MoveLeft,1724,265,None
37854,1115,265,MoveLeft,1724,265,None
37855,1108,265,MoveLeft,1724,265,None
37856,1101,265,MoveLeft,1724,265,None
37857,1094,265,MoveLeft,1724,265,None
37905,1094,284.62,None,1724,265,None
37910,1097.5,343.48,MoveRight,1724,265,None
37911,1101,353.29,MoveRight,1724,265,None
37912,1104.5,363.1,MoveRight,1724,265,None
37913,1108,372.91,MoveRight,1724,265,None
37914,1111.5,382.72,MoveRight,1724,265,None
37915,1115,392.53,MoveRight,1724,265,None
37916,1118.5,402.34,MoveRight,1724,265,None
37917,1122,412.15,MoveRight,1724,265,None
37927,1122,510.25,None,1724,265,None
37928,1125.5,520.06,MoveRight,1724,265,None
37929,1129,529.87,MoveRight,1724,265,None
37930,1132.5,539.68,MoveRight,1724,265,None
37931,1136,549.49,MoveRight,1724,265,None
37932,1139.5,559.3,MoveRight,1724,265,None
37933,1143,569.11,MoveRight,1724,265,None
37934,1146.5,578.92,MoveRight,1724,265,None
37935,1150,569.11,MoveRight,1724,265,None
37936,1150,559.3,SpikeStrong,1724,265,None
37936,1153.5,559.3,MoveRight,1724,265,None
37948,1153.5,441.58,None,1724,265,None
37956,1150,363.1,MoveLeft,1724,265,None
37957,1146.5,353.29,MoveLeft,1724,265,None
37958,1143,343.48,MoveLeft,1724,265,None
37959,1139.5,333.67,MoveLeft,1724,265,None
37960,1136,323.86,MoveLeft,1724,265,None
37961,1132.5,314.05,MoveLeft,1724,265,None
37962,1129,304.24,MoveLeft,1724,265,None
37963,1125.5,294.43,MoveLeft,1724,265,None
37964,1122,284.62,MoveLeft,1724,265,None
37965,1118.5,274.81,MoveLeft,1724,265,None
37966,1111.5,265,MoveLeft,1724,265,None
37967,1104.5,265,MoveLeft,1724,265,None
37968,1097.5,265,MoveLeft,1724,265,None
37969,1090.5,265,MoveLeft,1724,265,None
37970,1083.5,265,MoveLeft,1724,265,None
37971,1076.5,265,MoveLeft,1724,265,None
37972,1069.5,265,MoveLeft,1724,265,None
37973,1062.5,265,MoveLeft,1724,265,None
37974,1055.5,265,MoveLeft,1724,265,None
37975,1048.5,265,MoveLeft,1724,265,None
37976,1041.5,265,MoveLeft,1724,265,None
