Frame,PlayerPosX,PlayerPosY,PlayerEvent,BotPosX,BotPosY,BotEvent
18154,970,265,None,1843,265,MoveLeft
18155,970,265,None,1836,265,MoveLeft
18156,970,265,None,1829,265,MoveLeft
18157,970,265,None,1822,265,MoveLeft
18158,970,265,None,1815,265,MoveLeft
18159,970,265,None,1815,265,None
18159,970,265,None,1808,265,MoveLeft
18160,970,265,None,1801,265,MoveLeft
18161,970,265,None,1794,265,MoveLeft
18162,970,265,None,1787,265,MoveLeft
18163,970,265,None,1780,265,MoveLeft
18164,970,265,None,1773,265,MoveLeft
18165,970,265,None,1766,265,MoveLeft
18166,970,265,None,1759,265,MoveLeft
18167,970,265,None,1752,265,MoveLeft
18168,970,265,None,1745,265,MoveLeft
18169,970,265,None,1738,265,MoveLeft
18170,970,265,None,1731,265,MoveLeft
18235,977,265,MoveRight,1731,265,None
18236,984,265,MoveRight,1731,265,None
18237,991,265,MoveRight,1731,265,None
18238,998,265,MoveRight,1731,265,None
18239,1005,265,MoveRight,1731,265,None
18240,1012,265,MoveRight,1731,265,None
18241,1019,265,MoveRight,1731,265,None
18242,1026,265,MoveRight,1731,265,None
18243,1033,265,MoveRight,1731,265,None
18244,1040,265,MoveRight,1731,265,None
18245,1047,265,MoveRight,1731,265,None
18246,1054,265,MoveRight,1731,265,None
18247,1061,265,MoveRight,1731,265,None
18248,1068,265,MoveRight,1731,265,None
18249,1075,265,MoveRight,1731,265,None
18250,1082,265,MoveRight,1731,265,None
18251,1089,265,MoveRight,1731,265,None
18252,1096,265,MoveRight,1731,265,None
18253,1103,265,MoveRight,1731,265,None
18254,1110,265,MoveRight,1731,265,None
18255,1117,265,MoveRight,1731,265,None
18256,1124,265,MoveRight,1731,265,None
18257,1131,265,MoveRight,1731,265,None
18258,1138,265,MoveRight,1731,265,None
18259,1145,265,MoveRight,1731,265,None
18260,1152,265,MoveRight,1731,265,None
18261,1159,265,MoveRight,1731,265,None
18262,1166,265,MoveRight,1731,265,None
18263,1173,265,MoveRight,1731,265,None
18264,1180,265,MoveRight,1731,265,None
18265,1187,265,MoveRight,1731,265,None
18266,1194,265,MoveRight,1731,265,None
18267,1201,265,MoveRight,1731,265,None
18268,1208,265,MoveRight,1731,265,None
18269,1215,265,MoveRight,1731,265,None
18270,1222,265,MoveRight,1731,265,None
18271,1229,265,MoveRight,1731,265,None
18272,1236,265,MoveRight,1731,265,None
18273,1243,265,MoveRight,1731,265,None
18274,1250,265,MoveRight,1731,265,None
18275,1257,265,MoveRight,1731,265,None
18276,1264,265,MoveRight,1731,265,None
18277,1271,265,MoveRight,1731,265,None
18278,1278,265,MoveRight,1731,265,None
18279,1285,265,MoveRight,1731,265,None
18280,1292,265,MoveRight,1731,265,None
18281,1299,265,MoveRight,1731,265,None
18282,1306,265,MoveRight,1731,265,None
18283,1313,265,MoveRight,1731,265,None
18284,1320,265,MoveRight,1731,265,None
18586,1319,265,MoveLeft,1731,265,None
18587,1312,265,MoveLeft,1731,265,None
18588,1305,265,MoveLeft,1731,265,None
18589,1298,265,MoveLeft,1731,265,None
18590,1291,265,MoveLeft,1731,265,None
18591,1284,265,MoveLeft,1731,265,None
18592,1277,265,MoveLeft,1731,265,None
18593,1270,265,MoveLeft,1731,265,None
18594,1263,265,MoveLeft,1731,265,None
18595,1256,265,MoveLeft,1731,265,None
18596,1249,265,MoveLeft,1731,265,None
18597,1242,265,MoveLeft,1731,265,None
18598,1235,265,MoveLeft,1731,265,None
18599,1228,265,MoveLeft,1731,265,None
18600,1221,265,MoveLeft,1731,265,None
18601,1214,265,MoveLeft,1731,265,None
18602,1207,265,MoveLeft,1731,265,None
18603,1200,265,MoveLeft,1731,265,None
18604,1193,265,MoveLeft,1731,265,None
18605,1186,265,MoveLeft,1731,265,None
18606,1179,265,MoveLeft,1731,265,None
18607,1172,265,MoveLeft,1731,265,None
18608,1165,265,MoveLeft,1731,265,None
18609,1158,265,MoveLeft,1731,265,None
18610,1151,265,MoveLeft,1731,265,None
18611,1144,265,MoveLeft,1731,265,None
18612,1137,265,MoveLeft,1731,265,None
18613,1130,265,MoveLeft,1731,265,None
18614,1123,265,MoveLeft,1731,265,None
18635,1130,265,MoveRight,1731,265,None
18636,1137,265,MoveRight,1731,265,None
18637,1144,265,MoveRight,1731,265,None
18638,1151,265,MoveRight,1731,265,None
18639,1158,265,MoveRight,1731,265,None
18640,1165,265,MoveRight,1731,265,None
18641,1172,265,MoveRight,1731,265,None
18642,1179,265,MoveRight,1731,265,None
18643,1186,265,MoveRight,1731,265,None
18644,1193,265,MoveRight,1731,265,None
18645,1200,265,MoveRight,1731,265,None
18646,1207,265,MoveRight,1731,265,None
18647,1214,265,MoveRight,1731,265,None
18648,1221,265,MoveRight,1731,265,None
18649,1228,265,MoveRight,1731,265,None
18650,1235,265,MoveRight,1731,265,None
18651,1242,265,MoveRight,1731,265,None
18652,1249,265,MoveRight,1731,265,None
18653,1256,265,MoveRight,1731,265,None
18654,1263,265,MoveRight,1731,265,None
18655,1270,265,MoveRight,1731,265,None
18656,1277,265,MoveRight,1731,265,None
18657,1284,265,MoveRight,1731,265,None
18658,1291,265,MoveRight,1731,265,None
18659,1298,265,MoveRight,1731,265,None
18660,1305,265,MoveRight,1731,265,None
18661,1312,265,MoveRight,1731,265,None
18662,1319,265,MoveRight,1731,265,None
18663,1326,265,MoveRight,1731,265,None
18668,1319,265,MoveLeft,1731,265,None
18669,1312,265,MoveLeft,1731,265,None
18670,1305,265,MoveLeft,1731,265,None
18671,1298,265,MoveLeft,1731,265,None
18672,1291,265,MoveLeft,1731,265,None
18673,1284,265,MoveLeft,1731,265,None
18674,1277,265,MoveLeft,1731,265,None
18675,1270,265,MoveLeft,1731,265,None
18676,1263,265,MoveLeft,1731,265,None
18677,1256,265,MoveLeft,1731,265,None
18678,1249,265,MoveLeft,1731,265,None
18679,1242,265,MoveLeft,1731,265,None
18680,1235,265,MoveLeft,1731,265,None
18681,1228,265,MoveLeft,1731,265,None
18682,1221,265,MoveLeft,1731,265,None
18683,1214,265,MoveLeft,1731,265,None
18684,1207,265,MoveLeft,1731,265,None
18685,1200,265,MoveLeft,1731,265,None
18686,1193,265,MoveLeft,1731,265,None
18687,1186,265,MoveLeft,1731,265,None
18688,1179,265,MoveLeft,1731,265,None
18689,1172,265,MoveLeft,1731,265,None
18690,1165,265,MoveLeft,1731,265,None
18691,1158,265,MoveLeft,1731,265,None
18692,1151,265,MoveLeft,1731,265,None
18693,1144,265,MoveLeft,1731,265,None
18694,1137,265,MoveLeft,1731,265,None
18695,1130,265,MoveLeft,1731,265,None
18696,1123,265,MoveLeft,1731,265,None
18698,1130,265,MoveRight,1731,265,None
18699,1137,265,MoveRight,1731,265,None
18700,1144,265,MoveRight,1731,265,None
18701,1151,265,MoveRight,1731,265,None
18702,1158,265,MoveRight,1731,265,None
18703,1165,265,MoveRight,1731,265,None
18704,1172,265,MoveRight,1731,265,None
18705,1179,265,MoveRight,1731,265,None
18706,1186,265,MoveRight,1731,265,None
18707,1193,265,MoveRight,1731,265,None
18708,1200,265,MoveRight,1731,265,None
18709,1207,265,MoveRight,1731,265,None
18710,1214,265,MoveRight,1731,265,None
18711,1221,265,MoveRight,1731,265,None
18712,1228,265,MoveRight,1731,265,None
18713,1235,265,MoveRight,1731,265,None
18714,1242,265,MoveRight,1731,265,None
18715,1249,265,MoveRight,1731,265,None
18716,1256,265,MoveRight,1731,265,None
18717,1263,265,MoveRight,1731,265,None
18718,1270,265,MoveRight,1731,265,None
18719,1277,265,MoveRight,1731,265,None
18720,1284,265,MoveRight,1731,265,None
18721,1291,265,MoveRight,1731,265,None
18722,1298,265,MoveRight,1731,265,None
18723,1305,265,MoveRight,1731,265,None
18724,1312,265,MoveRight,1731,265,None
18725,1319,265,MoveRight,1731,265,None
18726,1326,265,MoveRight,1731,265,None
18762,1326,284.62,None,1731,265,None
18827,1326,284.62,None,1731,265,None
18851,1326,510.25,Spike,1731,265,None
18851,1326,529.87,None,1731,265,None
18852,1326,539.68,None,1724,265,MoveLeft
18853,1326,549.49,None,1717,265,MoveLeft
18854,1326,559.3,None,1710,265,MoveLeft
18855,1326,569.11,None,1703,265,MoveLeft
18856,1326,578.92,None,1696,265,MoveLeft
18857,1326,569.11,None,1689,265,MoveLeft
18858,1326,559.3,None,1682,265,MoveLeft
18859,1326,549.49,None,1675,265,MoveLeft
18860,1326,539.68,None,1668,265,MoveLeft
18861,1326,529.87,None,1661,265,MoveLeft
18880,323,265,MoveLeft,1850,265,None
18881,316,265,MoveLeft,1850,265,None
18882,309,265,MoveLeft,1850,265,None
18883,302,265,MoveLeft,1850,265,None
18884,295,265,MoveLeft,1850,265,None
18885,288,265,MoveLeft,1850,265,None
18886,281,265,MoveLeft,1850,265,None
18887,274,265,MoveLeft,1850,265,None
18888,267,265,MoveLeft,1850,265,None
18889,260,265,MoveLeft,1850,265,None
18890,253,265,MoveLeft,1850,265,None
18891,246,265,MoveLeft,1850,265,None
18892,239,265,MoveLeft,1850,265,None
18893,232,265,MoveLeft,1850,265,None
18894,225,265,MoveLeft,1850,265,None
18895,218,265,MoveLeft,1850,265,None
18896,211,265,MoveLeft,1850,265,None
18897,204,265,MoveLeft,1850,265,None
18898,197,265,MoveLeft,1850,265,None
18905,204,265,MoveRight,1850,265,None
18906,211,265,MoveRight,1850,265,None
18907,218,265,MoveRight,1850,265,None
18908,225,265,MoveRight,1850,265,None
18909,232,265,MoveRight,1850,265,None
18910,239,265,MoveRight,1850,265,None
18911,246,265,MoveRight,1850,265,None
18912,253,265,MoveRight,1850,265,None
18913,260,265,MoveRight,1850,265,None
18914,267,265,MoveRight,1850,265,None
18915,274,265,MoveRight,1850,265,None
18916,281,265,MoveRight,1850,265,None
18917,288,265,MoveRight,1850,265,None
18918,295,265,MoveRight,1850,265,None
18919,302,265,MoveRight,1850,265,None
18920,309,265,MoveRight,1850,265,None
18921,316,265,MoveRight,1850,265,None
18922,323,265,MoveRight,1850,265,None
18923,330,265,MoveRight,1850,265,None
18924,337,265,MoveRight,1850,265,None
18925,344,265,MoveRight,1850,265,None
18926,351,265,MoveRight,1850,265,None
18927,358,265,MoveRight,1850,265,None
18928,365,265,MoveRight,1850,265,None
18929,372,265,MoveRight,1850,265,None
18930,379,265,MoveRight,1850,265,None
18931,386,265,MoveRight,1850,265,None
18932,393,265,MoveRight,1850,265,None
18939,386,265,MoveLeft,1850,265,None
18940,379,265,MoveLeft,1850,265,None
18941,372,265,MoveLeft,1850,265,None
18942,365,265,MoveLeft,1850,265,None
18943,358,265,MoveLeft,1850,265,None
18944,351,265,MoveLeft,1850,265,None
18945,344,265,MoveLeft,1850,265,None
18946,337,265,MoveLeft,1850,265,None
18947,330,265,MoveLeft,1850,265,None
18948,323,265,MoveLeft,1850,265,None
18949,316,265,MoveLeft,1850,265,None
18950,309,265,MoveLeft,1850,265,None
18951,302,265,MoveLeft,1850,265,None
18952,295,265,MoveLeft,1850,265,None
18953,288,265,MoveLeft,1850,265,None
18959,288,265,Serve,1850,265,None
18959,288,265,None,1850,265,None
18960,288,265,None,1843,265,MoveLeft
18979,295,265,MoveRight,1843,265,None
18980,302,265,MoveRight,1843,265,None
18981,309,265,MoveRight,1843,265,None
18982,316,265,MoveRight,1843,265,None
18983,323,265,MoveRight,1843,265,None
18984,330,265,MoveRight,1843,265,None
18985,337,265,MoveRight,1843,265,None
18986,344,265,MoveRight,1843,265,None
18987,351,265,MoveRight,1843,265,None
18988,358,265,MoveRight,1843,265,None
18989,365,265,MoveRight,1843,265,None
18990,372,265,MoveRight,1843,265,None
18991,379,265,MoveRight,1843,265,None
18992,386,265,MoveRight,1843,265,None
18993,393,265,MoveRight,1843,265,None
18994,400,265,MoveRight,1843,265,None
18995,407,265,MoveRight,1843,265,None
18996,414,265,MoveRight,1843,265,None
18997,421,265,MoveRight,1843,265,None
18998,428,265,MoveRight,1843,265,None
18999,435,265,MoveRight,1843,265,None
19000,442,265,MoveRight,1843,265,None
19001,449,265,MoveRight,1843,265,None
19002,456,265,MoveRight,1843,265,None
19003,463,265,MoveRight,1843,265,None
19004,470,265,MoveRight,1843,265,None
19005,477,265,MoveRight,1843,265,None
19006,484,265,MoveRight,1843,265,None
19007,491,265,MoveRight,1843,265,None
19008,498,265,MoveRight,1843,265,None
19009,505,265,MoveRight,1843,265,None
19010,512,265,MoveRight,1843,265,None
19011,519,265,MoveRight,1843,265,None
19012,526,265,MoveRight,1843,265,None
19013,533,265,MoveRight,1843,265,None
19014,540,265,MoveRight,1843,265,None
19015,547,265,MoveRight,1843,265,None
19016,554,265,MoveRight,1843,265,None
19017,561,265,MoveRight,1843,265,None
19018,568,265,MoveRight,1843,265,None
19019,575,265,MoveRight,1843,265,None
19020,582,265,MoveRight,1843,265,None
19021,589,265,MoveRight,1843,265,None
19022,596,265,MoveRight,1843,265,None
19023,603,265,MoveRight,1843,265,None
19024,610,265,MoveRight,1843,265,None
19025,617,265,MoveRight,1843,265,None
19026,624,265,MoveRight,1843,265,None
19027,631,265,MoveRight,1843,265,None
19028,638,265,MoveRight,1843,265,None
19029,645,265,MoveRight,1843,265,None
19030,652,265,MoveRight,1843,265,None
19031,659,265,MoveRight,1843,265,None
19032,666,265,MoveRight,1843,265,None
19033,666,265,None,1843,265,SpikeMedium
19033,673,265,MoveRight,1843,265,None
19033,673,265,None,1843,265,None
19034,680,265,MoveRight,1843,265,None
19035,687,265,MoveRight,1843,265,None
19036,694,265,MoveRight,1843,265,None
19037,701,265,MoveRight,1843,265,None
19038,708,265,MoveRight,1843,265,None
19039,715,265,MoveRight,1843,265,None
19040,722,265,MoveRight,1843,265,None
19041,729,265,MoveRight,1843,265,None
19042,736,265,MoveRight,1843,265,None
19043,743,265,MoveRight,1843,265,None
19044,750,265,MoveRight,1843,265,None
19044,750,265,None,1836,265,MoveLeft
19045,757,265,MoveRight,1836,265,None
19045,757,265,None,1829,265,MoveLeft
19046,764,265,MoveRight,1829,265,None
19046,764,265,None,1822,265,MoveLeft
19047,771,265,MoveRight,1822,265,None
19047,771,265,None,1815,265,MoveLeft
19048,778,265,MoveRight,1815,265,None
19048,778,265,None,1808,265,MoveLeft
19049,785,265,MoveRight,1808,265,None
19049,785,265,None,1801,265,MoveLeft
19050,792,265,MoveRight,1801,265,None
19050,792,265,None,1794,265,MoveLeft
19051,799,265,MoveRight,1794,265,None
19051,799,265,None,1787,265,MoveLeft
19052,799,265,None,1780,265,MoveLeft
19053,799,265,None,1773,265,MoveLeft
19054,799,265,None,1766,265,MoveLeft
19055,799,265,None,1759,265,MoveLeft
19056,799,265,None,1752,265,MoveLeft
19057,799,265,None,1745,265,MoveLeft
19058,799,265,None,1738,265,MoveLeft
19059,799,265,None,1731,265,MoveLeft
19060,799,265,None,1731,265,None
19061,799,265,None,1731,265,None
19062,799,265,None,1731,265,None
19063,799,265,None,1731,265,None
19064,799,265,None,1731,265,None
19065,799,265,None,1731,265,None
19066,799,265,None,1731,265,None
19067,799,265,None,1731,265,None
19068,799,265,None,1731,265,None
19069,799,265,None,1731,265,None
19070,799,265,None,1731,265,None
19071,799,265,None,1731,265,None
19072,799,265,None,1731,265,None
19073,799,265,None,1731,265,None
19074,799,265,None,1731,265,None
19075,799,265,None,1731,265,None
19076,799,265,None,1731,265,None
19077,799,265,None,1731,265,None
19078,799,265,None,1731,265,None
19079,799,265,None,1731,265,None
19080,799,265,None,1731,265,None
19081,799,265,None,1731,265,None
19082,799,265,None,1731,265,None
19083,799,265,None,1731,265,None
19084,799,265,None,1731,265,None
19085,799,265,None,1731,265,None
19086,799,265,None,1731,265,None
19087,799,265,None,1731,265,None
19088,799,265,None,1731,265,None
19089,799,265,None,1731,265,None
19090,799,265,None,1731,265,None
19091,799,265,None,1731,265,None
19092,799,265,None,1731,265,None
19093,806,265,MoveRight,1731,265,None
19093,806,265,None,1731,265,None
19094,813,265,MoveRight,1731,265,None
19094,813,265,None,1731,265,None
19095,820,265,MoveRight,1731,265,None
19095,820,265,None,1731,265,None
19096,827,265,MoveRight,1731,265,None
19096,827,265,None,1731,265,None
19097,834,265,MoveRight,1731,265,None
19097,834,265,None,1731,265,None
19098,841,265,MoveRight,1731,265,None
19098,841,265,None,1731,265,None
19099,848,265,MoveRight,1731,265,None
19099,848,265,None,1731,265,None
19100,855,265,MoveRight,1731,265,None
19100,855,265,None,1731,265,None
19101,862,265,MoveRight,1731,265,None
19101,862,265,None,1731,265,None
19102,963,265,MoveLeft,2410,265,None
19103,956,265,MoveLeft,2410,265,None
19107,949,265,MoveLeft,2410,265,None
19108,942,265,MoveLeft,2410,265,None
19109,935,265,MoveLeft,2410,265,None
19110,928,265,MoveLeft,2410,265,None
19111,921,265,MoveLeft,2410,265,None
19112,914,265,MoveLeft,2410,265,None
19113,907,265,MoveLeft,2410,265,None
19114,900,265,MoveLeft,2410,265,None
19152,900,265,None,2410,265,Serve
19152,900,265,None,2410,265,None
19171,900,265,None,2403,265,MoveLeft
19172,900,265,None,2396,265,MoveLeft
19173,900,265,None,2389,265,MoveLeft
19174,900,265,None,2382,265,MoveLeft
19175,900,265,None,2375,265,MoveLeft
19176,900,265,None,2368,265,MoveLeft
19177,900,265,None,2361,265,MoveLeft
19178,900,265,None,2354,265,MoveLeft
19179,900,265,None,2347,265,MoveLeft
19180,900,265,None,2340,265,MoveLeft
19181,893,265,MoveLeft,2340,265,None
19181,893,265,None,2333,265,MoveLeft
19182,886,265,MoveLeft,2333,265,None
19182,886,265,None,2326,265,MoveLeft
19183,879,265,MoveLeft,2326,265,None
19183,879,265,None,2319,265,MoveLeft
19184,872,265,MoveLeft,2319,265,None
19184,872,265,None,2312,265,MoveLeft
19185,872,265,None,2312,265,None
19185,872,265,None,2305,265,MoveLeft
19186,872,265,None,2305,265,None
19186,872,265,None,2298,265,MoveLeft
19187,872,265,None,2298,265,None
19187,872,265,None,2291,265,MoveLeft
19188,872,265,None,2291,265,None
19188,872,265,None,2284,265,MoveLeft
19189,872,265,None,2284,265,None
19189,872,265,None,2277,265,MoveLeft
19190,872,265,None,2277,265,None
19190,872,265,None,2270,265,MoveLeft
19191,872,265,None,2270,265,None
19191,872,265,None,2263,265,MoveLeft
19192,872,265,None,2263,265,None
19192,872,265,None,2256,265,MoveLeft
19193,872,265,None,2256,265,None
19193,872,265,None,2249,265,MoveLeft
19194,872,265,None,2249,265,None
19194,872,265,None,2242,265,MoveLeft
19195,872,265,None,2242,265,None
19195,872,265,None,2235,265,MoveLeft
19196,872,265,None,2235,265,None
19196,872,265,None,2228,265,MoveLeft
19197,872,265,None,2228,265,None
19197,872,265,None,2221,265,MoveLeft
19198,872,265,None,2221,265,None
19198,872,265,None,2214,265,MoveLeft
19199,872,265,None,2214,265,None
19199,872,265,None,2207,265,MoveLeft
19200,872,265,None,2207,265,None
19200,872,265,None,2200,265,MoveLeft
19201,872,265,None,2200,265,None
19201,872,265,None,2193,265,MoveLeft
19202,872,265,None,2193,265,None
19202,872,265,None,2186,265,MoveLeft
19203,872,265,None,2186,265,None
19203,872,265,None,2179,265,MoveLeft
19204,872,265,None,2179,265,None
19204,872,265,None,2172,265,MoveLeft
19205,872,265,None,2172,265,None
19205,872,265,None,2165,265,MoveLeft
19206,872,265,None,2165,265,None
19206,872,265,None,2158,265,MoveLeft
19207,872,265,None,2158,265,None
19207,872,265,None,2151,265,MoveLeft
19208,872,265,None,2151,265,None
19208,872,265,None,2144,265,MoveLeft
19209,872,265,None,2144,265,None
19209,872,265,None,2137,265,MoveLeft
19210,872,265,None,2137,265,None
19210,872,265,None,2130,265,MoveLeft
19211,872,265,None,2130,265,None
19211,872,265,None,2123,265,MoveLeft
19212,872,265,None,2123,265,None
19212,872,265,None,2116,265,MoveLeft
19213,872,265,None,2116,265,None
19213,872,265,None,2109,265,MoveLeft
19214,872,265,None,2109,265,None
19214,872,265,None,2102,265,MoveLeft
19215,872,265,None,2102,265,None
19215,872,265,None,2095,265,MoveLeft
19216,872,265,None,2095,265,None
19216,872,265,None,2088,265,MoveLeft
19217,872,265,None,2088,265,None
19217,872,265,None,2081,265,MoveLeft
19218,872,265,None,2081,265,None
19218,872,265,None,2074,265,MoveLeft
19219,872,265,None,2074,265,None
19219,872,265,None,2067,265,MoveLeft
19220,872,265,None,2067,265,None
19220,872,265,None,2060,265,MoveLeft
19221,872,265,None,2060,265,None
19221,872,265,None,2053,265,MoveLeft
19222,872,265,None,2053,265,None
19222,872,265,None,2046,265,MoveLeft
19223,872,265,None,2046,265,None
19223,872,265,None,2039,265,MoveLeft
19224,872,265,Bump,2039,265,None
19224,872,265,None,2039,265,None
19224,872,265,None,2032,265,MoveLeft
19225,872,265,None,2025,265,MoveLeft
19226,872,265,None,2018,265,MoveLeft
19227,872,265,None,2011,265,MoveLeft
19228,872,265,None,2004,265,MoveLeft
19229,872,265,None,1997,265,MoveLeft
19230,872,265,None,1990,265,MoveLeft
19231,872,265,None,1983,265,MoveLeft
19232,872,265,None,1976,265,MoveLeft
19233,872,265,None,1969,265,MoveLeft
19234,872,265,None,1962,265,MoveLeft
19235,872,265,None,1955,265,MoveLeft
19236,872,265,None,1948,265,MoveLeft
19237,872,265,None,1941,265,MoveLeft
19238,872,265,None,1934,265,MoveLeft
19239,872,265,None,1927,265,MoveLeft
19240,872,265,None,1920,265,MoveLeft
19241,872,265,None,1913,265,MoveLeft
19242,872,265,None,1906,265,MoveLeft
19243,872,265,None,1899,265,MoveLeft
19244,879,265,MoveRight,1899,265,None
19244,879,265,None,1892,265,MoveLeft
19245,886,265,MoveRight,1892,265,None
19245,886,265,None,1885,265,MoveLeft
19246,893,265,MoveRight,1885,265,None
19246,893,265,None,1878,265,MoveLeft
19247,900,265,MoveRight,1878,265,None
19247,900,265,None,1871,265,MoveLeft
19248,907,265,MoveRight,1871,265,None
19248,907,265,None,1864,265,MoveLeft
19249,914,265,MoveRight,1864,265,None
19249,914,265,None,1857,265,MoveLeft
19250,921,265,MoveRight,1857,265,None
19250,921,265,None,1850,265,MoveLeft
19251,928,265,MoveRight,1850,265,None
19251,928,265,None,1843,265,MoveLeft
19252,935,265,MoveRight,1843,265,None
19252,935,265,None,1836,265,MoveLeft
19253,942,265,MoveRight,1836,265,None
19253,942,265,None,1829,265,MoveLeft
19254,949,265,MoveRight,1829,265,None
19254,949,265,None,1822,265,MoveLeft
19255,956,265,MoveRight,1822,265,None
19255,956,265,None,1815,265,MoveLeft
19256,963,265,MoveRight,1815,265,None
19256,963,265,None,1808,265,MoveLeft
19257,970,265,MoveRight,1808,265,None
19257,970,265,None,1801,265,MoveLeft
19258,977,265,MoveRight,1801,265,None
19258,977,265,None,1794,265,MoveLeft
19259,984,265,MoveRight,1794,265,None
19259,984,265,None,1787,265,MoveLeft
19260,991,265,MoveRight,1787,265,None
19260,991,265,None,1780,265,MoveLeft
19261,998,265,MoveRight,1780,265,None
19261,998,265,None,1773,265,MoveLeft
19262,1005,265,MoveRight,1773,265,None
19262,1005,265,None,1766,265,MoveLeft
19263,1012,265,MoveRight,1766,265,None
19263,1012,265,None,1759,265,MoveLeft
19264,1019,265,MoveRight,1759,265,None
19264,1019,265,None,1752,265,MoveLeft
19265,1026,265,MoveRight,1752,265,None
19265,1026,265,None,1745,265,MoveLeft
19266,1033,265,MoveRight,1745,265,None
19266,1033,265,None,1738,265,MoveLeft
19267,1040,265,MoveRight,1738,265,None
19267,1040,265,None,1731,265,MoveLeft
19268,1047,265,MoveRight,1731,265,None
19269,1054,265,MoveRight,1731,265,None
19270,1061,265,MoveRight,1731,265,None
19271,1068,265,MoveRight,1731,265,None
19272,1075,265,MoveRight,1731,265,None
19273,1082,265,MoveRight,1731,265,None
19274,1089,265,MoveRight,1731,265,None
19275,1096,265,MoveRight,1731,265,None
19276,1103,265,MoveRight,1731,265,None
19277,1110,265,MoveRight,1731,265,None
19278,1117,265,MoveRight,1731,265,None
19279,1124,265,MoveRight,1731,265,None
19280,1131,265,MoveRight,1731,265,None
19281,1138,265,MoveRight,1731,265,None
19282,1145,265,MoveRight,1731,265,None
19283,1152,265,MoveRight,1731,265,None
19284,1159,265,MoveRight,1731,265,None
19285,1166,265,MoveRight,1731,265,None
19286,1173,265,MoveRight,1731,265,None
19287,1180,265,MoveRight,1731,265,None
19288,1187,265,MoveRight,1731,265,None
19289,1194,265,MoveRight,1731,265,None
19290,1201,265,MoveRight,1731,265,None
19291,1208,265,MoveRight,1731,265,None
19292,1215,265,MoveRight,1731,265,None
19293,1222,265,MoveRight,1731,265,None
19294,1229,265,MoveRight,1731,265,None
19295,1236,265,MoveRight,1731,265,None
19296,1243,265,MoveRight,1731,265,None
19297,1250,265,MoveRight,1731,265,None
19298,1257,265,MoveRight,1731,265,None
19299,1264,265,MoveRight,1731,265,None
19300,1271,265,MoveRight,1731,265,None
19305,1271,265,None,1731,265,None
19312,1271,265,None,1724,265,MoveLeft
19320,1271,265,Set,1724,265,None
19320,1271,265,None,1724,265,None
19372,1271,284.62,None,1724,265,None
19432,1271,274.81,None,1724,265,None
19443,1271,284.62,None,1724,265,None
19455,970,284.62,None,2410,265,None
19472,970,461.2,None,2410,265,None
19505,970,372.91,None,2410,265,Serve
19505,970,372.91,None,2410,265,None
19508,966.5,343.48,MoveLeft,2410,265,None
19509,963,333.67,MoveLeft,2410,265,None
19510,959.5,323.86,MoveLeft,2410,265,None
19511,956,314.05,MoveLeft,2410,265,None
19512,952.5,304.24,MoveLeft,2410,265,None
19513,949,294.43,MoveLeft,2410,265,None
19514,945.5,284.62,MoveLeft,2410,265,None
19515,942,274.81,MoveLeft,2410,265,None
19516,935,265,MoveLeft,2410,265,None
19517,928,265,MoveLeft,2410,265,None
19518,921,265,MoveLeft,2410,265,None
19519,914,265,MoveLeft,2410,265,None
19520,907,265,MoveLeft,2410,265,None
19521,900,265,MoveLeft,2410,265,None
19522,893,265,MoveLeft,2410,265,None
19523,886,265,MoveLeft,2410,265,None
19524,879,265,MoveLeft,2410,265,None
19524,879,265,None,2403,265,MoveLeft
19525,872,265,MoveLeft,2403,265,None
19525,872,265,None,2396,265,MoveLeft
19526,865,265,MoveLeft,2396,265,None
19526,865,265,None,2389,265,MoveLeft
19527,858,265,MoveLeft,2389,265,None
19527,858,265,None,2382,265,MoveLeft
19528,851,265,MoveLeft,2382,265,None
19528,851,265,None,2375,265,MoveLeft
19529,844,265,MoveLeft,2375,265,None
19529,844,265,None,2368,265,MoveLeft
19530,837,265,MoveLeft,2368,265,None
19530,837,265,None,2361,265,MoveLeft
19531,830,265,MoveLeft,2361,265,None
19531,830,265,None,2354,265,MoveLeft
19532,823,265,MoveLeft,2354,265,None
19532,823,265,None,2347,265,MoveLeft
19533,816,265,MoveLeft,2347,265,None
19533,816,265,None,2340,265,MoveLeft
19534,809,265,MoveLeft,2340,265,None
19534,809,265,None,2333,265,MoveLeft
19535,809,265,None,2326,265,MoveLeft
19536,809,265,None,2319,265,MoveLeft
19537,816,265,MoveRight,2319,265,None
19537,816,265,None,2312,265,MoveLeft
19538,823,265,MoveRight,2312,265,None
19538,823,265,None,2305,265,MoveLeft
19539,830,265,MoveRight,2305,265,None
19539,830,265,None,2298,265,MoveLeft
19540,837,265,MoveRight,2298,265,None
19540,837,265,None,2291,265,MoveLeft
19541,844,265,MoveRight,2291,265,None
19541,844,265,None,2284,265,MoveLeft
19542,851,265,MoveRight,2284,265,None
19542,851,265,None,2277,265,MoveLeft
19543,858,265,MoveRight,2277,265,None
19543,858,265,None,2270,265,MoveLeft
19544,865,265,MoveRight,2270,265,None
19544,865,265,None,2263,265,MoveLeft
19545,872,265,MoveRight,2263,265,None
19545,872,265,None,2256,265,MoveLeft
19546,879,265,MoveRight,2256,265,None
19546,879,265,None,2249,265,MoveLeft
19547,886,265,MoveRight,2249,265,None
19547,886,265,None,2242,265,MoveLeft
19548,886,265,None,2235,265,MoveLeft
19549,886,265,None,2228,265,MoveLeft
19550,886,265,None,2221,265,MoveLeft
19551,886,265,None,2214,265,MoveLeft
19552,886,265,None,2207,265,MoveLeft
19553,886,265,None,2200,265,MoveLeft
19554,886,265,None,2193,265,MoveLeft
19555,886,265,None,2186,265,MoveLeft
19556,886,265,None,2179,265,MoveLeft
19557,886,265,None,2172,265,MoveLeft
19558,886,265,None,2165,265,MoveLeft
19559,886,265,None,2158,265,MoveLeft
19560,886,265,None,2151,265,MoveLeft
19561,886,265,None,2144,265,MoveLeft
19562,879,265,MoveLeft,2144,265,None
19562,879,265,None,2137,265,MoveLeft
19563,872,265,MoveLeft,2137,265,None
19563,872,265,None,2130,265,MoveLeft
19564,872,265,None,2130,265,None
19564,872,265,None,2123,265,MoveLeft
19565,872,265,None,2123,265,None
19565,872,265,None,2116,265,MoveLeft
19566,872,265,None,2116,265,None
19566,872,265,None,2109,265,MoveLeft
19567,872,265,None,2109,265,None
19567,872,265,None,2102,265,MoveLeft
19568,872,265,None,2102,265,None
19568,872,265,None,2095,265,MoveLeft
19569,872,265,None,2095,265,None
19569,872,265,None,2088,265,MoveLeft
19570,872,265,None,2088,265,None
19570,872,265,None,2081,265,MoveLeft
19571,872,265,None,2081,265,None
19571,872,265,None,2074,265,MoveLeft
19572,872,265,None,2074,265,None
19572,872,265,None,2067,265,MoveLeft
19573,872,265,None,2067,265,None
19573,872,265,None,2060,265,MoveLeft
19574,872,265,None,2060,265,None
19574,872,265,None,2053,265,MoveLeft
19575,872,265,None,2053,265,None
19575,872,265,None,2046,265,MoveLeft
19576,872,265,None,2046,265,None
19576,872,265,None,2039,265,MoveLeft
19577,872,265,Bump,2039,265,None
19577,872,265,None,2039,265,None
19577,872,265,None,2032,265,MoveLeft
19578,872,265,None,2025,265,MoveLeft
19579,872,265,None,2018,265,MoveLeft
19580,872,265,None,2011,265,MoveLeft
19581,872,265,None,2004,265,MoveLeft
19582,872,265,None,1997,265,MoveLeft
19583,872,265,None,1990,265,MoveLeft
19584,872,265,None,1983,265,MoveLeft
19585,872,265,None,1976,265,MoveLeft
19586,872,265,None,1969,265,MoveLeft
19587,872,265,None,1962,265,MoveLeft
19588,872,265,None,1955,265,MoveLeft
19589,872,265,None,1948,265,MoveLeft
19590,872,265,None,1941,265,MoveLeft
19591,872,265,None,1934,265,MoveLeft
19592,872,265,None,1927,265,MoveLeft
19593,872,265,None,1920,265,MoveLeft
19594,872,265,None,1913,265,MoveLeft
19595,872,265,None,1906,265,MoveLeft
19596,879,265,MoveRight,1906,265,None
19596,879,265,None,1899,265,MoveLeft
19597,886,265,MoveRight,1899,265,None
19597,886,265,None,1892,265,MoveLeft
19598,893,265,MoveRight,1892,265,None
19598,893,265,None,1885,265,MoveLeft
19599,900,265,MoveRight,1885,265,None
19599,900,265,None,1878,265,MoveLeft
19600,907,265,MoveRight,1878,265,None
19600,907,265,None,1871,265,MoveLeft
19601,914,265,MoveRight,1871,265,None
19601,914,265,None,1864,265,MoveLeft
19602,921,265,MoveRight,1864,265,None
19602,921,265,None,1857,265,MoveLeft
19603,928,265,MoveRight,1857,265,None
19603,928,265,None,1850,265,MoveLeft
19604,935,265,MoveRight,1850,265,None
19604,935,265,None,1843,265,MoveLeft
19605,942,265,MoveRight,1843,265,None
19605,942,265,None,1836,265,MoveLeft
19606,949,265,MoveRight,1836,265,None
19606,949,265,None,1829,265,MoveLeft
19607,956,265,MoveRight,1829,265,None
19607,956,265,None,1822,265,MoveLeft
19608,963,265,MoveRight,1822,265,None
19608,963,265,None,1815,265,MoveLeft
19609,970,265,MoveRight,1815,265,None
19609,970,265,None,1808,265,MoveLeft
19610,977,265,MoveRight,1808,265,None
19610,977,265,None,1801,265,MoveLeft
19611,984,265,MoveRight,1801,265,None
19611,984,265,None,1794,265,MoveLeft
19612,991,265,MoveRight,1794,265,None
19612,991,265,None,1787,265,MoveLeft
19613,998,265,MoveRight,1787,265,None
19613,998,265,None,1780,265,MoveLeft
19614,1005,265,MoveRight,1780,265,None
19614,1005,265,None,1773,265,MoveLeft
19615,1012,265,MoveRight,1773,265,None
19615,1012,265,None,1766,265,MoveLeft
19616,1019,265,MoveRight,1766,265,None
19616,1019,265,None,1759,265,MoveLeft
19617,1026,265,MoveRight,1759,265,None
19617,1026,265,None,1752,265,MoveLeft
19618,1033,265,MoveRight,1752,265,None
19618,1033,265,None,1745,265,MoveLeft
19619,1040,265,MoveRight,1745,265,None
19619,1040,265,None,1738,265,MoveLeft
19620,1047,265,MoveRight,1738,265,None
19620,1047,265,None,1731,265,MoveLeft
19621,1054,265,MoveRight,1731,265,None
19622,1061,265,MoveRight,1731,265,None
19623,1068,265,MoveRight,1731,265,None
19624,1075,265,MoveRight,1731,265,None
19625,1082,265,MoveRight,1731,265,None
19626,1089,265,MoveRight,1731,265,None
19627,1096,265,MoveRight,1731,265,None
19628,1103,265,MoveRight,1731,265,None
19629,1110,265,MoveRight,1731,265,None
19630,1117,265,MoveRight,1731,265,None
19631,1124,265,MoveRight,1731,265,None
19632,1131,265,MoveRight,1731,265,None
19633,1138,265,MoveRight,1731,265,None
19634,1145,265,MoveRight,1731,265,None
19635,1152,265,MoveRight,1731,265,None
19636,1159,265,MoveRight,1731,265,None
19637,1166,265,MoveRight,1731,265,None
19638,1173,265,MoveRight,1731,265,None
19639,1180,265,MoveRight,1731,265,None
19640,1187,265,MoveRight,1731,265,None
19641,1194,265,MoveRight,1731,265,None
19642,1201,265,MoveRight,1731,265,None
19643,1208,265,MoveRight,1731,265,None
19644,1215,265,MoveRight,1731,265,None
19645,1222,265,MoveRight,1731,265,None
19646,1229,265,MoveRight,1731,265,None
19647,1236,265,MoveRight,1731,265,None
19648,1243,265,MoveRight,1731,265,None
19649,1250,265,MoveRight,1731,265,None
19650,1257,265,MoveRight,1731,265,None
19651,1264,265,MoveRight,1731,265,None
19652,1271,265,MoveRight,1731,265,None
19653,1278,265,MoveRight,1731,265,None
19654,1285,265,MoveRight,1731,265,None
19655,1292,265,MoveRight,1731,265,None
19656,1299,265,MoveRight,1731,265,None
19657,1306,265,MoveRight,1731,265,None
19658,1313,265,MoveRight,1731,265,None
19659,1320,265,MoveRight,1731,265,None
19665,1326,265,None,1724,265,MoveLeft
19693,1322.5,520.06,MoveLeft,1724,265,None
19694,1319,529.87,MoveLeft,1724,265,None
19695,1315.5,539.68,MoveLeft,1724,265,None
19696,1312,549.49,MoveLeft,1724,265,None
19697,1308.5,559.3,MoveLeft,1724,265,None
19698,1305,569.11,MoveLeft,1724,265,None
19699,1301.5,578.92,MoveLeft,1724,265,None
19700,1298,569.11,MoveLeft,1724,265,None
19701,1294.5,559.3,MoveLeft,1724,265,None
19702,1291,549.49,MoveLeft,1724,265,None
19703,1287.5,539.68,MoveLeft,1724,265,None
19704,1284,529.87,MoveLeft,1724,265,None
19705,1280.5,520.06,MoveLeft,1724,265,None
19706,1277,510.25,MoveLeft,1724,265,None
19707,1273.5,500.44,MoveLeft,1724,265,None
19708,1270,490.63,MoveLeft,1724,265,None
19709,1266.5,480.82,MoveLeft,1724,265,None
19710,1263,471.01,MoveLeft,1724,265,None
19711,1259.5,461.2,MoveLeft,1724,265,None
19712,1256,451.39,MoveLeft,1724,265,None
19713,1252.5,441.58,MoveLeft,1724,265,None
19714,1249,431.77,MoveLeft,1724,265,None
19715,1245.5,421.96,MoveLeft,1724,265,None
19716,1245.5,412.15,Set,1724,265,None
19716,1242,412.15,MoveLeft,1724,265,None
19729,1238.5,284.62,MoveLeft,1724,265,None
19730,1235,274.81,MoveLeft,1724,265,None
19731,1228,265,MoveLeft,1724,265,None
19732,1221,265,MoveLeft,1724,265,None
19733,1214,265,MoveLeft,1724,265,None
19734,1207,265,MoveLeft,1724,265,None
19735,1200,265,MoveLeft,1724,265,None
19736,1193,265,MoveLeft,1724,265,None
19737,1186,265,MoveLeft,1724,265,None
19738,1179,265,MoveLeft,1724,265,None
19739,1172,265,MoveLeft,1724,265,None
19748,1165,265,MoveLeft,1724,265,None
19749,1158,265,MoveLeft,1724,265,None
19750,1151,265,MoveLeft,1724,265,None
19751,1144,265,MoveLeft,1724,265,None
19752,1137,265,MoveLeft,1724,265,None
19753,1130,265,MoveLeft,1724,265,None
19754,1123,265,MoveLeft,1724,265,None
19755,1116,265,MoveLeft,1724,265,None
19756,1109,265,MoveLeft,1724,265,None
19757,1102,265,MoveLeft,1724,265,None
19758,1095,265,MoveLeft,1724,265,None
19784,1095,284.62,None,1724,265,None
19814,1095,569.11,None,1724,265,None
19825,1095,461.2,None,1724,265,None
19835,1095,363.1,None,1724,265,None
19845,1095,284.62,None,1724,265,None
19855,970,314.05,None,2410,265,None
19903,970,265,None,2410,265,Serve
19903,970,265,None,2410,265,None
19915,963,265,MoveLeft,2410,265,None
19916,956,265,MoveLeft,2410,265,None
19917,949,265,MoveLeft,2410,265,None
19918,942,265,MoveLeft,2410,265,None
19919,935,265,MoveLeft,2410,265,None
19920,928,265,MoveLeft,2410,265,None
19921,921,265,MoveLeft,2410,265,None
19922,914,265,MoveLeft,2410,265,None
19922,914,265,None,2403,265,MoveLeft
19923,907,265,MoveLeft,2403,265,None
19923,907,265,None,2396,265,MoveLeft
19924,900,265,MoveLeft,2396,265,None
19924,900,265,None,2389,265,MoveLeft
19925,893,265,MoveLeft,2389,265,None
19925,893,265,None,2382,265,MoveLeft
19926,886,265,MoveLeft,2382,265,None
19926,886,265,None,2375,265,MoveLeft
19927,886,265,None,2368,265,MoveLeft
19928,886,265,None,2361,265,MoveLeft
19929,886,265,None,2354,265,MoveLeft
19930,886,265,None,2347,265,MoveLeft
19931,886,265,None,2340,265,MoveLeft
19932,886,265,None,2333,265,MoveLeft
19933,886,265,None,2326,265,MoveLeft
19934,893,265,MoveRight,2326,265,None
19934,893,265,None,2319,265,MoveLeft
19935,900,265,MoveRight,2319,265,None
19935,900,265,None,2312,265,MoveLeft
19936,907,265,MoveRight,2312,265,None
19936,907,265,None,2305,265,MoveLeft
19937,914,265,MoveRight,2305,265,None
19937,914,265,None,2298,265,MoveLeft
19938,921,265,MoveRight,2298,265,None
19938,921,265,None,2291,265,MoveLeft
19939,928,265,MoveRight,2291,265,None
19939,928,265,None,2284,265,MoveLeft
19940,935,265,MoveRight,2284,265,None
19940,935,265,None,2277,265,MoveLeft
19941,942,265,MoveRight,2277,265,None
19941,942,265,None,2270,265,MoveLeft
19942,942,265,None,2263,265,MoveLeft
19943,942,265,None,2256,265,MoveLeft
19944,942,265,None,2249,265,MoveLeft
19945,942,265,None,2242,265,MoveLeft
19946,942,265,None,2235,265,MoveLeft
19947,935,265,MoveLeft,2235,265,None
19947,935,265,None,2228,265,MoveLeft
19948,928,265,MoveLeft,2228,265,None
19948,928,265,None,2221,265,MoveLeft
19949,921,265,MoveLeft,2221,265,None
19949,921,265,None,2214,265,MoveLeft
19950,914,265,MoveLeft,2214,265,None
19950,914,265,None,2207,265,MoveLeft
19951,907,265,MoveLeft,2207,265,None
19951,907,265,None,2200,265,MoveLeft
19952,900,265,MoveLeft,2200,265,None
19952,900,265,None,2193,265,MoveLeft
19953,893,265,MoveLeft,2193,265,None
19953,893,265,None,2186,265,MoveLeft
19954,886,265,MoveLeft,2186,265,None
19954,886,265,None,2179,265,MoveLeft
19955,879,265,MoveLeft,2179,265,None
19955,879,265,None,2172,265,MoveLeft
19956,872,265,MoveLeft,2172,265,None
19956,872,265,None,2165,265,MoveLeft
19957,872,265,None,2165,265,None
19957,872,265,None,2158,265,MoveLeft
19958,872,265,None,2158,265,None
19958,872,265,None,2151,265,MoveLeft
19959,872,265,None,2151,265,None
19959,872,265,None,2144,265,MoveLeft
19960,872,265,None,2144,265,None
19960,872,265,None,2137,265,MoveLeft
19961,872,265,None,2137,265,None
19961,872,265,None,2130,265,MoveLeft
19962,872,265,None,2130,265,None
19962,872,265,None,2123,265,MoveLeft
19963,872,265,None,2123,265,None
19963,872,265,None,2116,265,MoveLeft
19964,872,265,None,2116,265,None
19964,872,265,None,2109,265,MoveLeft
19965,872,265,None,2109,265,None
19965,872,265,None,2102,265,MoveLeft
19966,872,265,None,2102,265,None
19966,872,265,None,2095,265,MoveLeft
19967,872,265,None,2095,265,None
19967,872,265,None,2088,265,MoveLeft
19968,872,265,None,2088,265,None
19968,872,265,None,2081,265,MoveLeft
19969,872,265,None,2081,265,None
19969,872,265,None,2074,265,MoveLeft
19970,872,265,None,2074,265,None
19970,872,265,None,2067,265,MoveLeft
19971,872,265,None,2067,265,None
19971,872,265,None,2060,265,MoveLeft
19972,872,265,None,2060,265,None
19972,872,265,None,2053,265,MoveLeft
19973,872,265,None,2053,265,None
19973,872,265,None,2046,265,MoveLeft
19974,872,265,None,2046,265,None
19974,872,265,None,2039,265,MoveLeft
19975,872,265,Bump,2039,265,None
19975,872,265,None,2039,265,None
19975,872,265,None,2032,265,MoveLeft
19976,872,265,None,2025,265,MoveLeft
19977,872,265,None,2018,265,MoveLeft
19978,872,265,None,2011,265,MoveLeft
19979,872,265,None,2004,265,MoveLeft
19980,872,265,None,1997,265,MoveLeft
19981,872,265,None,1990,265,MoveLeft
19982,872,265,None,1983,265,MoveLeft
19983,872,265,None,1976,265,MoveLeft
19984,872,265,None,1969,265,MoveLeft
19985,872,265,None,1962,265,MoveLeft
19986,872,265,None,1955,265,MoveLeft
19987,872,265,None,1948,265,MoveLeft
19988,872,265,None,1941,265,MoveLeft
19989,872,265,None,1934,265,MoveLeft
19990,872,265,None,1927,265,MoveLeft
19991,872,265,None,1920,265,MoveLeft
19992,872,265,None,1913,265,MoveLeft
19993,872,265,None,1906,265,MoveLeft
19994,872,265,None,1899,265,MoveLeft
19995,879,265,MoveRight,1899,265,None
19995,879,265,None,1892,265,MoveLeft
19996,886,265,MoveRight,1892,265,None
19996,886,265,None,1885,265,MoveLeft
19997,893,265,MoveRight,1885,265,None
19997,893,265,None,1878,265,MoveLeft
19998,900,265,MoveRight,1878,265,None
19998,900,265,None,1871,265,MoveLeft
19999,907,265,MoveRight,1871,265,None
19999,907,265,None,1864,265,MoveLeft
20000,914,265,MoveRight,1864,265,None
20000,914,265,None,1857,265,MoveLeft
20001,921,265,MoveRight,1857,265,None
20001,921,265,None,1850,265,MoveLeft
20002,928,265,MoveRight,1850,265,None
20002,928,265,None,1843,265,MoveLeft
20003,935,265,MoveRight,1843,265,None
20003,935,265,None,1836,265,MoveLeft
20004,942,265,MoveRight,1836,265,None
20004,942,265,None,1829,265,MoveLeft
20005,949,265,MoveRight,1829,265,None
20005,949,265,None,1822,265,MoveLeft
20006,956,265,MoveRight,1822,265,None
20006,956,265,None,1815,265,MoveLeft
20007,963,265,MoveRight,1815,265,None
20007,963,265,None,1808,265,MoveLeft
20008,970,265,MoveRight,1808,265,None
20008,970,265,None,1801,265,MoveLeft
20009,977,265,MoveRight,1801,265,None
20009,977,265,None,1794,265,MoveLeft
20010,984,265,MoveRight,1794,265,None
20010,984,265,None,1787,265,MoveLeft
20011,991,265,MoveRight,1787,265,None
20011,991,265,None,1780,265,MoveLeft
20012,998,265,MoveRight,1780,265,None
20012,998,265,None,1773,265,MoveLeft
20013,1005,265,MoveRight,1773,265,None
20013,1005,265,None,1766,265,MoveLeft
20014,1012,265,MoveRight,1766,265,None
20014,1012,265,None,1759,265,MoveLeft
20015,1019,265,MoveRight,1759,265,None
20015,1019,265,None,1752,265,MoveLeft
20016,1026,265,MoveRight,1752,265,None
20016,1026,265,None,1745,265,MoveLeft
20017,1033,265,MoveRight,1745,265,None
20017,1033,265,None,1738,265,MoveLeft
20018,1040,265,MoveRight,1738,265,None
20018,1040,265,None,1731,265,MoveLeft
20019,1047,265,MoveRight,1731,265,None
20020,1054,265,MoveRight,1731,265,None
20021,1061,265,MoveRight,1731,265,None
20022,1068,265,MoveRight,1731,265,None
20023,1075,265,MoveRight,1731,265,None
20024,1082,265,MoveRight,1731,265,None
20025,1089,265,MoveRight,1731,265,None
20026,1096,265,MoveRight,1731,265,None
20027,1103,265,MoveRight,1731,265,None
20028,1110,265,MoveRight,1731,265,None
20029,1117,265,MoveRight,1731,265,None
20030,1124,265,MoveRight,1731,265,None
20031,1131,265,MoveRight,1731,265,None
20032,1138,265,MoveRight,1731,265,None
20033,1145,265,MoveRight,1731,265,None
20034,1152,265,MoveRight,1731,265,None
20035,1159,265,MoveRight,1731,265,None
20036,1166,265,MoveRight,1731,265,None
20037,1173,265,MoveRight,1731,265,None
20038,1180,265,MoveRight,1731,265,None
20039,1187,265,MoveRight,1731,265,None
20040,1194,265,MoveRight,1731,265,None
20041,1201,265,MoveRight,1731,265,None
20042,1208,265,MoveRight,1731,265,None
20043,1215,265,MoveRight,1731,265,None
20044,1222,265,MoveRight,1731,265,None
20045,1229,265,MoveRight,1731,265,None
20046,1236,265,MoveRight,1731,265,None
20047,1243,265,MoveRight,1731,265,None
20048,1250,265,MoveRight,1731,265,None
20049,1257,265,MoveRight,1731,265,None
20050,1264,265,MoveRight,1731,265,None
20063,1264,265,None,1724,265,MoveLeft
20081,1257,265,MoveLeft,1724,265,None
20082,1250,265,MoveLeft,1724,265,None
20083,1243,265,MoveLeft,1724,265,None
20084,1236,265,MoveLeft,1724,265,None
20085,1229,265,MoveLeft,1724,265,None
20086,1222,265,MoveLeft,1724,265,None
20087,1215,265,MoveLeft,1724,265,None
20088,1208,265,MoveLeft,1724,265,None
20089,1201,265,MoveLeft,1724,265,None
20090,1194,265,MoveLeft,1724,265,None
20091,1187,265,MoveLeft,1724,265,None
20092,1180,265,MoveLeft,1724,265,None
20093,1173,265,MoveLeft,1724,265,None
20094,1166,265,MoveLeft,1724,265,None
20095,1159,265,MoveLeft,1724,265,None
20096,1152,265,MoveLeft,1724,265,None
20097,1145,265,MoveLeft,1724,265,None
20098,1138,265,MoveLeft,1724,265,None
20099,1131,265,MoveLeft,1724,265,None
20105,1131,265,Set,1724,265,None
20105,1131,265,None,1724,265,None
20133,1124,265,MoveLeft,1724,265,None
20134,1117,265,MoveLeft,1724,265,None
20135,1110,265,MoveLeft,1724,265,None
20136,1103,265,MoveLeft,1724,265,None
20137,1096,265,MoveLeft,1724,265,None
20138,1089,265,MoveLeft,1724,265,None
20139,1082,265,MoveLeft,1724,265,None
20140,1075,265,MoveLeft,1724,265,None
20141,1068,265,MoveLeft,1724,265,None
20142,1061,265,MoveLeft,1724,265,None
20161,1068,265,MoveRight,1724,265,None
20162,1075,265,MoveRight,1724,265,None
20163,1082,265,MoveRight,1724,265,None
20164,1089,265,MoveRight,1724,265,None
20165,1096,265,MoveRight,1724,265,None
20166,1103,265,MoveRight,1724,265,None
20167,1110,265,MoveRight,1724,265,None
20168,1117,265,MoveRight,1724,265,None
20169,1124,265,MoveRight,1724,265,None
20182,1124,284.62,None,1724,265,None
20205,1124,520.06,None,1724,265,None
20214,1124,549.49,None,1724,265,None
20226,1124,431.77,None,1724,265,None
20289,970,265,None,2410,265,Serve
20289,970,265,None,2410,265,None
20309,970,265,None,2403,265,MoveLeft
20310,970,265,None,2396,265,MoveLeft
20311,970,265,None,2389,265,MoveLeft
20312,970,265,None,2382,265,MoveLeft
20313,970,265,None,2375,265,MoveLeft
20314,970,265,None,2368,265,MoveLeft
20315,970,265,None,2361,265,MoveLeft
20316,970,265,None,2354,265,MoveLeft
20317,970,265,None,2347,265,MoveLeft
20318,970,265,None,2340,265,MoveLeft
20319,970,265,None,2333,265,MoveLeft
20320,970,265,None,2326,265,MoveLeft
20321,970,265,None,2319,265,MoveLeft
20322,970,265,None,2312,265,MoveLeft
20323,970,265,None,2305,265,MoveLeft
20324,970,265,None,2298,265,MoveLeft
20325,970,265,None,2291,265,MoveLeft
20326,970,265,None,2284,265,MoveLeft
20327,970,265,None,2277,265,MoveLeft
20328,970,265,None,2270,265,MoveLeft
20329,970,265,None,2263,265,MoveLeft
20330,963,265,MoveLeft,2263,265,None
20330,963,265,None,2256,265,MoveLeft
20331,956,265,MoveLeft,2256,265,None
20331,956,265,None,2249,265,MoveLeft
20332,949,265,MoveLeft,2249,265,None
20332,949,265,None,2242,265,MoveLeft
20333,942,265,MoveLeft,2242,265,None
20333,942,265,None,2235,265,MoveLeft
20334,935,265,MoveLeft,2235,265,None
20334,935,265,None,2228,265,MoveLeft
20335,928,265,MoveLeft,2228,265,None
20335,928,265,None,2221,265,MoveLeft
20336,921,265,MoveLeft,2221,265,None
20336,921,265,None,2214,265,MoveLeft
20337,914,265,MoveLeft,2214,265,None
20337,914,265,None,2207,265,MoveLeft
20338,907,265,MoveLeft,2207,265,None
20338,907,265,None,2200,265,MoveLeft
20339,900,265,MoveLeft,2200,265,None
20339,900,265,None,2193,265,MoveLeft
20340,893,265,MoveLeft,2193,265,None
20340,893,265,None,2186,265,MoveLeft
20341,886,265,MoveLeft,2186,265,None
20341,886,265,None,2179,265,MoveLeft
20342,879,265,MoveLeft,2179,265,None
20342,879,265,None,2172,265,MoveLeft
20343,872,265,MoveLeft,2172,265,None
20343,872,265,None,2165,265,MoveLeft
20344,872,265,None,2165,265,None
20344,872,265,None,2158,265,MoveLeft
20345,872,265,None,2158,265,None
20345,872,265,None,2151,265,MoveLeft
20346,872,265,None,2151,265,None
20346,872,265,None,2144,265,MoveLeft
20347,872,265,None,2144,265,None
20347,872,265,None,2137,265,MoveLeft
20348,872,265,None,2137,265,None
20348,872,265,None,2130,265,MoveLeft
20349,872,265,None,2130,265,None
20349,872,265,None,2123,265,MoveLeft
20350,872,265,None,2123,265,None
20350,872,265,None,2116,265,MoveLeft
20351,872,265,None,2116,265,None
20351,872,265,None,2109,265,MoveLeft
20352,872,265,None,2109,265,None
20352,872,265,None,2102,265,MoveLeft
20353,872,265,None,2102,265,None
20353,872,265,None,2095,265,MoveLeft
20354,872,265,None,2095,265,None
20354,872,265,None,2088,265,MoveLeft
20355,872,265,None,2088,265,None
20355,872,265,None,2081,265,MoveLeft
20356,872,265,None,2081,265,None
20356,872,265,None,2074,265,MoveLeft
20357,872,265,None,2074,265,None
20357,872,265,None,2067,265,MoveLeft
20358,872,265,None,2067,265,None
20358,872,265,None,2060,265,MoveLeft
20359,872,265,None,2060,265,None
20359,872,265,None,2053,265,MoveLeft
20360,872,265,None,2053,265,None
20360,872,265,None,2046,265,MoveLeft
20361,872,265,Bump,2046,265,None
20361,872,265,None,2046,265,None
20361,872,265,None,2039,265,MoveLeft
20362,872,265,None,2032,265,MoveLeft
20363,872,265,None,2025,265,MoveLeft
20364,872,265,None,2018,265,MoveLeft
20365,872,265,None,2011,265,MoveLeft
20366,872,265,None,2004,265,MoveLeft
20367,872,265,None,1997,265,MoveLeft
20368,872,265,None,1990,265,MoveLeft
20369,872,265,None,1983,265,MoveLeft
20370,872,265,None,1976,265,MoveLeft
20371,872,265,None,1969,265,MoveLeft
20372,872,265,None,1962,265,MoveLeft
20373,872,265,None,1955,265,MoveLeft
20374,872,265,None,1948,265,MoveLeft
20375,872,265,None,1941,265,MoveLeft
20376,872,265,None,1934,265,MoveLeft
20377,872,265,None,1927,265,MoveLeft
20378,872,265,None,1920,265,MoveLeft
20379,872,265,None,1913,265,MoveLeft
20380,872,265,None,1906,265,MoveLeft
20381,879,265,MoveRight,1906,265,None
20381,879,265,None,1899,265,MoveLeft
20382,886,265,MoveRight,1899,265,None
20382,886,265,None,1892,265,MoveLeft
20383,893,265,MoveRight,1892,265,None
20383,893,265,None,1885,265,MoveLeft
20384,900,265,MoveRight,1885,265,None
20384,900,265,None,1878,265,MoveLeft
20385,907,265,MoveRight,1878,265,None
20385,907,265,None,1871,265,MoveLeft
20386,914,265,MoveRight,1871,265,None
20386,914,265,None,1864,265,MoveLeft
20387,921,265,MoveRight,1864,265,None
20387,921,265,None,1857,265,MoveLeft
20388,928,265,MoveRight,1857,265,None
20388,928,265,None,1850,265,MoveLeft
20389,935,265,MoveRight,1850,265,None
20389,935,265,None,1843,265,MoveLeft
20390,942,265,MoveRight,1843,265,None
20390,942,265,None,1836,265,MoveLeft
20391,949,265,MoveRight,1836,265,None
20391,949,265,None,1829,265,MoveLeft
20392,956,265,MoveRight,1829,265,None
20392,956,265,None,1822,265,MoveLeft
20393,963,265,MoveRight,1822,265,None
20393,963,265,None,1815,265,MoveLeft
20394,970,265,MoveRight,1815,265,None
20394,970,265,None,1808,265,MoveLeft
20395,977,265,MoveRight,1808,265,None
20395,977,265,None,1801,265,MoveLeft
20396,984,265,MoveRight,1801,265,None
20396,984,265,None,1794,265,MoveLeft
20397,991,265,MoveRight,1794,265,None
20397,991,265,None,1787,265,MoveLeft
20398,998,265,MoveRight,1787,265,None
20398,998,265,None,1780,265,MoveLeft
20399,1005,265,MoveRight,1780,265,None
20399,1005,265,None,1773,265,MoveLeft
20400,1012,265,MoveRight,1773,265,None
20400,1012,265,None,1766,265,MoveLeft
20401,1019,265,MoveRight,1766,265,None
20401,1019,265,None,1759,265,MoveLeft
20402,1026,265,MoveRight,1759,265,None
20402,1026,265,None,1752,265,MoveLeft
20403,1033,265,MoveRight,1752,265,None
20403,1033,265,None,1745,265,MoveLeft
20404,1040,265,MoveRight,1745,265,None
20404,1040,265,None,1738,265,MoveLeft
20405,1047,265,MoveRight,1738,265,None
20405,1047,265,None,1731,265,MoveLeft
20406,1054,265,MoveRight,1731,265,None
20407,1061,265,MoveRight,1731,265,None
20408,1068,265,MoveRight,1731,265,None
20409,1075,265,MoveRight,1731,265,None
20410,1082,265,MoveRight,1731,265,None
20411,1089,265,MoveRight,1731,265,None
20412,1096,265,MoveRight,1731,265,None
20413,1103,265,MoveRight,1731,265,None
20414,1110,265,MoveRight,1731,265,None
20415,1117,265,MoveRight,1731,265,None
20416,1124,265,MoveRight,1731,265,None
20417,1131,265,MoveRight,1731,265,None
20418,1138,265,MoveRight,1731,265,None
20419,1145,265,MoveRight,1731,265,None
20420,1152,265,MoveRight,1731,265,None
20421,1159,265,MoveRight,1731,265,None
20422,1166,265,MoveRight,1731,265,None
20423,1173,265,MoveRight,1731,265,None
20424,1180,265,MoveRight,1731,265,None
20425,1187,265,MoveRight,1731,265,None
20426,1194,265,MoveRight,1731,265,None
20427,1201,265,MoveRight,1731,265,None
20428,1208,265,MoveRight,1731,265,None
20429,1215,265,MoveRight,1731,265,None
20430,1222,265,MoveRight,1731,265,None
20431,1229,265,MoveRight,1731,265,None
20432,1236,265,MoveRight,1731,265,None
20433,1243,265,MoveRight,1731,265,None
20434,1250,265,MoveRight,1731,265,None
20449,1250,265,None,1724,265,MoveLeft
20462,1243,265,MoveLeft,1724,265,None
20463,1236,265,MoveLeft,1724,265,None
20464,1229,265,MoveLeft,1724,265,None
20465,1222,265,MoveLeft,1724,265,None
20466,1215,265,MoveLeft,1724,265,None
20467,1208,265,MoveLeft,1724,265,None
20468,1201,265,MoveLeft,1724,265,None
20469,1194,265,MoveLeft,1724,265,None
20470,1187,265,MoveLeft,1724,265,None
20471,1180,265,MoveLeft,1724,265,None
20472,1173,265,MoveLeft,1724,265,None
20473,1166,265,MoveLeft,1724,265,None
20474,1159,265,MoveLeft,1724,265,None
20475,1152,265,MoveLeft,1724,265,None
20483,1152,265,None,1724,265,None
20505,1152,265,Set,1724,265,None
20505,1152,265,None,1724,265,None
20524,1145,265,MoveLeft,1724,265,None
20525,1138,265,MoveLeft,1724,265,None
20526,1131,265,MoveLeft,1724,265,None
20527,1124,265,MoveLeft,1724,265,None
20528,1117,265,MoveLeft,1724,265,None
20529,1110,265,MoveLeft,1724,265,None
20530,1103,265,MoveLeft,1724,265,None
20531,1096,265,MoveLeft,1724,265,None
20532,1089,265,MoveLeft,1724,265,None
20533,1082,265,MoveLeft,1724,265,None
20534,1075,265,MoveLeft,1724,265,None
20535,1068,265,MoveLeft,1724,265,None
20536,1061,265,MoveLeft,1724,265,None
20628,1061,265,None,1724,265,None
20639,1061,265,SpikeMedium,1724,265,None
20639,1061,265,None,1724,265,None
20640,1061,265,None,1731,265,MoveRight
20641,1061,265,None,1738,265,MoveRight
20642,1061,265,None,1745,265,MoveRight
20643,1061,265,None,1752,265,MoveRight
20644,1061,265,None,1759,265,MoveRight
20645,1061,265,None,1766,265,MoveRight
20646,1061,265,None,1773,265,MoveRight
20647,1061,265,None,1780,265,MoveRight
20648,1061,265,None,1787,265,MoveRight
20649,1061,265,None,1794,265,MoveRight
20650,1061,265,None,1801,265,MoveRight
20651,1061,265,None,1808,265,MoveRight
20652,1061,265,None,1815,265,MoveRight
20653,1061,265,None,1822,265,MoveRight
20654,1061,265,None,1829,265,MoveRight
20655,1061,265,None,1836,265,MoveRight
20656,1061,265,None,1843,265,MoveRight
20657,1061,265,None,1850,265,MoveRight
20658,1061,265,None,1857,265,MoveRight
20659,1061,265,None,1864,265,MoveRight
20660,1061,265,None,1871,265,MoveRight
20661,1061,265,None,1878,265,MoveRight
20662,1061,265,None,1885,265,MoveRight
20663,1061,265,None,1892,265,MoveRight
20664,1061,265,None,1899,265,MoveRight
20665,1061,265,None,1906,265,MoveRight
20666,1061,265,None,1913,265,MoveRight
20667,1061,265,None,1920,265,MoveRight
20668,1061,265,None,1927,265,MoveRight
20669,1061,265,None,1934,265,MoveRight
20670,1061,265,None,1941,265,MoveRight
20672,1068,265,MoveRight,1941,265,None
20673,1075,265,MoveRight,1941,265,None
20674,1082,265,MoveRight,1941,265,None
20675,1089,265,MoveRight,1941,265,None
20676,1096,265,MoveRight,1941,265,None
20677,1103,265,MoveRight,1941,265,None
20678,1110,265,MoveRight,1941,265,None
20679,1117,265,MoveRight,1941,265,None
20680,1124,265,MoveRight,1941,265,None
20681,1131,265,MoveRight,1941,265,None
20682,1138,265,MoveRight,1941,265,None
20683,1145,265,MoveRight,1941,265,None
20684,1152,265,MoveRight,1941,265,None
20685,1159,265,MoveRight,1941,265,None
20686,1166,265,MoveRight,1941,265,None
20687,1173,265,MoveRight,1941,265,None
20688,1180,265,MoveRight,1941,265,None
20689,1187,265,MoveRight,1941,265,None
20690,1194,265,MoveRight,1941,265,None
20691,1201,265,MoveRight,1941,265,None
20692,1208,265,MoveRight,1941,265,None
20704,1208,265,None,1941,265,SpikeMedium
20704,1208,265,None,1941,265,None
20705,1201,265,MoveLeft,1941,265,None
20706,1194,265,MoveLeft,1941,265,None
20707,1187,265,MoveLeft,1941,265,None
20708,1180,265,MoveLeft,1941,265,None
20709,1173,265,MoveLeft,1941,265,None
20710,1166,265,MoveLeft,1941,265,None
20711,1159,265,MoveLeft,1941,265,None
20712,1152,265,MoveLeft,1941,265,None
20713,1145,265,MoveLeft,1941,265,None
20714,1138,265,MoveLeft,1941,265,None
20714,1138,265,None,1934,265,MoveLeft
20715,1131,265,MoveLeft,1934,265,None
20715,1131,265,None,1927,265,MoveLeft
20716,1124,265,MoveLeft,1927,265,None
20716,1124,265,None,1920,265,MoveLeft
20717,1117,265,MoveLeft,1920,265,None
20717,1117,265,None,1913,265,MoveLeft
20718,1110,265,MoveLeft,1913,265,None
20718,1110,265,None,1906,265,MoveLeft
20719,1103,265,MoveLeft,1906,265,None
20719,1103,265,None,1899,265,MoveLeft
20720,1103,265,None,1892,265,MoveLeft
20721,1103,265,None,1885,265,MoveLeft
20722,1103,265,None,1878,265,MoveLeft
20723,1103,265,None,1871,265,MoveLeft
20724,1103,265,None,1864,265,MoveLeft
20725,1103,265,None,1857,265,MoveLeft
20726,1103,265,None,1850,265,MoveLeft
20727,1103,265,None,1843,265,MoveLeft
20728,1103,265,None,1836,265,MoveLeft
20729,1103,265,None,1829,265,MoveLeft
20730,1103,265,None,1822,265,MoveLeft
20731,1103,265,None,1815,265,MoveLeft
20732,1103,265,None,1808,265,MoveLeft
20733,1103,265,None,1801,265,MoveLeft
20734,1103,265,None,1794,265,MoveLeft
20735,1103,265,None,1787,265,MoveLeft
20736,1103,265,None,1780,265,MoveLeft
20737,1103,265,None,1773,265,MoveLeft
20738,1103,265,None,1766,265,MoveLeft
20739,1103,265,None,1759,265,MoveLeft
20740,1103,265,None,1752,265,MoveLeft
20741,1096,265,MoveLeft,1752,265,None
20741,1096,265,None,1745,265,MoveLeft
20742,1089,265,MoveLeft,1745,265,None
20742,1089,265,None,1738,265,MoveLeft
20743,1082,265,MoveLeft,1738,265,None
20743,1082,265,None,1731,265,MoveLeft
20744,1075,265,MoveLeft,1731,265,None
20744,1075,265,None,1731,265,None
20745,1068,265,MoveLeft,1731,265,None
20745,1068,265,None,1731,265,None
20746,1061,265,MoveLeft,1731,265,None
20746,1061,265,None,1731,265,None
20747,1061,265,None,1731,265,None
20747,1061,265,None,1731,265,None
20748,1061,265,None,1731,265,None
20748,1061,265,None,1731,265,None
20749,1061,265,None,1731,265,None
20749,1061,265,None,1731,265,None
20750,1061,265,None,1731,265,None
20750,1061,265,None,1731,265,None
20751,1061,265,None,1731,265,None
20751,1061,265,None,1731,265,None
20752,1061,265,None,1731,265,None
20752,1061,265,None,1731,265,None
20753,1061,265,None,1731,265,None
20753,1061,265,None,1731,265,None
20754,1061,265,None,1731,265,None
20754,1061,265,None,1731,265,None
20755,1061,265,None,1731,265,None
20755,1061,265,None,1731,265,None
20756,1061,265,None,1731,265,None
20756,1061,265,None,1731,265,None
20757,1061,265,None,1731,265,None
20757,1061,265,None,1731,265,None
20758,1061,265,None,1731,265,None
20758,1061,265,None,1731,265,None
20759,1061,265,None,1731,265,None
20759,1061,265,None,1731,265,None
20760,1061,265,None,1731,265,None
20760,1061,265,None,1731,265,None
20761,1061,265,None,1731,265,None
20761,1061,265,None,1731,265,None
20762,1061,265,None,1731,265,None
20762,1061,265,None,1731,265,None
20763,1061,265,None,1731,265,None
20763,1061,265,None,1731,265,None
20764,1061,265,None,1731,265,None
20764,1061,265,None,1731,265,None
20765,1061,265,None,1731,265,None
20765,1061,265,None,1731,265,None
20766,1061,265,Bump,1731,265,None
20766,1061,265,None,1731,265,None
20766,1061,265,None,1731,265,None
20767,1061,265,None,1724,265,MoveLeft
20768,1061,265,None,1717,265,MoveLeft
20769,1061,265,None,1710,265,MoveLeft
20770,1061,265,None,1703,265,MoveLeft
20771,1061,265,None,1696,265,MoveLeft
20772,1061,265,None,1689,265,MoveLeft
20773,1061,265,None,1682,265,MoveLeft
20774,1061,265,None,1675,265,MoveLeft
20775,1061,265,None,1668,265,MoveLeft
20776,1061,265,None,1661,265,MoveLeft
20777,1061,265,None,1654,265,MoveLeft
20778,1061,265,None,1647,265,MoveLeft
20779,1061,265,None,1640,265,MoveLeft
20780,1061,265,None,1633,265,MoveLeft
20785,1068,265,MoveRight,1633,265,None
20786,1075,265,MoveRight,1633,265,None
20787,1082,265,MoveRight,1633,265,None
20788,1089,265,MoveRight,1633,265,None
20789,1096,265,MoveRight,1633,265,None
20790,1103,265,MoveRight,1633,265,None
20791,1110,265,MoveRight,1633,265,None
20792,1117,265,MoveRight,1633,265,None
20793,1124,265,MoveRight,1633,265,None
20794,1131,265,MoveRight,1633,265,None
20795,1138,265,MoveRight,1633,265,None
20796,1145,265,MoveRight,1633,265,None
20797,1152,265,MoveRight,1633,265,None
20798,1159,265,MoveRight,1633,265,None
20799,1166,265,MoveRight,1633,265,None
20800,1173,265,MoveRight,1633,265,None
20801,1180,265,MoveRight,1633,265,None
20802,1187,265,MoveRight,1633,265,None
20803,1194,265,MoveRight,1633,265,None
20804,1201,265,MoveRight,1633,265,None
20805,1208,265,MoveRight,1633,265,None
20806,1215,265,MoveRight,1633,265,None
20807,1222,265,MoveRight,1633,265,None
20838,1215,265,MoveLeft,1633,265,None
20839,1208,265,MoveLeft,1633,265,None
20840,1201,265,MoveLeft,1633,265,None
20841,1194,265,MoveLeft,1633,265,None
20842,1187,265,MoveLeft,1633,265,None
20843,1180,265,MoveLeft,1633,265,None
20844,1173,265,MoveLeft,1633,265,None
20845,1166,265,MoveLeft,1633,265,None
20846,1159,265,MoveLeft,1633,265,None
20847,1152,265,MoveLeft,1633,265,None
20848,1145,265,MoveLeft,1633,265,None
20849,1138,265,MoveLeft,1633,265,None
20850,1131,265,MoveLeft,1633,265,None
20851,1124,265,MoveLeft,1633,265,None
20852,1117,265,MoveLeft,1633,265,None
20853,1110,265,MoveLeft,1633,265,None
20854,1103,265,MoveLeft,1633,265,None
20855,1096,265,MoveLeft,1633,265,None
20856,1089,265,MoveLeft,1633,265,None
20857,1082,265,MoveLeft,1633,265,None
20858,1075,265,MoveLeft,1633,265,None
20859,1068,265,MoveLeft,1633,265,None
20860,1061,265,MoveLeft,1633,265,None
20861,1054,265,MoveLeft,1633,265,None
20862,1047,265,MoveLeft,1633,265,None
20863,1040,265,MoveLeft,1633,265,None
20864,1033,265,MoveLeft,1633,265,None
20865,1026,265,MoveLeft,1633,265,None
20866,1026,265,None,1633,265,SpikeLight
20866,1019,265,MoveLeft,1633,265,None
20866,1019,265,None,1633,265,None
20867,1012,265,MoveLeft,1633,265,None
20868,1005,265,MoveLeft,1633,265,None
20869,998,265,MoveLeft,1633,265,None
20870,991,265,MoveLeft,1633,265,None
20871,984,265,MoveLeft,1633,265,None
20872,977,265,MoveLeft,1633,265,None
20873,970,265,MoveLeft,1633,265,None
20874,963,265,MoveLeft,1633,265,None
20877,963,265,None,1640,265,MoveRight
20878,963,265,None,1647,265,MoveRight
20879,963,265,None,1654,265,MoveRight
20880,963,265,None,1661,265,MoveRight
20881,963,265,None,1668,265,MoveRight
20882,963,265,None,1675,265,MoveRight
20883,963,265,None,1682,265,MoveRight
20884,963,265,None,1689,265,MoveRight
20885,963,265,None,1696,265,MoveRight
20886,963,265,None,1703,265,MoveRight
20887,963,265,None,1710,265,MoveRight
20888,963,265,None,1717,265,MoveRight
20889,963,265,None,1724,265,MoveRight
20890,963,265,None,1724,265,None
20891,963,265,None,1724,265,None
20892,963,265,None,1724,265,None
20893,970,265,MoveRight,1724,265,None
20893,970,265,None,1724,265,None
20894,977,265,MoveRight,1724,265,None
20894,977,265,None,1724,265,None
20895,984,265,MoveRight,1724,265,None
20895,984,265,None,1724,265,None
20896,991,265,MoveRight,1724,265,None
20896,991,265,None,1724,265,None
20897,998,265,MoveRight,1724,265,None
20897,998,265,None,1724,265,None
20898,1005,265,MoveRight,1724,265,None
20898,1005,265,None,1724,265,None
20899,1012,265,MoveRight,1724,265,None
20899,1012,265,None,1724,265,None
20900,1019,265,MoveRight,1724,265,None
20900,1019,265,None,1724,265,None
20901,1026,265,MoveRight,1724,265,None
20901,1026,265,None,1724,265,None
20902,1033,265,MoveRight,1724,265,None
20902,1033,265,None,1724,265,None
20903,1040,265,MoveRight,1724,265,None
20903,1040,265,None,1724,265,None
20904,1047,265,MoveRight,1724,265,None
20904,1047,265,None,1724,265,None
20905,1054,265,MoveRight,1724,265,None
20905,1054,265,None,1724,265,None
20906,1061,265,MoveRight,1724,265,None
20906,1061,265,None,1724,265,None
20907,1068,265,MoveRight,1724,265,None
20907,1068,265,None,1724,265,None
20908,1075,265,MoveRight,1724,265,None
20908,1075,265,None,1724,265,None
20909,1082,265,MoveRight,1724,265,None
20909,1082,265,None,1724,265,None
20910,1089,265,MoveRight,1724,265,None
20910,1089,265,None,1724,265,None
20911,1096,265,MoveRight,1724,265,None
20911,1096,265,None,1724,265,None
20912,1103,265,MoveRight,1724,265,None
20912,1103,265,None,1724,265,None
20913,1110,265,MoveRight,1724,265,None
20913,1110,265,None,1724,265,None
20914,1117,265,MoveRight,1724,265,None
20914,1117,265,None,1724,265,None
20915,1124,265,MoveRight,1724,265,None
20915,1124,265,None,1724,265,None
20916,1131,265,MoveRight,1724,265,None
20916,1131,265,None,1724,265,None
20917,1134.5,284.62,MoveRight,1724,265,None
20917,1134.5,284.62,None,1724,265,None
20918,1138,304.24,MoveRight,1724,265,None
20918,1138,304.24,None,1724,265,None
20919,1141.5,314.05,MoveRight,1724,265,None
20919,1141.5,314.05,None,1724,265,None
20920,1145,323.86,MoveRight,1724,265,None
20920,1145,323.86,None,1724,265,None
20921,1148.5,333.67,MoveRight,1724,265,None
20921,1148.5,333.67,None,1724,265,None
20922,1152,343.48,MoveRight,1724,265,None
20922,1152,343.48,None,1724,265,None
20923,1155.5,353.29,MoveRight,1724,265,None
20923,1155.5,353.29,None,1724,265,None
20924,1159,363.1,MoveRight,1724,265,None
20924,1159,363.1,None,1724,265,None
20925,1162.5,372.91,MoveRight,1724,265,None
20925,1162.5,372.91,None,1724,265,None
20926,1166,382.72,MoveRight,1724,265,None
20926,1166,382.72,None,1724,265,None
20927,1169.5,392.53,MoveRight,1724,265,None
20927,1169.5,392.53,None,1724,265,None
20928,1173,402.34,MoveRight,1724,265,None
20928,1173,402.34,None,1724,265,None
20929,1176.5,412.15,MoveRight,1724,265,None
20929,1176.5,412.15,None,1724,265,None
20930,1180,421.96,MoveRight,1724,265,None
20930,1180,421.96,None,1724,265,None
20931,973.5,284.62,MoveRight,2410,265,None
20932,977,304.24,MoveRight,2410,265,None
20933,980.5,314.05,MoveRight,2410,265,None
20934,984,323.86,MoveRight,2410,265,None
20935,987.5,333.67,MoveRight,2410,265,None
20936,991,343.48,MoveRight,2410,265,None
20937,994.5,353.29,MoveRight,2410,265,None
20938,998,363.1,MoveRight,2410,265,None
20939,1001.5,372.91,MoveRight,2410,265,None
20940,1005,382.72,MoveRight,2410,265,None
20941,1008.5,392.53,MoveRight,2410,265,None
20942,1012,402.34,MoveRight,2410,265,None
20943,1015.5,412.15,MoveRight,2410,265,None
20944,1019,421.96,MoveRight,2410,265,None
20945,1022.5,431.77,MoveRight,2410,265,None
20946,1026,441.58,MoveRight,2410,265,None
20947,1029.5,431.77,MoveRight,2410,265,None
20948,1033,421.96,MoveRight,2410,265,None
20949,1036.5,412.15,MoveRight,2410,265,None
20950,1040,402.34,MoveRight,2410,265,None
20951,1043.5,392.53,MoveRight,2410,265,None
20952,1047,382.72,MoveRight,2410,265,None
20981,1047,265,None,2410,265,Serve
20981,1047,265,None,2410,265,None
21000,1047,265,None,2403,265,MoveLeft
21001,1047,265,None,2396,265,MoveLeft
21002,1047,265,None,2389,265,MoveLeft
21003,1047,265,None,2382,265,MoveLeft
21004,1047,265,None,2375,265,MoveLeft
21005,1047,265,None,2368,265,MoveLeft
21006,1047,265,None,2361,265,MoveLeft
21007,1047,265,None,2354,265,MoveLeft
21008,1047,265,None,2347,265,MoveLeft
21009,1047,265,None,2340,265,MoveLeft
21010,1047,265,None,2333,265,MoveLeft
21011,1047,265,None,2326,265,MoveLeft
21012,1047,265,None,2319,265,MoveLeft
21013,1047,265,None,2312,265,MoveLeft
21014,1047,265,None,2305,265,MoveLeft
21015,1047,265,None,2298,265,MoveLeft
21016,1047,265,None,2291,265,MoveLeft
21017,1047,265,None,2284,265,MoveLeft
21018,1047,265,None,2277,265,MoveLeft
21019,1047,265,None,2270,265,MoveLeft
21020,1047,265,None,2263,265,MoveLeft
21021,1047,265,None,2256,265,MoveLeft
21022,1047,265,None,2249,265,MoveLeft
21023,1047,265,None,2242,265,MoveLeft
21024,1047,265,None,2235,265,MoveLeft
21025,1047,265,None,2228,265,MoveLeft
21026,1047,265,None,2221,265,MoveLeft
21027,1047,265,None,2214,265,MoveLeft
21028,1047,265,None,2207,265,MoveLeft
21029,1047,265,None,2200,265,MoveLeft
21030,1047,265,None,2193,265,MoveLeft
21031,1040,265,MoveLeft,2193,265,None
21031,1040,265,None,2186,265,MoveLeft
21032,1033,265,MoveLeft,2186,265,None
21032,1033,265,None,2179,265,MoveLeft
21033,1026,265,MoveLeft,2179,265,None
21033,1026,265,None,2172,265,MoveLeft
21034,1019,265,MoveLeft,2172,265,None
21034,1019,265,None,2165,265,MoveLeft
21035,1012,265,MoveLeft,2165,265,None
21035,1012,265,None,2158,265,MoveLeft
21036,1005,265,MoveLeft,2158,265,None
21036,1005,265,None,2151,265,MoveLeft
21037,998,265,MoveLeft,2151,265,None
21037,998,265,None,2144,265,MoveLeft
21038,991,265,MoveLeft,2144,265,None
21038,991,265,None,2137,265,MoveLeft
21039,984,265,MoveLeft,2137,265,None
21039,984,265,None,2130,265,MoveLeft
21040,977,265,MoveLeft,2130,265,None
21040,977,265,None,2123,265,MoveLeft
21041,970,265,MoveLeft,2123,265,None
21041,970,265,None,2116,265,MoveLeft
21042,963,265,MoveLeft,2116,265,None
21042,963,265,None,2109,265,MoveLeft
21043,956,265,MoveLeft,2109,265,None
21043,956,265,None,2102,265,MoveLeft
21044,949,265,MoveLeft,2102,265,None
21044,949,265,None,2095,265,MoveLeft
21045,942,265,MoveLeft,2095,265,None
21045,942,265,None,2088,265,MoveLeft
21046,935,265,MoveLeft,2088,265,None
21046,935,265,None,2081,265,MoveLeft
21047,928,265,MoveLeft,2081,265,None
21047,928,265,None,2074,265,MoveLeft
21048,921,265,MoveLeft,2074,265,None
21048,921,265,None,2067,265,MoveLeft
21049,914,265,MoveLeft,2067,265,None
21049,914,265,None,2060,265,MoveLeft
21050,907,265,MoveLeft,2060,265,None
21050,907,265,None,2053,265,MoveLeft
21051,900,265,MoveLeft,2053,265,None
21051,900,265,None,2046,265,MoveLeft
21052,900,265,Bump,2046,265,None
21052,893,265,MoveLeft,2046,265,None
21052,893,265,None,2039,265,MoveLeft
21053,893,265,None,2032,265,MoveLeft
21054,893,265,None,2025,265,MoveLeft
21055,893,265,None,2018,265,MoveLeft
21056,893,265,None,2011,265,MoveLeft
21057,893,265,None,2004,265,MoveLeft
21058,893,265,None,1997,265,MoveLeft
21059,893,265,None,1990,265,MoveLeft
21060,893,265,None,1983,265,MoveLeft
21061,893,265,None,1976,265,MoveLeft
21062,893,265,None,1969,265,MoveLeft
21063,893,265,None,1962,265,MoveLeft
21064,893,265,None,1955,265,MoveLeft
21065,893,265,None,1948,265,MoveLeft
21066,893,265,None,1941,265,MoveLeft
21067,893,265,None,1934,265,MoveLeft
21068,893,265,None,1927,265,MoveLeft
21069,893,265,None,1920,265,MoveLeft
21070,893,265,None,1913,265,MoveLeft
21071,893,265,None,1906,265,MoveLeft
21072,900,265,MoveRight,1906,265,None
21072,900,265,None,1899,265,MoveLeft
21073,907,265,MoveRight,1899,265,None
21073,907,265,None,1892,265,MoveLeft
21074,914,265,MoveRight,1892,265,None
21074,914,265,None,1885,265,MoveLeft
21075,921,265,MoveRight,1885,265,None
21075,921,265,None,1878,265,MoveLeft
21076,928,265,MoveRight,1878,265,None
21076,928,265,None,1871,265,MoveLeft
21077,935,265,MoveRight,1871,265,None
21077,935,265,None,1864,265,MoveLeft
21078,942,265,MoveRight,1864,265,None
21078,942,265,None,1857,265,MoveLeft
21079,949,265,MoveRight,1857,265,None
21079,949,265,None,1850,265,MoveLeft
21080,956,265,MoveRight,1850,265,None
21080,956,265,None,1843,265,MoveLeft
21081,963,265,MoveRight,1843,265,None
21081,963,265,None,1836,265,MoveLeft
21082,970,265,MoveRight,1836,265,None
21082,970,265,None,1829,265,MoveLeft
21083,977,265,MoveRight,1829,265,None
21083,977,265,None,1822,265,MoveLeft
21084,984,265,MoveRight,1822,265,None
21084,984,265,None,1815,265,MoveLeft
21085,991,265,MoveRight,1815,265,None
21085,991,265,None,1808,265,MoveLeft
21086,998,265,MoveRight,1808,265,None
21086,998,265,None,1801,265,MoveLeft
21087,1005,265,MoveRight,1801,265,None
21087,1005,265,None,1794,265,MoveLeft
21088,1012,265,MoveRight,1794,265,None
21088,1012,265,None,1787,265,MoveLeft
21089,1019,265,MoveRight,1787,265,None
21089,1019,265,None,1780,265,MoveLeft
21090,1026,265,MoveRight,1780,265,None
21090,1026,265,None,1773,265,MoveLeft
21091,1033,265,MoveRight,1773,265,None
21091,1033,265,None,1766,265,MoveLeft
21092,1040,265,MoveRight,1766,265,None
21092,1040,265,None,1759,265,MoveLeft
21093,1047,265,MoveRight,1759,265,None
21093,1047,265,None,1752,265,MoveLeft
21094,1054,265,MoveRight,1752,265,None
21094,1054,265,None,1745,265,MoveLeft
21095,1061,265,MoveRight,1745,265,None
21095,1061,265,None,1738,265,MoveLeft
21096,1068,265,MoveRight,1738,265,None
21096,1068,265,None,1731,265,MoveLeft
21097,1075,265,MoveRight,1731,265,None
21097,1075,265,None,1724,265,MoveLeft
21098,1082,265,MoveRight,1724,265,None
21098,1082,265,None,1717,265,MoveLeft
21099,1089,265,MoveRight,1717,265,None
21099,1089,265,None,1710,265,MoveLeft
21100,1096,265,MoveRight,1710,265,None
21100,1096,265,None,1703,265,MoveLeft
21101,1103,265,MoveRight,1703,265,None
21101,1103,265,None,1696,265,MoveLeft
21102,1110,265,MoveRight,1696,265,None
21102,1110,265,None,1689,265,MoveLeft
21103,1117,265,MoveRight,1689,265,None
21103,1117,265,None,1682,265,MoveLeft
21104,1124,265,MoveRight,1682,265,None
21104,1124,265,None,1675,265,MoveLeft
21105,1131,265,MoveRight,1675,265,None
21105,1131,265,None,1668,265,MoveLeft
21106,1138,265,MoveRight,1668,265,None
21106,1138,265,None,1661,265,MoveLeft
21107,1145,265,MoveRight,1661,265,None
21107,1145,265,None,1654,265,MoveLeft
21108,1152,265,MoveRight,1654,265,None
21108,1152,265,None,1647,265,MoveLeft
21109,1159,265,MoveRight,1647,265,None
21109,1159,265,None,1640,265,MoveLeft
21110,1166,265,MoveRight,1640,265,None
21110,1166,265,None,1633,265,MoveLeft
21111,1173,265,MoveRight,1633,265,None
21111,1173,265,None,1626,265,MoveLeft
21112,1180,265,MoveRight,1626,265,None
21112,1180,265,None,1619,265,MoveLeft
21113,1187,265,MoveRight,1619,265,None
21113,1187,265,None,1612,265,MoveLeft
21114,1194,265,MoveRight,1612,265,None
21114,1194,265,None,1605,265,MoveLeft
21115,1201,265,MoveRight,1605,265,None
21115,1201,265,None,1598,265,MoveLeft
21116,1208,265,MoveRight,1598,265,None
21116,1208,265,None,1591,265,MoveLeft
21117,1215,265,MoveRight,1591,265,None
21117,1215,265,None,1584,265,MoveLeft
21118,1222,265,MoveRight,1584,265,None
21118,1222,265,None,1577,265,MoveLeft
21119,1229,265,MoveRight,1577,265,None
21119,1229,265,None,1570,265,MoveLeft
21120,1236,265,MoveRight,1570,265,None
21120,1236,265,None,1563,265,MoveLeft
21121,1243,265,MoveRight,1563,265,None
21121,1243,265,None,1556,265,MoveLeft
21122,1250,265,MoveRight,1556,265,None
21122,1250,265,None,1549,265,MoveLeft
21123,1257,265,MoveRight,1549,265,None
21123,1257,265,None,1542,265,MoveLeft
21124,1264,265,MoveRight,1542,265,None
21124,1264,265,None,1535,265,MoveLeft
21125,1271,265,MoveRight,1535,265,None
21125,1271,265,None,1528,265,MoveLeft
21126,1278,265,MoveRight,1528,265,None
21126,1278,265,None,1521,265,MoveLeft
21127,1285,265,MoveRight,1521,265,None
21127,1285,265,None,1514,265,MoveLeft
21128,1292,265,MoveRight,1514,265,None
21128,1292,265,None,1507,265,MoveLeft
21129,1299,265,MoveRight,1507,265,None
21129,1299,265,None,1500,265,MoveLeft
21130,1306,265,MoveRight,1500,265,None
21130,1306,265,None,1493,265,MoveLeft
21131,1306,265,None,1486,265,MoveLeft
21132,1306,265,None,1479,265,MoveLeft
21133,1306,265,None,1472,265,MoveLeft
21134,1306,265,None,1465,265,MoveLeft
21141,1306,265,Set,1465,265,None
21141,1306,265,None,1465,265,None
21142,1306,265,None,1458,265,MoveLeft
21143,1306,265,None,1451,265,MoveLeft
21144,1306,265,None,1444,265,MoveLeft
21145,1306,265,None,1437,265,MoveLeft
21146,1306,265,None,1430,265,MoveLeft
21147,1306,265,None,1423,265,MoveLeft
21148,1306,265,None,1416,265,MoveLeft
21200,1306,284.62,None,1416,265,None
21207,1309.5,363.1,MoveRight,1416,265,None
21208,1313,372.91,MoveRight,1416,265,None
21209,1316.5,382.72,MoveRight,1416,265,None
21210,1320,392.53,MoveRight,1416,265,None
21211,1323.5,402.34,MoveRight,1416,265,None
21276,1326,323.86,None,1416,265,SpikeLight
21276,1326,343.48,None,1416,265,None
21282,1326,382.72,SpikeLight,1416,265,None
21286,1326,441.58,None,1423,265,MoveRight
21287,1326,451.39,None,1430,265,MoveRight
21288,1326,461.2,None,1437,265,MoveRight
21289,1326,471.01,None,1444,265,MoveRight
21290,1326,480.82,None,1451,265,MoveRight
21291,1326,490.63,None,1458,265,MoveRight
21292,1326,500.44,None,1465,265,MoveRight
21293,1326,510.25,None,1472,265,MoveRight
21294,1326,520.06,None,1479,265,MoveRight
21295,1326,529.87,None,1486,265,MoveRight
21296,1326,539.68,None,1493,265,MoveRight
21297,1326,549.49,None,1500,265,MoveRight
21298,1326,559.3,None,1507,265,MoveRight
21299,1326,569.11,None,1514,265,MoveRight
21300,1326,578.92,None,1521,265,MoveRight
21301,1326,569.11,None,1528,265,MoveRight
21302,1326,559.3,None,1535,265,MoveRight
21303,1326,549.49,None,1542,265,MoveRight
21304,1326,539.68,None,1549,265,MoveRight
21305,1326,529.87,None,1556,265,MoveRight
21306,1326,520.06,None,1563,265,MoveRight
21307,1326,510.25,None,1570,265,MoveRight
21308,1326,500.44,None,1577,265,MoveRight
21309,1326,490.63,None,1584,265,MoveRight
21310,1326,480.82,None,1591,265,MoveRight
21311,1326,471.01,None,1598,265,MoveRight
21312,1326,461.2,None,1605,265,MoveRight
21313,1322.5,451.39,MoveLeft,1605,265,None
21313,1322.5,451.39,None,1612,265,MoveRight
21314,1319,441.58,MoveLeft,1612,265,None
21314,1319,441.58,None,1619,265,MoveRight
21315,1315.5,431.77,MoveLeft,1619,265,None
21315,1315.5,431.77,None,1626,265,MoveRight
21316,1312,421.96,MoveLeft,1626,265,None
21316,1312,421.96,None,1633,265,MoveRight
21317,1308.5,412.15,MoveLeft,1633,265,None
21317,1308.5,412.15,None,1640,265,MoveRight
21318,1305,402.34,MoveLeft,1640,265,None
21318,1305,402.34,None,1647,265,MoveRight
21319,1301.5,392.53,MoveLeft,1647,265,None
21319,1301.5,392.53,None,1654,265,MoveRight
21320,1298,382.72,MoveLeft,1654,265,None
21320,1298,382.72,None,1661,265,MoveRight
21321,1294.5,372.91,MoveLeft,1661,265,None
21321,1294.5,372.91,None,1668,265,MoveRight
21322,1291,363.1,MoveLeft,1668,265,None
21322,1291,363.1,None,1675,265,MoveRight
21323,1287.5,353.29,MoveLeft,1675,265,None
21324,1284,343.48,MoveLeft,1675,265,None
21325,1280.5,333.67,MoveLeft,1675,265,None
21326,1277,323.86,MoveLeft,1675,265,None
21327,1273.5,314.05,MoveLeft,1675,265,None
21328,1270,304.24,MoveLeft,1675,265,None
21329,1266.5,294.43,MoveLeft,1675,265,None
21330,1263,284.62,MoveLeft,1675,265,None
21331,1259.5,274.81,MoveLeft,1675,265,None
21332,1252.5,265,MoveLeft,1675,265,None
21333,1245.5,265,MoveLeft,1675,265,None
21334,1238.5,265,MoveLeft,1675,265,None
21335,1231.5,265,MoveLeft,1675,265,None
21338,1238.5,265,MoveRight,1675,265,None
21339,1238.5,265,None,1675,265,SpikeMedium
21339,1245.5,265,MoveRight,1675,265,None
21339,1245.5,265,None,1675,265,None
21340,1252.5,265,MoveRight,1675,265,None
21341,1259.5,265,MoveRight,1675,265,None
21342,1266.5,265,MoveRight,1675,265,None
21343,1273.5,265,MoveRight,1675,265,None
21344,1280.5,265,MoveRight,1675,265,None
21345,1287.5,265,MoveRight,1675,265,None
21346,1294.5,265,MoveRight,1675,265,None
21347,1301.5,265,MoveRight,1675,265,None
21348,1308.5,265,MoveRight,1675,265,None
21349,1315.5,265,MoveRight,1675,265,None
21349,1315.5,265,None,1682,265,MoveRight
21350,1322.5,265,MoveRight,1682,265,None
21350,1322.5,265,None,1689,265,MoveRight
21351,1326,265,None,1696,265,MoveRight
21352,1326,265,None,1703,265,MoveRight
21353,1326,265,None,1710,265,MoveRight
21354,1326,265,None,1717,265,MoveRight
21355,1326,265,None,1724,265,MoveRight
21356,1326,265,None,1724,265,None
21357,1326,265,None,1724,265,None
21358,1319,265,MoveLeft,1724,265,None
21358,1319,265,None,1724,265,None
21359,1312,265,MoveLeft,1724,265,None
21359,1312,265,None,1724,265,None
21360,1305,265,MoveLeft,1724,265,None
21360,1305,265,None,1724,265,None
21361,1298,265,MoveLeft,1724,265,None
21361,1298,265,None,1724,265,None
21362,1291,265,MoveLeft,1724,265,None
21362,1291,265,None,1724,265,None
21363,1284,265,MoveLeft,1724,265,None
21363,1284,265,None,1724,265,None
21364,1277,265,MoveLeft,1724,265,None
21364,1277,265,None,1724,265,None
21365,1270,265,MoveLeft,1724,265,None
21365,1270,265,None,1724,265,None
21366,1263,265,MoveLeft,1724,265,None
21366,1263,265,None,1724,265,None
21367,1256,265,MoveLeft,1724,265,None
21367,1256,265,None,1724,265,None
21368,1249,265,MoveLeft,1724,265,None
21368,1249,265,None,1724,265,None
21369,1242,265,MoveLeft,1724,265,None
21369,1242,265,None,1724,265,None
21370,1235,265,MoveLeft,1724,265,None
21370,1235,265,None,1724,265,None
21371,1228,265,MoveLeft,1724,265,None
21371,1228,265,None,1724,265,None
21372,1221,265,MoveLeft,1724,265,None
21372,1221,265,None,1724,265,None
21373,1214,265,MoveLeft,1724,265,None
21373,1214,265,None,1724,265,None
21374,1207,265,MoveLeft,1724,265,None
21374,1207,265,None,1724,265,None
21375,1200,265,MoveLeft,1724,265,None
21375,1200,265,None,1724,265,None
21376,1193,265,MoveLeft,1724,265,None
21376,1193,265,None,1724,265,None
21377,1186,265,MoveLeft,1724,265,None
21377,1186,265,None,1724,265,None
21378,1179,265,MoveLeft,1724,265,None
21378,1179,265,None,1724,265,None
21379,1172,265,MoveLeft,1724,265,None
21379,1172,265,None,1724,265,None
21380,1165,265,MoveLeft,1724,265,None
21380,1165,265,None,1724,265,None
21381,1158,265,MoveLeft,1724,265,None
21381,1158,265,None,1724,265,None
21382,1151,265,MoveLeft,1724,265,None
21382,1151,265,None,1724,265,None
21383,1144,265,MoveLeft,1724,265,None
21383,1144,265,None,1724,265,None
21384,1137,265,MoveLeft,1724,265,None
21384,1137,265,None,1724,265,None
21385,1130,265,MoveLeft,1724,265,None
21385,1130,265,None,1724,265,None
21386,1123,265,MoveLeft,1724,265,None
21386,1123,265,None,1724,265,None
21387,1116,265,MoveLeft,1724,265,None
21387,1116,265,None,1724,265,None
21388,1109,265,MoveLeft,1724,265,None
21388,1109,265,None,1724,265,None
21389,1102,265,MoveLeft,1724,265,None
21389,1102,265,None,1724,265,None
21390,1095,265,MoveLeft,1724,265,None
21390,1095,265,None,1724,265,None
21391,1088,265,MoveLeft,1724,265,None
21391,1088,265,None,1724,265,None
21392,1081,265,MoveLeft,1724,265,None
21392,1081,265,None,1724,265,None
21393,1074,265,MoveLeft,1724,265,None
21393,1074,265,None,1724,265,None
21394,1067,265,MoveLeft,1724,265,None
21394,1067,265,None,1724,265,None
21395,1060,265,MoveLeft,1724,265,None
21395,1060,265,None,1724,265,None
21396,1053,265,MoveLeft,1724,265,None
21396,1053,265,None,1724,265,None
21397,1046,265,MoveLeft,1724,265,None
21397,1046,265,None,1724,265,None
21398,1039,265,MoveLeft,1724,265,None
21398,1039,265,None,1724,265,None
21399,1032,265,MoveLeft,1724,265,None
21399,1032,265,None,1724,265,None
21400,1025,265,MoveLeft,1724,265,None
21400,1025,265,None,1724,265,None
21401,1018,265,MoveLeft,1724,265,None
21401,1018,265,None,1724,265,None
21402,1011,265,MoveLeft,1724,265,None
21402,1011,265,None,1724,265,None
21403,1004,265,MoveLeft,1724,265,None
21403,1004,265,None,1724,265,None
21404,997,265,MoveLeft,1724,265,None
21404,997,265,None,1724,265,None
21405,990,265,MoveLeft,1724,265,None
21405,990,265,None,1724,265,None
21406,983,265,MoveLeft,1724,265,None
21406,983,265,None,1724,265,None
21407,976,265,MoveLeft,1724,265,None
21407,976,265,None,1724,265,None
21408,963,265,MoveLeft,2410,265,None
21409,956,265,MoveLeft,2410,265,None
21410,949,265,MoveLeft,2410,265,None
21411,942,265,MoveLeft,2410,265,None
21412,935,265,MoveLeft,2410,265,None
21413,928,265,MoveLeft,2410,265,None
21414,921,265,MoveLeft,2410,265,None
21415,914,265,MoveLeft,2410,265,None
21416,907,265,MoveLeft,2410,265,None
21417,900,265,MoveLeft,2410,265,None
21418,893,265,MoveLeft,2410,265,None
21419,886,265,MoveLeft,2410,265,None
21420,879,265,MoveLeft,2410,265,None
21421,872,265,MoveLeft,2410,265,None
21422,865,265,MoveLeft,2410,265,None
21423,858,265,MoveLeft,2410,265,None
21424,851,265,MoveLeft,2410,265,None
21425,844,265,MoveLeft,2410,265,None
21426,837,265,MoveLeft,2410,265,None
21427,830,265,MoveLeft,2410,265,None
21428,823,265,MoveLeft,2410,265,None
21429,816,265,MoveLeft,2410,265,None
21430,809,265,MoveLeft,2410,265,None
21458,809,265,None,2410,265,Serve
21458,809,265,None,2410,265,None
21463,816,265,MoveRight,2410,265,None
21464,823,265,MoveRight,2410,265,None
21465,830,265,MoveRight,2410,265,None
21466,837,265,MoveRight,2410,265,None
21467,844,265,MoveRight,2410,265,None
21468,851,265,MoveRight,2410,265,None
21469,858,265,MoveRight,2410,265,None
21470,865,265,MoveRight,2410,265,None
21471,872,265,MoveRight,2410,265,None
21472,879,265,MoveRight,2410,265,None
21473,886,265,MoveRight,2410,265,None
21474,893,265,MoveRight,2410,265,None
21475,900,265,MoveRight,2410,265,None
21476,907,265,MoveRight,2410,265,None
21477,914,265,MoveRight,2410,265,None
21478,921,265,MoveRight,2410,265,None
21478,921,265,None,2403,265,MoveLeft
21479,928,265,MoveRight,2403,265,None
21479,928,265,None,2396,265,MoveLeft
21480,935,265,MoveRight,2396,265,None
21480,935,265,None,2389,265,MoveLeft
21481,942,265,MoveRight,2389,265,None
21481,942,265,None,2382,265,MoveLeft
21482,949,265,MoveRight,2382,265,None
21482,949,265,None,2375,265,MoveLeft
21483,956,265,MoveRight,2375,265,None
21483,956,265,None,2368,265,MoveLeft
21484,963,265,MoveRight,2368,265,None
21484,963,265,None,2361,265,MoveLeft
21485,970,265,MoveRight,2361,265,None
21485,970,265,None,2354,265,MoveLeft
21486,977,265,MoveRight,2354,265,None
21486,977,265,None,2347,265,MoveLeft
21487,984,265,MoveRight,2347,265,None
21487,984,265,None,2340,265,MoveLeft
21488,991,265,MoveRight,2340,265,None
21488,991,265,None,2333,265,MoveLeft
21489,998,265,MoveRight,2333,265,None
21489,998,265,None,2326,265,MoveLeft
21490,1005,265,MoveRight,2326,265,None
21490,1005,265,None,2319,265,MoveLeft
21491,1012,265,MoveRight,2319,265,None
21491,1012,265,None,2312,265,MoveLeft
21492,1019,265,MoveRight,2312,265,None
21492,1019,265,None,2305,265,MoveLeft
21493,1026,265,MoveRight,2305,265,None
21493,1026,265,None,2298,265,MoveLeft
21494,1033,265,MoveRight,2298,265,None
21494,1033,265,None,2291,265,MoveLeft
21495,1040,265,MoveRight,2291,265,None
21495,1040,265,None,2284,265,MoveLeft
21496,1047,265,MoveRight,2284,265,None
21496,1047,265,None,2277,265,MoveLeft
21497,1054,265,MoveRight,2277,265,None
21497,1054,265,None,2270,265,MoveLeft
21498,1061,265,MoveRight,2270,265,None
21498,1061,265,None,2263,265,MoveLeft
21499,1068,265,MoveRight,2263,265,None
21499,1068,265,None,2256,265,MoveLeft
21500,1068,265,None,2249,265,MoveLeft
21501,1061,265,MoveLeft,2249,265,None
21501,1061,265,None,2242,265,MoveLeft
21502,1054,265,MoveLeft,2242,265,None
21502,1054,265,None,2235,265,MoveLeft
21503,1047,265,MoveLeft,2235,265,None
21503,1047,265,None,2228,265,MoveLeft
21504,1040,265,MoveLeft,2228,265,None
21504,1040,265,None,2221,265,MoveLeft
21505,1033,265,MoveLeft,2221,265,None
21505,1033,265,None,2214,265,MoveLeft
21506,1026,265,MoveLeft,2214,265,None
21506,1026,265,None,2207,265,MoveLeft
21507,1019,265,MoveLeft,2207,265,None
21507,1019,265,None,2200,265,MoveLeft
21508,1012,265,MoveLeft,2200,265,None
21508,1012,265,None,2193,265,MoveLeft
21509,1005,265,MoveLeft,2193,265,None
21509,1005,265,None,2186,265,MoveLeft
21510,998,265,MoveLeft,2186,265,None
21510,998,265,None,2179,265,MoveLeft
21511,991,265,MoveLeft,2179,265,None
21511,991,265,None,2172,265,MoveLeft
21512,984,265,MoveLeft,2172,265,None
21512,984,265,None,2165,265,MoveLeft
21513,977,265,MoveLeft,2165,265,None
21513,977,265,None,2158,265,MoveLeft
21514,970,265,MoveLeft,2158,265,None
21514,970,265,None,2151,265,MoveLeft
21515,963,265,MoveLeft,2151,265,None
21515,963,265,None,2144,265,MoveLeft
21516,956,265,MoveLeft,2144,265,None
21516,956,265,None,2137,265,MoveLeft
21517,949,265,MoveLeft,2137,265,None
21517,949,265,None,2130,265,MoveLeft
21518,942,265,MoveLeft,2130,265,None
21518,942,265,None,2123,265,MoveLeft
21519,935,265,MoveLeft,2123,265,None
21519,935,265,None,2116,265,MoveLeft
21520,928,265,MoveLeft,2116,265,None
21520,928,265,None,2109,265,MoveLeft
21521,921,265,MoveLeft,2109,265,None
21521,921,265,None,2102,265,MoveLeft
21522,914,265,MoveLeft,2102,265,None
21522,914,265,None,2095,265,MoveLeft
21523,907,265,MoveLeft,2095,265,None
21523,907,265,None,2088,265,MoveLeft
21524,900,265,MoveLeft,2088,265,None
21524,900,265,None,2081,265,MoveLeft
21525,893,265,MoveLeft,2081,265,None
21525,893,265,None,2074,265,MoveLeft
21526,886,265,MoveLeft,2074,265,None
21526,886,265,None,2067,265,MoveLeft
21527,879,265,MoveLeft,2067,265,None
21527,879,265,None,2060,265,MoveLeft
21528,872,265,MoveLeft,2060,265,None
21528,872,265,None,2053,265,MoveLeft
21529,872,265,None,2053,265,None
21529,872,265,None,2046,265,MoveLeft
21530,872,265,Bump,2046,265,None
21530,872,265,None,2046,265,None
21530,872,265,None,2039,265,MoveLeft
21531,872,265,None,2032,265,MoveLeft
21532,872,265,None,2025,265,MoveLeft
21533,872,265,None,2018,265,MoveLeft
21534,872,265,None,2011,265,MoveLeft
21535,872,265,None,2004,265,MoveLeft
21536,872,265,None,1997,265,MoveLeft
21537,872,265,None,1990,265,MoveLeft
21538,872,265,None,1983,265,MoveLeft
21539,872,265,None,1976,265,MoveLeft
21540,872,265,None,1969,265,MoveLeft
21541,872,265,None,1962,265,MoveLeft
21542,872,265,None,1955,265,MoveLeft
21543,872,265,None,1948,265,MoveLeft
21544,872,265,None,1941,265,MoveLeft
21545,872,265,None,1934,265,MoveLeft
21546,872,265,None,1927,265,MoveLeft
21547,872,265,None,1920,265,MoveLeft
21548,872,265,None,1913,265,MoveLeft
21549,879,265,MoveRight,1913,265,None
21549,879,265,None,1906,265,MoveLeft
21550,886,265,MoveRight,1906,265,None
21550,886,265,None,1899,265,MoveLeft
21551,893,265,MoveRight,1899,265,None
21551,893,265,None,1892,265,MoveLeft
21552,900,265,MoveRight,1892,265,None
21552,900,265,None,1885,265,MoveLeft
21553,907,265,MoveRight,1885,265,None
21553,907,265,None,1878,265,MoveLeft
21554,914,265,MoveRight,1878,265,None
21554,914,265,None,1871,265,MoveLeft
21555,921,265,MoveRight,1871,265,None
21555,921,265,None,1864,265,MoveLeft
21556,928,265,MoveRight,1864,265,None
21556,928,265,None,1857,265,MoveLeft
21557,935,265,MoveRight,1857,265,None
21557,935,265,None,1850,265,MoveLeft
21558,942,265,MoveRight,1850,265,None
21558,942,265,None,1843,265,MoveLeft
21559,949,265,MoveRight,1843,265,None
21559,949,265,None,1836,265,MoveLeft
21560,956,265,MoveRight,1836,265,None
21560,956,265,None,1829,265,MoveLeft
21561,963,265,MoveRight,1829,265,None
21561,963,265,None,1822,265,MoveLeft
21562,970,265,MoveRight,1822,265,None
21562,970,265,None,1815,265,MoveLeft
21563,977,265,MoveRight,1815,265,None
21563,977,265,None,1808,265,MoveLeft
21564,984,265,MoveRight,1808,265,None
21564,984,265,None,1801,265,MoveLeft
21565,991,265,MoveRight,1801,265,None
21565,991,265,None,1794,265,MoveLeft
21566,998,265,MoveRight,1794,265,None
21566,998,265,None,1787,265,MoveLeft
21567,1005,265,MoveRight,1787,265,None
21567,1005,265,None,1780,265,MoveLeft
21568,1012,265,MoveRight,1780,265,None
21568,1012,265,None,1773,265,MoveLeft
21569,1019,265,MoveRight,1773,265,None
21569,1019,265,None,1766,265,MoveLeft
21570,1026,265,MoveRight,1766,265,None
21570,1026,265,None,1759,265,MoveLeft
21571,1033,265,MoveRight,1759,265,None
21571,1033,265,None,1752,265,MoveLeft
21572,1040,265,MoveRight,1752,265,None
21572,1040,265,None,1745,265,MoveLeft
21573,1047,265,MoveRight,1745,265,None
21573,1047,265,None,1738,265,MoveLeft
21574,1054,265,MoveRight,1738,265,None
21574,1054,265,None,1731,265,MoveLeft
21575,1061,265,MoveRight,1731,265,None
21576,1068,265,MoveRight,1731,265,None
21577,1075,265,MoveRight,1731,265,None
21578,1082,265,MoveRight,1731,265,None
21579,1089,265,MoveRight,1731,265,None
21580,1096,265,MoveRight,1731,265,None
21581,1103,265,MoveRight,1731,265,None
21582,1110,265,MoveRight,1731,265,None
21583,1117,265,MoveRight,1731,265,None
21584,1124,265,MoveRight,1731,265,None
21585,1131,265,MoveRight,1731,265,None
21586,1138,265,MoveRight,1731,265,None
21587,1145,265,MoveRight,1731,265,None
21588,1152,265,MoveRight,1731,265,None
21589,1159,265,MoveRight,1731,265,None
21590,1166,265,MoveRight,1731,265,None
21591,1173,265,MoveRight,1731,265,None
21592,1180,265,MoveRight,1731,265,None
21593,1183.5,284.62,MoveRight,1731,265,None
21594,1187,304.24,MoveRight,1731,265,None
21595,1190.5,314.05,MoveRight,1731,265,None
21596,1194,323.86,MoveRight,1731,265,None
21597,1197.5,333.67,MoveRight,1731,265,None
21598,1201,343.48,MoveRight,1731,265,None
21599,1204.5,353.29,MoveRight,1731,265,None
21600,1208,363.1,MoveRight,1731,265,None
21601,1211.5,372.91,MoveRight,1731,265,None
21602,1215,382.72,MoveRight,1731,265,None
21603,1218.5,392.53,MoveRight,1731,265,None
21604,1222,402.34,MoveRight,1731,265,None
21605,1225.5,412.15,MoveRight,1731,265,None
21606,1229,421.96,MoveRight,1731,265,None
21607,1232.5,431.77,MoveRight,1731,265,None
21608,1236,441.58,MoveRight,1731,265,None
21609,1239.5,451.39,MoveRight,1731,265,None
21610,1243,461.2,MoveRight,1731,265,None
21611,1246.5,471.01,MoveRight,1731,265,None
21612,1250,480.82,MoveRight,1731,265,None
21613,1253.5,490.63,MoveRight,1731,265,None
21614,1257,500.44,MoveRight,1731,265,None
21615,1260.5,510.25,MoveRight,1731,265,None
21616,1264,520.06,MoveRight,1731,265,None
21617,1267.5,529.87,MoveRight,1731,265,None
21618,1271,539.68,MoveRight,1731,265,None
21618,1271,539.68,None,1724,265,MoveLeft
21619,1274.5,549.49,MoveRight,1724,265,None
21620,1278,559.3,MoveRight,1724,265,None
21621,1281.5,569.11,MoveRight,1724,265,None
21622,1285,578.92,MoveRight,1724,265,None
21623,1288.5,569.11,MoveRight,1724,265,None
21624,1292,559.3,MoveRight,1724,265,None
21625,1295.5,549.49,MoveRight,1724,265,None
21626,1299,539.68,MoveRight,1724,265,None
21627,1302.5,529.87,MoveRight,1724,265,None
21628,1306,520.06,MoveRight,1724,265,None
21629,1309.5,510.25,MoveRight,1724,265,None
21630,1313,500.44,MoveRight,1724,265,None
21631,1316.5,490.63,MoveRight,1724,265,None
21632,1320,480.82,MoveRight,1724,265,None
21633,1323.5,471.01,MoveRight,1724,265,None
21648,1322.5,323.86,MoveLeft,1724,265,None
21649,1319,314.05,MoveLeft,1724,265,None
21650,1315.5,304.24,MoveLeft,1724,265,None
21651,1312,294.43,MoveLeft,1724,265,None
21652,1308.5,284.62,MoveLeft,1724,265,None
21653,1305,274.81,MoveLeft,1724,265,None
21654,1298,265,MoveLeft,1724,265,None
21655,1291,265,MoveLeft,1724,265,None
21656,1284,265,MoveLeft,1724,265,None
21657,1277,265,MoveLeft,1724,265,None
21658,1270,265,MoveLeft,1724,265,None
21659,1263,265,MoveLeft,1724,265,None
21660,1256,265,MoveLeft,1724,265,None
21661,1249,265,MoveLeft,1724,265,None
21662,1242,265,MoveLeft,1724,265,None
21663,1235,265,MoveLeft,1724,265,None
21664,1228,265,MoveLeft,1724,265,None
21665,1221,265,MoveLeft,1724,265,None
21666,1214,265,MoveLeft,1724,265,None
21667,1207,265,MoveLeft,1724,265,None
21668,1200,265,MoveLeft,1724,265,None
21669,1193,265,MoveLeft,1724,265,None
21670,1186,265,MoveLeft,1724,265,None
21671,1179,265,MoveLeft,1724,265,None
21672,1172,265,MoveLeft,1724,265,None
21673,1165,265,MoveLeft,1724,265,None
21674,1158,265,MoveLeft,1724,265,None
21675,1151,265,MoveLeft,1724,265,None
21676,1144,265,MoveLeft,1724,265,None
21677,1144,265,Set,1724,265,None
21677,1137,265,MoveLeft,1724,265,None
21691,1130,265,MoveLeft,1724,265,None
21703,1123,265,MoveLeft,1724,265,None
21704,1116,265,MoveLeft,1724,265,None
21705,1109,265,MoveLeft,1724,265,None
21706,1102,265,MoveLeft,1724,265,None
21707,1095,265,MoveLeft,1724,265,None
21708,1088,265,MoveLeft,1724,265,None
21709,1081,265,MoveLeft,1724,265,None
21710,1074,265,MoveLeft,1724,265,None
21711,1067,265,MoveLeft,1724,265,None
21712,1060,265,MoveLeft,1724,265,None
21713,1053,265,MoveLeft,1724,265,None
21714,1046,265,MoveLeft,1724,265,None
21715,1039,265,MoveLeft,1724,265,None
21716,1032,265,MoveLeft,1724,265,None
21717,1025,265,MoveLeft,1724,265,None
21743,1032,265,MoveRight,1724,265,None
21744,1039,265,MoveRight,1724,265,None
21745,1046,265,MoveRight,1724,265,None
21746,1053,265,MoveRight,1724,265,None
21747,1060,265,MoveRight,1724,265,None
21748,1067,265,MoveRight,1724,265,None
21749,1074,265,MoveRight,1724,265,None
21750,1081,265,MoveRight,1724,265,None
21802,1081,265,None,1724,265,None
21811,1081,265,SpikeMedium,1724,265,None
21811,1081,265,None,1724,265,None
21812,1081,265,None,1731,265,MoveRight
21813,1081,265,None,1738,265,MoveRight
21814,1081,265,None,1745,265,MoveRight
21815,1081,265,None,1752,265,MoveRight
21816,1081,265,None,1759,265,MoveRight
21817,1081,265,None,1766,265,MoveRight
21818,1081,265,None,1773,265,MoveRight
21819,1081,265,None,1780,265,MoveRight
21820,1081,265,None,1787,265,MoveRight
21821,1081,265,None,1794,265,MoveRight
21822,1081,265,None,1801,265,MoveRight
21823,1081,265,None,1808,265,MoveRight
21824,1081,265,None,1815,265,MoveRight
21825,1081,265,None,1822,265,MoveRight
21826,1081,265,None,1829,265,MoveRight
21827,1081,265,None,1836,265,MoveRight
21828,1081,265,None,1843,265,MoveRight
21829,1081,265,None,1850,265,MoveRight
21830,1081,265,None,1857,265,MoveRight
21831,1081,265,None,1864,265,MoveRight
21832,1081,265,None,1871,265,MoveRight
21833,1081,265,None,1878,265,MoveRight
21834,1081,265,None,1885,265,MoveRight
21835,1081,265,None,1892,265,MoveRight
21836,1081,265,None,1899,265,MoveRight
21837,1081,265,None,1906,265,MoveRight
21838,1081,265,None,1913,265,MoveRight
21850,1088,265,MoveRight,1913,265,None
21851,1095,265,MoveRight,1913,265,None
21852,1102,265,MoveRight,1913,265,None
21853,1109,265,MoveRight,1913,265,None
21854,1116,265,MoveRight,1913,265,None
21855,1123,265,MoveRight,1913,265,None
21856,1130,265,MoveRight,1913,265,None
21857,1137,265,MoveRight,1913,265,None
21858,1144,265,MoveRight,1913,265,None
21859,1151,265,MoveRight,1913,265,None
21860,1158,265,MoveRight,1913,265,None
21864,1151,265,MoveLeft,1913,265,None
21865,1144,265,MoveLeft,1913,265,None
21866,1137,265,MoveLeft,1913,265,None
21867,1130,265,MoveLeft,1913,265,None
21868,1123,265,MoveLeft,1913,265,None
21869,1116,265,MoveLeft,1913,265,None
21870,1109,265,MoveLeft,1913,265,None
21871,1102,265,MoveLeft,1913,265,None
21872,1095,265,MoveLeft,1913,265,None
21873,1088,265,MoveLeft,1913,265,None
21874,1081,265,MoveLeft,1913,265,None
21875,1081,265,None,1913,265,SpikeMedium
21875,1074,265,MoveLeft,1913,265,None
21875,1074,265,None,1913,265,None
21876,1067,265,MoveLeft,1913,265,None
21877,1060,265,MoveLeft,1913,265,None
21878,1053,265,MoveLeft,1913,265,None
21879,1046,265,MoveLeft,1913,265,None
21880,1039,265,MoveLeft,1913,265,None
21881,1032,265,MoveLeft,1913,265,None
21882,1032,265,None,1913,265,None
21883,1032,265,None,1913,265,None
21884,1032,265,None,1913,265,None
21885,1032,265,None,1913,265,None
21886,1032,265,None,1913,265,None
21886,1032,265,None,1906,265,MoveLeft
21887,1032,265,None,1906,265,None
21887,1032,265,None,1899,265,MoveLeft
21888,1032,265,None,1899,265,None
21888,1032,265,None,1892,265,MoveLeft
21889,1032,265,None,1892,265,None
21889,1032,265,None,1885,265,MoveLeft
21890,1032,265,None,1885,265,None
21890,1032,265,None,1878,265,MoveLeft
21891,1032,265,None,1878,265,None
21891,1032,265,None,1871,265,MoveLeft
21892,1032,265,None,1871,265,None
21892,1032,265,None,1864,265,MoveLeft
21893,1032,265,None,1864,265,None
21893,1032,265,None,1857,265,MoveLeft
21894,1032,265,None,1857,265,None
21894,1032,265,None,1850,265,MoveLeft
21895,1032,265,None,1850,265,None
21895,1032,265,None,1843,265,MoveLeft
21896,1032,265,None,1843,265,None
21896,1032,265,None,1836,265,MoveLeft
21897,1032,265,None,1836,265,None
21897,1032,265,None,1829,265,MoveLeft
21898,1032,265,None,1829,265,None
21898,1032,265,None,1822,265,MoveLeft
21899,1032,265,None,1822,265,None
21899,1032,265,None,1815,265,MoveLeft
21900,1032,265,None,1815,265,None
21900,1032,265,None,1808,265,MoveLeft
21901,1032,265,None,1808,265,None
21901,1032,265,None,1801,265,MoveLeft
21902,1025,265,MoveLeft,1801,265,None
21902,1025,265,None,1794,265,MoveLeft
21903,1018,265,MoveLeft,1794,265,None
21903,1018,265,None,1787,265,MoveLeft
21904,1011,265,MoveLeft,1787,265,None
21904,1011,265,None,1780,265,MoveLeft
21905,1004,265,MoveLeft,1780,265,None
21905,1004,265,None,1773,265,MoveLeft
21906,997,265,MoveLeft,1773,265,None
21906,997,265,None,1766,265,MoveLeft
21907,1004,265,MoveRight,1766,265,None
21907,1004,265,None,1759,265,MoveLeft
21908,1011,265,MoveRight,1759,265,None
21908,1011,265,None,1752,265,MoveLeft
21909,1018,265,MoveRight,1752,265,None
21909,1018,265,None,1745,265,MoveLeft
21910,1025,265,MoveRight,1745,265,None
21910,1025,265,None,1738,265,MoveLeft
21911,1018,265,MoveLeft,1738,265,None
21911,1018,265,None,1731,265,MoveLeft
21912,1025,265,MoveRight,1731,265,None
21912,1025,265,None,1731,265,None
21913,1025,265,None,1731,265,None
21913,1025,265,None,1731,265,None
21914,1025,265,None,1731,265,None
21914,1025,265,None,1731,265,None
21915,1025,265,None,1731,265,None
21915,1025,265,None,1731,265,None
21916,1025,265,None,1731,265,None
21916,1025,265,None,1731,265,None
21917,1025,265,None,1731,265,None
21917,1025,265,None,1731,265,None
21918,1025,265,None,1731,265,None
21918,1025,265,None,1731,265,None
21919,1025,265,None,1731,265,None
21919,1025,265,None,1731,265,None
21920,1025,265,None,1731,265,None
21920,1025,265,None,1731,265,None
21921,1025,265,None,1731,265,None
21921,1025,265,None,1731,265,None
21922,1025,265,None,1731,265,None
21922,1025,265,None,1731,265,None
21923,1025,265,None,1731,265,None
21923,1025,265,None,1731,265,None
21924,1025,265,None,1731,265,None
21924,1025,265,None,1731,265,None
21925,1025,265,None,1731,265,None
21925,1025,265,None,1731,265,None
21926,1025,265,None,1731,265,None
21926,1025,265,None,1731,265,None
21927,1025,265,None,1731,265,None
21927,1025,265,None,1731,265,None
21928,1025,265,None,1731,265,None
21928,1025,265,None,1731,265,None
21929,1025,265,None,1731,265,None
21929,1025,265,None,1731,265,None
21930,1025,265,None,1731,265,None
21930,1025,265,None,1731,265,None
21931,1025,265,None,1731,265,None
21931,1025,265,None,1731,265,None
21932,1025,265,None,1731,265,None
21932,1025,265,None,1731,265,None
21933,1025,265,None,1731,265,None
21933,1025,265,None,1731,265,None
21934,1025,265,None,1731,265,None
21934,1025,265,None,1731,265,None
21935,1025,265,None,1731,265,None
21935,1025,265,None,1731,265,None
21936,1025,265,None,1731,265,None
21936,1025,265,None,1731,265,None
21937,1025,265,None,1731,265,None
21937,1025,265,None,1731,265,None
21938,1025,265,Bump,1731,265,None
21938,1025,265,None,1731,265,None
21938,1025,265,None,1731,265,None
21939,1025,265,None,1724,265,MoveLeft
21940,1025,265,None,1717,265,MoveLeft
21941,1025,265,None,1710,265,MoveLeft
21942,1025,265,None,1703,265,MoveLeft
21943,1025,265,None,1696,265,MoveLeft
21944,1025,265,None,1689,265,MoveLeft
21945,1025,265,None,1682,265,MoveLeft
21946,1025,265,None,1675,265,MoveLeft
21947,1025,265,None,1668,265,MoveLeft
21948,1025,265,None,1661,265,MoveLeft
21949,1025,265,None,1654,265,MoveLeft
21950,1025,265,None,1647,265,MoveLeft
21951,1025,265,None,1640,265,MoveLeft
21952,1025,265,None,1633,265,MoveLeft
21953,1025,265,None,1626,265,MoveLeft
21954,1025,265,None,1619,265,MoveLeft
21955,1025,265,None,1612,265,MoveLeft
21956,1025,265,None,1605,265,MoveLeft
21957,1032,265,MoveRight,1605,265,None
21957,1032,265,None,1598,265,MoveLeft
21958,1039,265,MoveRight,1598,265,None
21959,1046,265,MoveRight,1598,265,None
21960,1053,265,MoveRight,1598,265,None
21961,1060,265,MoveRight,1598,265,None
21962,1067,265,MoveRight,1598,265,None
21963,1074,265,MoveRight,1598,265,None
21964,1081,265,MoveRight,1598,265,None
21965,1088,265,MoveRight,1598,265,None
21966,1095,265,MoveRight,1598,265,None
21967,1102,265,MoveRight,1598,265,None
21968,1109,265,MoveRight,1598,265,None
21969,1116,265,MoveRight,1598,265,None
21970,1123,265,MoveRight,1598,265,None
21971,1130,265,MoveRight,1598,265,None
21972,1137,265,MoveRight,1598,265,None
21973,1144,265,MoveRight,1598,265,None
21974,1151,265,MoveRight,1598,265,None
21975,1158,265,MoveRight,1598,265,None
21976,1165,265,MoveRight,1598,265,None
21977,1172,265,MoveRight,1598,265,None
21978,1179,265,MoveRight,1598,265,None
21979,1186,265,MoveRight,1598,265,None
21980,1193,265,MoveRight,1598,265,None
21981,1200,265,MoveRight,1598,265,None
21982,1207,265,MoveRight,1598,265,None
21983,1214,265,MoveRight,1598,265,None
21984,1221,265,MoveRight,1598,265,None
21985,1228,265,MoveRight,1598,265,None
21986,1235,265,MoveRight,1598,265,None
21987,1242,265,MoveRight,1598,265,None
21992,1235,265,MoveLeft,1598,265,None
21993,1228,265,MoveLeft,1598,265,None
21994,1221,265,MoveLeft,1598,265,None
21995,1214,265,MoveLeft,1598,265,None
21996,1207,265,MoveLeft,1598,265,None
21997,1200,265,MoveLeft,1598,265,None
21998,1193,265,MoveLeft,1598,265,None
21999,1186,265,MoveLeft,1598,265,None
22000,1179,265,MoveLeft,1598,265,None
22001,1172,265,MoveLeft,1598,265,None
22020,1165,265,MoveLeft,1598,265,None
22021,1158,265,MoveLeft,1598,265,None
22022,1151,265,MoveLeft,1598,265,None
22023,1144,265,MoveLeft,1598,265,None
22024,1137,265,MoveLeft,1598,265,None
22025,1130,265,MoveLeft,1598,265,None
22026,1123,265,MoveLeft,1598,265,None
22040,1123,265,None,1598,265,SpikeLight
22040,1123,265,None,1598,265,None
22051,1123,265,None,1605,265,MoveRight
22052,1123,265,None,1612,265,MoveRight
22053,1123,265,None,1619,265,MoveRight
22054,1123,265,None,1626,265,MoveRight
22055,1123,265,None,1633,265,MoveRight
22056,1123,265,None,1640,265,MoveRight
22057,1123,265,None,1647,265,MoveRight
22058,1123,265,None,1654,265,MoveRight
22059,1123,265,None,1661,265,MoveRight
22060,1123,265,None,1668,265,MoveRight
22061,1123,265,None,1675,265,MoveRight
22062,1123,265,None,1682,265,MoveRight
22063,1123,265,None,1689,265,MoveRight
22064,1123,265,None,1696,265,MoveRight
22065,1123,265,None,1703,265,MoveRight
22066,1123,265,None,1710,265,MoveRight
22067,1123,265,None,1717,265,MoveRight
22068,1123,265,None,1724,265,MoveRight
22069,1123,265,None,1724,265,None
22070,1123,265,None,1724,265,None
22071,1123,265,None,1724,265,None
22072,1123,265,None,1724,265,None
22073,1123,265,None,1724,265,None
22074,1123,265,None,1724,265,None
22075,1123,265,None,1724,265,None
22076,1130,265,MoveRight,1724,265,None
22076,1130,265,None,1724,265,None
22077,1137,265,MoveRight,1724,265,None
22077,1137,265,None,1724,265,None
22078,1144,265,MoveRight,1724,265,None
22078,1144,265,None,1724,265,None
22079,1151,265,MoveRight,1724,265,None
22079,1151,265,None,1724,265,None
22080,1158,265,MoveRight,1724,265,None
22080,1158,265,None,1724,265,None
22081,1165,265,MoveRight,1724,265,None
22081,1165,265,None,1724,265,None
22082,1172,265,MoveRight,1724,265,None
22082,1172,265,None,1724,265,None
22083,1179,265,MoveRight,1724,265,None
22083,1179,265,None,1724,265,None
22084,1186,265,MoveRight,1724,265,None
22084,1186,265,None,1724,265,None
22085,1193,265,MoveRight,1724,265,None
22085,1193,265,None,1724,265,None
22086,1200,265,MoveRight,1724,265,None
22086,1200,265,None,1724,265,None
22087,1207,265,MoveRight,1724,265,None
22087,1207,265,None,1724,265,None
22088,1207,265,None,1724,265,None
22089,1207,265,None,1724,265,None
22090,1207,265,None,1724,265,None
22091,1207,265,None,1724,265,None
22092,1207,265,None,1724,265,None
22092,1207,265,None,1724,265,None
22093,1207,265,None,1724,265,None
22094,1207,265,None,1724,265,None
22095,1207,265,None,1724,265,None
22096,1207,265,None,1724,265,None
22097,1207,265,None,1724,265,None
22098,1207,265,None,1724,265,None
22099,1207,265,None,1724,265,None
22100,1207,265,None,1724,265,None
22101,1207,265,None,1724,265,None
22102,1207,265,Set,1724,265,None
22102,1207,265,None,1724,265,None
22102,1207,265,None,1724,265,None
22152,1214,265,MoveRight,1724,265,None
22153,1221,265,MoveRight,1724,265,None
22154,1228,265,MoveRight,1724,265,None
22155,1235,265,MoveRight,1724,265,None
22156,1242,265,MoveRight,1724,265,None
22157,1249,265,MoveRight,1724,265,None
22158,1256,265,MoveRight,1724,265,None
22159,1263,265,MoveRight,1724,265,None
22160,1270,265,MoveRight,1724,265,None
22161,1277,265,MoveRight,1724,265,None
22189,1277,284.62,None,1724,265,None
22213,1277,529.87,None,1724,265,None
22224,1277,520.06,None,1724,265,None
22233,1277,431.77,None,1724,265,None
22244,1277,323.86,None,1724,265,None
22298,970,265,None,2410,265,Serve
22298,970,265,None,2410,265,None
22317,970,265,None,2403,265,MoveLeft
22318,970,265,None,2396,265,MoveLeft
22319,970,265,None,2389,265,MoveLeft
22320,970,265,None,2382,265,MoveLeft
22321,970,265,None,2375,265,MoveLeft
22322,970,265,None,2368,265,MoveLeft
22323,970,265,None,2361,265,MoveLeft
22324,970,265,None,2354,265,MoveLeft
22325,970,265,None,2347,265,MoveLeft
22326,970,265,None,2340,265,MoveLeft
22327,970,265,None,2333,265,MoveLeft
22328,970,265,None,2326,265,MoveLeft
22329,970,265,None,2319,265,MoveLeft
22330,970,265,None,2312,265,MoveLeft
22331,970,265,None,2305,265,MoveLeft
22332,970,265,None,2298,265,MoveLeft
22333,970,265,None,2291,265,MoveLeft
22334,970,265,None,2284,265,MoveLeft
22335,970,265,None,2277,265,MoveLeft
22336,970,265,None,2270,265,MoveLeft
22337,970,265,None,2263,265,MoveLeft
22338,970,265,None,2256,265,MoveLeft
22339,970,265,None,2249,265,MoveLeft
22340,970,265,None,2242,265,MoveLeft
22341,970,265,None,2235,265,MoveLeft
22342,970,265,None,2228,265,MoveLeft
22343,970,265,None,2221,265,MoveLeft
22344,970,265,None,2214,265,MoveLeft
22345,970,265,None,2207,265,MoveLeft
22346,970,265,None,2200,265,MoveLeft
22347,970,265,None,2193,265,MoveLeft
22348,970,265,None,2186,265,MoveLeft
22349,970,265,None,2179,265,MoveLeft
22350,970,265,None,2172,265,MoveLeft
22351,970,265,None,2165,265,MoveLeft
22352,970,265,None,2158,265,MoveLeft
22353,970,265,None,2151,265,MoveLeft
22354,970,265,None,2144,265,MoveLeft
22355,970,265,None,2137,265,MoveLeft
22356,970,265,None,2130,265,MoveLeft
22357,970,265,None,2123,265,MoveLeft
22358,970,265,None,2123,265,None
22358,970,265,None,2116,265,MoveLeft
22359,970,265,None,2109,265,MoveLeft
22360,963,265,MoveLeft,2109,265,None
22360,963,265,None,2102,265,MoveLeft
22361,956,265,MoveLeft,2102,265,None
22361,956,265,None,2095,265,MoveLeft
22362,949,265,MoveLeft,2095,265,None
22362,949,265,None,2088,265,MoveLeft
22363,942,265,MoveLeft,2088,265,None
22363,942,265,None,2081,265,MoveLeft
22364,935,265,MoveLeft,2081,265,None
22364,935,265,None,2074,265,MoveLeft
22365,928,265,MoveLeft,2074,265,None
22365,928,265,None,2067,265,MoveLeft
22366,921,265,MoveLeft,2067,265,None
22366,921,265,None,2060,265,MoveLeft
22367,914,265,MoveLeft,2060,265,None
22367,914,265,None,2053,265,MoveLeft
22368,907,265,MoveLeft,2053,265,None
22368,907,265,None,2046,265,MoveLeft
22369,907,265,Bump,2046,265,None
22369,900,265,MoveLeft,2046,265,None
22369,900,265,None,2039,265,MoveLeft
22370,900,265,None,2032,265,MoveLeft
22371,900,265,None,2025,265,MoveLeft
22372,900,265,None,2018,265,MoveLeft
22373,900,265,None,2011,265,MoveLeft
22374,900,265,None,2004,265,MoveLeft
22375,900,265,None,1997,265,MoveLeft
22376,900,265,None,1990,265,MoveLeft
22377,900,265,None,1983,265,MoveLeft
22378,900,265,None,1976,265,MoveLeft
22379,900,265,None,1969,265,MoveLeft
22380,900,265,None,1962,265,MoveLeft
22381,900,265,None,1955,265,MoveLeft
22382,900,265,None,1948,265,MoveLeft
22383,900,265,None,1941,265,MoveLeft
22384,900,265,None,1934,265,MoveLeft
22385,900,265,None,1927,265,MoveLeft
22386,900,265,None,1920,265,MoveLeft
22387,900,265,None,1913,265,MoveLeft
22388,900,265,None,1906,265,MoveLeft
22389,907,265,MoveRight,1906,265,None
22389,907,265,None,1899,265,MoveLeft
22390,914,265,MoveRight,1899,265,None
22390,914,265,None,1892,265,MoveLeft
22391,921,265,MoveRight,1892,265,None
22391,921,265,None,1885,265,MoveLeft
22392,928,265,MoveRight,1885,265,None
22392,928,265,None,1878,265,MoveLeft
22393,935,265,MoveRight,1878,265,None
22393,935,265,None,1871,265,MoveLeft
22394,942,265,MoveRight,1871,265,None
22394,942,265,None,1864,265,MoveLeft
22395,949,265,MoveRight,1864,265,None
22395,949,265,None,1857,265,MoveLeft
22396,956,265,MoveRight,1857,265,None
22396,956,265,None,1850,265,MoveLeft
22397,963,265,MoveRight,1850,265,None
22397,963,265,None,1843,265,MoveLeft
22398,970,265,MoveRight,1843,265,None
22398,970,265,None,1836,265,MoveLeft
22399,977,265,MoveRight,1836,265,None
22399,977,265,None,1829,265,MoveLeft
22400,984,265,MoveRight,1829,265,None
22400,984,265,None,1822,265,MoveLeft
22401,991,265,MoveRight,1822,265,None
22401,991,265,None,1815,265,MoveLeft
22402,998,265,MoveRight,1815,265,None
22402,998,265,None,1808,265,MoveLeft
22403,1005,265,MoveRight,1808,265,None
22403,1005,265,None,1801,265,MoveLeft
22404,1012,265,MoveRight,1801,265,None
22404,1012,265,None,1794,265,MoveLeft
22405,1019,265,MoveRight,1794,265,None
22405,1019,265,None,1787,265,MoveLeft
22406,1026,265,MoveRight,1787,265,None
22406,1026,265,None,1780,265,MoveLeft
22407,1033,265,MoveRight,1780,265,None
22407,1033,265,None,1773,265,MoveLeft
22408,1040,265,MoveRight,1773,265,None
22408,1040,265,None,1766,265,MoveLeft
22409,1047,265,MoveRight,1766,265,None
22409,1047,265,None,1759,265,MoveLeft
22410,1054,265,MoveRight,1759,265,None
22410,1054,265,None,1752,265,MoveLeft
22411,1061,265,MoveRight,1752,265,None
22411,1061,265,None,1745,265,MoveLeft
22412,1068,265,MoveRight,1745,265,None
22412,1068,265,None,1738,265,MoveLeft
22413,1075,265,MoveRight,1738,265,None
22413,1075,265,None,1731,265,MoveLeft
22414,1082,265,MoveRight,1731,265,None
22414,1082,265,None,1724,265,MoveLeft
22415,1089,265,MoveRight,1724,265,None
22415,1089,265,None,1717,265,MoveLeft
22416,1096,265,MoveRight,1717,265,None
22416,1096,265,None,1710,265,MoveLeft
22417,1103,265,MoveRight,1710,265,None
22417,1103,265,None,1703,265,MoveLeft
22418,1110,265,MoveRight,1703,265,None
22418,1110,265,None,1696,265,MoveLeft
22419,1117,265,MoveRight,1696,265,None
22419,1117,265,None,1689,265,MoveLeft
22420,1124,265,MoveRight,1689,265,None
22420,1124,265,None,1682,265,MoveLeft
22421,1131,265,MoveRight,1682,265,None
22421,1131,265,None,1675,265,MoveLeft
22422,1138,265,MoveRight,1675,265,None
22422,1138,265,None,1668,265,MoveLeft
22423,1145,265,MoveRight,1668,265,None
22423,1145,265,None,1661,265,MoveLeft
22424,1152,265,MoveRight,1661,265,None
22424,1152,265,None,1654,265,MoveLeft
22425,1159,265,MoveRight,1654,265,None
22425,1159,265,None,1647,265,MoveLeft
22426,1166,265,MoveRight,1647,265,None
22426,1166,265,None,1640,265,MoveLeft
22427,1173,265,MoveRight,1640,265,None
22427,1173,265,None,1633,265,MoveLeft
22428,1180,265,MoveRight,1633,265,None
22428,1180,265,None,1626,265,MoveLeft
22429,1187,265,MoveRight,1626,265,None
22429,1187,265,None,1619,265,MoveLeft
22430,1194,265,MoveRight,1619,265,None
22430,1194,265,None,1612,265,MoveLeft
22431,1201,265,MoveRight,1612,265,None
22431,1201,265,None,1605,265,MoveLeft
22432,1208,265,MoveRight,1605,265,None
22432,1208,265,None,1598,265,MoveLeft
22433,1215,265,MoveRight,1598,265,None
22433,1215,265,None,1591,265,MoveLeft
22434,1222,265,MoveRight,1591,265,None
22434,1222,265,None,1584,265,MoveLeft
22435,1229,265,MoveRight,1584,265,None
22435,1229,265,None,1577,265,MoveLeft
22436,1236,265,MoveRight,1577,265,None
22436,1236,265,None,1570,265,MoveLeft
22437,1243,265,MoveRight,1570,265,None
22437,1243,265,None,1563,265,MoveLeft
22438,1250,265,MoveRight,1563,265,None
22438,1250,265,None,1556,265,MoveLeft
22439,1257,265,MoveRight,1556,265,None
22439,1257,265,None,1549,265,MoveLeft
22440,1264,265,MoveRight,1549,265,None
22440,1264,265,None,1542,265,MoveLeft
22441,1271,265,MoveRight,1542,265,None
22441,1271,265,None,1535,265,MoveLeft
22442,1278,265,MoveRight,1535,265,None
22442,1278,265,None,1528,265,MoveLeft
22443,1285,265,MoveRight,1528,265,None
22443,1285,265,None,1521,265,MoveLeft
22444,1292,265,MoveRight,1521,265,None
22444,1292,265,None,1514,265,MoveLeft
22445,1299,265,MoveRight,1514,265,None
22445,1299,265,None,1507,265,MoveLeft
22446,1306,265,MoveRight,1507,265,None
22446,1306,265,None,1500,265,MoveLeft
22447,1313,265,MoveRight,1500,265,None
22447,1313,265,None,1493,265,MoveLeft
22448,1320,265,MoveRight,1493,265,None
22448,1320,265,None,1486,265,MoveLeft
22449,1326,265,None,1479,265,MoveLeft
22450,1326,265,None,1472,265,MoveLeft
22451,1326,265,None,1465,265,MoveLeft
22459,1326,265,Set,1465,265,None
22459,1326,265,None,1465,265,None
22460,1326,265,None,1458,265,MoveLeft
22461,1326,265,None,1451,265,MoveLeft
22462,1326,265,None,1444,265,MoveLeft
22463,1326,265,None,1437,265,MoveLeft
22464,1326,265,None,1430,265,MoveLeft
22465,1326,265,None,1423,265,MoveLeft
22485,1319,265,MoveLeft,1423,265,None
22486,1312,265,MoveLeft,1423,265,None
22487,1305,265,MoveLeft,1423,265,None
22488,1298,265,MoveLeft,1423,265,None
22489,1291,265,MoveLeft,1423,265,None
22490,1284,265,MoveLeft,1423,265,None
22491,1277,265,MoveLeft,1423,265,None
22492,1270,265,MoveLeft,1423,265,None
22493,1263,265,MoveLeft,1423,265,None
22503,1270,265,MoveRight,1423,265,None
22504,1277,265,MoveRight,1423,265,None
22505,1284,265,MoveRight,1423,265,None
22506,1291,265,MoveRight,1423,265,None
22507,1298,265,MoveRight,1423,265,None
22508,1305,265,MoveRight,1423,265,None
22509,1312,265,MoveRight,1423,265,None
22510,1319,265,MoveRight,1423,265,None
22511,1326,265,MoveRight,1423,265,None
22595,1326,382.72,None,1423,265,SpikeLight
22595,1326,382.72,None,1423,265,None
22605,1326,284.62,None,1430,265,MoveRight
22606,1326,274.81,None,1437,265,MoveRight
22607,1326,265,None,1444,265,MoveRight
22608,1326,265,Set,1444,265,None
22608,1326,265,None,1444,265,None
22608,1326,265,None,1451,265,MoveRight
22609,1326,265,None,1444,265,MoveLeft
22610,1326,265,None,1437,265,MoveLeft
22611,1326,265,None,1430,265,MoveLeft
22612,1326,265,None,1423,265,MoveLeft
22613,1326,265,None,1416,265,MoveLeft
22621,1319,265,MoveLeft,1416,265,None
22622,1312,265,MoveLeft,1416,265,None
22623,1305,265,MoveLeft,1416,265,None
22624,1298,265,MoveLeft,1416,265,None
22625,1291,265,MoveLeft,1416,265,None
22626,1284,265,MoveLeft,1416,265,None
22627,1277,265,MoveLeft,1416,265,None
22628,1270,265,MoveLeft,1416,265,None
22629,1263,265,MoveLeft,1416,265,None
22630,1256,265,MoveLeft,1416,265,None
22631,1249,265,MoveLeft,1416,265,None
22632,1242,265,MoveLeft,1416,265,None
22633,1235,265,MoveLeft,1416,265,None
22646,1242,265,MoveRight,1416,265,None
22647,1249,265,MoveRight,1416,265,None
22648,1256,265,MoveRight,1416,265,None
22649,1263,265,MoveRight,1416,265,None
22650,1270,265,MoveRight,1416,265,None
22651,1277,265,MoveRight,1416,265,None
22652,1284,265,MoveRight,1416,265,None
22653,1291,265,MoveRight,1416,265,None
22654,1298,265,MoveRight,1416,265,None
22655,1305,265,MoveRight,1416,265,None
22656,1312,265,MoveRight,1416,265,None
22657,1319,265,MoveRight,1416,265,None
22658,1326,265,MoveRight,1416,265,None
22740,1326,421.96,None,1416,265,SpikeLight
22740,1326,441.58,None,1416,265,None
22750,1326,539.68,None,1423,265,MoveRight
22751,1326,549.49,None,1430,265,MoveRight
22752,1326,559.3,None,1437,265,MoveRight
22753,1326,569.11,None,1444,265,MoveRight
22754,1326,578.92,None,1451,265,MoveRight
22755,1326,569.11,None,1458,265,MoveRight
22756,1326,559.3,None,1465,265,MoveRight
22757,1326,549.49,None,1472,265,MoveRight
22758,1326,539.68,None,1479,265,MoveRight
22759,1326,529.87,None,1486,265,MoveRight
22760,1326,520.06,None,1493,265,MoveRight
22761,1326,510.25,None,1500,265,MoveRight
22762,1326,500.44,None,1507,265,MoveRight
22763,1326,490.63,None,1514,265,MoveRight
22764,1326,480.82,None,1521,265,MoveRight
22765,1326,471.01,None,1528,265,MoveRight
22766,1326,461.2,None,1535,265,MoveRight
22767,1326,451.39,None,1542,265,MoveRight
22768,1326,441.58,None,1549,265,MoveRight
22769,1326,431.77,None,1556,265,MoveRight
22770,1326,421.96,None,1563,265,MoveRight
22771,1326,412.15,None,1570,265,MoveRight
22772,1326,402.34,None,1577,265,MoveRight
22773,1326,392.53,None,1584,265,MoveRight
22774,1326,382.72,None,1591,265,MoveRight
22775,1326,372.91,None,1598,265,MoveRight
22776,1326,363.1,None,1605,265,MoveRight
22777,1326,353.29,None,1612,265,MoveRight
22778,1326,343.48,None,1619,265,MoveRight
22779,1326,333.67,None,1626,265,MoveRight
22780,1326,323.86,None,1626,265,None
22780,1326,323.86,None,1633,265,MoveRight
22781,1326,314.05,None,1640,265,MoveRight
22782,1326,304.24,None,1647,265,MoveRight
22783,1326,294.43,None,1654,265,MoveRight
22784,1326,284.62,None,1661,265,MoveRight
22785,1326,274.81,None,1668,265,MoveRight
22786,1326,265,None,1675,265,MoveRight
22787,1326,265,None,1682,265,MoveRight
22788,1326,265,None,1689,265,MoveRight
22789,1326,265,None,1696,265,MoveRight
22790,1326,265,None,1703,265,MoveRight
22791,1326,265,None,1710,265,MoveRight
22792,1326,265,None,1717,265,MoveRight
22793,1326,265,None,1724,265,MoveRight
22794,1326,265,None,1724,265,None
22795,1319,265,MoveLeft,1724,265,None
22795,1319,265,None,1724,265,None
22796,1312,265,MoveLeft,1724,265,None
22796,1312,265,None,1724,265,None
22797,1305,265,MoveLeft,1724,265,None
22797,1305,265,None,1724,265,None
22798,1298,265,MoveLeft,1724,265,None
22798,1298,265,None,1724,265,None
22799,1291,265,MoveLeft,1724,265,None
22799,1291,265,None,1724,265,None
22800,1284,265,MoveLeft,1724,265,None
22800,1284,265,None,1724,265,None
22801,1277,265,MoveLeft,1724,265,None
22801,1277,265,None,1724,265,None
22802,1270,265,MoveLeft,1724,265,None
22802,1270,265,None,1724,265,None
22803,1263,265,MoveLeft,1724,265,None
22803,1263,265,None,1724,265,None
22804,1256,265,MoveLeft,1724,265,None
22804,1256,265,None,1724,265,None
22805,1249,265,MoveLeft,1724,265,None
22805,1249,265,None,1724,265,None
22806,1242,265,MoveLeft,1724,265,None
22806,1242,265,None,1724,265,None
22807,1235,265,MoveLeft,1724,265,None
22807,1235,265,None,1724,265,None
22808,1228,265,MoveLeft,1724,265,None
22808,1228,265,None,1724,265,None
22809,1221,265,MoveLeft,1724,265,None
22809,1221,265,None,1724,265,None
22810,1214,265,MoveLeft,1724,265,None
22810,1214,265,None,1724,265,None
22811,1207,265,MoveLeft,1724,265,None
22811,1207,265,None,1724,265,None
22812,1200,265,MoveLeft,1724,265,None
22812,1200,265,None,1724,265,None
22813,1193,265,MoveLeft,1724,265,None
22813,1193,265,None,1724,265,None
22814,1186,265,MoveLeft,1724,265,None
22814,1186,265,None,1724,265,None
22815,1179,265,MoveLeft,1724,265,None
22815,1179,265,None,1724,265,None
22816,323,265,MoveLeft,1670,265,None
22817,316,265,MoveLeft,1670,265,None
22818,309,265,MoveLeft,1670,265,None
22819,302,265,MoveLeft,1670,265,None
22820,295,265,MoveLeft,1670,265,None
22821,288,265,MoveLeft,1670,265,None
22822,281,265,MoveLeft,1670,265,None
22823,274,265,MoveLeft,1670,265,None
22824,267,265,MoveLeft,1670,265,None
22825,260,265,MoveLeft,1670,265,None
22826,253,265,MoveLeft,1670,265,None
22827,246,265,MoveLeft,1670,265,None
22828,239,265,MoveLeft,1670,265,None
22829,232,265,MoveLeft,1670,265,None
22830,225,265,MoveLeft,1670,265,None
22831,218,265,MoveLeft,1670,265,None
22832,211,265,MoveLeft,1670,265,None
22833,204,265,MoveLeft,1670,265,None
22834,197,265,MoveLeft,1670,265,None
22835,190,265,MoveLeft,1670,265,None
22836,183,265,MoveLeft,1670,265,None
22837,176,265,MoveLeft,1670,265,None
22838,169,265,MoveLeft,1670,265,None
22839,162,265,MoveLeft,1670,265,None
22840,155,265,MoveLeft,1670,265,None
22841,148,265,MoveLeft,1670,265,None
22842,141,265,MoveLeft,1670,265,None
22843,134,265,MoveLeft,1670,265,None
22848,141,265,MoveRight,1670,265,None
22849,148,265,MoveRight,1670,265,None
22850,155,265,MoveRight,1670,265,None
22851,162,265,MoveRight,1670,265,None
22852,169,265,MoveRight,1670,265,None
22853,176,265,MoveRight,1670,265,None
22854,183,265,MoveRight,1670,265,None
22855,190,265,MoveRight,1670,265,None
22856,197,265,MoveRight,1670,265,None
22857,204,265,MoveRight,1670,265,None
22858,211,265,MoveRight,1670,265,None
22859,218,265,MoveRight,1670,265,None
22860,225,265,MoveRight,1670,265,None
22861,232,265,MoveRight,1670,265,None
22862,239,265,MoveRight,1670,265,None
22863,246,265,MoveRight,1670,265,None
22864,253,265,MoveRight,1670,265,None
22865,260,265,MoveRight,1670,265,None
22866,267,265,MoveRight,1670,265,None
22867,274,265,MoveRight,1670,265,None
22868,281,265,MoveRight,1670,265,None
22869,288,265,MoveRight,1670,265,None
22870,295,265,MoveRight,1670,265,None
22871,302,265,MoveRight,1670,265,None
22872,309,265,MoveRight,1670,265,None
22873,316,265,MoveRight,1670,265,None
22874,323,265,MoveRight,1670,265,None
22875,330,265,MoveRight,1670,265,None
22876,337,265,MoveRight,1670,265,None
22877,344,265,MoveRight,1670,265,None
22878,351,265,MoveRight,1670,265,None
22879,358,265,MoveRight,1670,265,None
22880,365,265,MoveRight,1670,265,None
22881,372,265,MoveRight,1670,265,None
22882,379,265,MoveRight,1670,265,None
22883,386,265,MoveRight,1670,265,None
22884,393,265,MoveRight,1670,265,None
22885,400,265,MoveRight,1670,265,None
22886,407,265,MoveRight,1670,265,None
22887,414,265,MoveRight,1670,265,None
22888,421,265,MoveRight,1670,265,None
22889,428,265,MoveRight,1670,265,None
22890,435,265,MoveRight,1670,265,None
22891,442,265,MoveRight,1670,265,None
22892,449,265,MoveRight,1670,265,None
22893,456,265,MoveRight,1670,265,None
22901,449,265,MoveLeft,1670,265,None
22902,442,265,MoveLeft,1670,265,None
22903,435,265,MoveLeft,1670,265,None
22904,428,265,MoveLeft,1670,265,None
22905,421,265,MoveLeft,1670,265,None
22906,414,265,MoveLeft,1670,265,None
22907,407,265,MoveLeft,1670,265,None
22908,400,265,MoveLeft,1670,265,None
22909,393,265,MoveLeft,1670,265,None
22910,386,265,MoveLeft,1670,265,None
22911,379,265,MoveLeft,1670,265,None
22912,372,265,MoveLeft,1670,265,None
22913,365,265,MoveLeft,1670,265,None
22914,358,265,MoveLeft,1670,265,None
23037,351,265,MoveLeft,1670,265,None
23038,344,265,MoveLeft,1670,265,None
23039,337,265,MoveLeft,1670,265,None
23040,330,265,MoveLeft,1670,265,None
23041,323,265,MoveLeft,1670,265,None
23042,316,265,MoveLeft,1670,265,None
23043,309,265,MoveLeft,1670,265,None
23044,302,265,MoveLeft,1670,265,None
23127,302,265,Serve,1670,265,None
23127,302,265,None,1670,265,None
23128,302,265,None,1677,265,MoveRight
23129,302,265,None,1684,265,MoveRight
23130,302,265,None,1691,265,MoveRight
23131,302,265,None,1698,265,MoveRight
23132,302,265,None,1705,265,MoveRight
23133,302,265,None,1712,265,MoveRight
23134,302,265,None,1719,265,MoveRight
23135,302,265,None,1726,265,MoveRight
23136,302,265,None,1733,265,MoveRight
23137,302,265,None,1740,265,MoveRight
23138,302,265,None,1747,265,MoveRight
23139,302,265,None,1754,265,MoveRight
23140,302,265,None,1761,265,MoveRight
23141,302,265,None,1768,265,MoveRight
23142,302,265,None,1775,265,MoveRight
23143,302,265,None,1782,265,MoveRight
23144,302,265,None,1789,265,MoveRight
23145,302,265,None,1796,265,MoveRight
23146,309,265,MoveRight,1796,265,None
23146,309,265,None,1803,265,MoveRight
23147,316,265,MoveRight,1803,265,None
23147,316,265,None,1810,265,MoveRight
23148,323,265,MoveRight,1810,265,None
23148,323,265,None,1817,265,MoveRight
23149,330,265,MoveRight,1817,265,None
23149,330,265,None,1824,265,MoveRight
23150,337,265,MoveRight,1824,265,None
23150,337,265,None,1831,265,MoveRight
23151,344,265,MoveRight,1831,265,None
23151,344,265,None,1838,265,MoveRight
23152,351,265,MoveRight,1838,265,None
23152,351,265,None,1845,265,MoveRight
23153,358,265,MoveRight,1845,265,None
23154,365,265,MoveRight,1845,265,None
23155,372,265,MoveRight,1845,265,None
23156,379,265,MoveRight,1845,265,None
23157,386,265,MoveRight,1845,265,None
23158,393,265,MoveRight,1845,265,None
23159,400,265,MoveRight,1845,265,None
23160,407,265,MoveRight,1845,265,None
23161,414,265,MoveRight,1845,265,None
23162,421,265,MoveRight,1845,265,None
23163,428,265,MoveRight,1845,265,None
23164,435,265,MoveRight,1845,265,None
23165,442,265,MoveRight,1845,265,None
23166,449,265,MoveRight,1845,265,None
23167,456,265,MoveRight,1845,265,None
23168,463,265,MoveRight,1845,265,None
23169,470,265,MoveRight,1845,265,None
23170,477,265,MoveRight,1845,265,None
23171,484,265,MoveRight,1845,265,None
23172,491,265,MoveRight,1845,265,None
23173,498,265,MoveRight,1845,265,None
23174,505,265,MoveRight,1845,265,None
23175,512,265,MoveRight,1845,265,None
23176,519,265,MoveRight,1845,265,None
23177,526,265,MoveRight,1845,265,None
23178,533,265,MoveRight,1845,265,None
23179,540,265,MoveRight,1845,265,None
23180,547,265,MoveRight,1845,265,None
23181,554,265,MoveRight,1845,265,None
23182,561,265,MoveRight,1845,265,None
23183,568,265,MoveRight,1845,265,None
23184,575,265,MoveRight,1845,265,None
23185,582,265,MoveRight,1845,265,None
23186,589,265,MoveRight,1845,265,None
23187,596,265,MoveRight,1845,265,None
23188,603,265,MoveRight,1845,265,None
23189,610,265,MoveRight,1845,265,None
23190,617,265,MoveRight,1845,265,None
23191,624,265,MoveRight,1845,265,None
23192,631,265,MoveRight,1845,265,None
23193,638,265,MoveRight,1845,265,None
23194,645,265,MoveRight,1845,265,None
23195,652,265,MoveRight,1845,265,None
23196,659,265,MoveRight,1845,265,None
23197,666,265,MoveRight,1845,265,None
23198,673,265,MoveRight,1845,265,None
23199,680,265,MoveRight,1845,265,None
23200,687,265,MoveRight,1845,265,None
23201,687,265,None,1845,265,SpikeMedium
23201,694,265,MoveRight,1845,265,None
23201,694,265,None,1845,265,None
23202,701,265,MoveRight,1845,265,None
23203,708,265,MoveRight,1845,265,None
23204,715,265,MoveRight,1845,265,None
23205,722,265,MoveRight,1845,265,None
23206,729,265,MoveRight,1845,265,None
23207,736,265,MoveRight,1845,265,None
23208,743,265,MoveRight,1845,265,None
23209,750,265,MoveRight,1845,265,None
23210,757,265,MoveRight,1845,265,None
23211,764,265,MoveRight,1845,265,None
23212,771,265,MoveRight,1845,265,None
23212,771,265,None,1838,265,MoveLeft
23213,778,265,MoveRight,1838,265,None
23213,778,265,None,1831,265,MoveLeft
23214,785,265,MoveRight,1831,265,None
23214,785,265,None,1824,265,MoveLeft
23215,792,265,MoveRight,1824,265,None
23215,792,265,None,1817,265,MoveLeft
23216,799,265,MoveRight,1817,265,None
23216,799,265,None,1810,265,MoveLeft
23217,806,265,MoveRight,1810,265,None
23217,806,265,None,1803,265,MoveLeft
23218,813,265,MoveRight,1803,265,None
23218,813,265,None,1796,265,MoveLeft
23219,820,265,MoveRight,1796,265,None
23219,820,265,None,1789,265,MoveLeft
23220,827,265,MoveRight,1789,265,None
23220,827,265,None,1782,265,MoveLeft
23221,834,265,MoveRight,1782,265,None
23221,834,265,None,1775,265,MoveLeft
23222,841,265,MoveRight,1775,265,None
23222,841,265,None,1768,265,MoveLeft
23223,848,265,MoveRight,1768,265,None
23223,848,265,None,1761,265,MoveLeft
23224,855,265,MoveRight,1761,265,None
23224,855,265,None,1754,265,MoveLeft
23225,862,265,MoveRight,1754,265,None
23225,862,265,None,1747,265,MoveLeft
23226,869,265,MoveRight,1747,265,None
23226,869,265,None,1740,265,MoveLeft
23227,876,265,MoveRight,1740,265,None
23227,876,265,None,1733,265,MoveLeft
23228,883,265,MoveRight,1733,265,None
23228,883,265,None,1733,265,None
23229,890,265,MoveRight,1733,265,None
23229,890,265,None,1733,265,None
23230,897,265,MoveRight,1733,265,None
23230,897,265,None,1733,265,None
23231,904,265,MoveRight,1733,265,None
23231,904,265,None,1733,265,None
23232,911,265,MoveRight,1733,265,None
23232,911,265,None,1733,265,None
23233,918,265,MoveRight,1733,265,None
23233,918,265,None,1733,265,None
23234,925,265,MoveRight,1733,265,None
23234,925,265,None,1733,265,None
23235,932,265,MoveRight,1733,265,None
23235,932,265,None,1733,265,None
23236,939,265,MoveRight,1733,265,None
23236,939,265,None,1733,265,None
23237,946,265,MoveRight,1733,265,None
23237,946,265,None,1733,265,None
23238,953,265,MoveRight,1733,265,None
23238,953,265,None,1733,265,None
23239,953,265,None,1733,265,None
23239,953,265,None,1733,265,None
23240,953,265,None,1733,265,None
23240,953,265,None,1733,265,None
23241,953,265,None,1733,265,None
23241,953,265,None,1733,265,None
23242,953,265,None,1733,265,None
23242,953,265,None,1733,265,None
23243,953,265,None,1733,265,None
23243,953,265,None,1733,265,None
23244,953,265,None,1733,265,None
23244,953,265,None,1733,265,None
23245,953,265,None,1733,265,None
23245,953,265,None,1733,265,None
23246,953,265,None,1733,265,None
23246,953,265,None,1733,265,None
23247,953,265,None,1733,265,None
23247,953,265,None,1733,265,None
23248,953,265,None,1733,265,None
23248,953,265,None,1733,265,None
23249,953,265,None,1733,265,None
23249,953,265,None,1733,265,None
23250,953,265,None,1733,265,None
23250,953,265,None,1733,265,None
23251,953,265,None,1733,265,None
23251,953,265,None,1733,265,None
23252,953,265,None,1733,265,None
23252,953,265,None,1733,265,None
23253,953,265,None,1733,265,None
23253,953,265,None,1733,265,None
23254,953,265,None,1733,265,None
23254,953,265,None,1733,265,None
23255,953,265,None,1733,265,None
23255,953,265,None,1733,265,None
23256,953,265,None,1733,265,None
23256,953,265,None,1733,265,None
23257,953,265,None,1733,265,None
23257,953,265,None,1733,265,None
23258,953,265,None,1733,265,None
23258,953,265,None,1733,265,None
23259,953,265,None,1733,265,None
23259,953,265,None,1733,265,None
23260,953,265,None,1733,265,None
23260,953,265,None,1733,265,None
23261,953,265,None,1733,265,None
23261,953,265,None,1733,265,None
23262,953,265,None,1733,265,None
23262,953,265,None,1733,265,None
23263,953,265,Bump,1733,265,None
23263,953,265,None,1733,265,None
23263,953,265,None,1733,265,None
23264,953,265,None,1726,265,MoveLeft
23265,953,265,None,1719,265,MoveLeft
23266,953,265,None,1712,265,MoveLeft
23267,953,265,None,1705,265,MoveLeft
23268,953,265,None,1698,265,MoveLeft
23269,953,265,None,1691,265,MoveLeft
23270,953,265,None,1684,265,MoveLeft
23271,953,265,None,1677,265,MoveLeft
23272,953,265,None,1670,265,MoveLeft
23273,953,265,None,1663,265,MoveLeft
23274,953,265,None,1656,265,MoveLeft
23275,953,265,None,1649,265,MoveLeft
23276,953,265,None,1642,265,MoveLeft
23277,953,265,None,1635,265,MoveLeft
23278,953,265,None,1628,265,MoveLeft
23279,953,265,None,1621,265,MoveLeft
23280,953,265,None,1614,265,MoveLeft
23281,953,265,None,1607,265,MoveLeft
23282,953,265,None,1600,265,MoveLeft
23283,960,265,MoveRight,1600,265,None
23283,960,265,None,1593,265,MoveLeft
23284,967,265,MoveRight,1593,265,None
23284,967,265,None,1586,265,MoveLeft
23285,974,265,MoveRight,1586,265,None
23285,974,265,None,1579,265,MoveLeft
23286,981,265,MoveRight,1579,265,None
23286,981,265,None,1572,265,MoveLeft
23287,988,265,MoveRight,1572,265,None
23287,988,265,None,1565,265,MoveLeft
23288,995,265,MoveRight,1565,265,None
23288,995,265,None,1558,265,MoveLeft
23289,1002,265,MoveRight,1558,265,None
23289,1002,265,None,1551,265,MoveLeft
23290,1009,265,MoveRight,1551,265,None
23290,1009,265,None,1544,265,MoveLeft
23291,1016,265,MoveRight,1544,265,None
23291,1016,265,None,1537,265,MoveLeft
23292,1023,265,MoveRight,1537,265,None
23292,1023,265,None,1530,265,MoveLeft
23293,1030,265,MoveRight,1530,265,None
23294,1037,265,MoveRight,1530,265,None
23295,1044,265,MoveRight,1530,265,None
23296,1051,265,MoveRight,1530,265,None
23297,1058,265,MoveRight,1530,265,None
23298,1065,265,MoveRight,1530,265,None
23299,1072,265,MoveRight,1530,265,None
23300,1079,265,MoveRight,1530,265,None
23301,1086,265,MoveRight,1530,265,None
23302,1093,265,MoveRight,1530,265,None
23303,1100,265,MoveRight,1530,265,None
23304,1107,265,MoveRight,1530,265,None
23305,1114,265,MoveRight,1530,265,None
23306,1121,265,MoveRight,1530,265,None
23307,1128,265,MoveRight,1530,265,None
23308,1135,265,MoveRight,1530,265,None
23309,1142,265,MoveRight,1530,265,None
23310,1149,265,MoveRight,1530,265,None
23311,1156,265,MoveRight,1530,265,None
23312,1163,265,MoveRight,1530,265,None
23313,1170,265,MoveRight,1530,265,None
23314,1177,265,MoveRight,1530,265,None
23315,1184,265,MoveRight,1530,265,None
23316,1191,265,MoveRight,1530,265,None
23317,1198,265,MoveRight,1530,265,None
23318,1205,265,MoveRight,1530,265,None
23319,1212,265,MoveRight,1530,265,None
23320,1219,265,MoveRight,1530,265,None
23321,1226,265,MoveRight,1530,265,None
23322,1233,265,MoveRight,1530,265,None
23323,1240,265,MoveRight,1530,265,None
23324,1247,265,MoveRight,1530,265,None
23325,1254,265,MoveRight,1530,265,None
23326,1261,265,MoveRight,1530,265,None
23327,1268,265,MoveRight,1530,265,None
23328,1275,265,MoveRight,1530,265,None
23329,1282,265,MoveRight,1530,265,None
23330,1289,265,MoveRight,1530,265,None
23331,1296,265,MoveRight,1530,265,None
23332,1303,265,MoveRight,1530,265,None
23333,1310,265,MoveRight,1530,265,None
23334,1317,265,MoveRight,1530,265,None
23335,1324,265,MoveRight,1530,265,None
23348,1324,284.62,None,1530,265,None
23364,1324,431.77,None,1530,265,SpikeLight
23364,1324,451.39,None,1530,265,None
23365,1324,461.2,None,1530,265,None
23375,1324,559.3,None,1537,265,MoveRight
23376,1324,569.11,None,1544,265,MoveRight
23377,1324,578.92,None,1551,265,MoveRight
23378,1324,569.11,None,1551,265,None
23378,1324,569.11,None,1558,265,MoveRight
23379,1324,559.3,None,1565,265,MoveRight
23380,1324,549.49,None,1572,265,MoveRight
23381,1324,539.68,None,1579,265,MoveRight
23382,1324,529.87,None,1586,265,MoveRight
23383,1324,520.06,None,1593,265,MoveRight
23384,1324,510.25,None,1600,265,MoveRight
23385,1324,500.44,None,1607,265,MoveRight
23386,1324,490.63,None,1614,265,MoveRight
23387,1324,480.82,None,1621,265,MoveRight
23388,1324,471.01,None,1628,265,MoveRight
23389,1324,461.2,None,1635,265,MoveRight
23390,1324,451.39,None,1642,265,MoveRight
23391,1324,441.58,None,1649,265,MoveRight
23392,1324,431.77,None,1649,265,None
23392,1324,431.77,None,1656,265,MoveRight
23393,1324,421.96,None,1663,265,MoveRight
23394,1324,412.15,None,1670,265,MoveRight
23395,1324,402.34,None,1677,265,MoveRight
23396,1324,392.53,None,1684,265,MoveRight
23397,1324,382.72,None,1691,265,MoveRight
23398,1324,372.91,None,1698,265,MoveRight
23399,1324,363.1,None,1705,265,MoveRight
23400,1324,353.29,None,1712,265,MoveRight
23401,1324,343.48,None,1719,265,MoveRight
23402,1324,333.67,None,1726,265,MoveRight
23403,1324,323.86,None,1726,265,None
23404,1320.5,314.05,MoveLeft,1726,265,None
23404,1320.5,314.05,None,1726,265,None
23405,1317,304.24,MoveLeft,1726,265,None
23405,1317,304.24,None,1726,265,None
23406,1313.5,294.43,MoveLeft,1726,265,None
23406,1313.5,294.43,None,1726,265,None
23407,1310,284.62,MoveLeft,1726,265,None
23407,1310,284.62,None,1726,265,None
23408,1306.5,274.81,MoveLeft,1726,265,None
23408,1306.5,274.81,None,1726,265,None
23409,1299.5,265,MoveLeft,1726,265,None
23409,1299.5,265,None,1726,265,None
23410,1292.5,265,MoveLeft,1726,265,None
23410,1292.5,265,None,1726,265,None
23411,1285.5,265,MoveLeft,1726,265,None
23411,1285.5,265,None,1726,265,None
23412,1278.5,265,MoveLeft,1726,265,None
23412,1278.5,265,None,1726,265,None
23413,1271.5,265,MoveLeft,1726,265,None
23413,1271.5,265,None,1726,265,None
23414,1264.5,265,MoveLeft,1726,265,None
23414,1264.5,265,None,1726,265,None
23415,1257.5,265,MoveLeft,1726,265,None
23415,1257.5,265,None,1726,265,None
23416,1250.5,265,MoveLeft,1726,265,None
23416,1250.5,265,None,1726,265,None
23417,1250.5,265,Set,1726,265,None
23417,1243.5,265,MoveLeft,1726,265,None
23417,1243.5,265,None,1726,265,None
23431,1250.5,265,MoveRight,1726,265,None
23453,1243.5,265,MoveLeft,1726,265,None
23454,1236.5,265,MoveLeft,1726,265,None
23455,1229.5,265,MoveLeft,1726,265,None
23456,1222.5,265,MoveLeft,1726,265,None
23457,1215.5,265,MoveLeft,1726,265,None
23458,1208.5,265,MoveLeft,1726,265,None
23459,1201.5,265,MoveLeft,1726,265,None
23460,1194.5,265,MoveLeft,1726,265,None
23469,1201.5,265,MoveRight,1726,265,None
23470,1208.5,265,MoveRight,1726,265,None
23471,1215.5,265,MoveRight,1726,265,None
23472,1222.5,265,MoveRight,1726,265,None
23473,1229.5,265,MoveRight,1726,265,None
23474,1236.5,265,MoveRight,1726,265,None
23475,1243.5,265,MoveRight,1726,265,None
23476,1250.5,265,MoveRight,1726,265,None
23497,1250.5,284.62,None,1726,265,None
23520,1250.5,520.06,None,1726,265,None
23529,1250.5,549.49,None,1726,265,None
23539,1250.5,451.39,None,1726,265,None
23601,1150,265,None,2410,265,Serve
23601,1150,265,None,2410,265,None
23620,1150,265,None,2403,265,MoveLeft
23621,1150,265,None,2396,265,MoveLeft
23622,1150,265,None,2389,265,MoveLeft
23623,1150,265,None,2382,265,MoveLeft
23624,1150,265,None,2375,265,MoveLeft
23625,1150,265,None,2368,265,MoveLeft
23626,1150,265,None,2361,265,MoveLeft
23627,1150,265,None,2354,265,MoveLeft
23628,1150,265,None,2347,265,MoveLeft
23629,1150,265,None,2340,265,MoveLeft
23630,1150,265,None,2333,265,MoveLeft
23631,1150,265,None,2326,265,MoveLeft
23632,1150,265,None,2319,265,MoveLeft
23633,1150,265,None,2312,265,MoveLeft
23634,1150,265,None,2305,265,MoveLeft
23635,1150,265,None,2298,265,MoveLeft
23636,1150,265,None,2291,265,MoveLeft
23637,1150,265,None,2284,265,MoveLeft
23638,1150,265,None,2277,265,MoveLeft
23639,1150,265,None,2270,265,MoveLeft
23640,1150,265,None,2263,265,MoveLeft
23641,1150,265,None,2256,265,MoveLeft
23642,1150,265,None,2249,265,MoveLeft
23643,1150,265,None,2242,265,MoveLeft
23644,1150,265,None,2235,265,MoveLeft
23645,1150,265,None,2228,265,MoveLeft
23646,1150,265,None,2221,265,MoveLeft
23647,1150,265,None,2214,265,MoveLeft
23648,1150,265,None,2207,265,MoveLeft
23649,1150,265,None,2200,265,MoveLeft
23650,1150,265,None,2193,265,MoveLeft
23651,1150,265,None,2186,265,MoveLeft
23652,1150,265,None,2179,265,MoveLeft
23653,1150,265,None,2172,265,MoveLeft
23654,1150,265,None,2165,265,MoveLeft
23655,1150,265,None,2158,265,MoveLeft
23656,1150,265,None,2151,265,MoveLeft
23657,1150,265,None,2144,265,MoveLeft
23658,1150,265,None,2137,265,MoveLeft
23659,1143,265,MoveLeft,2137,265,None
23659,1143,265,None,2130,265,MoveLeft
23660,1136,265,MoveLeft,2130,265,None
23660,1136,265,None,2123,265,MoveLeft
23661,1129,265,MoveLeft,2123,265,None
23661,1129,265,None,2116,265,MoveLeft
23662,1122,265,MoveLeft,2116,265,None
23662,1122,265,None,2109,265,MoveLeft
23663,1115,265,MoveLeft,2109,265,None
23663,1115,265,None,2102,265,MoveLeft
23664,1108,265,MoveLeft,2102,265,None
23664,1108,265,None,2095,265,MoveLeft
23665,1101,265,MoveLeft,2095,265,None
23665,1101,265,None,2088,265,MoveLeft
23666,1094,265,MoveLeft,2088,265,None
23666,1094,265,None,2081,265,MoveLeft
23667,1087,265,MoveLeft,2081,265,None
23667,1087,265,None,2074,265,MoveLeft
23668,1080,265,MoveLeft,2074,265,None
23668,1080,265,None,2067,265,MoveLeft
23669,1073,265,MoveLeft,2067,265,None
23669,1073,265,None,2060,265,MoveLeft
23670,1066,265,MoveLeft,2060,265,None
23670,1066,265,None,2053,265,MoveLeft
23671,1059,265,MoveLeft,2053,265,None
23671,1059,265,None,2046,265,MoveLeft
23672,1052,265,MoveLeft,2046,265,None
23672,1052,265,None,2039,265,MoveLeft
23673,1045,265,MoveLeft,2039,265,None
23673,1045,265,None,2032,265,MoveLeft
23674,1038,265,MoveLeft,2032,265,None
23674,1038,265,None,2025,265,MoveLeft
23675,1031,265,MoveLeft,2025,265,None
23675,1031,265,None,2018,265,MoveLeft
23676,1024,265,MoveLeft,2018,265,None
23676,1024,265,None,2011,265,MoveLeft
23677,1017,265,MoveLeft,2011,265,None
23677,1017,265,None,2004,265,MoveLeft
23678,1143,265,MoveLeft,2410,265,None
23679,1136,265,MoveLeft,2410,265,None
23680,1129,265,MoveLeft,2410,265,None
23681,1122,265,MoveLeft,2410,265,None
23682,1115,265,MoveLeft,2410,265,None
23683,1108,265,MoveLeft,2410,265,None
23684,1101,265,MoveLeft,2410,265,None
23685,1094,265,MoveLeft,2410,265,None
23686,1087,265,MoveLeft,2410,265,None
23687,1080,265,MoveLeft,2410,265,None
23688,1073,265,MoveLeft,2410,265,None
23689,1066,265,MoveLeft,2410,265,None
23690,1059,265,MoveLeft,2410,265,None
23691,1052,265,MoveLeft,2410,265,None
23692,1045,265,MoveLeft,2410,265,None
23693,1038,265,MoveLeft,2410,265,None
23694,1031,265,MoveLeft,2410,265,None
23695,1024,265,MoveLeft,2410,265,None
23696,1017,265,MoveLeft,2410,265,None
23697,1010,265,MoveLeft,2410,265,None
23698,1003,265,MoveLeft,2410,265,None
23699,996,265,MoveLeft,2410,265,None
23700,989,265,MoveLeft,2410,265,None
23701,982,265,MoveLeft,2410,265,None
23702,975,265,MoveLeft,2410,265,None
23703,968,265,MoveLeft,2410,265,None
23704,961,265,MoveLeft,2410,265,None
23705,954,265,MoveLeft,2410,265,None
23706,947,265,MoveLeft,2410,265,None
23707,940,265,MoveLeft,2410,265,None
23708,933,265,MoveLeft,2410,265,None
23709,926,265,MoveLeft,2410,265,None
23728,926,265,None,2410,265,Serve
23728,926,265,None,2410,265,None
23747,926,265,None,2403,265,MoveLeft
23748,926,265,None,2396,265,MoveLeft
23749,926,265,None,2389,265,MoveLeft
23750,926,265,None,2382,265,MoveLeft
23751,926,265,None,2375,265,MoveLeft
23752,926,265,None,2368,265,MoveLeft
23753,926,265,None,2361,265,MoveLeft
23754,926,265,None,2354,265,MoveLeft
23755,926,265,None,2347,265,MoveLeft
23756,926,265,None,2340,265,MoveLeft
23757,926,265,None,2333,265,MoveLeft
23758,926,265,None,2326,265,MoveLeft
23759,926,265,None,2319,265,MoveLeft
23760,926,265,None,2312,265,MoveLeft
23761,926,265,None,2305,265,MoveLeft
23762,926,265,None,2298,265,MoveLeft
23763,926,265,None,2291,265,MoveLeft
23764,926,265,None,2284,265,MoveLeft
23765,926,265,None,2277,265,MoveLeft
23766,926,265,None,2270,265,MoveLeft
23767,926,265,None,2263,265,MoveLeft
23768,926,265,None,2256,265,MoveLeft
23769,926,265,None,2249,265,MoveLeft
23770,926,265,None,2242,265,MoveLeft
23771,919,265,MoveLeft,2242,265,None
23771,919,265,None,2235,265,MoveLeft
23772,912,265,MoveLeft,2235,265,None
23772,912,265,None,2228,265,MoveLeft
23773,905,265,MoveLeft,2228,265,None
23773,905,265,None,2221,265,MoveLeft
23774,898,265,MoveLeft,2221,265,None
23774,898,265,None,2214,265,MoveLeft
23775,891,265,MoveLeft,2214,265,None
23775,891,265,None,2207,265,MoveLeft
23776,884,265,MoveLeft,2207,265,None
23776,884,265,None,2200,265,MoveLeft
23777,877,265,MoveLeft,2200,265,None
23777,877,265,None,2193,265,MoveLeft
23778,870,265,MoveLeft,2193,265,None
23778,870,265,None,2186,265,MoveLeft
23779,870,265,None,2186,265,None
23779,870,265,None,2179,265,MoveLeft
23780,870,265,None,2179,265,None
23780,870,265,None,2172,265,MoveLeft
23781,870,265,None,2172,265,None
23781,870,265,None,2165,265,MoveLeft
23782,870,265,None,2165,265,None
23782,870,265,None,2158,265,MoveLeft
23783,870,265,None,2158,265,None
23783,870,265,None,2151,265,MoveLeft
23784,870,265,None,2151,265,None
23784,870,265,None,2144,265,MoveLeft
23785,870,265,None,2144,265,None
23785,870,265,None,2137,265,MoveLeft
23786,870,265,None,2137,265,None
23786,870,265,None,2130,265,MoveLeft
23787,870,265,None,2130,265,None
23787,870,265,None,2123,265,MoveLeft
23788,870,265,None,2123,265,None
23788,870,265,None,2116,265,MoveLeft
23789,870,265,None,2116,265,None
23789,870,265,None,2109,265,MoveLeft
23790,870,265,None,2109,265,None
23790,870,265,None,2102,265,MoveLeft
23791,870,265,None,2102,265,None
23791,870,265,None,2095,265,MoveLeft
23792,870,265,None,2095,265,None
23792,870,265,None,2088,265,MoveLeft
23793,870,265,None,2088,265,None
23793,870,265,None,2081,265,MoveLeft
23794,870,265,None,2081,265,None
23794,870,265,None,2074,265,MoveLeft
23795,870,265,None,2074,265,None
23795,870,265,None,2067,265,MoveLeft
23796,870,265,None,2067,265,None
23796,870,265,None,2060,265,MoveLeft
23797,870,265,None,2060,265,None
23797,870,265,None,2053,265,MoveLeft
23798,870,265,None,2053,265,None
23798,870,265,None,2046,265,MoveLeft
23799,870,265,None,2046,265,None
23799,870,265,None,2039,265,MoveLeft
23800,870,265,Bump,2039,265,None
23800,870,265,None,2039,265,None
23800,870,265,None,2032,265,MoveLeft
23801,870,265,None,2025,265,MoveLeft
23802,870,265,None,2018,265,MoveLeft
23803,870,265,None,2011,265,MoveLeft
23804,870,265,None,2004,265,MoveLeft
23805,870,265,None,1997,265,MoveLeft
23806,870,265,None,1990,265,MoveLeft
23807,870,265,None,1983,265,MoveLeft
23808,870,265,None,1976,265,MoveLeft
23809,870,265,None,1969,265,MoveLeft
23810,870,265,None,1962,265,MoveLeft
23811,870,265,None,1955,265,MoveLeft
23812,870,265,None,1948,265,MoveLeft
23813,870,265,None,1941,265,MoveLeft
23814,870,265,None,1934,265,MoveLeft
23815,870,265,None,1927,265,MoveLeft
23816,870,265,None,1920,265,MoveLeft
23817,870,265,None,1913,265,MoveLeft
23818,870,265,None,1906,265,MoveLeft
23819,870,265,None,1899,265,MoveLeft
23820,877,265,MoveRight,1899,265,None
23820,877,265,None,1892,265,MoveLeft
23821,884,265,MoveRight,1892,265,None
23821,884,265,None,1885,265,MoveLeft
23822,891,265,MoveRight,1885,265,None
23822,891,265,None,1878,265,MoveLeft
23823,898,265,MoveRight,1878,265,None
23823,898,265,None,1871,265,MoveLeft
23824,905,265,MoveRight,1871,265,None
23824,905,265,None,1864,265,MoveLeft
23825,912,265,MoveRight,1864,265,None
23825,912,265,None,1857,265,MoveLeft
23826,919,265,MoveRight,1857,265,None
23826,919,265,None,1850,265,MoveLeft
23827,926,265,MoveRight,1850,265,None
23827,926,265,None,1843,265,MoveLeft
23828,933,265,MoveRight,1843,265,None
23828,933,265,None,1836,265,MoveLeft
23829,940,265,MoveRight,1836,265,None
23829,940,265,None,1829,265,MoveLeft
23830,947,265,MoveRight,1829,265,None
23830,947,265,None,1822,265,MoveLeft
23831,954,265,MoveRight,1822,265,None
23831,954,265,None,1815,265,MoveLeft
23832,961,265,MoveRight,1815,265,None
23832,961,265,None,1808,265,MoveLeft
23833,968,265,MoveRight,1808,265,None
23833,968,265,None,1801,265,MoveLeft
23834,975,265,MoveRight,1801,265,None
23834,975,265,None,1794,265,MoveLeft
23835,982,265,MoveRight,1794,265,None
23835,982,265,None,1787,265,MoveLeft
23836,989,265,MoveRight,1787,265,None
23836,989,265,None,1780,265,MoveLeft
23837,996,265,MoveRight,1780,265,None
23837,996,265,None,1773,265,MoveLeft
23838,1003,265,MoveRight,1773,265,None
23838,1003,265,None,1766,265,MoveLeft
23839,1010,265,MoveRight,1766,265,None
23839,1010,265,None,1759,265,MoveLeft
23840,1017,265,MoveRight,1759,265,None
23840,1017,265,None,1752,265,MoveLeft
23841,1024,265,MoveRight,1752,265,None
23841,1024,265,None,1745,265,MoveLeft
23842,1031,265,MoveRight,1745,265,None
23842,1031,265,None,1738,265,MoveLeft
23843,1038,265,MoveRight,1738,265,None
23843,1038,265,None,1731,265,MoveLeft
23844,1045,265,MoveRight,1731,265,None
23845,1052,265,MoveRight,1731,265,None
23846,1059,265,MoveRight,1731,265,None
23847,1066,265,MoveRight,1731,265,None
23848,1073,265,MoveRight,1731,265,None
23849,1080,265,MoveRight,1731,265,None
23850,1087,265,MoveRight,1731,265,None
23851,1094,265,MoveRight,1731,265,None
23852,1101,265,MoveRight,1731,265,None
23853,1108,265,MoveRight,1731,265,None
23854,1115,265,MoveRight,1731,265,None
23855,1122,265,MoveRight,1731,265,None
23856,1129,265,MoveRight,1731,265,None
23857,1136,265,MoveRight,1731,265,None
23858,1143,265,MoveRight,1731,265,None
23859,1150,265,MoveRight,1731,265,None
23860,1157,265,MoveRight,1731,265,None
23861,1164,265,MoveRight,1731,265,None
23862,1171,265,MoveRight,1731,265,None
23863,1178,265,MoveRight,1731,265,None
23864,1185,265,MoveRight,1731,265,None
23865,1192,265,MoveRight,1731,265,None
23866,1199,265,MoveRight,1731,265,None
23867,1206,265,MoveRight,1731,265,None
23868,1213,265,MoveRight,1731,265,None
23869,1220,265,MoveRight,1731,265,None
23870,1227,265,MoveRight,1731,265,None
23871,1234,265,MoveRight,1731,265,None
23872,1241,265,MoveRight,1731,265,None
23873,1248,265,MoveRight,1731,265,None
23874,1255,265,MoveRight,1731,265,None
23875,1262,265,MoveRight,1731,265,None
23876,1269,265,MoveRight,1731,265,None
23877,1276,265,MoveRight,1731,265,None
23878,1283,265,MoveRight,1731,265,None
23879,1290,265,MoveRight,1731,265,None
23880,1297,265,MoveRight,1731,265,None
23881,1304,265,MoveRight,1731,265,None
23888,1304,265,None,1724,265,MoveLeft
23905,1297,265,MoveLeft,1724,265,None
23906,1290,265,MoveLeft,1724,265,None
23907,1283,265,MoveLeft,1724,265,None
23908,1276,265,MoveLeft,1724,265,None
23909,1269,265,MoveLeft,1724,265,None
23910,1262,265,MoveLeft,1724,265,None
23911,1255,265,MoveLeft,1724,265,None
23912,1248,265,MoveLeft,1724,265,None
23913,1241,265,MoveLeft,1724,265,None
23914,1234,265,MoveLeft,1724,265,None
23915,1227,265,MoveLeft,1724,265,None
23916,1220,265,MoveLeft,1724,265,None
23917,1213,265,MoveLeft,1724,265,None
23918,1206,265,MoveLeft,1724,265,None
23919,1199,265,MoveLeft,1724,265,None
23920,1192,265,MoveLeft,1724,265,None
23921,1185,265,MoveLeft,1724,265,None
23922,1178,265,MoveLeft,1724,265,None
23923,1171,265,MoveLeft,1724,265,None
23924,1164,265,MoveLeft,1724,265,None
23925,1157,265,MoveLeft,1724,265,None
23926,1150,265,MoveLeft,1724,265,None
23927,1143,265,MoveLeft,1724,265,None
23928,1136,265,MoveLeft,1724,265,None
23929,1129,265,MoveLeft,1724,265,None
23933,1129,265,Set,1724,265,None
23933,1129,265,None,1724,265,None
23964,1122,265,MoveLeft,1724,265,None
23965,1115,265,MoveLeft,1724,265,None
23966,1108,265,MoveLeft,1724,265,None
23967,1101,265,MoveLeft,1724,265,None
23968,1094,265,MoveLeft,1724,265,None
23969,1087,265,MoveLeft,1724,265,None
23970,1080,265,MoveLeft,1724,265,None
23971,1073,265,MoveLeft,1724,265,None
24004,1073,284.62,None,1724,265,None
24021,1076.5,461.2,MoveRight,1724,265,None
24022,1080,471.01,MoveRight,1724,265,None
24023,1083.5,480.82,MoveRight,1724,265,None
24024,1087,490.63,MoveRight,1724,265,None
24025,1090.5,500.44,MoveRight,1724,265,None
24026,1094,510.25,MoveRight,1724,265,None
24027,1097.5,520.06,MoveRight,1724,265,None
24028,1101,529.87,MoveRight,1724,265,None
24029,1104.5,539.68,MoveRight,1724,265,None
24030,1108,549.49,MoveRight,1724,265,None
24031,1111.5,559.3,MoveRight,1724,265,None
24032,1115,569.11,MoveRight,1724,265,None
24033,1118.5,578.92,MoveRight,1724,265,None
24034,1122,569.11,MoveRight,1724,265,None
24035,1125.5,559.3,MoveRight,1724,265,None
24036,1129,549.49,MoveRight,1724,265,None
24037,1132.5,539.68,MoveRight,1724,265,None
24038,1136,529.87,MoveRight,1724,265,None
24039,1139.5,520.06,MoveRight,1724,265,None
24040,1143,510.25,MoveRight,1724,265,None
24041,1143,500.44,Spike,1724,265,None
24041,1146.5,500.44,MoveRight,1724,265,None
24055,1157,265,MoveRight,2410,265,None
24056,1164,265,MoveRight,2410,265,None
24057,1171,265,MoveRight,2410,265,None
24058,1178,265,MoveRight,2410,265,None
24059,1185,265,MoveRight,2410,265,None
24060,1192,265,MoveRight,2410,265,None
24061,1199,265,MoveRight,2410,265,None
24062,1206,265,MoveRight,2410,265,None
24063,1213,265,MoveRight,2410,265,None
24064,1220,265,MoveRight,2410,265,None
24093,1213,265,MoveLeft,2410,265,None
24094,1206,265,MoveLeft,2410,265,None
24095,1199,265,MoveLeft,2410,265,None
24096,1192,265,MoveLeft,2410,265,None
24097,1185,265,MoveLeft,2410,265,None
24098,1178,265,MoveLeft,2410,265,None
24099,1171,265,MoveLeft,2410,265,None
24100,1171,265,None,2410,265,Serve
24100,1164,265,MoveLeft,2410,265,None
24100,1164,265,None,2410,265,None
24101,1157,265,MoveLeft,2410,265,None
24102,1150,265,MoveLeft,2410,265,None
24120,1150,265,None,2403,265,MoveLeft
24121,1150,265,None,2396,265,MoveLeft
24122,1150,265,None,2389,265,MoveLeft
24123,1150,265,None,2382,265,MoveLeft
24124,1150,265,None,2375,265,MoveLeft
24125,1150,265,None,2368,265,MoveLeft
24126,1150,265,None,2361,265,MoveLeft
24127,1150,265,None,2354,265,MoveLeft
24128,1150,265,None,2347,265,MoveLeft
24129,1150,265,None,2340,265,MoveLeft
24130,1150,265,None,2333,265,MoveLeft
24131,1150,265,None,2326,265,MoveLeft
24132,1150,265,None,2319,265,MoveLeft
24133,1150,265,None,2312,265,MoveLeft
24134,1150,265,None,2305,265,MoveLeft
24135,1150,265,None,2298,265,MoveLeft
24136,1150,265,None,2291,265,MoveLeft
24137,1150,265,None,2284,265,MoveLeft
24138,1150,265,None,2277,265,MoveLeft
24139,1150,265,None,2270,265,MoveLeft
24140,1150,265,None,2263,265,MoveLeft
24141,1150,265,None,2256,265,MoveLeft
24142,1150,265,None,2249,265,MoveLeft
24143,1150,265,None,2242,265,MoveLeft
24144,1150,265,None,2235,265,MoveLeft
24145,1150,265,None,2228,265,MoveLeft
24146,1150,265,None,2221,265,MoveLeft
24147,1150,265,None,2214,265,MoveLeft
24148,1150,265,None,2207,265,MoveLeft
24149,1143,265,MoveLeft,2207,265,None
24149,1143,265,None,2200,265,MoveLeft
24150,1136,265,MoveLeft,2200,265,None
24150,1136,265,None,2193,265,MoveLeft
24151,1129,265,MoveLeft,2193,265,None
24151,1129,265,None,2186,265,MoveLeft
24152,1122,265,MoveLeft,2186,265,None
24152,1122,265,None,2179,265,MoveLeft
24153,1115,265,MoveLeft,2179,265,None
24153,1115,265,None,2172,265,MoveLeft
24154,1108,265,MoveLeft,2172,265,None
24154,1108,265,None,2165,265,MoveLeft
24155,1101,265,MoveLeft,2165,265,None
24155,1101,265,None,2158,265,MoveLeft
24156,1094,265,MoveLeft,2158,265,None
24156,1094,265,None,2151,265,MoveLeft
24157,1087,265,MoveLeft,2151,265,None
24157,1087,265,None,2144,265,MoveLeft
24158,1080,265,MoveLeft,2144,265,None
24158,1080,265,None,2137,265,MoveLeft
24159,1073,265,MoveLeft,2137,265,None
24159,1073,265,None,2130,265,MoveLeft
24160,1066,265,MoveLeft,2130,265,None
24160,1066,265,None,2123,265,MoveLeft
24161,1059,265,MoveLeft,2123,265,None
24161,1059,265,None,2116,265,MoveLeft
24162,1052,265,MoveLeft,2116,265,None
24162,1052,265,None,2109,265,MoveLeft
24163,1045,265,MoveLeft,2109,265,None
24163,1045,265,None,2102,265,MoveLeft
24164,1038,265,MoveLeft,2102,265,None
24164,1038,265,None,2095,265,MoveLeft
24165,1031,265,MoveLeft,2095,265,None
24165,1031,265,None,2088,265,MoveLeft
24166,1024,265,MoveLeft,2088,265,None
24166,1024,265,None,2081,265,MoveLeft
24167,1017,265,MoveLeft,2081,265,None
24167,1017,265,None,2074,265,MoveLeft
24168,1010,265,MoveLeft,2074,265,None
24168,1010,265,None,2067,265,MoveLeft
24169,1003,265,MoveLeft,2067,265,None
24169,1003,265,None,2060,265,MoveLeft
24170,1003,265,Bump,2060,265,None
24170,996,265,MoveLeft,2060,265,None
24170,996,265,None,2053,265,MoveLeft
24171,996,265,None,2046,265,MoveLeft
24172,996,265,None,2039,265,MoveLeft
24173,996,265,None,2032,265,MoveLeft
24174,996,265,None,2025,265,MoveLeft
24175,996,265,None,2018,265,MoveLeft
24176,996,265,None,2011,265,MoveLeft
24177,996,265,None,2004,265,MoveLeft
24178,996,265,None,1997,265,MoveLeft
24179,996,265,None,1990,265,MoveLeft
24180,996,265,None,1983,265,MoveLeft
24181,996,265,None,1976,265,MoveLeft
24182,996,265,None,1969,265,MoveLeft
24183,996,265,None,1962,265,MoveLeft
24184,996,265,None,1955,265,MoveLeft
24185,996,265,None,1948,265,MoveLeft
24186,996,265,None,1941,265,MoveLeft
24187,996,265,None,1934,265,MoveLeft
24188,996,265,None,1927,265,MoveLeft
24189,996,265,None,1920,265,MoveLeft
24190,1003,265,MoveRight,1920,265,None
24190,1003,265,None,1913,265,MoveLeft
24191,1010,265,MoveRight,1913,265,None
24191,1010,265,None,1906,265,MoveLeft
24192,1017,265,MoveRight,1906,265,None
24192,1017,265,None,1899,265,MoveLeft
24193,1024,265,MoveRight,1899,265,None
24193,1024,265,None,1892,265,MoveLeft
24194,1024,265,None,1885,265,MoveLeft
24195,1031,265,MoveRight,1885,265,None
24195,1031,265,None,1878,265,MoveLeft
24196,1038,265,MoveRight,1878,265,None
24196,1038,265,None,1871,265,MoveLeft
24197,1045,265,MoveRight,1871,265,None
24197,1045,265,None,1864,265,MoveLeft
24198,1052,265,MoveRight,1864,265,None
24198,1052,265,None,1857,265,MoveLeft
24199,1059,265,MoveRight,1857,265,None
24199,1059,265,None,1850,265,MoveLeft
24200,1066,265,MoveRight,1850,265,None
24200,1066,265,None,1843,265,MoveLeft
24201,1073,265,MoveRight,1843,265,None
24201,1073,265,None,1836,265,MoveLeft
24202,1080,265,MoveRight,1836,265,None
24202,1080,265,None,1829,265,MoveLeft
24203,1087,265,MoveRight,1829,265,None
24203,1087,265,None,1822,265,MoveLeft
24204,1094,265,MoveRight,1822,265,None
24204,1094,265,None,1815,265,MoveLeft
24205,1101,265,MoveRight,1815,265,None
24205,1101,265,None,1808,265,MoveLeft
24206,1108,265,MoveRight,1808,265,None
24206,1108,265,None,1801,265,MoveLeft
24207,1115,265,MoveRight,1801,265,None
24207,1115,265,None,1794,265,MoveLeft
24208,1122,265,MoveRight,1794,265,None
24208,1122,265,None,1787,265,MoveLeft
24209,1129,265,MoveRight,1787,265,None
24209,1129,265,None,1780,265,MoveLeft
24210,1136,265,MoveRight,1780,265,None
24210,1136,265,None,1773,265,MoveLeft
24211,1143,265,MoveRight,1773,265,None
24211,1143,265,None,1766,265,MoveLeft
24212,1150,265,MoveRight,1766,265,None
24212,1150,265,None,1759,265,MoveLeft
24213,1157,265,MoveRight,1759,265,None
24213,1157,265,None,1752,265,MoveLeft
24214,1164,265,MoveRight,1752,265,None
24214,1164,265,None,1745,265,MoveLeft
24215,1171,265,MoveRight,1745,265,None
24215,1171,265,None,1738,265,MoveLeft
24216,1178,265,MoveRight,1738,265,None
24216,1178,265,None,1731,265,MoveLeft
24217,1185,265,MoveRight,1731,265,None
24217,1185,265,None,1724,265,MoveLeft
24218,1192,265,MoveRight,1724,265,None
24218,1192,265,None,1717,265,MoveLeft
24219,1199,265,MoveRight,1717,265,None
24219,1199,265,None,1710,265,MoveLeft
24220,1206,265,MoveRight,1710,265,None
24220,1206,265,None,1703,265,MoveLeft
24221,1213,265,MoveRight,1703,265,None
24221,1213,265,None,1696,265,MoveLeft
24222,1220,265,MoveRight,1696,265,None
24222,1220,265,None,1689,265,MoveLeft
24223,1227,265,MoveRight,1689,265,None
24223,1227,265,None,1682,265,MoveLeft
24224,1234,265,MoveRight,1682,265,None
24224,1234,265,None,1675,265,MoveLeft
24225,1241,265,MoveRight,1675,265,None
24225,1241,265,None,1668,265,MoveLeft
24226,1248,265,MoveRight,1668,265,None
24226,1248,265,None,1661,265,MoveLeft
24227,1255,265,MoveRight,1661,265,None
24227,1255,265,None,1654,265,MoveLeft
24228,1262,265,MoveRight,1654,265,None
24228,1262,265,None,1647,265,MoveLeft
24229,1262,265,None,1640,265,MoveLeft
24230,1262,265,None,1633,265,MoveLeft
24231,1262,265,None,1626,265,MoveLeft
24232,1262,265,None,1619,265,MoveLeft
24233,1262,265,None,1612,265,MoveLeft
24234,1262,265,None,1605,265,MoveLeft
24235,1262,265,None,1598,265,MoveLeft
24236,1262,265,None,1591,265,MoveLeft
24237,1262,265,None,1584,265,MoveLeft
24238,1262,265,None,1577,265,MoveLeft
24239,1262,265,None,1570,265,MoveLeft
24240,1262,265,None,1563,265,MoveLeft
24241,1262,265,None,1556,265,MoveLeft
24242,1262,265,None,1549,265,MoveLeft
24243,1262,265,None,1542,265,MoveLeft
24244,1262,265,None,1535,265,MoveLeft
24245,1262,265,None,1528,265,MoveLeft
24246,1262,265,None,1521,265,MoveLeft
24247,1262,265,None,1514,265,MoveLeft
24248,1262,265,None,1507,265,MoveLeft
24249,1262,265,None,1500,265,MoveLeft
24250,1262,265,None,1493,265,MoveLeft
24251,1262,265,None,1486,265,MoveLeft
24252,1262,265,None,1479,265,MoveLeft
24259,1255,265,MoveLeft,1479,265,None
24260,1248,265,MoveLeft,1479,265,None
24261,1241,265,MoveLeft,1479,265,None
24262,1234,265,MoveLeft,1479,265,None
24263,1227,265,MoveLeft,1479,265,None
24264,1220,265,MoveLeft,1479,265,None
24265,1213,265,MoveLeft,1479,265,None
24266,1206,265,MoveLeft,1479,265,None
24267,1199,265,MoveLeft,1479,265,None
24268,1192,265,MoveLeft,1479,265,None
24269,1192,265,None,1479,265,SpikeLight
24269,1185,265,MoveLeft,1479,265,None
24269,1185,265,None,1479,265,None
24270,1178,265,MoveLeft,1479,265,None
24279,1178,265,None,1486,265,MoveRight
24280,1178,265,None,1493,265,MoveRight
24281,1178,265,None,1500,265,MoveRight
24282,1178,265,None,1507,265,MoveRight
24283,1178,265,None,1514,265,MoveRight
24284,1178,265,None,1521,265,MoveRight
24285,1178,265,None,1528,265,MoveRight
24286,1178,265,None,1535,265,MoveRight
24287,1178,265,None,1542,265,MoveRight
24288,1178,265,None,1549,265,MoveRight
24289,1178,265,None,1556,265,MoveRight
24290,1178,265,None,1563,265,MoveRight
24291,1178,265,None,1570,265,MoveRight
24292,1178,265,None,1577,265,MoveRight
24293,1178,265,None,1584,265,MoveRight
24294,1178,265,None,1591,265,MoveRight
24295,1178,265,None,1598,265,MoveRight
24296,1178,265,None,1605,265,MoveRight
24297,1178,265,None,1612,265,MoveRight
24298,1178,265,None,1619,265,MoveRight
24299,1178,265,None,1626,265,MoveRight
24300,1178,265,None,1633,265,MoveRight
24301,1178,265,None,1640,265,MoveRight
24302,1178,265,None,1647,265,MoveRight
24303,1178,265,None,1654,265,MoveRight
24304,1178,265,None,1661,265,MoveRight
24305,1178,265,None,1668,265,MoveRight
24306,1178,265,None,1675,265,MoveRight
24307,1178,265,None,1682,265,MoveRight
24308,1178,265,None,1689,265,MoveRight
24309,1178,265,None,1696,265,MoveRight
24310,1178,265,None,1703,265,MoveRight
24311,1178,265,None,1710,265,MoveRight
24312,1178,265,None,1717,265,MoveRight
24313,1178,265,None,1724,265,MoveRight
24314,1178,265,None,1724,265,None
24315,1178,265,None,1724,265,None
24316,1178,265,None,1724,265,None
24317,1178,265,None,1724,265,None
24318,1178,265,None,1724,265,None
24319,1178,265,None,1724,265,None
24320,1178,265,None,1724,265,None
24321,1171,265,MoveLeft,1724,265,None
24321,1171,265,None,1724,265,None
24322,1164,265,MoveLeft,1724,265,None
24322,1164,265,None,1724,265,None
24323,1157,265,MoveLeft,1724,265,None
24323,1157,265,None,1724,265,None
24324,1150,265,MoveLeft,1724,265,None
24324,1150,265,None,1724,265,None
24325,1143,265,MoveLeft,1724,265,None
24325,1143,265,None,1724,265,None
24326,1143,265,Bump,1724,265,None
24326,1136,265,MoveLeft,1724,265,None
24326,1136,265,None,1724,265,None
24327,1136,265,None,1717,265,MoveLeft
24328,1136,265,None,1710,265,MoveLeft
24329,1136,265,None,1703,265,MoveLeft
24330,1136,265,None,1696,265,MoveLeft
24331,1136,265,None,1689,265,MoveLeft
24332,1136,265,None,1682,265,MoveLeft
24333,1136,265,None,1675,265,MoveLeft
24334,1136,265,None,1668,265,MoveLeft
24335,1136,265,None,1661,265,MoveLeft
24336,1136,265,None,1654,265,MoveLeft
24345,1143,265,MoveRight,1654,265,None
24346,1150,265,MoveRight,1654,265,None
24347,1157,265,MoveRight,1654,265,None
24348,1164,265,MoveRight,1654,265,None
24349,1171,265,MoveRight,1654,265,None
24425,1171,265,None,1654,265,SpikeLight
24425,1171,265,None,1654,265,None
24436,1171,265,None,1661,265,MoveRight
24437,1171,265,None,1668,265,MoveRight
24438,1171,265,None,1675,265,MoveRight
24439,1171,265,None,1682,265,MoveRight
24440,1171,265,None,1689,265,MoveRight
24441,1171,265,None,1696,265,MoveRight
24442,1171,265,None,1703,265,MoveRight
24443,1171,265,None,1710,265,MoveRight
24444,1171,265,None,1717,265,MoveRight
24445,1171,265,None,1724,265,MoveRight
24446,1171,265,None,1724,265,None
24447,1171,265,None,1724,265,None
24448,1171,265,None,1724,265,None
24449,1171,265,None,1724,265,None
24450,1171,265,None,1724,265,None
24451,1171,265,None,1724,265,None
24452,1171,265,None,1724,265,None
24453,1171,265,None,1724,265,None
24454,1171,265,None,1724,265,None
24455,1171,265,None,1724,265,None
24456,1171,265,None,1724,265,None
24457,1171,265,None,1724,265,None
24458,1171,265,None,1724,265,None
24459,1171,265,None,1724,265,None
24460,1171,265,None,1724,265,None
24461,1171,265,None,1724,265,None
24462,1171,265,None,1724,265,None
24463,1171,265,None,1724,265,None
24464,1171,265,None,1724,265,None
24465,1171,265,None,1724,265,None
24466,1171,265,None,1724,265,None
24467,1171,265,None,1724,265,None
24468,1171,265,None,1724,265,None
24469,1171,265,None,1724,265,None
24470,1171,265,None,1724,265,None
24471,1171,265,None,1724,265,None
24472,1171,265,None,1724,265,None
24473,1171,265,None,1724,265,None
24474,1178,265,MoveRight,1724,265,None
24474,1178,265,None,1724,265,None
24475,1185,265,MoveRight,1724,265,None
24475,1185,265,None,1724,265,None
24476,1192,265,MoveRight,1724,265,None
24476,1192,265,None,1724,265,None
24477,1199,265,MoveRight,1724,265,None
24477,1199,265,None,1724,265,None
24478,1206,265,MoveRight,1724,265,None
24478,1206,265,None,1724,265,None
24479,1213,265,MoveRight,1724,265,None
24479,1213,265,None,1724,265,None
24480,1206,265,MoveLeft,1724,265,None
24480,1206,265,None,1724,265,None
24481,1199,265,MoveLeft,1724,265,None
24481,1199,265,None,1724,265,None
24482,1192,265,MoveLeft,1724,265,None
24482,1192,265,None,1724,265,None
24483,1185,265,MoveLeft,1724,265,None
24483,1185,265,None,1724,265,None
24484,1178,265,MoveLeft,1724,265,None
24484,1178,265,None,1724,265,None
24485,1171,265,MoveLeft,1724,265,None
24485,1171,265,None,1724,265,None
24486,1164,265,MoveLeft,1724,265,None
24486,1164,265,None,1724,265,None
24487,1157,265,MoveLeft,1724,265,None
24487,1157,265,None,1724,265,None
24488,1150,265,MoveLeft,1724,265,None
24488,1150,265,None,1724,265,None
24489,1143,265,MoveLeft,1724,265,None
24489,1143,265,None,1724,265,None
24490,1136,265,MoveLeft,1724,265,None
24490,1136,265,None,1724,265,None
24491,1129,265,MoveLeft,1724,265,None
24491,1129,265,None,1724,265,None
24492,1122,265,MoveLeft,1724,265,None
24492,1122,265,None,1724,265,None
24493,1115,265,MoveLeft,1724,265,None
24493,1115,265,None,1724,265,None
24494,1108,265,MoveLeft,1724,265,None
24494,1108,265,None,1724,265,None
24495,1101,265,MoveLeft,1724,265,None
24495,1101,265,None,1724,265,None
24496,1094,265,MoveLeft,1724,265,None
24496,1094,265,None,1724,265,None
24497,1087,265,MoveLeft,1724,265,None
24497,1087,265,None,1724,265,None
24498,1080,265,MoveLeft,1724,265,None
24498,1080,265,None,1724,265,None
24499,1073,265,MoveLeft,1724,265,None
24499,1073,265,None,1724,265,None
24500,1066,265,MoveLeft,1724,265,None
24500,1066,265,None,1724,265,None
24501,1059,265,MoveLeft,1724,265,None
24501,1059,265,None,1724,265,None
24502,1052,265,MoveLeft,1724,265,None
24502,1052,265,None,1724,265,None
24503,1045,265,MoveLeft,1724,265,None
24503,1045,265,None,1724,265,None
24504,1038,265,MoveLeft,1724,265,None
24504,1038,265,None,1724,265,None
24505,1031,265,MoveLeft,1724,265,None
24505,1031,265,None,1724,265,None
24506,1024,265,MoveLeft,1724,265,None
24506,1024,265,None,1724,265,None
24507,1017,265,MoveLeft,1724,265,None
24507,1017,265,None,1724,265,None
24508,1010,265,MoveLeft,1724,265,None
24508,1010,265,None,1724,265,None
24509,1010,265,None,1724,265,None
24509,1010,265,None,1724,265,None
24510,1010,265,None,1724,265,None
24511,1010,265,None,1724,265,None
24512,1010,265,None,1724,265,None
24513,1010,265,None,1724,265,None
24514,1010,265,None,1724,265,None
24515,1010,265,None,1724,265,None
24516,1010,265,None,1724,265,None
24517,1010,265,None,1724,265,None
24518,1010,265,None,1724,265,None
24519,1010,265,None,1724,265,None
24520,1010,265,None,1724,265,None
24521,1010,265,None,1724,265,None
24522,1010,265,None,1724,265,None
24523,1010,265,None,1724,265,None
24524,1010,265,None,1724,265,None
24525,1010,265,None,1724,265,None
24526,1010,265,None,1724,265,None
24527,1010,265,None,1724,265,None
24528,1010,265,None,1724,265,None
24529,1010,265,None,1724,265,None
24530,1010,265,None,1724,265,None
24531,1010,265,None,1724,265,None
24532,1010,284.62,None,1724,265,None
24532,1010,284.62,None,1724,265,None
24533,1010,304.24,None,1724,265,None
24534,1010,314.05,None,1724,265,None
24535,1010,323.86,None,1724,265,None
24536,1010,333.67,None,1724,265,None
24537,1010,343.48,None,1724,265,None
24538,1010,353.29,None,1724,265,None
24539,1010,363.1,None,1724,265,None
24540,1010,372.91,None,1724,265,None
24541,1010,382.72,None,1724,265,None
24542,1010,392.53,None,1724,265,None
24543,1010,402.34,None,1724,265,None
24543,1010,402.34,None,1724,265,None
24544,1010,412.15,None,1724,265,None
24545,1010,421.96,None,1724,265,None
24546,1010,431.77,None,1724,265,None
24547,1010,441.58,None,1724,265,None
24548,1010,451.39,None,1724,265,None
24549,1010,461.2,None,1724,265,None
24600,1150,265,None,2410,265,Serve
24600,1150,265,None,2410,265,None
24619,1150,265,None,2403,265,MoveLeft
24620,1150,265,None,2396,265,MoveLeft
24621,1150,265,None,2389,265,MoveLeft
24622,1150,265,None,2382,265,MoveLeft
24623,1150,265,None,2375,265,MoveLeft
24624,1150,265,None,2368,265,MoveLeft
24625,1150,265,None,2361,265,MoveLeft
24626,1150,265,None,2354,265,MoveLeft
24627,1150,265,None,2347,265,MoveLeft
24628,1150,265,None,2340,265,MoveLeft
24629,1150,265,None,2333,265,MoveLeft
24630,1150,265,None,2326,265,MoveLeft
24631,1150,265,None,2319,265,MoveLeft
24632,1150,265,None,2312,265,MoveLeft
24633,1150,265,None,2305,265,MoveLeft
24634,1150,265,None,2298,265,MoveLeft
24635,1150,265,None,2291,265,MoveLeft
24636,1150,265,None,2284,265,MoveLeft
24637,1150,265,None,2277,265,MoveLeft
24638,1143,265,MoveLeft,2277,265,None
24638,1143,265,None,2270,265,MoveLeft
24639,1136,265,MoveLeft,2270,265,None
24639,1136,265,None,2263,265,MoveLeft
24640,1129,265,MoveLeft,2263,265,None
24640,1129,265,None,2256,265,MoveLeft
24641,1122,265,MoveLeft,2256,265,None
24641,1122,265,None,2249,265,MoveLeft
24642,1115,265,MoveLeft,2249,265,None
24642,1115,265,None,2242,265,MoveLeft
24643,1108,265,MoveLeft,2242,265,None
24643,1108,265,None,2235,265,MoveLeft
24644,1101,265,MoveLeft,2235,265,None
24644,1101,265,None,2228,265,MoveLeft
24645,1094,265,MoveLeft,2228,265,None
24645,1094,265,None,2221,265,MoveLeft
24646,1087,265,MoveLeft,2221,265,None
24646,1087,265,None,2214,265,MoveLeft
24647,1087,265,None,2207,265,MoveLeft
24648,1087,265,None,2200,265,MoveLeft
24649,1087,265,None,2193,265,MoveLeft
24650,1080,265,MoveLeft,2193,265,None
24650,1080,265,None,2186,265,MoveLeft
24651,1073,265,MoveLeft,2186,265,None
24651,1073,265,None,2179,265,MoveLeft
24652,1066,265,MoveLeft,2179,265,None
24652,1066,265,None,2172,265,MoveLeft
24653,1059,265,MoveLeft,2172,265,None
24653,1059,265,None,2165,265,MoveLeft
24654,1052,265,MoveLeft,2165,265,None
24654,1052,265,None,2158,265,MoveLeft
24655,1045,265,MoveLeft,2158,265,None
24655,1045,265,None,2151,265,MoveLeft
24656,1038,265,MoveLeft,2151,265,None
24656,1038,265,None,2144,265,MoveLeft
24657,1031,265,MoveLeft,2144,265,None
24657,1031,265,None,2137,265,MoveLeft
24658,1024,265,MoveLeft,2137,265,None
24658,1024,265,None,2130,265,MoveLeft
24659,1017,265,MoveLeft,2130,265,None
24659,1017,265,None,2123,265,MoveLeft
24660,1010,265,MoveLeft,2123,265,None
24660,1010,265,None,2116,265,MoveLeft
24661,1003,265,MoveLeft,2116,265,None
24661,1003,265,None,2109,265,MoveLeft
24662,996,265,MoveLeft,2109,265,None
24662,996,265,None,2102,265,MoveLeft
24663,989,265,MoveLeft,2102,265,None
24663,989,265,None,2095,265,MoveLeft
24664,982,265,MoveLeft,2095,265,None
24664,982,265,None,2088,265,MoveLeft
24665,975,265,MoveLeft,2088,265,None
24665,975,265,None,2081,265,MoveLeft
24666,968,265,MoveLeft,2081,265,None
24666,968,265,None,2074,265,MoveLeft
24667,961,265,MoveLeft,2074,265,None
24667,961,265,None,2067,265,MoveLeft
24668,954,265,MoveLeft,2067,265,None
24668,954,265,None,2060,265,MoveLeft
24669,947,265,MoveLeft,2060,265,None
24669,947,265,None,2053,265,MoveLeft
24670,947,265,Bump,2053,265,None
24670,940,265,MoveLeft,2053,265,None
24670,940,265,None,2046,265,MoveLeft
24671,940,265,None,2039,265,MoveLeft
24672,940,265,None,2032,265,MoveLeft
24673,940,265,None,2025,265,MoveLeft
24674,940,265,None,2018,265,MoveLeft
24675,940,265,None,2011,265,MoveLeft
24676,940,265,None,2004,265,MoveLeft
24677,940,265,None,1997,265,MoveLeft
24678,940,265,None,1990,265,MoveLeft
24679,940,265,None,1983,265,MoveLeft
24680,940,265,None,1976,265,MoveLeft
24681,940,265,None,1969,265,MoveLeft
24682,940,265,None,1962,265,MoveLeft
24683,940,265,None,1955,265,MoveLeft
24684,940,265,None,1948,265,MoveLeft
24685,940,265,None,1941,265,MoveLeft
24686,940,265,None,1934,265,MoveLeft
24687,940,265,None,1927,265,MoveLeft
24688,940,265,None,1920,265,MoveLeft
24689,940,265,None,1913,265,MoveLeft
24690,947,265,MoveRight,1913,265,None
24690,947,265,None,1906,265,MoveLeft
24691,954,265,MoveRight,1906,265,None
24691,954,265,None,1899,265,MoveLeft
24692,961,265,MoveRight,1899,265,None
24692,961,265,None,1892,265,MoveLeft
24693,968,265,MoveRight,1892,265,None
24693,968,265,None,1885,265,MoveLeft
24694,975,265,MoveRight,1885,265,None
24694,975,265,None,1878,265,MoveLeft
24695,982,265,MoveRight,1878,265,None
24695,982,265,None,1871,265,MoveLeft
24696,989,265,MoveRight,1871,265,None
24696,989,265,None,1864,265,MoveLeft
24697,996,265,MoveRight,1864,265,None
24697,996,265,None,1857,265,MoveLeft
24698,1003,265,MoveRight,1857,265,None
24698,1003,265,None,1850,265,MoveLeft
24699,1010,265,MoveRight,1850,265,None
24699,1010,265,None,1843,265,MoveLeft
24700,1017,265,MoveRight,1843,265,None
24700,1017,265,None,1836,265,MoveLeft
24701,1024,265,MoveRight,1836,265,None
24701,1024,265,None,1829,265,MoveLeft
24702,1031,265,MoveRight,1829,265,None
24702,1031,265,None,1822,265,MoveLeft
24703,1038,265,MoveRight,1822,265,None
24703,1038,265,None,1815,265,MoveLeft
24704,1045,265,MoveRight,1815,265,None
24704,1045,265,None,1808,265,MoveLeft
24705,1052,265,MoveRight,1808,265,None
24705,1052,265,None,1801,265,MoveLeft
24706,1059,265,MoveRight,1801,265,None
24706,1059,265,None,1794,265,MoveLeft
24707,1066,265,MoveRight,1794,265,None
24707,1066,265,None,1787,265,MoveLeft
24708,1073,265,MoveRight,1787,265,None
24708,1073,265,None,1780,265,MoveLeft
24709,1080,265,MoveRight,1780,265,None
24709,1080,265,None,1773,265,MoveLeft
24710,1087,265,MoveRight,1773,265,None
24710,1087,265,None,1766,265,MoveLeft
24711,1094,265,MoveRight,1766,265,None
24711,1094,265,None,1759,265,MoveLeft
24712,1101,265,MoveRight,1759,265,None
24712,1101,265,None,1752,265,MoveLeft
24713,1108,265,MoveRight,1752,265,None
24713,1108,265,None,1745,265,MoveLeft
24714,1115,265,MoveRight,1745,265,None
24714,1115,265,None,1738,265,MoveLeft
24715,1122,265,MoveRight,1738,265,None
24715,1122,265,None,1731,265,MoveLeft
24716,1129,265,MoveRight,1731,265,None
24716,1129,265,None,1724,265,MoveLeft
24717,1136,265,MoveRight,1724,265,None
24717,1136,265,None,1717,265,MoveLeft
24718,1143,265,MoveRight,1717,265,None
24718,1143,265,None,1710,265,MoveLeft
24719,1150,265,MoveRight,1710,265,None
24719,1150,265,None,1703,265,MoveLeft
24720,1157,265,MoveRight,1703,265,None
24720,1157,265,None,1696,265,MoveLeft
24721,1164,265,MoveRight,1696,265,None
24721,1164,265,None,1689,265,MoveLeft
24722,1171,265,MoveRight,1689,265,None
24722,1171,265,None,1682,265,MoveLeft
24723,1178,265,MoveRight,1682,265,None
24723,1178,265,None,1675,265,MoveLeft
24724,1185,265,MoveRight,1675,265,None
24724,1185,265,None,1668,265,MoveLeft
24725,1192,265,MoveRight,1668,265,None
24725,1192,265,None,1661,265,MoveLeft
24726,1199,265,MoveRight,1661,265,None
24726,1199,265,None,1654,265,MoveLeft
24727,1206,265,MoveRight,1654,265,None
24727,1206,265,None,1647,265,MoveLeft
24728,1213,265,MoveRight,1647,265,None
24728,1213,265,None,1640,265,MoveLeft
24729,1220,265,MoveRight,1640,265,None
24729,1220,265,None,1633,265,MoveLeft
24730,1227,265,MoveRight,1633,265,None
24730,1227,265,None,1626,265,MoveLeft
24731,1234,265,MoveRight,1626,265,None
24731,1234,265,None,1619,265,MoveLeft
24732,1241,265,MoveRight,1619,265,None
24732,1241,265,None,1612,265,MoveLeft
24733,1248,265,MoveRight,1612,265,None
24733,1248,265,None,1605,265,MoveLeft
24734,1255,265,MoveRight,1605,265,None
24734,1255,265,None,1598,265,MoveLeft
24735,1262,265,MoveRight,1598,265,None
24735,1262,265,None,1591,265,MoveLeft
24736,1269,265,MoveRight,1591,265,None
24736,1269,265,None,1584,265,MoveLeft
24737,1276,265,MoveRight,1584,265,None
24737,1276,265,None,1577,265,MoveLeft
24738,1283,265,MoveRight,1577,265,None
24738,1283,265,None,1570,265,MoveLeft
24739,1290,265,MoveRight,1570,265,None
24739,1290,265,None,1563,265,MoveLeft
24740,1297,265,MoveRight,1563,265,None
24740,1297,265,None,1556,265,MoveLeft
24741,1304,265,MoveRight,1556,265,None
24741,1304,265,None,1549,265,MoveLeft
24742,1311,265,MoveRight,1549,265,None
24742,1311,265,None,1542,265,MoveLeft
24743,1318,265,MoveRight,1542,265,None
24743,1318,265,None,1535,265,MoveLeft
24744,1325,265,MoveRight,1535,265,None
24744,1325,265,None,1528,265,MoveLeft
24745,1326,265,None,1521,265,MoveLeft
24746,1326,265,None,1514,265,MoveLeft
24747,1326,265,None,1507,265,MoveLeft
24748,1326,265,None,1500,265,MoveLeft
24749,1326,265,None,1493,265,MoveLeft
24750,1326,265,None,1486,265,MoveLeft
24751,1326,265,None,1479,265,MoveLeft
24769,1326,265,None,1479,265,SpikeLight
24769,1326,265,None,1479,265,None
24770,1319,265,MoveLeft,1479,265,None
24771,1312,265,MoveLeft,1479,265,None
24772,1305,265,MoveLeft,1479,265,None
24773,1298,265,MoveLeft,1479,265,None
24774,1291,265,MoveLeft,1479,265,None
24775,1284,265,MoveLeft,1479,265,None
24776,1277,265,MoveLeft,1479,265,None
24777,1270,265,MoveLeft,1479,265,None
24778,1263,265,MoveLeft,1479,265,None
24779,1256,265,MoveLeft,1479,265,None
24780,1249,265,MoveLeft,1479,265,None
24780,1249,265,None,1486,265,MoveRight
24781,1242,265,MoveLeft,1486,265,None
24781,1242,265,None,1493,265,MoveRight
24782,1235,265,MoveLeft,1493,265,None
24782,1235,265,None,1500,265,MoveRight
24783,1228,265,MoveLeft,1500,265,None
24783,1228,265,None,1507,265,MoveRight
24784,1221,265,MoveLeft,1507,265,None
24784,1221,265,None,1514,265,MoveRight
24785,1214,265,MoveLeft,1514,265,None
24785,1214,265,None,1521,265,MoveRight
24786,1207,265,MoveLeft,1521,265,None
24786,1207,265,None,1528,265,MoveRight
24787,1200,265,MoveLeft,1528,265,None
24787,1200,265,None,1535,265,MoveRight
24788,1200,265,None,1542,265,MoveRight
24789,1200,265,None,1549,265,MoveRight
24790,1200,265,None,1556,265,MoveRight
24791,1200,265,None,1563,265,MoveRight
24792,1200,265,None,1570,265,MoveRight
24793,1200,265,None,1577,265,MoveRight
24794,1200,265,None,1584,265,MoveRight
24795,1200,265,None,1591,265,MoveRight
24796,1200,265,None,1598,265,MoveRight
24797,1200,265,None,1605,265,MoveRight
24798,1200,265,None,1612,265,MoveRight
24799,1200,265,None,1619,265,MoveRight
24800,1200,265,None,1626,265,MoveRight
24801,1200,265,None,1633,265,MoveRight
24802,1200,265,None,1640,265,MoveRight
24803,1200,265,None,1647,265,MoveRight
24804,1200,265,None,1654,265,MoveRight
24805,1200,265,None,1661,265,MoveRight
24806,1200,265,None,1668,265,MoveRight
24807,1200,265,None,1675,265,MoveRight
24808,1200,265,None,1682,265,MoveRight
24809,1200,265,None,1689,265,MoveRight
24810,1200,265,None,1696,265,MoveRight
24811,1193,265,MoveLeft,1696,265,None
24811,1193,265,None,1703,265,MoveRight
24812,1186,265,MoveLeft,1703,265,None
24812,1186,265,None,1710,265,MoveRight
24813,1179,265,MoveLeft,1710,265,None
24813,1179,265,None,1717,265,MoveRight
24814,1172,265,MoveLeft,1717,265,None
24814,1172,265,None,1724,265,MoveRight
24815,1165,265,MoveLeft,1724,265,None
24815,1165,265,None,1724,265,None
24816,1158,265,MoveLeft,1724,265,None
24816,1158,265,None,1724,265,None
24817,1151,265,MoveLeft,1724,265,None
24817,1151,265,None,1724,265,None
24818,1144,265,MoveLeft,1724,265,None
24818,1144,265,None,1724,265,None
24819,1137,265,MoveLeft,1724,265,None
24819,1137,265,None,1724,265,None
24820,1130,265,MoveLeft,1724,265,None
24820,1130,265,None,1724,265,None
24821,1123,265,MoveLeft,1724,265,None
24821,1123,265,None,1724,265,None
24822,1116,265,MoveLeft,1724,265,None
24822,1116,265,None,1724,265,None
24823,1116,265,None,1724,265,None
24824,1116,265,None,1724,265,None
24825,1116,265,None,1724,265,None
24826,1116,265,None,1724,265,None
24827,1116,265,None,1724,265,None
24828,1116,265,Bump,1724,265,None
24828,1123,265,MoveRight,1724,265,None
24828,1123,265,None,1724,265,None
24829,1123,265,None,1717,265,MoveLeft
24830,1123,265,None,1710,265,MoveLeft
24831,1123,265,None,1703,265,MoveLeft
24832,1123,265,None,1696,265,MoveLeft
24833,1123,265,None,1689,265,MoveLeft
24834,1123,265,None,1682,265,MoveLeft
24835,1123,265,None,1675,265,MoveLeft
24836,1123,265,None,1668,265,MoveLeft
24837,1123,265,None,1661,265,MoveLeft
24847,1130,265,MoveRight,1661,265,None
24848,1137,265,MoveRight,1661,265,None
24849,1144,265,MoveRight,1661,265,None
24850,1151,265,MoveRight,1661,265,None
24851,1158,265,MoveRight,1661,265,None
24852,1165,265,MoveRight,1661,265,None
24853,1172,265,MoveRight,1661,265,None
24854,1179,265,MoveRight,1661,265,None
24855,1186,265,MoveRight,1661,265,None
24856,1193,265,MoveRight,1661,265,None
24857,1200,265,MoveRight,1661,265,None
24858,1207,265,MoveRight,1661,265,None
24859,1214,265,MoveRight,1661,265,None
24860,1221,265,MoveRight,1661,265,None
24861,1228,265,MoveRight,1661,265,None
24862,1235,265,MoveRight,1661,265,None
24863,1242,265,MoveRight,1661,265,None
24864,1249,265,MoveRight,1661,265,None
24865,1256,265,MoveRight,1661,265,None
24866,1263,265,MoveRight,1661,265,None
24867,1270,265,MoveRight,1661,265,None
24868,1277,265,MoveRight,1661,265,None
24869,1284,265,MoveRight,1661,265,None
24870,1291,265,MoveRight,1661,265,None
24871,1298,265,MoveRight,1661,265,None
24872,1305,265,MoveRight,1661,265,None
24873,1312,265,MoveRight,1661,265,None
24874,1319,265,MoveRight,1661,265,None
24875,1326,265,MoveRight,1661,265,None
24913,1319,265,MoveLeft,1661,265,None
24914,1312,265,MoveLeft,1661,265,None
24915,1305,265,MoveLeft,1661,265,None
24916,1298,265,MoveLeft,1661,265,None
24917,1291,265,MoveLeft,1661,265,None
24918,1284,265,MoveLeft,1661,265,None
24919,1277,265,MoveLeft,1661,265,None
24920,1270,265,MoveLeft,1661,265,None
24921,1263,265,MoveLeft,1661,265,None
24922,1256,265,MoveLeft,1661,265,None
24930,1256,265,None,1661,265,SpikeMedium
24930,1256,265,None,1661,265,None
24941,1256,265,None,1668,265,MoveRight
24942,1256,265,None,1675,265,MoveRight
24943,1256,265,None,1682,265,MoveRight
24944,1256,265,None,1689,265,MoveRight
24945,1256,265,None,1696,265,MoveRight
24946,1256,265,None,1703,265,MoveRight
24947,1256,265,None,1710,265,MoveRight
24948,1256,265,None,1717,265,MoveRight
24949,1256,265,None,1724,265,MoveRight
24950,1256,265,None,1724,265,None
24951,1256,265,None,1724,265,None
24952,1256,265,None,1724,265,None
24953,1249,265,MoveLeft,1724,265,None
24953,1249,265,None,1724,265,None
24954,1242,265,MoveLeft,1724,265,None
24954,1242,265,None,1724,265,None
24955,1235,265,MoveLeft,1724,265,None
24955,1235,265,None,1724,265,None
24956,1228,265,MoveLeft,1724,265,None
24956,1228,265,None,1724,265,None
24957,1221,265,MoveLeft,1724,265,None
24957,1221,265,None,1724,265,None
24958,1214,265,MoveLeft,1724,265,None
24958,1214,265,None,1724,265,None
24959,1207,265,MoveLeft,1724,265,None
24959,1207,265,None,1724,265,None
24960,1200,265,MoveLeft,1724,265,None
24960,1200,265,None,1724,265,None
24961,1193,265,MoveLeft,1724,265,None
24961,1193,265,None,1724,265,None
24962,1186,265,MoveLeft,1724,265,None
24962,1186,265,None,1724,265,None
24963,1179,265,MoveLeft,1724,265,None
24963,1179,265,None,1724,265,None
24964,1172,265,MoveLeft,1724,265,None
24964,1172,265,None,1724,265,None
24965,1165,265,MoveLeft,1724,265,None
24965,1165,265,None,1724,265,None
24966,1158,265,MoveLeft,1724,265,None
24966,1158,265,None,1724,265,None
24967,1151,265,MoveLeft,1724,265,None
24967,1151,265,None,1724,265,None
24968,1144,265,MoveLeft,1724,265,None
24968,1144,265,None,1724,265,None
24969,1137,265,MoveLeft,1724,265,None
24969,1137,265,None,1724,265,None
24970,1130,265,MoveLeft,1724,265,None
24970,1130,265,None,1724,265,None
24971,1123,265,MoveLeft,1724,265,None
24971,1123,265,None,1724,265,None
24972,1116,265,MoveLeft,1724,265,None
24972,1116,265,None,1724,265,None
24973,1109,265,MoveLeft,1724,265,None
24973,1109,265,None,1724,265,None
24974,1102,265,MoveLeft,1724,265,None
24974,1102,265,None,1724,265,None
24975,1095,265,MoveLeft,1724,265,None
24975,1095,265,None,1724,265,None
24976,1088,265,MoveLeft,1724,265,None
24976,1088,265,None,1724,265,None
24977,1081,265,MoveLeft,1724,265,None
24977,1081,265,None,1724,265,None
24978,1074,265,MoveLeft,1724,265,None
24978,1074,265,None,1724,265,None
24979,1067,265,MoveLeft,1724,265,None
24979,1067,265,None,1724,265,None
24980,1060,265,MoveLeft,1724,265,None
24980,1060,265,None,1724,265,None
24981,1053,265,MoveLeft,1724,265,None
24981,1053,265,None,1724,265,None
24982,1046,265,MoveLeft,1724,265,None
24982,1046,265,None,1724,265,None
24983,1039,265,MoveLeft,1724,265,None
24983,1039,265,None,1724,265,None
24984,1032,265,MoveLeft,1724,265,None
24984,1032,265,None,1724,265,None
24985,1025,265,MoveLeft,1724,265,None
24985,1025,265,None,1724,265,None
24986,1018,265,MoveLeft,1724,265,None
24986,1018,265,None,1724,265,None
24987,1011,265,MoveLeft,1724,265,None
24987,1011,265,None,1724,265,None
24988,1004,265,MoveLeft,1724,265,None
24988,1004,265,None,1724,265,None
24989,997,265,MoveLeft,1724,265,None
24989,997,265,None,1724,265,None
24990,990,265,MoveLeft,1724,265,None
24990,990,265,None,1724,265,None
24991,983,265,MoveLeft,1724,265,None
24991,983,265,None,1724,265,None
24992,976,265,MoveLeft,1724,265,None
24992,976,265,None,1724,265,None
24993,969,265,MoveLeft,1724,265,None
24993,969,265,None,1724,265,None
24994,962,265,MoveLeft,1724,265,None
24994,962,265,None,1724,265,None
24995,955,265,MoveLeft,1724,265,None
24995,955,265,None,1724,265,None
24996,948,265,MoveLeft,1724,265,None
24996,948,265,None,1724,265,None
24997,941,265,MoveLeft,1724,265,None
24997,941,265,None,1724,265,None
24998,934,265,MoveLeft,1724,265,None
24998,934,265,None,1724,265,None
24999,1143,265,MoveLeft,2410,265,None
25000,1136,265,MoveLeft,2410,265,None
25001,1129,265,MoveLeft,2410,265,None
25002,1122,265,MoveLeft,2410,265,None
25003,1115,265,MoveLeft,2410,265,None
25004,1108,265,MoveLeft,2410,265,None
25005,1101,265,MoveLeft,2410,265,None
25006,1094,265,MoveLeft,2410,265,None
25007,1087,265,MoveLeft,2410,265,None
25008,1080,265,MoveLeft,2410,265,None
25009,1073,265,MoveLeft,2410,265,None
25010,1066,265,MoveLeft,2410,265,None
25011,1059,265,MoveLeft,2410,265,None
25012,1052,265,MoveLeft,2410,265,None
25013,1045,265,MoveLeft,2410,265,None
25049,1045,265,None,2410,265,Serve
25049,1045,265,None,2410,265,None
25069,1045,265,None,2403,265,MoveLeft
25070,1045,265,None,2396,265,MoveLeft
25071,1045,265,None,2389,265,MoveLeft
25072,1045,265,None,2382,265,MoveLeft
25073,1045,265,None,2375,265,MoveLeft
25074,1045,265,None,2368,265,MoveLeft
25075,1045,265,None,2361,265,MoveLeft
25076,1045,265,None,2354,265,MoveLeft
25077,1045,265,None,2347,265,MoveLeft
25078,1045,265,None,2340,265,MoveLeft
25079,1045,265,None,2333,265,MoveLeft
25080,1045,265,None,2326,265,MoveLeft
25081,1045,265,None,2319,265,MoveLeft
25082,1045,265,None,2312,265,MoveLeft
25083,1045,265,None,2305,265,MoveLeft
25084,1045,265,None,2298,265,MoveLeft
25085,1045,265,None,2291,265,MoveLeft
25086,1045,265,None,2284,265,MoveLeft
25087,1045,265,None,2277,265,MoveLeft
25088,1045,265,None,2270,265,MoveLeft
25089,1045,265,None,2263,265,MoveLeft
25090,1045,265,None,2256,265,MoveLeft
25091,1045,265,None,2249,265,MoveLeft
25092,1038,265,MoveLeft,2249,265,None
25092,1038,265,None,2242,265,MoveLeft
25093,1031,265,MoveLeft,2242,265,None
25093,1031,265,None,2235,265,MoveLeft
25094,1024,265,MoveLeft,2235,265,None
25094,1024,265,None,2228,265,MoveLeft
25095,1017,265,MoveLeft,2228,265,None
25095,1017,265,None,2221,265,MoveLeft
25096,1010,265,MoveLeft,2221,265,None
25096,1010,265,None,2214,265,MoveLeft
25097,1003,265,MoveLeft,2214,265,None
25097,1003,265,None,2207,265,MoveLeft
25098,996,265,MoveLeft,2207,265,None
25098,996,265,None,2200,265,MoveLeft
25099,989,265,MoveLeft,2200,265,None
25099,989,265,None,2193,265,MoveLeft
25100,982,265,MoveLeft,2193,265,None
25100,982,265,None,2186,265,MoveLeft
25101,975,265,MoveLeft,2186,265,None
25101,975,265,None,2179,265,MoveLeft
25102,968,265,MoveLeft,2179,265,None
25102,968,265,None,2172,265,MoveLeft
25103,961,265,MoveLeft,2172,265,None
25103,961,265,None,2165,265,MoveLeft
25104,954,265,MoveLeft,2165,265,None
25104,954,265,None,2158,265,MoveLeft
25105,947,265,MoveLeft,2158,265,None
25105,947,265,None,2151,265,MoveLeft
25106,940,265,MoveLeft,2151,265,None
25106,940,265,None,2144,265,MoveLeft
25107,933,265,MoveLeft,2144,265,None
25107,933,265,None,2137,265,MoveLeft
25108,926,265,MoveLeft,2137,265,None
25108,926,265,None,2130,265,MoveLeft
25109,919,265,MoveLeft,2130,265,None
25109,919,265,None,2123,265,MoveLeft
25110,912,265,MoveLeft,2123,265,None
25110,912,265,None,2116,265,MoveLeft
25111,905,265,MoveLeft,2116,265,None
25111,905,265,None,2109,265,MoveLeft
25112,898,265,MoveLeft,2109,265,None
25112,898,265,None,2102,265,MoveLeft
25113,891,265,MoveLeft,2102,265,None
25113,891,265,None,2095,265,MoveLeft
25114,884,265,MoveLeft,2095,265,None
25114,884,265,None,2088,265,MoveLeft
25115,877,265,MoveLeft,2088,265,None
25115,877,265,None,2081,265,MoveLeft
25116,870,265,MoveLeft,2081,265,None
25116,870,265,None,2074,265,MoveLeft
25117,870,265,None,2074,265,None
25117,870,265,None,2067,265,MoveLeft
25118,870,265,None,2067,265,None
25118,870,265,None,2060,265,MoveLeft
25119,870,265,None,2060,265,None
25119,870,265,None,2053,265,MoveLeft
25120,870,265,None,2053,265,None
25120,870,265,None,2046,265,MoveLeft
25121,870,265,Bump,2046,265,None
25121,870,265,None,2046,265,None
25121,870,265,None,2039,265,MoveLeft
25122,870,265,None,2032,265,MoveLeft
25123,870,265,None,2025,265,MoveLeft
25124,870,265,None,2018,265,MoveLeft
25125,870,265,None,2011,265,MoveLeft
25126,870,265,None,2004,265,MoveLeft
25127,870,265,None,1997,265,MoveLeft
25128,870,265,None,1990,265,MoveLeft
25129,870,265,None,1983,265,MoveLeft
25130,870,265,None,1976,265,MoveLeft
25131,870,265,None,1969,265,MoveLeft
25132,870,265,None,1962,265,MoveLeft
25133,870,265,None,1955,265,MoveLeft
25134,870,265,None,1948,265,MoveLeft
25135,870,265,None,1941,265,MoveLeft
25136,870,265,None,1934,265,MoveLeft
25137,870,265,None,1927,265,MoveLeft
25138,870,265,None,1920,265,MoveLeft
25139,870,265,None,1913,265,MoveLeft
25140,877,265,MoveRight,1913,265,None
25140,877,265,None,1906,265,MoveLeft
25141,884,265,MoveRight,1906,265,None
25141,884,265,None,1899,265,MoveLeft
25142,891,265,MoveRight,1899,265,None
25142,891,265,None,1892,265,MoveLeft
25143,898,265,MoveRight,1892,265,None
25143,898,265,None,1885,265,MoveLeft
25144,905,265,MoveRight,1885,265,None
25144,905,265,None,1878,265,MoveLeft
25145,912,265,MoveRight,1878,265,None
25145,912,265,None,1871,265,MoveLeft
25146,919,265,MoveRight,1871,265,None
25146,919,265,None,1864,265,MoveLeft
25147,926,265,MoveRight,1864,265,None
25147,926,265,None,1857,265,MoveLeft
25148,933,265,MoveRight,1857,265,None
25148,933,265,None,1850,265,MoveLeft
25149,940,265,MoveRight,1850,265,None
25149,940,265,None,1843,265,MoveLeft
25150,947,265,MoveRight,1843,265,None
25150,947,265,None,1836,265,MoveLeft
25151,954,265,MoveRight,1836,265,None
25151,954,265,None,1829,265,MoveLeft
25152,961,265,MoveRight,1829,265,None
25152,961,265,None,1822,265,MoveLeft
25153,968,265,MoveRight,1822,265,None
25153,968,265,None,1815,265,MoveLeft
25154,975,265,MoveRight,1815,265,None
25154,975,265,None,1808,265,MoveLeft
25155,982,265,MoveRight,1808,265,None
25155,982,265,None,1801,265,MoveLeft
25156,989,265,MoveRight,1801,265,None
25156,989,265,None,1794,265,MoveLeft
25157,996,265,MoveRight,1794,265,None
25157,996,265,None,1787,265,MoveLeft
25158,1003,265,MoveRight,1787,265,None
25158,1003,265,None,1780,265,MoveLeft
25159,1010,265,MoveRight,1780,265,None
25159,1010,265,None,1773,265,MoveLeft
25160,1017,265,MoveRight,1773,265,None
25160,1017,265,None,1766,265,MoveLeft
25161,1024,265,MoveRight,1766,265,None
25161,1024,265,None,1759,265,MoveLeft
25162,1031,265,MoveRight,1759,265,None
25162,1031,265,None,1752,265,MoveLeft
25163,1038,265,MoveRight,1752,265,None
25163,1038,265,None,1745,265,MoveLeft
25164,1045,265,MoveRight,1745,265,None
25164,1045,265,None,1738,265,MoveLeft
25165,1052,265,MoveRight,1738,265,None
25165,1052,265,None,1731,265,MoveLeft
25166,1059,265,MoveRight,1731,265,None
25167,1066,265,MoveRight,1731,265,None
25168,1073,265,MoveRight,1731,265,None
25169,1080,265,MoveRight,1731,265,None
25170,1087,265,MoveRight,1731,265,None
25171,1094,265,MoveRight,1731,265,None
25172,1101,265,MoveRight,1731,265,None
25173,1108,265,MoveRight,1731,265,None
25174,1115,265,MoveRight,1731,265,None
25175,1122,265,MoveRight,1731,265,None
25176,1129,265,MoveRight,1731,265,None
25177,1136,265,MoveRight,1731,265,None
25178,1143,265,MoveRight,1731,265,None
25179,1150,265,MoveRight,1731,265,None
25180,1157,265,MoveRight,1731,265,None
25181,1164,265,MoveRight,1731,265,None
25182,1171,265,MoveRight,1731,265,None
25183,1178,265,MoveRight,1731,265,None
25184,1185,265,MoveRight,1731,265,None
25185,1192,265,MoveRight,1731,265,None
25186,1199,265,MoveRight,1731,265,None
25187,1206,265,MoveRight,1731,265,None
25188,1213,265,MoveRight,1731,265,None
25189,1220,265,MoveRight,1731,265,None
25190,1227,265,MoveRight,1731,265,None
25191,1234,265,MoveRight,1731,265,None
25192,1241,265,MoveRight,1731,265,None
25193,1248,265,MoveRight,1731,265,None
25194,1255,265,MoveRight,1731,265,None
25195,1262,265,MoveRight,1731,265,None
25196,1269,265,MoveRight,1731,265,None
25197,1276,265,MoveRight,1731,265,None
25198,1283,265,MoveRight,1731,265,None
25199,1290,265,MoveRight,1731,265,None
25200,1297,265,MoveRight,1731,265,None
25201,1304,265,MoveRight,1731,265,None
25202,1311,265,MoveRight,1731,265,None
25203,1318,265,MoveRight,1731,265,None
25204,1325,265,MoveRight,1731,265,None
25209,1325,265,None,1724,265,MoveLeft
25211,1325,265,Set,1724,265,None
25211,1325,265,None,1724,265,None
25252,1318,265,MoveLeft,1724,265,None
25253,1311,265,MoveLeft,1724,265,None
25254,1304,265,MoveLeft,1724,265,None
25255,1297,265,MoveLeft,1724,265,None
25256,1290,265,MoveLeft,1724,265,None
25257,1283,265,MoveLeft,1724,265,None
25258,1276,265,MoveLeft,1724,265,None
25259,1269,265,MoveLeft,1724,265,None
25294,1269,284.62,None,1724,265,None
25307,1272.5,421.96,MoveRight,1724,265,None
25308,1276,431.77,MoveRight,1724,265,None
25309,1279.5,441.58,MoveRight,1724,265,None
25310,1283,451.39,MoveRight,1724,265,None
25311,1286.5,461.2,MoveRight,1724,265,None
25312,1290,471.01,MoveRight,1724,265,None
25313,1293.5,480.82,MoveRight,1724,265,None
25314,1297,490.63,MoveRight,1724,265,None
25315,1300.5,500.44,MoveRight,1724,265,None
25316,1304,510.25,MoveRight,1724,265,None
25317,1307.5,520.06,MoveRight,1724,265,None
25318,1311,529.87,MoveRight,1724,265,None
25319,1314.5,539.68,MoveRight,1724,265,None
25320,1318,549.49,MoveRight,1724,265,None
25321,1318,539.68,Spike,1724,265,None
25321,1321.5,559.3,MoveRight,1724,265,None
25322,1321.5,569.11,None,1717,265,MoveLeft
25323,1321.5,578.92,None,1710,265,MoveLeft
25324,1321.5,569.11,None,1703,265,MoveLeft
25325,1321.5,559.3,None,1696,265,MoveLeft
25334,1321.5,471.01,None,1696,265,SpikeMedium
25334,1325,471.01,MoveRight,1696,265,None
25334,1325,471.01,None,1696,265,None
25344,1326,372.91,None,1703,265,MoveRight
25345,1326,363.1,None,1710,265,MoveRight
25346,1326,353.29,None,1717,265,MoveRight
25347,1326,343.48,None,1724,265,MoveRight
25348,1326,333.67,None,1724,265,None
25349,1326,323.86,None,1724,265,None
25350,1326,314.05,None,1724,265,None
25351,1322.5,304.24,MoveLeft,1724,265,None
25351,1322.5,304.24,None,1724,265,None
25352,1319,294.43,MoveLeft,1724,265,None
25352,1319,294.43,None,1724,265,None
25353,1315.5,284.62,MoveLeft,1724,265,None
25353,1315.5,284.62,None,1724,265,None
25354,1312,274.81,MoveLeft,1724,265,None
25354,1312,274.81,None,1724,265,None
25355,1305,265,MoveLeft,1724,265,None
25355,1305,265,None,1724,265,None
25356,1298,265,MoveLeft,1724,265,None
25356,1298,265,None,1724,265,None
25357,1291,265,MoveLeft,1724,265,None
25357,1291,265,None,1724,265,None
25358,1284,265,MoveLeft,1724,265,None
25358,1284,265,None,1724,265,None
25359,1277,265,MoveLeft,1724,265,None
25359,1277,265,None,1724,265,None
25360,1270,265,MoveLeft,1724,265,None
25360,1270,265,None,1724,265,None
25361,1263,265,MoveLeft,1724,265,None
25361,1263,265,None,1724,265,None
25362,1256,265,MoveLeft,1724,265,None
25362,1256,265,None,1724,265,None
25363,1249,265,MoveLeft,1724,265,None
25363,1249,265,None,1724,265,None
25364,1242,265,MoveLeft,1724,265,None
25364,1242,265,None,1724,265,None
25365,1235,265,MoveLeft,1724,265,None
25365,1235,265,None,1724,265,None
25366,1228,265,MoveLeft,1724,265,None
25366,1228,265,None,1724,265,None
25367,1221,265,MoveLeft,1724,265,None
25367,1221,265,None,1724,265,None
25368,1214,265,MoveLeft,1724,265,None
25368,1214,265,None,1724,265,None
25369,1207,265,MoveLeft,1724,265,None
25369,1207,265,None,1724,265,None
25370,1200,265,MoveLeft,1724,265,None
25370,1200,265,None,1724,265,None
25371,1193,265,MoveLeft,1724,265,None
25371,1193,265,None,1724,265,None
25372,1186,265,MoveLeft,1724,265,None
25372,1186,265,None,1724,265,None
25373,1179,265,MoveLeft,1724,265,None
25373,1179,265,None,1724,265,None
25374,1172,265,MoveLeft,1724,265,None
25374,1172,265,None,1724,265,None
25375,1165,265,MoveLeft,1724,265,None
25375,1165,265,None,1724,265,None
25376,1158,265,MoveLeft,1724,265,None
25376,1158,265,None,1724,265,None
25377,1151,265,MoveLeft,1724,265,None
25377,1151,265,None,1724,265,None
25378,1144,265,MoveLeft,1724,265,None
25378,1144,265,None,1724,265,None
25379,1137,265,MoveLeft,1724,265,None
25379,1137,265,None,1724,265,None
25380,1130,265,MoveLeft,1724,265,None
25380,1130,265,None,1724,265,None
25381,1123,265,MoveLeft,1724,265,None
25381,1123,265,None,1724,265,None
25382,1116,265,MoveLeft,1724,265,None
25382,1116,265,None,1724,265,None
25383,1109,265,MoveLeft,1724,265,None
25383,1109,265,None,1724,265,None
25384,1102,265,MoveLeft,1724,265,None
25384,1102,265,None,1724,265,None
25385,1095,265,MoveLeft,1724,265,None
25385,1095,265,None,1724,265,None
25386,1088,265,MoveLeft,1724,265,None
25386,1088,265,None,1724,265,None
25387,1081,265,MoveLeft,1724,265,None
25387,1081,265,None,1724,265,None
25388,1074,265,MoveLeft,1724,265,None
25388,1074,265,None,1724,265,None
25389,1067,265,MoveLeft,1724,265,None
25389,1067,265,None,1724,265,None
25390,1060,265,MoveLeft,1724,265,None
25390,1060,265,None,1724,265,None
25391,1053,265,MoveLeft,1724,265,None
25391,1053,265,None,1724,265,None
25392,1046,265,MoveLeft,1724,265,None
25392,1046,265,None,1724,265,None
25393,1039,265,MoveLeft,1724,265,None
25393,1039,265,None,1724,265,None
25394,1032,265,MoveLeft,1724,265,None
25394,1032,265,None,1724,265,None
25395,1025,265,MoveLeft,1724,265,None
25395,1025,265,None,1724,265,None
25396,1018,265,MoveLeft,1724,265,None
25396,1018,265,None,1724,265,None
25397,1011,265,MoveLeft,1724,265,None
25397,1011,265,None,1724,265,None
25398,1004,265,MoveLeft,1724,265,None
25398,1004,265,None,1724,265,None
25399,997,265,MoveLeft,1724,265,None
25399,997,265,None,1724,265,None
25400,990,265,MoveLeft,1724,265,None
25400,990,265,None,1724,265,None
25401,983,265,MoveLeft,1724,265,None
25401,983,265,None,1724,265,None
25402,976,265,MoveLeft,1724,265,None
25402,976,265,None,1724,265,None
25403,1143,265,MoveLeft,2410,265,None
25404,1136,265,MoveLeft,2410,265,None
25405,1129,265,MoveLeft,2410,265,None
25406,1122,265,MoveLeft,2410,265,None
25407,1115,265,MoveLeft,2410,265,None
25408,1108,265,MoveLeft,2410,265,None
25409,1101,265,MoveLeft,2410,265,None
25410,1094,265,MoveLeft,2410,265,None
25411,1087,265,MoveLeft,2410,265,None
25412,1080,265,MoveLeft,2410,265,None
25413,1073,265,MoveLeft,2410,265,None
25414,1066,265,MoveLeft,2410,265,None
25415,1059,265,MoveLeft,2410,265,None
25416,1052,265,MoveLeft,2410,265,None
25417,1045,265,MoveLeft,2410,265,None
25418,1038,265,MoveLeft,2410,265,None
25419,1031,265,MoveLeft,2410,265,None
25420,1024,265,MoveLeft,2410,265,None
25453,1024,265,None,2410,265,Serve
25453,1024,265,None,2410,265,None
25473,1024,265,None,2403,265,MoveLeft
25474,1024,265,None,2396,265,MoveLeft
25475,1024,265,None,2389,265,MoveLeft
25476,1024,265,None,2382,265,MoveLeft
25477,1024,265,None,2375,265,MoveLeft
25478,1024,265,None,2368,265,MoveLeft
25479,1024,265,None,2361,265,MoveLeft
25480,1024,265,None,2354,265,MoveLeft
25481,1024,265,None,2347,265,MoveLeft
25482,1024,265,None,2340,265,MoveLeft
25483,1024,265,None,2333,265,MoveLeft
25484,1024,265,None,2326,265,MoveLeft
25485,1024,265,None,2319,265,MoveLeft
25486,1024,265,None,2312,265,MoveLeft
25487,1024,265,None,2305,265,MoveLeft
25488,1024,265,None,2298,265,MoveLeft
25489,1024,265,None,2291,265,MoveLeft
25490,1024,265,None,2284,265,MoveLeft
25491,1017,265,MoveLeft,2284,265,None
25491,1017,265,None,2277,265,MoveLeft
25492,1010,265,MoveLeft,2277,265,None
25492,1010,265,None,2270,265,MoveLeft
25493,1003,265,MoveLeft,2270,265,None
25493,1003,265,None,2263,265,MoveLeft
25494,996,265,MoveLeft,2263,265,None
25494,996,265,None,2256,265,MoveLeft
25495,989,265,MoveLeft,2256,265,None
25495,989,265,None,2249,265,MoveLeft
25496,982,265,MoveLeft,2249,265,None
25496,982,265,None,2242,265,MoveLeft
25497,975,265,MoveLeft,2242,265,None
25497,975,265,None,2235,265,MoveLeft
25498,968,265,MoveLeft,2235,265,None
25498,968,265,None,2228,265,MoveLeft
25499,961,265,MoveLeft,2228,265,None
25499,961,265,None,2221,265,MoveLeft
25500,954,265,MoveLeft,2221,265,None
25500,954,265,None,2214,265,MoveLeft
25501,947,265,MoveLeft,2214,265,None
25501,947,265,None,2207,265,MoveLeft
25502,940,265,MoveLeft,2207,265,None
25502,940,265,None,2200,265,MoveLeft
25503,933,265,MoveLeft,2200,265,None
25503,933,265,None,2193,265,MoveLeft
25504,926,265,MoveLeft,2193,265,None
25504,926,265,None,2186,265,MoveLeft
25505,919,265,MoveLeft,2186,265,None
25505,919,265,None,2179,265,MoveLeft
25506,912,265,MoveLeft,2179,265,None
25506,912,265,None,2172,265,MoveLeft
25507,905,265,MoveLeft,2172,265,None
25507,905,265,None,2165,265,MoveLeft
25508,898,265,MoveLeft,2165,265,None
25508,898,265,None,2158,265,MoveLeft
25509,891,265,MoveLeft,2158,265,None
25509,891,265,None,2151,265,MoveLeft
25510,884,265,MoveLeft,2151,265,None
25510,884,265,None,2144,265,MoveLeft
25511,877,265,MoveLeft,2144,265,None
25511,877,265,None,2137,265,MoveLeft
25512,870,265,MoveLeft,2137,265,None
25512,870,265,None,2130,265,MoveLeft
25513,870,265,None,2130,265,None
25513,870,265,None,2123,265,MoveLeft
25514,870,265,None,2123,265,None
25514,870,265,None,2116,265,MoveLeft
25515,870,265,None,2116,265,None
25515,870,265,None,2109,265,MoveLeft
25516,870,265,None,2109,265,None
25516,870,265,None,2102,265,MoveLeft
25517,870,265,None,2102,265,None
25517,870,265,None,2095,265,MoveLeft
25518,870,265,None,2095,265,None
25518,870,265,None,2088,265,MoveLeft
25519,870,265,None,2088,265,None
25519,870,265,None,2081,265,MoveLeft
25520,870,265,None,2081,265,None
25520,870,265,None,2074,265,MoveLeft
25521,870,265,None,2074,265,None
25521,870,265,None,2067,265,MoveLeft
25522,870,265,None,2067,265,None
25522,870,265,None,2060,265,MoveLeft
25523,870,265,None,2060,265,None
25523,870,265,None,2053,265,MoveLeft
25524,870,265,None,2053,265,None
25524,870,265,None,2046,265,MoveLeft
25525,870,265,Bump,2046,265,None
25525,870,265,None,2046,265,None
25525,870,265,None,2039,265,MoveLeft
25526,870,265,None,2032,265,MoveLeft
25527,870,265,None,2025,265,MoveLeft
25528,870,265,None,2018,265,MoveLeft
25529,870,265,None,2011,265,MoveLeft
25530,870,265,None,2004,265,MoveLeft
25531,870,265,None,1997,265,MoveLeft
25532,870,265,None,1990,265,MoveLeft
25533,870,265,None,1983,265,MoveLeft
25534,870,265,None,1976,265,MoveLeft
25535,870,265,None,1969,265,MoveLeft
25536,870,265,None,1962,265,MoveLeft
25537,870,265,None,1955,265,MoveLeft
25538,870,265,None,1948,265,MoveLeft
25539,870,265,None,1941,265,MoveLeft
25540,870,265,None,1934,265,MoveLeft
25541,870,265,None,1927,265,MoveLeft
25542,870,265,None,1920,265,MoveLeft
25543,870,265,None,1913,265,MoveLeft
25544,877,265,MoveRight,1913,265,None
25544,877,265,None,1906,265,MoveLeft
25545,884,265,MoveRight,1906,265,None
25545,884,265,None,1899,265,MoveLeft
25546,891,265,MoveRight,1899,265,None
25546,891,265,None,1892,265,MoveLeft
25547,898,265,MoveRight,1892,265,None
25547,898,265,None,1885,265,MoveLeft
25548,905,265,MoveRight,1885,265,None
25548,905,265,None,1878,265,MoveLeft
25549,912,265,MoveRight,1878,265,None
25549,912,265,None,1871,265,MoveLeft
25550,919,265,MoveRight,1871,265,None
25550,919,265,None,1864,265,MoveLeft
25551,926,265,MoveRight,1864,265,None
25551,926,265,None,1857,265,MoveLeft
25552,933,265,MoveRight,1857,265,None
25552,933,265,None,1850,265,MoveLeft
25553,940,265,MoveRight,1850,265,None
25553,940,265,None,1843,265,MoveLeft
25554,947,265,MoveRight,1843,265,None
25554,947,265,None,1836,265,MoveLeft
25555,954,265,MoveRight,1836,265,None
25555,954,265,None,1829,265,MoveLeft
25556,961,265,MoveRight,1829,265,None
25556,961,265,None,1822,265,MoveLeft
25557,968,265,MoveRight,1822,265,None
25557,968,265,None,1815,265,MoveLeft
25558,975,265,MoveRight,1815,265,None
25558,975,265,None,1808,265,MoveLeft
25559,982,265,MoveRight,1808,265,None
25559,982,265,None,1801,265,MoveLeft
25560,989,265,MoveRight,1801,265,None
25560,989,265,None,1794,265,MoveLeft
25561,996,265,MoveRight,1794,265,None
25561,996,265,None,1787,265,MoveLeft
25562,1003,265,MoveRight,1787,265,None
25562,1003,265,None,1780,265,MoveLeft
25563,1010,265,MoveRight,1780,265,None
25563,1010,265,None,1773,265,MoveLeft
25564,1017,265,MoveRight,1773,265,None
25564,1017,265,None,1766,265,MoveLeft
25565,1024,265,MoveRight,1766,265,None
25565,1024,265,None,1759,265,MoveLeft
25566,1031,265,MoveRight,1759,265,None
25566,1031,265,None,1752,265,MoveLeft
25567,1038,265,MoveRight,1752,265,None
25567,1038,265,None,1745,265,MoveLeft
25568,1045,265,MoveRight,1745,265,None
25568,1045,265,None,1738,265,MoveLeft
25569,1052,265,MoveRight,1738,265,None
25569,1052,265,None,1731,265,MoveLeft
25570,1059,265,MoveRight,1731,265,None
25571,1066,265,MoveRight,1731,265,None
25572,1073,265,MoveRight,1731,265,None
25573,1080,265,MoveRight,1731,265,None
25574,1087,265,MoveRight,1731,265,None
25575,1094,265,MoveRight,1731,265,None
25576,1101,265,MoveRight,1731,265,None
25577,1108,265,MoveRight,1731,265,None
25578,1115,265,MoveRight,1731,265,None
25579,1122,265,MoveRight,1731,265,None
25580,1129,265,MoveRight,1731,265,None
25581,1136,265,MoveRight,1731,265,None
25582,1143,265,MoveRight,1731,265,None
25583,1150,265,MoveRight,1731,265,None
25584,1157,265,MoveRight,1731,265,None
25585,1164,265,MoveRight,1731,265,None
25586,1171,265,MoveRight,1731,265,None
25587,1178,265,MoveRight,1731,265,None
25588,1185,265,MoveRight,1731,265,None
25589,1192,265,MoveRight,1731,265,None
25590,1199,265,MoveRight,1731,265,None
25591,1206,265,MoveRight,1731,265,None
25592,1213,265,MoveRight,1731,265,None
25593,1220,265,MoveRight,1731,265,None
25594,1227,265,MoveRight,1731,265,None
25595,1234,265,MoveRight,1731,265,None
25596,1241,265,MoveRight,1731,265,None
25597,1248,265,MoveRight,1731,265,None
25598,1255,265,MoveRight,1731,265,None
25613,1255,265,None,1724,265,MoveLeft
25619,1255,284.62,None,1724,265,None
25630,1258.5,402.34,MoveRight,1724,265,None
25631,1262,412.15,MoveRight,1724,265,None
25632,1265.5,421.96,MoveRight,1724,265,None
25633,1269,431.77,MoveRight,1724,265,None
25634,1272.5,441.58,MoveRight,1724,265,None
25635,1276,451.39,MoveRight,1724,265,None
25636,1279.5,461.2,MoveRight,1724,265,None
25637,1279.5,451.39,Set,1724,265,None
25637,1283,471.01,MoveRight,1724,265,None
25668,1279.5,382.72,MoveLeft,1724,265,None
25669,1276,372.91,MoveLeft,1724,265,None
25670,1272.5,363.1,MoveLeft,1724,265,None
25671,1269,353.29,MoveLeft,1724,265,None
25672,1265.5,343.48,MoveLeft,1724,265,None
25673,1262,333.67,MoveLeft,1724,265,None
25674,1258.5,323.86,MoveLeft,1724,265,None
25675,1255,314.05,MoveLeft,1724,265,None
25676,1251.5,304.24,MoveLeft,1724,265,None
25677,1248,294.43,MoveLeft,1724,265,None
25678,1244.5,284.62,MoveLeft,1724,265,None
25691,1237.5,265,MoveLeft,1724,265,None
25692,1230.5,265,MoveLeft,1724,265,None
25693,1223.5,265,MoveLeft,1724,265,None
25694,1216.5,265,MoveLeft,1724,265,None
25695,1209.5,265,MoveLeft,1724,265,None
25696,1202.5,265,MoveLeft,1724,265,None
25697,1195.5,265,MoveLeft,1724,265,None
25698,1188.5,265,MoveLeft,1724,265,None
25699,1181.5,265,MoveLeft,1724,265,None
25708,1181.5,284.62,None,1724,265,None
25727,1185,480.82,MoveRight,1724,265,None
25728,1188.5,490.63,MoveRight,1724,265,None
25729,1192,500.44,MoveRight,1724,265,None
25730,1195.5,510.25,MoveRight,1724,265,None
25731,1199,520.06,MoveRight,1724,265,None
25732,1202.5,529.87,MoveRight,1724,265,None
25733,1206,539.68,MoveRight,1724,265,None
25734,1209.5,549.49,MoveRight,1724,265,None
25735,1213,559.3,MoveRight,1724,265,None
25736,1216.5,569.11,MoveRight,1724,265,None
25737,1220,578.92,MoveRight,1724,265,None
25738,1223.5,569.11,MoveRight,1724,265,None
25739,1227,559.3,MoveRight,1724,265,None
25740,1230.5,549.49,MoveRight,1724,265,None
25741,1234,539.68,MoveRight,1724,265,None
25742,1237.5,529.87,MoveRight,1724,265,None
25743,1237.5,520.06,Spike,1724,265,None
25743,1241,520.06,MoveRight,1724,265,None
25744,1241,510.25,None,1717,265,MoveLeft
25745,1241,500.44,None,1710,265,MoveLeft
25746,1241,490.63,None,1703,265,MoveLeft
25747,1241,480.82,None,1696,265,MoveLeft
25748,1241,471.01,None,1689,265,MoveLeft
25749,1241,461.2,None,1682,265,MoveLeft
25750,1241,451.39,None,1675,265,MoveLeft
25751,1241,441.58,None,1668,265,MoveLeft
25752,1241,431.77,None,1661,265,MoveLeft
25753,1241,421.96,None,1654,265,MoveLeft
25757,337,265,MoveRight,1490,265,None
25758,344,265,MoveRight,1490,265,None
25759,351,265,MoveRight,1490,265,None
25760,358,265,MoveRight,1490,265,None
25761,365,265,MoveRight,1490,265,None
25762,372,265,MoveRight,1490,265,None
25763,379,265,MoveRight,1490,265,None
25764,386,265,MoveRight,1490,265,None
25765,393,265,MoveRight,1490,265,None
25766,400,265,MoveRight,1490,265,None
25767,407,265,MoveRight,1490,265,None
25768,414,265,MoveRight,1490,265,None
25769,421,265,MoveRight,1490,265,None
25770,428,265,MoveRight,1490,265,None
25773,421,265,MoveLeft,1490,265,None
25774,414,265,MoveLeft,1490,265,None
25775,407,265,MoveLeft,1490,265,None
25776,400,265,MoveLeft,1490,265,None
25777,393,265,MoveLeft,1490,265,None
25778,386,265,MoveLeft,1490,265,None
25779,379,265,MoveLeft,1490,265,None
25780,372,265,MoveLeft,1490,265,None
25781,365,265,MoveLeft,1490,265,None
25782,358,265,MoveLeft,1490,265,None
25783,351,265,MoveLeft,1490,265,None
25784,344,265,MoveLeft,1490,265,None
25785,337,265,MoveLeft,1490,265,None
25786,330,265,MoveLeft,1490,265,None
25787,323,265,MoveLeft,1490,265,None
25788,316,265,MoveLeft,1490,265,None
25789,309,265,MoveLeft,1490,265,None
25790,302,265,MoveLeft,1490,265,None
25791,295,265,MoveLeft,1490,265,None
25792,288,265,MoveLeft,1490,265,None
25793,281,265,MoveLeft,1490,265,None
25794,274,265,MoveLeft,1490,265,None
25795,267,265,MoveLeft,1490,265,None
25796,260,265,MoveLeft,1490,265,None
25797,253,265,MoveLeft,1490,265,None
25798,246,265,MoveLeft,1490,265,None
25799,239,265,MoveLeft,1490,265,None
25801,246,265,MoveRight,1490,265,None
25802,253,265,MoveRight,1490,265,None
25803,260,265,MoveRight,1490,265,None
25804,267,265,MoveRight,1490,265,None
25805,274,265,MoveRight,1490,265,None
25806,281,265,MoveRight,1490,265,None
25807,288,265,MoveRight,1490,265,None
25808,295,265,MoveRight,1490,265,None
25809,302,265,MoveRight,1490,265,None
25810,309,265,MoveRight,1490,265,None
25811,316,265,MoveRight,1490,265,None
25812,323,265,MoveRight,1490,265,None
25813,330,265,MoveRight,1490,265,None
25814,337,265,MoveRight,1490,265,None
25815,344,265,MoveRight,1490,265,None
25816,351,265,MoveRight,1490,265,None
25817,358,265,MoveRight,1490,265,None
25818,365,265,MoveRight,1490,265,None
25819,372,265,MoveRight,1490,265,None
25820,379,265,MoveRight,1490,265,None
25821,386,265,MoveRight,1490,265,None
25822,393,265,MoveRight,1490,265,None
25843,393,265,Serve,1490,265,None
25843,393,265,None,1490,265,None
25844,393,265,None,1497,265,MoveRight
25845,393,265,None,1504,265,MoveRight
25846,393,265,None,1511,265,MoveRight
25847,393,265,None,1518,265,MoveRight
25848,393,265,None,1525,265,MoveRight
25849,393,265,None,1532,265,MoveRight
25850,393,265,None,1539,265,MoveRight
25851,393,265,None,1546,265,MoveRight
25852,393,265,None,1553,265,MoveRight
25853,393,265,None,1560,265,MoveRight
25854,393,265,None,1567,265,MoveRight
25855,393,265,None,1574,265,MoveRight
25856,393,265,None,1581,265,MoveRight
25857,393,265,None,1588,265,MoveRight
25858,393,265,None,1595,265,MoveRight
25859,393,265,None,1602,265,MoveRight
25860,393,265,None,1609,265,MoveRight
25861,393,265,None,1616,265,MoveRight
25862,393,265,None,1623,265,MoveRight
25863,393,265,None,1630,265,MoveRight
25864,393,265,None,1637,265,MoveRight
25865,393,265,None,1644,265,MoveRight
25866,393,265,None,1651,265,MoveRight
25867,393,265,None,1658,265,MoveRight
25868,400,265,MoveRight,1658,265,None
25868,400,265,None,1665,265,MoveRight
25869,407,265,MoveRight,1665,265,None
25869,407,265,None,1672,265,MoveRight
25870,414,265,MoveRight,1672,265,None
25870,414,265,None,1679,265,MoveRight
25871,421,265,MoveRight,1679,265,None
25871,421,265,None,1686,265,MoveRight
25872,428,265,MoveRight,1686,265,None
25872,428,265,None,1693,265,MoveRight
25873,435,265,MoveRight,1693,265,None
25873,435,265,None,1700,265,MoveRight
25874,442,265,MoveRight,1700,265,None
25874,442,265,None,1707,265,MoveRight
25875,449,265,MoveRight,1707,265,None
25875,449,265,None,1714,265,MoveRight
25876,456,265,MoveRight,1714,265,None
25876,456,265,None,1721,265,MoveRight
25877,463,265,MoveRight,1721,265,None
25877,463,265,None,1728,265,MoveRight
25878,470,265,MoveRight,1728,265,None
25878,470,265,None,1735,265,MoveRight
25879,477,265,MoveRight,1735,265,None
25879,477,265,None,1742,265,MoveRight
25880,484,265,MoveRight,1742,265,None
25880,484,265,None,1749,265,MoveRight
25881,491,265,MoveRight,1749,265,None
25881,491,265,None,1756,265,MoveRight
25882,498,265,MoveRight,1756,265,None
25882,498,265,None,1763,265,MoveRight
25883,505,265,MoveRight,1763,265,None
25883,505,265,None,1770,265,MoveRight
25884,512,265,MoveRight,1770,265,None
25884,512,265,None,1777,265,MoveRight
25885,519,265,MoveRight,1777,265,None
25885,519,265,None,1784,265,MoveRight
25886,526,265,MoveRight,1784,265,None
25886,526,265,None,1791,265,MoveRight
25887,533,265,MoveRight,1791,265,None
25887,533,265,None,1798,265,MoveRight
25888,540,265,MoveRight,1798,265,None
25888,540,265,None,1805,265,MoveRight
25889,547,265,MoveRight,1805,265,None
25889,547,265,None,1812,265,MoveRight
25890,554,265,MoveRight,1812,265,None
25890,554,265,None,1819,265,MoveRight
25891,561,265,MoveRight,1819,265,None
25891,561,265,None,1826,265,MoveRight
25892,568,265,MoveRight,1826,265,None
25892,568,265,None,1833,265,MoveRight
25893,575,265,MoveRight,1833,265,None
25893,575,265,None,1840,265,MoveRight
25894,582,265,MoveRight,1840,265,None
25894,582,265,None,1847,265,MoveRight
25895,589,265,MoveRight,1847,265,None
25895,589,265,None,1854,265,MoveRight
25896,596,265,MoveRight,1854,265,None
25896,596,265,None,1861,265,MoveRight
25897,603,265,MoveRight,1861,265,None
25897,603,265,None,1868,265,MoveRight
25898,610,265,MoveRight,1868,265,None
25898,610,265,None,1875,265,MoveRight
25899,617,265,MoveRight,1875,265,None
25899,617,265,None,1882,265,MoveRight
25900,624,265,MoveRight,1882,265,None
25900,624,265,None,1889,265,MoveRight
25901,631,265,MoveRight,1889,265,None
25901,631,265,None,1896,265,MoveRight
25902,638,265,MoveRight,1896,265,None
25902,638,265,None,1903,265,MoveRight
25903,645,265,MoveRight,1903,265,None
25903,645,265,None,1910,265,MoveRight
25904,652,265,MoveRight,1910,265,None
25904,652,265,None,1917,265,MoveRight
25905,659,265,MoveRight,1917,265,None
25905,659,265,None,1924,265,MoveRight
25906,666,265,MoveRight,1924,265,None
25906,666,265,None,1931,265,MoveRight
25907,673,265,MoveRight,1931,265,None
25907,673,265,None,1938,265,MoveRight
25908,680,265,MoveRight,1938,265,None
25909,687,265,MoveRight,1938,265,None
25910,694,265,MoveRight,1938,265,None
25911,701,265,MoveRight,1938,265,None
25912,708,265,MoveRight,1938,265,None
25913,715,265,MoveRight,1938,265,None
25914,722,265,MoveRight,1938,265,None
25915,729,265,MoveRight,1938,265,None
25916,736,265,MoveRight,1938,265,None
25917,736,265,None,1938,265,SpikeMedium
25917,743,265,MoveRight,1938,265,None
25917,743,265,None,1938,265,None
25918,750,265,MoveRight,1938,265,None
25919,757,265,MoveRight,1938,265,None
25920,764,265,MoveRight,1938,265,None
25921,771,265,MoveRight,1938,265,None
25922,778,265,MoveRight,1938,265,None
25923,785,265,MoveRight,1938,265,None
25924,792,265,MoveRight,1938,265,None
25925,799,265,MoveRight,1938,265,None
25926,806,265,MoveRight,1938,265,None
25927,813,265,MoveRight,1938,265,None
25928,820,265,MoveRight,1938,265,None
25928,820,265,None,1931,265,MoveLeft
25929,827,265,MoveRight,1931,265,None
25929,827,265,None,1924,265,MoveLeft
25930,834,265,MoveRight,1924,265,None
25930,834,265,None,1917,265,MoveLeft
25931,841,265,MoveRight,1917,265,None
25931,841,265,None,1910,265,MoveLeft
25932,848,265,MoveRight,1910,265,None
25932,848,265,None,1903,265,MoveLeft
25933,855,265,MoveRight,1903,265,None
25933,855,265,None,1896,265,MoveLeft
25934,862,265,MoveRight,1896,265,None
25934,862,265,None,1889,265,MoveLeft
25935,869,265,MoveRight,1889,265,None
25935,869,265,None,1882,265,MoveLeft
25936,876,265,MoveRight,1882,265,None
25936,876,265,None,1875,265,MoveLeft
25937,883,265,MoveRight,1875,265,None
25937,883,265,None,1868,265,MoveLeft
25938,890,265,MoveRight,1868,265,None
25938,890,265,None,1861,265,MoveLeft
25939,897,265,MoveRight,1861,265,None
25939,897,265,None,1854,265,MoveLeft
25940,904,265,MoveRight,1854,265,None
25940,904,265,None,1847,265,MoveLeft
25941,911,265,MoveRight,1847,265,None
25941,911,265,None,1840,265,MoveLeft
25942,918,265,MoveRight,1840,265,None
25942,918,265,None,1833,265,MoveLeft
25943,925,265,MoveRight,1833,265,None
25943,925,265,None,1826,265,MoveLeft
25944,932,265,MoveRight,1826,265,None
25944,932,265,None,1819,265,MoveLeft
25945,939,265,MoveRight,1819,265,None
25945,939,265,None,1812,265,MoveLeft
25946,946,265,MoveRight,1812,265,None
25946,946,265,None,1805,265,MoveLeft
25947,953,265,MoveRight,1805,265,None
25947,953,265,None,1798,265,MoveLeft
25948,960,265,MoveRight,1798,265,None
25948,960,265,None,1791,265,MoveLeft
25949,967,265,MoveRight,1791,265,None
25949,967,265,None,1784,265,MoveLeft
25950,974,265,MoveRight,1784,265,None
25950,974,265,None,1777,265,MoveLeft
25951,981,265,MoveRight,1777,265,None
25951,981,265,None,1770,265,MoveLeft
25952,988,265,MoveRight,1770,265,None
25952,988,265,None,1763,265,MoveLeft
25953,995,265,MoveRight,1763,265,None
25953,995,265,None,1756,265,MoveLeft
25954,1002,265,MoveRight,1756,265,None
25954,1002,265,None,1749,265,MoveLeft
25955,1009,265,MoveRight,1749,265,None
25955,1009,265,None,1742,265,MoveLeft
25956,1016,265,MoveRight,1742,265,None
25956,1016,265,None,1735,265,MoveLeft
25957,1023,265,MoveRight,1735,265,None
25957,1023,265,None,1735,265,None
25958,1030,265,MoveRight,1735,265,None
25958,1030,265,None,1735,265,None
25959,1037,265,MoveRight,1735,265,None
25959,1037,265,None,1735,265,None
25960,1044,265,MoveRight,1735,265,None
25960,1044,265,None,1735,265,None
25961,1044,265,None,1735,265,None
25961,1044,265,None,1735,265,None
25962,1044,265,None,1735,265,None
25962,1044,265,None,1735,265,None
25963,1044,265,None,1735,265,None
25963,1044,265,None,1735,265,None
25964,1044,265,None,1735,265,None
25964,1044,265,None,1735,265,None
25965,1044,265,None,1735,265,None
25965,1044,265,None,1735,265,None
25966,1044,265,None,1735,265,None
25966,1044,265,None,1735,265,None
25967,1044,265,None,1735,265,None
25967,1044,265,None,1735,265,None
25968,1044,265,None,1735,265,None
25968,1044,265,None,1735,265,None
25969,1044,265,None,1735,265,None
25969,1044,265,None,1735,265,None
25970,1044,265,None,1735,265,None
25970,1044,265,None,1735,265,None
25971,1044,265,None,1735,265,None
25971,1044,265,None,1735,265,None
25972,1044,265,None,1735,265,None
25972,1044,265,None,1735,265,None
25973,1044,265,None,1735,265,None
25973,1044,265,None,1735,265,None
25974,1044,265,None,1735,265,None
25974,1044,265,None,1735,265,None
25975,1044,265,None,1735,265,None
25975,1044,265,None,1735,265,None
25976,1044,265,None,1735,265,None
25976,1044,265,None,1735,265,None
25977,1044,265,None,1735,265,None
25977,1044,265,None,1735,265,None
25978,1044,265,None,1735,265,None
25978,1044,265,None,1735,265,None
25979,1044,265,Bump,1735,265,None
25979,1044,265,None,1735,265,None
25979,1044,265,None,1735,265,None
25980,1044,265,None,1728,265,MoveLeft
25981,1044,265,None,1721,265,MoveLeft
25982,1044,265,None,1714,265,MoveLeft
25983,1044,265,None,1707,265,MoveLeft
25984,1044,265,None,1700,265,MoveLeft
25985,1044,265,None,1693,265,MoveLeft
25986,1044,265,None,1686,265,MoveLeft
25987,1044,265,None,1679,265,MoveLeft
25988,1044,265,None,1672,265,MoveLeft
25989,1044,265,None,1665,265,MoveLeft
25990,1044,265,None,1658,265,MoveLeft
25991,1044,265,None,1651,265,MoveLeft
25992,1044,265,None,1644,265,MoveLeft
25993,1044,265,None,1637,265,MoveLeft
25994,1044,265,None,1630,265,MoveLeft
25995,1044,265,None,1623,265,MoveLeft
25999,1051,265,MoveRight,1623,265,None
26000,1058,265,MoveRight,1623,265,None
26001,1065,265,MoveRight,1623,265,None
26002,1072,265,MoveRight,1623,265,None
26003,1079,265,MoveRight,1623,265,None
26004,1086,265,MoveRight,1623,265,None
26005,1093,265,MoveRight,1623,265,None
26006,1100,265,MoveRight,1623,265,None
26007,1107,265,MoveRight,1623,265,None
26008,1114,265,MoveRight,1623,265,None
26009,1121,265,MoveRight,1623,265,None
26010,1128,265,MoveRight,1623,265,None
26011,1135,265,MoveRight,1623,265,None
26012,1142,265,MoveRight,1623,265,None
26013,1149,265,MoveRight,1623,265,None
26014,1156,265,MoveRight,1623,265,None
26015,1163,265,MoveRight,1623,265,None
26016,1170,265,MoveRight,1623,265,None
26017,1177,265,MoveRight,1623,265,None
26018,1184,265,MoveRight,1623,265,None
26019,1191,265,MoveRight,1623,265,None
26020,1198,265,MoveRight,1623,265,None
26021,1205,265,MoveRight,1623,265,None
26022,1212,265,MoveRight,1623,265,None
26023,1219,265,MoveRight,1623,265,None
26024,1226,265,MoveRight,1623,265,None
26025,1233,265,MoveRight,1623,265,None
26026,1240,265,MoveRight,1623,265,None
26027,1247,265,MoveRight,1623,265,None
26028,1254,265,MoveRight,1623,265,None
26029,1261,265,MoveRight,1623,265,None
26030,1268,265,MoveRight,1623,265,None
26031,1275,265,MoveRight,1623,265,None
26032,1282,265,MoveRight,1623,265,None
26033,1289,265,MoveRight,1623,265,None
26034,1296,265,MoveRight,1623,265,None
26035,1303,265,MoveRight,1623,265,None
26036,1310,265,MoveRight,1623,265,None
26037,1313.5,284.62,MoveRight,1623,265,None
26038,1317,304.24,MoveRight,1623,265,None
26039,1320.5,314.05,MoveRight,1623,265,None
26040,1324,323.86,MoveRight,1623,265,None
26060,1322.5,520.06,MoveLeft,1623,265,None
26061,1319,529.87,MoveLeft,1623,265,None
26062,1315.5,539.68,MoveLeft,1623,265,None
26063,1312,549.49,MoveLeft,1623,265,None
26064,1308.5,559.3,MoveLeft,1623,265,None
26065,1305,569.11,MoveLeft,1623,265,None
26066,1301.5,578.92,MoveLeft,1623,265,None
26067,1298,569.11,MoveLeft,1623,265,None
26068,1294.5,559.3,MoveLeft,1623,265,None
26069,1291,549.49,MoveLeft,1623,265,None
26070,1287.5,539.68,MoveLeft,1623,265,None
26071,1284,529.87,MoveLeft,1623,265,None
26080,1284,441.58,None,1623,265,SpikeMedium
26080,1284,441.58,None,1623,265,None
26091,1284,333.67,None,1630,265,MoveRight
26092,1284,323.86,None,1637,265,MoveRight
26093,1280.5,314.05,MoveLeft,1637,265,None
26093,1280.5,314.05,None,1644,265,MoveRight
26094,1277,304.24,MoveLeft,1644,265,None
26094,1277,304.24,None,1651,265,MoveRight
26095,1273.5,294.43,MoveLeft,1651,265,None
26095,1273.5,294.43,None,1658,265,MoveRight
26096,1270,284.62,MoveLeft,1658,265,None
26096,1270,284.62,None,1665,265,MoveRight
26097,1266.5,274.81,MoveLeft,1665,265,None
26097,1266.5,274.81,None,1672,265,MoveRight
26098,1259.5,265,MoveLeft,1672,265,None
26098,1259.5,265,None,1679,265,MoveRight
26099,1252.5,265,MoveLeft,1679,265,None
26099,1252.5,265,None,1686,265,MoveRight
26100,1245.5,265,MoveLeft,1686,265,None
26100,1245.5,265,None,1693,265,MoveRight
26101,1238.5,265,MoveLeft,1693,265,None
26101,1238.5,265,None,1700,265,MoveRight
26102,1231.5,265,MoveLeft,1700,265,None
26102,1231.5,265,None,1707,265,MoveRight
26103,1224.5,265,MoveLeft,1707,265,None
26103,1224.5,265,None,1714,265,MoveRight
26104,1217.5,265,MoveLeft,1714,265,None
26104,1217.5,265,None,1721,265,MoveRight
26105,1210.5,265,MoveLeft,1721,265,None
26105,1210.5,265,None,1728,265,MoveRight
26106,1203.5,265,MoveLeft,1728,265,None
26106,1203.5,265,None,1728,265,None
26107,1196.5,265,MoveLeft,1728,265,None
26107,1196.5,265,None,1728,265,None
26108,1189.5,265,MoveLeft,1728,265,None
26108,1189.5,265,None,1728,265,None
26109,1182.5,265,MoveLeft,1728,265,None
26109,1182.5,265,None,1728,265,None
26110,1175.5,265,MoveLeft,1728,265,None
26110,1175.5,265,None,1728,265,None
26111,1168.5,265,MoveLeft,1728,265,None
26111,1168.5,265,None,1728,265,None
26112,1161.5,265,MoveLeft,1728,265,None
26112,1161.5,265,None,1728,265,None
26113,1154.5,265,MoveLeft,1728,265,None
26113,1154.5,265,None,1728,265,None
26114,1147.5,265,MoveLeft,1728,265,None
26114,1147.5,265,None,1728,265,None
26115,1140.5,265,MoveLeft,1728,265,None
26115,1140.5,265,None,1728,265,None
26116,1133.5,265,MoveLeft,1728,265,None
26116,1133.5,265,None,1728,265,None
26117,1126.5,265,MoveLeft,1728,265,None
26117,1126.5,265,None,1728,265,None
26118,1119.5,265,MoveLeft,1728,265,None
26118,1119.5,265,None,1728,265,None
26119,1112.5,265,MoveLeft,1728,265,None
26119,1112.5,265,None,1728,265,None
26120,1105.5,265,MoveLeft,1728,265,None
26120,1105.5,265,None,1728,265,None
26121,1098.5,265,MoveLeft,1728,265,None
26121,1098.5,265,None,1728,265,None
26122,1091.5,265,MoveLeft,1728,265,None
26122,1091.5,265,None,1728,265,None
26123,1084.5,265,MoveLeft,1728,265,None
26123,1084.5,265,None,1728,265,None
26124,1077.5,265,MoveLeft,1728,265,None
26124,1077.5,265,None,1728,265,None
26125,1070.5,265,MoveLeft,1728,265,None
26125,1070.5,265,None,1728,265,None
26126,1063.5,265,MoveLeft,1728,265,None
26126,1063.5,265,None,1728,265,None
26127,1056.5,265,MoveLeft,1728,265,None
26127,1056.5,265,None,1728,265,None
26128,1049.5,265,MoveLeft,1728,265,None
26128,1049.5,265,None,1728,265,None
26129,1042.5,265,MoveLeft,1728,265,None
26129,1042.5,265,None,1728,265,None
26130,1035.5,265,MoveLeft,1728,265,None
26130,1035.5,265,None,1728,265,None
26131,1028.5,265,MoveLeft,1728,265,None
26131,1028.5,265,None,1728,265,None
26132,1021.5,265,MoveLeft,1728,265,None
26132,1021.5,265,None,1728,265,None
26133,1014.5,265,MoveLeft,1728,265,None
26133,1014.5,265,None,1728,265,None
26134,1007.5,265,MoveLeft,1728,265,None
26134,1007.5,265,None,1728,265,None
26135,1000.5,265,MoveLeft,1728,265,None
26135,1000.5,265,None,1728,265,None
26136,993.5,265,MoveLeft,1728,265,None
26136,993.5,265,None,1728,265,None
26137,986.5,265,MoveLeft,1728,265,None
26137,986.5,265,None,1728,265,None
26138,979.5,265,MoveLeft,1728,265,None
26138,979.5,265,None,1728,265,None
26139,972.5,265,MoveLeft,1728,265,None
26139,972.5,265,None,1728,265,None
26140,965.5,265,MoveLeft,1728,265,None
26140,965.5,265,None,1728,265,None
26141,958.5,265,MoveLeft,1728,265,None
26141,958.5,265,None,1728,265,None
26142,951.5,265,MoveLeft,1728,265,None
26142,951.5,265,None,1728,265,None
26143,944.5,265,MoveLeft,1728,265,None
26143,944.5,265,None,1728,265,None
26144,937.5,265,MoveLeft,1728,265,None
26144,937.5,265,None,1728,265,None
26145,930.5,265,MoveLeft,1728,265,None
26145,930.5,265,None,1728,265,None
26146,923.5,265,MoveLeft,1728,265,None
26146,923.5,265,None,1728,265,None
26147,916.5,265,MoveLeft,1728,265,None
26147,916.5,265,None,1728,265,None
26148,909.5,265,MoveLeft,1728,265,None
26148,909.5,265,None,1728,265,None
26149,1323,265,MoveLeft,2410,265,None
26150,1316,265,MoveLeft,2410,265,None
26151,1309,265,MoveLeft,2410,265,None
26152,1302,265,MoveLeft,2410,265,None
26153,1295,265,MoveLeft,2410,265,None
26154,1288,265,MoveLeft,2410,265,None
26155,1281,265,MoveLeft,2410,265,None
26156,1274,265,MoveLeft,2410,265,None
26157,1267,265,MoveLeft,2410,265,None
26158,1260,265,MoveLeft,2410,265,None
26159,1253,265,MoveLeft,2410,265,None
26160,1246,265,MoveLeft,2410,265,None
26161,1239,265,MoveLeft,2410,265,None
26199,1239,265,None,2410,265,Serve
26199,1239,265,None,2410,265,None
26211,1246,265,MoveRight,2410,265,None
26212,1253,265,MoveRight,2410,265,None
26213,1260,265,MoveRight,2410,265,None
26214,1267,265,MoveRight,2410,265,None
26215,1274,265,MoveRight,2410,265,None
26216,1281,265,MoveRight,2410,265,None
26217,1288,265,MoveRight,2410,265,None
26218,1295,265,MoveRight,2410,265,None
26219,1302,265,MoveRight,2410,265,None
26219,1302,265,None,2403,265,MoveLeft
26220,1309,265,MoveRight,2403,265,None
26220,1309,265,None,2396,265,MoveLeft
26221,1316,265,MoveRight,2396,265,None
26221,1316,265,None,2389,265,MoveLeft
26222,1323,265,MoveRight,2389,265,None
26222,1323,265,None,2382,265,MoveLeft
26223,1326,265,None,2375,265,MoveLeft
26224,1326,265,None,2368,265,MoveLeft
26225,1326,265,None,2361,265,MoveLeft
26226,1326,265,None,2354,265,MoveLeft
26227,1326,265,None,2347,265,MoveLeft
26228,1326,265,None,2340,265,MoveLeft
26229,1326,265,None,2333,265,MoveLeft
26230,1326,265,None,2326,265,MoveLeft
26231,1326,265,None,2319,265,MoveLeft
26232,1326,265,None,2312,265,MoveLeft
26233,1326,265,None,2305,265,MoveLeft
26234,1319,265,MoveLeft,2305,265,None
26234,1319,265,None,2298,265,MoveLeft
26235,1312,265,MoveLeft,2298,265,None
26235,1312,265,None,2291,265,MoveLeft
26236,1305,265,MoveLeft,2291,265,None
26236,1305,265,None,2284,265,MoveLeft
26237,1298,265,MoveLeft,2284,265,None
26237,1298,265,None,2277,265,MoveLeft
26238,1291,265,MoveLeft,2277,265,None
26238,1291,265,None,2270,265,MoveLeft
26239,1284,265,MoveLeft,2270,265,None
26239,1284,265,None,2263,265,MoveLeft
26240,1277,265,MoveLeft,2263,265,None
26240,1277,265,None,2256,265,MoveLeft
26241,1270,265,MoveLeft,2256,265,None
26241,1270,265,None,2249,265,MoveLeft
26242,1263,265,MoveLeft,2249,265,None
26242,1263,265,None,2242,265,MoveLeft
26243,1256,265,MoveLeft,2242,265,None
26243,1256,265,None,2235,265,MoveLeft
26244,1249,265,MoveLeft,2235,265,None
26244,1249,265,None,2228,265,MoveLeft
26245,1242,265,MoveLeft,2228,265,None
26245,1242,265,None,2221,265,MoveLeft
26246,1235,265,MoveLeft,2221,265,None
26246,1235,265,None,2214,265,MoveLeft
26247,1228,265,MoveLeft,2214,265,None
26247,1228,265,None,2207,265,MoveLeft
26248,1221,265,MoveLeft,2207,265,None
26248,1221,265,None,2200,265,MoveLeft
26249,1214,265,MoveLeft,2200,265,None
26249,1214,265,None,2193,265,MoveLeft
26250,1207,265,MoveLeft,2193,265,None
26250,1207,265,None,2186,265,MoveLeft
26251,1200,265,MoveLeft,2186,265,None
26251,1200,265,None,2179,265,MoveLeft
26252,1193,265,MoveLeft,2179,265,None
26252,1193,265,None,2172,265,MoveLeft
26253,1186,265,MoveLeft,2172,265,None
26253,1186,265,None,2165,265,MoveLeft
26254,1179,265,MoveLeft,2165,265,None
26254,1179,265,None,2158,265,MoveLeft
26255,1172,265,MoveLeft,2158,265,None
26255,1172,265,None,2151,265,MoveLeft
26256,1165,265,MoveLeft,2151,265,None
26256,1165,265,None,2144,265,MoveLeft
26257,1158,265,MoveLeft,2144,265,None
26257,1158,265,None,2137,265,MoveLeft
26258,1151,265,MoveLeft,2137,265,None
26258,1151,265,None,2130,265,MoveLeft
26259,1144,265,MoveLeft,2130,265,None
26259,1144,265,None,2123,265,MoveLeft
26260,1137,265,MoveLeft,2123,265,None
26260,1137,265,None,2116,265,MoveLeft
26261,1130,265,MoveLeft,2116,265,None
26261,1130,265,None,2109,265,MoveLeft
26262,1123,265,MoveLeft,2109,265,None
26262,1123,265,None,2102,265,MoveLeft
26263,1116,265,MoveLeft,2102,265,None
26263,1116,265,None,2095,265,MoveLeft
26264,1109,265,MoveLeft,2095,265,None
26264,1109,265,None,2088,265,MoveLeft
26265,1102,265,MoveLeft,2088,265,None
26265,1102,265,None,2081,265,MoveLeft
26266,1095,265,MoveLeft,2081,265,None
26266,1095,265,None,2074,265,MoveLeft
26267,1088,265,MoveLeft,2074,265,None
26267,1088,265,None,2067,265,MoveLeft
26268,1081,265,MoveLeft,2067,265,None
26268,1081,265,None,2060,265,MoveLeft
26269,1074,265,MoveLeft,2060,265,None
26269,1074,265,None,2053,265,MoveLeft
26270,1067,265,MoveLeft,2053,265,None
26270,1067,265,None,2046,265,MoveLeft
26271,1060,265,MoveLeft,2046,265,None
26271,1060,265,None,2039,265,MoveLeft
26272,1053,265,MoveLeft,2039,265,None
26272,1053,265,None,2032,265,MoveLeft
26273,1046,265,MoveLeft,2032,265,None
26273,1046,265,None,2025,265,MoveLeft
26274,1039,265,MoveLeft,2025,265,None
26274,1039,265,None,2018,265,MoveLeft
26275,1032,265,MoveLeft,2018,265,None
26275,1032,265,None,2011,265,MoveLeft
