Frame,PlayerPosX,PlayerPosY,PlayerEvent,BotPosX,BotPosY,BotEvent
11973,970,265,None,1843,265,MoveLeft
11974,970,265,None,1836,265,MoveLeft
11975,970,265,None,1829,265,MoveLeft
11976,970,265,None,1822,265,MoveLeft
11977,970,265,None,1815,265,MoveLeft
11978,970,265,None,1808,265,MoveLeft
11979,970,265,None,1801,265,MoveLeft
11980,970,265,None,1794,265,MoveLeft
11981,970,265,None,1787,265,MoveLeft
11982,970,265,None,1780,265,MoveLeft
11983,970,265,None,1773,265,MoveLeft
11984,970,265,None,1766,265,MoveLeft
11985,970,265,None,1759,265,MoveLeft
11986,970,265,None,1752,265,MoveLeft
11987,970,265,None,1745,265,MoveLeft
11988,970,265,None,1738,265,MoveLeft
11989,970,265,None,1731,265,MoveLeft
12043,977,265,MoveRight,1731,265,None
12044,984,265,MoveRight,1731,265,None
12045,991,265,MoveRight,1731,265,None
12046,998,265,MoveRight,1731,265,None
12047,1005,265,MoveRight,1731,265,None
12048,1012,265,MoveRight,1731,265,None
12049,1019,265,MoveRight,1731,265,None
12050,1026,265,MoveRight,1731,265,None
12051,1033,265,MoveRight,1731,265,None
12052,1040,265,MoveRight,1731,265,None
12053,1047,265,MoveRight,1731,265,None
12054,1054,265,MoveRight,1731,265,None
12055,1061,265,MoveRight,1731,265,None
12056,1068,265,MoveRight,1731,265,None
12057,1075,265,MoveRight,1731,265,None
12058,1082,265,MoveRight,1731,265,None
12059,1089,265,MoveRight,1731,265,None
12060,1096,265,MoveRight,1731,265,None
12061,1103,265,MoveRight,1731,265,None
12062,1110,265,MoveRight,1731,265,None
12063,1117,265,MoveRight,1731,265,None
12064,1124,265,MoveRight,1731,265,None
12065,1131,265,MoveRight,1731,265,None
12066,1138,265,MoveRight,1731,265,None
12067,1145,265,MoveRight,1731,265,None
12068,1152,265,MoveRight,1731,265,None
12069,1159,265,MoveRight,1731,265,None
12070,1166,265,MoveRight,1731,265,None
12071,1173,265,MoveRight,1731,265,None
12072,1180,265,MoveRight,1731,265,None
12073,1187,265,MoveRight,1731,265,None
12074,1194,265,MoveRight,1731,265,None
12075,1201,265,MoveRight,1731,265,None
12165,1208,265,MoveRight,1731,265,None
12166,1215,265,MoveRight,1731,265,None
12167,1222,265,MoveRight,1731,265,None
12168,1229,265,MoveRight,1731,265,None
12169,1236,265,MoveRight,1731,265,None
12170,1243,265,MoveRight,1731,265,None
12171,1250,265,MoveRight,1731,265,None
12172,1257,265,MoveRight,1731,265,None
12173,1264,265,MoveRight,1731,265,None
12174,1271,265,MoveRight,1731,265,None
12175,1278,265,MoveRight,1731,265,None
12176,1285,265,MoveRight,1731,265,None
12177,1292,265,MoveRight,1731,265,None
12178,1299,265,MoveRight,1731,265,None
12179,1306,265,MoveRight,1731,265,None
12180,1313,265,MoveRight,1731,265,None
12181,1320,265,MoveRight,1731,265,None
12200,1313,265,MoveLeft,1731,265,None
12201,1306,265,MoveLeft,1731,265,None
12202,1299,265,MoveLeft,1731,265,None
12203,1292,265,MoveLeft,1731,265,None
12204,1285,265,MoveLeft,1731,265,None
12205,1278,265,MoveLeft,1731,265,None
12206,1271,265,MoveLeft,1731,265,None
12207,1264,265,MoveLeft,1731,265,None
12208,1257,265,MoveLeft,1731,265,None
12209,1250,265,MoveLeft,1731,265,None
12210,1243,265,MoveLeft,1731,265,None
12211,1236,265,MoveLeft,1731,265,None
12212,1229,265,MoveLeft,1731,265,None
12213,1222,265,MoveLeft,1731,265,None
12214,1215,265,MoveLeft,1731,265,None
12215,1208,265,MoveLeft,1731,265,None
12216,1201,265,MoveLeft,1731,265,None
12217,1194,265,MoveLeft,1731,265,None
12218,1187,265,MoveLeft,1731,265,None
12219,1180,265,MoveLeft,1731,265,None
12220,1173,265,MoveLeft,1731,265,None
12221,1166,265,MoveLeft,1731,265,None
12222,1159,265,MoveLeft,1731,265,None
12239,1166,265,MoveRight,1731,265,None
12240,1173,265,MoveRight,1731,265,None
12241,1180,265,MoveRight,1731,265,None
12242,1187,265,MoveRight,1731,265,None
12243,1194,265,MoveRight,1731,265,None
12244,1201,265,MoveRight,1731,265,None
12245,1208,265,MoveRight,1731,265,None
12246,1215,265,MoveRight,1731,265,None
12247,1222,265,MoveRight,1731,265,None
12248,1229,265,MoveRight,1731,265,None
12249,1236,265,MoveRight,1731,265,None
12250,1243,265,MoveRight,1731,265,None
12251,1250,265,MoveRight,1731,265,None
12252,1257,265,MoveRight,1731,265,None
12253,1264,265,MoveRight,1731,265,None
12254,1271,265,MoveRight,1731,265,None
12255,1278,265,MoveRight,1731,265,None
12256,1285,265,MoveRight,1731,265,None
12257,1292,265,MoveRight,1731,265,None
12258,1299,265,MoveRight,1731,265,None
12259,1306,265,MoveRight,1731,265,None
12260,1313,265,MoveRight,1731,265,None
12261,1320,265,MoveRight,1731,265,None
12292,1319,265,MoveLeft,1731,265,None
12293,1312,265,MoveLeft,1731,265,None
12294,1305,265,MoveLeft,1731,265,None
12295,1298,265,MoveLeft,1731,265,None
12296,1291,265,MoveLeft,1731,265,None
12297,1284,265,MoveLeft,1731,265,None
12298,1277,265,MoveLeft,1731,265,None
12299,1270,265,MoveLeft,1731,265,None
12300,1263,265,MoveLeft,1731,265,None
12301,1256,265,MoveLeft,1731,265,None
12302,1249,265,MoveLeft,1731,265,None
12303,1242,265,MoveLeft,1731,265,None
12304,1235,265,MoveLeft,1731,265,None
12941,1242,265,MoveRight,1731,265,None
12942,1249,265,MoveRight,1731,265,None
12943,1256,265,MoveRight,1731,265,None
12944,1263,265,MoveRight,1731,265,None
12945,1270,265,MoveRight,1731,265,None
12946,1277,265,MoveRight,1731,265,None
12947,1284,265,MoveRight,1731,265,None
12948,1291,265,MoveRight,1731,265,None
12949,1298,265,MoveRight,1731,265,None
12950,1305,265,MoveRight,1731,265,None
12951,1312,265,MoveRight,1731,265,None
12952,1319,265,MoveRight,1731,265,None
12953,1326,265,MoveRight,1731,265,None
13014,1326,284.62,None,1731,265,None
13030,1326,431.77,Set,1731,265,None
13030,1326,451.39,None,1731,265,None
13031,1326,461.2,None,1724,265,MoveLeft
13032,1326,471.01,None,1717,265,MoveLeft
13033,1326,480.82,None,1710,265,MoveLeft
13034,1326,490.63,None,1703,265,MoveLeft
13035,1326,500.44,None,1696,265,MoveLeft
13036,1326,510.25,None,1689,265,MoveLeft
13037,1326,520.06,None,1682,265,MoveLeft
13038,1326,529.87,None,1675,265,MoveLeft
13039,1326,539.68,None,1668,265,MoveLeft
13040,1326,549.49,None,1661,265,MoveLeft
13041,1326,559.3,None,1654,265,MoveLeft
13042,1326,569.11,None,1647,265,MoveLeft
13043,1326,578.92,None,1640,265,MoveLeft
13044,1326,569.11,None,1633,265,MoveLeft
13045,1326,559.3,None,1626,265,MoveLeft
13046,1326,549.49,None,1619,265,MoveLeft
13047,1326,539.68,None,1612,265,MoveLeft
13048,1326,529.87,None,1605,265,MoveLeft
13049,1326,520.06,None,1598,265,MoveLeft
13050,1326,510.25,None,1591,265,MoveLeft
13051,1326,500.44,None,1584,265,MoveLeft
13052,1326,490.63,None,1577,265,MoveLeft
13053,1326,480.82,None,1570,265,MoveLeft
13054,1326,471.01,None,1563,265,MoveLeft
13055,1326,461.2,None,1556,265,MoveLeft
13056,1326,451.39,None,1549,265,MoveLeft
13057,1326,441.58,None,1542,265,MoveLeft
13058,1326,431.77,None,1535,265,MoveLeft
13059,1326,421.96,None,1528,265,MoveLeft
13060,1326,412.15,None,1521,265,MoveLeft
13061,1326,402.34,None,1514,265,MoveLeft
13062,1326,392.53,None,1507,265,MoveLeft
13063,1326,382.72,None,1500,265,MoveLeft
13064,1326,372.91,None,1493,265,MoveLeft
13065,1326,363.1,None,1486,265,MoveLeft
13066,1326,353.29,None,1479,265,MoveLeft
13067,1326,343.48,None,1472,265,MoveLeft
13068,1326,333.67,None,1465,265,MoveLeft
13069,1326,323.86,None,1458,265,MoveLeft
13070,1326,314.05,None,1451,265,MoveLeft
13071,1326,304.24,None,1444,265,MoveLeft
13072,1326,294.43,None,1437,265,MoveLeft
13073,1326,284.62,None,1430,265,MoveLeft
13074,1326,274.81,None,1423,265,MoveLeft
13075,1326,265,None,1416,265,MoveLeft
13076,1326,265,None,1409,265,MoveLeft
13077,1326,265,None,1402,265,MoveLeft
13078,1326,265,None,1395,265,MoveLeft
13079,1326,265,None,1388,265,MoveLeft
13080,1326,265,None,1381,265,MoveLeft
13094,1326,284.62,None,1381,265,None
13119,1326,539.68,None,1381,265,None
13129,1326,520.06,Spike,1381,265,None
13129,1326,520.06,None,1381,265,None
13130,1326,510.25,None,1388,265,MoveRight
13131,1326,500.44,None,1395,265,MoveRight
13132,1326,490.63,None,1402,265,MoveRight
13133,1326,480.82,None,1409,265,MoveRight
13134,1326,471.01,None,1416,265,MoveRight
13135,1326,461.2,None,1423,265,MoveRight
13136,1326,451.39,None,1430,265,MoveRight
13137,1326,441.58,None,1437,265,MoveRight
13138,1326,431.77,None,1444,265,MoveRight
13139,1326,421.96,None,1451,265,MoveRight
13140,1326,412.15,None,1458,265,MoveRight
13150,323,265,MoveLeft,1850,265,None
13151,316,265,MoveLeft,1850,265,None
13152,309,265,MoveLeft,1850,265,None
13153,302,265,MoveLeft,1850,265,None
13154,295,265,MoveLeft,1850,265,None
13155,288,265,MoveLeft,1850,265,None
13156,281,265,MoveLeft,1850,265,None
13157,274,265,MoveLeft,1850,265,None
13158,267,265,MoveLeft,1850,265,None
13159,260,265,MoveLeft,1850,265,None
13160,253,265,MoveLeft,1850,265,None
13161,246,265,MoveLeft,1850,265,None
13162,239,265,MoveLeft,1850,265,None
13163,232,265,MoveLeft,1850,265,None
13164,225,265,MoveLeft,1850,265,None
13165,218,265,MoveLeft,1850,265,None
13166,211,265,MoveLeft,1850,265,None
13167,204,265,MoveLeft,1850,265,None
13168,197,265,MoveLeft,1850,265,None
13169,190,265,MoveLeft,1850,265,None
13170,183,265,MoveLeft,1850,265,None
13171,176,265,MoveLeft,1850,265,None
13172,169,265,MoveLeft,1850,265,None
13173,162,265,MoveLeft,1850,265,None
13174,155,265,MoveLeft,1850,265,None
13175,148,265,MoveLeft,1850,265,None
13176,141,265,MoveLeft,1850,265,None
13182,148,265,MoveRight,1850,265,None
13183,155,265,MoveRight,1850,265,None
13184,162,265,MoveRight,1850,265,None
13185,169,265,MoveRight,1850,265,None
13186,176,265,MoveRight,1850,265,None
13187,183,265,MoveRight,1850,265,None
13188,190,265,MoveRight,1850,265,None
13189,197,265,MoveRight,1850,265,None
13190,204,265,MoveRight,1850,265,None
13191,211,265,MoveRight,1850,265,None
13192,218,265,MoveRight,1850,265,None
13193,225,265,MoveRight,1850,265,None
13194,232,265,MoveRight,1850,265,None
13195,239,265,MoveRight,1850,265,None
13196,246,265,MoveRight,1850,265,None
13197,253,265,MoveRight,1850,265,None
13198,260,265,MoveRight,1850,265,None
13199,267,265,MoveRight,1850,265,None
13200,274,265,MoveRight,1850,265,None
13201,281,265,MoveRight,1850,265,None
13202,288,265,MoveRight,1850,265,None
13203,295,265,MoveRight,1850,265,None
13204,302,265,MoveRight,1850,265,None
13205,309,265,MoveRight,1850,265,None
13206,316,265,MoveRight,1850,265,None
13207,323,265,MoveRight,1850,265,None
13208,330,265,MoveRight,1850,265,None
13209,337,265,MoveRight,1850,265,None
13210,344,265,MoveRight,1850,265,None
13211,351,265,MoveRight,1850,265,None
13212,358,265,MoveRight,1850,265,None
13213,365,265,MoveRight,1850,265,None
13214,372,265,MoveRight,1850,265,None
13215,379,265,MoveRight,1850,265,None
13227,379,265,Serve,1850,265,None
13227,379,265,None,1850,265,None
13228,379,265,None,1857,265,MoveRight
13229,379,265,None,1864,265,MoveRight
13230,379,265,None,1871,265,MoveRight
13231,379,265,None,1878,265,MoveRight
13232,379,265,None,1885,265,MoveRight
13233,379,265,None,1892,265,MoveRight
13234,379,265,None,1899,265,MoveRight
13235,379,265,None,1906,265,MoveRight
13236,379,265,None,1913,265,MoveRight
13237,379,265,None,1920,265,MoveRight
13238,379,265,None,1927,265,MoveRight
13246,386,265,MoveRight,1927,265,None
13247,393,265,MoveRight,1927,265,None
13248,400,265,MoveRight,1927,265,None
13249,407,265,MoveRight,1927,265,None
13250,414,265,MoveRight,1927,265,None
13251,421,265,MoveRight,1927,265,None
13252,428,265,MoveRight,1927,265,None
13253,435,265,MoveRight,1927,265,None
13254,442,265,MoveRight,1927,265,None
13255,449,265,MoveRight,1927,265,None
13256,456,265,MoveRight,1927,265,None
13257,463,265,MoveRight,1927,265,None
13258,470,265,MoveRight,1927,265,None
13259,477,265,MoveRight,1927,265,None
13260,484,265,MoveRight,1927,265,None
13261,491,265,MoveRight,1927,265,None
13262,498,265,MoveRight,1927,265,None
13263,505,265,MoveRight,1927,265,None
13264,512,265,MoveRight,1927,265,None
13265,519,265,MoveRight,1927,265,None
13266,526,265,MoveRight,1927,265,None
13267,533,265,MoveRight,1927,265,None
13268,540,265,MoveRight,1927,265,None
13269,547,265,MoveRight,1927,265,None
13270,554,265,MoveRight,1927,265,None
13271,561,265,MoveRight,1927,265,None
13272,568,265,MoveRight,1927,265,None
13273,575,265,MoveRight,1927,265,None
13274,582,265,MoveRight,1927,265,None
13275,589,265,MoveRight,1927,265,None
13276,596,265,MoveRight,1927,265,None
13277,603,265,MoveRight,1927,265,None
13278,610,265,MoveRight,1927,265,None
13279,617,265,MoveRight,1927,265,None
13280,624,265,MoveRight,1927,265,None
13281,631,265,MoveRight,1927,265,None
13282,638,265,MoveRight,1927,265,None
13283,645,265,MoveRight,1927,265,None
13284,652,265,MoveRight,1927,265,None
13285,659,265,MoveRight,1927,265,None
13286,666,265,MoveRight,1927,265,None
13287,673,265,MoveRight,1927,265,None
13288,680,265,MoveRight,1927,265,None
13289,687,265,MoveRight,1927,265,None
13290,694,265,MoveRight,1927,265,None
13291,701,265,MoveRight,1927,265,None
13292,708,265,MoveRight,1927,265,None
13293,715,265,MoveRight,1927,265,None
13294,722,265,MoveRight,1927,265,None
13295,729,265,MoveRight,1927,265,None
13296,736,265,MoveRight,1927,265,None
13297,743,265,MoveRight,1927,265,None
13298,750,265,MoveRight,1927,265,None
13299,757,265,MoveRight,1927,265,None
13300,764,265,MoveRight,1927,265,None
13301,764,265,None,1927,265,SpikeMedium
13301,771,265,MoveRight,1927,265,None
13301,771,265,None,1927,265,None
13302,778,265,MoveRight,1927,265,None
13303,785,265,MoveRight,1927,265,None
13304,792,265,MoveRight,1927,265,None
13305,799,265,MoveRight,1927,265,None
13306,806,265,MoveRight,1927,265,None
13307,813,265,MoveRight,1927,265,None
13312,813,265,None,1920,265,MoveLeft
13313,813,265,None,1913,265,MoveLeft
13314,813,265,None,1906,265,MoveLeft
13315,813,265,None,1899,265,MoveLeft
13316,813,265,None,1892,265,MoveLeft
13317,813,265,None,1885,265,MoveLeft
13318,813,265,None,1878,265,MoveLeft
13319,813,265,None,1871,265,MoveLeft
13320,813,265,None,1864,265,MoveLeft
13321,813,265,None,1857,265,MoveLeft
13322,813,265,None,1850,265,MoveLeft
13323,813,265,None,1843,265,MoveLeft
13324,813,265,None,1836,265,MoveLeft
13325,813,265,None,1829,265,MoveLeft
13326,813,265,None,1822,265,MoveLeft
13327,813,265,None,1815,265,MoveLeft
13328,813,265,None,1808,265,MoveLeft
13329,813,265,None,1801,265,MoveLeft
13330,813,265,None,1794,265,MoveLeft
13331,813,265,None,1787,265,MoveLeft
13332,813,265,None,1780,265,MoveLeft
13333,813,265,None,1773,265,MoveLeft
13334,813,265,None,1766,265,MoveLeft
13335,813,265,None,1759,265,MoveLeft
13336,813,265,None,1752,265,MoveLeft
13337,820,265,MoveRight,1752,265,None
13337,820,265,None,1745,265,MoveLeft
13338,827,265,MoveRight,1745,265,None
13338,827,265,None,1738,265,MoveLeft
13339,834,265,MoveRight,1738,265,None
13339,834,265,None,1731,265,MoveLeft
13340,841,265,MoveRight,1731,265,None
13340,841,265,None,1731,265,None
13341,848,265,MoveRight,1731,265,None
13341,848,265,None,1731,265,None
13342,855,265,MoveRight,1731,265,None
13342,855,265,None,1731,265,None
13343,862,265,MoveRight,1731,265,None
13343,862,265,None,1731,265,None
13344,869,265,MoveRight,1731,265,None
13344,869,265,None,1731,265,None
13345,876,265,MoveRight,1731,265,None
13345,876,265,None,1731,265,None
13346,883,265,MoveRight,1731,265,None
13346,883,265,None,1731,265,None
13347,890,265,MoveRight,1731,265,None
13347,890,265,None,1731,265,None
13348,897,265,MoveRight,1731,265,None
13348,897,265,None,1731,265,None
13349,904,265,MoveRight,1731,265,None
13349,904,265,None,1731,265,None
13350,911,265,MoveRight,1731,265,None
13350,911,265,None,1731,265,None
13351,918,265,MoveRight,1731,265,None
13351,918,265,None,1731,265,None
13352,925,265,MoveRight,1731,265,None
13352,925,265,None,1731,265,None
13353,932,265,MoveRight,1731,265,None
13353,932,265,None,1731,265,None
13354,939,265,MoveRight,1731,265,None
13354,939,265,None,1731,265,None
13355,946,265,MoveRight,1731,265,None
13355,946,265,None,1731,265,None
13356,953,265,MoveRight,1731,265,None
13356,953,265,None,1731,265,None
13357,960,265,MoveRight,1731,265,None
13357,960,265,None,1731,265,None
13358,967,265,MoveRight,1731,265,None
13358,967,265,None,1731,265,None
13359,974,265,MoveRight,1731,265,None
13359,974,265,None,1731,265,None
13360,981,265,MoveRight,1731,265,None
13360,981,265,None,1731,265,None
13361,988,265,MoveRight,1731,265,None
13361,988,265,None,1731,265,None
13362,995,265,MoveRight,1731,265,None
13362,995,265,None,1731,265,None
13363,1002,265,MoveRight,1731,265,None
13363,1002,265,None,1731,265,None
13364,1002,265,Bump,1731,265,None
13364,1009,265,MoveRight,1731,265,None
13364,1009,265,None,1731,265,None
13365,1009,265,None,1724,265,MoveLeft
13366,1009,265,None,1717,265,MoveLeft
13367,1009,265,None,1710,265,MoveLeft
13368,1009,265,None,1703,265,MoveLeft
13369,1009,265,None,1696,265,MoveLeft
13370,1009,265,None,1689,265,MoveLeft
13371,1009,265,None,1682,265,MoveLeft
13372,1009,265,None,1675,265,MoveLeft
13373,1009,265,None,1668,265,MoveLeft
13374,1009,265,None,1661,265,MoveLeft
13375,1009,265,None,1654,265,MoveLeft
13376,1009,265,None,1647,265,MoveLeft
13377,1009,265,None,1640,265,MoveLeft
13378,1009,265,None,1633,265,MoveLeft
13379,1009,265,None,1626,265,MoveLeft
13380,1009,265,None,1619,265,MoveLeft
13381,1009,265,None,1612,265,MoveLeft
13382,1009,265,None,1605,265,MoveLeft
13383,1009,265,None,1598,265,MoveLeft
13384,1016,265,MoveRight,1598,265,None
13385,1023,265,MoveRight,1598,265,None
13386,1030,265,MoveRight,1598,265,None
13387,1037,265,MoveRight,1598,265,None
13388,1044,265,MoveRight,1598,265,None
13389,1051,265,MoveRight,1598,265,None
13390,1058,265,MoveRight,1598,265,None
13391,1065,265,MoveRight,1598,265,None
13392,1072,265,MoveRight,1598,265,None
13393,1079,265,MoveRight,1598,265,None
13394,1086,265,MoveRight,1598,265,None
13395,1093,265,MoveRight,1598,265,None
13396,1100,265,MoveRight,1598,265,None
13397,1107,265,MoveRight,1598,265,None
13398,1114,265,MoveRight,1598,265,None
13399,1121,265,MoveRight,1598,265,None
13400,1128,265,MoveRight,1598,265,None
13401,1135,265,MoveRight,1598,265,None
13402,1142,265,MoveRight,1598,265,None
13403,1149,265,MoveRight,1598,265,None
13404,1156,265,MoveRight,1598,265,None
13405,1163,265,MoveRight,1598,265,None
13406,1170,265,MoveRight,1598,265,None
13407,1177,265,MoveRight,1598,265,None
13408,1184,265,MoveRight,1598,265,None
13409,1191,265,MoveRight,1598,265,None
13410,1198,265,MoveRight,1598,265,None
13411,1205,265,MoveRight,1598,265,None
13412,1212,265,MoveRight,1598,265,None
13413,1219,265,MoveRight,1598,265,None
13414,1226,265,MoveRight,1598,265,None
13415,1233,265,MoveRight,1598,265,None
13466,1233,265,None,1598,265,SpikeLight
13466,1233,265,None,1598,265,None
13477,1233,265,None,1605,265,MoveRight
13478,1233,265,None,1612,265,MoveRight
13479,1233,265,None,1619,265,MoveRight
13480,1233,265,None,1626,265,MoveRight
13481,1233,265,None,1633,265,MoveRight
13482,1233,265,None,1640,265,MoveRight
13483,1233,284.62,None,1640,265,None
13483,1233,284.62,None,1647,265,MoveRight
13484,1233,304.24,None,1654,265,MoveRight
13485,1233,314.05,None,1661,265,MoveRight
13486,1233,323.86,None,1668,265,MoveRight
13487,1233,333.67,None,1675,265,MoveRight
13488,1233,343.48,None,1682,265,MoveRight
13489,1233,353.29,None,1689,265,MoveRight
13490,1233,363.1,None,1696,265,MoveRight
13491,1233,372.91,None,1703,265,MoveRight
13492,1233,382.72,None,1710,265,MoveRight
13493,1233,392.53,None,1717,265,MoveRight
13494,1233,402.34,None,1724,265,MoveRight
13495,1233,412.15,None,1724,265,None
13496,1233,421.96,None,1724,265,None
13497,1233,431.77,None,1724,265,None
13498,1233,441.58,None,1724,265,None
13499,1233,451.39,None,1724,265,None
13500,1233,461.2,None,1724,265,None
13501,1233,471.01,None,1724,265,None
13502,1233,480.82,None,1724,265,None
13503,1233,490.63,None,1724,265,None
13504,1233,500.44,None,1724,265,None
13505,1233,510.25,None,1724,265,None
13506,1233,520.06,None,1724,265,None
13507,1233,529.87,None,1724,265,None
13508,1233,539.68,None,1724,265,None
13509,1233,549.49,None,1724,265,None
13510,1233,559.3,None,1724,265,None
13511,1233,569.11,None,1724,265,None
13512,1233,578.92,None,1724,265,None
13513,1233,569.11,None,1724,265,None
13513,1233,569.11,None,1724,265,None
13514,1233,559.3,None,1724,265,None
13515,1233,549.49,None,1724,265,None
13516,1233,539.68,None,1724,265,None
13517,1233,529.87,None,1724,265,None
13518,1233,520.06,None,1724,265,None
13519,1233,510.25,None,1724,265,None
13520,1233,500.44,None,1724,265,None
13521,1233,490.63,None,1724,265,None
13522,1233,480.82,None,1724,265,None
13523,1233,471.01,None,1724,265,None
13524,1233,461.2,None,1724,265,None
13525,1233,451.39,None,1724,265,None
13526,1233,441.58,None,1724,265,None
13527,1233,431.77,None,1724,265,None
13528,1233,421.96,None,1724,265,None
13529,1233,412.15,None,1724,265,None
13580,970,265,None,2410,265,Serve
13580,970,265,None,2410,265,None
13600,970,265,None,2403,265,MoveLeft
13601,970,265,None,2396,265,MoveLeft
13602,970,265,None,2389,265,MoveLeft
13603,970,265,None,2382,265,MoveLeft
13604,970,265,None,2375,265,MoveLeft
13605,970,265,None,2368,265,MoveLeft
13606,970,265,None,2361,265,MoveLeft
13607,970,265,None,2354,265,MoveLeft
13608,970,265,None,2347,265,MoveLeft
13609,970,265,None,2340,265,MoveLeft
13610,970,265,None,2333,265,MoveLeft
13611,970,265,None,2326,265,MoveLeft
13612,970,265,None,2319,265,MoveLeft
13613,970,265,None,2312,265,MoveLeft
13614,970,265,None,2305,265,MoveLeft
13615,970,265,None,2298,265,MoveLeft
13616,970,265,None,2291,265,MoveLeft
13617,970,265,None,2284,265,MoveLeft
13618,970,265,None,2277,265,MoveLeft
13619,970,265,None,2270,265,MoveLeft
13620,970,265,None,2263,265,MoveLeft
13621,970,265,None,2256,265,MoveLeft
13622,970,265,None,2249,265,MoveLeft
13623,970,265,None,2242,265,MoveLeft
13624,970,265,None,2235,265,MoveLeft
13625,970,265,None,2228,265,MoveLeft
13626,970,265,None,2221,265,MoveLeft
13627,970,265,None,2214,265,MoveLeft
13628,970,265,None,2207,265,MoveLeft
13629,970,265,None,2200,265,MoveLeft
13630,970,265,None,2193,265,MoveLeft
13631,970,265,None,2186,265,MoveLeft
13632,970,265,None,2179,265,MoveLeft
13633,970,265,None,2172,265,MoveLeft
13634,970,265,None,2165,265,MoveLeft
13635,970,265,None,2158,265,MoveLeft
13636,970,265,None,2151,265,MoveLeft
13637,970,265,None,2144,265,MoveLeft
13638,970,265,None,2137,265,MoveLeft
13639,970,265,None,2130,265,MoveLeft
13640,970,265,None,2123,265,MoveLeft
13641,970,265,None,2116,265,MoveLeft
13642,970,265,None,2109,265,MoveLeft
13643,970,265,None,2102,265,MoveLeft
13644,970,265,None,2095,265,MoveLeft
13645,970,265,None,2088,265,MoveLeft
13646,970,265,None,2081,265,MoveLeft
13647,970,265,None,2074,265,MoveLeft
13648,963,265,MoveLeft,2074,265,None
13648,963,265,None,2067,265,MoveLeft
13649,956,265,MoveLeft,2067,265,None
13649,956,265,None,2060,265,MoveLeft
13650,949,265,MoveLeft,2060,265,None
13650,949,265,None,2053,265,MoveLeft
13651,942,265,MoveLeft,2053,265,None
13651,942,265,None,2046,265,MoveLeft
13652,935,265,MoveLeft,2046,265,None
13652,935,265,None,2039,265,MoveLeft
13653,928,265,MoveLeft,2039,265,None
13653,928,265,None,2032,265,MoveLeft
13654,921,265,MoveLeft,2032,265,None
13654,921,265,None,2025,265,MoveLeft
13655,914,265,MoveLeft,2025,265,None
13655,914,265,None,2018,265,MoveLeft
13656,907,265,MoveLeft,2018,265,None
13656,907,265,None,2011,265,MoveLeft
13657,963,265,MoveLeft,2410,265,None
13658,956,265,MoveLeft,2410,265,None
13659,949,265,MoveLeft,2410,265,None
13660,942,265,MoveLeft,2410,265,None
13707,942,265,None,2410,265,Serve
13707,942,265,None,2410,265,None
13722,935,265,MoveLeft,2410,265,None
13723,928,265,MoveLeft,2410,265,None
13724,921,265,MoveLeft,2410,265,None
13725,914,265,MoveLeft,2410,265,None
13726,907,265,MoveLeft,2410,265,None
13726,907,265,None,2403,265,MoveLeft
13727,900,265,MoveLeft,2403,265,None
13727,900,265,None,2396,265,MoveLeft
13728,893,265,MoveLeft,2396,265,None
13728,893,265,None,2389,265,MoveLeft
13729,886,265,MoveLeft,2389,265,None
13729,886,265,None,2382,265,MoveLeft
13730,879,265,MoveLeft,2382,265,None
13730,879,265,None,2375,265,MoveLeft
13731,872,265,MoveLeft,2375,265,None
13731,872,265,None,2368,265,MoveLeft
13732,872,265,None,2368,265,None
13732,872,265,None,2361,265,MoveLeft
13733,872,265,None,2361,265,None
13733,872,265,None,2354,265,MoveLeft
13734,872,265,None,2354,265,None
13734,872,265,None,2347,265,MoveLeft
13735,872,265,None,2347,265,None
13735,872,265,None,2340,265,MoveLeft
13736,872,265,None,2340,265,None
13736,872,265,None,2333,265,MoveLeft
13737,872,265,None,2333,265,None
13737,872,265,None,2326,265,MoveLeft
13738,872,265,None,2326,265,None
13738,872,265,None,2319,265,MoveLeft
13739,872,265,None,2319,265,None
13739,872,265,None,2312,265,MoveLeft
13740,872,265,None,2312,265,None
13740,872,265,None,2305,265,MoveLeft
13741,872,265,None,2305,265,None
13741,872,265,None,2298,265,MoveLeft
13742,872,265,None,2298,265,None
13742,872,265,None,2291,265,MoveLeft
13743,872,265,None,2291,265,None
13743,872,265,None,2284,265,MoveLeft
13744,872,265,None,2284,265,None
13744,872,265,None,2277,265,MoveLeft
13745,872,265,None,2277,265,None
13745,872,265,None,2270,265,MoveLeft
13746,872,265,None,2270,265,None
13746,872,265,None,2263,265,MoveLeft
13747,872,265,None,2263,265,None
13747,872,265,None,2256,265,MoveLeft
13748,872,265,None,2256,265,None
13748,872,265,None,2249,265,MoveLeft
13749,872,265,None,2249,265,None
13749,872,265,None,2242,265,MoveLeft
13750,872,265,None,2242,265,None
13750,872,265,None,2235,265,MoveLeft
13751,872,265,None,2235,265,None
13751,872,265,None,2228,265,MoveLeft
13752,872,265,None,2228,265,None
13752,872,265,None,2221,265,MoveLeft
13753,872,265,None,2221,265,None
13753,872,265,None,2214,265,MoveLeft
13754,872,265,None,2214,265,None
13754,872,265,None,2207,265,MoveLeft
13755,872,265,None,2207,265,None
13755,872,265,None,2200,265,MoveLeft
13756,872,265,None,2200,265,None
13756,872,265,None,2193,265,MoveLeft
13757,872,265,None,2193,265,None
13757,872,265,None,2186,265,MoveLeft
13758,872,265,None,2186,265,None
13758,872,265,None,2179,265,MoveLeft
13759,872,265,None,2179,265,None
13759,872,265,None,2172,265,MoveLeft
13760,872,265,None,2172,265,None
13760,872,265,None,2165,265,MoveLeft
13761,872,265,None,2165,265,None
13761,872,265,None,2158,265,MoveLeft
13762,872,265,None,2158,265,None
13762,872,265,None,2151,265,MoveLeft
13763,872,265,None,2151,265,None
13763,872,265,None,2144,265,MoveLeft
13764,872,265,None,2144,265,None
13764,872,265,None,2137,265,MoveLeft
13765,872,265,None,2137,265,None
13765,872,265,None,2130,265,MoveLeft
13766,872,265,None,2130,265,None
13766,872,265,None,2123,265,MoveLeft
13767,872,265,None,2123,265,None
13767,872,265,None,2116,265,MoveLeft
13768,872,265,None,2116,265,None
13768,872,265,None,2109,265,MoveLeft
13769,872,265,None,2109,265,None
13769,872,265,None,2102,265,MoveLeft
13770,872,265,None,2102,265,None
13770,872,265,None,2095,265,MoveLeft
13771,872,265,None,2095,265,None
13771,872,265,None,2088,265,MoveLeft
13772,872,265,None,2088,265,None
13772,872,265,None,2081,265,MoveLeft
13773,872,265,None,2081,265,None
13773,872,265,None,2074,265,MoveLeft
13774,872,265,None,2074,265,None
13774,872,265,None,2067,265,MoveLeft
13775,872,265,None,2067,265,None
13775,872,265,None,2060,265,MoveLeft
13776,872,265,None,2060,265,None
13776,872,265,None,2053,265,MoveLeft
13777,872,265,None,2053,265,None
13777,872,265,None,2046,265,MoveLeft
13778,872,265,None,2046,265,None
13778,872,265,None,2039,265,MoveLeft
13779,872,265,Bump,2039,265,None
13779,872,265,None,2039,265,None
13779,872,265,None,2032,265,MoveLeft
13780,872,265,None,2025,265,MoveLeft
13781,872,265,None,2018,265,MoveLeft
13782,872,265,None,2011,265,MoveLeft
13783,872,265,None,2004,265,MoveLeft
13784,872,265,None,1997,265,MoveLeft
13785,872,265,None,1990,265,MoveLeft
13786,872,265,None,1983,265,MoveLeft
13787,872,265,None,1976,265,MoveLeft
13788,872,265,None,1969,265,MoveLeft
13789,872,265,None,1962,265,MoveLeft
13790,872,265,None,1955,265,MoveLeft
13791,872,265,None,1948,265,MoveLeft
13792,872,265,None,1941,265,MoveLeft
13793,872,265,None,1934,265,MoveLeft
13794,872,265,None,1927,265,MoveLeft
13795,872,265,None,1920,265,MoveLeft
13796,872,265,None,1913,265,MoveLeft
13797,872,265,None,1906,265,MoveLeft
13798,872,265,None,1899,265,MoveLeft
13799,879,265,MoveRight,1899,265,None
13799,879,265,None,1892,265,MoveLeft
13800,886,265,MoveRight,1892,265,None
13800,886,265,None,1885,265,MoveLeft
13801,893,265,MoveRight,1885,265,None
13801,893,265,None,1878,265,MoveLeft
13802,900,265,MoveRight,1878,265,None
13802,900,265,None,1871,265,MoveLeft
13803,907,265,MoveRight,1871,265,None
13803,907,265,None,1864,265,MoveLeft
13804,914,265,MoveRight,1864,265,None
13804,914,265,None,1857,265,MoveLeft
13805,921,265,MoveRight,1857,265,None
13805,921,265,None,1850,265,MoveLeft
13806,928,265,MoveRight,1850,265,None
13806,928,265,None,1843,265,MoveLeft
13807,935,265,MoveRight,1843,265,None
13807,935,265,None,1836,265,MoveLeft
13808,942,265,MoveRight,1836,265,None
13808,942,265,None,1829,265,MoveLeft
13809,949,265,MoveRight,1829,265,None
13809,949,265,None,1822,265,MoveLeft
13810,956,265,MoveRight,1822,265,None
13810,956,265,None,1815,265,MoveLeft
13811,963,265,MoveRight,1815,265,None
13811,963,265,None,1808,265,MoveLeft
13812,970,265,MoveRight,1808,265,None
13812,970,265,None,1801,265,MoveLeft
13813,977,265,MoveRight,1801,265,None
13813,977,265,None,1794,265,MoveLeft
13814,984,265,MoveRight,1794,265,None
13814,984,265,None,1787,265,MoveLeft
13815,991,265,MoveRight,1787,265,None
13815,991,265,None,1780,265,MoveLeft
13816,998,265,MoveRight,1780,265,None
13816,998,265,None,1773,265,MoveLeft
13817,1005,265,MoveRight,1773,265,None
13817,1005,265,None,1766,265,MoveLeft
13818,1012,265,MoveRight,1766,265,None
13818,1012,265,None,1759,265,MoveLeft
13819,1019,265,MoveRight,1759,265,None
13819,1019,265,None,1752,265,MoveLeft
13820,1026,265,MoveRight,1752,265,None
13820,1026,265,None,1745,265,MoveLeft
13821,1033,265,MoveRight,1745,265,None
13821,1033,265,None,1738,265,MoveLeft
13822,1040,265,MoveRight,1738,265,None
13822,1040,265,None,1731,265,MoveLeft
13823,1047,265,MoveRight,1731,265,None
13824,1054,265,MoveRight,1731,265,None
13825,1061,265,MoveRight,1731,265,None
13826,1068,265,MoveRight,1731,265,None
13827,1075,265,MoveRight,1731,265,None
13828,1082,265,MoveRight,1731,265,None
13829,1089,265,MoveRight,1731,265,None
13830,1096,265,MoveRight,1731,265,None
13831,1103,265,MoveRight,1731,265,None
13832,1110,265,MoveRight,1731,265,None
13833,1117,265,MoveRight,1731,265,None
13834,1124,265,MoveRight,1731,265,None
13835,1131,265,MoveRight,1731,265,None
13836,1138,265,MoveRight,1731,265,None
13837,1145,265,MoveRight,1731,265,None
13838,1152,265,MoveRight,1731,265,None
13839,1159,265,MoveRight,1731,265,None
13840,1166,265,MoveRight,1731,265,None
13841,1173,265,MoveRight,1731,265,None
13842,1180,265,MoveRight,1731,265,None
13843,1187,265,MoveRight,1731,265,None
13844,1194,265,MoveRight,1731,265,None
13845,1201,265,MoveRight,1731,265,None
13846,1208,265,MoveRight,1731,265,None
13847,1215,265,MoveRight,1731,265,None
13848,1222,265,MoveRight,1731,265,None
13849,1229,265,MoveRight,1731,265,None
13850,1236,265,MoveRight,1731,265,None
13851,1243,265,MoveRight,1731,265,None
13852,1250,265,MoveRight,1731,265,None
13867,1250,265,None,1724,265,MoveLeft
13875,1257,265,MoveRight,1724,265,None
13876,1264,265,MoveRight,1724,265,None
13877,1271,265,MoveRight,1724,265,None
13878,1278,265,MoveRight,1724,265,None
13879,1285,265,MoveRight,1724,265,None
13880,1292,265,MoveRight,1724,265,None
13881,1299,265,MoveRight,1724,265,None
13882,1306,265,MoveRight,1724,265,None
13895,1299,265,MoveLeft,1724,265,None
13896,1292,265,MoveLeft,1724,265,None
13897,1285,265,MoveLeft,1724,265,None
13898,1278,265,MoveLeft,1724,265,None
13899,1271,265,MoveLeft,1724,265,None
13900,1264,265,MoveLeft,1724,265,None
13901,1257,265,MoveLeft,1724,265,None
13902,1250,265,MoveLeft,1724,265,None
13903,1243,265,MoveLeft,1724,265,None
13904,1236,265,MoveLeft,1724,265,None
13905,1229,265,MoveLeft,1724,265,None
13906,1222,265,MoveLeft,1724,265,None
13907,1215,265,MoveLeft,1724,265,None
13908,1208,265,MoveLeft,1724,265,None
13909,1201,265,MoveLeft,1724,265,None
13910,1194,265,MoveLeft,1724,265,None
13911,1187,265,MoveLeft,1724,265,None
13912,1180,265,MoveLeft,1724,265,None
13913,1173,265,MoveLeft,1724,265,None
13914,1166,265,MoveLeft,1724,265,None
13915,1159,265,MoveLeft,1724,265,None
13916,1152,265,MoveLeft,1724,265,None
13917,1145,265,MoveLeft,1724,265,None
13918,1138,265,MoveLeft,1724,265,None
13919,1131,265,MoveLeft,1724,265,None
13920,1124,265,MoveLeft,1724,265,None
13921,1124,265,Set,1724,265,None
13921,1117,265,MoveLeft,1724,265,None
13945,1110,265,MoveLeft,1724,265,None
13946,1103,265,MoveLeft,1724,265,None
13947,1096,265,MoveLeft,1724,265,None
13948,1089,265,MoveLeft,1724,265,None
13949,1082,265,MoveLeft,1724,265,None
13950,1075,265,MoveLeft,1724,265,None
13951,1068,265,MoveLeft,1724,265,None
13952,1061,265,MoveLeft,1724,265,None
13953,1054,265,MoveLeft,1724,265,None
13990,1054,284.62,None,1724,265,None
14021,1054,559.3,None,1724,265,None
14042,1054,353.29,None,1724,265,None
14054,1054,284.62,None,1724,265,None
14065,970,343.48,None,2410,265,None
14106,966.5,294.43,MoveLeft,2410,265,None
14107,963,284.62,MoveLeft,2410,265,None
14108,959.5,274.81,MoveLeft,2410,265,None
14109,952.5,265,MoveLeft,2410,265,None
14110,952.5,265,None,2410,265,Serve
14110,945.5,265,MoveLeft,2410,265,None
14110,945.5,265,None,2410,265,None
14111,938.5,265,MoveLeft,2410,265,None
14112,931.5,265,MoveLeft,2410,265,None
14113,924.5,265,MoveLeft,2410,265,None
14114,917.5,265,MoveLeft,2410,265,None
14115,910.5,265,MoveLeft,2410,265,None
14116,903.5,265,MoveLeft,2410,265,None
14117,896.5,265,MoveLeft,2410,265,None
14118,889.5,265,MoveLeft,2410,265,None
14119,882.5,265,MoveLeft,2410,265,None
14120,875.5,265,MoveLeft,2410,265,None
14121,868.5,265,MoveLeft,2410,265,None
14122,861.5,265,MoveLeft,2410,265,None
14123,854.5,265,MoveLeft,2410,265,None
14124,847.5,265,MoveLeft,2410,265,None
14125,840.5,265,MoveLeft,2410,265,None
14126,833.5,265,MoveLeft,2410,265,None
14127,826.5,265,MoveLeft,2410,265,None
14128,819.5,265,MoveLeft,2410,265,None
14129,812.5,265,MoveLeft,2410,265,None
14130,805.5,265,MoveLeft,2410,265,None
14130,805.5,265,None,2403,265,MoveLeft
14131,798.5,265,MoveLeft,2403,265,None
14131,798.5,265,None,2396,265,MoveLeft
14132,791.5,265,MoveLeft,2396,265,None
14132,791.5,265,None,2389,265,MoveLeft
14133,798.5,265,MoveRight,2389,265,None
14133,798.5,265,None,2382,265,MoveLeft
14134,805.5,265,MoveRight,2382,265,None
14134,805.5,265,None,2375,265,MoveLeft
14135,812.5,265,MoveRight,2375,265,None
14135,812.5,265,None,2368,265,MoveLeft
14136,819.5,265,MoveRight,2368,265,None
14136,819.5,265,None,2361,265,MoveLeft
14137,826.5,265,MoveRight,2361,265,None
14137,826.5,265,None,2354,265,MoveLeft
14138,833.5,265,MoveRight,2354,265,None
14138,833.5,265,None,2347,265,MoveLeft
14139,840.5,265,MoveRight,2347,265,None
14139,840.5,265,None,2340,265,MoveLeft
14140,847.5,265,MoveRight,2340,265,None
14140,847.5,265,None,2333,265,MoveLeft
14141,854.5,265,MoveRight,2333,265,None
14141,854.5,265,None,2326,265,MoveLeft
14142,861.5,265,MoveRight,2326,265,None
14142,861.5,265,None,2319,265,MoveLeft
14143,868.5,265,MoveRight,2319,265,None
14143,868.5,265,None,2312,265,MoveLeft
14144,875.5,265,MoveRight,2312,265,None
14144,875.5,265,None,2305,265,MoveLeft
14145,882.5,265,MoveRight,2305,265,None
14145,882.5,265,None,2298,265,MoveLeft
14146,889.5,265,MoveRight,2298,265,None
14146,889.5,265,None,2291,265,MoveLeft
14147,896.5,265,MoveRight,2291,265,None
14147,896.5,265,None,2284,265,MoveLeft
14148,903.5,265,MoveRight,2284,265,None
14148,903.5,265,None,2277,265,MoveLeft
14149,910.5,265,MoveRight,2277,265,None
14149,910.5,265,None,2270,265,MoveLeft
14150,917.5,265,MoveRight,2270,265,None
14150,917.5,265,None,2263,265,MoveLeft
14151,924.5,265,MoveRight,2263,265,None
14151,924.5,265,None,2256,265,MoveLeft
14152,931.5,265,MoveRight,2256,265,None
14152,931.5,265,None,2249,265,MoveLeft
14153,938.5,265,MoveRight,2249,265,None
14153,938.5,265,None,2242,265,MoveLeft
14154,945.5,265,MoveRight,2242,265,None
14154,945.5,265,None,2235,265,MoveLeft
14155,952.5,265,MoveRight,2235,265,None
14155,952.5,265,None,2228,265,MoveLeft
14156,952.5,265,None,2221,265,MoveLeft
14157,952.5,265,None,2214,265,MoveLeft
14158,952.5,265,None,2207,265,MoveLeft
14159,952.5,265,None,2200,265,MoveLeft
14160,952.5,265,None,2193,265,MoveLeft
14161,952.5,265,None,2186,265,MoveLeft
14162,952.5,265,None,2179,265,MoveLeft
14163,952.5,265,None,2172,265,MoveLeft
14164,952.5,265,None,2165,265,MoveLeft
14165,952.5,265,None,2158,265,MoveLeft
14166,952.5,265,None,2151,265,MoveLeft
14167,952.5,265,None,2144,265,MoveLeft
14168,952.5,265,None,2137,265,MoveLeft
14169,952.5,265,None,2130,265,MoveLeft
14170,952.5,265,None,2123,265,MoveLeft
14171,945.5,265,MoveLeft,2123,265,None
14171,945.5,265,None,2116,265,MoveLeft
14172,938.5,265,MoveLeft,2116,265,None
14172,938.5,265,None,2109,265,MoveLeft
14173,931.5,265,MoveLeft,2109,265,None
14173,931.5,265,None,2102,265,MoveLeft
14174,924.5,265,MoveLeft,2102,265,None
14174,924.5,265,None,2095,265,MoveLeft
14175,917.5,265,MoveLeft,2095,265,None
14175,917.5,265,None,2088,265,MoveLeft
14176,910.5,265,MoveLeft,2088,265,None
14176,910.5,265,None,2081,265,MoveLeft
14177,903.5,265,MoveLeft,2081,265,None
14177,903.5,265,None,2074,265,MoveLeft
14178,896.5,265,MoveLeft,2074,265,None
14178,896.5,265,None,2067,265,MoveLeft
14179,889.5,265,MoveLeft,2067,265,None
14179,889.5,265,None,2060,265,MoveLeft
14180,882.5,265,MoveLeft,2060,265,None
14180,882.5,265,None,2053,265,MoveLeft
14181,882.5,265,Bump,2053,265,None
14181,875.5,265,MoveLeft,2053,265,None
14181,875.5,265,None,2046,265,MoveLeft
14182,875.5,265,None,2039,265,MoveLeft
14183,875.5,265,None,2032,265,MoveLeft
14184,875.5,265,None,2025,265,MoveLeft
14185,875.5,265,None,2018,265,MoveLeft
14186,875.5,265,None,2011,265,MoveLeft
14187,875.5,265,None,2004,265,MoveLeft
14188,875.5,265,None,1997,265,MoveLeft
14189,875.5,265,None,1990,265,MoveLeft
14190,875.5,265,None,1983,265,MoveLeft
14191,875.5,265,None,1976,265,MoveLeft
14192,875.5,265,None,1969,265,MoveLeft
14193,875.5,265,None,1962,265,MoveLeft
14194,875.5,265,None,1955,265,MoveLeft
14195,875.5,265,None,1948,265,MoveLeft
14196,875.5,265,None,1941,265,MoveLeft
14197,875.5,265,None,1934,265,MoveLeft
14198,875.5,265,None,1927,265,MoveLeft
14199,875.5,265,None,1920,265,MoveLeft
14200,882.5,265,MoveRight,1920,265,None
14200,882.5,265,None,1913,265,MoveLeft
14201,889.5,265,MoveRight,1913,265,None
14201,889.5,265,None,1906,265,MoveLeft
14202,896.5,265,MoveRight,1906,265,None
14202,896.5,265,None,1899,265,MoveLeft
14203,903.5,265,MoveRight,1899,265,None
14203,903.5,265,None,1892,265,MoveLeft
14204,910.5,265,MoveRight,1892,265,None
14204,910.5,265,None,1885,265,MoveLeft
14205,917.5,265,MoveRight,1885,265,None
14205,917.5,265,None,1878,265,MoveLeft
14206,924.5,265,MoveRight,1878,265,None
14206,924.5,265,None,1871,265,MoveLeft
14207,931.5,265,MoveRight,1871,265,None
14207,931.5,265,None,1864,265,MoveLeft
14208,938.5,265,MoveRight,1864,265,None
14208,938.5,265,None,1857,265,MoveLeft
14209,945.5,265,MoveRight,1857,265,None
14209,945.5,265,None,1850,265,MoveLeft
14210,952.5,265,MoveRight,1850,265,None
14210,952.5,265,None,1843,265,MoveLeft
14211,959.5,265,MoveRight,1843,265,None
14211,959.5,265,None,1836,265,MoveLeft
14212,966.5,265,MoveRight,1836,265,None
14212,966.5,265,None,1829,265,MoveLeft
14213,973.5,265,MoveRight,1829,265,None
14213,973.5,265,None,1822,265,MoveLeft
14214,980.5,265,MoveRight,1822,265,None
14214,980.5,265,None,1815,265,MoveLeft
14215,987.5,265,MoveRight,1815,265,None
14215,987.5,265,None,1808,265,MoveLeft
14216,994.5,265,MoveRight,1808,265,None
14216,994.5,265,None,1801,265,MoveLeft
14217,1001.5,265,MoveRight,1801,265,None
14217,1001.5,265,None,1794,265,MoveLeft
14218,1008.5,265,MoveRight,1794,265,None
14218,1008.5,265,None,1787,265,MoveLeft
14219,1015.5,265,MoveRight,1787,265,None
14219,1015.5,265,None,1780,265,MoveLeft
14220,1022.5,265,MoveRight,1780,265,None
14220,1022.5,265,None,1773,265,MoveLeft
14221,1029.5,265,MoveRight,1773,265,None
14221,1029.5,265,None,1766,265,MoveLeft
14222,1036.5,265,MoveRight,1766,265,None
14222,1036.5,265,None,1759,265,MoveLeft
14223,1043.5,265,MoveRight,1759,265,None
14223,1043.5,265,None,1752,265,MoveLeft
14224,1050.5,265,MoveRight,1752,265,None
14224,1050.5,265,None,1745,265,MoveLeft
14225,1057.5,265,MoveRight,1745,265,None
14225,1057.5,265,None,1738,265,MoveLeft
14226,1064.5,265,MoveRight,1738,265,None
14226,1064.5,265,None,1731,265,MoveLeft
14227,1071.5,265,MoveRight,1731,265,None
14227,1071.5,265,None,1724,265,MoveLeft
14228,1078.5,265,MoveRight,1724,265,None
14228,1078.5,265,None,1717,265,MoveLeft
14229,1085.5,265,MoveRight,1717,265,None
14229,1085.5,265,None,1710,265,MoveLeft
14230,1092.5,265,MoveRight,1710,265,None
14230,1092.5,265,None,1703,265,MoveLeft
14231,1099.5,265,MoveRight,1703,265,None
14231,1099.5,265,None,1696,265,MoveLeft
14232,1106.5,265,MoveRight,1696,265,None
14232,1106.5,265,None,1689,265,MoveLeft
14233,1113.5,265,MoveRight,1689,265,None
14233,1113.5,265,None,1682,265,MoveLeft
14234,1120.5,265,MoveRight,1682,265,None
14234,1120.5,265,None,1675,265,MoveLeft
14235,1127.5,265,MoveRight,1675,265,None
14235,1127.5,265,None,1668,265,MoveLeft
14236,1134.5,265,MoveRight,1668,265,None
14236,1134.5,265,None,1661,265,MoveLeft
14237,1141.5,265,MoveRight,1661,265,None
14237,1141.5,265,None,1654,265,MoveLeft
14238,1148.5,265,MoveRight,1654,265,None
14238,1148.5,265,None,1647,265,MoveLeft
14239,1155.5,265,MoveRight,1647,265,None
14239,1155.5,265,None,1640,265,MoveLeft
14240,1162.5,265,MoveRight,1640,265,None
14240,1162.5,265,None,1633,265,MoveLeft
14241,1169.5,265,MoveRight,1633,265,None
14241,1169.5,265,None,1626,265,MoveLeft
14242,1176.5,265,MoveRight,1626,265,None
14242,1176.5,265,None,1619,265,MoveLeft
14243,1183.5,265,MoveRight,1619,265,None
14243,1183.5,265,None,1612,265,MoveLeft
14244,1190.5,265,MoveRight,1612,265,None
14244,1190.5,265,None,1605,265,MoveLeft
14245,1197.5,265,MoveRight,1605,265,None
14245,1197.5,265,None,1598,265,MoveLeft
14246,1204.5,265,MoveRight,1598,265,None
14246,1204.5,265,None,1591,265,MoveLeft
14247,1211.5,265,MoveRight,1591,265,None
14247,1211.5,265,None,1584,265,MoveLeft
14248,1211.5,265,None,1577,265,MoveLeft
14249,1211.5,265,None,1570,265,MoveLeft
14250,1211.5,265,None,1563,265,MoveLeft
14251,1211.5,265,None,1556,265,MoveLeft
14252,1211.5,265,None,1549,265,MoveLeft
14253,1211.5,265,None,1542,265,MoveLeft
14254,1211.5,265,None,1535,265,MoveLeft
14255,1211.5,265,None,1528,265,MoveLeft
14256,1211.5,265,None,1521,265,MoveLeft
14257,1204.5,265,MoveLeft,1521,265,None
14257,1204.5,265,None,1514,265,MoveLeft
14258,1197.5,265,MoveLeft,1514,265,None
14258,1197.5,265,None,1507,265,MoveLeft
14259,1190.5,265,MoveLeft,1507,265,None
14259,1190.5,265,None,1500,265,MoveLeft
14260,1183.5,265,MoveLeft,1500,265,None
14260,1183.5,265,None,1493,265,MoveLeft
14261,1176.5,265,MoveLeft,1493,265,None
14261,1176.5,265,None,1486,265,MoveLeft
14262,1169.5,265,MoveLeft,1486,265,None
14262,1169.5,265,None,1479,265,MoveLeft
14263,1162.5,265,MoveLeft,1479,265,None
14263,1162.5,265,None,1472,265,MoveLeft
14264,1155.5,265,MoveLeft,1472,265,None
14264,1155.5,265,None,1465,265,MoveLeft
14265,1148.5,265,MoveLeft,1465,265,None
14266,1141.5,265,MoveLeft,1465,265,None
14267,1134.5,265,MoveLeft,1465,265,None
14268,1127.5,265,MoveLeft,1465,265,None
14269,1120.5,265,MoveLeft,1465,265,None
14270,1113.5,265,MoveLeft,1465,265,None
14271,1106.5,265,MoveLeft,1465,265,None
14272,1099.5,265,MoveLeft,1465,265,None
14273,1092.5,265,MoveLeft,1465,265,None
14274,1085.5,265,MoveLeft,1465,265,None
14275,1078.5,265,MoveLeft,1465,265,None
14276,1071.5,265,MoveLeft,1465,265,None
14277,1064.5,265,MoveLeft,1465,265,None
14278,1057.5,265,MoveLeft,1465,265,None
14279,1050.5,265,MoveLeft,1465,265,None
14280,1043.5,265,MoveLeft,1465,265,None
14282,1043.5,265,None,1465,265,SpikeLight
14282,1043.5,265,None,1465,265,None
14293,1043.5,265,None,1472,265,MoveRight
14294,1043.5,265,None,1479,265,MoveRight
14295,1043.5,265,None,1486,265,MoveRight
14296,1043.5,265,None,1493,265,MoveRight
14297,1043.5,265,None,1500,265,MoveRight
14298,1043.5,265,None,1507,265,MoveRight
14299,1043.5,265,None,1514,265,MoveRight
14300,1043.5,265,None,1521,265,MoveRight
14301,1043.5,265,None,1528,265,MoveRight
14302,1043.5,265,None,1535,265,MoveRight
14303,1043.5,265,None,1542,265,MoveRight
14304,1043.5,265,None,1549,265,MoveRight
14305,1043.5,265,None,1556,265,MoveRight
14306,1043.5,265,None,1563,265,MoveRight
14307,1043.5,265,None,1570,265,MoveRight
14308,1043.5,265,None,1577,265,MoveRight
14309,1043.5,265,None,1584,265,MoveRight
14310,1043.5,265,None,1591,265,MoveRight
14311,1043.5,265,None,1598,265,MoveRight
14312,1043.5,265,None,1605,265,MoveRight
14313,1043.5,265,None,1612,265,MoveRight
14314,1043.5,265,None,1619,265,MoveRight
14315,1043.5,265,None,1626,265,MoveRight
14316,1043.5,265,None,1633,265,MoveRight
14317,1043.5,265,None,1640,265,MoveRight
14318,1043.5,265,None,1647,265,MoveRight
14319,1043.5,265,None,1654,265,MoveRight
14320,1043.5,265,None,1661,265,MoveRight
14321,1043.5,265,None,1668,265,MoveRight
14322,1043.5,265,None,1675,265,MoveRight
14323,1043.5,265,None,1682,265,MoveRight
14324,1050.5,265,MoveRight,1682,265,None
14324,1050.5,265,None,1689,265,MoveRight
14325,1057.5,265,MoveRight,1689,265,None
14325,1057.5,265,None,1696,265,MoveRight
14326,1064.5,265,MoveRight,1696,265,None
14326,1064.5,265,None,1703,265,MoveRight
14327,1071.5,265,MoveRight,1703,265,None
14327,1071.5,265,None,1710,265,MoveRight
14328,1078.5,265,MoveRight,1710,265,None
14328,1078.5,265,None,1717,265,MoveRight
14329,1078.5,265,None,1724,265,MoveRight
14330,1078.5,265,None,1724,265,None
14331,1078.5,265,None,1724,265,None
14331,1078.5,265,None,1724,265,None
14332,1078.5,265,None,1724,265,None
14333,1078.5,265,None,1724,265,None
14334,1078.5,265,None,1724,265,None
14335,1078.5,265,None,1724,265,None
14336,1078.5,265,None,1724,265,None
14337,1078.5,265,None,1724,265,None
14338,1078.5,265,None,1724,265,None
14339,1078.5,265,None,1724,265,None
14340,1078.5,265,None,1724,265,None
14341,1078.5,265,None,1724,265,None
14342,1078.5,265,None,1724,265,None
14343,1078.5,265,None,1724,265,None
14344,1078.5,265,None,1724,265,None
14345,1078.5,265,None,1724,265,None
14346,1078.5,265,None,1724,265,None
14355,970,265,Set,2410,265,None
14355,970,265,None,2410,265,None
14397,970,265,None,2410,265,Serve
14397,970,265,None,2410,265,None
14417,970,265,None,2403,265,MoveLeft
14418,970,265,None,2396,265,MoveLeft
14419,970,265,None,2389,265,MoveLeft
14420,970,265,None,2382,265,MoveLeft
14421,970,265,None,2375,265,MoveLeft
14422,970,265,None,2368,265,MoveLeft
14423,970,265,None,2361,265,MoveLeft
14424,970,265,None,2354,265,MoveLeft
14425,970,265,None,2347,265,MoveLeft
14426,970,265,None,2340,265,MoveLeft
14427,970,265,None,2333,265,MoveLeft
14428,970,265,None,2326,265,MoveLeft
14429,970,265,None,2319,265,MoveLeft
14430,970,265,None,2312,265,MoveLeft
14431,970,265,None,2305,265,MoveLeft
14432,970,265,None,2298,265,MoveLeft
14433,970,265,None,2291,265,MoveLeft
14434,970,265,None,2284,265,MoveLeft
14435,970,265,None,2277,265,MoveLeft
14436,970,265,None,2270,265,MoveLeft
14437,970,265,None,2263,265,MoveLeft
14438,970,265,None,2256,265,MoveLeft
14439,970,265,None,2249,265,MoveLeft
14440,963,265,MoveLeft,2249,265,None
14440,963,265,None,2242,265,MoveLeft
14441,956,265,MoveLeft,2242,265,None
14441,956,265,None,2235,265,MoveLeft
14442,949,265,MoveLeft,2235,265,None
14442,949,265,None,2228,265,MoveLeft
14443,942,265,MoveLeft,2228,265,None
14443,942,265,None,2221,265,MoveLeft
14444,935,265,MoveLeft,2221,265,None
14444,935,265,None,2214,265,MoveLeft
14445,928,265,MoveLeft,2214,265,None
14445,928,265,None,2207,265,MoveLeft
14446,921,265,MoveLeft,2207,265,None
14446,921,265,None,2200,265,MoveLeft
14447,914,265,MoveLeft,2200,265,None
14447,914,265,None,2193,265,MoveLeft
14448,907,265,MoveLeft,2193,265,None
14448,907,265,None,2186,265,MoveLeft
14449,900,265,MoveLeft,2186,265,None
14449,900,265,None,2179,265,MoveLeft
14450,893,265,MoveLeft,2179,265,None
14450,893,265,None,2172,265,MoveLeft
14451,886,265,MoveLeft,2172,265,None
14451,886,265,None,2165,265,MoveLeft
14452,879,265,MoveLeft,2165,265,None
14452,879,265,None,2158,265,MoveLeft
14453,872,265,MoveLeft,2158,265,None
14453,872,265,None,2151,265,MoveLeft
14454,872,265,None,2151,265,None
14454,872,265,None,2144,265,MoveLeft
14455,872,265,None,2144,265,None
14455,872,265,None,2137,265,MoveLeft
14456,872,265,None,2137,265,None
14456,872,265,None,2130,265,MoveLeft
14457,872,265,None,2130,265,None
14457,872,265,None,2123,265,MoveLeft
14458,872,265,None,2123,265,None
14458,872,265,None,2116,265,MoveLeft
14459,872,265,None,2116,265,None
14459,872,265,None,2109,265,MoveLeft
14460,872,265,None,2109,265,None
14460,872,265,None,2102,265,MoveLeft
14461,872,265,None,2102,265,None
14461,872,265,None,2095,265,MoveLeft
14462,872,265,None,2095,265,None
14462,872,265,None,2088,265,MoveLeft
14463,872,265,None,2088,265,None
14463,872,265,None,2081,265,MoveLeft
14464,872,265,None,2081,265,None
14464,872,265,None,2074,265,MoveLeft
14465,872,265,None,2074,265,None
14465,872,265,None,2067,265,MoveLeft
14466,872,265,None,2067,265,None
14466,872,265,None,2060,265,MoveLeft
14467,872,265,None,2060,265,None
14467,872,265,None,2053,265,MoveLeft
14468,872,265,None,2053,265,None
14468,872,265,None,2046,265,MoveLeft
14469,872,265,Bump,2046,265,None
14469,872,265,None,2046,265,None
14469,872,265,None,2039,265,MoveLeft
14470,872,265,None,2032,265,MoveLeft
14471,872,265,None,2025,265,MoveLeft
14472,872,265,None,2018,265,MoveLeft
14473,872,265,None,2011,265,MoveLeft
14474,872,265,None,2004,265,MoveLeft
14475,872,265,None,1997,265,MoveLeft
14476,872,265,None,1990,265,MoveLeft
14477,872,265,None,1983,265,MoveLeft
14478,872,265,None,1976,265,MoveLeft
14479,872,265,None,1969,265,MoveLeft
14480,872,265,None,1962,265,MoveLeft
14481,872,265,None,1955,265,MoveLeft
14482,872,265,None,1948,265,MoveLeft
14483,872,265,None,1941,265,MoveLeft
14484,872,265,None,1934,265,MoveLeft
14485,872,265,None,1927,265,MoveLeft
14486,872,265,None,1920,265,MoveLeft
14487,872,265,None,1913,265,MoveLeft
14488,872,265,None,1906,265,MoveLeft
14489,879,265,MoveRight,1906,265,None
14489,879,265,None,1899,265,MoveLeft
14490,886,265,MoveRight,1899,265,None
14490,886,265,None,1892,265,MoveLeft
14491,893,265,MoveRight,1892,265,None
14491,893,265,None,1885,265,MoveLeft
14492,900,265,MoveRight,1885,265,None
14492,900,265,None,1878,265,MoveLeft
14493,907,265,MoveRight,1878,265,None
14493,907,265,None,1871,265,MoveLeft
14494,914,265,MoveRight,1871,265,None
14494,914,265,None,1864,265,MoveLeft
14495,921,265,MoveRight,1864,265,None
14495,921,265,None,1857,265,MoveLeft
14496,928,265,MoveRight,1857,265,None
14496,928,265,None,1850,265,MoveLeft
14497,935,265,MoveRight,1850,265,None
14497,935,265,None,1843,265,MoveLeft
14498,942,265,MoveRight,1843,265,None
14498,942,265,None,1836,265,MoveLeft
14499,949,265,MoveRight,1836,265,None
14499,949,265,None,1829,265,MoveLeft
14500,956,265,MoveRight,1829,265,None
14500,956,265,None,1822,265,MoveLeft
14501,963,265,MoveRight,1822,265,None
14501,963,265,None,1815,265,MoveLeft
14502,970,265,MoveRight,1815,265,None
14502,970,265,None,1808,265,MoveLeft
14503,977,265,MoveRight,1808,265,None
14503,977,265,None,1801,265,MoveLeft
14504,984,265,MoveRight,1801,265,None
14504,984,265,None,1794,265,MoveLeft
14505,991,265,MoveRight,1794,265,None
14505,991,265,None,1787,265,MoveLeft
14506,998,265,MoveRight,1787,265,None
14506,998,265,None,1780,265,MoveLeft
14507,1005,265,MoveRight,1780,265,None
14507,1005,265,None,1773,265,MoveLeft
14508,1012,265,MoveRight,1773,265,None
14508,1012,265,None,1766,265,MoveLeft
14509,1019,265,MoveRight,1766,265,None
14509,1019,265,None,1759,265,MoveLeft
14510,1026,265,MoveRight,1759,265,None
14510,1026,265,None,1752,265,MoveLeft
14511,1033,265,MoveRight,1752,265,None
14511,1033,265,None,1745,265,MoveLeft
14512,1040,265,MoveRight,1745,265,None
14512,1040,265,None,1738,265,MoveLeft
14513,1047,265,MoveRight,1738,265,None
14513,1047,265,None,1731,265,MoveLeft
14514,1054,265,MoveRight,1731,265,None
14515,1061,265,MoveRight,1731,265,None
14516,1068,265,MoveRight,1731,265,None
14517,1075,265,MoveRight,1731,265,None
14518,1082,265,MoveRight,1731,265,None
14519,1089,265,MoveRight,1731,265,None
14520,1096,265,MoveRight,1731,265,None
14521,1103,265,MoveRight,1731,265,None
14522,1110,265,MoveRight,1731,265,None
14523,1117,265,MoveRight,1731,265,None
14524,1124,265,MoveRight,1731,265,None
14525,1131,265,MoveRight,1731,265,None
14526,1138,265,MoveRight,1731,265,None
14527,1145,265,MoveRight,1731,265,None
14528,1152,265,MoveRight,1731,265,None
14529,1159,265,MoveRight,1731,265,None
14530,1166,265,MoveRight,1731,265,None
14531,1173,265,MoveRight,1731,265,None
14532,1180,265,MoveRight,1731,265,None
14533,1187,265,MoveRight,1731,265,None
14534,1194,265,MoveRight,1731,265,None
14535,1201,265,MoveRight,1731,265,None
14536,1208,265,MoveRight,1731,265,None
14537,1215,265,MoveRight,1731,265,None
14557,1215,265,None,1724,265,MoveLeft
14582,1208,265,MoveLeft,1724,265,None
14583,1201,265,MoveLeft,1724,265,None
14584,1194,265,MoveLeft,1724,265,None
14585,1187,265,MoveLeft,1724,265,None
14586,1180,265,MoveLeft,1724,265,None
14587,1173,265,MoveLeft,1724,265,None
14588,1166,265,MoveLeft,1724,265,None
14589,1159,265,MoveLeft,1724,265,None
14590,1152,265,MoveLeft,1724,265,None
14591,1145,265,MoveLeft,1724,265,None
14592,1138,265,MoveLeft,1724,265,None
14593,1131,265,MoveLeft,1724,265,None
14594,1124,265,MoveLeft,1724,265,None
14595,1117,265,MoveLeft,1724,265,None
14596,1110,265,MoveLeft,1724,265,None
14597,1103,265,MoveLeft,1724,265,None
14598,1096,265,MoveLeft,1724,265,None
14599,1089,265,MoveLeft,1724,265,None
14600,1082,265,MoveLeft,1724,265,None
14609,1082,265,Set,1724,265,None
14609,1082,265,None,1724,265,None
14636,1075,265,MoveLeft,1724,265,None
14637,1068,265,MoveLeft,1724,265,None
14638,1061,265,MoveLeft,1724,265,None
14639,1054,265,MoveLeft,1724,265,None
14640,1047,265,MoveLeft,1724,265,None
14641,1040,265,MoveLeft,1724,265,None
14642,1033,265,MoveLeft,1724,265,None
14643,1026,265,MoveLeft,1724,265,None
14644,1019,265,MoveLeft,1724,265,None
14645,1012,265,MoveLeft,1724,265,None
14660,1019,265,MoveRight,1724,265,None
14661,1026,265,MoveRight,1724,265,None
14662,1033,265,MoveRight,1724,265,None
14663,1040,265,MoveRight,1724,265,None
14664,1047,265,MoveRight,1724,265,None
14665,1054,265,MoveRight,1724,265,None
14666,1061,265,MoveRight,1724,265,None
14667,1068,265,MoveRight,1724,265,None
14668,1075,265,MoveRight,1724,265,None
14695,1075,284.62,None,1724,265,None
14714,1075,480.82,None,1724,265,None
14722,1075,559.3,None,1724,265,None
14736,1075,461.2,None,1724,265,None
14748,970,284.62,None,2410,265,None
14761,970,421.96,None,2410,265,None
14797,970,382.72,None,2410,265,Serve
14797,970,382.72,None,2410,265,None
14816,970,265,None,2403,265,MoveLeft
14817,970,265,None,2396,265,MoveLeft
14818,970,265,None,2389,265,MoveLeft
14819,970,265,None,2382,265,MoveLeft
14820,970,265,None,2375,265,MoveLeft
14821,970,265,None,2368,265,MoveLeft
14822,970,265,None,2361,265,MoveLeft
14823,970,265,None,2354,265,MoveLeft
14824,970,265,None,2347,265,MoveLeft
14825,970,265,None,2340,265,MoveLeft
14826,970,265,None,2333,265,MoveLeft
14827,970,265,None,2326,265,MoveLeft
14828,963,265,MoveLeft,2326,265,None
14828,963,265,None,2319,265,MoveLeft
14829,956,265,MoveLeft,2319,265,None
14829,956,265,None,2312,265,MoveLeft
14830,949,265,MoveLeft,2312,265,None
14830,949,265,None,2305,265,MoveLeft
14831,942,265,MoveLeft,2305,265,None
14831,942,265,None,2298,265,MoveLeft
14832,935,265,MoveLeft,2298,265,None
14832,935,265,None,2291,265,MoveLeft
14833,928,265,MoveLeft,2291,265,None
14833,928,265,None,2284,265,MoveLeft
14834,921,265,MoveLeft,2284,265,None
14834,921,265,None,2277,265,MoveLeft
14835,914,265,MoveLeft,2277,265,None
14835,914,265,None,2270,265,MoveLeft
14836,907,265,MoveLeft,2270,265,None
14836,907,265,None,2263,265,MoveLeft
14837,900,265,MoveLeft,2263,265,None
14837,900,265,None,2256,265,MoveLeft
14838,900,265,None,2249,265,MoveLeft
14839,900,265,None,2242,265,MoveLeft
14840,900,265,None,2235,265,MoveLeft
14841,900,265,None,2228,265,MoveLeft
14842,900,265,None,2221,265,MoveLeft
14843,900,265,None,2214,265,MoveLeft
14844,900,265,None,2207,265,MoveLeft
14845,893,265,MoveLeft,2207,265,None
14845,893,265,None,2200,265,MoveLeft
14846,886,265,MoveLeft,2200,265,None
14846,886,265,None,2193,265,MoveLeft
14847,879,265,MoveLeft,2193,265,None
14847,879,265,None,2186,265,MoveLeft
14848,872,265,MoveLeft,2186,265,None
14848,872,265,None,2179,265,MoveLeft
14849,872,265,None,2179,265,None
14849,872,265,None,2172,265,MoveLeft
14850,872,265,None,2172,265,None
14850,872,265,None,2165,265,MoveLeft
14851,872,265,None,2165,265,None
14851,872,265,None,2158,265,MoveLeft
14852,872,265,None,2158,265,None
14852,872,265,None,2151,265,MoveLeft
14853,872,265,None,2151,265,None
14853,872,265,None,2144,265,MoveLeft
14854,872,265,None,2144,265,None
14854,872,265,None,2137,265,MoveLeft
14855,872,265,None,2137,265,None
14855,872,265,None,2130,265,MoveLeft
14856,872,265,None,2130,265,None
14856,872,265,None,2123,265,MoveLeft
14857,872,265,None,2123,265,None
14857,872,265,None,2116,265,MoveLeft
14858,872,265,None,2116,265,None
14858,872,265,None,2109,265,MoveLeft
14859,872,265,None,2109,265,None
14859,872,265,None,2102,265,MoveLeft
14860,872,265,None,2102,265,None
14860,872,265,None,2095,265,MoveLeft
14861,872,265,None,2095,265,None
14861,872,265,None,2088,265,MoveLeft
14862,872,265,None,2088,265,None
14862,872,265,None,2081,265,MoveLeft
14863,872,265,None,2081,265,None
14863,872,265,None,2074,265,MoveLeft
14864,872,265,None,2074,265,None
14864,872,265,None,2067,265,MoveLeft
14865,872,265,None,2067,265,None
14865,872,265,None,2060,265,MoveLeft
14866,872,265,None,2060,265,None
14866,872,265,None,2053,265,MoveLeft
14867,872,265,None,2053,265,None
14867,872,265,None,2046,265,MoveLeft
14868,872,265,None,2046,265,None
14868,872,265,None,2039,265,MoveLeft
14869,872,265,Bump,2039,265,None
14869,872,265,None,2039,265,None
14869,872,265,None,2032,265,MoveLeft
14870,872,265,None,2025,265,MoveLeft
14871,872,265,None,2018,265,MoveLeft
14872,872,265,None,2011,265,MoveLeft
14873,872,265,None,2004,265,MoveLeft
14874,872,265,None,1997,265,MoveLeft
14875,872,265,None,1990,265,MoveLeft
14876,872,265,None,1983,265,MoveLeft
14877,872,265,None,1976,265,MoveLeft
14878,872,265,None,1969,265,MoveLeft
14879,872,265,None,1962,265,MoveLeft
14880,872,265,None,1955,265,MoveLeft
14881,872,265,None,1948,265,MoveLeft
14882,872,265,None,1941,265,MoveLeft
14883,872,265,None,1934,265,MoveLeft
14884,872,265,None,1927,265,MoveLeft
14885,872,265,None,1920,265,MoveLeft
14886,872,265,None,1913,265,MoveLeft
14887,872,265,None,1906,265,MoveLeft
14888,879,265,MoveRight,1906,265,None
14888,879,265,None,1899,265,MoveLeft
14889,886,265,MoveRight,1899,265,None
14889,886,265,None,1892,265,MoveLeft
14890,893,265,MoveRight,1892,265,None
14890,893,265,None,1885,265,MoveLeft
14891,900,265,MoveRight,1885,265,None
14891,900,265,None,1878,265,MoveLeft
14892,907,265,MoveRight,1878,265,None
14892,907,265,None,1871,265,MoveLeft
14893,914,265,MoveRight,1871,265,None
14893,914,265,None,1864,265,MoveLeft
14894,921,265,MoveRight,1864,265,None
14894,921,265,None,1857,265,MoveLeft
14895,928,265,MoveRight,1857,265,None
14895,928,265,None,1850,265,MoveLeft
14896,935,265,MoveRight,1850,265,None
14896,935,265,None,1843,265,MoveLeft
14897,942,265,MoveRight,1843,265,None
14897,942,265,None,1836,265,MoveLeft
14898,949,265,MoveRight,1836,265,None
14898,949,265,None,1829,265,MoveLeft
14899,956,265,MoveRight,1829,265,None
14899,956,265,None,1822,265,MoveLeft
14900,963,265,MoveRight,1822,265,None
14900,963,265,None,1815,265,MoveLeft
14901,970,265,MoveRight,1815,265,None
14901,970,265,None,1808,265,MoveLeft
14902,977,265,MoveRight,1808,265,None
14902,977,265,None,1801,265,MoveLeft
14903,984,265,MoveRight,1801,265,None
14903,984,265,None,1794,265,MoveLeft
14904,991,265,MoveRight,1794,265,None
14904,991,265,None,1787,265,MoveLeft
14905,998,265,MoveRight,1787,265,None
14905,998,265,None,1780,265,MoveLeft
14906,1005,265,MoveRight,1780,265,None
14906,1005,265,None,1773,265,MoveLeft
14907,1012,265,MoveRight,1773,265,None
14907,1012,265,None,1766,265,MoveLeft
14908,1019,265,MoveRight,1766,265,None
14908,1019,265,None,1759,265,MoveLeft
14909,1026,265,MoveRight,1759,265,None
14909,1026,265,None,1752,265,MoveLeft
14910,1033,265,MoveRight,1752,265,None
14910,1033,265,None,1745,265,MoveLeft
14911,1040,265,MoveRight,1745,265,None
14911,1040,265,None,1738,265,MoveLeft
14912,1047,265,MoveRight,1738,265,None
14912,1047,265,None,1731,265,MoveLeft
14913,1054,265,MoveRight,1731,265,None
14914,1061,265,MoveRight,1731,265,None
14915,1068,265,MoveRight,1731,265,None
14916,1075,265,MoveRight,1731,265,None
14917,1082,265,MoveRight,1731,265,None
14918,1089,265,MoveRight,1731,265,None
14919,1096,265,MoveRight,1731,265,None
14920,1103,265,MoveRight,1731,265,None
14921,1110,265,MoveRight,1731,265,None
14922,1117,265,MoveRight,1731,265,None
14923,1124,265,MoveRight,1731,265,None
14924,1131,265,MoveRight,1731,265,None
14925,1138,265,MoveRight,1731,265,None
14926,1145,265,MoveRight,1731,265,None
14927,1152,265,MoveRight,1731,265,None
14928,1159,265,MoveRight,1731,265,None
14938,1166,265,MoveRight,1731,265,None
14939,1173,265,MoveRight,1731,265,None
14940,1180,265,MoveRight,1731,265,None
14941,1187,265,MoveRight,1731,265,None
14942,1194,265,MoveRight,1731,265,None
14943,1201,265,MoveRight,1731,265,None
14944,1208,265,MoveRight,1731,265,None
14945,1215,265,MoveRight,1731,265,None
14946,1222,265,MoveRight,1731,265,None
14947,1229,265,MoveRight,1731,265,None
14948,1236,265,MoveRight,1731,265,None
14949,1243,265,MoveRight,1731,265,None
14950,1250,265,MoveRight,1731,265,None
14951,1257,265,MoveRight,1731,265,None
14952,1264,265,MoveRight,1731,265,None
14953,1271,265,MoveRight,1731,265,None
14954,1278,265,MoveRight,1731,265,None
14955,1285,265,MoveRight,1731,265,None
14957,1285,265,None,1724,265,MoveLeft
14972,1278,265,MoveLeft,1724,265,None
14973,1271,265,MoveLeft,1724,265,None
14974,1264,265,MoveLeft,1724,265,None
14975,1257,265,MoveLeft,1724,265,None
14976,1250,265,MoveLeft,1724,265,None
14977,1243,265,MoveLeft,1724,265,None
14978,1236,265,MoveLeft,1724,265,None
14979,1229,265,MoveLeft,1724,265,None
14980,1222,265,MoveLeft,1724,265,None
14981,1215,265,MoveLeft,1724,265,None
14982,1208,265,MoveLeft,1724,265,None
14983,1201,265,MoveLeft,1724,265,None
14984,1194,265,MoveLeft,1724,265,None
14985,1187,265,MoveLeft,1724,265,None
14986,1180,265,MoveLeft,1724,265,None
14987,1173,265,MoveLeft,1724,265,None
14988,1166,265,MoveLeft,1724,265,None
14989,1159,265,MoveLeft,1724,265,None
14990,1152,265,MoveLeft,1724,265,None
14991,1145,265,MoveLeft,1724,265,None
14992,1138,265,MoveLeft,1724,265,None
14993,1131,265,MoveLeft,1724,265,None
14994,1124,265,MoveLeft,1724,265,None
14995,1117,265,MoveLeft,1724,265,None
14996,1110,265,MoveLeft,1724,265,None
14997,1103,265,MoveLeft,1724,265,None
14998,1096,265,MoveLeft,1724,265,None
14999,1089,265,MoveLeft,1724,265,None
15011,1089,265,Set,1724,265,None
15011,1089,265,None,1724,265,None
15036,1082,265,MoveLeft,1724,265,None
15037,1075,265,MoveLeft,1724,265,None
15038,1068,265,MoveLeft,1724,265,None
15039,1061,265,MoveLeft,1724,265,None
15040,1054,265,MoveLeft,1724,265,None
15041,1047,265,MoveLeft,1724,265,None
15042,1040,265,MoveLeft,1724,265,None
15090,1040,284.62,None,1724,265,None
15102,1043.5,412.15,MoveRight,1724,265,None
15103,1047,421.96,MoveRight,1724,265,None
15104,1050.5,431.77,MoveRight,1724,265,None
15105,1054,441.58,MoveRight,1724,265,None
15106,1057.5,451.39,MoveRight,1724,265,None
15107,1061,461.2,MoveRight,1724,265,None
15108,1064.5,471.01,MoveRight,1724,265,None
15109,1068,480.82,MoveRight,1724,265,None
15110,1071.5,490.63,MoveRight,1724,265,None
15111,1075,500.44,MoveRight,1724,265,None
15119,1075,559.3,Spike,1724,265,None
15119,1075,578.92,None,1724,265,None
15182,970,265,None,2410,265,Serve
15182,970,265,None,2410,265,None
15202,970,265,None,2403,265,MoveLeft
15203,970,265,None,2396,265,MoveLeft
15204,970,265,None,2389,265,MoveLeft
15205,970,265,None,2382,265,MoveLeft
15206,970,265,None,2375,265,MoveLeft
15207,970,265,None,2368,265,MoveLeft
15208,970,265,None,2361,265,MoveLeft
15209,970,265,None,2354,265,MoveLeft
15210,970,265,None,2347,265,MoveLeft
15211,970,265,None,2340,265,MoveLeft
15212,970,265,None,2333,265,MoveLeft
15213,970,265,None,2326,265,MoveLeft
15214,970,265,None,2319,265,MoveLeft
15215,970,265,None,2312,265,MoveLeft
15216,970,265,None,2305,265,MoveLeft
15217,970,265,None,2298,265,MoveLeft
15218,970,265,None,2291,265,MoveLeft
15219,970,265,None,2284,265,MoveLeft
15220,970,265,None,2277,265,MoveLeft
15221,970,265,None,2270,265,MoveLeft
15222,970,265,None,2263,265,MoveLeft
15223,970,265,None,2256,265,MoveLeft
15224,970,265,None,2249,265,MoveLeft
15225,970,265,None,2242,265,MoveLeft
15226,970,265,None,2235,265,MoveLeft
15227,970,265,None,2228,265,MoveLeft
15228,970,265,None,2221,265,MoveLeft
15229,970,265,None,2214,265,MoveLeft
15230,970,265,None,2207,265,MoveLeft
15231,970,265,None,2200,265,MoveLeft
15232,970,265,None,2193,265,MoveLeft
15233,970,265,None,2186,265,MoveLeft
15234,970,265,None,2179,265,MoveLeft
15235,970,265,None,2172,265,MoveLeft
15236,970,265,None,2165,265,MoveLeft
15237,970,265,None,2158,265,MoveLeft
15238,970,265,None,2151,265,MoveLeft
15239,970,265,None,2144,265,MoveLeft
15240,970,265,None,2137,265,MoveLeft
15241,963,265,MoveLeft,2137,265,None
15241,963,265,None,2130,265,MoveLeft
15242,956,265,MoveLeft,2130,265,None
15242,956,265,None,2123,265,MoveLeft
15243,949,265,MoveLeft,2123,265,None
15243,949,265,None,2116,265,MoveLeft
15244,942,265,MoveLeft,2116,265,None
15244,942,265,None,2109,265,MoveLeft
15245,935,265,MoveLeft,2109,265,None
15245,935,265,None,2102,265,MoveLeft
15246,928,265,MoveLeft,2102,265,None
15246,928,265,None,2095,265,MoveLeft
15247,921,265,MoveLeft,2095,265,None
15247,921,265,None,2088,265,MoveLeft
15248,914,265,MoveLeft,2088,265,None
15248,914,265,None,2081,265,MoveLeft
15249,907,265,MoveLeft,2081,265,None
15249,907,265,None,2074,265,MoveLeft
15250,900,265,MoveLeft,2074,265,None
15250,900,265,None,2067,265,MoveLeft
15251,893,265,MoveLeft,2067,265,None
15251,893,265,None,2060,265,MoveLeft
15252,886,265,MoveLeft,2060,265,None
15252,886,265,None,2053,265,MoveLeft
15253,886,265,Bump,2053,265,None
15253,879,265,MoveLeft,2053,265,None
15253,879,265,None,2046,265,MoveLeft
15254,879,265,None,2039,265,MoveLeft
15255,879,265,None,2032,265,MoveLeft
15256,879,265,None,2025,265,MoveLeft
15257,879,265,None,2018,265,MoveLeft
15258,879,265,None,2011,265,MoveLeft
15259,879,265,None,2004,265,MoveLeft
15260,879,265,None,1997,265,MoveLeft
15261,879,265,None,1990,265,MoveLeft
15262,879,265,None,1983,265,MoveLeft
15263,879,265,None,1976,265,MoveLeft
15264,879,265,None,1969,265,MoveLeft
15265,879,265,None,1962,265,MoveLeft
15266,879,265,None,1955,265,MoveLeft
15267,879,265,None,1948,265,MoveLeft
15268,879,265,None,1941,265,MoveLeft
15269,879,265,None,1934,265,MoveLeft
15270,879,265,None,1927,265,MoveLeft
15271,879,265,None,1920,265,MoveLeft
15272,879,265,None,1913,265,MoveLeft
15273,879,265,None,1906,265,MoveLeft
15274,886,265,MoveRight,1906,265,None
15274,886,265,None,1899,265,MoveLeft
15275,893,265,MoveRight,1899,265,None
15275,893,265,None,1892,265,MoveLeft
15276,900,265,MoveRight,1892,265,None
15276,900,265,None,1885,265,MoveLeft
15277,907,265,MoveRight,1885,265,None
15277,907,265,None,1878,265,MoveLeft
15278,914,265,MoveRight,1878,265,None
15278,914,265,None,1871,265,MoveLeft
15279,921,265,MoveRight,1871,265,None
15279,921,265,None,1864,265,MoveLeft
15280,928,265,MoveRight,1864,265,None
15280,928,265,None,1857,265,MoveLeft
15281,935,265,MoveRight,1857,265,None
15281,935,265,None,1850,265,MoveLeft
15282,942,265,MoveRight,1850,265,None
15282,942,265,None,1843,265,MoveLeft
15283,949,265,MoveRight,1843,265,None
15283,949,265,None,1836,265,MoveLeft
15284,956,265,MoveRight,1836,265,None
15284,956,265,None,1829,265,MoveLeft
15285,963,265,MoveRight,1829,265,None
15285,963,265,None,1822,265,MoveLeft
15286,970,265,MoveRight,1822,265,None
15286,970,265,None,1815,265,MoveLeft
15287,977,265,MoveRight,1815,265,None
15287,977,265,None,1808,265,MoveLeft
15288,984,265,MoveRight,1808,265,None
15288,984,265,None,1801,265,MoveLeft
15289,991,265,MoveRight,1801,265,None
15289,991,265,None,1794,265,MoveLeft
15290,998,265,MoveRight,1794,265,None
15290,998,265,None,1787,265,MoveLeft
15291,1005,265,MoveRight,1787,265,None
15291,1005,265,None,1780,265,MoveLeft
15292,1012,265,MoveRight,1780,265,None
15292,1012,265,None,1773,265,MoveLeft
15293,1019,265,MoveRight,1773,265,None
15293,1019,265,None,1766,265,MoveLeft
15294,1026,265,MoveRight,1766,265,None
15294,1026,265,None,1759,265,MoveLeft
15295,1033,265,MoveRight,1759,265,None
15295,1033,265,None,1752,265,MoveLeft
15296,1040,265,MoveRight,1752,265,None
15296,1040,265,None,1745,265,MoveLeft
15297,1047,265,MoveRight,1745,265,None
15297,1047,265,None,1738,265,MoveLeft
15298,1054,265,MoveRight,1738,265,None
15298,1054,265,None,1731,265,MoveLeft
15299,1061,265,MoveRight,1731,265,None
15299,1061,265,None,1724,265,MoveLeft
15300,1068,265,MoveRight,1724,265,None
15300,1068,265,None,1717,265,MoveLeft
15301,1075,265,MoveRight,1717,265,None
15301,1075,265,None,1710,265,MoveLeft
15302,1082,265,MoveRight,1710,265,None
15302,1082,265,None,1703,265,MoveLeft
15303,1089,265,MoveRight,1703,265,None
15303,1089,265,None,1696,265,MoveLeft
15304,1096,265,MoveRight,1696,265,None
15304,1096,265,None,1689,265,MoveLeft
15305,1103,265,MoveRight,1689,265,None
15305,1103,265,None,1682,265,MoveLeft
15306,1110,265,MoveRight,1682,265,None
15306,1110,265,None,1675,265,MoveLeft
15307,1117,265,MoveRight,1675,265,None
15307,1117,265,None,1668,265,MoveLeft
15308,1124,265,MoveRight,1668,265,None
15308,1124,265,None,1661,265,MoveLeft
15309,1131,265,MoveRight,1661,265,None
15309,1131,265,None,1654,265,MoveLeft
15310,1138,265,MoveRight,1654,265,None
15310,1138,265,None,1647,265,MoveLeft
15311,1145,265,MoveRight,1647,265,None
15311,1145,265,None,1640,265,MoveLeft
15312,1152,265,MoveRight,1640,265,None
15312,1152,265,None,1633,265,MoveLeft
15313,1159,265,MoveRight,1633,265,None
15313,1159,265,None,1626,265,MoveLeft
15314,1166,265,MoveRight,1626,265,None
15314,1166,265,None,1619,265,MoveLeft
15315,1173,265,MoveRight,1619,265,None
15315,1173,265,None,1612,265,MoveLeft
15316,1180,265,MoveRight,1612,265,None
15316,1180,265,None,1605,265,MoveLeft
15317,1187,265,MoveRight,1605,265,None
15317,1187,265,None,1598,265,MoveLeft
15318,1194,265,MoveRight,1598,265,None
15318,1194,265,None,1591,265,MoveLeft
15319,1201,265,MoveRight,1591,265,None
15319,1201,265,None,1584,265,MoveLeft
15320,1208,265,MoveRight,1584,265,None
15320,1208,265,None,1577,265,MoveLeft
15321,1215,265,MoveRight,1577,265,None
15321,1215,265,None,1570,265,MoveLeft
15322,1222,265,MoveRight,1570,265,None
15322,1222,265,None,1563,265,MoveLeft
15323,1229,265,MoveRight,1563,265,None
15323,1229,265,None,1556,265,MoveLeft
15324,1236,265,MoveRight,1556,265,None
15324,1236,265,None,1549,265,MoveLeft
15325,1243,265,MoveRight,1549,265,None
15325,1243,265,None,1542,265,MoveLeft
15326,1250,265,MoveRight,1542,265,None
15326,1250,265,None,1535,265,MoveLeft
15327,1257,265,MoveRight,1535,265,None
15327,1257,265,None,1528,265,MoveLeft
15328,1264,265,MoveRight,1528,265,None
15328,1264,265,None,1521,265,MoveLeft
15329,1271,265,MoveRight,1521,265,None
15329,1271,265,None,1514,265,MoveLeft
15330,1278,265,MoveRight,1514,265,None
15330,1278,265,None,1507,265,MoveLeft
15331,1278,265,None,1500,265,MoveLeft
15332,1278,265,None,1493,265,MoveLeft
15333,1278,265,None,1486,265,MoveLeft
15334,1278,265,None,1479,265,MoveLeft
15335,1278,265,None,1472,265,MoveLeft
15336,1278,265,None,1465,265,MoveLeft
15354,1278,265,None,1465,265,SpikeLight
15354,1278,265,None,1465,265,None
15359,1278,284.62,None,1465,265,None
15365,1278,353.29,None,1472,265,MoveRight
15366,1278,363.1,None,1479,265,MoveRight
15367,1278,372.91,None,1486,265,MoveRight
15368,1278,382.72,None,1493,265,MoveRight
15369,1278,392.53,None,1500,265,MoveRight
15370,1278,402.34,None,1507,265,MoveRight
15371,1278,412.15,None,1514,265,MoveRight
15372,1278,421.96,None,1521,265,MoveRight
15373,1278,431.77,None,1528,265,MoveRight
15374,1278,441.58,None,1535,265,MoveRight
15375,1278,451.39,None,1542,265,MoveRight
15376,1278,461.2,None,1549,265,MoveRight
15377,1278,471.01,None,1556,265,MoveRight
15378,1278,480.82,None,1563,265,MoveRight
15379,1278,490.63,None,1570,265,MoveRight
15380,1278,500.44,None,1577,265,MoveRight
15381,1278,510.25,None,1584,265,MoveRight
15382,1278,520.06,None,1591,265,MoveRight
15383,1278,529.87,None,1598,265,MoveRight
15384,1278,539.68,None,1605,265,MoveRight
15385,1278,549.49,None,1612,265,MoveRight
15386,1278,559.3,None,1619,265,MoveRight
15387,1278,569.11,None,1626,265,MoveRight
15388,1278,578.92,None,1633,265,MoveRight
15389,1278,569.11,None,1640,265,MoveRight
15390,1278,559.3,None,1647,265,MoveRight
15391,1278,549.49,None,1654,265,MoveRight
15392,1274.5,539.68,MoveLeft,1654,265,None
15392,1274.5,539.68,None,1661,265,MoveRight
15393,1271,529.87,MoveLeft,1661,265,None
15393,1271,529.87,None,1668,265,MoveRight
15394,1267.5,520.06,MoveLeft,1668,265,None
15394,1267.5,520.06,None,1675,265,MoveRight
15395,1264,510.25,MoveLeft,1675,265,None
15395,1264,510.25,None,1682,265,MoveRight
15396,1260.5,500.44,MoveLeft,1682,265,None
15396,1260.5,500.44,None,1689,265,MoveRight
15397,1257,490.63,MoveLeft,1689,265,None
15397,1257,490.63,None,1696,265,MoveRight
15398,1253.5,480.82,MoveLeft,1696,265,None
15398,1253.5,480.82,None,1703,265,MoveRight
15399,1253.5,471.01,Spike,1703,265,None
15399,1250,471.01,MoveLeft,1703,265,None
15399,1250,471.01,None,1710,265,MoveRight
15400,1250,461.2,None,1717,265,MoveRight
15401,1250,451.39,None,1724,265,MoveRight
15458,970,265,None,2410,265,Serve
15458,970,265,None,2410,265,None
15475,970,265,None,2410,265,None
15477,970,265,None,2403,265,MoveLeft
15478,970,265,None,2396,265,MoveLeft
15479,970,265,None,2389,265,MoveLeft
15480,970,265,None,2382,265,MoveLeft
15481,970,265,None,2375,265,MoveLeft
15482,970,265,None,2368,265,MoveLeft
15483,970,265,None,2361,265,MoveLeft
15484,970,265,None,2354,265,MoveLeft
15485,970,265,None,2347,265,MoveLeft
15486,970,265,None,2340,265,MoveLeft
15487,970,265,None,2333,265,MoveLeft
15488,970,265,None,2326,265,MoveLeft
15489,970,265,None,2319,265,MoveLeft
15490,970,265,None,2312,265,MoveLeft
15491,970,265,None,2305,265,MoveLeft
15492,970,265,None,2298,265,MoveLeft
15493,970,265,None,2291,265,MoveLeft
15494,970,265,None,2284,265,MoveLeft
15495,970,265,None,2277,265,MoveLeft
15496,970,265,None,2270,265,MoveLeft
15497,970,265,None,2263,265,MoveLeft
15498,970,265,None,2256,265,MoveLeft
15499,970,265,None,2249,265,MoveLeft
15500,970,265,None,2242,265,MoveLeft
15501,970,265,None,2235,265,MoveLeft
15502,970,265,None,2228,265,MoveLeft
15503,970,265,None,2221,265,MoveLeft
15504,970,265,None,2214,265,MoveLeft
15505,970,265,None,2207,265,MoveLeft
15506,970,265,None,2200,265,MoveLeft
15507,970,265,None,2193,265,MoveLeft
15508,970,265,None,2186,265,MoveLeft
15509,970,265,None,2179,265,MoveLeft
15510,970,265,None,2172,265,MoveLeft
15511,970,265,None,2165,265,MoveLeft
15512,970,265,None,2158,265,MoveLeft
15513,970,265,None,2151,265,MoveLeft
15514,970,265,None,2144,265,MoveLeft
15515,970,265,None,2137,265,MoveLeft
15516,970,265,None,2130,265,MoveLeft
15517,970,265,None,2123,265,MoveLeft
15518,970,265,None,2116,265,MoveLeft
15519,970,265,None,2109,265,MoveLeft
15520,970,265,None,2102,265,MoveLeft
15521,970,265,None,2095,265,MoveLeft
15522,970,265,None,2088,265,MoveLeft
15523,970,265,None,2081,265,MoveLeft
15524,970,265,None,2074,265,MoveLeft
15525,970,265,None,2067,265,MoveLeft
15526,970,265,None,2060,265,MoveLeft
15527,970,265,None,2053,265,MoveLeft
15528,970,265,None,2046,265,MoveLeft
15529,970,265,None,2039,265,MoveLeft
15530,970,265,None,2032,265,MoveLeft
15531,970,265,None,2025,265,MoveLeft
15532,970,265,None,2018,265,MoveLeft
15533,970,265,None,2011,265,MoveLeft
15534,970,265,None,2004,265,MoveLeft
15544,977,265,MoveRight,2410,265,None
15545,984,265,MoveRight,2410,265,None
15546,991,265,MoveRight,2410,265,None
15547,998,265,MoveRight,2410,265,None
15548,1005,265,MoveRight,2410,265,None
15549,1012,265,MoveRight,2410,265,None
15550,1019,265,MoveRight,2410,265,None
15551,1026,265,MoveRight,2410,265,None
15552,1033,265,MoveRight,2410,265,None
15553,1040,265,MoveRight,2410,265,None
15554,1047,265,MoveRight,2410,265,None
15555,1054,265,MoveRight,2410,265,None
15556,1061,265,MoveRight,2410,265,None
15557,1068,265,MoveRight,2410,265,None
15558,1075,265,MoveRight,2410,265,None
15559,1082,265,MoveRight,2410,265,None
15585,1082,265,None,2410,265,Serve
15585,1082,265,None,2410,265,None
15589,1075,265,MoveLeft,2410,265,None
15590,1068,265,MoveLeft,2410,265,None
15591,1061,265,MoveLeft,2410,265,None
15592,1054,265,MoveLeft,2410,265,None
15593,1047,265,MoveLeft,2410,265,None
15594,1040,265,MoveLeft,2410,265,None
15595,1033,265,MoveLeft,2410,265,None
15596,1026,265,MoveLeft,2410,265,None
15597,1019,265,MoveLeft,2410,265,None
15598,1012,265,MoveLeft,2410,265,None
15599,1005,265,MoveLeft,2410,265,None
15600,998,265,MoveLeft,2410,265,None
15601,991,265,MoveLeft,2410,265,None
15602,984,265,MoveLeft,2410,265,None
15603,977,265,MoveLeft,2410,265,None
15604,970,265,MoveLeft,2410,265,None
15604,970,265,None,2403,265,MoveLeft
15605,963,265,MoveLeft,2403,265,None
15605,963,265,None,2396,265,MoveLeft
15606,956,265,MoveLeft,2396,265,None
15606,956,265,None,2389,265,MoveLeft
15607,949,265,MoveLeft,2389,265,None
15607,949,265,None,2382,265,MoveLeft
15608,942,265,MoveLeft,2382,265,None
15608,942,265,None,2375,265,MoveLeft
15609,935,265,MoveLeft,2375,265,None
15609,935,265,None,2368,265,MoveLeft
15610,928,265,MoveLeft,2368,265,None
15610,928,265,None,2361,265,MoveLeft
15611,921,265,MoveLeft,2361,265,None
15611,921,265,None,2354,265,MoveLeft
15612,914,265,MoveLeft,2354,265,None
15612,914,265,None,2347,265,MoveLeft
15613,907,265,MoveLeft,2347,265,None
15613,907,265,None,2340,265,MoveLeft
15614,900,265,MoveLeft,2340,265,None
15614,900,265,None,2333,265,MoveLeft
15615,893,265,MoveLeft,2333,265,None
15615,893,265,None,2326,265,MoveLeft
15616,886,265,MoveLeft,2326,265,None
15616,886,265,None,2319,265,MoveLeft
15617,879,265,MoveLeft,2319,265,None
15617,879,265,None,2312,265,MoveLeft
15618,872,265,MoveLeft,2312,265,None
15618,872,265,None,2305,265,MoveLeft
15619,872,265,None,2305,265,None
15619,872,265,None,2298,265,MoveLeft
15620,872,265,None,2298,265,None
15620,872,265,None,2291,265,MoveLeft
15621,872,265,None,2291,265,None
15621,872,265,None,2284,265,MoveLeft
15622,872,265,None,2284,265,None
15622,872,265,None,2277,265,MoveLeft
15623,872,265,None,2277,265,None
15623,872,265,None,2270,265,MoveLeft
15624,872,265,None,2270,265,None
15624,872,265,None,2263,265,MoveLeft
15625,872,265,None,2263,265,None
15625,872,265,None,2256,265,MoveLeft
15626,872,265,None,2256,265,None
15626,872,265,None,2249,265,MoveLeft
15627,872,265,None,2249,265,None
15627,872,265,None,2242,265,MoveLeft
15628,872,265,None,2242,265,None
15628,872,265,None,2235,265,MoveLeft
15629,872,265,None,2235,265,None
15629,872,265,None,2228,265,MoveLeft
15630,872,265,None,2228,265,None
15630,872,265,None,2221,265,MoveLeft
15631,872,265,None,2221,265,None
15631,872,265,None,2214,265,MoveLeft
15632,872,265,None,2214,265,None
15632,872,265,None,2207,265,MoveLeft
15633,872,265,None,2207,265,None
15633,872,265,None,2200,265,MoveLeft
15634,872,265,None,2200,265,None
15634,872,265,None,2193,265,MoveLeft
15635,872,265,None,2193,265,None
15635,872,265,None,2186,265,MoveLeft
15636,872,265,None,2186,265,None
15636,872,265,None,2179,265,MoveLeft
15637,872,265,None,2179,265,None
15637,872,265,None,2172,265,MoveLeft
15638,872,265,None,2172,265,None
15638,872,265,None,2165,265,MoveLeft
15639,872,265,None,2165,265,None
15639,872,265,None,2158,265,MoveLeft
15640,872,265,None,2158,265,None
15640,872,265,None,2151,265,MoveLeft
15641,872,265,None,2151,265,None
15641,872,265,None,2144,265,MoveLeft
15642,872,265,None,2144,265,None
15642,872,265,None,2137,265,MoveLeft
15643,872,265,None,2137,265,None
15643,872,265,None,2130,265,MoveLeft
15644,872,265,None,2130,265,None
15644,872,265,None,2123,265,MoveLeft
15645,872,265,None,2123,265,None
15645,872,265,None,2116,265,MoveLeft
15646,872,265,None,2116,265,None
15646,872,265,None,2109,265,MoveLeft
15647,872,265,None,2109,265,None
15647,872,265,None,2102,265,MoveLeft
15648,872,265,None,2102,265,None
15648,872,265,None,2095,265,MoveLeft
15649,872,265,None,2095,265,None
15649,872,265,None,2088,265,MoveLeft
15650,872,265,None,2088,265,None
15650,872,265,None,2081,265,MoveLeft
15651,872,265,None,2081,265,None
15651,872,265,None,2074,265,MoveLeft
15652,872,265,None,2074,265,None
15652,872,265,None,2067,265,MoveLeft
15653,872,265,None,2067,265,None
15653,872,265,None,2060,265,MoveLeft
15654,872,265,None,2060,265,None
15654,872,265,None,2053,265,MoveLeft
15655,872,265,None,2053,265,None
15655,872,265,None,2046,265,MoveLeft
15656,872,265,None,2046,265,None
15656,872,265,None,2039,265,MoveLeft
15657,872,265,Bump,2039,265,None
15657,872,265,None,2039,265,None
15657,872,265,None,2032,265,MoveLeft
15658,872,265,None,2025,265,MoveLeft
15659,872,265,None,2018,265,MoveLeft
15660,872,265,None,2011,265,MoveLeft
15661,872,265,None,2004,265,MoveLeft
15662,872,265,None,1997,265,MoveLeft
15663,872,265,None,1990,265,MoveLeft
15664,872,265,None,1983,265,MoveLeft
15665,872,265,None,1976,265,MoveLeft
15666,872,265,None,1969,265,MoveLeft
15667,872,265,None,1962,265,MoveLeft
15668,872,265,None,1955,265,MoveLeft
15669,872,265,None,1948,265,MoveLeft
15670,872,265,None,1941,265,MoveLeft
15671,872,265,None,1934,265,MoveLeft
15672,872,265,None,1927,265,MoveLeft
15673,872,265,None,1920,265,MoveLeft
15674,872,265,None,1913,265,MoveLeft
15675,872,265,None,1906,265,MoveLeft
15676,872,265,None,1899,265,MoveLeft
15677,879,265,MoveRight,1899,265,None
15677,879,265,None,1892,265,MoveLeft
15678,886,265,MoveRight,1892,265,None
15678,886,265,None,1885,265,MoveLeft
15679,893,265,MoveRight,1885,265,None
15679,893,265,None,1878,265,MoveLeft
15680,900,265,MoveRight,1878,265,None
15680,900,265,None,1871,265,MoveLeft
15681,907,265,MoveRight,1871,265,None
15681,907,265,None,1864,265,MoveLeft
15682,914,265,MoveRight,1864,265,None
15682,914,265,None,1857,265,MoveLeft
15683,921,265,MoveRight,1857,265,None
15683,921,265,None,1850,265,MoveLeft
15684,928,265,MoveRight,1850,265,None
15684,928,265,None,1843,265,MoveLeft
15685,935,265,MoveRight,1843,265,None
15685,935,265,None,1836,265,MoveLeft
15686,942,265,MoveRight,1836,265,None
15686,942,265,None,1829,265,MoveLeft
15687,949,265,MoveRight,1829,265,None
15687,949,265,None,1822,265,MoveLeft
15688,956,265,MoveRight,1822,265,None
15688,956,265,None,1815,265,MoveLeft
15689,963,265,MoveRight,1815,265,None
15689,963,265,None,1808,265,MoveLeft
15690,970,265,MoveRight,1808,265,None
15690,970,265,None,1801,265,MoveLeft
15691,977,265,MoveRight,1801,265,None
15691,977,265,None,1794,265,MoveLeft
15692,984,265,MoveRight,1794,265,None
15692,984,265,None,1787,265,MoveLeft
15693,991,265,MoveRight,1787,265,None
15693,991,265,None,1780,265,MoveLeft
15694,998,265,MoveRight,1780,265,None
15694,998,265,None,1773,265,MoveLeft
15695,1005,265,MoveRight,1773,265,None
15695,1005,265,None,1766,265,MoveLeft
15696,1012,265,MoveRight,1766,265,None
15696,1012,265,None,1759,265,MoveLeft
15697,1019,265,MoveRight,1759,265,None
15697,1019,265,None,1752,265,MoveLeft
15698,1026,265,MoveRight,1752,265,None
15698,1026,265,None,1745,265,MoveLeft
15699,1033,265,MoveRight,1745,265,None
15699,1033,265,None,1738,265,MoveLeft
15700,1040,265,MoveRight,1738,265,None
15700,1040,265,None,1731,265,MoveLeft
15701,1047,265,MoveRight,1731,265,None
15702,1054,265,MoveRight,1731,265,None
15703,1061,265,MoveRight,1731,265,None
15704,1068,265,MoveRight,1731,265,None
15705,1075,265,MoveRight,1731,265,None
15706,1082,265,MoveRight,1731,265,None
15707,1089,265,MoveRight,1731,265,None
15708,1096,265,MoveRight,1731,265,None
15709,1103,265,MoveRight,1731,265,None
15710,1110,265,MoveRight,1731,265,None
15711,1117,265,MoveRight,1731,265,None
15712,1124,265,MoveRight,1731,265,None
15713,1131,265,MoveRight,1731,265,None
15714,1138,265,MoveRight,1731,265,None
15715,1145,265,MoveRight,1731,265,None
15716,1152,265,MoveRight,1731,265,None
15717,1159,265,MoveRight,1731,265,None
15718,1166,265,MoveRight,1731,265,None
15719,1173,265,MoveRight,1731,265,None
15720,1180,265,MoveRight,1731,265,None
15721,1187,265,MoveRight,1731,265,None
15722,1194,265,MoveRight,1731,265,None
15723,1201,265,MoveRight,1731,265,None
15724,1204.5,284.62,MoveRight,1731,265,None
15725,1208,304.24,MoveRight,1731,265,None
15726,1211.5,314.05,MoveRight,1731,265,None
15727,1215,323.86,MoveRight,1731,265,None
15728,1218.5,333.67,MoveRight,1731,265,None
15729,1222,343.48,MoveRight,1731,265,None
15730,1225.5,353.29,MoveRight,1731,265,None
15731,1229,363.1,MoveRight,1731,265,None
15732,1232.5,372.91,MoveRight,1731,265,None
15733,1236,382.72,MoveRight,1731,265,None
15734,1239.5,392.53,MoveRight,1731,265,None
15735,1243,402.34,MoveRight,1731,265,None
15736,1246.5,412.15,MoveRight,1731,265,None
15737,1250,421.96,MoveRight,1731,265,None
15738,1253.5,431.77,MoveRight,1731,265,None
15739,1257,441.58,MoveRight,1731,265,None
15740,1260.5,451.39,MoveRight,1731,265,None
15741,1264,461.2,MoveRight,1731,265,None
15742,1267.5,471.01,MoveRight,1731,265,None
15743,1271,480.82,MoveRight,1731,265,None
15744,1274.5,490.63,MoveRight,1731,265,None
15745,1278,500.44,MoveRight,1731,265,None
15745,1278,500.44,None,1724,265,MoveLeft
15746,1281.5,510.25,MoveRight,1724,265,None
15747,1285,520.06,MoveRight,1724,265,None
15748,1288.5,529.87,MoveRight,1724,265,None
15749,1292,539.68,MoveRight,1724,265,None
15750,1295.5,549.49,MoveRight,1724,265,None
15751,1299,559.3,MoveRight,1724,265,None
15752,1302.5,569.11,MoveRight,1724,265,None
15753,1306,578.92,MoveRight,1724,265,None
15754,1309.5,569.11,MoveRight,1724,265,None
15755,1313,559.3,MoveRight,1724,265,None
15756,1316.5,549.49,MoveRight,1724,265,None
15757,1320,539.68,MoveRight,1724,265,None
15758,1323.5,529.87,MoveRight,1724,265,None
15763,1326,480.82,Spike,1724,265,None
15777,977,265,MoveRight,2410,265,None
15778,984,265,MoveRight,2410,265,None
15783,977,265,MoveLeft,2410,265,None
15784,970,265,MoveLeft,2410,265,None
15785,963,265,MoveLeft,2410,265,None
15786,956,265,MoveLeft,2410,265,None
15787,949,265,MoveLeft,2410,265,None
15788,942,265,MoveLeft,2410,265,None
15789,935,265,MoveLeft,2410,265,None
15790,928,265,MoveLeft,2410,265,None
15791,921,265,MoveLeft,2410,265,None
15792,914,265,MoveLeft,2410,265,None
15793,907,265,MoveLeft,2410,265,None
15794,900,265,MoveLeft,2410,265,None
15795,893,265,MoveLeft,2410,265,None
15796,886,265,MoveLeft,2410,265,None
15797,879,265,MoveLeft,2410,265,None
15798,872,265,MoveLeft,2410,265,None
15799,865,265,MoveLeft,2410,265,None
15800,858,265,MoveLeft,2410,265,None
15801,851,265,MoveLeft,2410,265,None
15819,851,265,None,2410,265,None
15823,851,265,None,2410,265,Serve
15823,851,265,None,2410,265,None
15843,851,265,None,2403,265,MoveLeft
15844,851,265,None,2396,265,MoveLeft
15845,851,265,None,2389,265,MoveLeft
15846,851,265,None,2382,265,MoveLeft
15847,851,265,None,2375,265,MoveLeft
15848,851,265,None,2368,265,MoveLeft
15849,851,265,None,2361,265,MoveLeft
15850,851,265,None,2354,265,MoveLeft
15851,851,265,None,2347,265,MoveLeft
15852,851,265,None,2340,265,MoveLeft
15853,851,265,None,2333,265,MoveLeft
15854,851,265,None,2326,265,MoveLeft
15855,851,265,None,2319,265,MoveLeft
15856,851,265,None,2312,265,MoveLeft
15857,851,265,None,2305,265,MoveLeft
15858,851,265,None,2298,265,MoveLeft
15859,851,265,None,2291,265,MoveLeft
15860,851,265,None,2284,265,MoveLeft
15861,851,265,None,2277,265,MoveLeft
15862,851,265,None,2270,265,MoveLeft
15863,851,265,None,2263,265,MoveLeft
15864,851,265,None,2256,265,MoveLeft
15865,851,265,None,2249,265,MoveLeft
15866,851,265,None,2242,265,MoveLeft
15867,851,265,None,2235,265,MoveLeft
15868,851,265,None,2228,265,MoveLeft
15869,851,265,None,2221,265,MoveLeft
15870,851,265,None,2214,265,MoveLeft
15871,851,265,None,2207,265,MoveLeft
15872,851,265,None,2200,265,MoveLeft
15873,851,265,None,2193,265,MoveLeft
15874,851,265,None,2186,265,MoveLeft
15875,858,265,MoveRight,2186,265,None
15875,858,265,None,2179,265,MoveLeft
15876,865,265,MoveRight,2179,265,None
15876,865,265,None,2172,265,MoveLeft
15877,865,265,None,2172,265,None
15877,865,265,None,2165,265,MoveLeft
15878,865,265,None,2165,265,None
15878,865,265,None,2158,265,MoveLeft
15879,865,265,None,2158,265,None
15879,865,265,None,2151,265,MoveLeft
15880,865,265,None,2151,265,None
15880,865,265,None,2144,265,MoveLeft
15881,865,265,None,2144,265,None
15881,865,265,None,2137,265,MoveLeft
15882,865,265,None,2137,265,None
15882,865,265,None,2130,265,MoveLeft
15883,865,265,None,2130,265,None
15883,865,265,None,2123,265,MoveLeft
15884,865,265,None,2123,265,None
15884,865,265,None,2116,265,MoveLeft
15885,865,265,None,2116,265,None
15885,865,265,None,2109,265,MoveLeft
15886,865,265,None,2109,265,None
15886,865,265,None,2102,265,MoveLeft
15887,865,265,None,2102,265,None
15887,865,265,None,2095,265,MoveLeft
15888,865,265,None,2095,265,None
15888,865,265,None,2088,265,MoveLeft
15889,865,265,None,2088,265,None
15889,865,265,None,2081,265,MoveLeft
15890,865,265,None,2081,265,None
15890,865,265,None,2074,265,MoveLeft
15891,865,265,None,2074,265,None
15891,865,265,None,2067,265,MoveLeft
15892,865,265,None,2067,265,None
15892,865,265,None,2060,265,MoveLeft
15893,865,265,None,2060,265,None
15893,865,265,None,2053,265,MoveLeft
15894,865,265,None,2053,265,None
15894,865,265,None,2046,265,MoveLeft
15895,865,265,Bump,2046,265,None
15895,872,265,MoveRight,2046,265,None
15895,872,265,None,2039,265,MoveLeft
15896,872,265,None,2032,265,MoveLeft
15897,872,265,None,2025,265,MoveLeft
15898,872,265,None,2018,265,MoveLeft
15899,872,265,None,2011,265,MoveLeft
15900,872,265,None,2004,265,MoveLeft
15901,872,265,None,1997,265,MoveLeft
15902,872,265,None,1990,265,MoveLeft
15903,872,265,None,1983,265,MoveLeft
15904,872,265,None,1976,265,MoveLeft
15905,872,265,None,1969,265,MoveLeft
15906,872,265,None,1962,265,MoveLeft
15907,872,265,None,1955,265,MoveLeft
15908,872,265,None,1948,265,MoveLeft
15909,872,265,None,1941,265,MoveLeft
15910,872,265,None,1934,265,MoveLeft
15911,872,265,None,1927,265,MoveLeft
15912,872,265,None,1920,265,MoveLeft
15913,872,265,None,1913,265,MoveLeft
15914,872,265,None,1906,265,MoveLeft
15915,879,265,MoveRight,1906,265,None
15915,879,265,None,1899,265,MoveLeft
15916,886,265,MoveRight,1899,265,None
15916,886,265,None,1892,265,MoveLeft
15917,893,265,MoveRight,1892,265,None
15917,893,265,None,1885,265,MoveLeft
15918,900,265,MoveRight,1885,265,None
15918,900,265,None,1878,265,MoveLeft
15919,907,265,MoveRight,1878,265,None
15919,907,265,None,1871,265,MoveLeft
15920,914,265,MoveRight,1871,265,None
15920,914,265,None,1864,265,MoveLeft
15921,921,265,MoveRight,1864,265,None
15921,921,265,None,1857,265,MoveLeft
15922,928,265,MoveRight,1857,265,None
15922,928,265,None,1850,265,MoveLeft
15923,935,265,MoveRight,1850,265,None
15923,935,265,None,1843,265,MoveLeft
15924,942,265,MoveRight,1843,265,None
15924,942,265,None,1836,265,MoveLeft
15925,949,265,MoveRight,1836,265,None
15925,949,265,None,1829,265,MoveLeft
15926,956,265,MoveRight,1829,265,None
15926,956,265,None,1822,265,MoveLeft
15927,963,265,MoveRight,1822,265,None
15927,963,265,None,1815,265,MoveLeft
15928,970,265,MoveRight,1815,265,None
15928,970,265,None,1808,265,MoveLeft
15929,977,265,MoveRight,1808,265,None
15929,977,265,None,1801,265,MoveLeft
15930,984,265,MoveRight,1801,265,None
15930,984,265,None,1794,265,MoveLeft
15931,991,265,MoveRight,1794,265,None
15931,991,265,None,1787,265,MoveLeft
15932,998,265,MoveRight,1787,265,None
15932,998,265,None,1780,265,MoveLeft
15933,1005,265,MoveRight,1780,265,None
15933,1005,265,None,1773,265,MoveLeft
15934,1012,265,MoveRight,1773,265,None
15934,1012,265,None,1766,265,MoveLeft
15935,1019,265,MoveRight,1766,265,None
15935,1019,265,None,1759,265,MoveLeft
15936,1026,265,MoveRight,1759,265,None
15936,1026,265,None,1752,265,MoveLeft
15937,1033,265,MoveRight,1752,265,None
15937,1033,265,None,1745,265,MoveLeft
15938,1040,265,MoveRight,1745,265,None
15938,1040,265,None,1738,265,MoveLeft
15939,1047,265,MoveRight,1738,265,None
15939,1047,265,None,1731,265,MoveLeft
15940,1054,265,MoveRight,1731,265,None
15941,1061,265,MoveRight,1731,265,None
15942,1068,265,MoveRight,1731,265,None
15943,1075,265,MoveRight,1731,265,None
15944,1082,265,MoveRight,1731,265,None
15945,1089,265,MoveRight,1731,265,None
15946,1096,265,MoveRight,1731,265,None
15947,1103,265,MoveRight,1731,265,None
15948,1110,265,MoveRight,1731,265,None
15949,1117,265,MoveRight,1731,265,None
15950,1124,265,MoveRight,1731,265,None
15951,1131,265,MoveRight,1731,265,None
15952,1138,265,MoveRight,1731,265,None
15953,1145,265,MoveRight,1731,265,None
15954,1152,265,MoveRight,1731,265,None
15955,1159,265,MoveRight,1731,265,None
15956,1166,265,MoveRight,1731,265,None
15957,1173,265,MoveRight,1731,265,None
15958,1180,265,MoveRight,1731,265,None
15959,1187,265,MoveRight,1731,265,None
15960,1194,265,MoveRight,1731,265,None
15961,1201,265,MoveRight,1731,265,None
15962,1208,265,MoveRight,1731,265,None
15963,1215,265,MoveRight,1731,265,None
15964,1222,265,MoveRight,1731,265,None
15965,1229,265,MoveRight,1731,265,None
15966,1236,265,MoveRight,1731,265,None
15967,1243,265,MoveRight,1731,265,None
15968,1250,265,MoveRight,1731,265,None
15969,1257,265,MoveRight,1731,265,None
15970,1264,265,MoveRight,1731,265,None
15971,1271,265,MoveRight,1731,265,None
15982,1264,265,MoveLeft,1731,265,None
15983,1257,265,MoveLeft,1731,265,None
15983,1257,265,None,1724,265,MoveLeft
15984,1250,265,MoveLeft,1724,265,None
15985,1243,265,MoveLeft,1724,265,None
15986,1236,265,MoveLeft,1724,265,None
15987,1229,265,MoveLeft,1724,265,None
15988,1222,265,MoveLeft,1724,265,None
15989,1215,265,MoveLeft,1724,265,None
15990,1208,265,MoveLeft,1724,265,None
15991,1201,265,MoveLeft,1724,265,None
15992,1194,265,MoveLeft,1724,265,None
15993,1187,265,MoveLeft,1724,265,None
15994,1180,265,MoveLeft,1724,265,None
15995,1173,265,MoveLeft,1724,265,None
15996,1166,265,MoveLeft,1724,265,None
16014,1159,265,MoveLeft,1724,265,None
16015,1152,265,MoveLeft,1724,265,None
16016,1145,265,MoveLeft,1724,265,None
16017,1138,265,MoveLeft,1724,265,None
16018,1131,265,MoveLeft,1724,265,None
16019,1124,265,MoveLeft,1724,265,None
16020,1117,265,MoveLeft,1724,265,None
16021,1110,265,MoveLeft,1724,265,None
16022,1110,265,None,1724,265,None
16035,1110,265,Set,1724,265,None
16035,1110,265,None,1724,265,None
16060,1103,265,MoveLeft,1724,265,None
16061,1096,265,MoveLeft,1724,265,None
16062,1089,265,MoveLeft,1724,265,None
16063,1082,265,MoveLeft,1724,265,None
16064,1075,265,MoveLeft,1724,265,None
16065,1068,265,MoveLeft,1724,265,None
16066,1061,265,MoveLeft,1724,265,None
16067,1054,265,MoveLeft,1724,265,None
16068,1047,265,MoveLeft,1724,265,None
16069,1040,265,MoveLeft,1724,265,None
16070,1033,265,MoveLeft,1724,265,None
16071,1026,265,MoveLeft,1724,265,None
16105,1033,265,MoveRight,1724,265,None
16106,1040,265,MoveRight,1724,265,None
16107,1047,265,MoveRight,1724,265,None
16108,1054,265,MoveRight,1724,265,None
16109,1061,265,MoveRight,1724,265,None
16110,1068,265,MoveRight,1724,265,None
16111,1075,265,MoveRight,1724,265,None
16112,1082,265,MoveRight,1724,265,None
16113,1089,265,MoveRight,1724,265,None
16118,1089,284.62,None,1724,265,None
16136,1089,471.01,None,1724,265,None
16146,1089,549.49,SpikeMedium,1724,265,None
16146,1089,569.11,None,1724,265,None
16147,1089,578.92,None,1717,265,MoveLeft
16180,1096,265,MoveRight,1717,265,None
16181,1103,265,MoveRight,1717,265,None
16182,1110,265,MoveRight,1717,265,None
16183,1117,265,MoveRight,1717,265,None
16184,1124,265,MoveRight,1717,265,None
16185,1131,265,MoveRight,1717,265,None
16186,1138,265,MoveRight,1717,265,None
16187,1145,265,MoveRight,1717,265,None
16188,1152,265,MoveRight,1717,265,None
16189,1159,265,MoveRight,1717,265,None
16190,1166,265,MoveRight,1717,265,None
16191,1173,265,MoveRight,1717,265,None
16192,1173,265,None,1717,265,SpikeMedium
16192,1180,265,MoveRight,1717,265,None
16192,1180,265,None,1717,265,None
16193,1187,265,MoveRight,1717,265,None
16194,1194,265,MoveRight,1717,265,None
16195,1201,265,MoveRight,1717,265,None
16196,1208,265,MoveRight,1717,265,None
16197,1215,265,MoveRight,1717,265,None
16198,1222,265,MoveRight,1717,265,None
16199,1229,265,MoveRight,1717,265,None
16200,1236,265,MoveRight,1717,265,None
16201,1243,265,MoveRight,1717,265,None
16202,1250,265,MoveRight,1717,265,None
16202,1250,265,None,1724,265,MoveRight
16203,1257,265,MoveRight,1724,265,None
16203,1257,265,None,1724,265,None
16204,1264,265,MoveRight,1724,265,None
16204,1264,265,None,1724,265,None
16205,1271,265,MoveRight,1724,265,None
16205,1271,265,None,1724,265,None
16206,1278,265,MoveRight,1724,265,None
16206,1278,265,None,1724,265,None
16207,1285,265,MoveRight,1724,265,None
16207,1285,265,None,1724,265,None
16208,1292,265,MoveRight,1724,265,None
16208,1292,265,None,1724,265,None
16209,1292,265,None,1724,265,None
16210,1292,265,None,1724,265,None
16211,1292,265,None,1724,265,None
16212,1285,265,MoveLeft,1724,265,None
16212,1285,265,None,1724,265,None
16213,1278,265,MoveLeft,1724,265,None
16213,1278,265,None,1724,265,None
16214,1271,265,MoveLeft,1724,265,None
16214,1271,265,None,1724,265,None
16215,1264,265,MoveLeft,1724,265,None
16215,1264,265,None,1724,265,None
16216,1257,265,MoveLeft,1724,265,None
16216,1257,265,None,1724,265,None
16217,1250,265,MoveLeft,1724,265,None
16217,1250,265,None,1724,265,None
16218,1243,265,MoveLeft,1724,265,None
16218,1243,265,None,1724,265,None
16219,1236,265,MoveLeft,1724,265,None
16219,1236,265,None,1724,265,None
16220,1229,265,MoveLeft,1724,265,None
16220,1229,265,None,1724,265,None
16221,1222,265,MoveLeft,1724,265,None
16221,1222,265,None,1724,265,None
16222,1215,265,MoveLeft,1724,265,None
16222,1215,265,None,1724,265,None
16223,1208,265,MoveLeft,1724,265,None
16223,1208,265,None,1724,265,None
16224,1201,265,MoveLeft,1724,265,None
16224,1201,265,None,1724,265,None
16225,1194,265,MoveLeft,1724,265,None
16225,1194,265,None,1724,265,None
16226,1187,265,MoveLeft,1724,265,None
16226,1187,265,None,1724,265,None
16227,1180,265,MoveLeft,1724,265,None
16227,1180,265,None,1724,265,None
16228,1173,265,MoveLeft,1724,265,None
16228,1173,265,None,1724,265,None
16229,1166,265,MoveLeft,1724,265,None
16229,1166,265,None,1724,265,None
16230,1159,265,MoveLeft,1724,265,None
16230,1159,265,None,1724,265,None
16231,1152,265,MoveLeft,1724,265,None
16231,1152,265,None,1724,265,None
16232,1145,265,MoveLeft,1724,265,None
16232,1145,265,None,1724,265,None
16233,1138,265,MoveLeft,1724,265,None
16233,1138,265,None,1724,265,None
16234,1131,265,MoveLeft,1724,265,None
16234,1131,265,None,1724,265,None
16235,1124,265,MoveLeft,1724,265,None
16235,1124,265,None,1724,265,None
16236,1117,265,MoveLeft,1724,265,None
16236,1117,265,None,1724,265,None
16237,1110,265,MoveLeft,1724,265,None
16237,1110,265,None,1724,265,None
16238,1103,265,MoveLeft,1724,265,None
16238,1103,265,None,1724,265,None
16239,1096,265,MoveLeft,1724,265,None
16239,1096,265,None,1724,265,None
16240,1089,265,MoveLeft,1724,265,None
16240,1089,265,None,1724,265,None
16241,1082,265,MoveLeft,1724,265,None
16241,1082,265,None,1724,265,None
16242,1075,265,MoveLeft,1724,265,None
16242,1075,265,None,1724,265,None
16243,1068,265,MoveLeft,1724,265,None
16243,1068,265,None,1724,265,None
16244,1061,265,MoveLeft,1724,265,None
16244,1061,265,None,1724,265,None
16245,1054,265,MoveLeft,1724,265,None
16245,1054,265,None,1724,265,None
16246,1047,265,MoveLeft,1724,265,None
16246,1047,265,None,1724,265,None
16247,1040,265,MoveLeft,1724,265,None
16247,1040,265,None,1724,265,None
16248,1033,265,MoveLeft,1724,265,None
16248,1033,265,None,1724,265,None
16249,1026,265,MoveLeft,1724,265,None
16249,1026,265,None,1724,265,None
16250,1019,265,MoveLeft,1724,265,None
16250,1019,265,None,1724,265,None
16251,1012,265,MoveLeft,1724,265,None
16251,1012,265,None,1724,265,None
16252,1005,265,MoveLeft,1724,265,None
16252,1005,265,None,1724,265,None
16253,998,265,MoveLeft,1724,265,None
16253,998,265,None,1724,265,None
16254,991,265,MoveLeft,1724,265,None
16254,991,265,None,1724,265,None
16255,984,265,MoveLeft,1724,265,None
16255,984,265,None,1724,265,None
16256,977,265,MoveLeft,1724,265,None
16256,977,265,None,1724,265,None
16257,970,265,MoveLeft,1724,265,None
16257,970,265,None,1724,265,None
16258,963,265,MoveLeft,1724,265,None
16258,963,265,None,1724,265,None
16259,956,265,MoveLeft,1724,265,None
16259,956,265,None,1724,265,None
16260,949,265,MoveLeft,1724,265,None
16260,949,265,None,1724,265,None
16261,963,265,MoveLeft,2410,265,None
16262,956,265,MoveLeft,2410,265,None
16263,949,265,MoveLeft,2410,265,None
16264,942,265,MoveLeft,2410,265,None
16265,935,265,MoveLeft,2410,265,None
16266,928,265,MoveLeft,2410,265,None
16267,921,265,MoveLeft,2410,265,None
16268,914,265,MoveLeft,2410,265,None
16269,907,265,MoveLeft,2410,265,None
16311,907,265,None,2410,265,Serve
16311,907,265,None,2410,265,None
16317,914,265,MoveRight,2410,265,None
16318,921,265,MoveRight,2410,265,None
16319,928,265,MoveRight,2410,265,None
16320,935,265,MoveRight,2410,265,None
16321,942,265,MoveRight,2410,265,None
16322,949,265,MoveRight,2410,265,None
16323,956,265,MoveRight,2410,265,None
16324,963,265,MoveRight,2410,265,None
16325,970,265,MoveRight,2410,265,None
16326,977,265,MoveRight,2410,265,None
16327,984,265,MoveRight,2410,265,None
16328,991,265,MoveRight,2410,265,None
16329,998,265,MoveRight,2410,265,None
16330,1005,265,MoveRight,2410,265,None
16331,1012,265,MoveRight,2410,265,None
16331,1012,265,None,2403,265,MoveLeft
16332,1019,265,MoveRight,2403,265,None
16332,1019,265,None,2396,265,MoveLeft
16333,1026,265,MoveRight,2396,265,None
16333,1026,265,None,2389,265,MoveLeft
16334,1033,265,MoveRight,2389,265,None
16334,1033,265,None,2382,265,MoveLeft
16335,1040,265,MoveRight,2382,265,None
16335,1040,265,None,2375,265,MoveLeft
16336,1047,265,MoveRight,2375,265,None
16336,1047,265,None,2368,265,MoveLeft
16337,1054,265,MoveRight,2368,265,None
16337,1054,265,None,2361,265,MoveLeft
16338,1054,265,None,2354,265,MoveLeft
16339,1054,265,None,2347,265,MoveLeft
16340,1054,265,None,2340,265,MoveLeft
16341,1054,265,None,2333,265,MoveLeft
16342,1054,265,None,2326,265,MoveLeft
16343,1054,265,None,2319,265,MoveLeft
16344,1054,265,None,2312,265,MoveLeft
16345,1054,265,None,2305,265,MoveLeft
16346,1054,265,None,2298,265,MoveLeft
16347,1054,265,None,2291,265,MoveLeft
16348,1054,265,None,2284,265,MoveLeft
16349,1054,265,None,2277,265,MoveLeft
16350,1054,265,None,2270,265,MoveLeft
16351,1054,265,None,2263,265,MoveLeft
16352,1054,265,None,2256,265,MoveLeft
16353,1054,265,None,2249,265,MoveLeft
16354,1054,265,None,2242,265,MoveLeft
16355,1054,265,None,2235,265,MoveLeft
16356,1054,265,None,2228,265,MoveLeft
16357,1054,265,None,2221,265,MoveLeft
16358,1054,265,None,2214,265,MoveLeft
16359,1054,265,None,2207,265,MoveLeft
16360,1054,265,None,2200,265,MoveLeft
16361,1047,265,MoveLeft,2200,265,None
16361,1047,265,None,2193,265,MoveLeft
16362,1040,265,MoveLeft,2193,265,None
16362,1040,265,None,2186,265,MoveLeft
16363,1033,265,MoveLeft,2186,265,None
16363,1033,265,None,2179,265,MoveLeft
16364,1026,265,MoveLeft,2179,265,None
16364,1026,265,None,2172,265,MoveLeft
16365,1019,265,MoveLeft,2172,265,None
16365,1019,265,None,2165,265,MoveLeft
16366,1012,265,MoveLeft,2165,265,None
16366,1012,265,None,2158,265,MoveLeft
16367,1005,265,MoveLeft,2158,265,None
16367,1005,265,None,2151,265,MoveLeft
16368,998,265,MoveLeft,2151,265,None
16368,998,265,None,2144,265,MoveLeft
16369,991,265,MoveLeft,2144,265,None
16369,991,265,None,2137,265,MoveLeft
16370,984,265,MoveLeft,2137,265,None
16370,984,265,None,2130,265,MoveLeft
16371,977,265,MoveLeft,2130,265,None
16371,977,265,None,2123,265,MoveLeft
16372,970,265,MoveLeft,2123,265,None
16372,970,265,None,2116,265,MoveLeft
16373,963,265,MoveLeft,2116,265,None
16373,963,265,None,2109,265,MoveLeft
16374,956,265,MoveLeft,2109,265,None
16374,956,265,None,2102,265,MoveLeft
16375,949,265,MoveLeft,2102,265,None
16375,949,265,None,2095,265,MoveLeft
16376,942,265,MoveLeft,2095,265,None
16376,942,265,None,2088,265,MoveLeft
16377,935,265,MoveLeft,2088,265,None
16377,935,265,None,2081,265,MoveLeft
16378,928,265,MoveLeft,2081,265,None
16378,928,265,None,2074,265,MoveLeft
16379,921,265,MoveLeft,2074,265,None
16379,921,265,None,2067,265,MoveLeft
16380,914,265,MoveLeft,2067,265,None
16380,914,265,None,2060,265,MoveLeft
16381,907,265,MoveLeft,2060,265,None
16381,907,265,None,2053,265,MoveLeft
16382,907,265,Bump,2053,265,None
16382,900,265,MoveLeft,2053,265,None
16382,900,265,None,2046,265,MoveLeft
16383,900,265,None,2039,265,MoveLeft
16384,900,265,None,2032,265,MoveLeft
16385,900,265,None,2025,265,MoveLeft
16386,900,265,None,2018,265,MoveLeft
16387,900,265,None,2011,265,MoveLeft
16388,900,265,None,2004,265,MoveLeft
16389,900,265,None,1997,265,MoveLeft
16390,900,265,None,1990,265,MoveLeft
16391,900,265,None,1983,265,MoveLeft
16392,900,265,None,1976,265,MoveLeft
16393,900,265,None,1969,265,MoveLeft
16394,900,265,None,1962,265,MoveLeft
16395,900,265,None,1955,265,MoveLeft
16396,900,265,None,1948,265,MoveLeft
16397,900,265,None,1941,265,MoveLeft
16398,900,265,None,1934,265,MoveLeft
16399,900,265,None,1927,265,MoveLeft
16400,900,265,None,1920,265,MoveLeft
16401,907,265,MoveRight,1920,265,None
16401,907,265,None,1913,265,MoveLeft
16402,914,265,MoveRight,1913,265,None
16402,914,265,None,1906,265,MoveLeft
16403,921,265,MoveRight,1906,265,None
16403,921,265,None,1899,265,MoveLeft
16404,928,265,MoveRight,1899,265,None
16404,928,265,None,1892,265,MoveLeft
16405,935,265,MoveRight,1892,265,None
16405,935,265,None,1885,265,MoveLeft
16406,942,265,MoveRight,1885,265,None
16406,942,265,None,1878,265,MoveLeft
16407,949,265,MoveRight,1878,265,None
16407,949,265,None,1871,265,MoveLeft
16408,956,265,MoveRight,1871,265,None
16408,956,265,None,1864,265,MoveLeft
16409,963,265,MoveRight,1864,265,None
16409,963,265,None,1857,265,MoveLeft
16410,970,265,MoveRight,1857,265,None
16410,970,265,None,1850,265,MoveLeft
16411,977,265,MoveRight,1850,265,None
16411,977,265,None,1843,265,MoveLeft
16412,984,265,MoveRight,1843,265,None
16412,984,265,None,1836,265,MoveLeft
16413,991,265,MoveRight,1836,265,None
16413,991,265,None,1829,265,MoveLeft
16414,998,265,MoveRight,1829,265,None
16414,998,265,None,1822,265,MoveLeft
16415,1005,265,MoveRight,1822,265,None
16415,1005,265,None,1815,265,MoveLeft
16416,1012,265,MoveRight,1815,265,None
16416,1012,265,None,1808,265,MoveLeft
16417,1019,265,MoveRight,1808,265,None
16417,1019,265,None,1801,265,MoveLeft
16418,1026,265,MoveRight,1801,265,None
16418,1026,265,None,1794,265,MoveLeft
16419,1033,265,MoveRight,1794,265,None
16419,1033,265,None,1787,265,MoveLeft
16420,1040,265,MoveRight,1787,265,None
16420,1040,265,None,1780,265,MoveLeft
16421,1047,265,MoveRight,1780,265,None
16421,1047,265,None,1773,265,MoveLeft
16422,1054,265,MoveRight,1773,265,None
16422,1054,265,None,1766,265,MoveLeft
16423,1061,265,MoveRight,1766,265,None
16423,1061,265,None,1759,265,MoveLeft
16424,1068,265,MoveRight,1759,265,None
16424,1068,265,None,1752,265,MoveLeft
16425,1075,265,MoveRight,1752,265,None
16425,1075,265,None,1745,265,MoveLeft
16426,1082,265,MoveRight,1745,265,None
16426,1082,265,None,1738,265,MoveLeft
16427,1089,265,MoveRight,1738,265,None
16427,1089,265,None,1731,265,MoveLeft
16428,1096,265,MoveRight,1731,265,None
16428,1096,265,None,1724,265,MoveLeft
16429,1103,265,MoveRight,1724,265,None
16429,1103,265,None,1717,265,MoveLeft
16430,1110,265,MoveRight,1717,265,None
16430,1110,265,None,1710,265,MoveLeft
16431,1117,265,MoveRight,1710,265,None
16431,1117,265,None,1703,265,MoveLeft
16432,1124,265,MoveRight,1703,265,None
16432,1124,265,None,1696,265,MoveLeft
16433,1131,265,MoveRight,1696,265,None
16433,1131,265,None,1689,265,MoveLeft
16434,1138,265,MoveRight,1689,265,None
16434,1138,265,None,1682,265,MoveLeft
16435,1145,265,MoveRight,1682,265,None
16435,1145,265,None,1675,265,MoveLeft
16436,1152,265,MoveRight,1675,265,None
16436,1152,265,None,1668,265,MoveLeft
16437,1159,265,MoveRight,1668,265,None
16437,1159,265,None,1661,265,MoveLeft
16438,1162.5,284.62,MoveRight,1661,265,None
16438,1162.5,284.62,None,1654,265,MoveLeft
16439,1166,304.24,MoveRight,1654,265,None
16439,1166,304.24,None,1647,265,MoveLeft
16440,1169.5,314.05,MoveRight,1647,265,None
16440,1169.5,314.05,None,1640,265,MoveLeft
16441,1173,323.86,MoveRight,1640,265,None
16441,1173,323.86,None,1633,265,MoveLeft
16442,1176.5,333.67,MoveRight,1633,265,None
16442,1176.5,333.67,None,1626,265,MoveLeft
16443,1180,343.48,MoveRight,1626,265,None
16443,1180,343.48,None,1619,265,MoveLeft
16444,1183.5,353.29,MoveRight,1619,265,None
16444,1183.5,353.29,None,1612,265,MoveLeft
16445,1187,363.1,MoveRight,1612,265,None
16445,1187,363.1,None,1605,265,MoveLeft
16446,1190.5,372.91,MoveRight,1605,265,None
16446,1190.5,372.91,None,1598,265,MoveLeft
16447,1194,382.72,MoveRight,1598,265,None
16447,1194,382.72,None,1591,265,MoveLeft
16448,1197.5,392.53,MoveRight,1591,265,None
16448,1197.5,392.53,None,1584,265,MoveLeft
16449,1201,402.34,MoveRight,1584,265,None
16449,1201,402.34,None,1577,265,MoveLeft
16450,1204.5,412.15,MoveRight,1577,265,None
16450,1204.5,412.15,None,1570,265,MoveLeft
16451,1208,421.96,MoveRight,1570,265,None
16451,1208,421.96,None,1563,265,MoveLeft
16452,1211.5,431.77,MoveRight,1563,265,None
16452,1211.5,431.77,None,1556,265,MoveLeft
16453,1215,441.58,MoveRight,1556,265,None
16453,1215,441.58,None,1549,265,MoveLeft
16454,1218.5,451.39,MoveRight,1549,265,None
16454,1218.5,451.39,None,1542,265,MoveLeft
16455,1222,461.2,MoveRight,1542,265,None
16455,1222,461.2,None,1535,265,MoveLeft
16456,1225.5,471.01,MoveRight,1535,265,None
16456,1225.5,471.01,None,1528,265,MoveLeft
16457,1229,480.82,MoveRight,1528,265,None
16457,1229,480.82,None,1521,265,MoveLeft
16458,1232.5,490.63,MoveRight,1521,265,None
16458,1232.5,490.63,None,1514,265,MoveLeft
16459,1236,500.44,MoveRight,1514,265,None
16459,1236,500.44,None,1507,265,MoveLeft
16460,1239.5,510.25,MoveRight,1507,265,None
16460,1239.5,510.25,None,1500,265,MoveLeft
16461,1243,520.06,MoveRight,1500,265,None
16461,1243,520.06,None,1493,265,MoveLeft
16462,1246.5,529.87,MoveRight,1493,265,None
16462,1246.5,529.87,None,1486,265,MoveLeft
16463,1250,539.68,MoveRight,1486,265,None
16463,1250,539.68,None,1479,265,MoveLeft
16464,1253.5,549.49,MoveRight,1479,265,None
16464,1253.5,549.49,None,1472,265,MoveLeft
16465,1257,559.3,MoveRight,1472,265,None
16465,1257,559.3,None,1465,265,MoveLeft
16466,1260.5,569.11,MoveRight,1465,265,None
16467,1264,578.92,MoveRight,1465,265,None
16468,1267.5,569.11,MoveRight,1465,265,None
16469,1271,559.3,MoveRight,1465,265,None
16470,1274.5,549.49,MoveRight,1465,265,None
16471,1278,539.68,MoveRight,1465,265,None
16472,1281.5,529.87,MoveRight,1465,265,None
16473,1285,520.06,MoveRight,1465,265,None
16474,1288.5,510.25,MoveRight,1465,265,None
16475,1292,500.44,MoveRight,1465,265,None
16476,1295.5,490.63,MoveRight,1465,265,None
16477,1299,480.82,MoveRight,1465,265,None
16478,1302.5,471.01,MoveRight,1465,265,None
16479,1306,461.2,MoveRight,1465,265,None
16480,1309.5,451.39,MoveRight,1465,265,None
16481,1313,441.58,MoveRight,1465,265,None
16482,1316.5,431.77,MoveRight,1465,265,None
16483,1316.5,421.96,None,1465,265,SpikeLight
16483,1320,421.96,MoveRight,1465,265,None
16483,1320,421.96,None,1465,265,None
16484,1323.5,412.15,MoveRight,1465,265,None
16493,1326,323.86,None,1472,265,MoveRight
16494,1326,314.05,None,1479,265,MoveRight
16495,1326,304.24,None,1486,265,MoveRight
16496,1326,294.43,None,1493,265,MoveRight
16497,1326,284.62,None,1500,265,MoveRight
16498,1326,274.81,None,1507,265,MoveRight
16499,1326,265,None,1514,265,MoveRight
16500,1326,265,None,1521,265,MoveRight
16501,1326,265,None,1528,265,MoveRight
16502,1326,265,None,1535,265,MoveRight
16503,1326,265,None,1542,265,MoveRight
16504,1326,265,None,1549,265,MoveRight
16505,1326,265,None,1556,265,MoveRight
16506,1326,265,None,1563,265,MoveRight
16507,1326,265,None,1570,265,MoveRight
16508,1326,265,None,1577,265,MoveRight
16509,1326,265,None,1584,265,MoveRight
16510,1326,265,None,1591,265,MoveRight
16511,1319,265,MoveLeft,1591,265,None
16511,1319,265,None,1598,265,MoveRight
16512,1312,265,MoveLeft,1598,265,None
16512,1312,265,None,1605,265,MoveRight
16513,1305,265,MoveLeft,1605,265,None
16513,1305,265,None,1612,265,MoveRight
16514,1298,265,MoveLeft,1612,265,None
16514,1298,265,None,1619,265,MoveRight
16515,1291,265,MoveLeft,1619,265,None
16515,1291,265,None,1626,265,MoveRight
16516,1284,265,MoveLeft,1626,265,None
16516,1284,265,None,1633,265,MoveRight
16517,1277,265,MoveLeft,1633,265,None
16517,1277,265,None,1640,265,MoveRight
16518,1270,265,MoveLeft,1640,265,None
16518,1270,265,None,1647,265,MoveRight
16519,1263,265,MoveLeft,1647,265,None
16519,1263,265,None,1654,265,MoveRight
16520,1256,265,MoveLeft,1654,265,None
16520,1256,265,None,1661,265,MoveRight
16521,1249,265,MoveLeft,1661,265,None
16521,1249,265,None,1668,265,MoveRight
16522,1242,265,MoveLeft,1668,265,None
16522,1242,265,None,1675,265,MoveRight
16523,1235,265,MoveLeft,1675,265,None
16523,1235,265,None,1682,265,MoveRight
16524,1228,265,MoveLeft,1682,265,None
16524,1228,265,None,1689,265,MoveRight
16525,1221,265,MoveLeft,1689,265,None
16525,1221,265,None,1696,265,MoveRight
16526,1214,265,MoveLeft,1696,265,None
16526,1214,265,None,1703,265,MoveRight
16527,1207,265,MoveLeft,1703,265,None
16527,1207,265,None,1710,265,MoveRight
16528,1200,265,MoveLeft,1710,265,None
16528,1200,265,None,1717,265,MoveRight
16529,1193,265,MoveLeft,1717,265,None
16529,1193,265,None,1724,265,MoveRight
16530,1186,265,MoveLeft,1724,265,None
16530,1186,265,None,1724,265,None
16531,1179,265,MoveLeft,1724,265,None
16531,1179,265,None,1724,265,None
16532,1172,265,MoveLeft,1724,265,None
16532,1172,265,None,1724,265,None
16533,1165,265,MoveLeft,1724,265,None
16533,1165,265,None,1724,265,None
16534,1158,265,MoveLeft,1724,265,None
16534,1158,265,None,1724,265,None
16535,1151,265,MoveLeft,1724,265,None
16535,1151,265,None,1724,265,None
16536,1144,265,MoveLeft,1724,265,None
16536,1144,265,None,1724,265,None
16537,1137,265,MoveLeft,1724,265,None
16537,1137,265,None,1724,265,None
16538,1133.5,284.62,MoveLeft,1724,265,None
16538,1133.5,284.62,None,1724,265,None
16539,1130,304.24,MoveLeft,1724,265,None
16539,1130,304.24,None,1724,265,None
16540,1126.5,314.05,MoveLeft,1724,265,None
16540,1126.5,314.05,None,1724,265,None
16541,1123,323.86,MoveLeft,1724,265,None
16541,1123,323.86,None,1724,265,None
16542,1123,333.67,None,1724,265,None
16543,1123,343.48,None,1724,265,None
16544,1123,353.29,None,1724,265,None
16545,1123,363.1,None,1724,265,None
16546,1123,372.91,None,1724,265,None
16547,1123,382.72,None,1724,265,None
16549,970,304.24,None,2410,265,None
16563,966.5,441.58,MoveLeft,2410,265,None
16564,963,451.39,MoveLeft,2410,265,None
16565,959.5,461.2,MoveLeft,2410,265,None
16566,956,471.01,MoveLeft,2410,265,None
16567,952.5,480.82,MoveLeft,2410,265,None
16568,949,471.01,MoveLeft,2410,265,None
16569,945.5,461.2,MoveLeft,2410,265,None
16570,942,451.39,MoveLeft,2410,265,None
16571,938.5,441.58,MoveLeft,2410,265,None
16598,938.5,265,None,2410,265,Serve
16598,938.5,265,None,2410,265,None
16601,938.5,265,None,2410,265,None
16617,938.5,265,None,2403,265,MoveLeft
16618,938.5,265,None,2396,265,MoveLeft
16619,938.5,265,None,2389,265,MoveLeft
16620,938.5,265,None,2382,265,MoveLeft
16621,938.5,265,None,2375,265,MoveLeft
16622,938.5,265,None,2368,265,MoveLeft
16623,938.5,265,None,2361,265,MoveLeft
16624,938.5,265,None,2354,265,MoveLeft
16625,938.5,265,None,2347,265,MoveLeft
16626,938.5,265,None,2340,265,MoveLeft
16627,938.5,265,None,2333,265,MoveLeft
16628,938.5,265,None,2326,265,MoveLeft
16629,938.5,265,None,2319,265,MoveLeft
16630,938.5,265,None,2312,265,MoveLeft
16631,938.5,265,None,2305,265,MoveLeft
16632,938.5,265,None,2298,265,MoveLeft
16633,938.5,265,None,2291,265,MoveLeft
16634,938.5,265,None,2284,265,MoveLeft
16635,938.5,265,None,2277,265,MoveLeft
16636,938.5,265,None,2270,265,MoveLeft
16637,938.5,265,None,2263,265,MoveLeft
16638,938.5,265,None,2256,265,MoveLeft
16639,938.5,265,None,2249,265,MoveLeft
16640,938.5,265,None,2242,265,MoveLeft
16641,938.5,265,None,2235,265,MoveLeft
16642,938.5,265,None,2228,265,MoveLeft
16643,938.5,265,None,2221,265,MoveLeft
16644,938.5,265,None,2214,265,MoveLeft
16645,938.5,265,None,2207,265,MoveLeft
16646,938.5,265,None,2200,265,MoveLeft
16647,938.5,265,None,2193,265,MoveLeft
16648,938.5,265,None,2186,265,MoveLeft
16649,938.5,265,None,2179,265,MoveLeft
16650,938.5,265,None,2172,265,MoveLeft
16651,938.5,265,None,2165,265,MoveLeft
16652,938.5,265,None,2158,265,MoveLeft
16653,938.5,265,None,2151,265,MoveLeft
16654,938.5,265,None,2144,265,MoveLeft
16655,938.5,265,None,2137,265,MoveLeft
16656,938.5,265,None,2130,265,MoveLeft
16657,938.5,265,None,2123,265,MoveLeft
16658,938.5,265,None,2116,265,MoveLeft
16659,938.5,265,None,2109,265,MoveLeft
16660,938.5,265,None,2102,265,MoveLeft
16661,938.5,265,None,2095,265,MoveLeft
16662,938.5,265,None,2088,265,MoveLeft
16663,938.5,265,None,2081,265,MoveLeft
16664,938.5,265,None,2074,265,MoveLeft
16665,938.5,265,None,2067,265,MoveLeft
16666,938.5,265,None,2060,265,MoveLeft
16667,938.5,265,None,2053,265,MoveLeft
16668,938.5,265,None,2046,265,MoveLeft
16669,938.5,265,None,2039,265,MoveLeft
16670,938.5,265,None,2032,265,MoveLeft
16671,938.5,265,None,2025,265,MoveLeft
16672,938.5,265,None,2018,265,MoveLeft
16673,938.5,265,None,2011,265,MoveLeft
16674,938.5,265,None,2004,265,MoveLeft
16679,977,265,MoveRight,2410,265,None
16680,984,265,MoveRight,2410,265,None
16681,991,265,MoveRight,2410,265,None
16682,998,265,MoveRight,2410,265,None
16683,1005,265,MoveRight,2410,265,None
16684,1012,265,MoveRight,2410,265,None
16685,1019,265,MoveRight,2410,265,None
16686,1026,265,MoveRight,2410,265,None
16687,1033,265,MoveRight,2410,265,None
16688,1040,265,MoveRight,2410,265,None
16689,1047,265,MoveRight,2410,265,None
16690,1054,265,MoveRight,2410,265,None
16691,1061,265,MoveRight,2410,265,None
16692,1068,265,MoveRight,2410,265,None
16693,1075,265,MoveRight,2410,265,None
16694,1082,265,MoveRight,2410,265,None
16695,1089,265,MoveRight,2410,265,None
16696,1096,265,MoveRight,2410,265,None
16697,1103,265,MoveRight,2410,265,None
16698,1110,265,MoveRight,2410,265,None
16706,1103,265,MoveLeft,2410,265,None
16707,1096,265,MoveLeft,2410,265,None
16708,1089,265,MoveLeft,2410,265,None
16709,1082,265,MoveLeft,2410,265,None
16710,1075,265,MoveLeft,2410,265,None
16711,1068,265,MoveLeft,2410,265,None
16712,1061,265,MoveLeft,2410,265,None
16713,1054,265,MoveLeft,2410,265,None
16714,1047,265,MoveLeft,2410,265,None
16715,1040,265,MoveLeft,2410,265,None
16716,1033,265,MoveLeft,2410,265,None
16717,1026,265,MoveLeft,2410,265,None
16718,1019,265,MoveLeft,2410,265,None
16719,1012,265,MoveLeft,2410,265,None
16720,1005,265,MoveLeft,2410,265,None
16721,998,265,MoveLeft,2410,265,None
16722,991,265,MoveLeft,2410,265,None
16723,984,265,MoveLeft,2410,265,None
16724,977,265,MoveLeft,2410,265,None
16725,977,265,None,2410,265,Serve
16725,970,265,MoveLeft,2410,265,None
16725,970,265,None,2410,265,None
16726,963,265,MoveLeft,2410,265,None
16727,956,265,MoveLeft,2410,265,None
16728,949,265,MoveLeft,2410,265,None
16729,942,265,MoveLeft,2410,265,None
16730,935,265,MoveLeft,2410,265,None
16731,928,265,MoveLeft,2410,265,None
16732,921,265,MoveLeft,2410,265,None
16733,914,265,MoveLeft,2410,265,None
16734,907,265,MoveLeft,2410,265,None
16735,900,265,MoveLeft,2410,265,None
16736,893,265,MoveLeft,2410,265,None
16737,886,265,MoveLeft,2410,265,None
16738,879,265,MoveLeft,2410,265,None
16739,872,265,MoveLeft,2410,265,None
16740,865,265,MoveLeft,2410,265,None
16741,858,265,MoveLeft,2410,265,None
16745,858,265,None,2403,265,MoveLeft
16746,858,265,None,2396,265,MoveLeft
16747,858,265,None,2389,265,MoveLeft
16748,858,265,None,2382,265,MoveLeft
16749,858,265,None,2375,265,MoveLeft
16750,858,265,None,2368,265,MoveLeft
16751,858,265,None,2361,265,MoveLeft
16752,858,265,None,2354,265,MoveLeft
16753,858,265,None,2347,265,MoveLeft
16754,858,265,None,2340,265,MoveLeft
16755,858,265,None,2333,265,MoveLeft
16756,858,265,None,2326,265,MoveLeft
16757,858,265,None,2319,265,MoveLeft
16758,858,265,None,2312,265,MoveLeft
16759,858,265,None,2305,265,MoveLeft
16760,858,265,None,2298,265,MoveLeft
16761,858,265,None,2291,265,MoveLeft
16762,858,265,None,2284,265,MoveLeft
16763,858,265,None,2277,265,MoveLeft
16764,858,265,None,2270,265,MoveLeft
16765,858,265,None,2263,265,MoveLeft
16766,858,265,None,2256,265,MoveLeft
16767,858,265,None,2249,265,MoveLeft
16768,858,265,None,2242,265,MoveLeft
16769,858,265,None,2235,265,MoveLeft
16770,858,265,None,2228,265,MoveLeft
16771,858,265,None,2221,265,MoveLeft
16772,858,265,None,2214,265,MoveLeft
16773,858,265,None,2207,265,MoveLeft
16774,858,265,None,2200,265,MoveLeft
16775,858,265,None,2193,265,MoveLeft
16776,858,265,None,2186,265,MoveLeft
16777,858,265,None,2179,265,MoveLeft
16778,858,265,None,2172,265,MoveLeft
16779,858,265,None,2165,265,MoveLeft
16780,858,265,None,2158,265,MoveLeft
16781,858,265,None,2151,265,MoveLeft
16782,858,265,None,2144,265,MoveLeft
16783,858,265,None,2137,265,MoveLeft
16784,858,265,None,2130,265,MoveLeft
16785,858,265,None,2123,265,MoveLeft
16786,858,265,None,2116,265,MoveLeft
16787,858,265,None,2109,265,MoveLeft
16788,858,265,None,2102,265,MoveLeft
16789,858,265,None,2095,265,MoveLeft
16790,858,265,None,2088,265,MoveLeft
16791,858,265,None,2081,265,MoveLeft
16792,858,265,None,2074,265,MoveLeft
16793,858,265,None,2067,265,MoveLeft
16794,858,265,None,2060,265,MoveLeft
16795,865,265,MoveRight,2060,265,None
16795,865,265,None,2053,265,MoveLeft
16796,865,265,None,2053,265,None
16796,865,265,None,2046,265,MoveLeft
16797,865,265,Bump,2046,265,None
16797,865,265,None,2046,265,None
16797,865,265,None,2039,265,MoveLeft
16798,865,265,None,2032,265,MoveLeft
16799,865,265,None,2025,265,MoveLeft
16800,865,265,None,2018,265,MoveLeft
16801,865,265,None,2011,265,MoveLeft
16802,865,265,None,2004,265,MoveLeft
16803,865,265,None,1997,265,MoveLeft
16804,865,265,None,1990,265,MoveLeft
16805,865,265,None,1983,265,MoveLeft
16806,865,265,None,1976,265,MoveLeft
16807,865,265,None,1969,265,MoveLeft
16808,865,265,None,1962,265,MoveLeft
16809,865,265,None,1955,265,MoveLeft
16810,865,265,None,1948,265,MoveLeft
16811,865,265,None,1941,265,MoveLeft
16812,865,265,None,1934,265,MoveLeft
16813,865,265,None,1927,265,MoveLeft
16814,865,265,None,1920,265,MoveLeft
16815,865,265,None,1913,265,MoveLeft
16816,865,265,None,1906,265,MoveLeft
16817,872,265,MoveRight,1906,265,None
16817,872,265,None,1899,265,MoveLeft
16818,879,265,MoveRight,1899,265,None
16818,879,265,None,1892,265,MoveLeft
16819,886,265,MoveRight,1892,265,None
16819,886,265,None,1885,265,MoveLeft
16820,893,265,MoveRight,1885,265,None
16820,893,265,None,1878,265,MoveLeft
16821,900,265,MoveRight,1878,265,None
16821,900,265,None,1871,265,MoveLeft
16822,907,265,MoveRight,1871,265,None
16822,907,265,None,1864,265,MoveLeft
16823,914,265,MoveRight,1864,265,None
16823,914,265,None,1857,265,MoveLeft
16824,921,265,MoveRight,1857,265,None
16824,921,265,None,1850,265,MoveLeft
16825,928,265,MoveRight,1850,265,None
16825,928,265,None,1843,265,MoveLeft
16826,935,265,MoveRight,1843,265,None
16826,935,265,None,1836,265,MoveLeft
16827,942,265,MoveRight,1836,265,None
16827,942,265,None,1829,265,MoveLeft
16828,949,265,MoveRight,1829,265,None
16828,949,265,None,1822,265,MoveLeft
16829,956,265,MoveRight,1822,265,None
16829,956,265,None,1815,265,MoveLeft
16830,963,265,MoveRight,1815,265,None
16830,963,265,None,1808,265,MoveLeft
16831,970,265,MoveRight,1808,265,None
16831,970,265,None,1801,265,MoveLeft
16832,977,265,MoveRight,1801,265,None
16832,977,265,None,1794,265,MoveLeft
16833,984,265,MoveRight,1794,265,None
16833,984,265,None,1787,265,MoveLeft
16834,991,265,MoveRight,1787,265,None
16834,991,265,None,1780,265,MoveLeft
16835,998,265,MoveRight,1780,265,None
16835,998,265,None,1773,265,MoveLeft
16836,1005,265,MoveRight,1773,265,None
16836,1005,265,None,1766,265,MoveLeft
16837,1012,265,MoveRight,1766,265,None
16837,1012,265,None,1759,265,MoveLeft
16838,1019,265,MoveRight,1759,265,None
16838,1019,265,None,1752,265,MoveLeft
16839,1026,265,MoveRight,1752,265,None
16839,1026,265,None,1745,265,MoveLeft
16840,1033,265,MoveRight,1745,265,None
16840,1033,265,None,1738,265,MoveLeft
16841,1040,265,MoveRight,1738,265,None
16841,1040,265,None,1731,265,MoveLeft
16842,1047,265,MoveRight,1731,265,None
16843,1054,265,MoveRight,1731,265,None
16844,1061,265,MoveRight,1731,265,None
16845,1068,265,MoveRight,1731,265,None
16846,1075,265,MoveRight,1731,265,None
16847,1082,265,MoveRight,1731,265,None
16848,1089,265,MoveRight,1731,265,None
16849,1096,265,MoveRight,1731,265,None
16850,1103,265,MoveRight,1731,265,None
16851,1110,265,MoveRight,1731,265,None
16852,1117,265,MoveRight,1731,265,None
16853,1124,265,MoveRight,1731,265,None
16854,1131,265,MoveRight,1731,265,None
16855,1138,265,MoveRight,1731,265,None
16856,1145,265,MoveRight,1731,265,None
16857,1152,265,MoveRight,1731,265,None
16858,1159,265,MoveRight,1731,265,None
16859,1166,265,MoveRight,1731,265,None
16860,1173,265,MoveRight,1731,265,None
16861,1180,265,MoveRight,1731,265,None
16862,1187,265,MoveRight,1731,265,None
16863,1194,265,MoveRight,1731,265,None
16864,1201,265,MoveRight,1731,265,None
16865,1208,265,MoveRight,1731,265,None
16866,1215,265,MoveRight,1731,265,None
16867,1222,265,MoveRight,1731,265,None
16868,1229,265,MoveRight,1731,265,None
16869,1236,265,MoveRight,1731,265,None
16870,1239.5,284.62,MoveRight,1731,265,None
16871,1243,304.24,MoveRight,1731,265,None
16872,1246.5,314.05,MoveRight,1731,265,None
16873,1250,323.86,MoveRight,1731,265,None
16874,1253.5,333.67,MoveRight,1731,265,None
16875,1257,343.48,MoveRight,1731,265,None
16876,1260.5,353.29,MoveRight,1731,265,None
16877,1264,363.1,MoveRight,1731,265,None
16878,1267.5,372.91,MoveRight,1731,265,None
16879,1271,382.72,MoveRight,1731,265,None
16880,1274.5,392.53,MoveRight,1731,265,None
16881,1278,402.34,MoveRight,1731,265,None
16882,1281.5,412.15,MoveRight,1731,265,None
16883,1285,421.96,MoveRight,1731,265,None
16884,1288.5,431.77,MoveRight,1731,265,None
16885,1292,441.58,MoveRight,1731,265,None
16885,1292,441.58,None,1724,265,MoveLeft
16886,1295.5,451.39,MoveRight,1724,265,None
16887,1299,461.2,MoveRight,1724,265,None
16888,1302.5,471.01,MoveRight,1724,265,None
16889,1306,480.82,MoveRight,1724,265,None
16890,1309.5,490.63,MoveRight,1724,265,None
16891,1313,500.44,MoveRight,1724,265,None
16892,1316.5,510.25,MoveRight,1724,265,None
16893,1320,520.06,MoveRight,1724,265,None
16894,1323.5,529.87,MoveRight,1724,265,None
16921,1322.5,363.1,MoveLeft,1724,265,None
16922,1319,353.29,MoveLeft,1724,265,None
16923,1315.5,343.48,MoveLeft,1724,265,None
16924,1312,333.67,MoveLeft,1724,265,None
16925,1308.5,323.86,MoveLeft,1724,265,None
16926,1305,314.05,MoveLeft,1724,265,None
16927,1301.5,304.24,MoveLeft,1724,265,None
16928,1298,294.43,MoveLeft,1724,265,None
16929,1294.5,284.62,MoveLeft,1724,265,None
16930,1291,274.81,MoveLeft,1724,265,None
16931,1284,265,MoveLeft,1724,265,None
16932,1277,265,MoveLeft,1724,265,None
16933,1270,265,MoveLeft,1724,265,None
16934,1263,265,MoveLeft,1724,265,None
16935,1256,265,MoveLeft,1724,265,None
16936,1249,265,MoveLeft,1724,265,None
16937,1242,265,MoveLeft,1724,265,None
16938,1235,265,MoveLeft,1724,265,None
16939,1228,265,MoveLeft,1724,265,None
16940,1221,265,MoveLeft,1724,265,None
16941,1214,265,MoveLeft,1724,265,None
16942,1207,265,MoveLeft,1724,265,None
16943,1200,265,MoveLeft,1724,265,None
16944,1193,265,MoveLeft,1724,265,None
16945,1186,265,MoveLeft,1724,265,None
16946,1179,265,MoveLeft,1724,265,None
16947,1172,265,MoveLeft,1724,265,None
16948,1165,265,MoveLeft,1724,265,None
16949,1158,265,MoveLeft,1724,265,None
16950,1151,265,MoveLeft,1724,265,None
16951,1144,265,MoveLeft,1724,265,None
16952,1137,265,MoveLeft,1724,265,None
16953,1130,265,MoveLeft,1724,265,None
16954,1123,265,MoveLeft,1724,265,None
16955,1116,265,MoveLeft,1724,265,None
16956,1109,265,MoveLeft,1724,265,None
16957,1102,265,MoveLeft,1724,265,None
16958,1095,265,MoveLeft,1724,265,None
16959,963,265,MoveLeft,2410,265,None
16960,956,265,MoveLeft,2410,265,None
16961,956,265,Set,2410,265,None
16961,949,265,MoveLeft,2410,265,None
16962,942,265,MoveLeft,2410,265,None
16963,935,265,MoveLeft,2410,265,None
16964,928,265,MoveLeft,2410,265,None
16965,921,265,MoveLeft,2410,265,None
16966,914,265,MoveLeft,2410,265,None
16967,907,265,MoveLeft,2410,265,None
16968,900,265,MoveLeft,2410,265,None
16969,893,265,MoveLeft,2410,265,None
16970,886,265,MoveLeft,2410,265,None
16971,879,265,MoveLeft,2410,265,None
16983,886,265,MoveRight,2410,265,None
16984,893,265,MoveRight,2410,265,None
16985,900,265,MoveRight,2410,265,None
16986,907,265,MoveRight,2410,265,None
16987,914,265,MoveRight,2410,265,None
16988,921,265,MoveRight,2410,265,None
16989,928,265,MoveRight,2410,265,None
16990,935,265,MoveRight,2410,265,None
16991,942,265,MoveRight,2410,265,None
16992,949,265,MoveRight,2410,265,None
16993,956,265,MoveRight,2410,265,None
16994,963,265,MoveRight,2410,265,None
17009,963,265,None,2410,265,Serve
17009,963,265,None,2410,265,None
17029,963,265,None,2403,265,MoveLeft
17030,963,265,None,2396,265,MoveLeft
17031,963,265,None,2389,265,MoveLeft
17032,963,265,None,2382,265,MoveLeft
17033,963,265,None,2375,265,MoveLeft
17034,963,265,None,2368,265,MoveLeft
17035,963,265,None,2361,265,MoveLeft
17036,963,265,None,2354,265,MoveLeft
17037,963,265,None,2347,265,MoveLeft
17038,963,265,None,2340,265,MoveLeft
17039,963,265,None,2333,265,MoveLeft
17040,963,265,None,2326,265,MoveLeft
17041,963,265,None,2319,265,MoveLeft
17042,963,265,None,2312,265,MoveLeft
17043,963,265,None,2305,265,MoveLeft
17044,963,265,None,2298,265,MoveLeft
17045,963,265,None,2291,265,MoveLeft
17046,963,265,None,2284,265,MoveLeft
17047,963,265,None,2277,265,MoveLeft
17048,963,265,None,2270,265,MoveLeft
17049,963,265,None,2263,265,MoveLeft
17050,963,265,None,2256,265,MoveLeft
17051,963,265,None,2249,265,MoveLeft
17052,963,265,None,2242,265,MoveLeft
17053,963,265,None,2235,265,MoveLeft
17054,963,265,None,2228,265,MoveLeft
17055,963,265,None,2221,265,MoveLeft
17056,963,265,None,2214,265,MoveLeft
17057,963,265,None,2207,265,MoveLeft
17058,963,265,None,2200,265,MoveLeft
17059,963,265,None,2193,265,MoveLeft
17060,963,265,None,2186,265,MoveLeft
17061,963,265,None,2179,265,MoveLeft
17062,963,265,None,2172,265,MoveLeft
17063,963,265,None,2165,265,MoveLeft
17064,963,265,None,2158,265,MoveLeft
17065,963,265,None,2151,265,MoveLeft
17066,963,265,None,2144,265,MoveLeft
17067,963,265,None,2137,265,MoveLeft
17068,963,265,None,2130,265,MoveLeft
17069,963,265,None,2123,265,MoveLeft
17070,956,265,MoveLeft,2123,265,None
17070,956,265,None,2116,265,MoveLeft
17071,949,265,MoveLeft,2116,265,None
17071,949,265,None,2109,265,MoveLeft
17072,942,265,MoveLeft,2109,265,None
17072,942,265,None,2102,265,MoveLeft
17073,935,265,MoveLeft,2102,265,None
17073,935,265,None,2095,265,MoveLeft
17074,928,265,MoveLeft,2095,265,None
17074,928,265,None,2088,265,MoveLeft
17075,921,265,MoveLeft,2088,265,None
17075,921,265,None,2081,265,MoveLeft
17076,914,265,MoveLeft,2081,265,None
17076,914,265,None,2074,265,MoveLeft
17077,907,265,MoveLeft,2074,265,None
17077,907,265,None,2067,265,MoveLeft
17078,900,265,MoveLeft,2067,265,None
17078,900,265,None,2060,265,MoveLeft
17079,900,265,None,2053,265,MoveLeft
17080,900,265,None,2046,265,MoveLeft
17081,900,265,None,2039,265,MoveLeft
17082,900,265,None,2032,265,MoveLeft
17083,900,265,None,2025,265,MoveLeft
17084,900,265,Bump,2025,265,None
17084,893,265,MoveLeft,2025,265,None
17084,893,265,None,2018,265,MoveLeft
17085,893,265,None,2011,265,MoveLeft
17086,893,265,None,2004,265,MoveLeft
17087,893,265,None,1997,265,MoveLeft
17088,893,265,None,1990,265,MoveLeft
17089,893,265,None,1983,265,MoveLeft
17090,893,265,None,1976,265,MoveLeft
17091,893,265,None,1969,265,MoveLeft
17092,893,265,None,1962,265,MoveLeft
17093,893,265,None,1955,265,MoveLeft
17094,893,265,None,1948,265,MoveLeft
17095,893,265,None,1941,265,MoveLeft
17096,893,265,None,1934,265,MoveLeft
17097,893,265,None,1927,265,MoveLeft
17098,893,265,None,1920,265,MoveLeft
17099,893,265,None,1913,265,MoveLeft
17100,893,265,None,1906,265,MoveLeft
17101,893,265,None,1899,265,MoveLeft
17102,893,265,None,1892,265,MoveLeft
17103,893,265,None,1885,265,MoveLeft
17104,900,265,MoveRight,1885,265,None
17104,900,265,None,1878,265,MoveLeft
17105,907,265,MoveRight,1878,265,None
17105,907,265,None,1871,265,MoveLeft
17106,914,265,MoveRight,1871,265,None
17106,914,265,None,1864,265,MoveLeft
17107,921,265,MoveRight,1864,265,None
17107,921,265,None,1857,265,MoveLeft
17108,928,265,MoveRight,1857,265,None
17108,928,265,None,1850,265,MoveLeft
17109,935,265,MoveRight,1850,265,None
17109,935,265,None,1843,265,MoveLeft
17110,942,265,MoveRight,1843,265,None
17110,942,265,None,1836,265,MoveLeft
17111,949,265,MoveRight,1836,265,None
17111,949,265,None,1829,265,MoveLeft
17112,956,265,MoveRight,1829,265,None
17112,956,265,None,1822,265,MoveLeft
17113,963,265,MoveRight,1822,265,None
17113,963,265,None,1815,265,MoveLeft
17114,970,265,MoveRight,1815,265,None
17114,970,265,None,1808,265,MoveLeft
17115,977,265,MoveRight,1808,265,None
17115,977,265,None,1801,265,MoveLeft
17116,984,265,MoveRight,1801,265,None
17116,984,265,None,1794,265,MoveLeft
17117,991,265,MoveRight,1794,265,None
17117,991,265,None,1787,265,MoveLeft
17118,998,265,MoveRight,1787,265,None
17118,998,265,None,1780,265,MoveLeft
17119,1005,265,MoveRight,1780,265,None
17119,1005,265,None,1773,265,MoveLeft
17120,1012,265,MoveRight,1773,265,None
17120,1012,265,None,1766,265,MoveLeft
17121,1019,265,MoveRight,1766,265,None
17121,1019,265,None,1759,265,MoveLeft
17122,1026,265,MoveRight,1759,265,None
17122,1026,265,None,1752,265,MoveLeft
17123,1033,265,MoveRight,1752,265,None
17123,1033,265,None,1745,265,MoveLeft
17124,1040,265,MoveRight,1745,265,None
17124,1040,265,None,1738,265,MoveLeft
17125,1047,265,MoveRight,1738,265,None
17125,1047,265,None,1731,265,MoveLeft
17126,1054,265,MoveRight,1731,265,None
17127,1061,265,MoveRight,1731,265,None
17128,1068,265,MoveRight,1731,265,None
17129,1075,265,MoveRight,1731,265,None
17130,1082,265,MoveRight,1731,265,None
17131,1089,265,MoveRight,1731,265,None
17132,1096,265,MoveRight,1731,265,None
17133,1103,265,MoveRight,1731,265,None
17134,1110,265,MoveRight,1731,265,None
17135,1117,265,MoveRight,1731,265,None
17136,1124,265,MoveRight,1731,265,None
17137,1131,265,MoveRight,1731,265,None
17138,1138,265,MoveRight,1731,265,None
17139,1145,265,MoveRight,1731,265,None
17140,1152,265,MoveRight,1731,265,None
17141,1159,265,MoveRight,1731,265,None
17142,1166,265,MoveRight,1731,265,None
17143,1173,265,MoveRight,1731,265,None
17144,1180,265,MoveRight,1731,265,None
17145,1187,265,MoveRight,1731,265,None
17146,1194,265,MoveRight,1731,265,None
17147,1201,265,MoveRight,1731,265,None
17148,1208,265,MoveRight,1731,265,None
17149,1215,265,MoveRight,1731,265,None
17150,1222,265,MoveRight,1731,265,None
17151,1229,265,MoveRight,1731,265,None
17152,1236,265,MoveRight,1731,265,None
17153,1243,265,MoveRight,1731,265,None
17154,1250,265,MoveRight,1731,265,None
17155,1257,265,MoveRight,1731,265,None
17156,1264,265,MoveRight,1731,265,None
17157,1271,265,MoveRight,1731,265,None
17174,1271,265,None,1731,265,None
17184,1271,265,Set,1731,265,None
17184,1271,265,None,1731,265,None
17197,1264,265,MoveLeft,1731,265,None
17198,1257,265,MoveLeft,1731,265,None
17199,1250,265,MoveLeft,1731,265,None
17200,1243,265,MoveLeft,1731,265,None
17201,1236,265,MoveLeft,1731,265,None
17202,1229,265,MoveLeft,1731,265,None
17203,1222,265,MoveLeft,1731,265,None
17204,1215,265,MoveLeft,1731,265,None
17205,1208,265,MoveLeft,1731,265,None
17206,1201,265,MoveLeft,1731,265,None
17221,1208,265,MoveRight,1731,265,None
17222,1215,265,MoveRight,1731,265,None
17223,1222,265,MoveRight,1731,265,None
17224,1229,265,MoveRight,1731,265,None
17225,1236,265,MoveRight,1731,265,None
17226,1243,265,MoveRight,1731,265,None
17227,1250,265,MoveRight,1731,265,None
17228,1257,265,MoveRight,1731,265,None
17229,1264,265,MoveRight,1731,265,None
17230,1271,265,MoveRight,1731,265,None
17231,1278,265,MoveRight,1731,265,None
17232,1285,265,MoveRight,1731,265,None
17233,1292,265,MoveRight,1731,265,None
17234,1299,265,MoveRight,1731,265,None
17235,1306,265,MoveRight,1731,265,None
17236,1313,265,MoveRight,1731,265,None
17237,1320,265,MoveRight,1731,265,None
17287,1326,569.11,None,1731,265,None
17298,1326,480.82,Spike,1731,265,None
17298,1326,480.82,None,1731,265,None
17299,1326,471.01,None,1724,265,MoveLeft
17300,1326,461.2,None,1717,265,MoveLeft
17301,1326,451.39,None,1710,265,MoveLeft
17302,1326,441.58,None,1703,265,MoveLeft
17303,1326,431.77,None,1696,265,MoveLeft
17304,1326,421.96,None,1689,265,MoveLeft
17305,1326,412.15,None,1682,265,MoveLeft
17434,337,265,MoveRight,1670,265,None
17435,344,265,MoveRight,1670,265,None
17436,351,265,MoveRight,1670,265,None
17437,358,265,MoveRight,1670,265,None
17438,365,265,MoveRight,1670,265,None
17439,372,265,MoveRight,1670,265,None
17440,379,265,MoveRight,1670,265,None
17441,386,265,MoveRight,1670,265,None
17442,393,265,MoveRight,1670,265,None
17443,400,265,MoveRight,1670,265,None
17444,407,265,MoveRight,1670,265,None
17445,414,265,MoveRight,1670,265,None
17446,421,265,MoveRight,1670,265,None
17447,428,265,MoveRight,1670,265,None
17448,435,265,MoveRight,1670,265,None
17449,442,265,MoveRight,1670,265,None
17450,449,265,MoveRight,1670,265,None
17462,442,265,MoveLeft,1670,265,None
17463,435,265,MoveLeft,1670,265,None
17464,428,265,MoveLeft,1670,265,None
17465,421,265,MoveLeft,1670,265,None
17466,414,265,MoveLeft,1670,265,None
17467,407,265,MoveLeft,1670,265,None
17468,400,265,MoveLeft,1670,265,None
17469,393,265,MoveLeft,1670,265,None
17470,386,265,MoveLeft,1670,265,None
17471,379,265,MoveLeft,1670,265,None
17472,372,265,MoveLeft,1670,265,None
17473,365,265,MoveLeft,1670,265,None
17474,358,265,MoveLeft,1670,265,None
17475,351,265,MoveLeft,1670,265,None
17476,344,265,MoveLeft,1670,265,None
17477,337,265,MoveLeft,1670,265,None
17478,330,265,MoveLeft,1670,265,None
17479,323,265,MoveLeft,1670,265,None
17480,316,265,MoveLeft,1670,265,None
17481,309,265,MoveLeft,1670,265,None
17482,302,265,MoveLeft,1670,265,None
17483,295,265,MoveLeft,1670,265,None
17484,288,265,MoveLeft,1670,265,None
17485,281,265,MoveLeft,1670,265,None
17486,274,265,MoveLeft,1670,265,None
17487,267,265,MoveLeft,1670,265,None
17488,260,265,MoveLeft,1670,265,None
17489,253,265,MoveLeft,1670,265,None
17490,246,265,MoveLeft,1670,265,None
17491,239,265,MoveLeft,1670,265,None
17492,232,265,MoveLeft,1670,265,None
17493,225,265,MoveLeft,1670,265,None
17494,218,265,MoveLeft,1670,265,None
17495,211,265,MoveLeft,1670,265,None
17496,204,265,MoveLeft,1670,265,None
17497,197,265,MoveLeft,1670,265,None
17498,190,265,MoveLeft,1670,265,None
17499,183,265,MoveLeft,1670,265,None
17500,176,265,MoveLeft,1670,265,None
17501,169,265,MoveLeft,1670,265,None
17502,162,265,MoveLeft,1670,265,None
17503,155,265,MoveLeft,1670,265,None
17504,148,265,MoveLeft,1670,265,None
17505,141,265,MoveLeft,1670,265,None
17506,134,265,MoveLeft,1670,265,None
17507,127,265,MoveLeft,1670,265,None
17508,120,265,MoveLeft,1670,265,None
17509,113,265,MoveLeft,1670,265,None
17510,106,265,MoveLeft,1670,265,None
17511,99,265,MoveLeft,1670,265,None
17512,92,265,MoveLeft,1670,265,None
17513,85,265,MoveLeft,1670,265,None
17514,78,265,MoveLeft,1670,265,None
17515,71,265,MoveLeft,1670,265,None
17516,64,265,MoveLeft,1670,265,None
17517,57,265,MoveLeft,1670,265,None
17518,50,265,MoveLeft,1670,265,None
17519,43,265,MoveLeft,1670,265,None
17520,36,265,MoveLeft,1670,265,None
17521,29,265,MoveLeft,1670,265,None
17522,22,265,MoveLeft,1670,265,None
17523,15,265,MoveLeft,1670,265,None
17538,10,265,Serve,1670,265,None
17538,10,265,None,1670,265,None
17539,10,265,None,1663,265,MoveLeft
17540,10,265,None,1656,265,MoveLeft
17541,10,265,None,1649,265,MoveLeft
17542,10,265,None,1642,265,MoveLeft
17543,10,265,None,1635,265,MoveLeft
17544,10,265,None,1628,265,MoveLeft
17545,10,265,None,1621,265,MoveLeft
17546,10,265,None,1614,265,MoveLeft
17547,10,265,None,1607,265,MoveLeft
17548,10,265,None,1600,265,MoveLeft
17549,10,265,None,1593,265,MoveLeft
17550,10,265,None,1586,265,MoveLeft
17551,10,265,None,1579,265,MoveLeft
17552,10,265,None,1572,265,MoveLeft
17553,10,265,None,1565,265,MoveLeft
17557,17,265,MoveRight,1565,265,None
17558,24,265,MoveRight,1565,265,None
17559,31,265,MoveRight,1565,265,None
17560,38,265,MoveRight,1565,265,None
17561,45,265,MoveRight,1565,265,None
17562,52,265,MoveRight,1565,265,None
17563,59,265,MoveRight,1565,265,None
17564,66,265,MoveRight,1565,265,None
17565,73,265,MoveRight,1565,265,None
17566,80,265,MoveRight,1565,265,None
17567,87,265,MoveRight,1565,265,None
17568,94,265,MoveRight,1565,265,None
17569,101,265,MoveRight,1565,265,None
17570,108,265,MoveRight,1565,265,None
17571,115,265,MoveRight,1565,265,None
17572,122,265,MoveRight,1565,265,None
17573,129,265,MoveRight,1565,265,None
17574,136,265,MoveRight,1565,265,None
17575,143,265,MoveRight,1565,265,None
17576,150,265,MoveRight,1565,265,None
17577,157,265,MoveRight,1565,265,None
17578,164,265,MoveRight,1565,265,None
17579,171,265,MoveRight,1565,265,None
17580,178,265,MoveRight,1565,265,None
17581,185,265,MoveRight,1565,265,None
17582,192,265,MoveRight,1565,265,None
17583,199,265,MoveRight,1565,265,None
17584,206,265,MoveRight,1565,265,None
17585,213,265,MoveRight,1565,265,None
17586,220,265,MoveRight,1565,265,None
17587,227,265,MoveRight,1565,265,None
17588,234,265,MoveRight,1565,265,None
17589,241,265,MoveRight,1565,265,None
17590,248,265,MoveRight,1565,265,None
17591,255,265,MoveRight,1565,265,None
17592,262,265,MoveRight,1565,265,None
17593,269,265,MoveRight,1565,265,None
17594,276,265,MoveRight,1565,265,None
17595,283,265,MoveRight,1565,265,None
17596,290,265,MoveRight,1565,265,None
17597,297,265,MoveRight,1565,265,None
17598,304,265,MoveRight,1565,265,None
17599,311,265,MoveRight,1565,265,None
17600,318,265,MoveRight,1565,265,None
17601,325,265,MoveRight,1565,265,None
17602,332,265,MoveRight,1565,265,None
17603,339,265,MoveRight,1565,265,None
17604,346,265,MoveRight,1565,265,None
17605,353,265,MoveRight,1565,265,None
17606,360,265,MoveRight,1565,265,None
17607,367,265,MoveRight,1565,265,None
17608,374,265,MoveRight,1565,265,None
17609,381,265,MoveRight,1565,265,None
17610,388,265,MoveRight,1565,265,None
17611,395,265,MoveRight,1565,265,None
17612,395,265,None,1565,265,SpikeMedium
17612,402,265,MoveRight,1565,265,None
17612,402,265,None,1565,265,None
17613,409,265,MoveRight,1565,265,None
17614,416,265,MoveRight,1565,265,None
17615,423,265,MoveRight,1565,265,None
17616,430,265,MoveRight,1565,265,None
17617,437,265,MoveRight,1565,265,None
17618,444,265,MoveRight,1565,265,None
17619,451,265,MoveRight,1565,265,None
17620,458,265,MoveRight,1565,265,None
17621,465,265,MoveRight,1565,265,None
17622,472,265,MoveRight,1565,265,None
17622,472,265,None,1572,265,MoveRight
17623,479,265,MoveRight,1572,265,None
17623,479,265,None,1579,265,MoveRight
17624,486,265,MoveRight,1579,265,None
17624,486,265,None,1586,265,MoveRight
17625,493,265,MoveRight,1586,265,None
17625,493,265,None,1593,265,MoveRight
17626,500,265,MoveRight,1593,265,None
17626,500,265,None,1600,265,MoveRight
17627,507,265,MoveRight,1600,265,None
17627,507,265,None,1607,265,MoveRight
17628,514,265,MoveRight,1607,265,None
17628,514,265,None,1614,265,MoveRight
17629,521,265,MoveRight,1614,265,None
17629,521,265,None,1621,265,MoveRight
17630,528,265,MoveRight,1621,265,None
17630,528,265,None,1628,265,MoveRight
17631,535,265,MoveRight,1628,265,None
17631,535,265,None,1635,265,MoveRight
17632,542,265,MoveRight,1635,265,None
17632,542,265,None,1642,265,MoveRight
17633,549,265,MoveRight,1642,265,None
17633,549,265,None,1649,265,MoveRight
17634,556,265,MoveRight,1649,265,None
17634,556,265,None,1656,265,MoveRight
17635,563,265,MoveRight,1656,265,None
17635,563,265,None,1663,265,MoveRight
17636,570,265,MoveRight,1663,265,None
17636,570,265,None,1670,265,MoveRight
17637,577,265,MoveRight,1670,265,None
17637,577,265,None,1677,265,MoveRight
17638,584,265,MoveRight,1677,265,None
17638,584,265,None,1684,265,MoveRight
17639,591,265,MoveRight,1684,265,None
17639,591,265,None,1691,265,MoveRight
17640,598,265,MoveRight,1691,265,None
17640,598,265,None,1698,265,MoveRight
17641,605,265,MoveRight,1698,265,None
17641,605,265,None,1705,265,MoveRight
17642,612,265,MoveRight,1705,265,None
17642,612,265,None,1712,265,MoveRight
17643,619,265,MoveRight,1712,265,None
17643,619,265,None,1719,265,MoveRight
17644,626,265,MoveRight,1719,265,None
17644,626,265,None,1726,265,MoveRight
17645,626,265,None,1726,265,None
17646,626,265,None,1726,265,None
17647,626,265,None,1726,265,None
17648,626,265,None,1726,265,None
17649,626,265,None,1726,265,None
17650,626,265,None,1726,265,None
17651,626,265,None,1726,265,None
17652,626,265,None,1726,265,None
17653,626,265,None,1726,265,None
17654,626,265,None,1726,265,None
17655,626,265,None,1726,265,None
17656,626,265,None,1726,265,None
17657,626,265,None,1726,265,None
17658,626,265,None,1726,265,None
17659,626,265,None,1726,265,None
17660,626,265,None,1726,265,None
17661,626,265,None,1726,265,None
17662,626,265,None,1726,265,None
17663,626,265,None,1726,265,None
17664,626,265,None,1726,265,None
17665,626,265,None,1726,265,None
17666,626,265,None,1726,265,None
17667,626,265,None,1726,265,None
17668,626,265,None,1726,265,None
17669,626,265,None,1726,265,None
17670,626,265,None,1726,265,None
17671,626,265,None,1726,265,None
17672,626,265,None,1726,265,None
17673,626,265,None,1726,265,None
17674,626,265,None,1726,265,None
17675,626,265,None,1726,265,None
17676,626,265,None,1726,265,None
17677,626,265,Bump,1726,265,None
17677,633,265,MoveRight,1726,265,None
17677,633,265,None,1726,265,None
17702,640,265,MoveRight,1726,265,None
17703,647,265,MoveRight,1726,265,None
17704,654,265,MoveRight,1726,265,None
17705,661,265,MoveRight,1726,265,None
17706,668,265,MoveRight,1726,265,None
17707,675,265,MoveRight,1726,265,None
17708,682,265,MoveRight,1726,265,None
17709,689,265,MoveRight,1726,265,None
17710,696,265,MoveRight,1726,265,None
17711,703,265,MoveRight,1726,265,None
17712,710,265,MoveRight,1726,265,None
17713,717,265,MoveRight,1726,265,None
17714,724,265,MoveRight,1726,265,None
17715,731,265,MoveRight,1726,265,None
17716,738,265,MoveRight,1726,265,None
17717,745,265,MoveRight,1726,265,None
17718,752,265,MoveRight,1726,265,None
17719,759,265,MoveRight,1726,265,None
17720,766,265,MoveRight,1726,265,None
17721,773,265,MoveRight,1726,265,None
17722,780,265,MoveRight,1726,265,None
17723,787,265,MoveRight,1726,265,None
17724,794,265,MoveRight,1726,265,None
17725,801,265,MoveRight,1726,265,None
17726,808,265,MoveRight,1726,265,None
17727,815,265,MoveRight,1726,265,None
17728,822,265,MoveRight,1726,265,None
17729,829,265,MoveRight,1726,265,None
17730,836,265,MoveRight,1726,265,None
17731,843,265,MoveRight,1726,265,None
17732,850,265,MoveRight,1726,265,None
17733,857,265,MoveRight,1726,265,None
17734,864,265,MoveRight,1726,265,None
17735,871,265,MoveRight,1726,265,None
17736,878,265,MoveRight,1726,265,None
17737,885,265,MoveRight,1726,265,None
17738,892,265,MoveRight,1726,265,None
17739,899,265,MoveRight,1726,265,None
17740,906,265,MoveRight,1726,265,None
17741,913,265,MoveRight,1726,265,None
17742,920,265,MoveRight,1726,265,None
17743,927,265,MoveRight,1726,265,None
17744,934,265,MoveRight,1726,265,None
17745,941,265,MoveRight,1726,265,None
17746,948,265,MoveRight,1726,265,None
17747,955,265,MoveRight,1726,265,None
17748,962,265,MoveRight,1726,265,None
17749,969,265,MoveRight,1726,265,None
17750,976,265,MoveRight,1726,265,None
17751,983,265,MoveRight,1726,265,None
17752,990,265,MoveRight,1726,265,None
17753,997,265,MoveRight,1726,265,None
17754,1004,265,MoveRight,1726,265,None
17755,1011,265,MoveRight,1726,265,None
17756,1018,265,MoveRight,1726,265,None
17757,1025,265,MoveRight,1726,265,None
17758,1032,265,MoveRight,1726,265,None
17759,1039,265,MoveRight,1726,265,None
17760,1046,265,MoveRight,1726,265,None
17761,1053,265,MoveRight,1726,265,None
17762,1060,265,MoveRight,1726,265,None
17763,1067,265,MoveRight,1726,265,None
17764,1074,265,MoveRight,1726,265,None
17765,1081,265,MoveRight,1726,265,None
17766,1088,265,MoveRight,1726,265,None
17767,1095,265,MoveRight,1726,265,None
17768,1095,265,Set,1726,265,None
17768,1102,265,MoveRight,1726,265,None
17782,1102,265,None,1726,265,None
17835,1102,284.62,None,1726,265,None
17864,1102,578.92,None,1726,265,None
17868,1105.5,539.68,MoveRight,1726,265,None
17869,1109,529.87,MoveRight,1726,265,None
17870,1112.5,520.06,MoveRight,1726,265,None
17871,1116,510.25,MoveRight,1726,265,None
17872,1119.5,500.44,MoveRight,1726,265,None
17873,1123,490.63,MoveRight,1726,265,None
17874,1126.5,480.82,MoveRight,1726,265,None
17875,1130,471.01,MoveRight,1726,265,None
17876,1133.5,461.2,MoveRight,1726,265,None
17877,1137,451.39,MoveRight,1726,265,None
17878,1140.5,441.58,MoveRight,1726,265,None
17879,1144,431.77,MoveRight,1726,265,None
17880,1147.5,421.96,MoveRight,1726,265,None
17881,1151,412.15,MoveRight,1726,265,None
17882,1154.5,402.34,MoveRight,1726,265,None
17883,1158,392.53,MoveRight,1726,265,None
17884,1161.5,382.72,MoveRight,1726,265,None
17885,1165,372.91,MoveRight,1726,265,None
17886,1165,363.1,Spike,1726,265,None
17886,1168.5,363.1,MoveRight,1726,265,None
17899,1157,265,MoveRight,2410,265,None
17900,1164,265,MoveRight,2410,265,None
17901,1171,265,MoveRight,2410,265,None
17902,1178,265,MoveRight,2410,265,None
17903,1185,265,MoveRight,2410,265,None
17904,1192,265,MoveRight,2410,265,None
17905,1199,265,MoveRight,2410,265,None
17906,1206,265,MoveRight,2410,265,None
17907,1213,265,MoveRight,2410,265,None
17908,1220,265,MoveRight,2410,265,None
17909,1227,265,MoveRight,2410,265,None
17942,1227,265,None,2410,265,Serve
17942,1227,265,None,2410,265,None
17962,1227,265,None,2403,265,MoveLeft
17963,1227,265,None,2396,265,MoveLeft
17964,1227,265,None,2389,265,MoveLeft
17965,1227,265,None,2382,265,MoveLeft
17966,1227,265,None,2375,265,MoveLeft
17967,1227,265,None,2368,265,MoveLeft
17968,1227,265,None,2361,265,MoveLeft
17969,1227,265,None,2354,265,MoveLeft
17970,1227,265,None,2347,265,MoveLeft
17971,1227,265,None,2340,265,MoveLeft
17972,1227,265,None,2333,265,MoveLeft
17973,1227,265,None,2326,265,MoveLeft
17974,1227,265,None,2319,265,MoveLeft
17975,1227,265,None,2312,265,MoveLeft
17976,1227,265,None,2305,265,MoveLeft
17977,1227,265,None,2298,265,MoveLeft
17978,1227,265,None,2291,265,MoveLeft
17979,1227,265,None,2284,265,MoveLeft
17980,1227,265,None,2277,265,MoveLeft
17981,1227,265,None,2270,265,MoveLeft
17982,1227,265,None,2263,265,MoveLeft
17983,1227,265,None,2256,265,MoveLeft
17984,1227,265,None,2249,265,MoveLeft
17985,1227,265,None,2242,265,MoveLeft
17986,1227,265,None,2235,265,MoveLeft
17987,1227,265,None,2228,265,MoveLeft
17988,1227,265,None,2221,265,MoveLeft
17989,1220,265,MoveLeft,2221,265,None
17989,1220,265,None,2214,265,MoveLeft
17990,1213,265,MoveLeft,2214,265,None
17990,1213,265,None,2207,265,MoveLeft
17991,1206,265,MoveLeft,2207,265,None
17991,1206,265,None,2200,265,MoveLeft
17992,1199,265,MoveLeft,2200,265,None
17992,1199,265,None,2193,265,MoveLeft
17993,1192,265,MoveLeft,2193,265,None
17993,1192,265,None,2186,265,MoveLeft
17994,1185,265,MoveLeft,2186,265,None
17994,1185,265,None,2179,265,MoveLeft
17995,1178,265,MoveLeft,2179,265,None
17995,1178,265,None,2172,265,MoveLeft
17996,1171,265,MoveLeft,2172,265,None
17996,1171,265,None,2165,265,MoveLeft
17997,1164,265,MoveLeft,2165,265,None
17997,1164,265,None,2158,265,MoveLeft
17998,1157,265,MoveLeft,2158,265,None
17998,1157,265,None,2151,265,MoveLeft
17999,1150,265,MoveLeft,2151,265,None
17999,1150,265,None,2144,265,MoveLeft
18000,1143,265,MoveLeft,2144,265,None
18000,1143,265,None,2137,265,MoveLeft
18001,1136,265,MoveLeft,2137,265,None
18001,1136,265,None,2130,265,MoveLeft
18002,1129,265,MoveLeft,2130,265,None
18002,1129,265,None,2123,265,MoveLeft
18003,1122,265,MoveLeft,2123,265,None
18003,1122,265,None,2116,265,MoveLeft
18004,1115,265,MoveLeft,2116,265,None
18004,1115,265,None,2109,265,MoveLeft
18005,1108,265,MoveLeft,2109,265,None
18005,1108,265,None,2102,265,MoveLeft
18006,1101,265,MoveLeft,2102,265,None
18006,1101,265,None,2095,265,MoveLeft
18007,1094,265,MoveLeft,2095,265,None
18007,1094,265,None,2088,265,MoveLeft
18008,1087,265,MoveLeft,2088,265,None
18008,1087,265,None,2081,265,MoveLeft
18009,1080,265,MoveLeft,2081,265,None
18009,1080,265,None,2074,265,MoveLeft
18010,1073,265,MoveLeft,2074,265,None
18010,1073,265,None,2067,265,MoveLeft
18011,1066,265,MoveLeft,2067,265,None
18011,1066,265,None,2060,265,MoveLeft
18012,1059,265,MoveLeft,2060,265,None
18012,1059,265,None,2053,265,MoveLeft
18013,1059,265,Set,2053,265,None
18013,1052,265,MoveLeft,2053,265,None
18013,1052,265,None,2046,265,MoveLeft
18014,1052,265,None,2039,265,MoveLeft
18015,1052,265,None,2032,265,MoveLeft
18016,1052,265,None,2025,265,MoveLeft
18017,1052,265,None,2018,265,MoveLeft
18018,1052,265,None,2011,265,MoveLeft
18019,1052,265,None,2004,265,MoveLeft
18020,1052,265,None,1997,265,MoveLeft
18021,1052,265,None,1990,265,MoveLeft
18022,1052,265,None,1983,265,MoveLeft
18023,1052,265,None,1976,265,MoveLeft
18024,1052,265,None,1969,265,MoveLeft
18025,1052,265,None,1962,265,MoveLeft
18026,1052,265,None,1955,265,MoveLeft
18027,1052,265,None,1948,265,MoveLeft
18028,1052,265,None,1941,265,MoveLeft
18029,1052,265,None,1934,265,MoveLeft
18030,1052,265,None,1927,265,MoveLeft
18031,1052,265,None,1920,265,MoveLeft
18032,1052,265,None,1913,265,MoveLeft
18033,1052,265,None,1906,265,MoveLeft
18034,1052,265,None,1899,265,MoveLeft
18035,1052,265,None,1892,265,MoveLeft
18036,1052,265,None,1885,265,MoveLeft
18037,1052,265,None,1878,265,MoveLeft
18038,1052,265,None,1871,265,MoveLeft
18039,1052,265,None,1864,265,MoveLeft
18040,1052,265,None,1857,265,MoveLeft
18041,1052,265,None,1850,265,MoveLeft
18042,1052,265,None,1843,265,MoveLeft
18043,1052,265,None,1836,265,MoveLeft
18044,1052,265,None,1829,265,MoveLeft
18045,1052,265,None,1822,265,MoveLeft
18046,1052,265,None,1815,265,MoveLeft
18047,1052,265,None,1808,265,MoveLeft
18048,1052,265,None,1801,265,MoveLeft
18049,1052,265,None,1794,265,MoveLeft
18050,1052,265,None,1787,265,MoveLeft
18051,1052,265,None,1780,265,MoveLeft
18052,1052,265,None,1773,265,MoveLeft
18053,1052,265,None,1766,265,MoveLeft
18054,1052,265,None,1759,265,MoveLeft
18055,1052,265,None,1752,265,MoveLeft
18056,1052,265,None,1745,265,MoveLeft
18057,1052,265,None,1738,265,MoveLeft
18058,1052,265,None,1731,265,MoveLeft
18062,1045,265,MoveLeft,1731,265,None
18063,1038,265,MoveLeft,1731,265,None
18064,1031,265,MoveLeft,1731,265,None
18065,1024,265,MoveLeft,1731,265,None
18066,1017,265,MoveLeft,1731,265,None
18067,1010,265,MoveLeft,1731,265,None
18068,1003,265,MoveLeft,1731,265,None
18069,996,265,MoveLeft,1731,265,None
18070,989,265,MoveLeft,1731,265,None
18071,982,265,MoveLeft,1731,265,None
18072,975,265,MoveLeft,1731,265,None
18073,968,265,MoveLeft,1731,265,None
18074,961,265,MoveLeft,1731,265,None
18075,954,265,MoveLeft,1731,265,None
18076,947,265,MoveLeft,1731,265,None
18077,940,265,MoveLeft,1731,265,None
18078,933,265,MoveLeft,1731,265,None
18079,926,265,MoveLeft,1731,265,None
18080,919,265,MoveLeft,1731,265,None
18081,912,265,MoveLeft,1731,265,None
18082,905,265,MoveLeft,1731,265,None
18083,898,265,MoveLeft,1731,265,None
18105,905,265,MoveRight,1731,265,None
18106,912,265,MoveRight,1731,265,None
18107,919,265,MoveRight,1731,265,None
18108,926,265,MoveRight,1731,265,None
18109,933,265,MoveRight,1731,265,None
18110,940,265,MoveRight,1731,265,None
18111,947,265,MoveRight,1731,265,None
18112,954,265,MoveRight,1731,265,None
18113,961,265,MoveRight,1731,265,None
18114,968,265,MoveRight,1731,265,None
18115,975,265,MoveRight,1731,265,None
18116,982,265,MoveRight,1731,265,None
18134,982,265,None,1731,265,None
