Frame,PlayerPosX,PlayerPosY,PlayerEvent,BotPosX,BotPosY,BotEvent
2071,963,265,MoveLeft,1850,265,None
2072,956,265,MoveLeft,1850,265,None
2073,949,265,MoveLeft,1850,265,None
2074,942,265,MoveLeft,1850,265,None
2075,935,265,MoveLeft,1850,265,None
2076,928,265,MoveLeft,1850,265,None
2077,921,265,MoveLeft,1850,265,None
2078,914,265,MoveLeft,1850,265,None
2079,907,265,MoveLeft,1850,265,None
2084,914,265,MoveRight,1850,265,None
2085,921,265,MoveRight,1850,265,None
2086,928,265,MoveRight,1850,265,None
2087,935,265,MoveRight,1850,265,None
2088,942,265,MoveRight,1850,265,None
2089,949,265,MoveRight,1850,265,None
2090,956,265,MoveRight,1850,265,None
2091,963,265,MoveRight,1850,265,None
2092,970,265,MoveRight,1850,265,None
2093,977,265,MoveRight,1850,265,None
2094,970,265,MoveLeft,1850,265,None
2095,963,265,MoveLeft,1850,265,None
2096,956,265,MoveLeft,1850,265,None
2097,949,265,MoveLeft,1850,265,None
2098,942,265,MoveLeft,1850,265,None
2099,935,265,MoveLeft,1850,265,None
2100,928,265,MoveLeft,1850,265,None
2101,921,265,MoveLeft,1850,265,None
2102,914,265,MoveLeft,1850,265,None
2103,907,265,MoveLeft,1850,265,None
2106,914,265,MoveRight,1850,265,None
2107,921,265,MoveRight,1850,265,None
2108,928,265,MoveRight,1850,265,None
2109,935,265,MoveRight,1850,265,None
2110,942,265,MoveRight,1850,265,None
2111,949,265,MoveRight,1850,265,None
2112,956,265,MoveRight,1850,265,None
2113,949,265,MoveLeft,1850,265,None
2114,942,265,MoveLeft,1850,265,None
2115,935,265,MoveLeft,1850,265,None
2116,928,265,MoveLeft,1850,265,None
2117,921,265,MoveLeft,1850,265,None
2118,914,265,MoveLeft,1850,265,None
2119,907,265,MoveLeft,1850,265,None
2121,914,265,MoveRight,1850,265,None
2122,921,265,MoveRight,1850,265,None
2123,928,265,MoveRight,1850,265,None
2124,935,265,MoveRight,1850,265,None
2125,942,265,MoveRight,1850,265,None
2126,949,265,MoveRight,1850,265,None
2127,956,265,MoveRight,1850,265,None
2128,963,265,MoveRight,1850,265,None
2130,956,265,MoveLeft,1850,265,None
2131,949,265,MoveLeft,1850,265,None
2132,942,265,MoveLeft,1850,265,None
2133,935,265,MoveLeft,1850,265,None
2134,928,265,MoveLeft,1850,265,None
2135,921,265,MoveLeft,1850,265,None
2136,914,265,MoveLeft,1850,265,None
2139,921,265,MoveRight,1850,265,None
2140,928,265,MoveRight,1850,265,None
2141,935,265,MoveRight,1850,265,None
2142,942,265,MoveRight,1850,265,None
2143,949,265,MoveRight,1850,265,None
2144,956,265,MoveRight,1850,265,None
2146,949,265,MoveLeft,1850,265,None
2147,942,265,MoveLeft,1850,265,None
2148,935,265,MoveLeft,1850,265,None
2149,928,265,MoveLeft,1850,265,None
2150,921,265,MoveLeft,1850,265,None
2151,914,265,MoveLeft,1850,265,None
2152,907,265,MoveLeft,1850,265,None
2153,900,265,MoveLeft,1850,265,None
2154,893,265,MoveLeft,1850,265,None
2155,886,265,MoveLeft,1850,265,None
2156,879,265,MoveLeft,1850,265,None
2157,872,265,MoveLeft,1850,265,None
2158,865,265,MoveLeft,1850,265,None
2159,858,265,MoveLeft,1850,265,None
2160,851,265,MoveLeft,1850,265,None
2161,844,265,MoveLeft,1850,265,None
2162,837,265,MoveLeft,1850,265,None
2163,830,265,MoveLeft,1850,265,None
2164,823,265,MoveLeft,1850,265,None
2165,816,265,MoveLeft,1850,265,None
2166,809,265,MoveLeft,1850,265,None
2167,802,265,MoveLeft,1850,265,None
2168,795,265,MoveLeft,1850,265,None
2169,788,265,MoveLeft,1850,265,None
2170,781,265,MoveLeft,1850,265,None
2171,774,265,MoveLeft,1850,265,None
2172,767,265,MoveLeft,1850,265,None
2173,760,265,MoveLeft,1850,265,None
2174,753,265,MoveLeft,1850,265,None
2175,746,265,MoveLeft,1850,265,None
2176,739,265,MoveLeft,1850,265,None
2177,732,265,MoveLeft,1850,265,None
2178,725,265,MoveLeft,1850,265,None
2179,718,265,MoveLeft,1850,265,None
2180,711,265,MoveLeft,1850,265,None
2181,704,265,MoveLeft,1850,265,None
2182,697,265,MoveLeft,1850,265,None
2183,690,265,MoveLeft,1850,265,None
2185,697,265,MoveRight,1850,265,None
2186,704,265,MoveRight,1850,265,None
2187,711,265,MoveRight,1850,265,None
2188,718,265,MoveRight,1850,265,None
2189,725,265,MoveRight,1850,265,None
2190,732,265,MoveRight,1850,265,None
2191,739,265,MoveRight,1850,265,None
2192,746,265,MoveRight,1850,265,None
2193,753,265,MoveRight,1850,265,None
2194,760,265,MoveRight,1850,265,None
2195,767,265,MoveRight,1850,265,None
2196,774,265,MoveRight,1850,265,None
2197,781,265,MoveRight,1850,265,None
2198,788,265,MoveRight,1850,265,None
2199,795,265,MoveRight,1850,265,None
2200,802,265,MoveRight,1850,265,None
2201,809,265,MoveRight,1850,265,None
2202,816,265,MoveRight,1850,265,None
2203,823,265,MoveRight,1850,265,None
2204,816,265,MoveLeft,1850,265,None
2205,809,265,MoveLeft,1850,265,None
2206,802,265,MoveLeft,1850,265,None
2207,795,265,MoveLeft,1850,265,None
2208,788,265,MoveLeft,1850,265,None
2209,781,265,MoveLeft,1850,265,None
2210,774,265,MoveLeft,1850,265,None
2211,767,265,MoveLeft,1850,265,None
2212,760,265,MoveLeft,1850,265,None
2213,753,265,MoveLeft,1850,265,None
2214,746,265,MoveLeft,1850,265,None
2215,753,265,MoveRight,1850,265,None
2216,760,265,MoveRight,1850,265,None
2217,767,265,MoveRight,1850,265,None
2218,774,265,MoveRight,1850,265,None
2219,781,265,MoveRight,1850,265,None
2220,788,265,MoveRight,1850,265,None
2221,795,265,MoveRight,1850,265,None
2222,802,265,MoveRight,1850,265,None
2223,809,265,MoveRight,1850,265,None
2224,816,265,MoveRight,1850,265,None
2225,823,265,MoveRight,1850,265,None
2226,830,265,MoveRight,1850,265,None
2227,837,265,MoveRight,1850,265,None
2228,844,265,MoveRight,1850,265,None
2229,851,265,MoveRight,1850,265,None
2230,858,265,MoveRight,1850,265,None
2231,865,265,MoveRight,1850,265,None
2232,872,265,MoveRight,1850,265,None
2233,879,265,MoveRight,1850,265,None
2234,886,265,MoveRight,1850,265,None
2235,893,265,MoveRight,1850,265,None
2236,900,265,MoveRight,1850,265,None
2237,907,265,MoveRight,1850,265,None
2238,914,265,MoveRight,1850,265,None
2239,921,265,MoveRight,1850,265,None
2240,928,265,MoveRight,1850,265,None
2241,935,265,MoveRight,1850,265,None
2242,942,265,MoveRight,1850,265,None
2243,949,265,MoveRight,1850,265,None
2244,956,265,MoveRight,1850,265,None
2245,963,265,MoveRight,1850,265,None
2246,970,265,MoveRight,1850,265,None
2247,977,265,MoveRight,1850,265,None
2248,984,265,MoveRight,1850,265,None
2249,991,265,MoveRight,1850,265,None
2250,998,265,MoveRight,1850,265,None
2251,1005,265,MoveRight,1850,265,None
2252,1012,265,MoveRight,1850,265,None
2253,1019,265,MoveRight,1850,265,None
2254,1026,265,MoveRight,1850,265,None
2255,1033,265,MoveRight,1850,265,None
2256,1040,265,MoveRight,1850,265,None
2257,1047,265,MoveRight,1850,265,None
2258,1054,265,MoveRight,1850,265,None
2259,1061,265,MoveRight,1850,265,None
2260,1068,265,MoveRight,1850,265,None
2261,1075,265,MoveRight,1850,265,None
2294,1082,265,MoveRight,1850,265,None
2295,1089,265,MoveRight,1850,265,None
2296,1096,265,MoveRight,1850,265,None
2297,1103,265,MoveRight,1850,265,None
2298,1110,265,MoveRight,1850,265,None
2299,1117,265,MoveRight,1850,265,None
2300,1124,265,MoveRight,1850,265,None
2301,1131,265,MoveRight,1850,265,None
2302,1138,265,MoveRight,1850,265,None
2303,1145,265,MoveRight,1850,265,None
2304,1152,265,MoveRight,1850,265,None
2305,1159,265,MoveRight,1850,265,None
2306,1166,265,MoveRight,1850,265,None
2307,1173,265,MoveRight,1850,265,None
2308,1180,265,MoveRight,1850,265,None
2309,1187,265,MoveRight,1850,265,None
2310,1194,265,MoveRight,1850,265,None
2311,1201,265,MoveRight,1850,265,None
2312,1208,265,MoveRight,1850,265,None
2313,1215,265,MoveRight,1850,265,None
2314,1222,265,MoveRight,1850,265,None
2315,1229,265,MoveRight,1850,265,None
2316,1236,265,MoveRight,1850,265,None
2317,1243,265,MoveRight,1850,265,None
2318,1250,265,MoveRight,1850,265,None
2319,1257,265,MoveRight,1850,265,None
2320,1264,265,MoveRight,1850,265,None
2321,1271,265,MoveRight,1850,265,None
2322,1278,265,MoveRight,1850,265,None
2323,1285,265,MoveRight,1850,265,None
2324,1292,265,MoveRight,1850,265,None
2325,1299,265,MoveRight,1850,265,None
2326,1306,265,MoveRight,1850,265,None
2385,1306,284.62,None,1850,265,None
2418,1306,539.68,Spike,1850,265,None
2418,1306,539.68,None,1850,265,None
2419,1306,529.87,None,1843,265,MoveLeft
2420,1306,520.06,None,1836,265,MoveLeft
2421,1306,510.25,None,1829,265,MoveLeft
2422,1306,500.44,None,1822,265,MoveLeft
2423,1306,490.63,None,1815,265,MoveLeft
2424,1306,480.82,None,1808,265,MoveLeft
2425,1306,471.01,None,1801,265,MoveLeft
2426,1306,461.2,None,1794,265,MoveLeft
2427,1306,451.39,None,1787,265,MoveLeft
2428,1306,441.58,None,1780,265,MoveLeft
2429,1306,431.77,None,1773,265,MoveLeft
2430,1306,421.96,None,1766,265,MoveLeft
2470,337,265,MoveRight,1850,265,None
2471,344,265,MoveRight,1850,265,None
2472,351,265,MoveRight,1850,265,None
2473,358,265,MoveRight,1850,265,None
2474,365,265,MoveRight,1850,265,None
2475,372,265,MoveRight,1850,265,None
2476,379,265,MoveRight,1850,265,None
2477,386,265,MoveRight,1850,265,None
2478,393,265,MoveRight,1850,265,None
2479,400,265,MoveRight,1850,265,None
2480,407,265,MoveRight,1850,265,None
2481,414,265,MoveRight,1850,265,None
2482,421,265,MoveRight,1850,265,None
2483,428,265,MoveRight,1850,265,None
2484,435,265,MoveRight,1850,265,None
2485,442,265,MoveRight,1850,265,None
2486,449,265,MoveRight,1850,265,None
2487,456,265,MoveRight,1850,265,None
2488,463,265,MoveRight,1850,265,None
2489,470,265,MoveRight,1850,265,None
2490,477,265,MoveRight,1850,265,None
2491,484,265,MoveRight,1850,265,None
2492,491,265,MoveRight,1850,265,None
2493,498,265,MoveRight,1850,265,None
2494,505,265,MoveRight,1850,265,None
2495,512,265,MoveRight,1850,265,None
2496,519,265,MoveRight,1850,265,None
2497,526,265,MoveRight,1850,265,None
2498,533,265,MoveRight,1850,265,None
2499,540,265,MoveRight,1850,265,None
2500,547,265,MoveRight,1850,265,None
2501,554,265,MoveRight,1850,265,None
2502,561,265,MoveRight,1850,265,None
2503,568,265,MoveRight,1850,265,None
2504,575,265,MoveRight,1850,265,None
2505,582,265,MoveRight,1850,265,None
2506,589,265,MoveRight,1850,265,None
2507,596,265,MoveRight,1850,265,None
2508,603,265,MoveRight,1850,265,None
2509,610,265,MoveRight,1850,265,None
2510,617,265,MoveRight,1850,265,None
2511,624,265,MoveRight,1850,265,None
2512,631,265,MoveRight,1850,265,None
2513,638,265,MoveRight,1850,265,None
2514,645,265,MoveRight,1850,265,None
2993,650,265,Serve,1850,265,None
2993,650,265,None,1850,265,None
2994,650,265,None,1857,265,MoveRight
2995,650,265,None,1864,265,MoveRight
2996,650,265,None,1871,265,MoveRight
2997,650,265,None,1878,265,MoveRight
2998,650,265,None,1885,265,MoveRight
2999,650,265,None,1892,265,MoveRight
3000,650,265,None,1899,265,MoveRight
3001,650,265,None,1906,265,MoveRight
3002,650,265,None,1913,265,MoveRight
3003,650,265,None,1920,265,MoveRight
3004,650,265,None,1927,265,MoveRight
3005,650,265,None,1934,265,MoveRight
3006,650,265,None,1941,265,MoveRight
3007,650,265,None,1948,265,MoveRight
3008,650,265,None,1955,265,MoveRight
3009,650,265,None,1962,265,MoveRight
3010,650,265,None,1969,265,MoveRight
3011,650,265,None,1976,265,MoveRight
3012,650,265,None,1983,265,MoveRight
3013,650,265,None,1990,265,MoveRight
3014,650,265,None,1997,265,MoveRight
3015,650,265,None,2004,265,MoveRight
3016,650,265,None,2011,265,MoveRight
3017,650,265,None,2018,265,MoveRight
3018,650,265,None,2025,265,MoveRight
3019,657,265,MoveRight,2025,265,None
3019,657,265,None,2032,265,MoveRight
3020,664,265,MoveRight,2032,265,None
3020,664,265,None,2039,265,MoveRight
3021,671,265,MoveRight,2039,265,None
3021,671,265,None,2046,265,MoveRight
3022,678,265,MoveRight,2046,265,None
3022,678,265,None,2053,265,MoveRight
3023,685,265,MoveRight,2053,265,None
3023,685,265,None,2060,265,MoveRight
3024,692,265,MoveRight,2060,265,None
3024,692,265,None,2067,265,MoveRight
3025,699,265,MoveRight,2067,265,None
3025,699,265,None,2074,265,MoveRight
3026,706,265,MoveRight,2074,265,None
3026,706,265,None,2081,265,MoveRight
3027,713,265,MoveRight,2081,265,None
3027,713,265,None,2088,265,MoveRight
3028,720,265,MoveRight,2088,265,None
3028,720,265,None,2095,265,MoveRight
3029,727,265,MoveRight,2095,265,None
3029,727,265,None,2102,265,MoveRight
3030,734,265,MoveRight,2102,265,None
3030,734,265,None,2109,265,MoveRight
3031,741,265,MoveRight,2109,265,None
3031,741,265,None,2116,265,MoveRight
3032,748,265,MoveRight,2116,265,None
3032,748,265,None,2123,265,MoveRight
3033,755,265,MoveRight,2123,265,None
3033,755,265,None,2130,265,MoveRight
3034,762,265,MoveRight,2130,265,None
3034,762,265,None,2137,265,MoveRight
3035,769,265,MoveRight,2137,265,None
3035,769,265,None,2144,265,MoveRight
3036,776,265,MoveRight,2144,265,None
3036,776,265,None,2151,265,MoveRight
3037,783,265,MoveRight,2151,265,None
3037,783,265,None,2158,265,MoveRight
3038,790,265,MoveRight,2158,265,None
3038,790,265,None,2165,265,MoveRight
3039,797,265,MoveRight,2165,265,None
3039,797,265,None,2172,265,MoveRight
3040,804,265,MoveRight,2172,265,None
3040,804,265,None,2179,265,MoveRight
3041,811,265,MoveRight,2179,265,None
3041,811,265,None,2186,265,MoveRight
3042,818,265,MoveRight,2186,265,None
3042,818,265,None,2193,265,MoveRight
3043,825,265,MoveRight,2193,265,None
3044,832,265,MoveRight,2193,265,None
3046,825,265,MoveLeft,2193,265,None
3047,818,265,MoveLeft,2193,265,None
3048,811,265,MoveLeft,2193,265,None
3049,804,265,MoveLeft,2193,265,None
3050,797,265,MoveLeft,2193,265,None
3051,790,265,MoveLeft,2193,265,None
3052,783,265,MoveLeft,2193,265,None
3053,776,265,MoveLeft,2193,265,None
3054,769,265,MoveLeft,2193,265,None
3055,762,265,MoveLeft,2193,265,None
3056,755,265,MoveLeft,2193,265,None
3057,748,265,MoveLeft,2193,265,None
3058,741,265,MoveLeft,2193,265,None
3059,734,265,MoveLeft,2193,265,None
3060,727,265,MoveLeft,2193,265,None
3066,734,265,MoveRight,2193,265,None
3067,734,265,None,2193,265,SpikeStrong
3067,741,265,MoveRight,2193,265,None
3067,741,265,None,2193,265,None
3068,748,265,MoveRight,2193,265,None
3069,755,265,MoveRight,2193,265,None
3070,762,265,MoveRight,2193,265,None
3071,769,265,MoveRight,2193,265,None
3072,776,265,MoveRight,2193,265,None
3073,783,265,MoveRight,2193,265,None
3074,790,265,MoveRight,2193,265,None
3075,797,265,MoveRight,2193,265,None
3076,804,265,MoveRight,2193,265,None
3077,811,265,MoveRight,2193,265,None
3078,818,265,MoveRight,2193,265,None
3079,825,265,MoveRight,2193,265,None
3080,832,265,MoveRight,2193,265,None
3085,825,265,MoveLeft,2193,265,None
3086,818,265,MoveLeft,2193,265,None
3087,811,265,MoveLeft,2193,265,None
3088,804,265,MoveLeft,2193,265,None
3089,797,265,MoveLeft,2193,265,None
3090,790,265,MoveLeft,2193,265,None
3091,783,265,MoveLeft,2193,265,None
3092,776,265,MoveLeft,2193,265,None
3093,769,265,MoveLeft,2193,265,None
3094,762,265,MoveLeft,2193,265,None
3095,755,265,MoveLeft,2193,265,None
3096,748,265,MoveLeft,2193,265,None
3097,741,265,MoveLeft,2193,265,None
3098,734,265,MoveLeft,2193,265,None
3099,727,265,MoveLeft,2193,265,None
3100,720,265,MoveLeft,2193,265,None
3101,713,265,MoveLeft,2193,265,None
3102,706,265,MoveLeft,2193,265,None
3103,699,265,MoveLeft,2193,265,None
3104,692,265,MoveLeft,2193,265,None
3105,699,265,MoveRight,2193,265,None
3106,706,265,MoveRight,2193,265,None
3107,713,265,MoveRight,2193,265,None
3108,720,265,MoveRight,2193,265,None
3109,727,265,MoveRight,2193,265,None
3110,734,265,MoveRight,2193,265,None
3111,741,265,MoveRight,2193,265,None
3112,748,265,MoveRight,2193,265,None
3113,755,265,MoveRight,2193,265,None
3114,762,265,MoveRight,2193,265,None
3115,977,265,MoveRight,2410,265,None
3116,984,265,MoveRight,2410,265,None
3117,991,265,MoveRight,2410,265,None
3118,998,265,MoveRight,2410,265,None
3143,991,265,MoveLeft,2410,265,None
3144,984,265,MoveLeft,2410,265,None
3145,977,265,MoveLeft,2410,265,None
3146,970,265,MoveLeft,2410,265,None
3147,963,265,MoveLeft,2410,265,None
3148,956,265,MoveLeft,2410,265,None
3149,949,265,MoveLeft,2410,265,None
3150,942,265,MoveLeft,2410,265,None
3151,935,265,MoveLeft,2410,265,None
3152,928,265,MoveLeft,2410,265,None
3153,921,265,MoveLeft,2410,265,None
3154,914,265,MoveLeft,2410,265,None
3165,914,265,None,2410,265,Serve
3165,914,265,None,2410,265,None
3184,907,265,MoveLeft,2410,265,None
3185,900,265,MoveLeft,2410,265,None
3186,893,265,MoveLeft,2410,265,None
3187,886,265,MoveLeft,2410,265,None
3188,879,265,MoveLeft,2410,265,None
3189,872,265,MoveLeft,2410,265,None
3190,865,265,MoveLeft,2410,265,None
3191,858,265,MoveLeft,2410,265,None
3192,851,265,MoveLeft,2410,265,None
3193,844,265,MoveLeft,2410,265,None
3194,837,265,MoveLeft,2410,265,None
3195,830,265,MoveLeft,2410,265,None
3196,823,265,MoveLeft,2410,265,None
3292,970,265,None,2410,265,Serve
3292,970,265,None,2410,265,None
3302,963,265,MoveLeft,2410,265,None
3303,956,265,MoveLeft,2410,265,None
3304,949,265,MoveLeft,2410,265,None
3305,942,265,MoveLeft,2410,265,None
3306,935,265,MoveLeft,2410,265,None
3307,928,265,MoveLeft,2410,265,None
3308,921,265,MoveLeft,2410,265,None
3309,914,265,MoveLeft,2410,265,None
3310,907,265,MoveLeft,2410,265,None
3361,900,265,MoveLeft,2410,265,None
3362,893,265,MoveLeft,2410,265,None
3363,893,265,Bump,2410,265,None
3363,886,265,MoveLeft,2410,265,None
3364,886,265,None,2403,265,MoveLeft
3365,886,265,None,2396,265,MoveLeft
3366,886,265,None,2389,265,MoveLeft
3367,886,265,None,2382,265,MoveLeft
3368,886,265,None,2375,265,MoveLeft
3369,886,265,None,2368,265,MoveLeft
3370,886,265,None,2361,265,MoveLeft
3371,886,265,None,2354,265,MoveLeft
3372,886,265,None,2347,265,MoveLeft
3373,886,265,None,2340,265,MoveLeft
3374,886,265,None,2333,265,MoveLeft
3375,886,265,None,2326,265,MoveLeft
3376,886,265,None,2319,265,MoveLeft
3377,886,265,None,2312,265,MoveLeft
3378,886,265,None,2305,265,MoveLeft
3379,886,265,None,2298,265,MoveLeft
3380,886,265,None,2291,265,MoveLeft
3381,886,265,None,2284,265,MoveLeft
3382,886,265,None,2277,265,MoveLeft
3383,886,265,None,2270,265,MoveLeft
3384,886,265,None,2263,265,MoveLeft
3385,893,265,MoveRight,2263,265,None
3385,893,265,None,2256,265,MoveLeft
3386,900,265,MoveRight,2256,265,None
3386,900,265,None,2249,265,MoveLeft
3387,907,265,MoveRight,2249,265,None
3387,907,265,None,2242,265,MoveLeft
3388,914,265,MoveRight,2242,265,None
3388,914,265,None,2235,265,MoveLeft
3389,921,265,MoveRight,2235,265,None
3389,921,265,None,2228,265,MoveLeft
3390,928,265,MoveRight,2228,265,None
3390,928,265,None,2221,265,MoveLeft
3391,935,265,MoveRight,2221,265,None
3391,935,265,None,2214,265,MoveLeft
3392,942,265,MoveRight,2214,265,None
3392,942,265,None,2207,265,MoveLeft
3393,949,265,MoveRight,2207,265,None
3393,949,265,None,2200,265,MoveLeft
3394,956,265,MoveRight,2200,265,None
3394,956,265,None,2193,265,MoveLeft
3395,963,265,MoveRight,2193,265,None
3395,963,265,None,2186,265,MoveLeft
3396,970,265,MoveRight,2186,265,None
3396,970,265,None,2179,265,MoveLeft
3397,977,265,MoveRight,2179,265,None
3397,977,265,None,2172,265,MoveLeft
3398,984,265,MoveRight,2172,265,None
3398,984,265,None,2165,265,MoveLeft
3399,991,265,MoveRight,2165,265,None
3399,991,265,None,2158,265,MoveLeft
3400,998,265,MoveRight,2158,265,None
3400,998,265,None,2151,265,MoveLeft
3401,1005,265,MoveRight,2151,265,None
3401,1005,265,None,2144,265,MoveLeft
3402,1012,265,MoveRight,2144,265,None
3402,1012,265,None,2137,265,MoveLeft
3403,1019,265,MoveRight,2137,265,None
3403,1019,265,None,2130,265,MoveLeft
3404,1026,265,MoveRight,2130,265,None
3404,1026,265,None,2123,265,MoveLeft
3405,1033,265,MoveRight,2123,265,None
3405,1033,265,None,2116,265,MoveLeft
3406,1040,265,MoveRight,2116,265,None
3406,1040,265,None,2109,265,MoveLeft
3407,1047,265,MoveRight,2109,265,None
3407,1047,265,None,2102,265,MoveLeft
3408,1054,265,MoveRight,2102,265,None
3408,1054,265,None,2095,265,MoveLeft
3409,1061,265,MoveRight,2095,265,None
3409,1061,265,None,2088,265,MoveLeft
3410,1068,265,MoveRight,2088,265,None
3410,1068,265,None,2081,265,MoveLeft
3411,1075,265,MoveRight,2081,265,None
3411,1075,265,None,2074,265,MoveLeft
3412,1082,265,MoveRight,2074,265,None
3412,1082,265,None,2067,265,MoveLeft
3413,1082,265,None,2060,265,MoveLeft
3414,1082,265,None,2053,265,MoveLeft
3415,1082,265,None,2046,265,MoveLeft
3416,1082,265,None,2039,265,MoveLeft
3417,1082,265,None,2032,265,MoveLeft
3418,1082,265,None,2025,265,MoveLeft
3419,1082,265,None,2018,265,MoveLeft
3420,1082,265,None,2011,265,MoveLeft
3421,1089,265,MoveRight,2011,265,None
3421,1089,265,None,2004,265,MoveLeft
3422,1096,265,MoveRight,2004,265,None
3422,1096,265,None,1997,265,MoveLeft
3423,1103,265,MoveRight,1997,265,None
3423,1103,265,None,1990,265,MoveLeft
3424,1110,265,MoveRight,1990,265,None
3424,1110,265,None,1983,265,MoveLeft
3425,1117,265,MoveRight,1983,265,None
3425,1117,265,None,1976,265,MoveLeft
3426,1124,265,MoveRight,1976,265,None
3426,1124,265,None,1969,265,MoveLeft
3427,1131,265,MoveRight,1969,265,None
3427,1131,265,None,1962,265,MoveLeft
3428,1138,265,MoveRight,1962,265,None
3428,1138,265,None,1955,265,MoveLeft
3429,1145,265,MoveRight,1955,265,None
3429,1145,265,None,1948,265,MoveLeft
3430,1152,265,MoveRight,1948,265,None
3430,1152,265,None,1941,265,MoveLeft
3431,1159,265,MoveRight,1941,265,None
3431,1159,265,None,1934,265,MoveLeft
3432,1166,265,MoveRight,1934,265,None
3432,1166,265,None,1927,265,MoveLeft
3433,1173,265,MoveRight,1927,265,None
3433,1173,265,None,1920,265,MoveLeft
3434,1180,265,MoveRight,1920,265,None
3434,1180,265,None,1913,265,MoveLeft
3435,1187,265,MoveRight,1913,265,None
3435,1187,265,None,1906,265,MoveLeft
3436,1194,265,MoveRight,1906,265,None
3436,1194,265,None,1899,265,MoveLeft
3437,1201,265,MoveRight,1899,265,None
3437,1201,265,None,1892,265,MoveLeft
3438,1208,265,MoveRight,1892,265,None
3438,1208,265,None,1885,265,MoveLeft
3439,1215,265,MoveRight,1885,265,None
3439,1215,265,None,1878,265,MoveLeft
3440,1222,265,MoveRight,1878,265,None
3440,1222,265,None,1871,265,MoveLeft
3441,1229,265,MoveRight,1871,265,None
3441,1229,265,None,1864,265,MoveLeft
3442,1236,265,MoveRight,1864,265,None
3442,1236,265,None,1857,265,MoveLeft
3443,1243,265,MoveRight,1857,265,None
3443,1243,265,None,1850,265,MoveLeft
3444,1250,265,MoveRight,1850,265,None
3444,1250,265,None,1843,265,MoveLeft
3445,1257,265,MoveRight,1843,265,None
3445,1257,265,None,1836,265,MoveLeft
3446,1264,265,MoveRight,1836,265,None
3446,1264,265,None,1829,265,MoveLeft
3447,1271,265,MoveRight,1829,265,None
3447,1271,265,None,1822,265,MoveLeft
3448,1278,265,MoveRight,1822,265,None
3448,1278,265,None,1815,265,MoveLeft
3449,1285,265,MoveRight,1815,265,None
3449,1285,265,None,1808,265,MoveLeft
3450,1292,265,MoveRight,1808,265,None
3450,1292,265,None,1801,265,MoveLeft
3451,1299,265,MoveRight,1801,265,None
3451,1299,265,None,1794,265,MoveLeft
3452,1299,265,None,1787,265,MoveLeft
3453,1299,265,None,1780,265,MoveLeft
3454,1299,265,None,1773,265,MoveLeft
3455,1299,265,None,1766,265,MoveLeft
3456,1299,265,None,1759,265,MoveLeft
3457,1299,265,None,1752,265,MoveLeft
3458,1299,265,None,1745,265,MoveLeft
3459,1299,265,None,1738,265,MoveLeft
3460,1299,265,None,1731,265,MoveLeft
3461,1299,265,None,1724,265,MoveLeft
3462,1299,265,None,1717,265,MoveLeft
3463,1292,265,MoveLeft,1717,265,None
3463,1292,265,None,1710,265,MoveLeft
3464,1285,265,MoveLeft,1710,265,None
3464,1285,265,None,1703,265,MoveLeft
3465,1278,265,MoveLeft,1703,265,None
3465,1278,265,None,1696,265,MoveLeft
3466,323,265,MoveLeft,1670,265,None
3467,316,265,MoveLeft,1670,265,None
3468,309,265,MoveLeft,1670,265,None
3469,302,265,MoveLeft,1670,265,None
3470,295,265,MoveLeft,1670,265,None
3471,288,265,MoveLeft,1670,265,None
3472,281,265,MoveLeft,1670,265,None
3473,274,265,MoveLeft,1670,265,None
3474,267,265,MoveLeft,1670,265,None
3475,260,265,MoveLeft,1670,265,None
3476,253,265,MoveLeft,1670,265,None
3477,246,265,MoveLeft,1670,265,None
3478,239,265,MoveLeft,1670,265,None
3479,232,265,MoveLeft,1670,265,None
3480,225,265,MoveLeft,1670,265,None
3481,218,265,MoveLeft,1670,265,None
3482,211,265,MoveLeft,1670,265,None
3483,204,265,MoveLeft,1670,265,None
3484,197,265,MoveLeft,1670,265,None
3485,190,265,MoveLeft,1670,265,None
3486,183,265,MoveLeft,1670,265,None
3487,176,265,MoveLeft,1670,265,None
3493,183,265,MoveRight,1670,265,None
3494,190,265,MoveRight,1670,265,None
3495,197,265,MoveRight,1670,265,None
3496,204,265,MoveRight,1670,265,None
3497,211,265,MoveRight,1670,265,None
3498,218,265,MoveRight,1670,265,None
3499,225,265,MoveRight,1670,265,None
3500,232,265,MoveRight,1670,265,None
3501,239,265,MoveRight,1670,265,None
3502,246,265,MoveRight,1670,265,None
3503,253,265,MoveRight,1670,265,None
3504,260,265,MoveRight,1670,265,None
3505,267,265,MoveRight,1670,265,None
3506,274,265,MoveRight,1670,265,None
3507,281,265,MoveRight,1670,265,None
3508,288,265,MoveRight,1670,265,None
3509,295,265,MoveRight,1670,265,None
3510,302,265,MoveRight,1670,265,None
3511,309,265,MoveRight,1670,265,None
3512,316,265,MoveRight,1670,265,None
3513,323,265,MoveRight,1670,265,None
3514,330,265,MoveRight,1670,265,None
3515,337,265,MoveRight,1670,265,None
3516,344,265,MoveRight,1670,265,None
3517,351,265,MoveRight,1670,265,None
3518,358,265,MoveRight,1670,265,None
3519,365,265,MoveRight,1670,265,None
3520,372,265,MoveRight,1670,265,None
3521,379,265,MoveRight,1670,265,None
3522,386,265,MoveRight,1670,265,None
3523,393,265,MoveRight,1670,265,None
3524,400,265,MoveRight,1670,265,None
3525,407,265,MoveRight,1670,265,None
3526,414,265,MoveRight,1670,265,None
3527,421,265,MoveRight,1670,265,None
3528,428,265,MoveRight,1670,265,None
3529,435,265,MoveRight,1670,265,None
3530,442,265,MoveRight,1670,265,None
3531,449,265,MoveRight,1670,265,None
3532,456,265,MoveRight,1670,265,None
3533,463,265,MoveRight,1670,265,None
3534,470,265,MoveRight,1670,265,None
3535,477,265,MoveRight,1670,265,None
3536,484,265,MoveRight,1670,265,None
3537,491,265,MoveRight,1670,265,None
3538,498,265,MoveRight,1670,265,None
3544,491,265,MoveLeft,1670,265,None
3545,484,265,MoveLeft,1670,265,None
3546,477,265,MoveLeft,1670,265,None
3547,470,265,MoveLeft,1670,265,None
3548,463,265,MoveLeft,1670,265,None
3549,456,265,MoveLeft,1670,265,None
3550,449,265,MoveLeft,1670,265,None
3551,442,265,MoveLeft,1670,265,None
3552,435,265,MoveLeft,1670,265,None
3553,442,265,MoveRight,1670,265,None
3554,449,265,MoveRight,1670,265,None
3555,456,265,MoveRight,1670,265,None
3556,463,265,MoveRight,1670,265,None
3557,470,265,MoveRight,1670,265,None
3558,477,265,MoveRight,1670,265,None
3559,484,265,MoveRight,1670,265,None
3560,491,265,MoveRight,1670,265,None
3561,498,265,MoveRight,1670,265,None
3562,505,265,MoveRight,1670,265,None
3563,512,265,MoveRight,1670,265,None
3564,519,265,MoveRight,1670,265,None
3565,526,265,MoveRight,1670,265,None
3566,533,265,MoveRight,1670,265,None
3567,540,265,MoveRight,1670,265,None
3568,547,265,MoveRight,1670,265,None
3569,554,265,MoveRight,1670,265,None
3570,561,265,MoveRight,1670,265,None
3571,568,265,MoveRight,1670,265,None
3572,575,265,MoveRight,1670,265,None
3573,582,265,MoveRight,1670,265,None
3574,589,265,MoveRight,1670,265,None
3575,596,265,MoveRight,1670,265,None
3576,603,265,MoveRight,1670,265,None
3577,610,265,MoveRight,1670,265,None
3578,617,265,MoveRight,1670,265,None
3579,624,265,MoveRight,1670,265,None
3580,631,265,MoveRight,1670,265,None
3581,638,265,MoveRight,1670,265,None
3582,645,265,MoveRight,1670,265,None
3692,650,265,Serve,1670,265,None
3692,650,265,None,1670,265,None
3693,650,265,None,1677,265,MoveRight
3694,650,265,None,1684,265,MoveRight
3695,650,265,None,1691,265,MoveRight
3696,650,265,None,1698,265,MoveRight
3697,650,265,None,1705,265,MoveRight
3698,650,265,None,1712,265,MoveRight
3699,650,265,None,1719,265,MoveRight
3700,650,265,None,1726,265,MoveRight
3701,650,265,None,1733,265,MoveRight
3702,650,265,None,1740,265,MoveRight
3703,650,265,None,1747,265,MoveRight
3704,650,265,None,1754,265,MoveRight
3705,650,265,None,1761,265,MoveRight
3706,650,265,None,1768,265,MoveRight
3707,650,265,None,1775,265,MoveRight
3708,650,265,None,1782,265,MoveRight
3709,650,265,None,1789,265,MoveRight
3710,650,265,None,1796,265,MoveRight
3711,650,265,None,1803,265,MoveRight
3712,650,265,None,1810,265,MoveRight
3713,650,265,None,1817,265,MoveRight
3714,650,265,None,1824,265,MoveRight
3715,650,265,None,1831,265,MoveRight
3716,650,265,None,1838,265,MoveRight
3717,650,265,None,1845,265,MoveRight
3718,650,265,None,1852,265,MoveRight
3719,657,265,MoveRight,1852,265,None
3719,657,265,None,1859,265,MoveRight
3720,664,265,MoveRight,1859,265,None
3720,664,265,None,1866,265,MoveRight
3721,671,265,MoveRight,1866,265,None
3721,671,265,None,1873,265,MoveRight
3722,678,265,MoveRight,1873,265,None
3722,678,265,None,1880,265,MoveRight
3723,685,265,MoveRight,1880,265,None
3723,685,265,None,1887,265,MoveRight
3724,692,265,MoveRight,1887,265,None
3724,692,265,None,1894,265,MoveRight
3725,699,265,MoveRight,1894,265,None
3725,699,265,None,1901,265,MoveRight
3726,706,265,MoveRight,1901,265,None
3726,706,265,None,1908,265,MoveRight
3727,713,265,MoveRight,1908,265,None
3727,713,265,None,1915,265,MoveRight
3728,720,265,MoveRight,1915,265,None
3728,720,265,None,1922,265,MoveRight
3729,727,265,MoveRight,1922,265,None
3729,727,265,None,1929,265,MoveRight
3730,734,265,MoveRight,1929,265,None
3730,734,265,None,1936,265,MoveRight
3731,741,265,MoveRight,1936,265,None
3731,741,265,None,1943,265,MoveRight
3732,748,265,MoveRight,1943,265,None
3732,748,265,None,1950,265,MoveRight
3733,755,265,MoveRight,1950,265,None
3733,755,265,None,1957,265,MoveRight
3734,762,265,MoveRight,1957,265,None
3734,762,265,None,1964,265,MoveRight
3735,769,265,MoveRight,1964,265,None
3735,769,265,None,1971,265,MoveRight
3736,776,265,MoveRight,1971,265,None
3736,776,265,None,1978,265,MoveRight
3737,783,265,MoveRight,1978,265,None
3737,783,265,None,1985,265,MoveRight
3738,790,265,MoveRight,1985,265,None
3738,790,265,None,1992,265,MoveRight
3739,797,265,MoveRight,1992,265,None
3739,797,265,None,1999,265,MoveRight
3740,804,265,MoveRight,1999,265,None
3740,804,265,None,2006,265,MoveRight
3741,811,265,MoveRight,2006,265,None
3741,811,265,None,2013,265,MoveRight
3742,818,265,MoveRight,2013,265,None
3742,818,265,None,2020,265,MoveRight
3743,825,265,MoveRight,2020,265,None
3743,825,265,None,2027,265,MoveRight
3744,832,265,MoveRight,2027,265,None
3744,832,265,None,2034,265,MoveRight
3745,839,265,MoveRight,2034,265,None
3745,839,265,None,2041,265,MoveRight
3746,846,265,MoveRight,2041,265,None
3746,846,265,None,2048,265,MoveRight
3747,853,265,MoveRight,2048,265,None
3747,853,265,None,2055,265,MoveRight
3748,860,265,MoveRight,2055,265,None
3748,860,265,None,2062,265,MoveRight
3749,867,265,MoveRight,2062,265,None
3749,867,265,None,2069,265,MoveRight
3750,874,265,MoveRight,2069,265,None
3750,874,265,None,2076,265,MoveRight
3751,881,265,MoveRight,2076,265,None
3751,881,265,None,2083,265,MoveRight
3752,888,265,MoveRight,2083,265,None
3752,888,265,None,2090,265,MoveRight
3753,895,265,MoveRight,2090,265,None
3753,895,265,None,2097,265,MoveRight
3754,902,265,MoveRight,2097,265,None
3754,902,265,None,2104,265,MoveRight
3755,909,265,MoveRight,2104,265,None
3755,909,265,None,2111,265,MoveRight
3756,916,265,MoveRight,2111,265,None
3756,916,265,None,2118,265,MoveRight
3757,923,265,MoveRight,2118,265,None
3757,923,265,None,2125,265,MoveRight
3758,930,265,MoveRight,2125,265,None
3758,930,265,None,2132,265,MoveRight
3759,937,265,MoveRight,2132,265,None
3759,937,265,None,2139,265,MoveRight
3760,944,265,MoveRight,2139,265,None
3760,944,265,None,2146,265,MoveRight
3761,951,265,MoveRight,2146,265,None
3761,951,265,None,2153,265,MoveRight
3762,958,265,MoveRight,2153,265,None
3762,958,265,None,2160,265,MoveRight
3763,965,265,MoveRight,2160,265,None
3763,965,265,None,2167,265,MoveRight
3764,972,265,MoveRight,2167,265,None
3764,972,265,None,2174,265,MoveRight
3765,972,265,None,2181,265,MoveRight
3766,972,265,None,2188,265,MoveRight
3767,972,265,None,2195,265,MoveRight
3782,1143,265,MoveLeft,2410,265,None
3783,1136,265,MoveLeft,2410,265,None
3784,1129,265,MoveLeft,2410,265,None
3785,1122,265,MoveLeft,2410,265,None
3786,1115,265,MoveLeft,2410,265,None
3787,1108,265,MoveLeft,2410,265,None
3788,1101,265,MoveLeft,2410,265,None
3789,1094,265,MoveLeft,2410,265,None
3790,1087,265,MoveLeft,2410,265,None
3817,1080,265,MoveLeft,2410,265,None
3818,1080,265,None,2410,265,Serve
3818,1073,265,MoveLeft,2410,265,None
3818,1073,265,None,2410,265,None
3819,1066,265,MoveLeft,2410,265,None
3820,1059,265,MoveLeft,2410,265,None
3821,1052,265,MoveLeft,2410,265,None
3822,1045,265,MoveLeft,2410,265,None
3823,1038,265,MoveLeft,2410,265,None
3824,1031,265,MoveLeft,2410,265,None
3825,1024,265,MoveLeft,2410,265,None
3826,1017,265,MoveLeft,2410,265,None
3827,1010,265,MoveLeft,2410,265,None
3828,1003,265,MoveLeft,2410,265,None
3829,996,265,MoveLeft,2410,265,None
3830,989,265,MoveLeft,2410,265,None
3831,982,265,MoveLeft,2410,265,None
3832,975,265,MoveLeft,2410,265,None
3833,968,265,MoveLeft,2410,265,None
3834,961,265,MoveLeft,2410,265,None
3835,954,265,MoveLeft,2410,265,None
3836,947,265,MoveLeft,2410,265,None
3837,940,265,MoveLeft,2410,265,None
3838,933,265,MoveLeft,2410,265,None
3839,926,265,MoveLeft,2410,265,None
3840,919,265,MoveLeft,2410,265,None
3841,912,265,MoveLeft,2410,265,None
3842,905,265,MoveLeft,2410,265,None
3843,898,265,MoveLeft,2410,265,None
3844,891,265,MoveLeft,2410,265,None
3845,884,265,MoveLeft,2410,265,None
3846,877,265,MoveLeft,2410,265,None
3847,870,265,MoveLeft,2410,265,None
3848,863,265,MoveLeft,2410,265,None
3849,856,265,MoveLeft,2410,265,None
3850,849,265,MoveLeft,2410,265,None
3851,842,265,MoveLeft,2410,265,None
3852,835,265,MoveLeft,2410,265,None
3853,828,265,MoveLeft,2410,265,None
3858,835,265,MoveRight,2410,265,None
3859,842,265,MoveRight,2410,265,None
3860,849,265,MoveRight,2410,265,None
3861,856,265,MoveRight,2410,265,None
3862,863,265,MoveRight,2410,265,None
3863,870,265,MoveRight,2410,265,None
3864,877,265,MoveRight,2410,265,None
3865,884,265,MoveRight,2410,265,None
3866,891,265,MoveRight,2410,265,None
3867,898,265,MoveRight,2410,265,None
3868,905,265,MoveRight,2410,265,None
3869,912,265,MoveRight,2410,265,None
3870,919,265,MoveRight,2410,265,None
3871,926,265,MoveRight,2410,265,None
3872,933,265,MoveRight,2410,265,None
3873,940,265,MoveRight,2410,265,None
3874,947,265,MoveRight,2410,265,None
3875,954,265,MoveRight,2410,265,None
3876,961,265,MoveRight,2410,265,None
3877,968,265,MoveRight,2410,265,None
3888,968,265,Bump,2410,265,None
3888,961,265,MoveLeft,2410,265,None
3889,961,265,None,2403,265,MoveLeft
3890,961,265,None,2396,265,MoveLeft
3891,961,265,None,2389,265,MoveLeft
3892,961,265,None,2382,265,MoveLeft
3893,961,265,None,2375,265,MoveLeft
3894,961,265,None,2368,265,MoveLeft
3895,961,265,None,2361,265,MoveLeft
3896,961,265,None,2354,265,MoveLeft
3897,961,265,None,2347,265,MoveLeft
3898,961,265,None,2340,265,MoveLeft
3899,961,265,None,2333,265,MoveLeft
3900,961,265,None,2326,265,MoveLeft
3901,961,265,None,2319,265,MoveLeft
3902,961,265,None,2312,265,MoveLeft
3903,961,265,None,2305,265,MoveLeft
3904,961,265,None,2298,265,MoveLeft
3905,961,265,None,2291,265,MoveLeft
3906,961,265,None,2284,265,MoveLeft
3907,961,265,None,2277,265,MoveLeft
3908,961,265,None,2270,265,MoveLeft
3909,961,265,None,2263,265,MoveLeft
3910,961,265,None,2256,265,MoveLeft
3911,961,265,None,2249,265,MoveLeft
3912,961,265,None,2242,265,MoveLeft
3913,961,265,None,2235,265,MoveLeft
3914,961,265,None,2228,265,MoveLeft
3915,961,265,None,2221,265,MoveLeft
3916,961,265,None,2214,265,MoveLeft
3917,968,265,MoveRight,2214,265,None
3917,968,265,None,2207,265,MoveLeft
3918,975,265,MoveRight,2207,265,None
3918,975,265,None,2200,265,MoveLeft
3919,982,265,MoveRight,2200,265,None
3919,982,265,None,2193,265,MoveLeft
3920,989,265,MoveRight,2193,265,None
3920,989,265,None,2186,265,MoveLeft
3921,996,265,MoveRight,2186,265,None
3921,996,265,None,2179,265,MoveLeft
3922,1003,265,MoveRight,2179,265,None
3922,1003,265,None,2172,265,MoveLeft
3923,1010,265,MoveRight,2172,265,None
3923,1010,265,None,2165,265,MoveLeft
3924,1017,265,MoveRight,2165,265,None
3924,1017,265,None,2158,265,MoveLeft
3925,1024,265,MoveRight,2158,265,None
3925,1024,265,None,2151,265,MoveLeft
3926,1031,265,MoveRight,2151,265,None
3926,1031,265,None,2144,265,MoveLeft
3927,1038,265,MoveRight,2144,265,None
3927,1038,265,None,2137,265,MoveLeft
3928,1045,265,MoveRight,2137,265,None
3928,1045,265,None,2130,265,MoveLeft
3929,1052,265,MoveRight,2130,265,None
3929,1052,265,None,2123,265,MoveLeft
3930,1059,265,MoveRight,2123,265,None
3930,1059,265,None,2116,265,MoveLeft
3931,1066,265,MoveRight,2116,265,None
3931,1066,265,None,2109,265,MoveLeft
3932,1073,265,MoveRight,2109,265,None
3932,1073,265,None,2102,265,MoveLeft
3933,1080,265,MoveRight,2102,265,None
3933,1080,265,None,2095,265,MoveLeft
3934,1087,265,MoveRight,2095,265,None
3934,1087,265,None,2088,265,MoveLeft
3935,1094,265,MoveRight,2088,265,None
3935,1094,265,None,2081,265,MoveLeft
3936,1101,265,MoveRight,2081,265,None
3936,1101,265,None,2074,265,MoveLeft
3937,1108,265,MoveRight,2074,265,None
3937,1108,265,None,2067,265,MoveLeft
3938,1115,265,MoveRight,2067,265,None
3938,1115,265,None,2060,265,MoveLeft
3939,1122,265,MoveRight,2060,265,None
3939,1122,265,None,2053,265,MoveLeft
3940,1129,265,MoveRight,2053,265,None
3940,1129,265,None,2046,265,MoveLeft
3941,1136,265,MoveRight,2046,265,None
3941,1136,265,None,2039,265,MoveLeft
3942,1143,265,MoveRight,2039,265,None
3942,1143,265,None,2032,265,MoveLeft
3943,1150,265,MoveRight,2032,265,None
3943,1150,265,None,2025,265,MoveLeft
3944,1157,265,MoveRight,2025,265,None
3944,1157,265,None,2018,265,MoveLeft
3945,1164,265,MoveRight,2018,265,None
3945,1164,265,None,2011,265,MoveLeft
3946,1171,265,MoveRight,2011,265,None
3946,1171,265,None,2004,265,MoveLeft
3947,1178,265,MoveRight,2004,265,None
3947,1178,265,None,1997,265,MoveLeft
3948,1185,265,MoveRight,1997,265,None
3948,1185,265,None,1990,265,MoveLeft
3949,1192,265,MoveRight,1990,265,None
3949,1192,265,None,1983,265,MoveLeft
3950,1199,265,MoveRight,1983,265,None
3950,1199,265,None,1976,265,MoveLeft
3951,1206,265,MoveRight,1976,265,None
3951,1206,265,None,1969,265,MoveLeft
3952,1206,265,None,1962,265,MoveLeft
3953,1206,265,None,1955,265,MoveLeft
3954,1206,265,None,1948,265,MoveLeft
3955,1206,265,None,1941,265,MoveLeft
3956,1206,265,None,1934,265,MoveLeft
3957,1206,265,None,1927,265,MoveLeft
3958,1206,265,None,1920,265,MoveLeft
3959,1206,265,None,1913,265,MoveLeft
3960,1206,265,None,1906,265,MoveLeft
3961,1206,265,None,1899,265,MoveLeft
3962,1206,265,None,1892,265,MoveLeft
3963,1206,265,None,1885,265,MoveLeft
3964,1206,265,None,1878,265,MoveLeft
3965,1206,265,None,1871,265,MoveLeft
3966,1206,265,None,1864,265,MoveLeft
3967,1206,265,None,1857,265,MoveLeft
3968,1206,265,None,1850,265,MoveLeft
3969,1206,265,None,1843,265,MoveLeft
3970,1206,265,None,1836,265,MoveLeft
3971,1206,265,None,1829,265,MoveLeft
3972,1206,265,None,1822,265,MoveLeft
3973,1206,265,None,1815,265,MoveLeft
3974,1206,265,None,1808,265,MoveLeft
3975,1206,265,None,1801,265,MoveLeft
3976,1206,265,None,1794,265,MoveLeft
3977,1206,265,None,1787,265,MoveLeft
3978,1206,265,None,1780,265,MoveLeft
3979,1206,265,None,1773,265,MoveLeft
3980,1206,265,None,1766,265,MoveLeft
3981,1206,265,None,1759,265,MoveLeft
3982,1206,265,None,1752,265,MoveLeft
3983,1206,265,None,1745,265,MoveLeft
3984,1206,265,None,1738,265,MoveLeft
3985,1206,265,None,1731,265,MoveLeft
3986,1206,265,None,1724,265,MoveLeft
3987,1206,265,None,1717,265,MoveLeft
3988,1206,265,None,1710,265,MoveLeft
3991,323,265,MoveLeft,1490,265,None
3992,316,265,MoveLeft,1490,265,None
3993,309,265,MoveLeft,1490,265,None
3994,302,265,MoveLeft,1490,265,None
3995,295,265,MoveLeft,1490,265,None
3996,288,265,MoveLeft,1490,265,None
3997,281,265,MoveLeft,1490,265,None
3998,274,265,MoveLeft,1490,265,None
3999,267,265,MoveLeft,1490,265,None
4000,260,265,MoveLeft,1490,265,None
4001,253,265,MoveLeft,1490,265,None
4002,246,265,MoveLeft,1490,265,None
4003,239,265,MoveLeft,1490,265,None
4004,232,265,MoveLeft,1490,265,None
4005,225,265,MoveLeft,1490,265,None
4006,218,265,MoveLeft,1490,265,None
4007,211,265,MoveLeft,1490,265,None
4008,204,265,MoveLeft,1490,265,None
4009,197,265,MoveLeft,1490,265,None
4010,190,265,MoveLeft,1490,265,None
4011,183,265,MoveLeft,1490,265,None
4012,176,265,MoveLeft,1490,265,None
4013,169,265,MoveLeft,1490,265,None
4014,162,265,MoveLeft,1490,265,None
4022,169,265,MoveRight,1490,265,None
4023,176,265,MoveRight,1490,265,None
4024,183,265,MoveRight,1490,265,None
4025,190,265,MoveRight,1490,265,None
4026,197,265,MoveRight,1490,265,None
4027,204,265,MoveRight,1490,265,None
4028,211,265,MoveRight,1490,265,None
4029,218,265,MoveRight,1490,265,None
4030,225,265,MoveRight,1490,265,None
4031,232,265,MoveRight,1490,265,None
4032,239,265,MoveRight,1490,265,None
4033,246,265,MoveRight,1490,265,None
4034,253,265,MoveRight,1490,265,None
4035,260,265,MoveRight,1490,265,None
4036,267,265,MoveRight,1490,265,None
4037,274,265,MoveRight,1490,265,None
4038,281,265,MoveRight,1490,265,None
4039,288,265,MoveRight,1490,265,None
4060,295,265,MoveRight,1490,265,None
4061,302,265,MoveRight,1490,265,None
4062,309,265,MoveRight,1490,265,None
4063,316,265,MoveRight,1490,265,None
4064,323,265,MoveRight,1490,265,None
4065,330,265,MoveRight,1490,265,None
4066,337,265,MoveRight,1490,265,None
4067,344,265,MoveRight,1490,265,None
4068,351,265,MoveRight,1490,265,None
4069,358,265,MoveRight,1490,265,None
4070,365,265,MoveRight,1490,265,None
4071,372,265,MoveRight,1490,265,None
4072,379,265,MoveRight,1490,265,None
4073,386,265,MoveRight,1490,265,None
4074,393,265,MoveRight,1490,265,None
4075,400,265,MoveRight,1490,265,None
4076,407,265,MoveRight,1490,265,None
4077,414,265,MoveRight,1490,265,None
4078,421,265,MoveRight,1490,265,None
4079,428,265,MoveRight,1490,265,None
4080,435,265,MoveRight,1490,265,None
4081,442,265,MoveRight,1490,265,None
4082,449,265,MoveRight,1490,265,None
4083,456,265,MoveRight,1490,265,None
4084,463,265,MoveRight,1490,265,None
4085,470,265,MoveRight,1490,265,None
4086,477,265,MoveRight,1490,265,None
4087,484,265,MoveRight,1490,265,None
4088,491,265,MoveRight,1490,265,None
4089,498,265,MoveRight,1490,265,None
4090,505,265,MoveRight,1490,265,None
4091,512,265,MoveRight,1490,265,None
4092,519,265,MoveRight,1490,265,None
4093,526,265,MoveRight,1490,265,None
4094,533,265,MoveRight,1490,265,None
4095,540,265,MoveRight,1490,265,None
4096,547,265,MoveRight,1490,265,None
4097,554,265,MoveRight,1490,265,None
4098,561,265,MoveRight,1490,265,None
4099,568,265,MoveRight,1490,265,None
4100,575,265,MoveRight,1490,265,None
4101,582,265,MoveRight,1490,265,None
4102,589,265,MoveRight,1490,265,None
4103,596,265,MoveRight,1490,265,None
4104,603,265,MoveRight,1490,265,None
4105,610,265,MoveRight,1490,265,None
4106,617,265,MoveRight,1490,265,None
4107,624,265,MoveRight,1490,265,None
4108,631,265,MoveRight,1490,265,None
4109,638,265,MoveRight,1490,265,None
4110,645,265,MoveRight,1490,265,None
5367,643,265,MoveLeft,1490,265,None
5368,636,265,MoveLeft,1490,265,None
5369,629,265,MoveLeft,1490,265,None
5370,622,265,MoveLeft,1490,265,None
5371,615,265,MoveLeft,1490,265,None
5372,608,265,MoveLeft,1490,265,None
5373,601,265,MoveLeft,1490,265,None
5374,594,265,MoveLeft,1490,265,None
5380,601,265,MoveRight,1490,265,None
5381,608,265,MoveRight,1490,265,None
5382,615,265,MoveRight,1490,265,None
5383,622,265,MoveRight,1490,265,None
5394,629,265,MoveRight,1490,265,None
5395,636,265,MoveRight,1490,265,None
5396,643,265,MoveRight,1490,265,None
5397,650,265,MoveRight,1490,265,None
5416,643,265,MoveLeft,1490,265,None
5417,636,265,MoveLeft,1490,265,None
5418,629,265,MoveLeft,1490,265,None
5419,622,265,MoveLeft,1490,265,None
5420,615,265,MoveLeft,1490,265,None
5421,608,265,MoveLeft,1490,265,None
5422,601,265,MoveLeft,1490,265,None
5423,594,265,MoveLeft,1490,265,None
5424,587,265,MoveLeft,1490,265,None
5425,580,265,MoveLeft,1490,265,None
5426,573,265,MoveLeft,1490,265,None
5427,566,265,MoveLeft,1490,265,None
5428,559,265,MoveLeft,1490,265,None
5429,552,265,MoveLeft,1490,265,None
5430,545,265,MoveLeft,1490,265,None
5431,538,265,MoveLeft,1490,265,None
5432,531,265,MoveLeft,1490,265,None
5433,524,265,MoveLeft,1490,265,None
5434,517,265,MoveLeft,1490,265,None
5435,510,265,MoveLeft,1490,265,None
5436,503,265,MoveLeft,1490,265,None
5447,510,265,MoveRight,1490,265,None
5448,517,265,MoveRight,1490,265,None
5449,524,265,MoveRight,1490,265,None
5450,531,265,MoveRight,1490,265,None
5451,538,265,MoveRight,1490,265,None
5452,545,265,MoveRight,1490,265,None
5453,552,265,MoveRight,1490,265,None
5454,559,265,MoveRight,1490,265,None
5455,566,265,MoveRight,1490,265,None
5456,573,265,MoveRight,1490,265,None
5457,580,265,MoveRight,1490,265,None
5458,587,265,MoveRight,1490,265,None
5459,594,265,MoveRight,1490,265,None
5479,601,265,MoveRight,1490,265,None
5480,608,265,MoveRight,1490,265,None
5481,615,265,MoveRight,1490,265,None
5482,622,265,MoveRight,1490,265,None
5483,629,265,MoveRight,1490,265,None
5484,636,265,MoveRight,1490,265,None
5485,643,265,MoveRight,1490,265,None
5486,650,265,MoveRight,1490,265,None
5565,643,265,MoveLeft,1490,265,None
5566,636,265,MoveLeft,1490,265,None
5567,629,265,MoveLeft,1490,265,None
5568,622,265,MoveLeft,1490,265,None
5569,615,265,MoveLeft,1490,265,None
5570,608,265,MoveLeft,1490,265,None
5571,601,265,MoveLeft,1490,265,None
5572,594,265,MoveLeft,1490,265,None
5573,587,265,MoveLeft,1490,265,None
5574,580,265,MoveLeft,1490,265,None
5575,573,265,MoveLeft,1490,265,None
5576,566,265,MoveLeft,1490,265,None
5577,559,265,MoveLeft,1490,265,None
5578,552,265,MoveLeft,1490,265,None
5655,559,265,MoveRight,1490,265,None
5656,566,265,MoveRight,1490,265,None
5657,573,265,MoveRight,1490,265,None
5658,580,265,MoveRight,1490,265,None
5659,587,265,MoveRight,1490,265,None
5660,594,265,MoveRight,1490,265,None
5661,601,265,MoveRight,1490,265,None
5662,608,265,MoveRight,1490,265,None
5663,615,265,MoveRight,1490,265,None
5664,622,265,MoveRight,1490,265,None
5665,629,265,MoveRight,1490,265,None
5666,636,265,MoveRight,1490,265,None
5667,643,265,MoveRight,1490,265,None
5668,650,265,MoveRight,1490,265,None
5711,643,265,MoveLeft,1490,265,None
5712,636,265,MoveLeft,1490,265,None
5713,629,265,MoveLeft,1490,265,None
5714,622,265,MoveLeft,1490,265,None
5715,615,265,MoveLeft,1490,265,None
5716,608,265,MoveLeft,1490,265,None
5717,601,265,MoveLeft,1490,265,None
5718,594,265,MoveLeft,1490,265,None
5719,587,265,MoveLeft,1490,265,None
5720,580,265,MoveLeft,1490,265,None
5721,573,265,MoveLeft,1490,265,None
5742,580,265,MoveRight,1490,265,None
5743,587,265,MoveRight,1490,265,None
5744,594,265,MoveRight,1490,265,None
5745,601,265,MoveRight,1490,265,None
6087,601,265,Serve,1490,265,None
6087,601,265,None,1490,265,None
6088,601,265,None,1497,265,MoveRight
6089,601,265,None,1504,265,MoveRight
6090,601,265,None,1511,265,MoveRight
6091,601,265,None,1518,265,MoveRight
6092,601,265,None,1525,265,MoveRight
6093,601,265,None,1532,265,MoveRight
6094,601,265,None,1539,265,MoveRight
6095,601,265,None,1546,265,MoveRight
6096,601,265,None,1553,265,MoveRight
6097,601,265,None,1560,265,MoveRight
6098,601,265,None,1567,265,MoveRight
6099,601,265,None,1574,265,MoveRight
6100,601,265,None,1581,265,MoveRight
6101,601,265,None,1588,265,MoveRight
6102,601,265,None,1595,265,MoveRight
6103,601,265,None,1602,265,MoveRight
6104,601,265,None,1609,265,MoveRight
6105,601,265,None,1616,265,MoveRight
6106,601,265,None,1623,265,MoveRight
6107,601,265,None,1630,265,MoveRight
6108,601,265,None,1637,265,MoveRight
6109,601,265,None,1644,265,MoveRight
6110,601,265,None,1651,265,MoveRight
6111,601,265,None,1658,265,MoveRight
6112,601,265,None,1665,265,MoveRight
6113,601,265,None,1672,265,MoveRight
6114,601,265,None,1679,265,MoveRight
6115,601,265,None,1686,265,MoveRight
6116,601,265,None,1693,265,MoveRight
6117,601,265,None,1700,265,MoveRight
6118,601,265,None,1707,265,MoveRight
6119,601,265,None,1714,265,MoveRight
6120,601,265,None,1721,265,MoveRight
6121,601,265,None,1728,265,MoveRight
6122,601,265,None,1735,265,MoveRight
6123,601,265,None,1742,265,MoveRight
6124,601,265,None,1749,265,MoveRight
6125,601,265,None,1756,265,MoveRight
6126,601,265,None,1763,265,MoveRight
6127,601,265,None,1770,265,MoveRight
6128,601,265,None,1777,265,MoveRight
6129,601,265,None,1784,265,MoveRight
6130,601,265,None,1791,265,MoveRight
6131,601,265,None,1798,265,MoveRight
6132,601,265,None,1805,265,MoveRight
6133,601,265,None,1812,265,MoveRight
6134,601,265,None,1819,265,MoveRight
6135,601,265,None,1826,265,MoveRight
6136,601,265,None,1833,265,MoveRight
6137,601,265,None,1840,265,MoveRight
6138,601,265,None,1847,265,MoveRight
6139,601,265,None,1854,265,MoveRight
6140,601,265,None,1861,265,MoveRight
6141,601,265,None,1868,265,MoveRight
6142,601,265,None,1875,265,MoveRight
6143,601,265,None,1882,265,MoveRight
6144,601,265,None,1889,265,MoveRight
6145,601,265,None,1896,265,MoveRight
6146,601,265,None,1903,265,MoveRight
6147,601,265,None,1910,265,MoveRight
6148,601,265,None,1917,265,MoveRight
6149,601,265,None,1924,265,MoveRight
6150,601,265,None,1931,265,MoveRight
6151,601,265,None,1938,265,MoveRight
6152,601,265,None,1945,265,MoveRight
6153,601,265,None,1952,265,MoveRight
6154,601,265,None,1959,265,MoveRight
6155,601,265,None,1966,265,MoveRight
6156,601,265,None,1973,265,MoveRight
6157,601,265,None,1980,265,MoveRight
6158,601,265,None,1987,265,MoveRight
6159,601,265,None,1994,265,MoveRight
6160,601,265,None,2001,265,MoveRight
6161,601,265,None,2008,265,MoveRight
6162,601,265,None,2015,265,MoveRight
6165,1337,265,MoveRight,2410,265,None
6166,1344,265,MoveRight,2410,265,None
6167,1351,265,MoveRight,2410,265,None
6168,1358,265,MoveRight,2410,265,None
6169,1365,265,MoveRight,2410,265,None
6170,1372,265,MoveRight,2410,265,None
6171,1379,265,MoveRight,2410,265,None
6172,1386,265,MoveRight,2410,265,None
6173,1393,265,MoveRight,2410,265,None
6174,1400,265,MoveRight,2410,265,None
6175,1407,265,MoveRight,2410,265,None
6176,1414,265,MoveRight,2410,265,None
6177,1421,265,MoveRight,2410,265,None
6178,1428,265,MoveRight,2410,265,None
6179,1435,265,MoveRight,2410,265,None
6180,1442,265,MoveRight,2410,265,None
6181,1449,265,MoveRight,2410,265,None
6182,1456,265,MoveRight,2410,265,None
6183,1463,265,MoveRight,2410,265,None
6187,1456,265,MoveLeft,2410,265,None
6188,1449,265,MoveLeft,2410,265,None
6189,1442,265,MoveLeft,2410,265,None
6190,1435,265,MoveLeft,2410,265,None
6191,1428,265,MoveLeft,2410,265,None
6192,1421,265,MoveLeft,2410,265,None
6193,1414,265,MoveLeft,2410,265,None
6194,1407,265,MoveLeft,2410,265,None
6195,1400,265,MoveLeft,2410,265,None
6196,1393,265,MoveLeft,2410,265,None
6197,1386,265,MoveLeft,2410,265,None
6198,1379,265,MoveLeft,2410,265,None
6199,1372,265,MoveLeft,2410,265,None
6213,1372,265,None,2410,265,Serve
6213,1372,265,None,2410,265,None
6230,1319,265,MoveLeft,2410,265,None
6231,1312,265,MoveLeft,2410,265,None
6232,1305,265,MoveLeft,2410,265,None
6233,1298,265,MoveLeft,2410,265,None
6234,1291,265,MoveLeft,2410,265,None
6235,1284,265,MoveLeft,2410,265,None
6236,1277,265,MoveLeft,2410,265,None
6237,1270,265,MoveLeft,2410,265,None
6238,1263,265,MoveLeft,2410,265,None
6239,1256,265,MoveLeft,2410,265,None
6240,1249,265,MoveLeft,2410,265,None
6241,1242,265,MoveLeft,2410,265,None
6242,1235,265,MoveLeft,2410,265,None
6243,1228,265,MoveLeft,2410,265,None
6244,1221,265,MoveLeft,2410,265,None
6245,1214,265,MoveLeft,2410,265,None
6246,1207,265,MoveLeft,2410,265,None
6247,1200,265,MoveLeft,2410,265,None
6248,1193,265,MoveLeft,2410,265,None
6249,1186,265,MoveLeft,2410,265,None
6250,1179,265,MoveLeft,2410,265,None
6251,1172,265,MoveLeft,2410,265,None
6252,1165,265,MoveLeft,2410,265,None
6253,1158,265,MoveLeft,2410,265,None
6254,1151,265,MoveLeft,2410,265,None
6255,1144,265,MoveLeft,2410,265,None
6256,1137,265,MoveLeft,2410,265,None
6257,1130,265,MoveLeft,2410,265,None
6258,1123,265,MoveLeft,2410,265,None
6276,1116,265,MoveLeft,2410,265,None
6277,1109,265,MoveLeft,2410,265,None
6278,1102,265,MoveLeft,2410,265,None
6279,1095,265,MoveLeft,2410,265,None
6280,1088,265,MoveLeft,2410,265,None
6281,1081,265,MoveLeft,2410,265,None
6282,1074,265,MoveLeft,2410,265,None
6283,1067,265,MoveLeft,2410,265,None
6284,1060,265,MoveLeft,2410,265,None
6285,1053,265,MoveLeft,2410,265,None
6286,1046,265,MoveLeft,2410,265,None
6287,1039,265,MoveLeft,2410,265,None
6288,1032,265,MoveLeft,2410,265,None
6289,1025,265,MoveLeft,2410,265,None
6290,1323,265,MoveLeft,2410,265,None
6291,1316,265,MoveLeft,2410,265,None
6292,1309,265,MoveLeft,2410,265,None
6293,1302,265,MoveLeft,2410,265,None
6294,1295,265,MoveLeft,2410,265,None
6295,1288,265,MoveLeft,2410,265,None
6296,1281,265,MoveLeft,2410,265,None
6297,1274,265,MoveLeft,2410,265,None
6298,1267,265,MoveLeft,2410,265,None
6299,1260,265,MoveLeft,2410,265,None
6326,1253,265,MoveLeft,2410,265,None
6327,1246,265,MoveLeft,2410,265,None
6328,1239,265,MoveLeft,2410,265,None
6329,1232,265,MoveLeft,2410,265,None
6330,1225,265,MoveLeft,2410,265,None
6331,1218,265,MoveLeft,2410,265,None
6332,1211,265,MoveLeft,2410,265,None
6333,1204,265,MoveLeft,2410,265,None
6334,1197,265,MoveLeft,2410,265,None
6335,1190,265,MoveLeft,2410,265,None
6336,1183,265,MoveLeft,2410,265,None
6337,1176,265,MoveLeft,2410,265,None
6338,1169,265,MoveLeft,2410,265,None
6339,1162,265,MoveLeft,2410,265,None
6340,1162,265,None,2410,265,Serve
6340,1155,265,MoveLeft,2410,265,None
6340,1155,265,None,2410,265,None
6341,1148,265,MoveLeft,2410,265,None
6342,1141,265,MoveLeft,2410,265,None
6343,1134,265,MoveLeft,2410,265,None
6344,1127,265,MoveLeft,2410,265,None
6345,1120,265,MoveLeft,2410,265,None
6346,1113,265,MoveLeft,2410,265,None
6347,1106,265,MoveLeft,2410,265,None
6348,1099,265,MoveLeft,2410,265,None
6349,1092,265,MoveLeft,2410,265,None
6350,1085,265,MoveLeft,2410,265,None
6351,1078,265,MoveLeft,2410,265,None
6352,1071,265,MoveLeft,2410,265,None
6353,1064,265,MoveLeft,2410,265,None
6354,1057,265,MoveLeft,2410,265,None
6355,1050,265,MoveLeft,2410,265,None
6356,1043,265,MoveLeft,2410,265,None
6357,1036,265,MoveLeft,2410,265,None
6358,1029,265,MoveLeft,2410,265,None
6382,1022,265,MoveLeft,2410,265,None
6383,1015,265,MoveLeft,2410,265,None
6384,1008,265,MoveLeft,2410,265,None
6385,1001,265,MoveLeft,2410,265,None
6386,994,265,MoveLeft,2410,265,None
6387,987,265,MoveLeft,2410,265,None
6388,980,265,MoveLeft,2410,265,None
6389,973,265,MoveLeft,2410,265,None
6390,966,265,MoveLeft,2410,265,None
6391,959,265,MoveLeft,2410,265,None
6414,959,265,Bump,2410,265,None
6414,952,265,MoveLeft,2410,265,None
6415,952,265,None,2403,265,MoveLeft
6416,952,265,None,2396,265,MoveLeft
6417,952,265,None,2389,265,MoveLeft
6418,952,265,None,2382,265,MoveLeft
6419,952,265,None,2375,265,MoveLeft
6420,952,265,None,2368,265,MoveLeft
6421,952,265,None,2361,265,MoveLeft
6422,952,265,None,2354,265,MoveLeft
6423,952,265,None,2347,265,MoveLeft
6424,952,265,None,2340,265,MoveLeft
6425,952,265,None,2333,265,MoveLeft
6426,952,265,None,2326,265,MoveLeft
6427,952,265,None,2319,265,MoveLeft
6428,952,265,None,2312,265,MoveLeft
6429,952,265,None,2305,265,MoveLeft
6430,952,265,None,2298,265,MoveLeft
6431,952,265,None,2291,265,MoveLeft
6432,952,265,None,2284,265,MoveLeft
6433,952,265,None,2277,265,MoveLeft
6434,952,265,None,2270,265,MoveLeft
6435,952,265,None,2263,265,MoveLeft
6436,952,265,None,2256,265,MoveLeft
6437,952,265,None,2249,265,MoveLeft
6438,952,265,None,2242,265,MoveLeft
6439,952,265,None,2235,265,MoveLeft
6440,952,265,None,2228,265,MoveLeft
6441,959,265,MoveRight,2228,265,None
6441,959,265,None,2221,265,MoveLeft
6442,966,265,MoveRight,2221,265,None
6442,966,265,None,2214,265,MoveLeft
6443,973,265,MoveRight,2214,265,None
6443,973,265,None,2207,265,MoveLeft
6444,980,265,MoveRight,2207,265,None
6444,980,265,None,2200,265,MoveLeft
6445,987,265,MoveRight,2200,265,None
6445,987,265,None,2193,265,MoveLeft
6446,994,265,MoveRight,2193,265,None
6446,994,265,None,2186,265,MoveLeft
6447,1001,265,MoveRight,2186,265,None
6447,1001,265,None,2179,265,MoveLeft
6448,1008,265,MoveRight,2179,265,None
6448,1008,265,None,2172,265,MoveLeft
6449,1015,265,MoveRight,2172,265,None
6449,1015,265,None,2165,265,MoveLeft
6450,1022,265,MoveRight,2165,265,None
6450,1022,265,None,2158,265,MoveLeft
6451,1029,265,MoveRight,2158,265,None
6451,1029,265,None,2151,265,MoveLeft
6452,1036,265,MoveRight,2151,265,None
6452,1036,265,None,2144,265,MoveLeft
6453,1043,265,MoveRight,2144,265,None
6453,1043,265,None,2137,265,MoveLeft
6454,1050,265,MoveRight,2137,265,None
6454,1050,265,None,2130,265,MoveLeft
6455,1057,265,MoveRight,2130,265,None
6455,1057,265,None,2123,265,MoveLeft
6456,1064,265,MoveRight,2123,265,None
6456,1064,265,None,2116,265,MoveLeft
6457,1071,265,MoveRight,2116,265,None
6457,1071,265,None,2109,265,MoveLeft
6458,1078,265,MoveRight,2109,265,None
6458,1078,265,None,2102,265,MoveLeft
6459,1085,265,MoveRight,2102,265,None
6459,1085,265,None,2095,265,MoveLeft
6460,1085,265,None,2088,265,MoveLeft
6461,1085,265,None,2081,265,MoveLeft
6462,1085,265,None,2074,265,MoveLeft
6463,1085,265,None,2067,265,MoveLeft
6464,1085,265,None,2060,265,MoveLeft
6465,1085,265,None,2053,265,MoveLeft
6466,1085,265,None,2046,265,MoveLeft
6467,1085,265,None,2039,265,MoveLeft
6468,1092,265,MoveRight,2039,265,None
6468,1092,265,None,2032,265,MoveLeft
6469,1099,265,MoveRight,2032,265,None
6469,1099,265,None,2025,265,MoveLeft
6470,1106,265,MoveRight,2025,265,None
6470,1106,265,None,2018,265,MoveLeft
6471,1113,265,MoveRight,2018,265,None
6471,1113,265,None,2011,265,MoveLeft
6472,1120,265,MoveRight,2011,265,None
6472,1120,265,None,2004,265,MoveLeft
6473,1127,265,MoveRight,2004,265,None
6473,1127,265,None,1997,265,MoveLeft
6474,1134,265,MoveRight,1997,265,None
6474,1134,265,None,1990,265,MoveLeft
6475,1141,265,MoveRight,1990,265,None
6475,1141,265,None,1983,265,MoveLeft
6476,1148,265,MoveRight,1983,265,None
6476,1148,265,None,1976,265,MoveLeft
6477,1155,265,MoveRight,1976,265,None
6477,1155,265,None,1969,265,MoveLeft
6478,1162,265,MoveRight,1969,265,None
6478,1162,265,None,1962,265,MoveLeft
6479,1169,265,MoveRight,1962,265,None
6479,1169,265,None,1955,265,MoveLeft
6480,1176,265,MoveRight,1955,265,None
6480,1176,265,None,1948,265,MoveLeft
6481,1183,265,MoveRight,1948,265,None
6481,1183,265,None,1941,265,MoveLeft
6482,1183,265,None,1934,265,MoveLeft
6483,1183,265,None,1927,265,MoveLeft
6484,1183,265,None,1920,265,MoveLeft
6485,1183,265,None,1913,265,MoveLeft
6486,1183,265,None,1906,265,MoveLeft
6487,1183,265,None,1899,265,MoveLeft
6488,1183,265,None,1892,265,MoveLeft
6489,1183,265,None,1885,265,MoveLeft
6490,1183,265,None,1878,265,MoveLeft
6491,1183,265,None,1871,265,MoveLeft
6492,1183,265,None,1864,265,MoveLeft
6493,1183,265,None,1857,265,MoveLeft
6494,1183,265,None,1850,265,MoveLeft
6495,1183,265,None,1843,265,MoveLeft
6496,1183,265,None,1836,265,MoveLeft
6497,1183,265,None,1829,265,MoveLeft
6498,1190,265,MoveRight,1829,265,None
6498,1190,265,None,1822,265,MoveLeft
6499,1197,265,MoveRight,1822,265,None
6499,1197,265,None,1815,265,MoveLeft
6500,1204,265,MoveRight,1815,265,None
6500,1204,265,None,1808,265,MoveLeft
6501,1211,265,MoveRight,1808,265,None
6501,1211,265,None,1801,265,MoveLeft
6502,1218,265,MoveRight,1801,265,None
6502,1218,265,None,1794,265,MoveLeft
6503,1225,265,MoveRight,1794,265,None
6503,1225,265,None,1787,265,MoveLeft
6504,1232,265,MoveRight,1787,265,None
6504,1232,265,None,1780,265,MoveLeft
6505,1239,265,MoveRight,1780,265,None
6505,1239,265,None,1773,265,MoveLeft
6506,1246,265,MoveRight,1773,265,None
6506,1246,265,None,1766,265,MoveLeft
6507,1253,265,MoveRight,1766,265,None
6507,1253,265,None,1759,265,MoveLeft
6508,1260,265,MoveRight,1759,265,None
6508,1260,265,None,1752,265,MoveLeft
6509,1267,265,MoveRight,1752,265,None
6509,1267,265,None,1745,265,MoveLeft
6510,1274,265,MoveRight,1745,265,None
6510,1274,265,None,1738,265,MoveLeft
6511,1274,265,Set,1738,265,None
6511,1281,265,MoveRight,1738,265,None
6511,1281,265,None,1731,265,MoveLeft
6512,1281,265,None,1724,265,MoveLeft
6513,1281,265,None,1717,265,MoveLeft
6514,1281,265,None,1710,265,MoveLeft
6755,1281,284.62,None,1710,265,None
6778,1281,520.06,None,1710,265,None
6808,1284.5,343.48,MoveRight,1710,265,None
6809,1288,333.67,MoveRight,1710,265,None
6810,1291.5,323.86,MoveRight,1710,265,None
6811,1295,314.05,MoveRight,1710,265,None
6812,1298.5,304.24,MoveRight,1710,265,None
6813,1302,294.43,MoveRight,1710,265,None
6833,1309,265,MoveRight,1710,265,None
6834,1316,265,MoveRight,1710,265,None
6835,1323,265,MoveRight,1710,265,None
6856,1326,471.01,None,1710,265,None
6870,1326,549.49,None,1710,265,None
6983,1326,284.62,None,1710,265,None
7012,1326,578.92,None,1710,265,None
7015,1326,549.49,None,1710,265,None
7018,1326,520.06,None,1710,265,None
7019,1326,510.25,None,1710,265,None
7024,1326,461.2,None,1710,265,None
7025,1326,451.39,SpikeLight,1710,265,None
7025,1326,451.39,None,1710,265,None
7041,1326,294.43,None,1710,265,None
7043,1326,274.81,None,1710,265,None
7048,1326,265,None,1710,265,None
7049,1326,265,None,1710,265,None
7054,1326,265,None,1710,265,None
7059,1326,265,None,1710,265,None
7065,1326,265,None,1710,265,None
7066,1326,284.62,None,1710,265,None
7070,1326,333.67,None,1710,265,None
7071,1326,343.48,None,1710,265,None
7075,1326,363.1,SpikeLight,1710,265,None
7075,1326,382.72,None,1710,265,None
7088,1330,392.53,SpikeLight,2410,265,None
7088,1330,412.15,None,2410,265,None
7092,1330,451.39,None,2410,265,None
7094,1330,451.39,SpikeStrong,2410,265,None
7094,1330,471.01,None,2410,265,None
7100,1330,431.77,None,2410,265,None
7126,1330,265,None,2410,265,Serve
7126,1330,265,None,2410,265,None
7156,1323,265,MoveLeft,2410,265,None
7157,1316,265,MoveLeft,2410,265,None
7158,1309,265,MoveLeft,2410,265,None
7159,1302,265,MoveLeft,2410,265,None
7160,1295,265,MoveLeft,2410,265,None
7161,1288,265,MoveLeft,2410,265,None
7162,1281,265,MoveLeft,2410,265,None
7163,1274,265,MoveLeft,2410,265,None
7164,1267,265,MoveLeft,2410,265,None
7165,1260,265,MoveLeft,2410,265,None
7166,1253,265,MoveLeft,2410,265,None
7167,1246,265,MoveLeft,2410,265,None
7168,1239,265,MoveLeft,2410,265,None
7169,1232,265,MoveLeft,2410,265,None
7170,1225,265,MoveLeft,2410,265,None
7171,1218,265,MoveLeft,2410,265,None
7172,1211,265,MoveLeft,2410,265,None
7173,1204,265,MoveLeft,2410,265,None
7174,1197,265,MoveLeft,2410,265,None
7175,1190,265,MoveLeft,2410,265,None
7176,1183,265,MoveLeft,2410,265,None
7177,1176,265,MoveLeft,2410,265,None
7178,1169,265,MoveLeft,2410,265,None
7179,1162,265,MoveLeft,2410,265,None
7180,1155,265,MoveLeft,2410,265,None
7181,1148,265,MoveLeft,2410,265,None
7182,1141,265,MoveLeft,2410,265,None
7183,1134,265,MoveLeft,2410,265,None
7184,1127,265,MoveLeft,2410,265,None
7185,1120,265,MoveLeft,2410,265,None
7186,1113,265,MoveLeft,2410,265,None
7187,1106,265,MoveLeft,2410,265,None
7188,1099,265,MoveLeft,2410,265,None
7189,1092,265,MoveLeft,2410,265,None
7190,1085,265,MoveLeft,2410,265,None
7194,1078,265,MoveLeft,2410,265,None
7195,1071,265,MoveLeft,2410,265,None
7196,1064,265,MoveLeft,2410,265,None
7197,1057,265,MoveLeft,2410,265,None
7198,1050,265,MoveLeft,2410,265,None
7199,1043,265,MoveLeft,2410,265,None
7200,1036,265,MoveLeft,2410,265,None
7201,1029,265,MoveLeft,2410,265,None
7202,1022,265,MoveLeft,2410,265,None
7203,1323,265,MoveLeft,2410,265,None
7204,1316,265,MoveLeft,2410,265,None
7205,1309,265,MoveLeft,2410,265,None
7206,1302,265,MoveLeft,2410,265,None
7207,1295,265,MoveLeft,2410,265,None
7208,1288,265,MoveLeft,2410,265,None
7209,1281,265,MoveLeft,2410,265,None
7210,1274,265,MoveLeft,2410,265,None
7211,1267,265,MoveLeft,2410,265,None
7212,1260,265,MoveLeft,2410,265,None
7236,1253,265,MoveLeft,2410,265,None
7237,1246,265,MoveLeft,2410,265,None
7238,1239,265,MoveLeft,2410,265,None
7239,1232,265,MoveLeft,2410,265,None
7240,1225,265,MoveLeft,2410,265,None
7241,1218,265,MoveLeft,2410,265,None
7242,1211,265,MoveLeft,2410,265,None
7243,1204,265,MoveLeft,2410,265,None
7244,1197,265,MoveLeft,2410,265,None
7245,1190,265,MoveLeft,2410,265,None
7246,1183,265,MoveLeft,2410,265,None
7247,1176,265,MoveLeft,2410,265,None
7248,1169,265,MoveLeft,2410,265,None
7249,1162,265,MoveLeft,2410,265,None
7250,1155,265,MoveLeft,2410,265,None
7251,1148,265,MoveLeft,2410,265,None
7252,1141,265,MoveLeft,2410,265,None
7253,1141,265,None,2410,265,Serve
7253,1134,265,MoveLeft,2410,265,None
7253,1134,265,None,2410,265,None
7254,1127,265,MoveLeft,2410,265,None
7255,1120,265,MoveLeft,2410,265,None
7256,1113,265,MoveLeft,2410,265,None
7257,1106,265,MoveLeft,2410,265,None
7258,1099,265,MoveLeft,2410,265,None
7259,1092,265,MoveLeft,2410,265,None
7260,1085,265,MoveLeft,2410,265,None
7261,1078,265,MoveLeft,2410,265,None
7262,1071,265,MoveLeft,2410,265,None
7263,1064,265,MoveLeft,2410,265,None
7380,1330,265,None,2410,265,Serve
7380,1330,265,None,2410,265,None
7383,1323,265,MoveLeft,2410,265,None
7384,1316,265,MoveLeft,2410,265,None
7385,1309,265,MoveLeft,2410,265,None
7386,1302,265,MoveLeft,2410,265,None
7387,1295,265,MoveLeft,2410,265,None
7388,1288,265,MoveLeft,2410,265,None
7389,1281,265,MoveLeft,2410,265,None
7390,1274,265,MoveLeft,2410,265,None
7391,1267,265,MoveLeft,2410,265,None
7392,1260,265,MoveLeft,2410,265,None
7393,1253,265,MoveLeft,2410,265,None
7394,1246,265,MoveLeft,2410,265,None
7395,1239,265,MoveLeft,2410,265,None
7396,1232,265,MoveLeft,2410,265,None
7397,1225,265,MoveLeft,2410,265,None
7398,1218,265,MoveLeft,2410,265,None
7399,1211,265,MoveLeft,2410,265,None
7400,1204,265,MoveLeft,2410,265,None
7401,1197,265,MoveLeft,2410,265,None
7402,1190,265,MoveLeft,2410,265,None
7403,1183,265,MoveLeft,2410,265,None
7404,1176,265,MoveLeft,2410,265,None
7405,1169,265,MoveLeft,2410,265,None
7406,1162,265,MoveLeft,2410,265,None
7407,1155,265,MoveLeft,2410,265,None
7408,1148,265,MoveLeft,2410,265,None
7409,1141,265,MoveLeft,2410,265,None
7410,1134,265,MoveLeft,2410,265,None
7411,1127,265,MoveLeft,2410,265,None
7412,1120,265,MoveLeft,2410,265,None
7413,1113,265,MoveLeft,2410,265,None
7427,1106,265,MoveLeft,2410,265,None
7428,1099,265,MoveLeft,2410,265,None
7429,1092,265,MoveLeft,2410,265,None
7430,1085,265,MoveLeft,2410,265,None
7431,1078,265,MoveLeft,2410,265,None
7432,1071,265,MoveLeft,2410,265,None
7433,1064,265,MoveLeft,2410,265,None
7434,1057,265,MoveLeft,2410,265,None
7435,1050,265,MoveLeft,2410,265,None
7436,1043,265,MoveLeft,2410,265,None
7437,1036,265,MoveLeft,2410,265,None
7438,1029,265,MoveLeft,2410,265,None
7439,1022,265,MoveLeft,2410,265,None
7440,1015,265,MoveLeft,2410,265,None
7441,1008,265,MoveLeft,2410,265,None
7442,1001,265,MoveLeft,2410,265,None
7453,994,265,MoveLeft,2410,265,None
7454,987,265,MoveLeft,2410,265,None
7455,980,265,MoveLeft,2410,265,None
7456,973,265,MoveLeft,2410,265,None
7457,1323,265,MoveLeft,2410,265,None
7458,1316,265,MoveLeft,2410,265,None
7484,1309,265,MoveLeft,2410,265,None
7485,1302,265,MoveLeft,2410,265,None
7486,1295,265,MoveLeft,2410,265,None
7487,1288,265,MoveLeft,2410,265,None
7488,1281,265,MoveLeft,2410,265,None
7489,1274,265,MoveLeft,2410,265,None
7490,1267,265,MoveLeft,2410,265,None
7491,1260,265,MoveLeft,2410,265,None
7492,1253,265,MoveLeft,2410,265,None
7493,1246,265,MoveLeft,2410,265,None
7494,1239,265,MoveLeft,2410,265,None
7495,1232,265,MoveLeft,2410,265,None
7496,1225,265,MoveLeft,2410,265,None
7497,1218,265,MoveLeft,2410,265,None
7498,1211,265,MoveLeft,2410,265,None
7499,1204,265,MoveLeft,2410,265,None
7500,1197,265,MoveLeft,2410,265,None
7501,1190,265,MoveLeft,2410,265,None
7502,1183,265,MoveLeft,2410,265,None
7503,1176,265,MoveLeft,2410,265,None
7504,1169,265,MoveLeft,2410,265,None
7505,1162,265,MoveLeft,2410,265,None
7506,1155,265,MoveLeft,2410,265,None
7507,1155,265,None,2410,265,Serve
7507,1148,265,MoveLeft,2410,265,None
7507,1148,265,None,2410,265,None
7508,1141,265,MoveLeft,2410,265,None
7509,1134,265,MoveLeft,2410,265,None
7510,1127,265,MoveLeft,2410,265,None
7511,1120,265,MoveLeft,2410,265,None
7512,1113,265,MoveLeft,2410,265,None
7513,1106,265,MoveLeft,2410,265,None
7524,1099,265,MoveLeft,2410,265,None
7525,1092,265,MoveLeft,2410,265,None
7526,1085,265,MoveLeft,2410,265,None
7527,1078,265,MoveLeft,2410,265,None
7528,1071,265,MoveLeft,2410,265,None
7529,1064,265,MoveLeft,2410,265,None
7530,1057,265,MoveLeft,2410,265,None
7531,1050,265,MoveLeft,2410,265,None
7532,1043,265,MoveLeft,2410,265,None
7533,1036,265,MoveLeft,2410,265,None
7547,1043,265,MoveRight,2410,265,None
7548,1050,265,MoveRight,2410,265,None
7549,1057,265,MoveRight,2410,265,None
7550,1064,265,MoveRight,2410,265,None
7551,1071,265,MoveRight,2410,265,None
7552,1078,265,MoveRight,2410,265,None
7553,1085,265,MoveRight,2410,265,None
7555,1078,265,MoveLeft,2410,265,None
7556,1071,265,MoveLeft,2410,265,None
7557,1064,265,MoveLeft,2410,265,None
7558,1057,265,MoveLeft,2410,265,None
7559,1050,265,MoveLeft,2410,265,None
7560,1043,265,MoveLeft,2410,265,None
7561,1036,265,MoveLeft,2410,265,None
7562,1029,265,MoveLeft,2410,265,None
7563,1022,265,MoveLeft,2410,265,None
7564,1015,265,MoveLeft,2410,265,None
7565,1008,265,MoveLeft,2410,265,None
7566,1001,265,MoveLeft,2410,265,None
7567,994,265,MoveLeft,2410,265,None
7568,987,265,MoveLeft,2410,265,None
7569,980,265,MoveLeft,2410,265,None
7570,973,265,MoveLeft,2410,265,None
7571,966,265,MoveLeft,2410,265,None
7572,959,265,MoveLeft,2410,265,None
7573,952,265,MoveLeft,2410,265,None
7574,945,265,MoveLeft,2410,265,None
7575,938,265,MoveLeft,2410,265,None
7576,931,265,MoveLeft,2410,265,None
7577,924,265,MoveLeft,2410,265,None
7578,917,265,MoveLeft,2410,265,None
7579,910,265,MoveLeft,2410,265,None
7580,910,265,Bump,2410,265,None
7580,903,265,MoveLeft,2410,265,None
7581,903,265,None,2403,265,MoveLeft
7582,903,265,None,2396,265,MoveLeft
7583,903,265,None,2389,265,MoveLeft
7584,903,265,None,2382,265,MoveLeft
7585,903,265,None,2375,265,MoveLeft
7586,903,265,None,2368,265,MoveLeft
7587,903,265,None,2361,265,MoveLeft
7588,903,265,None,2354,265,MoveLeft
7589,903,265,None,2347,265,MoveLeft
7590,903,265,None,2340,265,MoveLeft
7591,903,265,None,2333,265,MoveLeft
7592,903,265,None,2326,265,MoveLeft
7593,903,265,None,2319,265,MoveLeft
7594,903,265,None,2312,265,MoveLeft
7595,903,265,None,2305,265,MoveLeft
7596,903,265,None,2298,265,MoveLeft
7597,903,265,None,2291,265,MoveLeft
7598,903,265,None,2284,265,MoveLeft
7599,903,265,None,2277,265,MoveLeft
7600,910,265,MoveRight,2277,265,None
7600,910,265,None,2270,265,MoveLeft
7601,917,265,MoveRight,2270,265,None
7601,917,265,None,2263,265,MoveLeft
7602,924,265,MoveRight,2263,265,None
7602,924,265,None,2256,265,MoveLeft
7603,931,265,MoveRight,2256,265,None
7603,931,265,None,2249,265,MoveLeft
7604,938,265,MoveRight,2249,265,None
7604,938,265,None,2242,265,MoveLeft
7605,945,265,MoveRight,2242,265,None
7605,945,265,None,2235,265,MoveLeft
7606,952,265,MoveRight,2235,265,None
7606,952,265,None,2228,265,MoveLeft
7607,959,265,MoveRight,2228,265,None
7607,959,265,None,2221,265,MoveLeft
7608,966,265,MoveRight,2221,265,None
7608,966,265,None,2214,265,MoveLeft
7609,973,265,MoveRight,2214,265,None
7609,973,265,None,2207,265,MoveLeft
7610,980,265,MoveRight,2207,265,None
7610,980,265,None,2200,265,MoveLeft
7611,987,265,MoveRight,2200,265,None
7611,987,265,None,2193,265,MoveLeft
7612,994,265,MoveRight,2193,265,None
7612,994,265,None,2186,265,MoveLeft
7613,1001,265,MoveRight,2186,265,None
7613,1001,265,None,2179,265,MoveLeft
7614,1008,265,MoveRight,2179,265,None
7614,1008,265,None,2172,265,MoveLeft
7615,1015,265,MoveRight,2172,265,None
7615,1015,265,None,2165,265,MoveLeft
7616,1022,265,MoveRight,2165,265,None
7616,1022,265,None,2158,265,MoveLeft
7617,1029,265,MoveRight,2158,265,None
7617,1029,265,None,2151,265,MoveLeft
7618,1036,265,MoveRight,2151,265,None
7618,1036,265,None,2144,265,MoveLeft
7619,1043,265,MoveRight,2144,265,None
7619,1043,265,None,2137,265,MoveLeft
7620,1050,265,MoveRight,2137,265,None
7620,1050,265,None,2130,265,MoveLeft
7621,1057,265,MoveRight,2130,265,None
7621,1057,265,None,2123,265,MoveLeft
7622,1064,265,MoveRight,2123,265,None
7622,1064,265,None,2116,265,MoveLeft
7623,1071,265,MoveRight,2116,265,None
7623,1071,265,None,2109,265,MoveLeft
7624,1078,265,MoveRight,2109,265,None
7624,1078,265,None,2102,265,MoveLeft
7625,1085,265,MoveRight,2102,265,None
7625,1085,265,None,2095,265,MoveLeft
7626,1092,265,MoveRight,2095,265,None
7626,1092,265,None,2088,265,MoveLeft
7627,1099,265,MoveRight,2088,265,None
7627,1099,265,None,2081,265,MoveLeft
7628,1106,265,MoveRight,2081,265,None
7628,1106,265,None,2074,265,MoveLeft
7629,1113,265,MoveRight,2074,265,None
7629,1113,265,None,2067,265,MoveLeft
7630,1120,265,MoveRight,2067,265,None
7630,1120,265,None,2060,265,MoveLeft
7631,1127,265,MoveRight,2060,265,None
7631,1127,265,None,2053,265,MoveLeft
7632,1134,265,MoveRight,2053,265,None
7632,1134,265,None,2046,265,MoveLeft
7633,1141,265,MoveRight,2046,265,None
7633,1141,265,None,2039,265,MoveLeft
7634,1148,265,MoveRight,2039,265,None
7634,1148,265,None,2032,265,MoveLeft
7635,1155,265,MoveRight,2032,265,None
7635,1155,265,None,2025,265,MoveLeft
7636,1162,265,MoveRight,2025,265,None
7636,1162,265,None,2018,265,MoveLeft
7637,1162,265,None,2011,265,MoveLeft
7638,1162,265,None,2004,265,MoveLeft
7639,1162,265,None,1997,265,MoveLeft
7640,1162,265,None,1990,265,MoveLeft
7641,1162,265,None,1983,265,MoveLeft
7642,1169,265,MoveRight,1983,265,None
7642,1169,265,None,1976,265,MoveLeft
7643,1176,265,MoveRight,1976,265,None
7643,1176,265,None,1969,265,MoveLeft
7644,1183,265,MoveRight,1969,265,None
7644,1183,265,None,1962,265,MoveLeft
7645,1190,265,MoveRight,1962,265,None
7645,1190,265,None,1955,265,MoveLeft
7646,1197,265,MoveRight,1955,265,None
7646,1197,265,None,1948,265,MoveLeft
7647,1204,265,MoveRight,1948,265,None
7647,1204,265,None,1941,265,MoveLeft
7648,1211,265,MoveRight,1941,265,None
7648,1211,265,None,1934,265,MoveLeft
7649,1218,265,MoveRight,1934,265,None
7649,1218,265,None,1927,265,MoveLeft
7650,1225,265,MoveRight,1927,265,None
7650,1225,265,None,1920,265,MoveLeft
7651,1225,265,None,1913,265,MoveLeft
7652,1225,265,None,1906,265,MoveLeft
7653,1225,265,None,1899,265,MoveLeft
7654,1225,265,None,1892,265,MoveLeft
7655,1225,265,None,1885,265,MoveLeft
7656,1225,265,None,1878,265,MoveLeft
7657,1225,265,None,1871,265,MoveLeft
7658,1225,265,None,1864,265,MoveLeft
7659,1225,265,None,1857,265,MoveLeft
7660,1232,265,MoveRight,1857,265,None
7660,1232,265,None,1850,265,MoveLeft
7661,1239,265,MoveRight,1850,265,None
7661,1239,265,None,1843,265,MoveLeft
7662,1246,265,MoveRight,1843,265,None
7662,1246,265,None,1836,265,MoveLeft
7663,1253,265,MoveRight,1836,265,None
7663,1253,265,None,1829,265,MoveLeft
7664,1260,265,MoveRight,1829,265,None
7664,1260,265,None,1822,265,MoveLeft
7665,1267,265,MoveRight,1822,265,None
7665,1267,265,None,1815,265,MoveLeft
7666,1274,265,MoveRight,1815,265,None
7666,1274,265,None,1808,265,MoveLeft
7667,1281,265,MoveRight,1808,265,None
7667,1281,265,None,1801,265,MoveLeft
7668,1288,265,MoveRight,1801,265,None
7668,1288,265,None,1794,265,MoveLeft
7669,1295,265,MoveRight,1794,265,None
7669,1295,265,None,1787,265,MoveLeft
7670,1302,265,MoveRight,1787,265,None
7670,1302,265,None,1780,265,MoveLeft
7671,1309,265,MoveRight,1780,265,None
7671,1309,265,None,1773,265,MoveLeft
7672,1316,265,MoveRight,1773,265,None
7672,1316,265,None,1766,265,MoveLeft
7673,1316,265,Set,1766,265,None
7673,1323,265,MoveRight,1766,265,None
7673,1323,265,None,1759,265,MoveLeft
7674,1323,265,None,1752,265,MoveLeft
7675,1323,265,None,1745,265,MoveLeft
7676,1323,265,None,1738,265,MoveLeft
7677,1323,265,None,1731,265,MoveLeft
7678,1323,265,None,1724,265,MoveLeft
7679,1323,265,None,1717,265,MoveLeft
7680,1323,265,None,1710,265,MoveLeft
7681,1323,265,None,1703,265,MoveLeft
7682,1323,265,None,1696,265,MoveLeft
7683,1323,265,None,1689,265,MoveLeft
7684,1323,265,None,1682,265,MoveLeft
7685,1323,265,None,1675,265,MoveLeft
7686,1323,265,None,1668,265,MoveLeft
7687,1323,265,None,1661,265,MoveLeft
7688,1323,265,None,1654,265,MoveLeft
7689,1323,265,None,1647,265,MoveLeft
7690,1323,265,None,1640,265,MoveLeft
7691,1323,265,None,1633,265,MoveLeft
7692,1323,265,None,1626,265,MoveLeft
7693,1323,265,None,1619,265,MoveLeft
7694,1323,265,None,1612,265,MoveLeft
7695,1323,265,None,1605,265,MoveLeft
7696,1323,265,None,1598,265,MoveLeft
7697,1323,265,None,1591,265,MoveLeft
7698,1323,265,None,1584,265,MoveLeft
7699,1323,265,None,1577,265,MoveLeft
7700,1323,265,None,1570,265,MoveLeft
7701,1323,265,None,1563,265,MoveLeft
7702,1323,265,None,1556,265,MoveLeft
7703,1323,265,None,1549,265,MoveLeft
7704,1323,265,None,1542,265,MoveLeft
7705,1323,265,None,1535,265,MoveLeft
7706,1323,265,None,1528,265,MoveLeft
7707,1323,265,None,1521,265,MoveLeft
7708,1323,265,None,1514,265,MoveLeft
7709,1323,265,None,1507,265,MoveLeft
7710,1323,265,None,1500,265,MoveLeft
7711,1323,265,None,1493,265,MoveLeft
7712,1323,265,None,1486,265,MoveLeft
7713,1323,265,None,1479,265,MoveLeft
7714,1323,265,None,1472,265,MoveLeft
7715,1323,265,None,1465,265,MoveLeft
7716,1323,265,None,1458,265,MoveLeft
7717,1323,265,None,1451,265,MoveLeft
7718,1323,265,None,1444,265,MoveLeft
7719,1323,265,None,1437,265,MoveLeft
7720,1323,265,None,1430,265,MoveLeft
7721,1323,265,None,1423,265,MoveLeft
7722,1323,265,None,1416,265,MoveLeft
7723,1323,265,None,1409,265,MoveLeft
7724,1323,265,None,1402,265,MoveLeft
7725,1323,265,None,1395,265,MoveLeft
7726,1323,265,None,1388,265,MoveLeft
7727,1323,265,None,1381,265,MoveLeft
7728,1323,265,None,1374,265,MoveLeft
7729,1323,265,None,1367,265,MoveLeft
7730,1323,265,None,1360,265,MoveLeft
7739,1316,265,MoveLeft,1360,265,None
7740,1309,265,MoveLeft,1360,265,None
7757,1309,284.62,None,1360,265,None
7768,1309,402.34,None,1360,265,None
7779,1309,510.25,None,1360,265,None
7797,1305.5,471.01,MoveLeft,1360,265,None
7798,1302,461.2,MoveLeft,1360,265,None
7799,1298.5,451.39,MoveLeft,1360,265,None
7800,1295,441.58,MoveLeft,1360,265,None
7801,1291.5,431.77,MoveLeft,1360,265,None
7802,1288,421.96,MoveLeft,1360,265,None
7803,1284.5,412.15,MoveLeft,1360,265,None
7804,1281,402.34,MoveLeft,1360,265,None
7805,1277.5,392.53,MoveLeft,1360,265,None
7806,1274,382.72,MoveLeft,1360,265,None
7807,1270.5,372.91,MoveLeft,1360,265,None
7808,1267,363.1,MoveLeft,1360,265,None
7809,1263.5,353.29,MoveLeft,1360,265,None
7810,1260,343.48,MoveLeft,1360,265,None
7811,1256.5,333.67,MoveLeft,1360,265,None
7812,1253,323.86,MoveLeft,1360,265,None
7813,1249.5,314.05,MoveLeft,1360,265,None
7837,1249.5,284.62,None,1360,265,None
7865,1249.5,569.11,None,1360,265,None
7876,1253,480.82,MoveRight,1360,265,None
7877,1256.5,471.01,MoveRight,1360,265,None
7878,1260,461.2,MoveRight,1360,265,None
7879,1263.5,451.39,MoveRight,1360,265,None
7880,1267,441.58,MoveRight,1360,265,None
7881,1270.5,431.77,MoveRight,1360,265,None
7882,1274,421.96,MoveRight,1360,265,None
7883,1277.5,412.15,MoveRight,1360,265,None
7884,1281,402.34,MoveRight,1360,265,None
7885,1284.5,392.53,MoveRight,1360,265,None
7886,1288,382.72,MoveRight,1360,265,None
7887,1291.5,372.91,MoveRight,1360,265,None
7888,1295,363.1,MoveRight,1360,265,None
7889,1298.5,353.29,MoveRight,1360,265,None
7890,1302,343.48,MoveRight,1360,265,None
7918,1302,284.62,None,1360,265,None
7934,1302,451.39,None,1360,265,None
7947,1302,578.92,None,1360,265,None
7948,1302,569.11,SpikeLight,1360,265,None
7948,1302,569.11,None,1360,265,None
7949,1302,559.3,None,1367,265,MoveRight
7950,1302,549.49,None,1374,265,MoveRight
7951,1302,539.68,None,1381,265,MoveRight
7952,1302,529.87,None,1388,265,MoveRight
7953,1302,520.06,None,1395,265,MoveRight
7954,1302,510.25,None,1402,265,MoveRight
7955,1302,500.44,None,1409,265,MoveRight
7956,1302,490.63,None,1416,265,MoveRight
7957,1302,480.82,None,1423,265,MoveRight
7958,1302,471.01,None,1430,265,MoveRight
7959,1302,461.2,None,1437,265,MoveRight
7960,1302,451.39,None,1444,265,MoveRight
7961,1305.5,441.58,MoveRight,1444,265,None
7961,1305.5,441.58,None,1451,265,MoveRight
7962,1309,431.77,MoveRight,1451,265,None
7962,1309,431.77,None,1458,265,MoveRight
7963,1312.5,421.96,MoveRight,1458,265,None
7963,1312.5,421.96,None,1465,265,MoveRight
7964,1316,412.15,MoveRight,1465,265,None
7964,1316,412.15,None,1472,265,MoveRight
7965,1319.5,402.34,MoveRight,1472,265,None
7965,1319.5,402.34,None,1479,265,MoveRight
7966,1319.5,392.53,None,1486,265,MoveRight
7967,1319.5,382.72,None,1493,265,MoveRight
7968,1319.5,372.91,None,1500,265,MoveRight
7969,1319.5,363.1,None,1507,265,MoveRight
7970,1319.5,353.29,None,1514,265,MoveRight
7971,1319.5,343.48,None,1521,265,MoveRight
7972,1319.5,333.67,None,1528,265,MoveRight
7973,1319.5,323.86,None,1535,265,MoveRight
7974,1319.5,314.05,None,1542,265,MoveRight
7975,1316,304.24,MoveLeft,1542,265,None
7975,1316,304.24,None,1549,265,MoveRight
7976,1312.5,294.43,MoveLeft,1549,265,None
7976,1312.5,294.43,None,1556,265,MoveRight
7977,1309,284.62,MoveLeft,1556,265,None
7977,1309,284.62,None,1563,265,MoveRight
7978,1305.5,274.81,MoveLeft,1563,265,None
7978,1305.5,274.81,None,1570,265,MoveRight
7979,1298.5,265,MoveLeft,1570,265,None
7979,1298.5,265,None,1577,265,MoveRight
7980,1291.5,265,MoveLeft,1577,265,None
7980,1291.5,265,None,1584,265,MoveRight
7981,1284.5,265,MoveLeft,1584,265,None
7981,1284.5,265,None,1591,265,MoveRight
7982,1277.5,265,MoveLeft,1591,265,None
7983,1270.5,265,MoveLeft,1591,265,None
7984,1263.5,265,MoveLeft,1591,265,None
7985,1256.5,265,MoveLeft,1591,265,None
7986,1249.5,265,MoveLeft,1591,265,None
7987,1242.5,265,MoveLeft,1591,265,None
7988,1235.5,265,MoveLeft,1591,265,None
7989,1228.5,265,MoveLeft,1591,265,None
7990,1221.5,265,MoveLeft,1591,265,None
7991,1214.5,265,MoveLeft,1591,265,None
7992,1207.5,265,MoveLeft,1591,265,None
7993,1200.5,265,MoveLeft,1591,265,None
7994,1200.5,265,None,1591,265,SpikeStrong
7994,1193.5,265,MoveLeft,1591,265,None
7994,1193.5,265,None,1591,265,None
7995,1186.5,265,MoveLeft,1591,265,None
7996,1179.5,265,MoveLeft,1591,265,None
7997,1172.5,265,MoveLeft,1591,265,None
7998,1165.5,265,MoveLeft,1591,265,None
7999,1158.5,265,MoveLeft,1591,265,None
8000,1151.5,265,MoveLeft,1591,265,None
8001,1144.5,265,MoveLeft,1591,265,None
8002,1137.5,265,MoveLeft,1591,265,None
8003,1130.5,265,MoveLeft,1591,265,None
8004,1123.5,265,MoveLeft,1591,265,None
8005,1116.5,265,MoveLeft,1591,265,None
8011,1123.5,265,MoveRight,1591,265,None
8012,1130.5,265,MoveRight,1591,265,None
8013,1137.5,265,MoveRight,1591,265,None
8014,1144.5,265,MoveRight,1591,265,None
8015,1151.5,265,MoveRight,1591,265,None
8017,1144.5,265,MoveLeft,1591,265,None
8018,1137.5,265,MoveLeft,1591,265,None
8019,1130.5,265,MoveLeft,1591,265,None
8020,1123.5,265,MoveLeft,1591,265,None
8021,1116.5,265,MoveLeft,1591,265,None
8022,1109.5,265,MoveLeft,1591,265,None
8023,1102.5,265,MoveLeft,1591,265,None
8024,1095.5,265,MoveLeft,1591,265,None
8025,1088.5,265,MoveLeft,1591,265,None
8026,1081.5,265,MoveLeft,1591,265,None
8027,1074.5,265,MoveLeft,1591,265,None
8028,1067.5,265,MoveLeft,1591,265,None
8029,1060.5,265,MoveLeft,1591,265,None
8030,1053.5,265,MoveLeft,1591,265,None
8031,1046.5,265,MoveLeft,1591,265,None
8032,1039.5,265,MoveLeft,1591,265,None
8033,1032.5,265,MoveLeft,1591,265,None
8034,1025.5,265,MoveLeft,1591,265,None
8035,1018.5,265,MoveLeft,1591,265,None
8036,1011.5,265,MoveLeft,1591,265,None
8037,1004.5,265,MoveLeft,1591,265,None
8038,997.5,265,MoveLeft,1591,265,None
8039,990.5,265,MoveLeft,1591,265,None
8040,983.5,265,MoveLeft,1591,265,None
8050,323,265,MoveLeft,1850,265,None
8051,316,265,MoveLeft,1850,265,None
8052,309,265,MoveLeft,1850,265,None
8053,302,265,MoveLeft,1850,265,None
8054,295,265,MoveLeft,1850,265,None
8055,288,265,MoveLeft,1850,265,None
8056,281,265,MoveLeft,1850,265,None
8057,274,265,MoveLeft,1850,265,None
8058,267,265,MoveLeft,1850,265,None
8059,260,265,MoveLeft,1850,265,None
8060,253,265,MoveLeft,1850,265,None
8061,246,265,MoveLeft,1850,265,None
8062,239,265,MoveLeft,1850,265,None
8063,232,265,MoveLeft,1850,265,None
8064,225,265,MoveLeft,1850,265,None
8065,218,265,MoveLeft,1850,265,None
8066,211,265,MoveLeft,1850,265,None
8067,204,265,MoveLeft,1850,265,None
8075,211,265,MoveRight,1850,265,None
8076,218,265,MoveRight,1850,265,None
8077,225,265,MoveRight,1850,265,None
8078,232,265,MoveRight,1850,265,None
8079,239,265,MoveRight,1850,265,None
8080,246,265,MoveRight,1850,265,None
8081,253,265,MoveRight,1850,265,None
8082,260,265,MoveRight,1850,265,None
8083,267,265,MoveRight,1850,265,None
8084,274,265,MoveRight,1850,265,None
8085,281,265,MoveRight,1850,265,None
8086,288,265,MoveRight,1850,265,None
8087,295,265,MoveRight,1850,265,None
8088,302,265,MoveRight,1850,265,None
8089,309,265,MoveRight,1850,265,None
8090,316,265,MoveRight,1850,265,None
8091,323,265,MoveRight,1850,265,None
8092,330,265,MoveRight,1850,265,None
8093,337,265,MoveRight,1850,265,None
8094,344,265,MoveRight,1850,265,None
8095,351,265,MoveRight,1850,265,None
8096,358,265,MoveRight,1850,265,None
8097,365,265,MoveRight,1850,265,None
8098,372,265,MoveRight,1850,265,None
8099,379,265,MoveRight,1850,265,None
8100,386,265,MoveRight,1850,265,None
8101,393,265,MoveRight,1850,265,None
8102,400,265,MoveRight,1850,265,None
8103,407,265,MoveRight,1850,265,None
8104,414,265,MoveRight,1850,265,None
8105,421,265,MoveRight,1850,265,None
8106,428,265,MoveRight,1850,265,None
8107,435,265,MoveRight,1850,265,None
8108,442,265,MoveRight,1850,265,None
8109,449,265,MoveRight,1850,265,None
8110,456,265,MoveRight,1850,265,None
8111,463,265,MoveRight,1850,265,None
8112,470,265,MoveRight,1850,265,None
8113,477,265,MoveRight,1850,265,None
8114,484,265,MoveRight,1850,265,None
8115,491,265,MoveRight,1850,265,None
8116,498,265,MoveRight,1850,265,None
8117,505,265,MoveRight,1850,265,None
8118,512,265,MoveRight,1850,265,None
8119,519,265,MoveRight,1850,265,None
8120,526,265,MoveRight,1850,265,None
8121,533,265,MoveRight,1850,265,None
8122,540,265,MoveRight,1850,265,None
8123,547,265,MoveRight,1850,265,None
8124,554,265,MoveRight,1850,265,None
8125,561,265,MoveRight,1850,265,None
8126,568,265,MoveRight,1850,265,None
8127,575,265,MoveRight,1850,265,None
8128,582,265,MoveRight,1850,265,None
8129,589,265,MoveRight,1850,265,None
8130,596,265,MoveRight,1850,265,None
8131,603,265,MoveRight,1850,265,None
8173,610,265,MoveRight,1850,265,None
8174,617,265,MoveRight,1850,265,None
8175,624,265,MoveRight,1850,265,None
8176,631,265,MoveRight,1850,265,None
8177,638,265,MoveRight,1850,265,None
8178,645,265,MoveRight,1850,265,None
8184,638,265,MoveLeft,1850,265,None
8185,631,265,MoveLeft,1850,265,None
8186,624,265,MoveLeft,1850,265,None
8187,617,265,MoveLeft,1850,265,None
8188,610,265,MoveLeft,1850,265,None
8189,603,265,MoveLeft,1850,265,None
8209,603,265,Serve,1850,265,None
8209,603,265,None,1850,265,None
8210,603,265,None,1857,265,MoveRight
8211,603,265,None,1864,265,MoveRight
8212,603,265,None,1871,265,MoveRight
8213,603,265,None,1878,265,MoveRight
8214,603,265,None,1885,265,MoveRight
8215,603,265,None,1892,265,MoveRight
8216,603,265,None,1899,265,MoveRight
8217,603,265,None,1906,265,MoveRight
8218,603,265,None,1913,265,MoveRight
8219,603,265,None,1920,265,MoveRight
8220,603,265,None,1927,265,MoveRight
8221,603,265,None,1934,265,MoveRight
8222,603,265,None,1941,265,MoveRight
8223,603,265,None,1948,265,MoveRight
8224,603,265,None,1955,265,MoveRight
8225,603,265,None,1962,265,MoveRight
8226,603,265,None,1969,265,MoveRight
8227,603,265,None,1976,265,MoveRight
8228,603,265,None,1983,265,MoveRight
8229,603,265,None,1990,265,MoveRight
8230,603,265,None,1997,265,MoveRight
8231,603,265,None,2004,265,MoveRight
8232,610,265,MoveRight,2004,265,None
8232,610,265,None,2011,265,MoveRight
8233,617,265,MoveRight,2011,265,None
8233,617,265,None,2018,265,MoveRight
8234,624,265,MoveRight,2018,265,None
8234,624,265,None,2025,265,MoveRight
8235,631,265,MoveRight,2025,265,None
8235,631,265,None,2032,265,MoveRight
8236,638,265,MoveRight,2032,265,None
8236,638,265,None,2039,265,MoveRight
8237,645,265,MoveRight,2039,265,None
8237,645,265,None,2046,265,MoveRight
8238,652,265,MoveRight,2046,265,None
8238,652,265,None,2053,265,MoveRight
8239,659,265,MoveRight,2053,265,None
8239,659,265,None,2060,265,MoveRight
8240,666,265,MoveRight,2060,265,None
8240,666,265,None,2067,265,MoveRight
8241,673,265,MoveRight,2067,265,None
8241,673,265,None,2074,265,MoveRight
8242,680,265,MoveRight,2074,265,None
8242,680,265,None,2081,265,MoveRight
8243,687,265,MoveRight,2081,265,None
8243,687,265,None,2088,265,MoveRight
8244,694,265,MoveRight,2088,265,None
8244,694,265,None,2095,265,MoveRight
8245,701,265,MoveRight,2095,265,None
8245,701,265,None,2102,265,MoveRight
8246,708,265,MoveRight,2102,265,None
8246,708,265,None,2109,265,MoveRight
8247,715,265,MoveRight,2109,265,None
8247,715,265,None,2116,265,MoveRight
8248,722,265,MoveRight,2116,265,None
8248,722,265,None,2123,265,MoveRight
8249,729,265,MoveRight,2123,265,None
8249,729,265,None,2130,265,MoveRight
8250,736,265,MoveRight,2130,265,None
8250,736,265,None,2137,265,MoveRight
8251,743,265,MoveRight,2137,265,None
8251,743,265,None,2144,265,MoveRight
8252,750,265,MoveRight,2144,265,None
8252,750,265,None,2151,265,MoveRight
8253,757,265,MoveRight,2151,265,None
8254,764,265,MoveRight,2151,265,None
8255,771,265,MoveRight,2151,265,None
8256,778,265,MoveRight,2151,265,None
8257,785,265,MoveRight,2151,265,None
8283,785,265,None,2151,265,SpikeMedium
8283,785,265,None,2151,265,None
8307,778,265,MoveLeft,2151,265,None
8308,771,265,MoveLeft,2151,265,None
8309,764,265,MoveLeft,2151,265,None
8310,757,265,MoveLeft,2151,265,None
8311,750,265,MoveLeft,2151,265,None
8312,743,265,MoveLeft,2151,265,None
8313,736,265,MoveLeft,2151,265,None
8314,729,265,MoveLeft,2151,265,None
8315,722,265,MoveLeft,2151,265,None
8316,715,265,MoveLeft,2151,265,None
8319,722,265,MoveRight,2151,265,None
8320,729,265,MoveRight,2151,265,None
8321,736,265,MoveRight,2151,265,None
8322,743,265,MoveRight,2151,265,None
8323,750,265,MoveRight,2151,265,None
8324,757,265,MoveRight,2151,265,None
8325,764,265,MoveRight,2151,265,None
8326,771,265,MoveRight,2151,265,None
8327,778,265,MoveRight,2151,265,None
8328,785,265,MoveRight,2151,265,None
8329,792,265,MoveRight,2151,265,None
8330,799,265,MoveRight,2151,265,None
8331,806,265,MoveRight,2151,265,None
8332,813,265,MoveRight,2151,265,None
8333,820,265,MoveRight,2151,265,None
8334,827,265,MoveRight,2151,265,None
8335,834,265,MoveRight,2151,265,None
8336,841,265,MoveRight,2151,265,None
8337,848,265,MoveRight,2151,265,None
8338,855,265,MoveRight,2151,265,None
8339,862,265,MoveRight,2151,265,None
8340,869,265,MoveRight,2151,265,None
8341,876,265,MoveRight,2151,265,None
8342,883,265,MoveRight,2151,265,None
8343,890,265,MoveRight,2151,265,None
8344,897,265,MoveRight,2151,265,None
8345,904,265,MoveRight,2151,265,None
8346,911,265,MoveRight,2151,265,None
8347,918,265,MoveRight,2151,265,None
8348,925,265,MoveRight,2151,265,None
8349,932,265,MoveRight,2151,265,None
8350,939,265,MoveRight,2151,265,None
8351,946,265,MoveRight,2151,265,None
8352,953,265,MoveRight,2151,265,None
8353,960,265,MoveRight,2151,265,None
8354,337,265,MoveRight,1850,265,None
8362,330,265,MoveLeft,1850,265,None
8363,323,265,MoveLeft,1850,265,None
8364,316,265,MoveLeft,1850,265,None
8365,309,265,MoveLeft,1850,265,None
8366,302,265,MoveLeft,1850,265,None
8367,295,265,MoveLeft,1850,265,None
8368,288,265,MoveLeft,1850,265,None
8369,281,265,MoveLeft,1850,265,None
8370,274,265,MoveLeft,1850,265,None
8371,267,265,MoveLeft,1850,265,None
8372,260,265,MoveLeft,1850,265,None
8373,253,265,MoveLeft,1850,265,None
8374,246,265,MoveLeft,1850,265,None
8375,239,265,MoveLeft,1850,265,None
8376,232,265,MoveLeft,1850,265,None
8389,239,265,MoveRight,1850,265,None
8390,246,265,MoveRight,1850,265,None
8391,253,265,MoveRight,1850,265,None
8392,260,265,MoveRight,1850,265,None
8393,267,265,MoveRight,1850,265,None
8394,274,265,MoveRight,1850,265,None
8395,281,265,MoveRight,1850,265,None
8396,288,265,MoveRight,1850,265,None
8397,295,265,MoveRight,1850,265,None
8398,302,265,MoveRight,1850,265,None
8399,309,265,MoveRight,1850,265,None
8400,316,265,MoveRight,1850,265,None
8401,323,265,MoveRight,1850,265,None
8402,330,265,MoveRight,1850,265,None
8403,337,265,MoveRight,1850,265,None
8404,344,265,MoveRight,1850,265,None
8405,351,265,MoveRight,1850,265,None
8406,358,265,MoveRight,1850,265,None
8407,365,265,MoveRight,1850,265,None
8408,372,265,MoveRight,1850,265,None
8409,379,265,MoveRight,1850,265,None
8410,386,265,MoveRight,1850,265,None
8428,393,265,MoveRight,1850,265,None
8429,400,265,MoveRight,1850,265,None
8430,407,265,MoveRight,1850,265,None
8431,414,265,MoveRight,1850,265,None
8432,421,265,MoveRight,1850,265,None
8433,428,265,MoveRight,1850,265,None
8434,435,265,MoveRight,1850,265,None
8435,442,265,MoveRight,1850,265,None
8486,449,265,MoveRight,1850,265,None
8487,456,265,MoveRight,1850,265,None
8488,463,265,MoveRight,1850,265,None
8489,470,265,MoveRight,1850,265,None
8490,477,265,MoveRight,1850,265,None
8491,484,265,MoveRight,1850,265,None
8492,491,265,MoveRight,1850,265,None
8493,498,265,MoveRight,1850,265,None
8494,505,265,MoveRight,1850,265,None
8495,512,265,MoveRight,1850,265,None
8496,519,265,MoveRight,1850,265,None
8497,526,265,MoveRight,1850,265,None
8498,533,265,MoveRight,1850,265,None
8499,540,265,MoveRight,1850,265,None
8500,547,265,MoveRight,1850,265,None
8501,554,265,MoveRight,1850,265,None
8502,561,265,MoveRight,1850,265,None
8503,568,265,MoveRight,1850,265,None
8504,575,265,MoveRight,1850,265,None
8505,582,265,MoveRight,1850,265,None
8506,589,265,MoveRight,1850,265,None
8507,596,265,MoveRight,1850,265,None
8508,603,265,MoveRight,1850,265,None
8509,610,265,MoveRight,1850,265,None
8510,617,265,MoveRight,1850,265,None
8528,610,265,MoveLeft,1850,265,None
8529,603,265,MoveLeft,1850,265,None
8530,596,265,MoveLeft,1850,265,None
8531,589,265,MoveLeft,1850,265,None
8532,582,265,MoveLeft,1850,265,None
8533,575,265,MoveLeft,1850,265,None
8534,568,265,MoveLeft,1850,265,None
8535,561,265,MoveLeft,1850,265,None
8536,554,265,MoveLeft,1850,265,None
8537,547,265,MoveLeft,1850,265,None
8538,540,265,MoveLeft,1850,265,None
8539,533,265,MoveLeft,1850,265,None
8540,526,265,MoveLeft,1850,265,None
8541,519,265,MoveLeft,1850,265,None
8542,512,265,MoveLeft,1850,265,None
8543,505,265,MoveLeft,1850,265,None
8544,498,265,MoveLeft,1850,265,None
8545,491,265,MoveLeft,1850,265,None
8546,484,265,MoveLeft,1850,265,None
8547,477,265,MoveLeft,1850,265,None
8548,470,265,MoveLeft,1850,265,None
8549,463,265,MoveLeft,1850,265,None
8550,456,265,MoveLeft,1850,265,None
8551,449,265,MoveLeft,1850,265,None
8552,442,265,MoveLeft,1850,265,None
8553,435,265,MoveLeft,1850,265,None
8554,428,265,MoveLeft,1850,265,None
8555,421,265,MoveLeft,1850,265,None
8556,414,265,MoveLeft,1850,265,None
8557,407,265,MoveLeft,1850,265,None
8558,400,265,MoveLeft,1850,265,None
8559,393,265,MoveLeft,1850,265,None
8560,386,265,MoveLeft,1850,265,None
8561,379,265,MoveLeft,1850,265,None
8562,372,265,MoveLeft,1850,265,None
8563,365,265,MoveLeft,1850,265,None
8564,358,265,MoveLeft,1850,265,None
8565,351,265,MoveLeft,1850,265,None
8566,344,265,MoveLeft,1850,265,None
8567,337,265,MoveLeft,1850,265,None
8568,330,265,MoveLeft,1850,265,None
8569,323,265,MoveLeft,1850,265,None
8570,316,265,MoveLeft,1850,265,None
8571,309,265,MoveLeft,1850,265,None
8572,302,265,MoveLeft,1850,265,None
8573,295,265,MoveLeft,1850,265,None
8574,288,265,MoveLeft,1850,265,None
8575,281,265,MoveLeft,1850,265,None
8576,274,265,MoveLeft,1850,265,None
8586,281,265,MoveRight,1850,265,None
8587,288,265,MoveRight,1850,265,None
8588,295,265,MoveRight,1850,265,None
8589,302,265,MoveRight,1850,265,None
8590,309,265,MoveRight,1850,265,None
8591,316,265,MoveRight,1850,265,None
8592,323,265,MoveRight,1850,265,None
8593,330,265,MoveRight,1850,265,None
8594,337,265,MoveRight,1850,265,None
8595,344,265,MoveRight,1850,265,None
8596,351,265,MoveRight,1850,265,None
8597,358,265,MoveRight,1850,265,None
8598,365,265,MoveRight,1850,265,None
8599,372,265,MoveRight,1850,265,None
8600,379,265,MoveRight,1850,265,None
8601,386,265,MoveRight,1850,265,None
8920,386,284.62,None,1850,265,None
8933,386,402.34,Spike,1850,265,None
8933,386,421.96,None,1850,265,None
8947,386,539.68,Serve,1850,265,None
8947,386,559.3,None,1850,265,None
8948,386,569.11,None,1843,265,MoveLeft
8949,386,578.92,None,1836,265,MoveLeft
8950,386,569.11,None,1829,265,MoveLeft
8951,386,559.3,None,1822,265,MoveLeft
8952,386,549.49,None,1815,265,MoveLeft
8953,386,539.68,None,1808,265,MoveLeft
8954,386,529.87,None,1801,265,MoveLeft
8955,386,520.06,None,1794,265,MoveLeft
8956,386,510.25,None,1787,265,MoveLeft
8957,386,500.44,None,1780,265,MoveLeft
8958,386,490.63,None,1773,265,MoveLeft
8959,386,480.82,None,1766,265,MoveLeft
8960,386,471.01,None,1759,265,MoveLeft
8961,386,461.2,None,1752,265,MoveLeft
8962,386,451.39,None,1745,265,MoveLeft
8963,386,441.58,None,1738,265,MoveLeft
8964,386,431.77,None,1731,265,MoveLeft
8965,386,421.96,None,1724,265,MoveLeft
8966,386,412.15,None,1717,265,MoveLeft
8967,386,402.34,None,1710,265,MoveLeft
8968,386,392.53,None,1703,265,MoveLeft
8969,386,382.72,None,1696,265,MoveLeft
8970,386,372.91,None,1689,265,MoveLeft
8971,389.5,363.1,MoveRight,1689,265,None
8971,389.5,363.1,None,1682,265,MoveLeft
8972,393,353.29,MoveRight,1682,265,None
8973,396.5,343.48,MoveRight,1682,265,None
8974,400,333.67,MoveRight,1682,265,None
8975,403.5,323.86,MoveRight,1682,265,None
8976,407,314.05,MoveRight,1682,265,None
8977,410.5,304.24,MoveRight,1682,265,None
8978,414,294.43,MoveRight,1682,265,None
8979,417.5,284.62,MoveRight,1682,265,None
8980,421,274.81,MoveRight,1682,265,None
8981,428,265,MoveRight,1682,265,None
8982,435,265,MoveRight,1682,265,None
8983,442,265,MoveRight,1682,265,None
8984,449,265,MoveRight,1682,265,None
8985,456,265,MoveRight,1682,265,None
8986,463,265,MoveRight,1682,265,None
8987,470,265,MoveRight,1682,265,None
8988,477,265,MoveRight,1682,265,None
8989,484,265,MoveRight,1682,265,None
8990,491,265,MoveRight,1682,265,None
8991,498,265,MoveRight,1682,265,None
8992,505,265,MoveRight,1682,265,None
8993,512,265,MoveRight,1682,265,None
8994,519,265,MoveRight,1682,265,None
8995,526,265,MoveRight,1682,265,None
8996,533,265,MoveRight,1682,265,None
8997,540,265,MoveRight,1682,265,None
8998,547,265,MoveRight,1682,265,None
8999,554,265,MoveRight,1682,265,None
9000,561,265,MoveRight,1682,265,None
9001,568,265,MoveRight,1682,265,None
9002,575,265,MoveRight,1682,265,None
9003,582,265,MoveRight,1682,265,None
9004,589,265,MoveRight,1682,265,None
9005,596,265,MoveRight,1682,265,None
9006,603,265,MoveRight,1682,265,None
9007,610,265,MoveRight,1682,265,None
9008,617,265,MoveRight,1682,265,None
9009,617,265,None,1682,265,SpikeMedium
9009,624,265,MoveRight,1682,265,None
9009,624,265,None,1682,265,None
9010,631,265,MoveRight,1682,265,None
9011,638,265,MoveRight,1682,265,None
9012,645,265,MoveRight,1682,265,None
9013,652,265,MoveRight,1682,265,None
9014,659,265,MoveRight,1682,265,None
9015,666,265,MoveRight,1682,265,None
9016,673,265,MoveRight,1682,265,None
9017,680,265,MoveRight,1682,265,None
9018,687,265,MoveRight,1682,265,None
9019,694,265,MoveRight,1682,265,None
9020,701,265,MoveRight,1682,265,None
9021,708,265,MoveRight,1682,265,None
9022,715,265,MoveRight,1682,265,None
9023,722,265,MoveRight,1682,265,None
9024,729,265,MoveRight,1682,265,None
9025,736,265,MoveRight,1682,265,None
9026,743,265,MoveRight,1682,265,None
9027,750,265,MoveRight,1682,265,None
9028,757,265,MoveRight,1682,265,None
9029,764,265,MoveRight,1682,265,None
9030,771,265,MoveRight,1682,265,None
9031,778,265,MoveRight,1682,265,None
9032,785,265,MoveRight,1682,265,None
9033,792,265,MoveRight,1682,265,None
9034,799,265,MoveRight,1682,265,None
9035,806,265,MoveRight,1682,265,None
9047,813,265,MoveRight,1682,265,None
9048,820,265,MoveRight,1682,265,None
9049,827,265,MoveRight,1682,265,None
9050,834,265,MoveRight,1682,265,None
9051,841,265,MoveRight,1682,265,None
9052,848,265,MoveRight,1682,265,None
9053,855,265,MoveRight,1682,265,None
9054,862,265,MoveRight,1682,265,None
9055,869,265,MoveRight,1682,265,None
9056,876,265,MoveRight,1682,265,None
9057,883,265,MoveRight,1682,265,None
9058,890,265,MoveRight,1682,265,None
9059,897,265,MoveRight,1682,265,None
9060,904,265,MoveRight,1682,265,None
9070,904,265,Bump,1682,265,None
9070,897,265,MoveLeft,1682,265,None
9071,897,265,None,1675,265,MoveLeft
9072,897,265,None,1668,265,MoveLeft
9073,897,265,None,1661,265,MoveLeft
9074,897,265,None,1654,265,MoveLeft
9075,897,265,None,1647,265,MoveLeft
9076,897,265,None,1640,265,MoveLeft
9077,897,265,None,1633,265,MoveLeft
9078,897,265,None,1626,265,MoveLeft
9079,897,265,None,1619,265,MoveLeft
9080,897,265,None,1612,265,MoveLeft
9081,897,265,None,1605,265,MoveLeft
9082,897,265,None,1598,265,MoveLeft
9083,897,265,None,1591,265,MoveLeft
9084,897,265,None,1584,265,MoveLeft
9085,897,265,None,1577,265,MoveLeft
9086,897,265,None,1570,265,MoveLeft
9087,897,265,None,1563,265,MoveLeft
9088,897,265,None,1556,265,MoveLeft
9089,897,265,None,1549,265,MoveLeft
9090,897,265,None,1542,265,MoveLeft
9091,890,265,MoveLeft,1542,265,None
9091,890,265,None,1535,265,MoveLeft
9092,883,265,MoveLeft,1535,265,None
9092,883,265,None,1528,265,MoveLeft
9093,876,265,MoveLeft,1528,265,None
9093,876,265,None,1521,265,MoveLeft
9094,869,265,MoveLeft,1521,265,None
9094,869,265,None,1514,265,MoveLeft
9095,869,265,None,1507,265,MoveLeft
9096,876,265,MoveRight,1507,265,None
9096,876,265,None,1500,265,MoveLeft
9097,883,265,MoveRight,1500,265,None
9097,883,265,None,1493,265,MoveLeft
9098,890,265,MoveRight,1493,265,None
9098,890,265,None,1486,265,MoveLeft
9099,897,265,MoveRight,1486,265,None
9099,897,265,None,1479,265,MoveLeft
9100,904,265,MoveRight,1479,265,None
9100,904,265,None,1472,265,MoveLeft
9101,911,265,MoveRight,1472,265,None
9101,911,265,None,1465,265,MoveLeft
9102,918,265,MoveRight,1465,265,None
9102,918,265,None,1458,265,MoveLeft
9103,925,265,MoveRight,1458,265,None
9103,925,265,None,1451,265,MoveLeft
9104,932,265,MoveRight,1451,265,None
9104,932,265,None,1444,265,MoveLeft
9105,939,265,MoveRight,1444,265,None
9105,939,265,None,1437,265,MoveLeft
9106,946,265,MoveRight,1437,265,None
9106,946,265,None,1430,265,MoveLeft
9107,953,265,MoveRight,1430,265,None
9107,953,265,None,1423,265,MoveLeft
9108,960,265,MoveRight,1423,265,None
9108,960,265,None,1416,265,MoveLeft
9109,967,265,MoveRight,1416,265,None
9109,967,265,None,1409,265,MoveLeft
9110,974,265,MoveRight,1409,265,None
9110,974,265,None,1402,265,MoveLeft
9111,981,265,MoveRight,1402,265,None
9111,981,265,None,1395,265,MoveLeft
9112,988,265,MoveRight,1395,265,None
9112,988,265,None,1388,265,MoveLeft
9113,995,265,MoveRight,1388,265,None
9113,995,265,None,1381,265,MoveLeft
9114,1002,265,MoveRight,1381,265,None
9114,1002,265,None,1374,265,MoveLeft
9115,1009,265,MoveRight,1374,265,None
9116,1016,265,MoveRight,1374,265,None
9117,1023,265,MoveRight,1374,265,None
9118,1030,265,MoveRight,1374,265,None
9119,1037,265,MoveRight,1374,265,None
9120,1044,265,MoveRight,1374,265,None
9121,1051,265,MoveRight,1374,265,None
9122,1058,265,MoveRight,1374,265,None
9123,1065,265,MoveRight,1374,265,None
9124,1072,265,MoveRight,1374,265,None
9125,1079,265,MoveRight,1374,265,None
9126,1086,265,MoveRight,1374,265,None
9127,1093,265,MoveRight,1374,265,None
9128,1100,265,MoveRight,1374,265,None
9129,1107,265,MoveRight,1374,265,None
9130,1114,265,MoveRight,1374,265,None
9131,1121,265,MoveRight,1374,265,None
9132,1128,265,MoveRight,1374,265,None
9133,1135,265,MoveRight,1374,265,None
9134,1142,265,MoveRight,1374,265,None
9135,1149,265,MoveRight,1374,265,None
9136,1156,265,MoveRight,1374,265,None
9137,1163,265,MoveRight,1374,265,None
9138,1170,265,MoveRight,1374,265,None
9139,1177,265,MoveRight,1374,265,None
9140,1184,265,MoveRight,1374,265,None
9141,1191,265,MoveRight,1374,265,None
9142,1198,265,MoveRight,1374,265,None
9143,1205,265,MoveRight,1374,265,None
9144,1212,265,MoveRight,1374,265,None
9145,1219,265,MoveRight,1374,265,None
9146,1226,265,MoveRight,1374,265,None
9147,1233,265,MoveRight,1374,265,None
9148,1240,265,MoveRight,1374,265,None
9149,1247,265,MoveRight,1374,265,None
9167,1247,265,None,1367,265,MoveLeft
9168,1247,265,None,1360,265,MoveLeft
9169,1247,265,Set,1360,265,None
9169,1247,265,None,1360,265,None
9169,1247,265,None,1353,265,MoveLeft
9170,1247,265,None,1353,265,SpikeStrong
9170,1247,265,None,1353,265,None
9195,1240,265,MoveLeft,1353,265,None
9196,1233,265,MoveLeft,1353,265,None
9197,1226,265,MoveLeft,1353,265,None
9198,1219,265,MoveLeft,1353,265,None
9199,1212,265,MoveLeft,1353,265,None
9200,1205,265,MoveLeft,1353,265,None
9201,1198,265,MoveLeft,1353,265,None
9202,1191,265,MoveLeft,1353,265,None
9203,1184,265,MoveLeft,1353,265,None
9204,1177,265,MoveLeft,1353,265,None
9205,1170,265,MoveLeft,1353,265,None
9206,1163,265,MoveLeft,1353,265,None
9207,1156,265,MoveLeft,1353,265,None
9208,1149,265,MoveLeft,1353,265,None
9209,1142,265,MoveLeft,1353,265,None
9210,1135,265,MoveLeft,1353,265,None
9225,323,265,MoveLeft,1850,265,None
9226,316,265,MoveLeft,1850,265,None
9227,309,265,MoveLeft,1850,265,None
9228,302,265,MoveLeft,1850,265,None
9229,295,265,MoveLeft,1850,265,None
9230,288,265,MoveLeft,1850,265,None
9231,281,265,MoveLeft,1850,265,None
9232,274,265,MoveLeft,1850,265,None
9233,267,265,MoveLeft,1850,265,None
9234,260,265,MoveLeft,1850,265,None
9235,253,265,MoveLeft,1850,265,None
9236,246,265,MoveLeft,1850,265,None
9237,239,265,MoveLeft,1850,265,None
9238,232,265,MoveLeft,1850,265,None
9239,225,265,MoveLeft,1850,265,None
9240,218,265,MoveLeft,1850,265,None
9241,211,265,MoveLeft,1850,265,None
9242,204,265,MoveLeft,1850,265,None
9243,197,265,MoveLeft,1850,265,None
9251,204,265,MoveRight,1850,265,None
9252,211,265,MoveRight,1850,265,None
9253,218,265,MoveRight,1850,265,None
9254,225,265,MoveRight,1850,265,None
9255,232,265,MoveRight,1850,265,None
9256,239,265,MoveRight,1850,265,None
9257,246,265,MoveRight,1850,265,None
9258,253,265,MoveRight,1850,265,None
9259,260,265,MoveRight,1850,265,None
9260,267,265,MoveRight,1850,265,None
9261,274,265,MoveRight,1850,265,None
9262,281,265,MoveRight,1850,265,None
9263,288,265,MoveRight,1850,265,None
9264,295,265,MoveRight,1850,265,None
9265,302,265,MoveRight,1850,265,None
9266,309,265,MoveRight,1850,265,None
9267,316,265,MoveRight,1850,265,None
9268,323,265,MoveRight,1850,265,None
9269,330,265,MoveRight,1850,265,None
9270,337,265,MoveRight,1850,265,None
9271,344,265,MoveRight,1850,265,None
9272,351,265,MoveRight,1850,265,None
9273,358,265,MoveRight,1850,265,None
9274,365,265,MoveRight,1850,265,None
9275,372,265,MoveRight,1850,265,None
9276,379,265,MoveRight,1850,265,None
9277,386,265,MoveRight,1850,265,None
9278,393,265,MoveRight,1850,265,None
9279,400,265,MoveRight,1850,265,None
9280,407,265,MoveRight,1850,265,None
9281,414,265,MoveRight,1850,265,None
9282,421,265,MoveRight,1850,265,None
9283,428,265,MoveRight,1850,265,None
9317,435,265,MoveRight,1850,265,None
9318,442,265,MoveRight,1850,265,None
9319,449,265,MoveRight,1850,265,None
9320,456,265,MoveRight,1850,265,None
9321,463,265,MoveRight,1850,265,None
9322,470,265,MoveRight,1850,265,None
9323,477,265,MoveRight,1850,265,None
9324,484,265,MoveRight,1850,265,None
9325,491,265,MoveRight,1850,265,None
9326,498,265,MoveRight,1850,265,None
9327,505,265,MoveRight,1850,265,None
9328,512,265,MoveRight,1850,265,None
9329,519,265,MoveRight,1850,265,None
9330,526,265,MoveRight,1850,265,None
9373,526,284.62,None,1850,265,None
9385,526,392.53,Serve,1850,265,None
9385,526,412.15,None,1850,265,None
9386,526,421.96,None,1857,265,MoveRight
9387,526,431.77,None,1864,265,MoveRight
9388,526,441.58,None,1871,265,MoveRight
9389,526,451.39,None,1878,265,MoveRight
9390,526,461.2,None,1885,265,MoveRight
9391,526,471.01,None,1892,265,MoveRight
9392,526,480.82,None,1899,265,MoveRight
9393,526,490.63,None,1906,265,MoveRight
9394,526,500.44,None,1913,265,MoveRight
9395,526,510.25,None,1920,265,MoveRight
9396,526,520.06,None,1927,265,MoveRight
9397,526,529.87,None,1934,265,MoveRight
9398,526,539.68,None,1941,265,MoveRight
9399,526,549.49,None,1948,265,MoveRight
9400,526,559.3,None,1955,265,MoveRight
9401,526,569.11,None,1962,265,MoveRight
9402,526,578.92,None,1969,265,MoveRight
9405,529.5,549.49,MoveRight,1969,265,None
9406,533,539.68,MoveRight,1969,265,None
9407,536.5,529.87,MoveRight,1969,265,None
9408,540,520.06,MoveRight,1969,265,None
9409,543.5,510.25,MoveRight,1969,265,None
9410,547,500.44,MoveRight,1969,265,None
9411,550.5,490.63,MoveRight,1969,265,None
9412,554,480.82,MoveRight,1969,265,None
9413,557.5,471.01,MoveRight,1969,265,None
9414,561,461.2,MoveRight,1969,265,None
9415,564.5,451.39,MoveRight,1969,265,None
9416,568,441.58,MoveRight,1969,265,None
9417,571.5,431.77,MoveRight,1969,265,None
9418,575,421.96,MoveRight,1969,265,None
9419,578.5,412.15,MoveRight,1969,265,None
9420,582,402.34,MoveRight,1969,265,None
9421,585.5,392.53,MoveRight,1969,265,None
9422,589,382.72,MoveRight,1969,265,None
9423,592.5,372.91,MoveRight,1969,265,None
9424,596,363.1,MoveRight,1969,265,None
9425,599.5,353.29,MoveRight,1969,265,None
9426,603,343.48,MoveRight,1969,265,None
9427,606.5,333.67,MoveRight,1969,265,None
9428,610,323.86,MoveRight,1969,265,None
9429,613.5,314.05,MoveRight,1969,265,None
9430,617,304.24,MoveRight,1969,265,None
9431,620.5,294.43,MoveRight,1969,265,None
9432,624,284.62,MoveRight,1969,265,None
9433,627.5,274.81,MoveRight,1969,265,None
9434,634.5,265,MoveRight,1969,265,None
9435,641.5,265,MoveRight,1969,265,None
9436,648.5,265,MoveRight,1969,265,None
9437,655.5,265,MoveRight,1969,265,None
9438,662.5,265,MoveRight,1969,265,None
9439,669.5,265,MoveRight,1969,265,None
9440,676.5,265,MoveRight,1969,265,None
9441,683.5,265,MoveRight,1969,265,None
9442,690.5,265,MoveRight,1969,265,None
9443,697.5,265,MoveRight,1969,265,None
9444,704.5,265,MoveRight,1969,265,None
9445,711.5,265,MoveRight,1969,265,None
9446,718.5,265,MoveRight,1969,265,None
9454,718.5,265,None,1969,265,SpikeMedium
9454,718.5,265,None,1969,265,None
9455,725.5,265,MoveRight,1969,265,None
9456,732.5,265,MoveRight,1969,265,None
9457,739.5,265,MoveRight,1969,265,None
9458,746.5,265,MoveRight,1969,265,None
9459,753.5,265,MoveRight,1969,265,None
9460,760.5,265,MoveRight,1969,265,None
9461,767.5,265,MoveRight,1969,265,None
9462,774.5,265,MoveRight,1969,265,None
9463,781.5,265,MoveRight,1969,265,None
9464,788.5,265,MoveRight,1969,265,None
9465,795.5,265,MoveRight,1969,265,None
9466,802.5,265,MoveRight,1969,265,None
9467,809.5,265,MoveRight,1969,265,None
9468,816.5,265,MoveRight,1969,265,None
9469,823.5,265,MoveRight,1969,265,None
9470,830.5,265,MoveRight,1969,265,None
9471,837.5,265,MoveRight,1969,265,None
9472,844.5,265,MoveRight,1969,265,None
9473,851.5,265,MoveRight,1969,265,None
9474,858.5,265,MoveRight,1969,265,None
9475,865.5,265,MoveRight,1969,265,None
9476,872.5,265,MoveRight,1969,265,None
9477,879.5,265,MoveRight,1969,265,None
9478,886.5,265,MoveRight,1969,265,None
9479,893.5,265,MoveRight,1969,265,None
9480,900.5,265,MoveRight,1969,265,None
9481,907.5,265,MoveRight,1969,265,None
9482,914.5,265,MoveRight,1969,265,None
9483,921.5,265,MoveRight,1969,265,None
9484,928.5,265,MoveRight,1969,265,None
9485,935.5,265,MoveRight,1969,265,None
9486,942.5,265,MoveRight,1969,265,None
9487,949.5,265,MoveRight,1969,265,None
9488,956.5,265,MoveRight,1969,265,None
9498,963.5,265,MoveRight,1969,265,None
9499,970.5,265,MoveRight,1969,265,None
9500,977.5,265,MoveRight,1969,265,None
9501,984.5,265,MoveRight,1969,265,None
9502,991.5,265,MoveRight,1969,265,None
9503,998.5,265,MoveRight,1969,265,None
9504,1005.5,265,MoveRight,1969,265,None
9505,1012.5,265,MoveRight,1969,265,None
9506,1019.5,265,MoveRight,1969,265,None
9507,1026.5,265,MoveRight,1969,265,None
9508,1033.5,265,MoveRight,1969,265,None
9509,1040.5,265,MoveRight,1969,265,None
9510,1047.5,265,MoveRight,1969,265,None
9511,1054.5,265,MoveRight,1969,265,None
9512,1061.5,265,MoveRight,1969,265,None
9513,1068.5,265,MoveRight,1969,265,None
9514,1075.5,265,MoveRight,1969,265,None
9515,1082.5,265,MoveRight,1969,265,None
9516,1082.5,265,Set,1969,265,None
9516,1082.5,265,None,1969,265,None
9517,1082.5,265,None,1962,265,MoveLeft
9518,1082.5,265,None,1955,265,MoveLeft
9519,1082.5,265,None,1948,265,MoveLeft
9520,1082.5,265,None,1941,265,MoveLeft
9521,1082.5,265,None,1934,265,MoveLeft
9522,1082.5,265,None,1927,265,MoveLeft
9523,1082.5,265,None,1920,265,MoveLeft
9524,1082.5,265,None,1913,265,MoveLeft
9525,1082.5,265,None,1906,265,MoveLeft
9526,1082.5,265,None,1899,265,MoveLeft
9527,1082.5,265,None,1892,265,MoveLeft
9528,1082.5,265,None,1885,265,MoveLeft
9529,1082.5,265,None,1878,265,MoveLeft
9530,1082.5,265,None,1871,265,MoveLeft
9531,1082.5,265,None,1864,265,MoveLeft
9532,1082.5,265,None,1857,265,MoveLeft
9533,1082.5,265,None,1850,265,MoveLeft
9534,1082.5,265,None,1843,265,MoveLeft
9535,1082.5,265,None,1836,265,MoveLeft
9536,1082.5,265,None,1829,265,MoveLeft
9537,1082.5,265,None,1822,265,MoveLeft
9538,1082.5,265,None,1815,265,MoveLeft
9539,1082.5,265,None,1808,265,MoveLeft
9540,1082.5,265,None,1801,265,MoveLeft
9541,1082.5,265,None,1794,265,MoveLeft
9542,1082.5,265,None,1787,265,MoveLeft
9543,1082.5,265,None,1780,265,MoveLeft
9544,1082.5,265,None,1773,265,MoveLeft
9545,1082.5,265,None,1766,265,MoveLeft
9546,1082.5,265,None,1759,265,MoveLeft
9547,1082.5,265,None,1752,265,MoveLeft
9548,1082.5,265,None,1745,265,MoveLeft
9549,1082.5,265,None,1738,265,MoveLeft
9550,1082.5,265,None,1731,265,MoveLeft
9551,1089.5,265,MoveRight,1731,265,None
9551,1089.5,265,None,1724,265,MoveLeft
9552,1096.5,265,MoveRight,1724,265,None
9552,1096.5,265,None,1717,265,MoveLeft
9553,1103.5,265,MoveRight,1717,265,None
9553,1103.5,265,None,1710,265,MoveLeft
9554,1110.5,265,MoveRight,1710,265,None
9554,1110.5,265,None,1703,265,MoveLeft
9555,1117.5,265,MoveRight,1703,265,None
9555,1117.5,265,None,1696,265,MoveLeft
9556,1124.5,265,MoveRight,1696,265,None
9556,1124.5,265,None,1689,265,MoveLeft
9557,1131.5,265,MoveRight,1689,265,None
9557,1131.5,265,None,1682,265,MoveLeft
9558,1131.5,265,None,1675,265,MoveLeft
9559,1131.5,265,None,1668,265,MoveLeft
9560,1131.5,265,None,1661,265,MoveLeft
9561,1131.5,265,None,1654,265,MoveLeft
9562,1131.5,265,None,1647,265,MoveLeft
9563,1131.5,265,None,1640,265,MoveLeft
9564,1131.5,265,None,1633,265,MoveLeft
9565,1131.5,265,None,1626,265,MoveLeft
9566,1131.5,265,None,1619,265,MoveLeft
9567,1131.5,265,None,1612,265,MoveLeft
9568,1131.5,265,None,1605,265,MoveLeft
9569,1131.5,265,None,1598,265,MoveLeft
9570,1131.5,265,None,1591,265,MoveLeft
9571,1131.5,265,None,1584,265,MoveLeft
9572,1131.5,265,None,1577,265,MoveLeft
9573,1131.5,265,None,1570,265,MoveLeft
9574,1131.5,265,None,1563,265,MoveLeft
9575,1131.5,265,None,1556,265,MoveLeft
9576,1131.5,265,None,1549,265,MoveLeft
9577,1131.5,265,None,1542,265,MoveLeft
9578,1131.5,265,None,1535,265,MoveLeft
9579,1131.5,265,None,1528,265,MoveLeft
9580,1131.5,265,None,1521,265,MoveLeft
9581,1131.5,265,None,1514,265,MoveLeft
9582,1131.5,265,None,1507,265,MoveLeft
9583,1131.5,265,None,1500,265,MoveLeft
9584,1131.5,265,None,1493,265,MoveLeft
9585,1131.5,265,None,1486,265,MoveLeft
9586,1131.5,265,None,1479,265,MoveLeft
9587,1131.5,265,None,1472,265,MoveLeft
9588,1131.5,265,None,1465,265,MoveLeft
9589,1131.5,265,None,1458,265,MoveLeft
9590,1131.5,265,None,1451,265,MoveLeft
9591,1131.5,265,None,1444,265,MoveLeft
9592,1131.5,265,None,1437,265,MoveLeft
9593,1131.5,265,None,1430,265,MoveLeft
9594,1131.5,265,None,1423,265,MoveLeft
9595,1131.5,265,None,1416,265,MoveLeft
9596,1131.5,265,None,1409,265,MoveLeft
9597,1131.5,265,None,1402,265,MoveLeft
9598,1131.5,265,None,1395,265,MoveLeft
9599,1131.5,265,None,1388,265,MoveLeft
9600,1131.5,265,None,1381,265,MoveLeft
9601,1131.5,265,None,1374,265,MoveLeft
9602,1131.5,265,None,1367,265,MoveLeft
9603,1131.5,265,None,1360,265,MoveLeft
9604,1131.5,265,None,1353,265,MoveLeft
9605,1131.5,265,None,1346,265,MoveLeft
9616,1131.5,284.62,None,1346,265,None
9625,1135,382.72,MoveRight,1346,265,None
9626,1138.5,392.53,MoveRight,1346,265,None
9627,1142,402.34,MoveRight,1346,265,None
9628,1145.5,412.15,MoveRight,1346,265,None
9629,1149,421.96,MoveRight,1346,265,None
9630,1152.5,431.77,MoveRight,1346,265,None
9631,1156,441.58,MoveRight,1346,265,None
9632,1159.5,451.39,MoveRight,1346,265,None
9633,1163,461.2,MoveRight,1346,265,None
9634,1166.5,471.01,MoveRight,1346,265,None
9635,1166.5,461.2,Spike,1346,265,None
9635,1170,480.82,MoveRight,1346,265,None
9636,1170,490.63,None,1353,265,MoveRight
9637,1170,500.44,None,1360,265,MoveRight
9638,1170,510.25,None,1367,265,MoveRight
9639,1170,520.06,None,1374,265,MoveRight
9640,1170,529.87,None,1381,265,MoveRight
9641,1170,539.68,None,1388,265,MoveRight
9642,1170,549.49,None,1395,265,MoveRight
9643,1170,559.3,None,1388,265,MoveLeft
9649,977,265,MoveRight,2410,265,None
9650,984,265,MoveRight,2410,265,None
9651,991,265,MoveRight,2410,265,None
9668,984,265,MoveLeft,2410,265,None
9669,977,265,MoveLeft,2410,265,None
9670,970,265,MoveLeft,2410,265,None
9671,963,265,MoveLeft,2410,265,None
9672,956,265,MoveLeft,2410,265,None
9673,949,265,MoveLeft,2410,265,None
9674,942,265,MoveLeft,2410,265,None
9675,935,265,MoveLeft,2410,265,None
9676,928,265,MoveLeft,2410,265,None
9677,921,265,MoveLeft,2410,265,None
9678,914,265,MoveLeft,2410,265,None
9679,907,265,MoveLeft,2410,265,None
9680,900,265,MoveLeft,2410,265,None
9681,893,265,MoveLeft,2410,265,None
9682,886,265,MoveLeft,2410,265,None
9683,879,265,MoveLeft,2410,265,None
9684,872,265,MoveLeft,2410,265,None
9685,865,265,MoveLeft,2410,265,None
9686,858,265,MoveLeft,2410,265,None
9687,851,265,MoveLeft,2410,265,None
9688,844,265,MoveLeft,2410,265,None
9689,837,265,MoveLeft,2410,265,None
9690,830,265,MoveLeft,2410,265,None
9691,823,265,MoveLeft,2410,265,None
9694,823,265,None,2410,265,Serve
9694,823,265,None,2410,265,None
9733,830,265,MoveRight,2410,265,None
9734,837,265,MoveRight,2410,265,None
9735,844,265,MoveRight,2410,265,None
9736,851,265,MoveRight,2410,265,None
9737,858,265,MoveRight,2410,265,None
9738,865,265,MoveRight,2410,265,None
9739,872,265,MoveRight,2410,265,None
9740,879,265,MoveRight,2410,265,None
9741,886,265,MoveRight,2410,265,None
9742,893,265,MoveRight,2410,265,None
9743,900,265,MoveRight,2410,265,None
9744,907,265,MoveRight,2410,265,None
9745,914,265,MoveRight,2410,265,None
9746,921,265,MoveRight,2410,265,None
9766,921,265,Set,2410,265,None
9766,921,265,None,2410,265,None
9767,921,265,None,2403,265,MoveLeft
9768,921,265,None,2396,265,MoveLeft
9769,921,265,None,2389,265,MoveLeft
9770,921,265,None,2382,265,MoveLeft
9771,921,265,None,2375,265,MoveLeft
9772,921,265,None,2368,265,MoveLeft
9773,921,265,None,2361,265,MoveLeft
9774,921,265,None,2354,265,MoveLeft
9775,921,265,None,2347,265,MoveLeft
9776,921,265,None,2340,265,MoveLeft
9777,921,265,None,2333,265,MoveLeft
9778,921,265,None,2326,265,MoveLeft
9779,921,265,None,2319,265,MoveLeft
9780,921,265,None,2312,265,MoveLeft
9781,921,265,None,2305,265,MoveLeft
9782,921,265,None,2298,265,MoveLeft
9783,921,265,None,2291,265,MoveLeft
9784,921,265,None,2284,265,MoveLeft
9785,921,265,None,2277,265,MoveLeft
9786,921,265,None,2270,265,MoveLeft
9787,921,265,None,2263,265,MoveLeft
9788,921,265,None,2256,265,MoveLeft
9789,921,265,None,2249,265,MoveLeft
9790,928,265,MoveRight,2249,265,None
9790,928,265,None,2242,265,MoveLeft
9791,935,265,MoveRight,2242,265,None
9791,935,265,None,2235,265,MoveLeft
9792,942,265,MoveRight,2235,265,None
9792,942,265,None,2228,265,MoveLeft
9793,949,265,MoveRight,2228,265,None
9793,949,265,None,2221,265,MoveLeft
9794,956,265,MoveRight,2221,265,None
9794,956,265,None,2214,265,MoveLeft
9795,963,265,MoveRight,2214,265,None
9795,963,265,None,2207,265,MoveLeft
9796,970,265,MoveRight,2207,265,None
9796,970,265,None,2200,265,MoveLeft
9797,977,265,MoveRight,2200,265,None
9797,977,265,None,2193,265,MoveLeft
9798,984,265,MoveRight,2193,265,None
9798,984,265,None,2186,265,MoveLeft
9799,991,265,MoveRight,2186,265,None
9799,991,265,None,2179,265,MoveLeft
9800,998,265,MoveRight,2179,265,None
9800,998,265,None,2172,265,MoveLeft
9801,998,265,None,2165,265,MoveLeft
9802,998,265,None,2158,265,MoveLeft
9803,998,265,None,2151,265,MoveLeft
9804,998,265,None,2144,265,MoveLeft
9805,998,265,None,2137,265,MoveLeft
9806,998,265,None,2130,265,MoveLeft
9807,998,265,None,2123,265,MoveLeft
9808,991,265,MoveLeft,2123,265,None
9808,991,265,None,2116,265,MoveLeft
9809,984,265,MoveLeft,2116,265,None
9809,984,265,None,2109,265,MoveLeft
9810,977,265,MoveLeft,2109,265,None
9810,977,265,None,2102,265,MoveLeft
9811,970,265,MoveLeft,2102,265,None
9811,970,265,None,2095,265,MoveLeft
9812,963,265,MoveLeft,2095,265,None
9812,963,265,None,2088,265,MoveLeft
9813,956,265,MoveLeft,2088,265,None
9813,956,265,None,2081,265,MoveLeft
9814,956,265,None,2074,265,MoveLeft
9815,956,265,None,2067,265,MoveLeft
9816,956,265,None,2060,265,MoveLeft
9817,956,265,None,2053,265,MoveLeft
9818,956,265,None,2046,265,MoveLeft
9819,956,265,None,2039,265,MoveLeft
9820,956,265,None,2032,265,MoveLeft
9821,956,265,None,2025,265,MoveLeft
9822,963,265,MoveRight,2025,265,None
9822,963,265,None,2018,265,MoveLeft
9823,970,265,MoveRight,2018,265,None
9823,970,265,None,2011,265,MoveLeft
9824,977,265,MoveRight,2011,265,None
9824,977,265,None,2004,265,MoveLeft
9825,984,265,MoveRight,2004,265,None
9825,984,265,None,1997,265,MoveLeft
9826,991,265,MoveRight,1997,265,None
9826,991,265,None,1990,265,MoveLeft
9827,998,265,MoveRight,1990,265,None
9827,998,265,None,1983,265,MoveLeft
9828,998,265,None,1976,265,MoveLeft
9829,998,265,None,1969,265,MoveLeft
9830,998,265,None,1962,265,MoveLeft
9831,998,265,None,1955,265,MoveLeft
9832,998,265,None,1948,265,MoveLeft
9833,998,265,None,1941,265,MoveLeft
9834,998,265,None,1934,265,MoveLeft
9835,998,265,None,1927,265,MoveLeft
9836,991,265,MoveLeft,1927,265,None
9836,991,265,None,1920,265,MoveLeft
9837,984,265,MoveLeft,1920,265,None
9837,984,265,None,1913,265,MoveLeft
9838,977,265,MoveLeft,1913,265,None
9838,977,265,None,1906,265,MoveLeft
9839,970,265,MoveLeft,1906,265,None
9839,970,265,None,1899,265,MoveLeft
9840,970,265,None,1892,265,MoveLeft
9841,970,265,None,1885,265,MoveLeft
9842,970,265,None,1878,265,MoveLeft
9843,970,265,None,1871,265,MoveLeft
9844,970,265,None,1864,265,MoveLeft
9845,970,265,None,1857,265,MoveLeft
9846,970,265,None,1850,265,MoveLeft
9847,970,265,None,1843,265,MoveLeft
9848,970,265,None,1836,265,MoveLeft
9849,970,265,None,1829,265,MoveLeft
9850,970,265,None,1822,265,MoveLeft
9851,970,265,None,1815,265,MoveLeft
9852,970,265,None,1808,265,MoveLeft
9853,970,265,None,1801,265,MoveLeft
9854,970,265,None,1794,265,MoveLeft
9855,970,265,None,1787,265,MoveLeft
9856,970,265,None,1780,265,MoveLeft
9857,970,265,None,1773,265,MoveLeft
9858,970,265,None,1766,265,MoveLeft
9859,970,265,None,1759,265,MoveLeft
9860,970,265,None,1752,265,MoveLeft
9861,970,265,None,1745,265,MoveLeft
9862,970,265,None,1738,265,MoveLeft
9863,970,265,None,1731,265,MoveLeft
9864,970,265,None,1724,265,MoveLeft
9865,970,265,None,1717,265,MoveLeft
9866,970,265,None,1710,265,MoveLeft
9867,970,265,None,1703,265,MoveLeft
9868,970,265,None,1696,265,MoveLeft
9869,963,265,MoveLeft,1696,265,None
9869,963,265,None,1689,265,MoveLeft
9870,956,265,MoveLeft,1689,265,None
9870,956,265,None,1682,265,MoveLeft
9871,949,265,MoveLeft,1682,265,None
9871,949,265,None,1675,265,MoveLeft
9872,942,265,MoveLeft,1675,265,None
9872,942,265,None,1668,265,MoveLeft
9873,935,265,MoveLeft,1668,265,None
9873,935,265,None,1661,265,MoveLeft
9874,928,265,MoveLeft,1661,265,None
9874,928,265,None,1654,265,MoveLeft
9875,928,265,None,1647,265,MoveLeft
9876,928,265,None,1640,265,MoveLeft
9877,928,265,None,1633,265,MoveLeft
9878,928,265,None,1626,265,MoveLeft
9879,928,265,None,1619,265,MoveLeft
9880,928,265,None,1612,265,MoveLeft
9881,928,265,None,1605,265,MoveLeft
9882,928,265,None,1598,265,MoveLeft
9883,928,265,None,1591,265,MoveLeft
9884,928,265,None,1584,265,MoveLeft
9885,928,265,None,1577,265,MoveLeft
9886,928,265,None,1570,265,MoveLeft
9887,928,265,None,1563,265,MoveLeft
9888,928,265,None,1556,265,MoveLeft
9889,928,265,None,1549,265,MoveLeft
9890,928,265,None,1542,265,MoveLeft
9891,928,265,None,1535,265,MoveLeft
9892,928,265,None,1528,265,MoveLeft
9893,928,265,None,1521,265,MoveLeft
9894,928,265,Set,1521,265,None
9894,928,265,None,1521,265,None
9894,928,265,None,1514,265,MoveLeft
9895,928,265,None,1507,265,MoveLeft
9896,928,265,None,1500,265,MoveLeft
9897,928,265,None,1493,265,MoveLeft
9898,928,265,None,1486,265,MoveLeft
9899,928,265,None,1479,265,MoveLeft
9900,928,265,None,1472,265,MoveLeft
9901,928,265,None,1465,265,MoveLeft
9902,928,265,None,1458,265,MoveLeft
9903,928,265,None,1451,265,MoveLeft
9904,928,265,None,1444,265,MoveLeft
9905,928,265,None,1437,265,MoveLeft
9906,928,265,None,1430,265,MoveLeft
9907,928,265,None,1423,265,MoveLeft
9908,928,265,None,1416,265,MoveLeft
9909,928,265,None,1409,265,MoveLeft
9910,928,265,None,1402,265,MoveLeft
9911,928,265,None,1395,265,MoveLeft
9912,928,265,None,1388,265,MoveLeft
9913,928,265,None,1381,265,MoveLeft
9914,935,265,MoveRight,1381,265,None
9914,935,265,None,1374,265,MoveLeft
9915,942,265,MoveRight,1374,265,None
9915,942,265,None,1367,265,MoveLeft
9916,949,265,MoveRight,1367,265,None
9916,949,265,None,1360,265,MoveLeft
9917,956,265,MoveRight,1360,265,None
9917,956,265,None,1353,265,MoveLeft
9918,963,265,MoveRight,1353,265,None
9918,963,265,None,1346,265,MoveLeft
9919,970,265,MoveRight,1346,265,None
9920,977,265,MoveRight,1346,265,None
9921,984,265,MoveRight,1346,265,None
9922,991,265,MoveRight,1346,265,None
9923,998,265,MoveRight,1346,265,None
9924,1005,265,MoveRight,1346,265,None
9925,1012,265,MoveRight,1346,265,None
9928,1005,265,MoveLeft,1346,265,None
9929,998,265,MoveLeft,1346,265,None
9930,991,265,MoveLeft,1346,265,None
9931,984,265,MoveLeft,1346,265,None
9932,977,265,MoveLeft,1346,265,None
9933,970,265,MoveLeft,1346,265,None
9934,963,265,MoveLeft,1346,265,None
9935,956,265,MoveLeft,1346,265,None
9936,949,265,MoveLeft,1346,265,None
9937,942,265,MoveLeft,1346,265,None
9938,935,265,MoveLeft,1346,265,None
9939,928,265,MoveLeft,1346,265,None
9962,928,284.62,None,1346,265,None
9974,928,412.15,None,1346,265,None
9985,928,520.06,None,1346,265,None
9998,928,510.25,None,1346,265,None
9999,931.5,500.44,MoveRight,1346,265,None
10000,935,490.63,MoveRight,1346,265,None
10001,938.5,480.82,MoveRight,1346,265,None
10002,942,471.01,MoveRight,1346,265,None
10003,945.5,461.2,MoveRight,1346,265,None
10004,949,451.39,MoveRight,1346,265,None
10005,952.5,441.58,MoveRight,1346,265,None
10006,956,431.77,MoveRight,1346,265,None
10007,959.5,421.96,MoveRight,1346,265,None
10008,963,412.15,MoveRight,1346,265,None
10009,966.5,402.34,MoveRight,1346,265,None
10010,970,392.53,MoveRight,1346,265,None
10011,973.5,382.72,MoveRight,1346,265,None
10012,977,372.91,MoveRight,1346,265,None
10013,980.5,363.1,MoveRight,1346,265,None
10014,984,353.29,MoveRight,1346,265,None
10015,987.5,343.48,MoveRight,1346,265,None
10016,991,333.67,MoveRight,1346,265,None
10017,994.5,323.86,MoveRight,1346,265,None
10018,998,314.05,MoveRight,1346,265,None
10019,1001.5,304.24,MoveRight,1346,265,None
10020,1005,294.43,MoveRight,1346,265,None
10021,1008.5,284.62,MoveRight,1346,265,None
10022,1012,274.81,MoveRight,1346,265,None
10023,1019,265,MoveRight,1346,265,None
10027,1019,284.62,None,1346,265,None
10079,970,333.67,None,2410,265,Serve
10079,970,333.67,None,2410,265,None
10130,963,265,MoveLeft,2410,265,None
10131,956,265,MoveLeft,2410,265,None
10132,949,265,MoveLeft,2410,265,None
10133,942,265,MoveLeft,2410,265,None
10134,935,265,MoveLeft,2410,265,None
10135,928,265,MoveLeft,2410,265,None
10136,921,265,MoveLeft,2410,265,None
10151,921,265,Bump,2410,265,None
10151,914,265,MoveLeft,2410,265,None
10152,914,265,None,2403,265,MoveLeft
10153,914,265,None,2396,265,MoveLeft
10154,914,265,None,2389,265,MoveLeft
10155,914,265,None,2382,265,MoveLeft
10156,914,265,None,2375,265,MoveLeft
10157,914,265,None,2368,265,MoveLeft
10158,914,265,None,2361,265,MoveLeft
10159,914,265,None,2354,265,MoveLeft
10160,914,265,None,2347,265,MoveLeft
10161,914,265,None,2340,265,MoveLeft
10162,914,265,None,2333,265,MoveLeft
10163,914,265,None,2326,265,MoveLeft
10164,914,265,None,2319,265,MoveLeft
10165,914,265,None,2312,265,MoveLeft
10166,914,265,None,2305,265,MoveLeft
10167,914,265,None,2298,265,MoveLeft
10168,914,265,None,2291,265,MoveLeft
10169,914,265,None,2284,265,MoveLeft
10170,914,265,None,2277,265,MoveLeft
10171,914,265,None,2270,265,MoveLeft
10172,914,265,None,2263,265,MoveLeft
10173,914,265,None,2256,265,MoveLeft
10174,914,265,None,2249,265,MoveLeft
10175,914,265,None,2242,265,MoveLeft
10176,921,265,MoveRight,2242,265,None
10176,921,265,None,2235,265,MoveLeft
10177,928,265,MoveRight,2235,265,None
10177,928,265,None,2228,265,MoveLeft
10178,935,265,MoveRight,2228,265,None
10178,935,265,None,2221,265,MoveLeft
10179,942,265,MoveRight,2221,265,None
10179,942,265,None,2214,265,MoveLeft
10180,949,265,MoveRight,2214,265,None
10180,949,265,None,2207,265,MoveLeft
10181,956,265,MoveRight,2207,265,None
10181,956,265,None,2200,265,MoveLeft
10182,963,265,MoveRight,2200,265,None
10182,963,265,None,2193,265,MoveLeft
10183,970,265,MoveRight,2193,265,None
10183,970,265,None,2186,265,MoveLeft
10184,977,265,MoveRight,2186,265,None
10184,977,265,None,2179,265,MoveLeft
10185,984,265,MoveRight,2179,265,None
10185,984,265,None,2172,265,MoveLeft
10186,991,265,MoveRight,2172,265,None
10186,991,265,None,2165,265,MoveLeft
10187,998,265,MoveRight,2165,265,None
10187,998,265,None,2158,265,MoveLeft
10188,1005,265,MoveRight,2158,265,None
10188,1005,265,None,2151,265,MoveLeft
10189,1012,265,MoveRight,2151,265,None
10189,1012,265,None,2144,265,MoveLeft
10190,1019,265,MoveRight,2144,265,None
10190,1019,265,None,2137,265,MoveLeft
10191,1026,265,MoveRight,2137,265,None
10191,1026,265,None,2130,265,MoveLeft
10192,1033,265,MoveRight,2130,265,None
10192,1033,265,None,2123,265,MoveLeft
10193,1040,265,MoveRight,2123,265,None
10193,1040,265,None,2116,265,MoveLeft
10194,1047,265,MoveRight,2116,265,None
10194,1047,265,None,2109,265,MoveLeft
10195,1054,265,MoveRight,2109,265,None
10195,1054,265,None,2102,265,MoveLeft
10196,1061,265,MoveRight,2102,265,None
10196,1061,265,None,2095,265,MoveLeft
10197,1068,265,MoveRight,2095,265,None
10197,1068,265,None,2088,265,MoveLeft
10198,1075,265,MoveRight,2088,265,None
10198,1075,265,None,2081,265,MoveLeft
10199,1082,265,MoveRight,2081,265,None
10199,1082,265,None,2074,265,MoveLeft
10200,1089,265,MoveRight,2074,265,None
10200,1089,265,None,2067,265,MoveLeft
10201,1096,265,MoveRight,2067,265,None
10201,1096,265,None,2060,265,MoveLeft
10202,1103,265,MoveRight,2060,265,None
10202,1103,265,None,2053,265,MoveLeft
10203,1110,265,MoveRight,2053,265,None
10203,1110,265,None,2046,265,MoveLeft
10204,1117,265,MoveRight,2046,265,None
10204,1117,265,None,2039,265,MoveLeft
10205,1124,265,MoveRight,2039,265,None
10205,1124,265,None,2032,265,MoveLeft
10206,1131,265,MoveRight,2032,265,None
10206,1131,265,None,2025,265,MoveLeft
10207,1138,265,MoveRight,2025,265,None
10207,1138,265,None,2018,265,MoveLeft
10208,1145,265,MoveRight,2018,265,None
10208,1145,265,None,2011,265,MoveLeft
10209,1152,265,MoveRight,2011,265,None
10209,1152,265,None,2004,265,MoveLeft
10210,1159,265,MoveRight,2004,265,None
10210,1159,265,None,1997,265,MoveLeft
10211,1166,265,MoveRight,1997,265,None
10211,1166,265,None,1990,265,MoveLeft
10212,1173,265,MoveRight,1990,265,None
10212,1173,265,None,1983,265,MoveLeft
10213,1180,265,MoveRight,1983,265,None
10213,1180,265,None,1976,265,MoveLeft
10214,1187,265,MoveRight,1976,265,None
10214,1187,265,None,1969,265,MoveLeft
10215,1194,265,MoveRight,1969,265,None
10215,1194,265,None,1962,265,MoveLeft
10216,1201,265,MoveRight,1962,265,None
10216,1201,265,None,1955,265,MoveLeft
10217,1208,265,MoveRight,1955,265,None
10217,1208,265,None,1948,265,MoveLeft
10218,1215,265,MoveRight,1948,265,None
10218,1215,265,None,1941,265,MoveLeft
10219,1222,265,MoveRight,1941,265,None
10219,1222,265,None,1934,265,MoveLeft
10220,1229,265,MoveRight,1934,265,None
10220,1229,265,None,1927,265,MoveLeft
10221,1236,265,MoveRight,1927,265,None
10221,1236,265,None,1920,265,MoveLeft
10222,1243,265,MoveRight,1920,265,None
10222,1243,265,None,1913,265,MoveLeft
10223,1250,265,MoveRight,1913,265,None
10223,1250,265,None,1906,265,MoveLeft
10224,1257,265,MoveRight,1906,265,None
10224,1257,265,None,1899,265,MoveLeft
10225,1264,265,MoveRight,1899,265,None
10225,1264,265,None,1892,265,MoveLeft
10226,1271,265,MoveRight,1892,265,None
10226,1271,265,None,1885,265,MoveLeft
10227,1278,265,MoveRight,1885,265,None
10227,1278,265,None,1878,265,MoveLeft
10228,1285,265,MoveRight,1878,265,None
10228,1285,265,None,1871,265,MoveLeft
10229,1292,265,MoveRight,1871,265,None
10229,1292,265,None,1864,265,MoveLeft
10230,1299,265,MoveRight,1864,265,None
10230,1299,265,None,1857,265,MoveLeft
10231,1306,265,MoveRight,1857,265,None
10231,1306,265,None,1850,265,MoveLeft
10232,1306,265,None,1843,265,MoveLeft
10233,1306,265,None,1836,265,MoveLeft
10234,1306,265,None,1829,265,MoveLeft
10235,1306,265,None,1822,265,MoveLeft
10236,1306,265,None,1815,265,MoveLeft
10237,1306,265,None,1808,265,MoveLeft
10238,1306,265,None,1801,265,MoveLeft
10239,1306,265,None,1794,265,MoveLeft
10240,1306,265,None,1787,265,MoveLeft
10241,1306,265,None,1780,265,MoveLeft
10242,1306,265,None,1773,265,MoveLeft
10243,1306,265,None,1766,265,MoveLeft
10244,1306,265,None,1759,265,MoveLeft
10245,1306,265,None,1752,265,MoveLeft
10246,1306,265,None,1745,265,MoveLeft
10247,1299,265,MoveLeft,1745,265,None
10247,1299,265,None,1738,265,MoveLeft
10248,1292,265,MoveLeft,1738,265,None
10248,1292,265,None,1731,265,MoveLeft
10249,1285,265,MoveLeft,1731,265,None
10249,1285,265,None,1724,265,MoveLeft
10250,1278,265,MoveLeft,1724,265,None
10250,1278,265,None,1717,265,MoveLeft
10251,1271,265,MoveLeft,1717,265,None
10251,1271,265,None,1710,265,MoveLeft
10252,1264,265,MoveLeft,1710,265,None
10252,1264,265,None,1703,265,MoveLeft
10253,1257,265,MoveLeft,1703,265,None
10253,1257,265,None,1696,265,MoveLeft
10254,1250,265,MoveLeft,1696,265,None
10254,1250,265,None,1689,265,MoveLeft
10255,1243,265,MoveLeft,1689,265,None
10255,1243,265,None,1682,265,MoveLeft
10256,1236,265,MoveLeft,1682,265,None
10256,1236,265,None,1675,265,MoveLeft
10257,1229,265,MoveLeft,1675,265,None
10257,1229,265,None,1668,265,MoveLeft
10258,1222,265,MoveLeft,1668,265,None
10258,1222,265,None,1661,265,MoveLeft
10259,1215,265,MoveLeft,1661,265,None
10259,1215,265,None,1654,265,MoveLeft
10260,1208,265,MoveLeft,1654,265,None
10260,1208,265,None,1647,265,MoveLeft
10261,1201,265,MoveLeft,1647,265,None
10261,1201,265,None,1640,265,MoveLeft
10262,1194,265,MoveLeft,1640,265,None
10262,1194,265,None,1633,265,MoveLeft
10263,1187,265,MoveLeft,1633,265,None
10263,1187,265,None,1626,265,MoveLeft
10264,1187,265,None,1619,265,MoveLeft
10265,1187,265,None,1612,265,MoveLeft
10266,1187,265,None,1605,265,MoveLeft
10267,1187,265,None,1598,265,MoveLeft
10268,1187,265,None,1591,265,MoveLeft
10269,1187,265,None,1584,265,MoveLeft
10270,1187,265,None,1577,265,MoveLeft
10271,1187,265,None,1570,265,MoveLeft
10272,1187,265,None,1563,265,MoveLeft
10273,1187,265,None,1556,265,MoveLeft
10274,1187,265,None,1549,265,MoveLeft
10275,1187,265,None,1542,265,MoveLeft
10276,1187,265,None,1535,265,MoveLeft
10277,1187,265,None,1528,265,MoveLeft
10278,1187,265,None,1528,265,None
10278,1187,265,None,1521,265,MoveLeft
10279,1187,265,None,1514,265,MoveLeft
10280,1187,265,None,1507,265,MoveLeft
10281,1187,265,None,1500,265,MoveLeft
10282,1187,265,None,1493,265,MoveLeft
10283,1187,265,None,1486,265,MoveLeft
10284,1187,265,None,1479,265,MoveLeft
10285,1187,265,None,1472,265,MoveLeft
10286,1187,265,None,1465,265,MoveLeft
10287,1187,265,None,1458,265,MoveLeft
10288,1187,265,None,1451,265,MoveLeft
10289,1187,265,None,1444,265,MoveLeft
10290,1187,265,None,1437,265,MoveLeft
10291,1187,265,None,1430,265,MoveLeft
10292,1187,265,None,1423,265,MoveLeft
10293,1187,265,None,1416,265,MoveLeft
10294,1187,265,None,1409,265,MoveLeft
10295,1180,265,MoveLeft,1409,265,None
10295,1180,265,None,1402,265,MoveLeft
10296,1173,265,MoveLeft,1402,265,None
10296,1173,265,None,1395,265,MoveLeft
10297,1166,265,MoveLeft,1395,265,None
10297,1166,265,None,1388,265,MoveLeft
10298,1159,265,MoveLeft,1388,265,None
10298,1159,265,None,1381,265,MoveLeft
10299,1152,265,MoveLeft,1381,265,None
10299,1152,265,None,1374,265,MoveLeft
10300,1145,265,MoveLeft,1374,265,None
10300,1145,265,None,1367,265,MoveLeft
10301,1138,265,MoveLeft,1367,265,None
10301,1138,265,None,1360,265,MoveLeft
10302,1131,265,MoveLeft,1360,265,None
10302,1131,265,None,1353,265,MoveLeft
10303,1124,265,MoveLeft,1353,265,None
10303,1124,265,None,1346,265,MoveLeft
10304,1117,265,MoveLeft,1346,265,None
10305,1110,265,MoveLeft,1346,265,None
10306,1103,265,MoveLeft,1346,265,None
10307,1096,265,MoveLeft,1346,265,None
10308,1089,265,MoveLeft,1346,265,None
10309,1082,265,MoveLeft,1346,265,None
10310,1075,265,MoveLeft,1346,265,None
10311,1068,265,MoveLeft,1346,265,None
10312,1061,265,MoveLeft,1346,265,None
10313,970,265,Set,2410,265,None
10313,963,265,MoveLeft,2410,265,None
10314,956,265,MoveLeft,2410,265,None
10363,956,265,None,2410,265,Serve
10363,956,265,None,2410,265,None
10401,949,265,MoveLeft,2410,265,None
10402,942,265,MoveLeft,2410,265,None
10403,935,265,MoveLeft,2410,265,None
10404,928,265,MoveLeft,2410,265,None
10405,921,265,MoveLeft,2410,265,None
10406,914,265,MoveLeft,2410,265,None
10407,907,265,MoveLeft,2410,265,None
10408,900,265,MoveLeft,2410,265,None
10409,893,265,MoveLeft,2410,265,None
10410,886,265,MoveLeft,2410,265,None
10411,879,265,MoveLeft,2410,265,None
10412,872,265,MoveLeft,2410,265,None
10413,865,265,MoveLeft,2410,265,None
10414,858,265,MoveLeft,2410,265,None
10415,851,265,MoveLeft,2410,265,None
10416,844,265,MoveLeft,2410,265,None
10422,851,265,MoveRight,2410,265,None
10423,858,265,MoveRight,2410,265,None
10424,865,265,MoveRight,2410,265,None
10425,872,265,MoveRight,2410,265,None
10426,879,265,MoveRight,2410,265,None
10427,886,265,MoveRight,2410,265,None
10428,893,265,MoveRight,2410,265,None
10429,900,265,MoveRight,2410,265,None
10430,907,265,MoveRight,2410,265,None
10431,914,265,MoveRight,2410,265,None
10432,921,265,MoveRight,2410,265,None
10433,928,265,MoveRight,2410,265,None
10434,928,265,Set,2410,265,None
10434,928,265,None,2410,265,None
10435,928,265,None,2403,265,MoveLeft
10436,928,265,None,2396,265,MoveLeft
10437,928,265,None,2389,265,MoveLeft
10438,928,265,None,2382,265,MoveLeft
10439,928,265,None,2375,265,MoveLeft
10440,928,265,None,2368,265,MoveLeft
10441,928,265,None,2361,265,MoveLeft
10442,928,265,None,2354,265,MoveLeft
10443,928,265,None,2347,265,MoveLeft
10444,928,265,None,2340,265,MoveLeft
10445,928,265,None,2333,265,MoveLeft
10446,928,265,None,2326,265,MoveLeft
10447,928,265,None,2319,265,MoveLeft
10448,935,265,MoveRight,2319,265,None
10448,935,265,None,2312,265,MoveLeft
10449,942,265,MoveRight,2312,265,None
10449,942,265,None,2305,265,MoveLeft
10450,949,265,MoveRight,2305,265,None
10450,949,265,None,2298,265,MoveLeft
10451,956,265,MoveRight,2298,265,None
10451,956,265,None,2291,265,MoveLeft
10452,963,265,MoveRight,2291,265,None
10452,963,265,None,2284,265,MoveLeft
10453,970,265,MoveRight,2284,265,None
10453,970,265,None,2277,265,MoveLeft
10454,977,265,MoveRight,2277,265,None
10454,977,265,None,2270,265,MoveLeft
10455,984,265,MoveRight,2270,265,None
10455,984,265,None,2263,265,MoveLeft
10456,984,265,None,2256,265,MoveLeft
10457,984,265,None,2249,265,MoveLeft
10458,984,265,None,2242,265,MoveLeft
10459,984,265,None,2235,265,MoveLeft
10460,984,265,None,2228,265,MoveLeft
10461,984,265,None,2221,265,MoveLeft
10462,984,265,None,2214,265,MoveLeft
10463,984,265,None,2207,265,MoveLeft
10464,984,265,None,2200,265,MoveLeft
10465,984,265,None,2193,265,MoveLeft
10466,984,265,None,2186,265,MoveLeft
10467,984,265,None,2179,265,MoveLeft
10468,984,265,None,2172,265,MoveLeft
10469,984,265,None,2165,265,MoveLeft
10470,984,265,None,2158,265,MoveLeft
10471,984,265,None,2151,265,MoveLeft
10472,984,265,None,2144,265,MoveLeft
10473,984,265,None,2137,265,MoveLeft
10474,984,265,None,2130,265,MoveLeft
10475,984,265,None,2123,265,MoveLeft
10476,984,265,None,2116,265,MoveLeft
10477,984,265,None,2109,265,MoveLeft
10478,984,265,None,2102,265,MoveLeft
10479,984,265,None,2095,265,MoveLeft
10480,984,265,None,2088,265,MoveLeft
10481,984,265,None,2081,265,MoveLeft
10482,984,265,None,2074,265,MoveLeft
10483,984,265,None,2067,265,MoveLeft
10484,984,265,None,2060,265,MoveLeft
10485,984,265,None,2053,265,MoveLeft
10486,984,265,None,2046,265,MoveLeft
10487,984,265,None,2039,265,MoveLeft
10488,984,265,None,2032,265,MoveLeft
10489,984,265,None,2025,265,MoveLeft
10490,984,265,None,2018,265,MoveLeft
10491,984,265,None,2011,265,MoveLeft
10492,984,265,None,2004,265,MoveLeft
10493,984,265,None,1997,265,MoveLeft
10494,984,265,None,1990,265,MoveLeft
10495,984,265,None,1983,265,MoveLeft
10496,984,265,None,1976,265,MoveLeft
10497,984,265,None,1969,265,MoveLeft
10498,984,265,None,1962,265,MoveLeft
10499,984,265,None,1955,265,MoveLeft
10500,984,265,None,1948,265,MoveLeft
10501,984,265,None,1941,265,MoveLeft
10502,984,265,None,1934,265,MoveLeft
10503,984,265,None,1927,265,MoveLeft
10504,984,265,None,1920,265,MoveLeft
10505,984,265,None,1913,265,MoveLeft
10506,984,265,None,1906,265,MoveLeft
10507,984,265,None,1899,265,MoveLeft
10508,984,265,None,1892,265,MoveLeft
10509,984,265,None,1885,265,MoveLeft
10510,984,265,None,1878,265,MoveLeft
10511,984,265,None,1871,265,MoveLeft
10512,984,265,None,1864,265,MoveLeft
10513,984,265,None,1857,265,MoveLeft
10514,984,265,None,1850,265,MoveLeft
10515,984,265,None,1843,265,MoveLeft
10516,984,265,None,1836,265,MoveLeft
10517,984,265,None,1829,265,MoveLeft
10518,984,265,None,1822,265,MoveLeft
10519,984,265,None,1815,265,MoveLeft
10520,984,265,None,1808,265,MoveLeft
10521,984,265,None,1801,265,MoveLeft
10522,984,265,None,1794,265,MoveLeft
10523,984,265,None,1787,265,MoveLeft
10524,984,265,None,1780,265,MoveLeft
10525,984,265,None,1773,265,MoveLeft
10526,984,265,None,1766,265,MoveLeft
10527,984,265,None,1759,265,MoveLeft
10528,984,265,None,1752,265,MoveLeft
10529,984,265,None,1745,265,MoveLeft
10530,984,265,None,1738,265,MoveLeft
10531,984,265,None,1731,265,MoveLeft
10532,984,265,None,1724,265,MoveLeft
10533,984,265,None,1717,265,MoveLeft
10534,984,265,None,1710,265,MoveLeft
10535,984,265,None,1703,265,MoveLeft
10536,984,265,None,1696,265,MoveLeft
10537,984,265,None,1689,265,MoveLeft
10538,984,265,None,1682,265,MoveLeft
10539,984,265,None,1675,265,MoveLeft
10540,984,265,None,1668,265,MoveLeft
10541,984,265,None,1661,265,MoveLeft
10542,984,265,None,1654,265,MoveLeft
10543,984,265,None,1647,265,MoveLeft
10544,984,265,None,1640,265,MoveLeft
10545,984,265,None,1633,265,MoveLeft
10546,984,265,None,1626,265,MoveLeft
10547,984,265,None,1619,265,MoveLeft
10548,984,265,None,1612,265,MoveLeft
10549,984,265,None,1605,265,MoveLeft
10550,984,265,None,1598,265,MoveLeft
10551,984,265,None,1591,265,MoveLeft
10552,984,265,None,1584,265,MoveLeft
10553,984,265,None,1577,265,MoveLeft
10554,977,265,MoveLeft,1577,265,None
10554,977,265,None,1570,265,MoveLeft
10555,970,265,MoveLeft,1570,265,None
10555,970,265,None,1563,265,MoveLeft
10556,963,265,MoveLeft,1563,265,None
10556,963,265,None,1556,265,MoveLeft
10557,956,265,MoveLeft,1556,265,None
10557,956,265,None,1549,265,MoveLeft
10558,949,265,MoveLeft,1549,265,None
10558,949,265,None,1542,265,MoveLeft
10559,949,265,None,1535,265,MoveLeft
10560,949,265,None,1528,265,MoveLeft
10561,949,265,None,1521,265,MoveLeft
10562,949,265,None,1514,265,MoveLeft
10563,949,265,None,1507,265,MoveLeft
10564,949,265,None,1500,265,MoveLeft
10565,949,265,None,1493,265,MoveLeft
10566,949,265,None,1486,265,MoveLeft
10567,949,265,None,1479,265,MoveLeft
10568,949,265,None,1472,265,MoveLeft
10569,949,265,None,1465,265,MoveLeft
10570,949,265,None,1458,265,MoveLeft
10571,949,265,None,1451,265,MoveLeft
10572,949,265,None,1444,265,MoveLeft
10573,949,265,None,1437,265,MoveLeft
10574,949,265,None,1430,265,MoveLeft
10581,970,265,Set,2410,265,None
10581,970,265,None,2410,265,None
10625,970,265,None,2410,265,Serve
10625,970,265,None,2410,265,None
10695,970,265,Set,2410,265,None
10695,970,265,None,2410,265,None
10696,970,265,None,2403,265,MoveLeft
10697,970,265,None,2396,265,MoveLeft
10698,970,265,None,2389,265,MoveLeft
10699,970,265,None,2382,265,MoveLeft
10700,970,265,None,2375,265,MoveLeft
10701,970,265,None,2368,265,MoveLeft
10702,970,265,None,2361,265,MoveLeft
10703,970,265,None,2354,265,MoveLeft
10704,970,265,None,2347,265,MoveLeft
10705,970,265,None,2340,265,MoveLeft
10706,970,265,None,2333,265,MoveLeft
10707,970,265,None,2326,265,MoveLeft
10708,970,265,None,2319,265,MoveLeft
10709,970,265,None,2312,265,MoveLeft
10710,970,265,None,2305,265,MoveLeft
10711,970,265,None,2298,265,MoveLeft
10712,970,265,None,2291,265,MoveLeft
10713,970,265,None,2284,265,MoveLeft
10714,970,265,None,2277,265,MoveLeft
10715,970,265,None,2270,265,MoveLeft
10716,970,265,None,2263,265,MoveLeft
10717,970,265,None,2256,265,MoveLeft
10718,970,265,None,2249,265,MoveLeft
10719,970,265,None,2242,265,MoveLeft
10720,970,265,None,2235,265,MoveLeft
10721,970,265,None,2228,265,MoveLeft
10722,970,265,None,2221,265,MoveLeft
10723,970,265,None,2214,265,MoveLeft
10724,970,265,None,2207,265,MoveLeft
10725,970,265,None,2200,265,MoveLeft
10726,970,265,None,2193,265,MoveLeft
10727,970,265,None,2186,265,MoveLeft
10728,970,265,None,2179,265,MoveLeft
10729,970,265,None,2172,265,MoveLeft
10730,970,265,None,2165,265,MoveLeft
10731,970,265,None,2158,265,MoveLeft
10732,970,265,None,2151,265,MoveLeft
10733,970,265,None,2144,265,MoveLeft
10734,970,265,None,2137,265,MoveLeft
10735,970,265,None,2130,265,MoveLeft
10736,970,265,None,2123,265,MoveLeft
10737,970,265,None,2116,265,MoveLeft
10738,970,265,None,2109,265,MoveLeft
10739,970,265,None,2102,265,MoveLeft
10740,970,265,None,2095,265,MoveLeft
10741,970,265,None,2088,265,MoveLeft
10742,970,265,None,2081,265,MoveLeft
10743,970,265,None,2074,265,MoveLeft
10744,970,265,None,2067,265,MoveLeft
10745,970,265,None,2060,265,MoveLeft
10746,970,265,None,2053,265,MoveLeft
10747,970,265,None,2046,265,MoveLeft
10748,970,265,None,2039,265,MoveLeft
10749,970,265,None,2032,265,MoveLeft
10750,970,265,None,2025,265,MoveLeft
10751,970,265,None,2018,265,MoveLeft
10752,970,265,None,2011,265,MoveLeft
10753,970,265,None,2004,265,MoveLeft
10754,970,265,None,1997,265,MoveLeft
10755,970,265,None,1990,265,MoveLeft
10756,970,265,None,1983,265,MoveLeft
10757,970,265,None,1976,265,MoveLeft
10758,970,265,None,1969,265,MoveLeft
10759,970,265,None,1962,265,MoveLeft
10760,970,265,None,1955,265,MoveLeft
10761,970,265,None,1948,265,MoveLeft
10762,970,265,None,1941,265,MoveLeft
10763,970,265,None,1934,265,MoveLeft
10764,970,265,None,1927,265,MoveLeft
10765,970,265,None,1920,265,MoveLeft
10766,970,265,None,1913,265,MoveLeft
10767,970,265,None,1906,265,MoveLeft
10768,970,265,None,1899,265,MoveLeft
10769,970,265,None,1892,265,MoveLeft
10770,970,265,None,1885,265,MoveLeft
10771,970,265,None,1878,265,MoveLeft
10772,970,265,None,1871,265,MoveLeft
10773,970,265,None,1864,265,MoveLeft
10774,970,265,None,1857,265,MoveLeft
10775,970,265,None,1850,265,MoveLeft
10776,970,265,None,1843,265,MoveLeft
10777,970,265,None,1836,265,MoveLeft
10778,970,265,None,1829,265,MoveLeft
10779,970,265,None,1822,265,MoveLeft
10780,970,265,None,1815,265,MoveLeft
10781,970,265,None,1808,265,MoveLeft
10782,970,265,None,1801,265,MoveLeft
10783,970,265,None,1794,265,MoveLeft
10784,970,265,None,1787,265,MoveLeft
10785,970,265,None,1780,265,MoveLeft
10786,970,265,None,1773,265,MoveLeft
10787,970,265,None,1766,265,MoveLeft
10788,970,265,None,1759,265,MoveLeft
10789,970,265,None,1752,265,MoveLeft
10790,970,265,None,1745,265,MoveLeft
10791,970,265,None,1738,265,MoveLeft
10792,970,265,None,1731,265,MoveLeft
10793,970,265,None,1724,265,MoveLeft
10794,970,265,None,1717,265,MoveLeft
10795,970,265,None,1710,265,MoveLeft
10796,970,265,None,1703,265,MoveLeft
10797,970,265,None,1696,265,MoveLeft
10798,970,265,None,1689,265,MoveLeft
10799,970,265,None,1682,265,MoveLeft
10800,970,265,None,1675,265,MoveLeft
10801,970,265,None,1668,265,MoveLeft
10802,970,265,None,1661,265,MoveLeft
10803,970,265,None,1654,265,MoveLeft
10804,970,265,None,1647,265,MoveLeft
10805,970,265,None,1640,265,MoveLeft
10806,970,265,None,1633,265,MoveLeft
10807,970,265,None,1626,265,MoveLeft
10808,970,265,None,1619,265,MoveLeft
10809,970,265,None,1612,265,MoveLeft
10810,970,265,None,1605,265,MoveLeft
10811,970,265,None,1598,265,MoveLeft
10812,970,265,None,1591,265,MoveLeft
10813,970,265,None,1584,265,MoveLeft
10814,970,265,None,1577,265,MoveLeft
10815,970,265,None,1570,265,MoveLeft
10816,970,265,None,1570,265,None
10816,970,265,None,1563,265,MoveLeft
10817,970,265,None,1556,265,MoveLeft
10818,970,265,None,1549,265,MoveLeft
10819,970,265,None,1542,265,MoveLeft
10820,970,265,None,1535,265,MoveLeft
10821,970,265,None,1528,265,MoveLeft
10822,970,265,None,1521,265,MoveLeft
10823,970,265,None,1514,265,MoveLeft
10824,970,265,None,1507,265,MoveLeft
10825,970,265,None,1500,265,MoveLeft
10826,970,265,None,1493,265,MoveLeft
10827,970,265,None,1486,265,MoveLeft
10828,970,265,None,1479,265,MoveLeft
10829,970,265,None,1472,265,MoveLeft
10830,970,265,None,1465,265,MoveLeft
10831,970,265,None,1458,265,MoveLeft
10832,970,265,None,1451,265,MoveLeft
10833,970,265,None,1444,265,MoveLeft
10844,970,265,Set,2410,265,None
10844,970,265,None,2410,265,None
10884,970,265,None,2410,265,Serve
10884,970,265,None,2410,265,None
10959,963,265,MoveLeft,2410,265,None
10960,956,265,MoveLeft,2410,265,None
