Frame,PlayerPosX,PlayerPosY,PlayerEvent,BotPosX,BotPosY,BotEvent
6381,970,265,None,1843,265,MoveLeft
6382,970,265,None,1836,265,MoveLeft
6383,970,265,None,1829,265,MoveLeft
6384,970,265,None,1822,265,MoveLeft
6385,970,265,None,1815,265,MoveLeft
6386,970,265,None,1808,265,MoveLeft
6387,970,265,None,1801,265,MoveLeft
6388,970,265,None,1794,265,MoveLeft
6389,970,265,None,1787,265,MoveLeft
6390,970,265,None,1780,265,MoveLeft
6391,970,265,None,1773,265,MoveLeft
6392,970,265,None,1766,265,MoveLeft
6393,970,265,None,1759,265,MoveLeft
6394,970,265,None,1752,265,MoveLeft
6395,970,265,None,1745,265,MoveLeft
6396,970,265,None,1738,265,MoveLeft
6397,970,265,None,1731,265,MoveLeft
6409,977,265,MoveRight,1731,265,None
6410,984,265,MoveRight,1731,265,None
6411,991,265,MoveRight,1731,265,None
6412,998,265,MoveRight,1731,265,None
6413,1005,265,MoveRight,1731,265,None
6414,1012,265,MoveRight,1731,265,None
6415,1019,265,MoveRight,1731,265,None
6416,1026,265,MoveRight,1731,265,None
6417,1033,265,MoveRight,1731,265,None
6418,1040,265,MoveRight,1731,265,None
6419,1047,265,MoveRight,1731,265,None
6420,1054,265,MoveRight,1731,265,None
6421,1061,265,MoveRight,1731,265,None
6422,1068,265,MoveRight,1731,265,None
6423,1075,265,MoveRight,1731,265,None
6424,1082,265,MoveRight,1731,265,None
6425,1089,265,MoveRight,1731,265,None
6426,1096,265,MoveRight,1731,265,None
6427,1103,265,MoveRight,1731,265,None
6428,1110,265,MoveRight,1731,265,None
6429,1117,265,MoveRight,1731,265,None
6430,1124,265,MoveRight,1731,265,None
6431,1131,265,MoveRight,1731,265,None
6432,1138,265,MoveRight,1731,265,None
6433,1145,265,MoveRight,1731,265,None
6434,1152,265,MoveRight,1731,265,None
6435,1159,265,MoveRight,1731,265,None
6789,1159,265,None,1731,265,None
6802,1159,265,None,1731,265,None
6827,1152,265,MoveLeft,1731,265,None
6828,1145,265,MoveLeft,1731,265,None
6829,1138,265,MoveLeft,1731,265,None
6830,1131,265,MoveLeft,1731,265,None
6831,1124,265,MoveLeft,1731,265,None
6832,1117,265,MoveLeft,1731,265,None
6833,1110,265,MoveLeft,1731,265,None
6834,1103,265,MoveLeft,1731,265,None
6835,1096,265,MoveLeft,1731,265,None
6836,1089,265,MoveLeft,1731,265,None
6842,1096,265,MoveRight,1731,265,None
6843,1103,265,MoveRight,1731,265,None
6844,1110,265,MoveRight,1731,265,None
6845,1117,265,MoveRight,1731,265,None
6846,1124,265,MoveRight,1731,265,None
6847,1131,265,MoveRight,1731,265,None
6848,1138,265,MoveRight,1731,265,None
6849,1145,265,MoveRight,1731,265,None
6850,1152,265,MoveRight,1731,265,None
6851,1159,265,MoveRight,1731,265,None
6852,1166,265,MoveRight,1731,265,None
6853,1173,265,MoveRight,1731,265,None
6854,1180,265,MoveRight,1731,265,None
6855,1187,265,MoveRight,1731,265,None
6856,1194,265,MoveRight,1731,265,None
6857,1201,265,MoveRight,1731,265,None
6858,1208,265,MoveRight,1731,265,None
6859,1215,265,MoveRight,1731,265,None
6860,1222,265,MoveRight,1731,265,None
6861,1229,265,MoveRight,1731,265,None
6862,1236,265,MoveRight,1731,265,None
6863,1243,265,MoveRight,1731,265,None
6864,1250,265,MoveRight,1731,265,None
6865,1257,265,MoveRight,1731,265,None
6866,1264,265,MoveRight,1731,265,None
6867,1271,265,MoveRight,1731,265,None
7121,1271,284.62,None,1731,265,None
7147,1271,549.49,None,1731,265,None
7264,1278,265,MoveRight,1731,265,None
7265,1285,265,MoveRight,1731,265,None
7266,1292,265,MoveRight,1731,265,None
7267,1299,265,MoveRight,1731,265,None
7268,1306,265,MoveRight,1731,265,None
7269,1313,265,MoveRight,1731,265,None
7270,1320,265,MoveRight,1731,265,None
7342,1326,284.62,None,1731,265,None
7360,1326,471.01,None,1731,265,None
7374,1326,549.49,SpikeLight,1731,265,None
7374,1326,549.49,None,1731,265,None
7375,1326,539.68,None,1724,265,MoveLeft
7376,1326,529.87,None,1717,265,MoveLeft
7377,1326,520.06,None,1710,265,MoveLeft
7378,1326,510.25,None,1703,265,MoveLeft
7379,1326,500.44,None,1696,265,MoveLeft
7380,1326,490.63,None,1689,265,MoveLeft
7381,1326,480.82,None,1682,265,MoveLeft
7382,1326,471.01,None,1675,265,MoveLeft
7383,1326,461.2,None,1668,265,MoveLeft
7384,1326,451.39,None,1661,265,MoveLeft
7385,1326,441.58,None,1654,265,MoveLeft
7386,1326,431.77,None,1647,265,MoveLeft
7387,1326,421.96,None,1640,265,MoveLeft
7388,1326,412.15,None,1633,265,MoveLeft
7389,1326,402.34,None,1626,265,MoveLeft
7390,1326,392.53,None,1619,265,MoveLeft
7391,1326,382.72,None,1612,265,MoveLeft
7392,1326,372.91,None,1605,265,MoveLeft
7393,1326,363.1,None,1598,265,MoveLeft
7409,1319,265,MoveLeft,1598,265,None
7410,1312,265,MoveLeft,1598,265,None
7411,1305,265,MoveLeft,1598,265,None
7412,1298,265,MoveLeft,1598,265,None
7413,1291,265,MoveLeft,1598,265,None
7414,1284,265,MoveLeft,1598,265,None
7415,1277,265,MoveLeft,1598,265,None
7416,1270,265,MoveLeft,1598,265,None
7417,1263,265,MoveLeft,1598,265,None
7418,1256,265,MoveLeft,1598,265,None
7419,1256,265,None,1598,265,SpikeLight
7419,1249,265,MoveLeft,1598,265,None
7419,1249,265,None,1598,265,None
7420,1242,265,MoveLeft,1598,265,None
7421,1235,265,MoveLeft,1598,265,None
7422,1228,265,MoveLeft,1598,265,None
7423,1221,265,MoveLeft,1598,265,None
7424,1214,265,MoveLeft,1598,265,None
7429,1221,265,MoveRight,1598,265,None
7430,1228,265,MoveRight,1598,265,None
7430,1228,265,None,1605,265,MoveRight
7431,1235,265,MoveRight,1605,265,None
7431,1235,265,None,1612,265,MoveRight
7432,1242,265,MoveRight,1612,265,None
7432,1242,265,None,1619,265,MoveRight
7433,1249,265,MoveRight,1619,265,None
7433,1249,265,None,1626,265,MoveRight
7434,1256,265,MoveRight,1626,265,None
7434,1256,265,None,1633,265,MoveRight
7435,1256,265,None,1633,265,None
7435,1256,265,None,1640,265,MoveRight
7436,1256,265,None,1640,265,None
7436,1256,265,None,1647,265,MoveRight
7437,1256,265,None,1647,265,None
7437,1256,265,None,1654,265,MoveRight
7438,1256,265,None,1654,265,None
7438,1256,265,None,1661,265,MoveRight
7439,1256,265,None,1661,265,None
7439,1256,265,None,1668,265,MoveRight
7440,1256,265,None,1668,265,None
7440,1256,265,None,1675,265,MoveRight
7441,1256,265,None,1675,265,None
7441,1256,265,None,1682,265,MoveRight
7442,1256,265,None,1682,265,None
7442,1256,265,None,1689,265,MoveRight
7443,1256,265,None,1689,265,None
7443,1256,265,None,1696,265,MoveRight
7444,1256,265,None,1696,265,None
7444,1256,265,None,1703,265,MoveRight
7445,1256,265,None,1703,265,None
7445,1256,265,None,1710,265,MoveRight
7446,1256,265,None,1710,265,None
7446,1256,265,None,1717,265,MoveRight
7447,1256,265,None,1717,265,None
7447,1256,265,None,1724,265,MoveRight
7448,1256,265,None,1724,265,None
7448,1256,265,None,1724,265,None
7449,1256,265,None,1724,265,None
7449,1256,265,None,1724,265,None
7450,1256,265,None,1724,265,None
7450,1256,265,None,1724,265,None
7451,1256,265,None,1724,265,None
7451,1256,265,None,1724,265,None
7452,1256,265,None,1724,265,None
7453,1256,265,None,1724,265,None
7454,1256,265,None,1724,265,None
7455,1256,265,None,1724,265,None
7456,1256,265,None,1724,265,None
7457,1256,265,None,1724,265,None
7458,1256,265,None,1724,265,None
7459,1256,265,None,1724,265,None
7460,1256,265,None,1724,265,None
7461,1256,265,None,1724,265,None
7462,1256,265,None,1724,265,None
7463,1256,265,None,1724,265,None
7464,1256,265,None,1724,265,None
7465,1256,265,None,1724,265,None
7466,1256,265,None,1724,265,None
7467,1249,265,MoveLeft,1724,265,None
7467,1249,265,None,1724,265,None
7468,1242,265,MoveLeft,1724,265,None
7468,1242,265,None,1724,265,None
7469,1235,265,MoveLeft,1724,265,None
7469,1235,265,None,1724,265,None
7470,1228,265,MoveLeft,1724,265,None
7470,1228,265,None,1724,265,None
7471,1221,265,MoveLeft,1724,265,None
7471,1221,265,None,1724,265,None
7472,1228,265,MoveRight,1724,265,None
7472,1228,265,None,1724,265,None
7473,1235,265,MoveRight,1724,265,None
7473,1235,265,None,1724,265,None
7474,1242,265,MoveRight,1724,265,None
7474,1242,265,None,1724,265,None
7475,1249,265,MoveRight,1724,265,None
7475,1249,265,None,1724,265,None
7476,1256,265,MoveRight,1724,265,None
7476,1256,265,None,1724,265,None
7477,1256,265,Bump,1724,265,None
7477,1256,265,None,1724,265,None
7477,1256,265,None,1724,265,None
7478,1256,265,None,1731,265,MoveRight
7479,1256,265,None,1738,265,MoveRight
7480,1256,265,None,1745,265,MoveRight
7481,1256,265,None,1752,265,MoveRight
7482,1256,265,None,1759,265,MoveRight
7483,1256,265,None,1766,265,MoveRight
7484,1256,265,None,1773,265,MoveRight
7485,1256,265,None,1780,265,MoveRight
7497,1263,265,MoveRight,1780,265,None
7553,1270,265,MoveRight,1780,265,None
7554,1277,265,MoveRight,1780,265,None
7555,1284,265,MoveRight,1780,265,None
7556,1291,265,MoveRight,1780,265,None
7557,1298,265,MoveRight,1780,265,None
7558,1305,265,MoveRight,1780,265,None
7559,1312,265,MoveRight,1780,265,None
7560,1319,265,MoveRight,1780,265,None
7561,1326,265,MoveRight,1780,265,None
7577,1326,265,None,1780,265,SpikeMedium
7577,1326,265,None,1780,265,None
7578,1319,265,MoveLeft,1780,265,None
7579,1312,265,MoveLeft,1780,265,None
7580,1305,265,MoveLeft,1780,265,None
7581,1298,265,MoveLeft,1780,265,None
7582,1291,265,MoveLeft,1780,265,None
7583,1284,265,MoveLeft,1780,265,None
7584,1277,265,MoveLeft,1780,265,None
7585,1270,265,MoveLeft,1780,265,None
7586,1263,265,MoveLeft,1780,265,None
7587,1256,265,MoveLeft,1780,265,None
7588,1249,265,MoveLeft,1780,265,None
7588,1249,265,None,1773,265,MoveLeft
7589,1242,265,MoveLeft,1773,265,None
7589,1242,265,None,1766,265,MoveLeft
7590,1235,265,MoveLeft,1766,265,None
7590,1235,265,None,1759,265,MoveLeft
7591,1228,265,MoveLeft,1759,265,None
7591,1228,265,None,1752,265,MoveLeft
7592,1221,265,MoveLeft,1752,265,None
7592,1221,265,None,1745,265,MoveLeft
7593,1214,265,MoveLeft,1745,265,None
7593,1214,265,None,1738,265,MoveLeft
7594,1207,265,MoveLeft,1738,265,None
7594,1207,265,None,1731,265,MoveLeft
7595,1200,265,MoveLeft,1731,265,None
7595,1200,265,None,1731,265,None
7596,1193,265,MoveLeft,1731,265,None
7596,1193,265,None,1731,265,None
7597,1186,265,MoveLeft,1731,265,None
7597,1186,265,None,1731,265,None
7598,1179,265,MoveLeft,1731,265,None
7598,1179,265,None,1731,265,None
7599,1172,265,MoveLeft,1731,265,None
7599,1172,265,None,1731,265,None
7600,1165,265,MoveLeft,1731,265,None
7600,1165,265,None,1731,265,None
7601,1158,265,MoveLeft,1731,265,None
7601,1158,265,None,1731,265,None
7602,1151,265,MoveLeft,1731,265,None
7602,1151,265,None,1731,265,None
7603,1144,265,MoveLeft,1731,265,None
7603,1144,265,None,1731,265,None
7604,1137,265,MoveLeft,1731,265,None
7604,1137,265,None,1731,265,None
7605,1130,265,MoveLeft,1731,265,None
7605,1130,265,None,1731,265,None
7606,1123,265,MoveLeft,1731,265,None
7606,1123,265,None,1731,265,None
7607,1116,265,MoveLeft,1731,265,None
7607,1116,265,None,1731,265,None
7608,1109,265,MoveLeft,1731,265,None
7608,1109,265,None,1731,265,None
7609,1102,265,MoveLeft,1731,265,None
7609,1102,265,None,1731,265,None
7610,1095,265,MoveLeft,1731,265,None
7610,1095,265,None,1731,265,None
7611,1088,265,MoveLeft,1731,265,None
7611,1088,265,None,1731,265,None
7612,1081,265,MoveLeft,1731,265,None
7612,1081,265,None,1731,265,None
7613,1074,265,MoveLeft,1731,265,None
7613,1074,265,None,1731,265,None
7614,1067,265,MoveLeft,1731,265,None
7614,1067,265,None,1731,265,None
7615,1060,265,MoveLeft,1731,265,None
7615,1060,265,None,1731,265,None
7616,1053,265,MoveLeft,1731,265,None
7616,1053,265,None,1731,265,None
7617,1046,265,MoveLeft,1731,265,None
7617,1046,265,None,1731,265,None
7618,1039,265,MoveLeft,1731,265,None
7618,1039,265,None,1731,265,None
7619,1032,265,MoveLeft,1731,265,None
7619,1032,265,None,1731,265,None
7620,1025,265,MoveLeft,1731,265,None
7620,1025,265,None,1731,265,None
7621,1018,265,MoveLeft,1731,265,None
7621,1018,265,None,1731,265,None
7622,1011,265,MoveLeft,1731,265,None
7622,1011,265,None,1731,265,None
7623,1004,265,MoveLeft,1731,265,None
7623,1004,265,None,1731,265,None
7624,997,265,MoveLeft,1731,265,None
7624,997,265,None,1731,265,None
7625,990,265,MoveLeft,1731,265,None
7625,990,265,None,1731,265,None
7626,983,265,MoveLeft,1731,265,None
7626,983,265,None,1731,265,None
7627,976,265,MoveLeft,1731,265,None
7627,976,265,None,1731,265,None
7628,969,265,MoveLeft,1731,265,None
7628,969,265,None,1731,265,None
7629,962,265,MoveLeft,1731,265,None
7629,962,265,None,1731,265,None
7630,955,265,MoveLeft,1731,265,None
7630,955,265,None,1731,265,None
7631,948,265,MoveLeft,1731,265,None
7631,948,265,None,1731,265,None
7632,941,265,MoveLeft,1731,265,None
7632,941,265,None,1731,265,None
7633,934,265,MoveLeft,1731,265,None
7633,934,265,None,1731,265,None
7634,927,265,MoveLeft,1731,265,None
7634,927,265,None,1731,265,None
7635,920,265,MoveLeft,1731,265,None
7635,920,265,None,1731,265,None
7636,913,265,MoveLeft,1731,265,None
7636,913,265,None,1731,265,None
7637,906,265,MoveLeft,1731,265,None
7637,906,265,None,1731,265,None
7638,899,265,MoveLeft,1731,265,None
7638,899,265,None,1731,265,None
7639,899,265,None,1731,265,None
7639,899,265,None,1731,265,None
7640,899,265,Bump,1731,265,None
7640,899,265,None,1731,265,None
7640,899,265,None,1731,265,None
7641,899,265,None,1724,265,MoveLeft
7642,899,265,None,1717,265,MoveLeft
7643,899,265,None,1710,265,MoveLeft
7644,899,265,None,1703,265,MoveLeft
7645,899,265,None,1696,265,MoveLeft
7646,899,265,None,1689,265,MoveLeft
7647,899,265,None,1682,265,MoveLeft
7648,899,265,None,1675,265,MoveLeft
7649,899,265,None,1668,265,MoveLeft
7650,899,265,None,1661,265,MoveLeft
7651,899,265,None,1654,265,MoveLeft
7652,899,265,None,1647,265,MoveLeft
7653,899,265,None,1640,265,MoveLeft
7654,899,265,None,1633,265,MoveLeft
7655,899,265,None,1626,265,MoveLeft
7656,899,265,None,1619,265,MoveLeft
7657,899,265,None,1612,265,MoveLeft
7658,899,265,None,1605,265,MoveLeft
7659,899,265,None,1598,265,MoveLeft
7660,906,265,MoveRight,1598,265,None
7660,906,265,None,1591,265,MoveLeft
7661,913,265,MoveRight,1591,265,None
7661,913,265,None,1584,265,MoveLeft
7662,920,265,MoveRight,1584,265,None
7662,920,265,None,1577,265,MoveLeft
7663,927,265,MoveRight,1577,265,None
7663,927,265,None,1570,265,MoveLeft
7664,934,265,MoveRight,1570,265,None
7664,934,265,None,1563,265,MoveLeft
7665,941,265,MoveRight,1563,265,None
7665,941,265,None,1556,265,MoveLeft
7666,948,265,MoveRight,1556,265,None
7666,948,265,None,1549,265,MoveLeft
7667,955,265,MoveRight,1549,265,None
7667,955,265,None,1542,265,MoveLeft
7668,962,265,MoveRight,1542,265,None
7668,962,265,None,1535,265,MoveLeft
7669,969,265,MoveRight,1535,265,None
7669,969,265,None,1528,265,MoveLeft
7670,976,265,MoveRight,1528,265,None
7670,976,265,None,1521,265,MoveLeft
7671,983,265,MoveRight,1521,265,None
7671,983,265,None,1514,265,MoveLeft
7672,990,265,MoveRight,1514,265,None
7672,990,265,None,1507,265,MoveLeft
7673,997,265,MoveRight,1507,265,None
7673,997,265,None,1500,265,MoveLeft
7674,1004,265,MoveRight,1500,265,None
7674,1004,265,None,1493,265,MoveLeft
7675,1011,265,MoveRight,1493,265,None
7675,1011,265,None,1486,265,MoveLeft
7676,1018,265,MoveRight,1486,265,None
7676,1018,265,None,1479,265,MoveLeft
7677,1025,265,MoveRight,1479,265,None
7677,1025,265,None,1472,265,MoveLeft
7678,1032,265,MoveRight,1472,265,None
7678,1032,265,None,1465,265,MoveLeft
7679,1039,265,MoveRight,1465,265,None
7680,1046,265,MoveRight,1465,265,None
7681,1053,265,MoveRight,1465,265,None
7682,1060,265,MoveRight,1465,265,None
7683,1067,265,MoveRight,1465,265,None
7684,1074,265,MoveRight,1465,265,None
7685,1081,265,MoveRight,1465,265,None
7686,1088,265,MoveRight,1465,265,None
7687,1095,265,MoveRight,1465,265,None
7688,1102,265,MoveRight,1465,265,None
7689,1109,265,MoveRight,1465,265,None
7690,1116,265,MoveRight,1465,265,None
7691,1123,265,MoveRight,1465,265,None
7692,1130,265,MoveRight,1465,265,None
7693,1137,265,MoveRight,1465,265,None
7694,1144,265,MoveRight,1465,265,None
7695,1151,265,MoveRight,1465,265,None
7696,1158,265,MoveRight,1465,265,None
7697,1165,265,MoveRight,1465,265,None
7698,1172,265,MoveRight,1465,265,None
7699,1179,265,MoveRight,1465,265,None
7700,1186,265,MoveRight,1465,265,None
7701,1193,265,MoveRight,1465,265,None
7702,1200,265,MoveRight,1465,265,None
7703,1207,265,MoveRight,1465,265,None
7704,1214,265,MoveRight,1465,265,None
7705,1221,265,MoveRight,1465,265,None
7706,1228,265,MoveRight,1465,265,None
7707,1235,265,MoveRight,1465,265,None
7708,1242,265,MoveRight,1465,265,None
7709,1249,265,MoveRight,1465,265,None
7710,1256,265,MoveRight,1465,265,None
7711,1263,265,MoveRight,1465,265,None
7712,1270,265,MoveRight,1465,265,None
7713,1277,265,MoveRight,1465,265,None
7714,1284,265,MoveRight,1465,265,None
7715,1291,265,MoveRight,1465,265,None
7716,1298,265,MoveRight,1465,265,None
7717,1305,265,MoveRight,1465,265,None
7718,1312,265,MoveRight,1465,265,None
7719,1319,265,MoveRight,1465,265,None
7720,1326,265,MoveRight,1465,265,None
7729,1326,265,None,1465,265,None
7741,1326,265,None,1465,265,None
7742,1326,265,None,1465,265,SpikeLight
7742,1326,265,None,1465,265,None
7752,1326,265,None,1472,265,MoveRight
7753,1326,265,None,1479,265,MoveRight
7754,1326,265,None,1486,265,MoveRight
7755,1326,265,None,1493,265,MoveRight
7756,1326,265,None,1500,265,MoveRight
7757,1326,265,None,1507,265,MoveRight
7758,1326,265,None,1514,265,MoveRight
7759,1326,265,None,1521,265,MoveRight
7760,1326,265,None,1528,265,MoveRight
7761,1326,265,None,1535,265,MoveRight
7762,1326,265,None,1542,265,MoveRight
7763,1326,265,None,1549,265,MoveRight
7764,1319,265,MoveLeft,1549,265,None
7764,1319,265,None,1556,265,MoveRight
7765,1312,265,MoveLeft,1556,265,None
7765,1312,265,None,1563,265,MoveRight
7766,1305,265,MoveLeft,1563,265,None
7766,1305,265,None,1570,265,MoveRight
7767,1298,265,MoveLeft,1570,265,None
7767,1298,265,None,1577,265,MoveRight
7768,1291,265,MoveLeft,1577,265,None
7768,1291,265,None,1584,265,MoveRight
7769,1284,265,MoveLeft,1584,265,None
7769,1284,265,None,1591,265,MoveRight
7770,1277,265,MoveLeft,1591,265,None
7770,1277,265,None,1598,265,MoveRight
7771,1270,265,MoveLeft,1598,265,None
7771,1270,265,None,1605,265,MoveRight
7772,1263,265,MoveLeft,1605,265,None
7772,1263,265,None,1612,265,MoveRight
7773,1256,265,MoveLeft,1612,265,None
7773,1256,265,None,1619,265,MoveRight
7774,1249,265,MoveLeft,1619,265,None
7774,1249,265,None,1626,265,MoveRight
7775,1242,265,MoveLeft,1626,265,None
7775,1242,265,None,1633,265,MoveRight
7776,1235,265,MoveLeft,1633,265,None
7776,1235,265,None,1640,265,MoveRight
7777,1228,265,MoveLeft,1640,265,None
7777,1228,265,None,1647,265,MoveRight
7778,1221,265,MoveLeft,1647,265,None
7778,1221,265,None,1654,265,MoveRight
7779,1214,265,MoveLeft,1654,265,None
7779,1214,265,None,1661,265,MoveRight
7780,1207,265,MoveLeft,1661,265,None
7780,1207,265,None,1668,265,MoveRight
7781,1200,265,MoveLeft,1668,265,None
7781,1200,265,None,1675,265,MoveRight
7782,1193,265,MoveLeft,1675,265,None
7782,1193,265,None,1682,265,MoveRight
7783,1186,265,MoveLeft,1682,265,None
7783,1186,265,None,1689,265,MoveRight
7784,1179,265,MoveLeft,1689,265,None
7784,1179,265,None,1696,265,MoveRight
7785,1172,265,MoveLeft,1696,265,None
7785,1172,265,None,1703,265,MoveRight
7786,1165,265,MoveLeft,1703,265,None
7786,1165,265,None,1710,265,MoveRight
7787,1158,265,MoveLeft,1710,265,None
7787,1158,265,None,1717,265,MoveRight
7788,1151,265,MoveLeft,1717,265,None
7788,1151,265,None,1724,265,MoveRight
7789,1144,265,MoveLeft,1724,265,None
7789,1144,265,None,1724,265,None
7790,1137,265,MoveLeft,1724,265,None
7790,1137,265,None,1724,265,None
7791,1130,265,MoveLeft,1724,265,None
7791,1130,265,None,1724,265,None
7792,1130,265,None,1724,265,None
7792,1130,265,None,1724,265,None
7793,1130,265,None,1724,265,None
7793,1130,265,None,1724,265,None
7794,1130,265,None,1724,265,None
7794,1130,265,None,1724,265,None
7795,1130,265,None,1724,265,None
7795,1130,265,None,1724,265,None
7796,1130,265,None,1724,265,None
7796,1130,265,None,1724,265,None
7797,1130,265,None,1724,265,None
7797,1130,265,None,1724,265,None
7798,1130,265,None,1724,265,None
7798,1130,265,None,1724,265,None
7799,1130,265,Bump,1724,265,None
7799,1130,265,None,1724,265,None
7799,1130,265,None,1724,265,None
7800,1130,265,None,1717,265,MoveLeft
7801,1130,265,None,1710,265,MoveLeft
7802,1130,265,None,1703,265,MoveLeft
7803,1130,265,None,1696,265,MoveLeft
7804,1130,265,None,1689,265,MoveLeft
7805,1130,265,None,1682,265,MoveLeft
7806,1130,265,None,1675,265,MoveLeft
7807,1130,265,None,1668,265,MoveLeft
7808,1130,265,None,1661,265,MoveLeft
7809,1130,265,None,1654,265,MoveLeft
7810,1130,265,None,1647,265,MoveLeft
7819,1137,265,MoveRight,1647,265,None
7820,1144,265,MoveRight,1647,265,None
7821,1151,265,MoveRight,1647,265,None
7822,1158,265,MoveRight,1647,265,None
7823,1165,265,MoveRight,1647,265,None
7824,1172,265,MoveRight,1647,265,None
7825,1179,265,MoveRight,1647,265,None
7826,1186,265,MoveRight,1647,265,None
7827,1193,265,MoveRight,1647,265,None
7828,1200,265,MoveRight,1647,265,None
7829,1207,265,MoveRight,1647,265,None
7830,1214,265,MoveRight,1647,265,None
7831,1221,265,MoveRight,1647,265,None
7832,1228,265,MoveRight,1647,265,None
7833,1235,265,MoveRight,1647,265,None
7834,1242,265,MoveRight,1647,265,None
7835,1249,265,MoveRight,1647,265,None
7836,1256,265,MoveRight,1647,265,None
7837,1263,265,MoveRight,1647,265,None
7838,1270,265,MoveRight,1647,265,None
7839,1277,265,MoveRight,1647,265,None
7840,1284,265,MoveRight,1647,265,None
7842,1277,265,MoveLeft,1647,265,None
7843,1270,265,MoveLeft,1647,265,None
7844,1263,265,MoveLeft,1647,265,None
7845,1256,265,MoveLeft,1647,265,None
7846,1249,265,MoveLeft,1647,265,None
7847,1242,265,MoveLeft,1647,265,None
7848,1235,265,MoveLeft,1647,265,None
7849,1228,265,MoveLeft,1647,265,None
7850,1221,265,MoveLeft,1647,265,None
7851,1214,265,MoveLeft,1647,265,None
7852,1207,265,MoveLeft,1647,265,None
7853,1200,265,MoveLeft,1647,265,None
7854,1193,265,MoveLeft,1647,265,None
7855,1186,265,MoveLeft,1647,265,None
7869,1193,265,MoveRight,1647,265,None
7870,1200,265,MoveRight,1647,265,None
7871,1207,265,MoveRight,1647,265,None
7872,1214,265,MoveRight,1647,265,None
7873,1221,265,MoveRight,1647,265,None
7874,1228,265,MoveRight,1647,265,None
7875,1235,265,MoveRight,1647,265,None
7876,1242,265,MoveRight,1647,265,None
7877,1249,265,MoveRight,1647,265,None
7878,1256,265,MoveRight,1647,265,None
7879,1263,265,MoveRight,1647,265,None
7880,1270,265,MoveRight,1647,265,None
7881,1277,265,MoveRight,1647,265,None
7882,1284,265,MoveRight,1647,265,None
7883,1291,265,MoveRight,1647,265,None
7884,1298,265,MoveRight,1647,265,None
7885,1305,265,MoveRight,1647,265,None
7886,1312,265,MoveRight,1647,265,None
7887,1319,265,MoveRight,1647,265,None
7888,1326,265,MoveRight,1647,265,None
7897,1326,265,None,1647,265,SpikeMedium
7897,1326,265,None,1647,265,None
7898,1319,265,MoveLeft,1647,265,None
7899,1312,265,MoveLeft,1647,265,None
7900,1305,265,MoveLeft,1647,265,None
7901,1298,265,MoveLeft,1647,265,None
7902,1291,265,MoveLeft,1647,265,None
7903,1284,265,MoveLeft,1647,265,None
7904,1277,265,MoveLeft,1647,265,None
7905,1270,265,MoveLeft,1647,265,None
7906,1263,265,MoveLeft,1647,265,None
7907,1256,265,MoveLeft,1647,265,None
7908,1249,265,MoveLeft,1647,265,None
7908,1249,265,None,1654,265,MoveRight
7909,1242,265,MoveLeft,1654,265,None
7909,1242,265,None,1661,265,MoveRight
7910,1235,265,MoveLeft,1661,265,None
7910,1235,265,None,1668,265,MoveRight
7911,1228,265,MoveLeft,1668,265,None
7911,1228,265,None,1675,265,MoveRight
7912,1221,265,MoveLeft,1675,265,None
7912,1221,265,None,1682,265,MoveRight
7913,1214,265,MoveLeft,1682,265,None
7913,1214,265,None,1689,265,MoveRight
7914,1207,265,MoveLeft,1689,265,None
7914,1207,265,None,1696,265,MoveRight
7915,1200,265,MoveLeft,1696,265,None
7915,1200,265,None,1703,265,MoveRight
7916,1193,265,MoveLeft,1703,265,None
7916,1193,265,None,1710,265,MoveRight
7917,1186,265,MoveLeft,1710,265,None
7917,1186,265,None,1717,265,MoveRight
7918,1179,265,MoveLeft,1717,265,None
7918,1179,265,None,1724,265,MoveRight
7919,1172,265,MoveLeft,1724,265,None
7919,1172,265,None,1724,265,None
7920,1165,265,MoveLeft,1724,265,None
7920,1165,265,None,1724,265,None
7921,1158,265,MoveLeft,1724,265,None
7921,1158,265,None,1724,265,None
7922,1151,265,MoveLeft,1724,265,None
7922,1151,265,None,1724,265,None
7923,1144,265,MoveLeft,1724,265,None
7923,1144,265,None,1724,265,None
7924,1137,265,MoveLeft,1724,265,None
7924,1137,265,None,1724,265,None
7925,1130,265,MoveLeft,1724,265,None
7925,1130,265,None,1724,265,None
7926,1123,265,MoveLeft,1724,265,None
7926,1123,265,None,1724,265,None
7927,1116,265,MoveLeft,1724,265,None
7927,1116,265,None,1724,265,None
7928,1109,265,MoveLeft,1724,265,None
7928,1109,265,None,1724,265,None
7929,1102,265,MoveLeft,1724,265,None
7929,1102,265,None,1724,265,None
7930,1095,265,MoveLeft,1724,265,None
7930,1095,265,None,1724,265,None
7931,1088,265,MoveLeft,1724,265,None
7931,1088,265,None,1724,265,None
7932,1081,265,MoveLeft,1724,265,None
7932,1081,265,None,1724,265,None
7933,1074,265,MoveLeft,1724,265,None
7933,1074,265,None,1724,265,None
7934,1067,265,MoveLeft,1724,265,None
7934,1067,265,None,1724,265,None
7935,1060,265,MoveLeft,1724,265,None
7935,1060,265,None,1724,265,None
7936,1053,265,MoveLeft,1724,265,None
7936,1053,265,None,1724,265,None
7937,1046,265,MoveLeft,1724,265,None
7937,1046,265,None,1724,265,None
7938,1039,265,MoveLeft,1724,265,None
7938,1039,265,None,1724,265,None
7939,1032,265,MoveLeft,1724,265,None
7939,1032,265,None,1724,265,None
7940,1025,265,MoveLeft,1724,265,None
7940,1025,265,None,1724,265,None
7941,1018,265,MoveLeft,1724,265,None
7941,1018,265,None,1724,265,None
7942,1011,265,MoveLeft,1724,265,None
7942,1011,265,None,1724,265,None
7943,1004,265,MoveLeft,1724,265,None
7943,1004,265,None,1724,265,None
7944,997,265,MoveLeft,1724,265,None
7944,997,265,None,1724,265,None
7945,990,265,MoveLeft,1724,265,None
7945,990,265,None,1724,265,None
7946,983,265,MoveLeft,1724,265,None
7946,983,265,None,1724,265,None
7947,976,265,MoveLeft,1724,265,None
7947,976,265,None,1724,265,None
7948,969,265,MoveLeft,1724,265,None
7948,969,265,None,1724,265,None
7949,962,265,MoveLeft,1724,265,None
7949,962,265,None,1724,265,None
7950,955,265,MoveLeft,1724,265,None
7950,955,265,None,1724,265,None
7951,948,265,MoveLeft,1724,265,None
7951,948,265,None,1724,265,None
7952,941,265,MoveLeft,1724,265,None
7952,941,265,None,1724,265,None
7953,934,265,MoveLeft,1724,265,None
7953,934,265,None,1724,265,None
7954,927,265,MoveLeft,1724,265,None
7954,927,265,None,1724,265,None
7955,920,265,MoveLeft,1724,265,None
7955,920,265,None,1724,265,None
7956,913,265,MoveLeft,1724,265,None
7956,913,265,None,1724,265,None
7957,906,265,MoveLeft,1724,265,None
7957,906,265,None,1724,265,None
7958,906,265,Bump,1724,265,None
7958,899,265,MoveLeft,1724,265,None
7958,899,265,None,1724,265,None
7978,906,265,MoveRight,1724,265,None
7979,913,265,MoveRight,1724,265,None
7980,920,265,MoveRight,1724,265,None
7981,927,265,MoveRight,1724,265,None
7982,934,265,MoveRight,1724,265,None
7983,941,265,MoveRight,1724,265,None
7984,948,265,MoveRight,1724,265,None
7985,955,265,MoveRight,1724,265,None
7986,962,265,MoveRight,1724,265,None
7987,969,265,MoveRight,1724,265,None
7988,976,265,MoveRight,1724,265,None
7989,983,265,MoveRight,1724,265,None
7990,990,265,MoveRight,1724,265,None
7991,997,265,MoveRight,1724,265,None
7992,1004,265,MoveRight,1724,265,None
7993,1011,265,MoveRight,1724,265,None
7994,1018,265,MoveRight,1724,265,None
7995,1025,265,MoveRight,1724,265,None
7996,1032,265,MoveRight,1724,265,None
7997,1039,265,MoveRight,1724,265,None
7998,1046,265,MoveRight,1724,265,None
7999,1053,265,MoveRight,1724,265,None
8000,1060,265,MoveRight,1724,265,None
8001,1067,265,MoveRight,1724,265,None
8002,1074,265,MoveRight,1724,265,None
8003,1077.5,284.62,MoveRight,1724,265,None
8004,1081,304.24,MoveRight,1724,265,None
8005,1084.5,314.05,MoveRight,1724,265,None
8006,1088,323.86,MoveRight,1724,265,None
8007,1091.5,333.67,MoveRight,1724,265,None
8008,1095,343.48,MoveRight,1724,265,None
8009,1098.5,353.29,MoveRight,1724,265,None
8010,1102,363.1,MoveRight,1724,265,None
8011,1105.5,372.91,MoveRight,1724,265,None
8012,1109,382.72,MoveRight,1724,265,None
8013,1112.5,392.53,MoveRight,1724,265,None
8014,1116,402.34,MoveRight,1724,265,None
8015,1119.5,412.15,MoveRight,1724,265,None
8016,1123,421.96,MoveRight,1724,265,None
8017,1126.5,431.77,MoveRight,1724,265,None
8018,1130,441.58,MoveRight,1724,265,None
8019,1133.5,451.39,MoveRight,1724,265,None
8020,1137,461.2,MoveRight,1724,265,None
8021,1140.5,471.01,MoveRight,1724,265,None
8022,1144,480.82,MoveRight,1724,265,None
8023,1147.5,490.63,MoveRight,1724,265,None
8024,1151,500.44,MoveRight,1724,265,None
8025,1154.5,510.25,MoveRight,1724,265,None
8026,1158,520.06,MoveRight,1724,265,None
8027,1161.5,529.87,MoveRight,1724,265,None
8028,1161.5,520.06,SpikeLight,1724,265,None
8028,1165,539.68,MoveRight,1724,265,None
8029,1165,549.49,None,1717,265,MoveLeft
8030,1165,559.3,None,1710,265,MoveLeft
8031,1165,569.11,None,1703,265,MoveLeft
8032,1165,578.92,None,1696,265,MoveLeft
8033,1165,569.11,None,1689,265,MoveLeft
8034,1165,559.3,None,1682,265,MoveLeft
8035,1165,549.49,None,1675,265,MoveLeft
8036,1165,539.68,None,1668,265,MoveLeft
8037,1165,529.87,None,1661,265,MoveLeft
8038,1165,520.06,None,1654,265,MoveLeft
8039,1168.5,510.25,MoveRight,1654,265,None
8039,1168.5,510.25,None,1647,265,MoveLeft
8040,1172,500.44,MoveRight,1647,265,None
8040,1172,500.44,None,1640,265,MoveLeft
8041,1175.5,490.63,MoveRight,1640,265,None
8041,1175.5,490.63,None,1633,265,MoveLeft
8042,1179,480.82,MoveRight,1633,265,None
8042,1179,480.82,None,1626,265,MoveLeft
8043,1182.5,471.01,MoveRight,1626,265,None
8043,1182.5,471.01,None,1619,265,MoveLeft
8044,1186,461.2,MoveRight,1619,265,None
8044,1186,461.2,None,1612,265,MoveLeft
8045,1189.5,451.39,MoveRight,1612,265,None
8045,1189.5,451.39,None,1605,265,MoveLeft
8046,1193,441.58,MoveRight,1605,265,None
8046,1193,441.58,None,1598,265,MoveLeft
8047,1196.5,431.77,MoveRight,1598,265,None
8047,1196.5,431.77,None,1591,265,MoveLeft
8048,1200,421.96,MoveRight,1591,265,None
8048,1200,421.96,None,1584,265,MoveLeft
8049,1203.5,412.15,MoveRight,1584,265,None
8049,1203.5,412.15,None,1577,265,MoveLeft
8050,1207,402.34,MoveRight,1577,265,None
8050,1207,402.34,None,1570,265,MoveLeft
8051,1210.5,392.53,MoveRight,1570,265,None
8051,1210.5,392.53,None,1563,265,MoveLeft
8052,1214,382.72,MoveRight,1563,265,None
8052,1214,382.72,None,1556,265,MoveLeft
8053,1217.5,372.91,MoveRight,1556,265,None
8053,1217.5,372.91,None,1549,265,MoveLeft
8054,1221,363.1,MoveRight,1549,265,None
8054,1221,363.1,None,1542,265,MoveLeft
8055,1221,353.29,None,1535,265,MoveLeft
8056,1221,343.48,None,1528,265,MoveLeft
8057,1221,333.67,None,1521,265,MoveLeft
8058,1221,323.86,None,1514,265,MoveLeft
8059,1217.5,314.05,MoveLeft,1514,265,None
8059,1217.5,314.05,None,1507,265,MoveLeft
8060,1214,304.24,MoveLeft,1507,265,None
8060,1214,304.24,None,1500,265,MoveLeft
8061,1210.5,294.43,MoveLeft,1500,265,None
8061,1210.5,294.43,None,1493,265,MoveLeft
8062,1207,284.62,MoveLeft,1493,265,None
8062,1207,284.62,None,1486,265,MoveLeft
8063,1203.5,274.81,MoveLeft,1486,265,None
8063,1203.5,274.81,None,1479,265,MoveLeft
8064,1196.5,265,MoveLeft,1479,265,None
8064,1196.5,265,None,1472,265,MoveLeft
8065,1189.5,265,MoveLeft,1472,265,None
8065,1189.5,265,None,1465,265,MoveLeft
8066,1182.5,265,MoveLeft,1465,265,None
8066,1182.5,265,None,1458,265,MoveLeft
8067,1175.5,265,MoveLeft,1458,265,None
8067,1175.5,265,None,1451,265,MoveLeft
8068,1168.5,265,MoveLeft,1451,265,None
8068,1168.5,265,None,1444,265,MoveLeft
8069,1161.5,265,MoveLeft,1444,265,None
8069,1161.5,265,None,1437,265,MoveLeft
8070,1154.5,265,MoveLeft,1437,265,None
8070,1154.5,265,None,1430,265,MoveLeft
8071,1147.5,265,MoveLeft,1430,265,None
8072,1140.5,265,MoveLeft,1430,265,None
8073,1140.5,265,None,1430,265,SpikeLight
8073,1133.5,265,MoveLeft,1430,265,None
8073,1133.5,265,None,1430,265,None
8074,1126.5,265,MoveLeft,1430,265,None
8075,1119.5,265,MoveLeft,1430,265,None
8076,1112.5,265,MoveLeft,1430,265,None
8077,1105.5,265,MoveLeft,1430,265,None
8078,1098.5,265,MoveLeft,1430,265,None
8079,1091.5,265,MoveLeft,1430,265,None
8080,1084.5,265,MoveLeft,1430,265,None
8081,1077.5,265,MoveLeft,1430,265,None
8082,1070.5,265,MoveLeft,1430,265,None
8083,1063.5,265,MoveLeft,1430,265,None
8083,1063.5,265,None,1437,265,MoveRight
8084,1056.5,265,MoveLeft,1437,265,None
8084,1056.5,265,None,1444,265,MoveRight
8085,1049.5,265,MoveLeft,1444,265,None
8085,1049.5,265,None,1451,265,MoveRight
8086,1042.5,265,MoveLeft,1451,265,None
8086,1042.5,265,None,1458,265,MoveRight
8087,1049.5,265,MoveRight,1458,265,None
8087,1049.5,265,None,1465,265,MoveRight
8088,1056.5,265,MoveRight,1465,265,None
8088,1056.5,265,None,1472,265,MoveRight
8089,1063.5,265,MoveRight,1472,265,None
8089,1063.5,265,None,1479,265,MoveRight
8090,1070.5,265,MoveRight,1479,265,None
8090,1070.5,265,None,1486,265,MoveRight
8091,1077.5,265,MoveRight,1486,265,None
8091,1077.5,265,None,1493,265,MoveRight
8092,1084.5,265,MoveRight,1493,265,None
8092,1084.5,265,None,1500,265,MoveRight
8093,1091.5,265,MoveRight,1500,265,None
8093,1091.5,265,None,1507,265,MoveRight
8094,1091.5,265,None,1507,265,None
8094,1091.5,265,None,1514,265,MoveRight
8095,1091.5,265,None,1514,265,None
8095,1091.5,265,None,1521,265,MoveRight
8096,1091.5,265,None,1521,265,None
8096,1091.5,265,None,1528,265,MoveRight
8097,1091.5,265,None,1528,265,None
8097,1091.5,265,None,1535,265,MoveRight
8098,1091.5,265,None,1535,265,None
8098,1091.5,265,None,1542,265,MoveRight
8099,1091.5,265,None,1542,265,None
8099,1091.5,265,None,1549,265,MoveRight
8100,1091.5,265,None,1549,265,None
8100,1091.5,265,None,1556,265,MoveRight
8101,1091.5,265,None,1556,265,None
8101,1091.5,265,None,1563,265,MoveRight
8102,1091.5,265,None,1563,265,None
8102,1091.5,265,None,1570,265,MoveRight
8103,1091.5,265,None,1570,265,None
8103,1091.5,265,None,1577,265,MoveRight
8104,1091.5,265,None,1577,265,None
8104,1091.5,265,None,1584,265,MoveRight
8105,1091.5,265,None,1584,265,None
8105,1091.5,265,None,1591,265,MoveRight
8106,1091.5,265,None,1591,265,None
8106,1091.5,265,None,1598,265,MoveRight
8107,1091.5,265,None,1598,265,None
8107,1091.5,265,None,1605,265,MoveRight
8108,1091.5,265,None,1605,265,None
8108,1091.5,265,None,1612,265,MoveRight
8109,1091.5,265,None,1612,265,None
8109,1091.5,265,None,1619,265,MoveRight
8110,1091.5,265,None,1619,265,None
8110,1091.5,265,None,1626,265,MoveRight
8111,1091.5,265,None,1626,265,None
8111,1091.5,265,None,1633,265,MoveRight
8112,1091.5,265,None,1633,265,None
8112,1091.5,265,None,1640,265,MoveRight
8113,1091.5,265,None,1640,265,None
8113,1091.5,265,None,1647,265,MoveRight
8114,1091.5,265,None,1647,265,None
8114,1091.5,265,None,1654,265,MoveRight
8115,1091.5,265,None,1654,265,None
8115,1091.5,265,None,1661,265,MoveRight
8116,1091.5,265,None,1661,265,None
8116,1091.5,265,None,1668,265,MoveRight
8117,1091.5,265,None,1668,265,None
8117,1091.5,265,None,1675,265,MoveRight
8118,1091.5,265,None,1675,265,None
8118,1091.5,265,None,1682,265,MoveRight
8119,1091.5,265,None,1682,265,None
8119,1091.5,265,None,1689,265,MoveRight
8120,1091.5,265,None,1689,265,None
8120,1091.5,265,None,1696,265,MoveRight
8121,1091.5,265,None,1696,265,None
8121,1091.5,265,None,1703,265,MoveRight
8122,1091.5,265,None,1703,265,None
8122,1091.5,265,None,1710,265,MoveRight
8123,1091.5,265,None,1710,265,None
8123,1091.5,265,None,1717,265,MoveRight
8124,1091.5,265,None,1717,265,None
8124,1091.5,265,None,1724,265,MoveRight
8125,1091.5,265,None,1724,265,None
8125,1091.5,265,None,1724,265,None
8126,1091.5,265,None,1724,265,None
8126,1091.5,265,None,1724,265,None
8127,1091.5,265,None,1724,265,None
8127,1091.5,265,None,1724,265,None
8128,1091.5,265,None,1724,265,None
8128,1091.5,265,None,1724,265,None
8129,1091.5,265,None,1724,265,None
8129,1091.5,265,None,1724,265,None
8130,1091.5,265,Bump,1724,265,None
8130,1091.5,265,None,1724,265,None
8130,1091.5,265,None,1724,265,None
8131,1091.5,265,None,1717,265,MoveLeft
8132,1091.5,265,None,1710,265,MoveLeft
8133,1091.5,265,None,1703,265,MoveLeft
8134,1091.5,265,None,1696,265,MoveLeft
8135,1091.5,265,None,1689,265,MoveLeft
8136,1091.5,265,None,1682,265,MoveLeft
8137,1091.5,265,None,1675,265,MoveLeft
8138,1091.5,265,None,1668,265,MoveLeft
8139,1091.5,265,None,1661,265,MoveLeft
8140,1091.5,265,None,1654,265,MoveLeft
8141,1091.5,265,None,1647,265,MoveLeft
8142,1091.5,265,None,1640,265,MoveLeft
8143,1091.5,265,None,1633,265,MoveLeft
8144,1091.5,265,None,1626,265,MoveLeft
8145,1091.5,265,None,1619,265,MoveLeft
8150,1098.5,265,MoveRight,1619,265,None
8151,1105.5,265,MoveRight,1619,265,None
8152,1112.5,265,MoveRight,1619,265,None
8153,1119.5,265,MoveRight,1619,265,None
8154,1126.5,265,MoveRight,1619,265,None
8155,1133.5,265,MoveRight,1619,265,None
8156,1140.5,265,MoveRight,1619,265,None
8157,1147.5,265,MoveRight,1619,265,None
8158,1154.5,265,MoveRight,1619,265,None
8159,1161.5,265,MoveRight,1619,265,None
8160,1168.5,265,MoveRight,1619,265,None
8161,1175.5,265,MoveRight,1619,265,None
8162,1182.5,265,MoveRight,1619,265,None
8163,1189.5,265,MoveRight,1619,265,None
8164,1196.5,265,MoveRight,1619,265,None
8165,1203.5,265,MoveRight,1619,265,None
8166,1210.5,265,MoveRight,1619,265,None
8167,1217.5,265,MoveRight,1619,265,None
8168,1224.5,265,MoveRight,1619,265,None
8169,1228,284.62,MoveRight,1619,265,None
8170,1231.5,304.24,MoveRight,1619,265,None
8171,1235,314.05,MoveRight,1619,265,None
8172,1238.5,323.86,MoveRight,1619,265,None
8173,1242,333.67,MoveRight,1619,265,None
8174,1245.5,343.48,MoveRight,1619,265,None
8175,1249,353.29,MoveRight,1619,265,None
8176,1252.5,363.1,MoveRight,1619,265,None
8177,1256,372.91,MoveRight,1619,265,None
8178,1259.5,382.72,MoveRight,1619,265,None
8179,1263,392.53,MoveRight,1619,265,None
8180,1266.5,402.34,MoveRight,1619,265,None
8181,1270,412.15,MoveRight,1619,265,None
8182,1273.5,421.96,MoveRight,1619,265,None
8183,1277,431.77,MoveRight,1619,265,None
8184,1280.5,441.58,MoveRight,1619,265,None
8185,1284,451.39,MoveRight,1619,265,None
8186,1287.5,461.2,MoveRight,1619,265,None
8187,1291,471.01,MoveRight,1619,265,None
8188,1294.5,480.82,MoveRight,1619,265,None
8189,1298,490.63,MoveRight,1619,265,None
8190,1301.5,500.44,MoveRight,1619,265,None
8191,1305,510.25,MoveRight,1619,265,None
8192,1308.5,520.06,MoveRight,1619,265,None
8193,1312,529.87,MoveRight,1619,265,None
8194,1315.5,539.68,MoveRight,1619,265,None
8195,1319,549.49,MoveRight,1619,265,None
8196,1322.5,559.3,MoveRight,1619,265,None
8197,1326,569.11,MoveRight,1619,265,None
8205,1322.5,510.25,MoveLeft,1619,265,None
8206,1319,500.44,MoveLeft,1619,265,None
8207,1315.5,490.63,MoveLeft,1619,265,None
8208,1312,480.82,MoveLeft,1619,265,None
8209,1308.5,471.01,MoveLeft,1619,265,None
8210,1305,461.2,MoveLeft,1619,265,None
8211,1301.5,451.39,MoveLeft,1619,265,None
8212,1298,441.58,MoveLeft,1619,265,None
8213,1294.5,431.77,MoveLeft,1619,265,None
8214,1291,421.96,MoveLeft,1619,265,None
8215,1287.5,412.15,MoveLeft,1619,265,None
8216,1284,402.34,MoveLeft,1619,265,None
8217,1280.5,392.53,MoveLeft,1619,265,None
8218,1277,382.72,MoveLeft,1619,265,None
8219,1273.5,372.91,MoveLeft,1619,265,None
8220,1270,363.1,MoveLeft,1619,265,None
8221,1266.5,353.29,MoveLeft,1619,265,None
8222,1263,343.48,MoveLeft,1619,265,None
8223,1259.5,333.67,MoveLeft,1619,265,None
8224,1256,323.86,MoveLeft,1619,265,None
8225,1252.5,314.05,MoveLeft,1619,265,None
8226,1249,304.24,MoveLeft,1619,265,None
8227,1245.5,294.43,MoveLeft,1619,265,None
8228,1242,284.62,MoveLeft,1619,265,None
8229,1242,274.81,None,1619,265,SpikeMedium
8229,1238.5,274.81,MoveLeft,1619,265,None
8229,1238.5,274.81,None,1619,265,None
8230,1231.5,265,MoveLeft,1619,265,None
8231,1224.5,265,MoveLeft,1619,265,None
8232,1217.5,265,MoveLeft,1619,265,None
8233,1210.5,265,MoveLeft,1619,265,None
8234,1203.5,265,MoveLeft,1619,265,None
8235,1196.5,265,MoveLeft,1619,265,None
8236,1189.5,265,MoveLeft,1619,265,None
8237,1182.5,265,MoveLeft,1619,265,None
8238,1175.5,265,MoveLeft,1619,265,None
8239,1168.5,265,MoveLeft,1619,265,None
8240,1161.5,265,MoveLeft,1619,265,None
8240,1161.5,265,None,1626,265,MoveRight
8241,1154.5,265,MoveLeft,1626,265,None
8241,1154.5,265,None,1633,265,MoveRight
8242,1147.5,265,MoveLeft,1633,265,None
8242,1147.5,265,None,1640,265,MoveRight
8243,1140.5,265,MoveLeft,1640,265,None
8243,1140.5,265,None,1647,265,MoveRight
8244,1133.5,265,MoveLeft,1647,265,None
8244,1133.5,265,None,1654,265,MoveRight
8245,1126.5,265,MoveLeft,1654,265,None
8245,1126.5,265,None,1661,265,MoveRight
8246,1119.5,265,MoveLeft,1661,265,None
8246,1119.5,265,None,1668,265,MoveRight
8247,1112.5,265,MoveLeft,1668,265,None
8247,1112.5,265,None,1675,265,MoveRight
8248,1105.5,265,MoveLeft,1675,265,None
8248,1105.5,265,None,1682,265,MoveRight
8249,1098.5,265,MoveLeft,1682,265,None
8249,1098.5,265,None,1689,265,MoveRight
8250,1091.5,265,MoveLeft,1689,265,None
8250,1091.5,265,None,1696,265,MoveRight
8251,1084.5,265,MoveLeft,1696,265,None
8251,1084.5,265,None,1703,265,MoveRight
8252,1077.5,265,MoveLeft,1703,265,None
8252,1077.5,265,None,1710,265,MoveRight
8253,1070.5,265,MoveLeft,1710,265,None
8253,1070.5,265,None,1717,265,MoveRight
8254,1063.5,265,MoveLeft,1717,265,None
8254,1063.5,265,None,1724,265,MoveRight
8255,1056.5,265,MoveLeft,1724,265,None
8255,1056.5,265,None,1724,265,None
8256,1049.5,265,MoveLeft,1724,265,None
8256,1049.5,265,None,1724,265,None
8257,1042.5,265,MoveLeft,1724,265,None
8257,1042.5,265,None,1724,265,None
8258,1035.5,265,MoveLeft,1724,265,None
8258,1035.5,265,None,1724,265,None
8259,1028.5,265,MoveLeft,1724,265,None
8259,1028.5,265,None,1724,265,None
8260,1021.5,265,MoveLeft,1724,265,None
8260,1021.5,265,None,1724,265,None
8261,1014.5,265,MoveLeft,1724,265,None
8261,1014.5,265,None,1724,265,None
8262,1007.5,265,MoveLeft,1724,265,None
8262,1007.5,265,None,1724,265,None
8263,1000.5,265,MoveLeft,1724,265,None
8263,1000.5,265,None,1724,265,None
8264,993.5,265,MoveLeft,1724,265,None
8264,993.5,265,None,1724,265,None
8265,986.5,265,MoveLeft,1724,265,None
8265,986.5,265,None,1724,265,None
8266,979.5,265,MoveLeft,1724,265,None
8266,979.5,265,None,1724,265,None
8267,972.5,265,MoveLeft,1724,265,None
8267,972.5,265,None,1724,265,None
8268,965.5,265,MoveLeft,1724,265,None
8268,965.5,265,None,1724,265,None
8269,958.5,265,MoveLeft,1724,265,None
8269,958.5,265,None,1724,265,None
8270,951.5,265,MoveLeft,1724,265,None
8270,951.5,265,None,1724,265,None
8271,944.5,265,MoveLeft,1724,265,None
8271,944.5,265,None,1724,265,None
8272,937.5,265,MoveLeft,1724,265,None
8272,937.5,265,None,1724,265,None
8273,930.5,265,MoveLeft,1724,265,None
8273,930.5,265,None,1724,265,None
8274,923.5,265,MoveLeft,1724,265,None
8274,923.5,265,None,1724,265,None
8275,916.5,265,MoveLeft,1724,265,None
8275,916.5,265,None,1724,265,None
8276,909.5,265,MoveLeft,1724,265,None
8276,909.5,265,None,1724,265,None
8277,902.5,265,MoveLeft,1724,265,None
8277,902.5,265,None,1724,265,None
8278,895.5,265,MoveLeft,1724,265,None
8278,895.5,265,None,1724,265,None
8279,888.5,265,MoveLeft,1724,265,None
8279,888.5,265,None,1724,265,None
8280,881.5,265,MoveLeft,1724,265,None
8280,881.5,265,None,1724,265,None
8281,874.5,265,MoveLeft,1724,265,None
8281,874.5,265,None,1724,265,None
8282,867.5,265,MoveLeft,1724,265,None
8282,867.5,265,None,1724,265,None
8283,860.5,265,MoveLeft,1724,265,None
8283,860.5,265,None,1724,265,None
8284,853.5,265,MoveLeft,1724,265,None
8284,853.5,265,None,1724,265,None
8285,846.5,265,MoveLeft,1724,265,None
8285,846.5,265,None,1724,265,None
8286,839.5,265,MoveLeft,1724,265,None
8286,839.5,265,None,1724,265,None
8287,832.5,265,MoveLeft,1724,265,None
8287,832.5,265,None,1724,265,None
8288,825.5,265,MoveLeft,1724,265,None
8288,825.5,265,None,1724,265,None
8289,818.5,265,MoveLeft,1724,265,None
8289,818.5,265,None,1724,265,None
8290,818.5,265,Bump,1724,265,None
8290,811.5,265,MoveLeft,1724,265,None
8290,811.5,265,None,1724,265,None
8310,818.5,265,MoveRight,1724,265,None
8311,825.5,265,MoveRight,1724,265,None
8312,832.5,265,MoveRight,1724,265,None
8313,839.5,265,MoveRight,1724,265,None
8314,846.5,265,MoveRight,1724,265,None
8315,853.5,265,MoveRight,1724,265,None
8316,860.5,265,MoveRight,1724,265,None
8317,867.5,265,MoveRight,1724,265,None
8318,874.5,265,MoveRight,1724,265,None
8319,881.5,265,MoveRight,1724,265,None
8320,888.5,265,MoveRight,1724,265,None
8321,895.5,265,MoveRight,1724,265,None
8322,902.5,265,MoveRight,1724,265,None
8323,909.5,265,MoveRight,1724,265,None
8324,916.5,265,MoveRight,1724,265,None
8325,923.5,265,MoveRight,1724,265,None
8326,930.5,265,MoveRight,1724,265,None
8327,937.5,265,MoveRight,1724,265,None
8328,944.5,265,MoveRight,1724,265,None
8329,951.5,265,MoveRight,1724,265,None
8330,958.5,265,MoveRight,1724,265,None
8331,965.5,265,MoveRight,1724,265,None
8332,972.5,265,MoveRight,1724,265,None
8333,979.5,265,MoveRight,1724,265,None
8334,986.5,265,MoveRight,1724,265,None
8335,993.5,265,MoveRight,1724,265,None
8336,1000.5,265,MoveRight,1724,265,None
8337,1004,284.62,MoveRight,1724,265,None
8338,1007.5,304.24,MoveRight,1724,265,None
8339,1011,314.05,MoveRight,1724,265,None
8340,1014.5,323.86,MoveRight,1724,265,None
8341,1018,333.67,MoveRight,1724,265,None
8342,1021.5,343.48,MoveRight,1724,265,None
8343,1025,353.29,MoveRight,1724,265,None
8344,1028.5,363.1,MoveRight,1724,265,None
8345,1032,372.91,MoveRight,1724,265,None
8346,1035.5,382.72,MoveRight,1724,265,None
8347,1039,392.53,MoveRight,1724,265,None
8348,1042.5,402.34,MoveRight,1724,265,None
8349,1046,412.15,MoveRight,1724,265,None
8350,1049.5,421.96,MoveRight,1724,265,None
8351,1053,431.77,MoveRight,1724,265,None
8352,1056.5,441.58,MoveRight,1724,265,None
8353,1060,451.39,MoveRight,1724,265,None
8354,1063.5,461.2,MoveRight,1724,265,None
8355,1067,471.01,MoveRight,1724,265,None
8356,1070.5,480.82,MoveRight,1724,265,None
8357,1074,490.63,MoveRight,1724,265,None
8358,1077.5,500.44,MoveRight,1724,265,None
8359,1081,510.25,MoveRight,1724,265,None
8360,1084.5,520.06,MoveRight,1724,265,None
8361,1088,529.87,MoveRight,1724,265,None
8362,1091.5,539.68,MoveRight,1724,265,None
8363,1095,549.49,MoveRight,1724,265,None
8364,1098.5,559.3,MoveRight,1724,265,None
8365,1102,569.11,MoveRight,1724,265,None
8366,1105.5,578.92,MoveRight,1724,265,None
8367,1109,569.11,MoveRight,1724,265,None
8368,1112.5,559.3,MoveRight,1724,265,None
8369,1116,549.49,MoveRight,1724,265,None
8370,1119.5,539.68,MoveRight,1724,265,None
8371,1123,529.87,MoveRight,1724,265,None
8372,1126.5,520.06,MoveRight,1724,265,None
8373,1130,510.25,MoveRight,1724,265,None
8374,1133.5,500.44,MoveRight,1724,265,None
8375,1137,490.63,MoveRight,1724,265,None
8376,1140.5,480.82,MoveRight,1724,265,None
8377,1144,471.01,MoveRight,1724,265,None
8378,1147.5,461.2,MoveRight,1724,265,None
8379,1151,451.39,MoveRight,1724,265,None
8380,1154.5,441.58,MoveRight,1724,265,None
8381,1158,431.77,MoveRight,1724,265,None
8382,1161.5,421.96,MoveRight,1724,265,None
8383,1165,412.15,MoveRight,1724,265,None
8384,1168.5,402.34,MoveRight,1724,265,None
8385,1172,392.53,MoveRight,1724,265,None
8386,1175.5,382.72,MoveRight,1724,265,None
8387,1179,372.91,MoveRight,1724,265,None
8388,1182.5,363.1,MoveRight,1724,265,None
8389,1186,353.29,MoveRight,1724,265,None
8390,1189.5,343.48,MoveRight,1724,265,None
8391,977,265,MoveRight,2410,265,None
8392,984,265,MoveRight,2410,265,None
8393,991,265,MoveRight,2410,265,None
8394,998,265,MoveRight,2410,265,None
8395,1005,265,MoveRight,2410,265,None
8396,1012,265,MoveRight,2410,265,None
8397,1019,265,MoveRight,2410,265,None
8398,1026,265,MoveRight,2410,265,None
8413,1019,265,MoveLeft,2410,265,None
8414,1012,265,MoveLeft,2410,265,None
8415,1005,265,MoveLeft,2410,265,None
8416,998,265,MoveLeft,2410,265,None
8417,991,265,MoveLeft,2410,265,None
8418,984,265,MoveLeft,2410,265,None
8419,977,265,MoveLeft,2410,265,None
8420,970,265,MoveLeft,2410,265,None
8421,963,265,MoveLeft,2410,265,None
8422,956,265,MoveLeft,2410,265,None
8423,949,265,MoveLeft,2410,265,None
8424,942,265,MoveLeft,2410,265,None
8425,935,265,MoveLeft,2410,265,None
8441,935,265,None,2410,265,Serve
8441,935,265,None,2410,265,None
8461,935,265,None,2403,265,MoveLeft
8462,935,265,None,2396,265,MoveLeft
8463,935,265,None,2389,265,MoveLeft
8464,935,265,None,2382,265,MoveLeft
8465,935,265,None,2375,265,MoveLeft
8466,935,265,None,2368,265,MoveLeft
8467,935,265,None,2361,265,MoveLeft
8468,935,265,None,2354,265,MoveLeft
8469,935,265,None,2347,265,MoveLeft
8470,935,265,None,2340,265,MoveLeft
8471,935,265,None,2333,265,MoveLeft
8472,935,265,None,2326,265,MoveLeft
8473,935,265,None,2319,265,MoveLeft
8474,935,265,None,2312,265,MoveLeft
8475,935,265,None,2305,265,MoveLeft
8476,935,265,None,2298,265,MoveLeft
8477,935,265,None,2291,265,MoveLeft
8478,935,265,None,2284,265,MoveLeft
8479,935,265,None,2277,265,MoveLeft
8480,935,265,None,2270,265,MoveLeft
8481,935,265,None,2263,265,MoveLeft
8482,935,265,None,2256,265,MoveLeft
8483,935,265,None,2249,265,MoveLeft
8484,935,265,None,2242,265,MoveLeft
8485,935,265,None,2235,265,MoveLeft
8486,935,265,None,2228,265,MoveLeft
8487,935,265,None,2221,265,MoveLeft
8488,935,265,None,2214,265,MoveLeft
8489,935,265,None,2207,265,MoveLeft
8490,935,265,None,2200,265,MoveLeft
8491,935,265,None,2193,265,MoveLeft
8492,935,265,None,2186,265,MoveLeft
8493,935,265,None,2179,265,MoveLeft
8494,935,265,None,2172,265,MoveLeft
8495,935,265,None,2165,265,MoveLeft
8496,928,265,MoveLeft,2165,265,None
8496,928,265,None,2158,265,MoveLeft
8497,921,265,MoveLeft,2158,265,None
8497,921,265,None,2151,265,MoveLeft
8498,914,265,MoveLeft,2151,265,None
8498,914,265,None,2144,265,MoveLeft
8499,907,265,MoveLeft,2144,265,None
8499,907,265,None,2137,265,MoveLeft
8500,900,265,MoveLeft,2137,265,None
8500,900,265,None,2130,265,MoveLeft
8501,893,265,MoveLeft,2130,265,None
8501,893,265,None,2123,265,MoveLeft
8502,886,265,MoveLeft,2123,265,None
8502,886,265,None,2116,265,MoveLeft
8503,879,265,MoveLeft,2116,265,None
8503,879,265,None,2109,265,MoveLeft
8504,872,265,MoveLeft,2109,265,None
8504,872,265,None,2102,265,MoveLeft
8505,872,265,None,2102,265,None
8505,872,265,None,2095,265,MoveLeft
8506,872,265,None,2095,265,None
8506,872,265,None,2088,265,MoveLeft
8507,872,265,None,2088,265,None
8507,872,265,None,2081,265,MoveLeft
8508,872,265,None,2081,265,None
8508,872,265,None,2074,265,MoveLeft
8509,872,265,None,2074,265,None
8509,872,265,None,2067,265,MoveLeft
8510,872,265,None,2067,265,None
8510,872,265,None,2060,265,MoveLeft
8511,872,265,None,2060,265,None
8511,872,265,None,2053,265,MoveLeft
8512,872,265,None,2053,265,None
8512,872,265,None,2046,265,MoveLeft
8513,872,265,Bump,2046,265,None
8513,872,265,None,2046,265,None
8513,872,265,None,2039,265,MoveLeft
8514,872,265,None,2032,265,MoveLeft
8515,872,265,None,2025,265,MoveLeft
8516,872,265,None,2018,265,MoveLeft
8517,872,265,None,2011,265,MoveLeft
8518,872,265,None,2004,265,MoveLeft
8519,872,265,None,1997,265,MoveLeft
8520,872,265,None,1990,265,MoveLeft
8521,872,265,None,1983,265,MoveLeft
8522,872,265,None,1976,265,MoveLeft
8523,872,265,None,1969,265,MoveLeft
8524,872,265,None,1962,265,MoveLeft
8525,872,265,None,1955,265,MoveLeft
8526,872,265,None,1948,265,MoveLeft
8527,872,265,None,1941,265,MoveLeft
8528,872,265,None,1934,265,MoveLeft
8529,872,265,None,1927,265,MoveLeft
8530,872,265,None,1920,265,MoveLeft
8531,872,265,None,1913,265,MoveLeft
8532,879,265,MoveRight,1913,265,None
8532,879,265,None,1906,265,MoveLeft
8533,886,265,MoveRight,1906,265,None
8533,886,265,None,1899,265,MoveLeft
8534,893,265,MoveRight,1899,265,None
8534,893,265,None,1892,265,MoveLeft
8535,900,265,MoveRight,1892,265,None
8535,900,265,None,1885,265,MoveLeft
8536,907,265,MoveRight,1885,265,None
8536,907,265,None,1878,265,MoveLeft
8537,914,265,MoveRight,1878,265,None
8537,914,265,None,1871,265,MoveLeft
8538,921,265,MoveRight,1871,265,None
8538,921,265,None,1864,265,MoveLeft
8539,928,265,MoveRight,1864,265,None
8539,928,265,None,1857,265,MoveLeft
8540,935,265,MoveRight,1857,265,None
8540,935,265,None,1850,265,MoveLeft
8541,942,265,MoveRight,1850,265,None
8541,942,265,None,1843,265,MoveLeft
8542,949,265,MoveRight,1843,265,None
8542,949,265,None,1836,265,MoveLeft
8543,956,265,MoveRight,1836,265,None
8543,956,265,None,1829,265,MoveLeft
8544,963,265,MoveRight,1829,265,None
8544,963,265,None,1822,265,MoveLeft
8545,970,265,MoveRight,1822,265,None
8545,970,265,None,1815,265,MoveLeft
8546,977,265,MoveRight,1815,265,None
8546,977,265,None,1808,265,MoveLeft
8547,984,265,MoveRight,1808,265,None
8547,984,265,None,1801,265,MoveLeft
8548,991,265,MoveRight,1801,265,None
8548,991,265,None,1794,265,MoveLeft
8549,998,265,MoveRight,1794,265,None
8549,998,265,None,1787,265,MoveLeft
8550,1005,265,MoveRight,1787,265,None
8550,1005,265,None,1780,265,MoveLeft
8551,1012,265,MoveRight,1780,265,None
8551,1012,265,None,1773,265,MoveLeft
8552,1019,265,MoveRight,1773,265,None
8552,1019,265,None,1766,265,MoveLeft
8553,1022.5,284.62,MoveRight,1766,265,None
8553,1022.5,284.62,None,1759,265,MoveLeft
8554,1026,304.24,MoveRight,1759,265,None
8554,1026,304.24,None,1752,265,MoveLeft
8555,1029.5,314.05,MoveRight,1752,265,None
8555,1029.5,314.05,None,1745,265,MoveLeft
8556,1033,323.86,MoveRight,1745,265,None
8556,1033,323.86,None,1738,265,MoveLeft
8557,1036.5,333.67,MoveRight,1738,265,None
8557,1036.5,333.67,None,1731,265,MoveLeft
8558,1040,343.48,MoveRight,1731,265,None
8559,1043.5,353.29,MoveRight,1731,265,None
8560,1047,363.1,MoveRight,1731,265,None
8561,1050.5,372.91,MoveRight,1731,265,None
8562,1054,382.72,MoveRight,1731,265,None
8563,1057.5,392.53,MoveRight,1731,265,None
8564,1061,402.34,MoveRight,1731,265,None
8565,1064.5,412.15,MoveRight,1731,265,None
8566,1068,421.96,MoveRight,1731,265,None
8567,1071.5,431.77,MoveRight,1731,265,None
8568,1075,441.58,MoveRight,1731,265,None
8569,1078.5,451.39,MoveRight,1731,265,None
8570,1082,461.2,MoveRight,1731,265,None
8571,1085.5,471.01,MoveRight,1731,265,None
8572,1089,480.82,MoveRight,1731,265,None
8573,1092.5,490.63,MoveRight,1731,265,None
8574,1096,500.44,MoveRight,1731,265,None
8575,1099.5,510.25,MoveRight,1731,265,None
8576,1103,520.06,MoveRight,1731,265,None
8577,1106.5,529.87,MoveRight,1731,265,None
8578,1110,539.68,MoveRight,1731,265,None
8579,1113.5,549.49,MoveRight,1731,265,None
8580,1117,559.3,MoveRight,1731,265,None
8581,1120.5,569.11,MoveRight,1731,265,None
8582,1124,578.92,MoveRight,1731,265,None
8583,1127.5,569.11,MoveRight,1731,265,None
8584,1131,559.3,MoveRight,1731,265,None
8585,1134.5,549.49,MoveRight,1731,265,None
8586,1138,539.68,MoveRight,1731,265,None
8587,1141.5,529.87,MoveRight,1731,265,None
8588,1145,520.06,MoveRight,1731,265,None
8589,1148.5,510.25,MoveRight,1731,265,None
8590,1152,500.44,MoveRight,1731,265,None
8591,1155.5,490.63,MoveRight,1731,265,None
8592,1159,480.82,MoveRight,1731,265,None
8593,1162.5,471.01,MoveRight,1731,265,None
8594,1166,461.2,MoveRight,1731,265,None
8595,1169.5,451.39,MoveRight,1731,265,None
8596,1173,441.58,MoveRight,1731,265,None
8597,1176.5,431.77,MoveRight,1731,265,None
8598,1180,421.96,MoveRight,1731,265,None
8599,1183.5,412.15,MoveRight,1731,265,None
8600,1187,402.34,MoveRight,1731,265,None
8601,1190.5,392.53,MoveRight,1731,265,None
8601,1190.5,392.53,None,1724,265,MoveLeft
8602,1194,382.72,MoveRight,1724,265,None
8603,1197.5,372.91,MoveRight,1724,265,None
8604,1201,363.1,MoveRight,1724,265,None
8605,1204.5,353.29,MoveRight,1724,265,None
8606,1208,343.48,MoveRight,1724,265,None
8607,1211.5,333.67,MoveRight,1724,265,None
8608,1215,323.86,MoveRight,1724,265,None
8609,1218.5,314.05,MoveRight,1724,265,None
8610,1222,304.24,MoveRight,1724,265,None
8611,1225.5,294.43,MoveRight,1724,265,None
8612,1229,284.62,MoveRight,1724,265,None
8615,1222,265,MoveLeft,1724,265,None
8616,1215,265,MoveLeft,1724,265,None
8617,1208,265,MoveLeft,1724,265,None
8618,1201,265,MoveLeft,1724,265,None
8619,1194,265,MoveLeft,1724,265,None
8620,1187,265,MoveLeft,1724,265,None
8621,1180,265,MoveLeft,1724,265,None
8622,1173,265,MoveLeft,1724,265,None
8623,1166,265,MoveLeft,1724,265,None
8624,1159,265,MoveLeft,1724,265,None
8625,1152,265,MoveLeft,1724,265,None
8626,1145,265,MoveLeft,1724,265,None
8627,1138,265,MoveLeft,1724,265,None
8628,1131,265,MoveLeft,1724,265,None
8629,1124,265,MoveLeft,1724,265,None
8630,1117,265,MoveLeft,1724,265,None
8631,1110,265,MoveLeft,1724,265,None
8632,1103,265,MoveLeft,1724,265,None
8633,1096,265,MoveLeft,1724,265,None
8634,1089,265,MoveLeft,1724,265,None
8635,1082,265,MoveLeft,1724,265,None
8636,1075,265,MoveLeft,1724,265,None
8637,1068,265,MoveLeft,1724,265,None
8638,1061,265,MoveLeft,1724,265,None
8639,1054,265,MoveLeft,1724,265,None
8640,1047,265,MoveLeft,1724,265,None
8641,1040,265,MoveLeft,1724,265,None
8642,1033,265,MoveLeft,1724,265,None
8643,1026,265,MoveLeft,1724,265,None
8644,1019,265,MoveLeft,1724,265,None
8645,1012,265,MoveLeft,1724,265,None
8646,1005,265,MoveLeft,1724,265,None
8647,1005,265,None,1724,265,None
8648,1005,265,None,1724,265,None
8649,1005,265,None,1724,265,None
8650,1005,265,None,1724,265,None
8651,1005,265,None,1724,265,None
8652,1005,265,None,1724,265,None
8653,1005,265,None,1724,265,None
8654,1005,265,None,1724,265,None
8655,1005,265,None,1724,265,None
8656,1005,265,None,1724,265,None
8657,1005,265,None,1724,265,None
8658,1005,265,Bump,1724,265,None
8658,1005,265,None,1724,265,None
8659,1005,265,None,1717,265,MoveLeft
8660,1005,265,None,1710,265,MoveLeft
8661,1005,265,None,1703,265,MoveLeft
8662,1005,265,None,1696,265,MoveLeft
8663,1005,265,None,1689,265,MoveLeft
8664,1005,265,None,1682,265,MoveLeft
8665,1005,265,None,1675,265,MoveLeft
8666,1005,265,None,1668,265,MoveLeft
8667,1005,265,None,1661,265,MoveLeft
8668,1005,265,None,1654,265,MoveLeft
8669,1005,265,None,1647,265,MoveLeft
8670,1005,265,None,1640,265,MoveLeft
8671,1005,265,None,1633,265,MoveLeft
8672,1005,265,None,1626,265,MoveLeft
8673,1005,265,None,1619,265,MoveLeft
8674,1005,265,None,1612,265,MoveLeft
8675,1005,265,None,1605,265,MoveLeft
8676,1005,265,None,1598,265,MoveLeft
8677,1012,265,MoveRight,1598,265,None
8677,1012,265,None,1591,265,MoveLeft
8678,1019,265,MoveRight,1591,265,None
8678,1019,265,None,1584,265,MoveLeft
8679,1026,265,MoveRight,1584,265,None
8679,1026,265,None,1577,265,MoveLeft
8680,1033,265,MoveRight,1577,265,None
8680,1033,265,None,1570,265,MoveLeft
8681,1040,265,MoveRight,1570,265,None
8682,1047,265,MoveRight,1570,265,None
8683,1054,265,MoveRight,1570,265,None
8684,1061,265,MoveRight,1570,265,None
8685,1068,265,MoveRight,1570,265,None
8686,1075,265,MoveRight,1570,265,None
8687,1082,265,MoveRight,1570,265,None
8688,1089,265,MoveRight,1570,265,None
8689,1096,265,MoveRight,1570,265,None
8690,1103,265,MoveRight,1570,265,None
8691,1110,265,MoveRight,1570,265,None
8692,1117,265,MoveRight,1570,265,None
8693,1124,265,MoveRight,1570,265,None
8694,1131,265,MoveRight,1570,265,None
8695,1138,265,MoveRight,1570,265,None
8696,1145,265,MoveRight,1570,265,None
8697,1152,265,MoveRight,1570,265,None
8698,1159,265,MoveRight,1570,265,None
8699,1166,265,MoveRight,1570,265,None
8700,1173,265,MoveRight,1570,265,None
8701,1180,265,MoveRight,1570,265,None
8702,1187,265,MoveRight,1570,265,None
8703,1194,265,MoveRight,1570,265,None
8704,1201,265,MoveRight,1570,265,None
8705,1208,265,MoveRight,1570,265,None
8706,1215,265,MoveRight,1570,265,None
8707,1222,265,MoveRight,1570,265,None
8708,1229,265,MoveRight,1570,265,None
8709,1236,265,MoveRight,1570,265,None
8710,1243,265,MoveRight,1570,265,None
8711,1250,265,MoveRight,1570,265,None
8712,1257,265,MoveRight,1570,265,None
8713,1264,265,MoveRight,1570,265,None
8714,1271,265,MoveRight,1570,265,None
8715,1278,265,MoveRight,1570,265,None
8716,1285,265,MoveRight,1570,265,None
8717,1292,265,MoveRight,1570,265,None
8718,1299,265,MoveRight,1570,265,None
8719,1306,265,MoveRight,1570,265,None
8720,1313,265,MoveRight,1570,265,None
8721,1320,265,MoveRight,1570,265,None
8758,1326,304.24,None,1570,265,SpikeMedium
8758,1326,323.86,None,1570,265,None
8768,1326,421.96,None,1577,265,MoveRight
8769,1326,431.77,None,1584,265,MoveRight
8770,1326,441.58,None,1591,265,MoveRight
8771,1326,451.39,None,1598,265,MoveRight
8772,1326,461.2,None,1605,265,MoveRight
8773,1326,471.01,None,1612,265,MoveRight
8774,1326,480.82,None,1619,265,MoveRight
8775,1326,490.63,None,1626,265,MoveRight
8776,1326,500.44,None,1633,265,MoveRight
8777,1326,510.25,None,1640,265,MoveRight
8778,1326,500.44,Spike,1640,265,None
8778,1326,520.06,None,1647,265,MoveRight
8779,1326,529.87,None,1640,265,MoveLeft
8780,1326,539.68,None,1633,265,MoveLeft
8781,1326,549.49,None,1626,265,MoveLeft
8782,1326,559.3,None,1619,265,MoveLeft
8783,1326,569.11,None,1612,265,MoveLeft
8784,1326,578.92,None,1605,265,MoveLeft
8785,1326,569.11,None,1598,265,MoveLeft
8792,337,265,MoveRight,1670,265,None
8793,344,265,MoveRight,1670,265,None
8794,351,265,MoveRight,1670,265,None
8795,358,265,MoveRight,1670,265,None
8796,365,265,MoveRight,1670,265,None
8797,372,265,MoveRight,1670,265,None
8798,379,265,MoveRight,1670,265,None
8799,386,265,MoveRight,1670,265,None
8800,393,265,MoveRight,1670,265,None
8801,400,265,MoveRight,1670,265,None
8802,407,265,MoveRight,1670,265,None
8803,414,265,MoveRight,1670,265,None
8804,421,265,MoveRight,1670,265,None
8805,428,265,MoveRight,1670,265,None
8806,435,265,MoveRight,1670,265,None
8807,442,265,MoveRight,1670,265,None
8835,449,265,MoveRight,1670,265,None
8836,456,265,MoveRight,1670,265,None
8837,463,265,MoveRight,1670,265,None
8838,470,265,MoveRight,1670,265,None
8839,477,265,MoveRight,1670,265,None
8840,484,265,MoveRight,1670,265,None
8841,491,265,MoveRight,1670,265,None
8842,498,265,MoveRight,1670,265,None
8843,505,265,MoveRight,1670,265,None
8844,512,265,MoveRight,1670,265,None
8845,519,265,MoveRight,1670,265,None
8846,526,265,MoveRight,1670,265,None
8847,533,265,MoveRight,1670,265,None
8848,540,265,MoveRight,1670,265,None
8849,547,265,MoveRight,1670,265,None
8850,554,265,MoveRight,1670,265,None
8851,561,265,MoveRight,1670,265,None
8852,568,265,MoveRight,1670,265,None
8853,575,265,MoveRight,1670,265,None
8854,582,265,MoveRight,1670,265,None
8855,589,265,MoveRight,1670,265,None
8856,596,265,MoveRight,1670,265,None
8857,603,265,MoveRight,1670,265,None
8858,610,265,MoveRight,1670,265,None
8859,610,265,Bump,1670,265,None
8859,603,265,MoveLeft,1670,265,None
8860,603,265,Bump,1670,265,None
8860,596,265,MoveLeft,1670,265,None
8861,596,265,Bump,1670,265,None
8861,589,265,MoveLeft,1670,265,None
8862,589,265,Bump,1670,265,None
8862,582,265,MoveLeft,1670,265,None
8863,582,265,Bump,1670,265,None
8863,575,265,MoveLeft,1670,265,None
8864,575,265,Bump,1670,265,None
8864,568,265,MoveLeft,1670,265,None
8865,568,265,Bump,1670,265,None
8865,561,265,MoveLeft,1670,265,None
8866,561,265,Bump,1670,265,None
8866,554,265,MoveLeft,1670,265,None
8867,554,265,Bump,1670,265,None
8867,547,265,MoveLeft,1670,265,None
8868,547,265,Bump,1670,265,None
8868,540,265,MoveLeft,1670,265,None
8869,540,265,Bump,1670,265,None
8869,533,265,MoveLeft,1670,265,None
8870,533,265,Bump,1670,265,None
8870,526,265,MoveLeft,1670,265,None
8871,526,265,Bump,1670,265,None
8871,519,265,MoveLeft,1670,265,None
8872,519,265,Bump,1670,265,None
8872,512,265,MoveLeft,1670,265,None
8873,512,265,Bump,1670,265,None
8873,505,265,MoveLeft,1670,265,None
8874,505,265,Bump,1670,265,None
8874,498,265,MoveLeft,1670,265,None
8875,498,265,Bump,1670,265,None
8875,491,265,MoveLeft,1670,265,None
8876,491,265,Bump,1670,265,None
8876,484,265,MoveLeft,1670,265,None
8877,484,265,Bump,1670,265,None
8877,477,265,MoveLeft,1670,265,None
8878,477,265,Bump,1670,265,None
8878,470,265,MoveLeft,1670,265,None
8879,470,265,Bump,1670,265,None
8879,463,265,MoveLeft,1670,265,None
8880,463,265,Bump,1670,265,None
8880,456,265,MoveLeft,1670,265,None
8881,456,265,Bump,1670,265,None
8881,449,265,MoveLeft,1670,265,None
8882,449,265,Bump,1670,265,None
8882,442,265,MoveLeft,1670,265,None
8883,442,265,Bump,1670,265,None
8883,435,265,MoveLeft,1670,265,None
8884,435,265,Bump,1670,265,None
8884,428,265,MoveLeft,1670,265,None
8885,428,265,Bump,1670,265,None
8885,421,265,MoveLeft,1670,265,None
8886,421,265,Bump,1670,265,None
8886,414,265,MoveLeft,1670,265,None
8887,414,265,Bump,1670,265,None
8887,407,265,MoveLeft,1670,265,None
8888,407,265,Bump,1670,265,None
8888,400,265,MoveLeft,1670,265,None
8889,400,265,Bump,1670,265,None
8889,393,265,MoveLeft,1670,265,None
8890,393,265,Bump,1670,265,None
8890,386,265,MoveLeft,1670,265,None
8891,386,265,Bump,1670,265,None
8891,379,265,MoveLeft,1670,265,None
8892,379,265,Bump,1670,265,None
8892,372,265,MoveLeft,1670,265,None
8893,372,265,Bump,1670,265,None
8893,365,265,MoveLeft,1670,265,None
8894,365,265,Bump,1670,265,None
8894,358,265,MoveLeft,1670,265,None
8895,358,265,Bump,1670,265,None
8895,351,265,MoveLeft,1670,265,None
8896,351,265,Bump,1670,265,None
8896,344,265,MoveLeft,1670,265,None
8897,344,265,Bump,1670,265,None
8897,337,265,MoveLeft,1670,265,None
8898,337,265,Bump,1670,265,None
8898,330,265,MoveLeft,1670,265,None
8899,330,265,Bump,1670,265,None
8899,323,265,MoveLeft,1670,265,None
8900,323,265,Bump,1670,265,None
8900,316,265,MoveLeft,1670,265,None
8901,316,265,Bump,1670,265,None
8901,309,265,MoveLeft,1670,265,None
8902,309,265,Bump,1670,265,None
8902,302,265,MoveLeft,1670,265,None
8903,302,265,Bump,1670,265,None
8903,295,265,MoveLeft,1670,265,None
8904,295,265,Bump,1670,265,None
8904,288,265,MoveLeft,1670,265,None
8905,288,265,Bump,1670,265,None
8905,281,265,MoveLeft,1670,265,None
8906,281,265,Bump,1670,265,None
8906,274,265,MoveLeft,1670,265,None
8907,274,265,Bump,1670,265,None
8907,267,265,MoveLeft,1670,265,None
8908,267,265,Bump,1670,265,None
8908,260,265,MoveLeft,1670,265,None
8909,260,265,Bump,1670,265,None
8909,253,265,MoveLeft,1670,265,None
8910,253,265,Bump,1670,265,None
8910,246,265,MoveLeft,1670,265,None
8911,246,265,Bump,1670,265,None
8911,239,265,MoveLeft,1670,265,None
8916,246,265,MoveRight,1670,265,None
8917,253,265,MoveRight,1670,265,None
8918,260,265,MoveRight,1670,265,None
8919,267,265,MoveRight,1670,265,None
8920,274,265,MoveRight,1670,265,None
8921,281,265,MoveRight,1670,265,None
8922,288,265,MoveRight,1670,265,None
8923,295,265,MoveRight,1670,265,None
8924,302,265,MoveRight,1670,265,None
8925,309,265,MoveRight,1670,265,None
8926,316,265,MoveRight,1670,265,None
8927,323,265,MoveRight,1670,265,None
8928,330,265,MoveRight,1670,265,None
8929,337,265,MoveRight,1670,265,None
8930,344,265,MoveRight,1670,265,None
8931,351,265,MoveRight,1670,265,None
8932,358,265,MoveRight,1670,265,None
8933,365,265,MoveRight,1670,265,None
8934,372,265,MoveRight,1670,265,None
8935,379,265,MoveRight,1670,265,None
8936,386,265,MoveRight,1670,265,None
8937,393,265,MoveRight,1670,265,None
8942,386,265,MoveLeft,1670,265,None
8943,379,265,MoveLeft,1670,265,None
8944,372,265,MoveLeft,1670,265,None
8945,365,265,MoveLeft,1670,265,None
8946,358,265,MoveLeft,1670,265,None
8947,351,265,MoveLeft,1670,265,None
8948,344,265,MoveLeft,1670,265,None
8949,337,265,MoveLeft,1670,265,None
8950,330,265,MoveLeft,1670,265,None
8951,323,265,MoveLeft,1670,265,None
8952,316,265,MoveLeft,1670,265,None
8953,309,265,MoveLeft,1670,265,None
8954,302,265,MoveLeft,1670,265,None
8955,295,265,MoveLeft,1670,265,None
8956,288,265,MoveLeft,1670,265,None
8957,281,265,MoveLeft,1670,265,None
8958,274,265,MoveLeft,1670,265,None
9179,274,265,Serve,1670,265,None
9179,274,265,None,1670,265,None
9180,274,265,None,1677,265,MoveRight
9181,274,265,None,1684,265,MoveRight
9182,274,265,None,1691,265,MoveRight
9183,274,265,None,1698,265,MoveRight
9184,274,265,None,1705,265,MoveRight
9185,274,265,None,1712,265,MoveRight
9186,274,265,None,1719,265,MoveRight
9187,274,265,None,1726,265,MoveRight
9188,274,265,None,1733,265,MoveRight
9189,274,265,None,1740,265,MoveRight
9190,274,265,None,1747,265,MoveRight
9191,274,265,None,1754,265,MoveRight
9192,274,265,None,1761,265,MoveRight
9193,274,265,None,1768,265,MoveRight
9194,274,265,None,1775,265,MoveRight
9195,274,265,None,1782,265,MoveRight
9196,274,265,None,1789,265,MoveRight
9197,274,265,None,1796,265,MoveRight
9198,274,265,None,1803,265,MoveRight
9199,274,265,None,1810,265,MoveRight
9200,274,265,None,1817,265,MoveRight
9224,281,265,MoveRight,1817,265,None
9225,288,265,MoveRight,1817,265,None
9226,295,265,MoveRight,1817,265,None
9227,302,265,MoveRight,1817,265,None
9228,309,265,MoveRight,1817,265,None
9229,316,265,MoveRight,1817,265,None
9230,323,265,MoveRight,1817,265,None
9231,330,265,MoveRight,1817,265,None
9232,337,265,MoveRight,1817,265,None
9233,344,265,MoveRight,1817,265,None
9234,351,265,MoveRight,1817,265,None
9235,358,265,MoveRight,1817,265,None
9236,365,265,MoveRight,1817,265,None
9237,372,265,MoveRight,1817,265,None
9238,379,265,MoveRight,1817,265,None
9239,386,265,MoveRight,1817,265,None
9240,393,265,MoveRight,1817,265,None
9241,400,265,MoveRight,1817,265,None
9242,407,265,MoveRight,1817,265,None
9243,414,265,MoveRight,1817,265,None
9244,421,265,MoveRight,1817,265,None
9245,428,265,MoveRight,1817,265,None
9246,435,265,MoveRight,1817,265,None
9247,442,265,MoveRight,1817,265,None
9248,449,265,MoveRight,1817,265,None
9249,456,265,MoveRight,1817,265,None
9250,463,265,MoveRight,1817,265,None
9251,470,265,MoveRight,1817,265,None
9252,477,265,MoveRight,1817,265,None
9253,477,265,None,1817,265,SpikeMedium
9253,484,265,MoveRight,1817,265,None
9253,484,265,None,1817,265,None
9254,491,265,MoveRight,1817,265,None
9255,498,265,MoveRight,1817,265,None
9256,505,265,MoveRight,1817,265,None
9257,512,265,MoveRight,1817,265,None
9258,519,265,MoveRight,1817,265,None
9259,526,265,MoveRight,1817,265,None
9260,533,265,MoveRight,1817,265,None
9261,540,265,MoveRight,1817,265,None
9262,547,265,MoveRight,1817,265,None
9263,554,265,MoveRight,1817,265,None
9263,554,265,None,1810,265,MoveLeft
9264,561,265,MoveRight,1810,265,None
9264,561,265,None,1803,265,MoveLeft
9265,568,265,MoveRight,1803,265,None
9265,568,265,None,1796,265,MoveLeft
9266,575,265,MoveRight,1796,265,None
9266,575,265,None,1789,265,MoveLeft
9267,582,265,MoveRight,1789,265,None
9267,582,265,None,1782,265,MoveLeft
9268,589,265,MoveRight,1782,265,None
9268,589,265,None,1775,265,MoveLeft
9269,596,265,MoveRight,1775,265,None
9269,596,265,None,1768,265,MoveLeft
9270,603,265,MoveRight,1768,265,None
9270,603,265,None,1761,265,MoveLeft
9271,610,265,MoveRight,1761,265,None
9271,610,265,None,1754,265,MoveLeft
9272,617,265,MoveRight,1754,265,None
9272,617,265,None,1747,265,MoveLeft
9273,624,265,MoveRight,1747,265,None
9273,624,265,None,1740,265,MoveLeft
9274,631,265,MoveRight,1740,265,None
9274,631,265,None,1733,265,MoveLeft
9275,638,265,MoveRight,1733,265,None
9275,638,265,None,1733,265,None
9276,645,265,MoveRight,1733,265,None
9276,645,265,None,1733,265,None
9277,652,265,MoveRight,1733,265,None
9277,652,265,None,1733,265,None
9278,659,265,MoveRight,1733,265,None
9278,659,265,None,1733,265,None
9279,666,265,MoveRight,1733,265,None
9279,666,265,None,1733,265,None
9280,673,265,MoveRight,1733,265,None
9280,673,265,None,1733,265,None
9281,673,265,None,1733,265,None
9282,673,265,None,1733,265,None
9283,673,265,None,1733,265,None
9284,680,265,MoveRight,1733,265,None
9284,680,265,None,1733,265,None
9285,687,265,MoveRight,1733,265,None
9285,687,265,None,1733,265,None
9286,694,265,MoveRight,1733,265,None
9286,694,265,None,1733,265,None
9287,701,265,MoveRight,1733,265,None
9287,701,265,None,1733,265,None
9288,708,265,MoveRight,1733,265,None
9288,708,265,None,1733,265,None
9289,715,265,MoveRight,1733,265,None
9289,715,265,None,1733,265,None
9290,722,265,MoveRight,1733,265,None
9290,722,265,None,1733,265,None
9291,729,265,MoveRight,1733,265,None
9291,729,265,None,1733,265,None
9292,736,265,MoveRight,1733,265,None
9292,736,265,None,1733,265,None
9293,743,265,MoveRight,1733,265,None
9293,743,265,None,1733,265,None
9294,750,265,MoveRight,1733,265,None
9294,750,265,None,1733,265,None
9295,757,265,MoveRight,1733,265,None
9295,757,265,None,1733,265,None
9296,764,265,MoveRight,1733,265,None
9296,764,265,None,1733,265,None
9297,771,265,MoveRight,1733,265,None
9297,771,265,None,1733,265,None
9298,778,265,MoveRight,1733,265,None
9298,778,265,None,1733,265,None
9299,785,265,MoveRight,1733,265,None
9299,785,265,None,1733,265,None
9300,792,265,MoveRight,1733,265,None
9300,792,265,None,1733,265,None
9301,799,265,MoveRight,1733,265,None
9301,799,265,None,1733,265,None
9302,806,265,MoveRight,1733,265,None
9302,806,265,None,1733,265,None
9303,813,265,MoveRight,1733,265,None
9303,813,265,None,1733,265,None
9304,820,265,MoveRight,1733,265,None
9304,820,265,None,1733,265,None
9305,827,265,MoveRight,1733,265,None
9305,827,265,None,1733,265,None
9306,834,265,MoveRight,1733,265,None
9306,834,265,None,1733,265,None
9307,841,265,MoveRight,1733,265,None
9307,841,265,None,1733,265,None
9308,848,265,MoveRight,1733,265,None
9308,848,265,None,1733,265,None
9309,855,265,MoveRight,1733,265,None
9309,855,265,None,1733,265,None
9310,862,265,MoveRight,1733,265,None
9310,862,265,None,1733,265,None
9311,869,265,MoveRight,1733,265,None
9311,869,265,None,1733,265,None
9312,876,265,MoveRight,1733,265,None
9312,876,265,None,1733,265,None
9313,883,265,MoveRight,1733,265,None
9313,883,265,None,1733,265,None
9314,890,265,MoveRight,1733,265,None
9314,890,265,None,1733,265,None
9315,897,265,MoveRight,1733,265,None
9315,897,265,None,1733,265,None
9316,897,265,Bump,1733,265,None
9316,904,265,MoveRight,1733,265,None
9316,904,265,None,1733,265,None
9317,904,265,None,1726,265,MoveLeft
9318,904,265,None,1719,265,MoveLeft
9319,904,265,None,1712,265,MoveLeft
9320,904,265,None,1705,265,MoveLeft
9321,904,265,None,1698,265,MoveLeft
9322,904,265,None,1691,265,MoveLeft
9323,904,265,None,1684,265,MoveLeft
9324,904,265,None,1677,265,MoveLeft
9325,904,265,None,1670,265,MoveLeft
9326,904,265,None,1663,265,MoveLeft
9327,904,265,None,1656,265,MoveLeft
9328,904,265,None,1649,265,MoveLeft
9329,904,265,None,1642,265,MoveLeft
9330,904,265,None,1635,265,MoveLeft
9331,904,265,None,1628,265,MoveLeft
9332,904,265,None,1621,265,MoveLeft
9333,904,265,None,1614,265,MoveLeft
9334,904,265,None,1607,265,MoveLeft
9335,911,265,MoveRight,1607,265,None
9335,911,265,None,1600,265,MoveLeft
9336,918,265,MoveRight,1600,265,None
9336,918,265,None,1593,265,MoveLeft
9337,925,265,MoveRight,1593,265,None
9337,925,265,None,1586,265,MoveLeft
9338,932,265,MoveRight,1586,265,None
9338,932,265,None,1579,265,MoveLeft
9339,939,265,MoveRight,1579,265,None
9339,939,265,None,1572,265,MoveLeft
9340,946,265,MoveRight,1572,265,None
9340,946,265,None,1565,265,MoveLeft
9341,953,265,MoveRight,1565,265,None
9341,953,265,None,1558,265,MoveLeft
9342,960,265,MoveRight,1558,265,None
9342,960,265,None,1551,265,MoveLeft
9343,967,265,MoveRight,1551,265,None
9343,967,265,None,1544,265,MoveLeft
9344,974,265,MoveRight,1544,265,None
9344,974,265,None,1537,265,MoveLeft
9345,981,265,MoveRight,1537,265,None
9345,981,265,None,1530,265,MoveLeft
9346,988,265,MoveRight,1530,265,None
9346,988,265,None,1523,265,MoveLeft
9347,995,265,MoveRight,1523,265,None
9347,995,265,None,1516,265,MoveLeft
9348,1002,265,MoveRight,1516,265,None
9348,1002,265,None,1509,265,MoveLeft
9349,1009,265,MoveRight,1509,265,None
9349,1009,265,None,1502,265,MoveLeft
9350,1012.5,284.62,MoveRight,1502,265,None
9350,1012.5,284.62,None,1495,265,MoveLeft
9351,1016,304.24,MoveRight,1495,265,None
9352,1019.5,314.05,MoveRight,1495,265,None
9353,1023,323.86,MoveRight,1495,265,None
9354,1026.5,333.67,MoveRight,1495,265,None
9355,1030,343.48,MoveRight,1495,265,None
9356,1033.5,353.29,MoveRight,1495,265,None
9357,1037,363.1,MoveRight,1495,265,None
9358,1040.5,372.91,MoveRight,1495,265,None
9359,1044,382.72,MoveRight,1495,265,None
9360,1047.5,392.53,MoveRight,1495,265,None
9361,1051,402.34,MoveRight,1495,265,None
9362,1054.5,412.15,MoveRight,1495,265,None
9363,1058,421.96,MoveRight,1495,265,None
9364,1061.5,431.77,MoveRight,1495,265,None
9365,1065,441.58,MoveRight,1495,265,None
9366,1068.5,451.39,MoveRight,1495,265,None
9367,1072,461.2,MoveRight,1495,265,None
9368,1075.5,471.01,MoveRight,1495,265,None
9369,1079,480.82,MoveRight,1495,265,None
9370,1082.5,490.63,MoveRight,1495,265,None
9371,1086,500.44,MoveRight,1495,265,None
9372,1089.5,510.25,MoveRight,1495,265,None
9373,1093,520.06,MoveRight,1495,265,None
9374,1096.5,529.87,MoveRight,1495,265,None
9375,1100,539.68,MoveRight,1495,265,None
9376,1103.5,549.49,MoveRight,1495,265,None
9377,1107,559.3,MoveRight,1495,265,None
9378,1110.5,569.11,MoveRight,1495,265,None
9379,1114,578.92,MoveRight,1495,265,None
9380,1117.5,569.11,MoveRight,1495,265,None
9381,1121,559.3,MoveRight,1495,265,None
9382,1124.5,549.49,MoveRight,1495,265,None
9383,1128,539.68,MoveRight,1495,265,None
9384,1131.5,529.87,MoveRight,1495,265,None
9385,1135,520.06,MoveRight,1495,265,None
9386,1138.5,510.25,MoveRight,1495,265,None
9387,1142,500.44,MoveRight,1495,265,None
9388,1145.5,490.63,MoveRight,1495,265,None
9389,1149,480.82,MoveRight,1495,265,None
9390,1152.5,471.01,MoveRight,1495,265,None
9391,1156,461.2,MoveRight,1495,265,None
9392,1159.5,451.39,MoveRight,1495,265,None
9393,1163,441.58,MoveRight,1495,265,None
9394,1166.5,431.77,MoveRight,1495,265,None
9395,1170,421.96,MoveRight,1495,265,None
9396,1173.5,412.15,MoveRight,1495,265,None
9397,1177,402.34,MoveRight,1495,265,None
9398,1180.5,392.53,MoveRight,1495,265,None
9399,1184,382.72,MoveRight,1495,265,None
9400,1187.5,372.91,MoveRight,1495,265,None
9401,1191,363.1,MoveRight,1495,265,None
9402,1194.5,353.29,MoveRight,1495,265,None
9403,1198,343.48,MoveRight,1495,265,None
9404,1201.5,333.67,MoveRight,1495,265,None
9405,1205,323.86,MoveRight,1495,265,None
9406,1208.5,314.05,MoveRight,1495,265,None
9407,1212,304.24,MoveRight,1495,265,None
9408,1215.5,294.43,MoveRight,1495,265,None
9409,1219,284.62,MoveRight,1495,265,None
9410,1222.5,274.81,MoveRight,1495,265,None
9411,1229.5,265,MoveRight,1495,265,None
9412,1236.5,265,MoveRight,1495,265,None
9413,1243.5,265,MoveRight,1495,265,None
9414,1250.5,265,MoveRight,1495,265,None
9415,1257.5,265,MoveRight,1495,265,None
9416,1264.5,265,MoveRight,1495,265,None
9417,1271.5,265,MoveRight,1495,265,None
9418,1271.5,265,None,1495,265,SpikeLight
9418,1278.5,265,MoveRight,1495,265,None
9418,1278.5,265,None,1495,265,None
9419,1271.5,265,MoveLeft,1495,265,None
9420,1264.5,265,MoveLeft,1495,265,None
9421,1257.5,265,MoveLeft,1495,265,None
9422,1250.5,265,MoveLeft,1495,265,None
9423,1243.5,265,MoveLeft,1495,265,None
9424,1236.5,265,MoveLeft,1495,265,None
9425,1229.5,265,MoveLeft,1495,265,None
9426,1222.5,265,MoveLeft,1495,265,None
9427,1215.5,265,MoveLeft,1495,265,None
9428,1208.5,265,MoveLeft,1495,265,None
9429,1201.5,265,MoveLeft,1495,265,None
9429,1201.5,265,None,1502,265,MoveRight
9430,1194.5,265,MoveLeft,1502,265,None
9430,1194.5,265,None,1509,265,MoveRight
9431,1187.5,265,MoveLeft,1509,265,None
9431,1187.5,265,None,1516,265,MoveRight
9432,1180.5,265,MoveLeft,1516,265,None
9432,1180.5,265,None,1523,265,MoveRight
9433,1173.5,265,MoveLeft,1523,265,None
9433,1173.5,265,None,1530,265,MoveRight
9434,1166.5,265,MoveLeft,1530,265,None
9434,1166.5,265,None,1537,265,MoveRight
9435,1159.5,265,MoveLeft,1537,265,None
9435,1159.5,265,None,1544,265,MoveRight
9436,1152.5,265,MoveLeft,1544,265,None
9436,1152.5,265,None,1551,265,MoveRight
9437,1145.5,265,MoveLeft,1551,265,None
9437,1145.5,265,None,1558,265,MoveRight
9438,1152.5,265,MoveRight,1558,265,None
9438,1152.5,265,None,1565,265,MoveRight
9439,1145.5,265,MoveLeft,1565,265,None
9439,1145.5,265,None,1572,265,MoveRight
9440,1152.5,265,MoveRight,1572,265,None
9440,1152.5,265,None,1579,265,MoveRight
9441,1145.5,265,MoveLeft,1579,265,None
9441,1145.5,265,None,1586,265,MoveRight
9442,1152.5,265,MoveRight,1586,265,None
9442,1152.5,265,None,1593,265,MoveRight
9443,1145.5,265,MoveLeft,1593,265,None
9443,1145.5,265,None,1600,265,MoveRight
9444,1152.5,265,MoveRight,1600,265,None
9444,1152.5,265,None,1607,265,MoveRight
9445,1145.5,265,MoveLeft,1607,265,None
9445,1145.5,265,None,1614,265,MoveRight
9446,1152.5,265,MoveRight,1614,265,None
9446,1152.5,265,None,1621,265,MoveRight
9447,1145.5,265,MoveLeft,1621,265,None
9447,1145.5,265,None,1628,265,MoveRight
9448,1152.5,265,MoveRight,1628,265,None
9448,1152.5,265,None,1635,265,MoveRight
9449,1152.5,265,None,1635,265,None
9449,1152.5,265,None,1642,265,MoveRight
9450,1152.5,265,None,1642,265,None
9450,1152.5,265,None,1649,265,MoveRight
9451,1152.5,265,None,1649,265,None
9451,1152.5,265,None,1656,265,MoveRight
9452,1152.5,265,None,1656,265,None
9452,1152.5,265,None,1663,265,MoveRight
9453,1152.5,265,None,1663,265,None
9453,1152.5,265,None,1670,265,MoveRight
9454,1152.5,265,None,1670,265,None
9454,1152.5,265,None,1677,265,MoveRight
9455,1152.5,265,None,1677,265,None
9455,1152.5,265,None,1684,265,MoveRight
9456,1152.5,265,None,1684,265,None
9456,1152.5,265,None,1691,265,MoveRight
9457,1152.5,265,None,1691,265,None
9457,1152.5,265,None,1698,265,MoveRight
9458,1152.5,265,None,1698,265,None
9458,1152.5,265,None,1705,265,MoveRight
9459,1152.5,265,None,1705,265,None
9459,1152.5,265,None,1712,265,MoveRight
9460,1152.5,265,None,1712,265,None
9460,1152.5,265,None,1719,265,MoveRight
9461,1152.5,265,None,1719,265,None
9461,1152.5,265,None,1726,265,MoveRight
9462,1152.5,265,None,1726,265,None
9462,1152.5,265,None,1726,265,None
9463,1152.5,265,None,1726,265,None
9463,1152.5,265,None,1726,265,None
9464,1152.5,265,None,1726,265,None
9464,1152.5,265,None,1726,265,None
9465,1152.5,265,None,1726,265,None
9465,1152.5,265,None,1726,265,None
9466,1152.5,265,None,1726,265,None
9466,1152.5,265,None,1726,265,None
9467,1152.5,265,None,1726,265,None
9467,1152.5,265,None,1726,265,None
9468,1152.5,265,None,1726,265,None
9468,1152.5,265,None,1726,265,None
9469,1152.5,265,None,1726,265,None
9469,1152.5,265,None,1726,265,None
9470,1152.5,265,None,1726,265,None
9470,1152.5,265,None,1726,265,None
9471,1152.5,265,None,1726,265,None
9471,1152.5,265,None,1726,265,None
9472,1152.5,265,None,1726,265,None
9472,1152.5,265,None,1726,265,None
9473,1152.5,265,None,1726,265,None
9473,1152.5,265,None,1726,265,None
9474,1152.5,265,None,1726,265,None
9474,1152.5,265,None,1726,265,None
9475,1152.5,265,Bump,1726,265,None
9475,1152.5,265,None,1726,265,None
9475,1152.5,265,None,1726,265,None
9476,1152.5,265,None,1719,265,MoveLeft
9477,1152.5,265,None,1712,265,MoveLeft
9478,1152.5,265,None,1705,265,MoveLeft
9479,1152.5,265,None,1698,265,MoveLeft
9480,1152.5,265,None,1691,265,MoveLeft
9481,1152.5,265,None,1684,265,MoveLeft
9482,1152.5,265,None,1677,265,MoveLeft
9495,1159.5,265,MoveRight,1677,265,None
9496,1166.5,265,MoveRight,1677,265,None
9497,1173.5,265,MoveRight,1677,265,None
9498,1180.5,265,MoveRight,1677,265,None
9499,1187.5,265,MoveRight,1677,265,None
9500,1194.5,265,MoveRight,1677,265,None
9501,1198,284.62,MoveRight,1677,265,None
9502,1201.5,304.24,MoveRight,1677,265,None
9503,1205,314.05,MoveRight,1677,265,None
9504,1208.5,323.86,MoveRight,1677,265,None
9505,1212,333.67,MoveRight,1677,265,None
9506,1215.5,343.48,MoveRight,1677,265,None
9507,1219,353.29,MoveRight,1677,265,None
9508,1222.5,363.1,MoveRight,1677,265,None
9509,1226,372.91,MoveRight,1677,265,None
9510,1229.5,382.72,MoveRight,1677,265,None
9511,1233,392.53,MoveRight,1677,265,None
9512,1236.5,402.34,MoveRight,1677,265,None
9513,1240,412.15,MoveRight,1677,265,None
9514,1243.5,421.96,MoveRight,1677,265,None
9515,1247,431.77,MoveRight,1677,265,None
9516,1250.5,441.58,MoveRight,1677,265,None
9517,1254,451.39,MoveRight,1677,265,None
9518,1257.5,461.2,MoveRight,1677,265,None
9519,1261,471.01,MoveRight,1677,265,None
9520,1264.5,480.82,MoveRight,1677,265,None
9521,1268,490.63,MoveRight,1677,265,None
9522,1271.5,500.44,MoveRight,1677,265,None
9523,1275,510.25,MoveRight,1677,265,None
9524,1278.5,520.06,MoveRight,1677,265,None
9525,1282,529.87,MoveRight,1677,265,None
9526,1285.5,539.68,MoveRight,1677,265,None
9530,1282,578.92,MoveLeft,1677,265,None
9531,1278.5,569.11,MoveLeft,1677,265,None
9532,1275,559.3,MoveLeft,1677,265,None
9533,1271.5,549.49,MoveLeft,1677,265,None
9534,1268,539.68,MoveLeft,1677,265,None
9535,1264.5,529.87,MoveLeft,1677,265,None
9536,1261,520.06,MoveLeft,1677,265,None
9537,1257.5,510.25,MoveLeft,1677,265,None
9538,1254,500.44,MoveLeft,1677,265,None
9539,1250.5,490.63,MoveLeft,1677,265,None
9540,1247,480.82,MoveLeft,1677,265,None
9541,1243.5,471.01,MoveLeft,1677,265,None
9542,1240,461.2,MoveLeft,1677,265,None
9543,1236.5,451.39,MoveLeft,1677,265,None
9544,1233,441.58,MoveLeft,1677,265,None
9545,1229.5,431.77,MoveLeft,1677,265,None
9546,1226,421.96,MoveLeft,1677,265,None
9547,1222.5,412.15,MoveLeft,1677,265,None
9548,1219,402.34,MoveLeft,1677,265,None
9549,1215.5,392.53,MoveLeft,1677,265,None
9550,1212,382.72,MoveLeft,1677,265,None
9551,1208.5,372.91,MoveLeft,1677,265,None
9552,1205,363.1,MoveLeft,1677,265,None
9553,1201.5,353.29,MoveLeft,1677,265,None
9554,1198,343.48,MoveLeft,1677,265,None
9555,1194.5,333.67,MoveLeft,1677,265,None
9556,1191,323.86,MoveLeft,1677,265,None
9557,1187.5,314.05,MoveLeft,1677,265,None
9558,1184,304.24,MoveLeft,1677,265,None
9559,1180.5,294.43,MoveLeft,1677,265,None
9560,1177,284.62,MoveLeft,1677,265,None
9561,1173.5,274.81,MoveLeft,1677,265,None
9562,1166.5,265,MoveLeft,1677,265,None
9563,1159.5,265,MoveLeft,1677,265,None
9564,1152.5,265,MoveLeft,1677,265,None
9565,1145.5,265,MoveLeft,1677,265,None
9566,1138.5,265,MoveLeft,1677,265,None
9567,1145.5,265,MoveRight,1677,265,None
9568,1152.5,265,MoveRight,1677,265,None
9569,1159.5,265,MoveRight,1677,265,None
9570,1166.5,265,MoveRight,1677,265,None
9571,1173.5,265,MoveRight,1677,265,None
9572,1180.5,265,MoveRight,1677,265,None
9573,1187.5,265,MoveRight,1677,265,None
9574,1187.5,265,None,1677,265,SpikeLight
9574,1194.5,265,MoveRight,1677,265,None
9574,1194.5,265,None,1677,265,None
9575,1201.5,265,MoveRight,1677,265,None
9576,1208.5,265,MoveRight,1677,265,None
9577,1215.5,265,MoveRight,1677,265,None
9578,1222.5,265,MoveRight,1677,265,None
9579,1229.5,265,MoveRight,1677,265,None
9580,1236.5,265,MoveRight,1677,265,None
9581,1243.5,265,MoveRight,1677,265,None
9582,1250.5,265,MoveRight,1677,265,None
9583,1257.5,265,MoveRight,1677,265,None
9584,1264.5,265,MoveRight,1677,265,None
9585,1271.5,265,MoveRight,1677,265,None
9585,1271.5,265,None,1684,265,MoveRight
9586,1278.5,265,MoveRight,1684,265,None
9586,1278.5,265,None,1691,265,MoveRight
9587,1285.5,265,MoveRight,1691,265,None
9587,1285.5,265,None,1698,265,MoveRight
9588,1292.5,265,MoveRight,1698,265,None
9588,1292.5,265,None,1705,265,MoveRight
9589,1299.5,265,MoveRight,1705,265,None
9589,1299.5,265,None,1712,265,MoveRight
9590,1306.5,265,MoveRight,1712,265,None
9590,1306.5,265,None,1719,265,MoveRight
9591,1313.5,265,MoveRight,1719,265,None
9591,1313.5,265,None,1726,265,MoveRight
9592,1320.5,265,MoveRight,1726,265,None
9592,1320.5,265,None,1726,265,None
9593,1326,265,None,1726,265,None
9594,1326,265,None,1726,265,None
9595,1326,265,None,1726,265,None
9596,1326,265,None,1726,265,None
9597,1326,265,None,1726,265,None
9598,1326,265,None,1726,265,None
9599,1326,265,None,1726,265,None
9600,1326,265,None,1726,265,None
9601,1326,265,None,1726,265,None
9602,1326,265,None,1726,265,None
9603,1326,265,None,1726,265,None
9604,1326,265,None,1726,265,None
9605,1326,265,None,1726,265,None
9606,1326,265,None,1726,265,None
9607,1326,265,None,1726,265,None
9608,1326,265,None,1726,265,None
9609,1326,265,None,1726,265,None
9610,1326,265,None,1726,265,None
9611,1326,265,None,1726,265,None
9612,1326,265,None,1726,265,None
9613,1326,265,None,1726,265,None
9614,1326,265,None,1726,265,None
9615,1326,265,None,1726,265,None
9616,1326,265,None,1726,265,None
9617,1326,265,None,1726,265,None
9618,1326,265,None,1726,265,None
9619,1326,265,None,1726,265,None
9620,1326,265,None,1726,265,None
9621,1326,265,None,1726,265,None
9622,1326,265,None,1726,265,None
9623,1326,265,None,1726,265,None
9624,1326,265,None,1726,265,None
9625,1326,265,None,1726,265,None
9626,1326,265,None,1726,265,None
9627,1326,265,None,1726,265,None
9628,1326,265,None,1726,265,None
9629,1326,265,None,1726,265,None
9630,1326,265,None,1726,265,None
9631,1326,265,Bump,1726,265,None
9631,1326,265,None,1726,265,None
9633,1326,265,None,1719,265,MoveLeft
9634,1326,265,None,1712,265,MoveLeft
9680,1319,265,MoveLeft,1712,265,None
9681,1312,265,MoveLeft,1712,265,None
9682,1305,265,MoveLeft,1712,265,None
9683,1298,265,MoveLeft,1712,265,None
9684,1291,265,MoveLeft,1712,265,None
9685,1284,265,MoveLeft,1712,265,None
9686,1277,265,MoveLeft,1712,265,None
9687,1270,265,MoveLeft,1712,265,None
9688,1263,265,MoveLeft,1712,265,None
9689,1256,265,MoveLeft,1712,265,None
9699,1256,265,None,1712,265,SpikeMedium
9699,1256,265,None,1712,265,None
9710,1256,265,None,1719,265,MoveRight
9711,1256,265,None,1726,265,MoveRight
9712,1249,265,MoveLeft,1726,265,None
9712,1249,265,None,1726,265,None
9713,1242,265,MoveLeft,1726,265,None
9713,1242,265,None,1726,265,None
9714,1235,265,MoveLeft,1726,265,None
9714,1235,265,None,1726,265,None
9715,1228,265,MoveLeft,1726,265,None
9715,1228,265,None,1726,265,None
9716,1221,265,MoveLeft,1726,265,None
9716,1221,265,None,1726,265,None
9717,1214,265,MoveLeft,1726,265,None
9717,1214,265,None,1726,265,None
9718,1207,265,MoveLeft,1726,265,None
9718,1207,265,None,1726,265,None
9719,1200,265,MoveLeft,1726,265,None
9719,1200,265,None,1726,265,None
9720,1193,265,MoveLeft,1726,265,None
9720,1193,265,None,1726,265,None
9721,1186,265,MoveLeft,1726,265,None
9721,1186,265,None,1726,265,None
9722,1179,265,MoveLeft,1726,265,None
9722,1179,265,None,1726,265,None
9723,1172,265,MoveLeft,1726,265,None
9723,1172,265,None,1726,265,None
9724,1165,265,MoveLeft,1726,265,None
9724,1165,265,None,1726,265,None
9725,1158,265,MoveLeft,1726,265,None
9725,1158,265,None,1726,265,None
9726,1151,265,MoveLeft,1726,265,None
9726,1151,265,None,1726,265,None
9727,1144,265,MoveLeft,1726,265,None
9727,1144,265,None,1726,265,None
9728,1137,265,MoveLeft,1726,265,None
9728,1137,265,None,1726,265,None
9729,1130,265,MoveLeft,1726,265,None
9729,1130,265,None,1726,265,None
9730,1123,265,MoveLeft,1726,265,None
9730,1123,265,None,1726,265,None
9731,1116,265,MoveLeft,1726,265,None
9731,1116,265,None,1726,265,None
9732,1109,265,MoveLeft,1726,265,None
9732,1109,265,None,1726,265,None
9733,1102,265,MoveLeft,1726,265,None
9733,1102,265,None,1726,265,None
9734,1095,265,MoveLeft,1726,265,None
9734,1095,265,None,1726,265,None
9735,1088,265,MoveLeft,1726,265,None
9735,1088,265,None,1726,265,None
9736,1081,265,MoveLeft,1726,265,None
9736,1081,265,None,1726,265,None
9737,1074,265,MoveLeft,1726,265,None
9737,1074,265,None,1726,265,None
9738,1067,265,MoveLeft,1726,265,None
9738,1067,265,None,1726,265,None
9739,1060,265,MoveLeft,1726,265,None
9739,1060,265,None,1726,265,None
9740,1053,265,MoveLeft,1726,265,None
9740,1053,265,None,1726,265,None
9741,1046,265,MoveLeft,1726,265,None
9741,1046,265,None,1726,265,None
9742,1039,265,MoveLeft,1726,265,None
9742,1039,265,None,1726,265,None
9743,1032,265,MoveLeft,1726,265,None
9743,1032,265,None,1726,265,None
9744,1025,265,MoveLeft,1726,265,None
9744,1025,265,None,1726,265,None
9745,1018,265,MoveLeft,1726,265,None
9745,1018,265,None,1726,265,None
9746,1011,265,MoveLeft,1726,265,None
9746,1011,265,None,1726,265,None
9747,1004,265,MoveLeft,1726,265,None
9747,1004,265,None,1726,265,None
9748,997,265,MoveLeft,1726,265,None
9748,997,265,None,1726,265,None
9749,990,265,MoveLeft,1726,265,None
9749,990,265,None,1726,265,None
9750,983,265,MoveLeft,1726,265,None
9750,983,265,None,1726,265,None
9751,976,265,MoveLeft,1726,265,None
9751,976,265,None,1726,265,None
9752,969,265,MoveLeft,1726,265,None
9752,969,265,None,1726,265,None
9753,962,265,MoveLeft,1726,265,None
9753,962,265,None,1726,265,None
9754,955,265,MoveLeft,1726,265,None
9754,955,265,None,1726,265,None
9755,948,265,MoveLeft,1726,265,None
9755,948,265,None,1726,265,None
9756,941,265,MoveLeft,1726,265,None
9756,941,265,None,1726,265,None
9757,934,265,MoveLeft,1726,265,None
9757,934,265,None,1726,265,None
9758,927,265,MoveLeft,1726,265,None
9758,927,265,None,1726,265,None
9759,927,265,Bump,1726,265,None
9759,920,265,MoveLeft,1726,265,None
9759,920,265,None,1726,265,None
9779,927,265,MoveRight,1726,265,None
9780,934,265,MoveRight,1726,265,None
9781,941,265,MoveRight,1726,265,None
9782,948,265,MoveRight,1726,265,None
9783,955,265,MoveRight,1726,265,None
9784,962,265,MoveRight,1726,265,None
9785,969,265,MoveRight,1726,265,None
9786,976,265,MoveRight,1726,265,None
9787,983,265,MoveRight,1726,265,None
9788,990,265,MoveRight,1726,265,None
9789,997,265,MoveRight,1726,265,None
9790,1004,265,MoveRight,1726,265,None
9791,1011,265,MoveRight,1726,265,None
9792,1018,265,MoveRight,1726,265,None
9793,1025,265,MoveRight,1726,265,None
9794,1032,265,MoveRight,1726,265,None
9795,1039,265,MoveRight,1726,265,None
9796,1046,265,MoveRight,1726,265,None
9797,1053,265,MoveRight,1726,265,None
9798,1060,265,MoveRight,1726,265,None
9799,1067,265,MoveRight,1726,265,None
9800,1074,265,MoveRight,1726,265,None
9801,1081,265,MoveRight,1726,265,None
9802,1088,265,MoveRight,1726,265,None
9803,1095,265,MoveRight,1726,265,None
9804,1098.5,284.62,MoveRight,1726,265,None
9805,1102,304.24,MoveRight,1726,265,None
9806,1105.5,314.05,MoveRight,1726,265,None
9807,1109,323.86,MoveRight,1726,265,None
9808,1112.5,333.67,MoveRight,1726,265,None
9809,1116,343.48,MoveRight,1726,265,None
9810,1119.5,353.29,MoveRight,1726,265,None
9811,1123,363.1,MoveRight,1726,265,None
9812,1126.5,372.91,MoveRight,1726,265,None
9813,1130,382.72,MoveRight,1726,265,None
9814,1133.5,392.53,MoveRight,1726,265,None
9815,1137,402.34,MoveRight,1726,265,None
9816,1140.5,412.15,MoveRight,1726,265,None
9817,1144,421.96,MoveRight,1726,265,None
9818,1147.5,431.77,MoveRight,1726,265,None
9819,1151,441.58,MoveRight,1726,265,None
9820,1154.5,451.39,MoveRight,1726,265,None
9821,1158,461.2,MoveRight,1726,265,None
9822,1161.5,471.01,MoveRight,1726,265,None
9823,1165,480.82,MoveRight,1726,265,None
9824,1168.5,490.63,MoveRight,1726,265,None
9825,1172,500.44,MoveRight,1726,265,None
9826,1172,490.63,Spike,1726,265,None
9826,1175.5,510.25,MoveRight,1726,265,None
9827,1175.5,520.06,None,1719,265,MoveLeft
9828,1175.5,529.87,None,1712,265,MoveLeft
9829,1175.5,539.68,None,1705,265,MoveLeft
9830,1175.5,549.49,None,1698,265,MoveLeft
9831,1175.5,559.3,None,1691,265,MoveLeft
9832,1175.5,569.11,None,1684,265,MoveLeft
9833,1175.5,578.92,None,1677,265,MoveLeft
9834,1175.5,569.11,None,1670,265,MoveLeft
9835,1175.5,559.3,None,1663,265,MoveLeft
9836,1175.5,549.49,None,1656,265,MoveLeft
9837,1175.5,539.68,None,1649,265,MoveLeft
9838,1175.5,529.87,None,1642,265,MoveLeft
9839,337,265,MoveRight,1670,265,None
9840,344,265,MoveRight,1670,265,None
9841,351,265,MoveRight,1670,265,None
9842,358,265,MoveRight,1670,265,None
9843,365,265,MoveRight,1670,265,None
9850,358,265,MoveLeft,1670,265,None
9851,351,265,MoveLeft,1670,265,None
9852,344,265,MoveLeft,1670,265,None
9853,337,265,MoveLeft,1670,265,None
9854,330,265,MoveLeft,1670,265,None
9855,323,265,MoveLeft,1670,265,None
9856,316,265,MoveLeft,1670,265,None
9857,309,265,MoveLeft,1670,265,None
9858,302,265,MoveLeft,1670,265,None
9859,295,265,MoveLeft,1670,265,None
9860,288,265,MoveLeft,1670,265,None
9861,281,265,MoveLeft,1670,265,None
9862,274,265,MoveLeft,1670,265,None
9863,267,265,MoveLeft,1670,265,None
9864,260,265,MoveLeft,1670,265,None
9865,253,265,MoveLeft,1670,265,None
9866,246,265,MoveLeft,1670,265,None
9867,239,265,MoveLeft,1670,265,None
9868,232,265,MoveLeft,1670,265,None
9869,225,265,MoveLeft,1670,265,None
9870,218,265,MoveLeft,1670,265,None
9871,211,265,MoveLeft,1670,265,None
9872,204,265,MoveLeft,1670,265,None
9875,211,265,MoveRight,1670,265,None
9876,218,265,MoveRight,1670,265,None
9877,225,265,MoveRight,1670,265,None
9878,232,265,MoveRight,1670,265,None
9879,239,265,MoveRight,1670,265,None
9880,246,265,MoveRight,1670,265,None
9881,253,265,MoveRight,1670,265,None
9882,260,265,MoveRight,1670,265,None
9883,267,265,MoveRight,1670,265,None
9884,274,265,MoveRight,1670,265,None
9885,281,265,MoveRight,1670,265,None
9886,288,265,MoveRight,1670,265,None
9887,295,265,MoveRight,1670,265,None
9888,302,265,MoveRight,1670,265,None
9889,309,265,MoveRight,1670,265,None
9890,316,265,MoveRight,1670,265,None
9891,323,265,MoveRight,1670,265,None
9892,330,265,MoveRight,1670,265,None
9893,337,265,MoveRight,1670,265,None
9894,344,265,MoveRight,1670,265,None
9895,351,265,MoveRight,1670,265,None
9896,358,265,MoveRight,1670,265,None
9897,365,265,MoveRight,1670,265,None
9898,372,265,MoveRight,1670,265,None
9899,379,265,MoveRight,1670,265,None
9900,386,265,MoveRight,1670,265,None
9901,393,265,MoveRight,1670,265,None
9902,400,265,MoveRight,1670,265,None
9903,407,265,MoveRight,1670,265,None
9904,414,265,MoveRight,1670,265,None
9905,421,265,MoveRight,1670,265,None
9906,428,265,MoveRight,1670,265,None
9907,435,265,MoveRight,1670,265,None
9908,442,265,MoveRight,1670,265,None
9916,435,265,MoveLeft,1670,265,None
9917,428,265,MoveLeft,1670,265,None
9918,421,265,MoveLeft,1670,265,None
9919,414,265,MoveLeft,1670,265,None
9920,407,265,MoveLeft,1670,265,None
9921,400,265,MoveLeft,1670,265,None
9922,393,265,MoveLeft,1670,265,None
9923,386,265,MoveLeft,1670,265,None
9924,379,265,MoveLeft,1670,265,None
9925,372,265,MoveLeft,1670,265,None
9926,365,265,MoveLeft,1670,265,None
9927,358,265,MoveLeft,1670,265,None
10157,358,265,Set,1670,265,None
10157,358,265,None,1670,265,None
10213,358,265,Serve,1670,265,None
10213,358,265,None,1670,265,None
10214,358,265,None,1677,265,MoveRight
10215,358,265,None,1684,265,MoveRight
10216,358,265,None,1691,265,MoveRight
10217,358,265,None,1698,265,MoveRight
10218,358,265,None,1705,265,MoveRight
10219,358,265,None,1712,265,MoveRight
10220,358,265,None,1719,265,MoveRight
10221,358,265,None,1726,265,MoveRight
10222,358,265,None,1733,265,MoveRight
10223,358,265,None,1740,265,MoveRight
10224,358,265,None,1747,265,MoveRight
10225,358,265,None,1754,265,MoveRight
10226,358,265,None,1761,265,MoveRight
10227,358,265,None,1768,265,MoveRight
10228,358,265,None,1775,265,MoveRight
10229,358,265,None,1782,265,MoveRight
10230,358,265,None,1789,265,MoveRight
10231,358,265,None,1796,265,MoveRight
10232,365,265,MoveRight,1796,265,None
10232,365,265,None,1803,265,MoveRight
10233,372,265,MoveRight,1803,265,None
10233,372,265,None,1810,265,MoveRight
10234,379,265,MoveRight,1810,265,None
10234,379,265,None,1817,265,MoveRight
10235,386,265,MoveRight,1817,265,None
10235,386,265,None,1824,265,MoveRight
10236,393,265,MoveRight,1824,265,None
10236,393,265,None,1831,265,MoveRight
10237,400,265,MoveRight,1831,265,None
10237,400,265,None,1838,265,MoveRight
10238,407,265,MoveRight,1838,265,None
10238,407,265,None,1845,265,MoveRight
10239,414,265,MoveRight,1845,265,None
10239,414,265,None,1852,265,MoveRight
10240,421,265,MoveRight,1852,265,None
10240,421,265,None,1859,265,MoveRight
10241,428,265,MoveRight,1859,265,None
10241,428,265,None,1866,265,MoveRight
10242,435,265,MoveRight,1866,265,None
10242,435,265,None,1873,265,MoveRight
10243,442,265,MoveRight,1873,265,None
10243,442,265,None,1880,265,MoveRight
10244,449,265,MoveRight,1880,265,None
10244,449,265,None,1887,265,MoveRight
10245,456,265,MoveRight,1887,265,None
10245,456,265,None,1894,265,MoveRight
10246,463,265,MoveRight,1894,265,None
10246,463,265,None,1901,265,MoveRight
10247,470,265,MoveRight,1901,265,None
10248,477,265,MoveRight,1901,265,None
10249,484,265,MoveRight,1901,265,None
10250,491,265,MoveRight,1901,265,None
10251,498,265,MoveRight,1901,265,None
10252,505,265,MoveRight,1901,265,None
10253,512,265,MoveRight,1901,265,None
10254,519,265,MoveRight,1901,265,None
10255,526,265,MoveRight,1901,265,None
10256,533,265,MoveRight,1901,265,None
10257,540,265,MoveRight,1901,265,None
10258,547,265,MoveRight,1901,265,None
10259,554,265,MoveRight,1901,265,None
10260,561,265,MoveRight,1901,265,None
10261,568,265,MoveRight,1901,265,None
10262,575,265,MoveRight,1901,265,None
10263,582,265,MoveRight,1901,265,None
10264,589,265,MoveRight,1901,265,None
10265,596,265,MoveRight,1901,265,None
10266,603,265,MoveRight,1901,265,None
10267,610,265,MoveRight,1901,265,None
10268,617,265,MoveRight,1901,265,None
10269,624,265,MoveRight,1901,265,None
10270,631,265,MoveRight,1901,265,None
10271,638,265,MoveRight,1901,265,None
10272,645,265,MoveRight,1901,265,None
10273,652,265,MoveRight,1901,265,None
10274,659,265,MoveRight,1901,265,None
10275,666,265,MoveRight,1901,265,None
10276,673,265,MoveRight,1901,265,None
10277,680,265,MoveRight,1901,265,None
10278,687,265,MoveRight,1901,265,None
10279,694,265,MoveRight,1901,265,None
10280,701,265,MoveRight,1901,265,None
10281,708,265,MoveRight,1901,265,None
10282,715,265,MoveRight,1901,265,None
10283,722,265,MoveRight,1901,265,None
10284,729,265,MoveRight,1901,265,None
10285,736,265,MoveRight,1901,265,None
10286,743,265,MoveRight,1901,265,None
10287,743,265,None,1901,265,SpikeMedium
10287,750,265,MoveRight,1901,265,None
10287,750,265,None,1901,265,None
10288,757,265,MoveRight,1901,265,None
10289,764,265,MoveRight,1901,265,None
10290,771,265,MoveRight,1901,265,None
10291,778,265,MoveRight,1901,265,None
10292,785,265,MoveRight,1901,265,None
10293,792,265,MoveRight,1901,265,None
10294,799,265,MoveRight,1901,265,None
10295,806,265,MoveRight,1901,265,None
10296,813,265,MoveRight,1901,265,None
10297,820,265,MoveRight,1901,265,None
10297,820,265,None,1894,265,MoveLeft
10298,827,265,MoveRight,1894,265,None
10298,827,265,None,1887,265,MoveLeft
10299,834,265,MoveRight,1887,265,None
10299,834,265,None,1880,265,MoveLeft
10300,841,265,MoveRight,1880,265,None
10300,841,265,None,1873,265,MoveLeft
10301,848,265,MoveRight,1873,265,None
10301,848,265,None,1866,265,MoveLeft
10302,855,265,MoveRight,1866,265,None
10302,855,265,None,1859,265,MoveLeft
10303,862,265,MoveRight,1859,265,None
10303,862,265,None,1852,265,MoveLeft
10304,869,265,MoveRight,1852,265,None
10304,869,265,None,1845,265,MoveLeft
10305,876,265,MoveRight,1845,265,None
10305,876,265,None,1838,265,MoveLeft
10306,883,265,MoveRight,1838,265,None
10306,883,265,None,1831,265,MoveLeft
10307,883,265,None,1824,265,MoveLeft
10308,883,265,None,1817,265,MoveLeft
10309,883,265,None,1810,265,MoveLeft
10310,883,265,None,1803,265,MoveLeft
10311,883,265,None,1796,265,MoveLeft
10312,883,265,None,1789,265,MoveLeft
10313,883,265,None,1782,265,MoveLeft
10314,883,265,None,1775,265,MoveLeft
10315,883,265,None,1768,265,MoveLeft
10316,883,265,None,1761,265,MoveLeft
10317,883,265,None,1754,265,MoveLeft
10318,883,265,None,1747,265,MoveLeft
10319,883,265,None,1740,265,MoveLeft
10320,883,265,None,1733,265,MoveLeft
10321,883,265,None,1733,265,None
10322,883,265,None,1733,265,None
10323,883,265,None,1733,265,None
10324,883,265,None,1733,265,None
10325,883,265,None,1733,265,None
10326,883,265,None,1733,265,None
10327,890,265,MoveRight,1733,265,None
10327,890,265,None,1733,265,None
10328,897,265,MoveRight,1733,265,None
10328,897,265,None,1733,265,None
10329,904,265,MoveRight,1733,265,None
10329,904,265,None,1733,265,None
10330,911,265,MoveRight,1733,265,None
10330,911,265,None,1733,265,None
10331,918,265,MoveRight,1733,265,None
10331,918,265,None,1733,265,None
10332,925,265,MoveRight,1733,265,None
10332,925,265,None,1733,265,None
10333,932,265,MoveRight,1733,265,None
10333,932,265,None,1733,265,None
10334,939,265,MoveRight,1733,265,None
10334,939,265,None,1733,265,None
10335,946,265,MoveRight,1733,265,None
10335,946,265,None,1733,265,None
10336,953,265,MoveRight,1733,265,None
10336,953,265,None,1733,265,None
10337,960,265,MoveRight,1733,265,None
10337,960,265,None,1733,265,None
10338,967,265,MoveRight,1733,265,None
10338,967,265,None,1733,265,None
10339,974,265,MoveRight,1733,265,None
10339,974,265,None,1733,265,None
10340,981,265,MoveRight,1733,265,None
10340,981,265,None,1733,265,None
10341,988,265,MoveRight,1733,265,None
10341,988,265,None,1733,265,None
10342,995,265,MoveRight,1733,265,None
10342,995,265,None,1733,265,None
10343,1002,265,MoveRight,1733,265,None
10343,1002,265,None,1733,265,None
10344,1009,265,MoveRight,1733,265,None
10344,1009,265,None,1733,265,None
10345,1009,265,None,1733,265,None
10345,1009,265,None,1733,265,None
10346,1009,265,None,1733,265,None
10346,1009,265,None,1733,265,None
10347,1009,265,None,1733,265,None
10347,1009,265,None,1733,265,None
10348,1009,265,None,1733,265,None
10348,1009,265,None,1733,265,None
10349,1009,265,Bump,1733,265,None
10349,1009,265,None,1733,265,None
10349,1009,265,None,1733,265,None
10350,1009,265,None,1726,265,MoveLeft
10351,1009,265,None,1719,265,MoveLeft
10352,1009,265,None,1712,265,MoveLeft
10353,1009,265,None,1705,265,MoveLeft
10354,1009,265,None,1698,265,MoveLeft
10355,1009,265,None,1691,265,MoveLeft
10356,1009,265,None,1684,265,MoveLeft
10357,1009,265,None,1677,265,MoveLeft
10358,1009,265,None,1670,265,MoveLeft
10359,1009,265,None,1663,265,MoveLeft
10360,1009,265,None,1656,265,MoveLeft
10361,1009,265,None,1649,265,MoveLeft
10362,1009,265,None,1642,265,MoveLeft
10363,1009,265,None,1635,265,MoveLeft
10364,1009,265,None,1628,265,MoveLeft
10365,1009,265,None,1621,265,MoveLeft
10366,1009,265,None,1614,265,MoveLeft
10367,1009,265,None,1607,265,MoveLeft
10368,1009,265,None,1600,265,MoveLeft
10369,1016,265,MoveRight,1600,265,None
10369,1016,265,None,1593,265,MoveLeft
10370,1023,265,MoveRight,1593,265,None
10370,1023,265,None,1586,265,MoveLeft
10371,1030,265,MoveRight,1586,265,None
10372,1037,265,MoveRight,1586,265,None
10373,1044,265,MoveRight,1586,265,None
10374,1051,265,MoveRight,1586,265,None
10375,1058,265,MoveRight,1586,265,None
10376,1065,265,MoveRight,1586,265,None
10377,1072,265,MoveRight,1586,265,None
10378,1079,265,MoveRight,1586,265,None
10379,1086,265,MoveRight,1586,265,None
10380,1093,265,MoveRight,1586,265,None
10381,1100,265,MoveRight,1586,265,None
10382,1107,265,MoveRight,1586,265,None
10383,1114,265,MoveRight,1586,265,None
10384,1121,265,MoveRight,1586,265,None
10385,1128,265,MoveRight,1586,265,None
10386,1135,265,MoveRight,1586,265,None
10387,1142,265,MoveRight,1586,265,None
10388,1149,265,MoveRight,1586,265,None
10389,1156,265,MoveRight,1586,265,None
10390,1163,265,MoveRight,1586,265,None
10391,1170,265,MoveRight,1586,265,None
10392,1177,265,MoveRight,1586,265,None
10393,1184,265,MoveRight,1586,265,None
10394,1191,265,MoveRight,1586,265,None
10404,1184,265,MoveLeft,1586,265,None
10405,1177,265,MoveLeft,1586,265,None
10406,1170,265,MoveLeft,1586,265,None
10407,1163,265,MoveLeft,1586,265,None
10408,1156,265,MoveLeft,1586,265,None
10409,1149,265,MoveLeft,1586,265,None
10410,1142,265,MoveLeft,1586,265,None
10411,1135,265,MoveLeft,1586,265,None
10412,1128,265,MoveLeft,1586,265,None
10413,1121,265,MoveLeft,1586,265,None
10414,1114,265,MoveLeft,1586,265,None
10450,1114,265,None,1586,265,SpikeMedium
10450,1114,265,None,1586,265,None
10460,1114,265,None,1593,265,MoveRight
10461,1107,265,MoveLeft,1593,265,None
10461,1107,265,None,1600,265,MoveRight
10462,1100,265,MoveLeft,1600,265,None
10462,1100,265,None,1607,265,MoveRight
10463,1093,265,MoveLeft,1607,265,None
10463,1093,265,None,1614,265,MoveRight
10464,1086,265,MoveLeft,1614,265,None
10464,1086,265,None,1621,265,MoveRight
10465,1079,265,MoveLeft,1621,265,None
10465,1079,265,None,1628,265,MoveRight
10466,1072,265,MoveLeft,1628,265,None
10466,1072,265,None,1635,265,MoveRight
10467,1065,265,MoveLeft,1635,265,None
10467,1065,265,None,1642,265,MoveRight
10468,1058,265,MoveLeft,1642,265,None
10468,1058,265,None,1649,265,MoveRight
10469,1051,265,MoveLeft,1649,265,None
10469,1051,265,None,1656,265,MoveRight
10470,1044,265,MoveLeft,1656,265,None
10470,1044,265,None,1663,265,MoveRight
10471,1037,265,MoveLeft,1663,265,None
10471,1037,265,None,1670,265,MoveRight
10472,1030,265,MoveLeft,1670,265,None
10472,1030,265,None,1677,265,MoveRight
10473,1023,265,MoveLeft,1677,265,None
10473,1023,265,None,1684,265,MoveRight
10474,1016,265,MoveLeft,1684,265,None
10474,1016,265,None,1691,265,MoveRight
10475,1009,265,MoveLeft,1691,265,None
10475,1009,265,None,1698,265,MoveRight
10476,1002,265,MoveLeft,1698,265,None
10476,1002,265,None,1705,265,MoveRight
10477,995,265,MoveLeft,1705,265,None
10477,995,265,None,1712,265,MoveRight
10478,988,265,MoveLeft,1712,265,None
10478,988,265,None,1719,265,MoveRight
10479,981,265,MoveLeft,1719,265,None
10479,981,265,None,1726,265,MoveRight
10480,974,265,MoveLeft,1726,265,None
10480,974,265,None,1726,265,None
10481,967,265,MoveLeft,1726,265,None
10481,967,265,None,1726,265,None
10482,960,265,MoveLeft,1726,265,None
10482,960,265,None,1726,265,None
10483,953,265,MoveLeft,1726,265,None
10483,953,265,None,1726,265,None
10484,946,265,MoveLeft,1726,265,None
10484,946,265,None,1726,265,None
10485,939,265,MoveLeft,1726,265,None
10485,939,265,None,1726,265,None
10486,932,265,MoveLeft,1726,265,None
10486,932,265,None,1726,265,None
10487,925,265,MoveLeft,1726,265,None
10487,925,265,None,1726,265,None
10488,918,265,MoveLeft,1726,265,None
10488,918,265,None,1726,265,None
10489,911,265,MoveLeft,1726,265,None
10489,911,265,None,1726,265,None
10490,904,265,MoveLeft,1726,265,None
10490,904,265,None,1726,265,None
10491,897,265,MoveLeft,1726,265,None
10491,897,265,None,1726,265,None
10492,890,265,MoveLeft,1726,265,None
10492,890,265,None,1726,265,None
10493,883,265,MoveLeft,1726,265,None
10493,883,265,None,1726,265,None
10494,876,265,MoveLeft,1726,265,None
10494,876,265,None,1726,265,None
10495,869,265,MoveLeft,1726,265,None
10495,869,265,None,1726,265,None
10496,862,265,MoveLeft,1726,265,None
10496,862,265,None,1726,265,None
10497,855,265,MoveLeft,1726,265,None
10497,855,265,None,1726,265,None
10498,848,265,MoveLeft,1726,265,None
10498,848,265,None,1726,265,None
10499,841,265,MoveLeft,1726,265,None
10499,841,265,None,1726,265,None
10500,834,265,MoveLeft,1726,265,None
10500,834,265,None,1726,265,None
10501,827,265,MoveLeft,1726,265,None
10501,827,265,None,1726,265,None
10502,820,265,MoveLeft,1726,265,None
10502,820,265,None,1726,265,None
10503,813,265,MoveLeft,1726,265,None
10503,813,265,None,1726,265,None
10504,806,265,MoveLeft,1726,265,None
10504,806,265,None,1726,265,None
10505,799,265,MoveLeft,1726,265,None
10505,799,265,None,1726,265,None
10506,792,265,MoveLeft,1726,265,None
10506,792,265,None,1726,265,None
10507,785,265,MoveLeft,1726,265,None
10507,785,265,None,1726,265,None
10508,778,265,MoveLeft,1726,265,None
10508,778,265,None,1726,265,None
10509,771,265,MoveLeft,1726,265,None
10509,771,265,None,1726,265,None
10510,771,265,Set,1726,265,None
10510,764,265,MoveLeft,1726,265,None
10510,764,265,None,1726,265,None
10531,771,265,MoveRight,1726,265,None
10532,778,265,MoveRight,1726,265,None
10533,785,265,MoveRight,1726,265,None
10534,792,265,MoveRight,1726,265,None
10535,799,265,MoveRight,1726,265,None
10536,806,265,MoveRight,1726,265,None
10537,813,265,MoveRight,1726,265,None
10538,820,265,MoveRight,1726,265,None
10539,827,265,MoveRight,1726,265,None
10540,834,265,MoveRight,1726,265,None
10541,841,265,MoveRight,1726,265,None
10542,848,265,MoveRight,1726,265,None
10543,855,265,MoveRight,1726,265,None
10544,862,265,MoveRight,1726,265,None
10553,855,265,MoveLeft,1726,265,None
10554,851.5,284.62,MoveLeft,1726,265,None
10555,848,304.24,MoveLeft,1726,265,None
10556,844.5,314.05,MoveLeft,1726,265,None
10557,841,323.86,MoveLeft,1726,265,None
10558,837.5,333.67,MoveLeft,1726,265,None
10559,834,343.48,MoveLeft,1726,265,None
10560,830.5,353.29,MoveLeft,1726,265,None
10561,827,363.1,MoveLeft,1726,265,None
10562,823.5,372.91,MoveLeft,1726,265,None
10563,820,382.72,MoveLeft,1726,265,None
10564,816.5,392.53,MoveLeft,1726,265,None
10595,816.5,461.2,None,1726,265,None
10619,816.5,284.62,None,1726,265,None
10632,816.5,421.96,None,1726,265,None
10687,1157,265,MoveRight,2410,265,None
10688,1164,265,MoveRight,2410,265,None
10689,1171,265,MoveRight,2410,265,None
10690,1178,265,MoveRight,2410,265,None
10691,1185,265,MoveRight,2410,265,None
10692,1192,265,MoveRight,2410,265,None
10693,1199,265,MoveRight,2410,265,None
10694,1206,265,MoveRight,2410,265,None
10695,1213,265,MoveRight,2410,265,None
10696,1220,265,MoveRight,2410,265,None
10697,1227,265,MoveRight,2410,265,None
10698,1227,265,None,2410,265,Serve
10698,1234,265,MoveRight,2410,265,None
10698,1234,265,None,2410,265,None
10699,1241,265,MoveRight,2410,265,None
10700,1248,265,MoveRight,2410,265,None
10701,1255,265,MoveRight,2410,265,None
10702,1262,265,MoveRight,2410,265,None
10703,1269,265,MoveRight,2410,265,None
10704,1276,265,MoveRight,2410,265,None
10705,1283,265,MoveRight,2410,265,None
10706,1290,265,MoveRight,2410,265,None
10707,1297,265,MoveRight,2410,265,None
10708,1304,265,MoveRight,2410,265,None
10709,1311,265,MoveRight,2410,265,None
10710,1318,265,MoveRight,2410,265,None
10711,1325,265,MoveRight,2410,265,None
10717,1319,265,MoveLeft,2410,265,None
10717,1319,265,None,2403,265,MoveLeft
10718,1312,265,MoveLeft,2403,265,None
10718,1312,265,None,2396,265,MoveLeft
10719,1305,265,MoveLeft,2396,265,None
10719,1305,265,None,2389,265,MoveLeft
10720,1298,265,MoveLeft,2389,265,None
10720,1298,265,None,2382,265,MoveLeft
10721,1291,265,MoveLeft,2382,265,None
10721,1291,265,None,2375,265,MoveLeft
10722,1284,265,MoveLeft,2375,265,None
10722,1284,265,None,2368,265,MoveLeft
10723,1277,265,MoveLeft,2368,265,None
10723,1277,265,None,2361,265,MoveLeft
10724,1270,265,MoveLeft,2361,265,None
10724,1270,265,None,2354,265,MoveLeft
10725,1263,265,MoveLeft,2354,265,None
10725,1263,265,None,2347,265,MoveLeft
10726,1256,265,MoveLeft,2347,265,None
10726,1256,265,None,2340,265,MoveLeft
10727,1249,265,MoveLeft,2340,265,None
10727,1249,265,None,2333,265,MoveLeft
10728,1242,265,MoveLeft,2333,265,None
10728,1242,265,None,2326,265,MoveLeft
10729,1235,265,MoveLeft,2326,265,None
10729,1235,265,None,2319,265,MoveLeft
10730,1228,265,MoveLeft,2319,265,None
10730,1228,265,None,2312,265,MoveLeft
10731,1221,265,MoveLeft,2312,265,None
10731,1221,265,None,2305,265,MoveLeft
10732,1214,265,MoveLeft,2305,265,None
10732,1214,265,None,2298,265,MoveLeft
10733,1207,265,MoveLeft,2298,265,None
10733,1207,265,None,2291,265,MoveLeft
10734,1200,265,MoveLeft,2291,265,None
10734,1200,265,None,2284,265,MoveLeft
10735,1193,265,MoveLeft,2284,265,None
10735,1193,265,None,2277,265,MoveLeft
10736,1186,265,MoveLeft,2277,265,None
10736,1186,265,None,2270,265,MoveLeft
10737,1179,265,MoveLeft,2270,265,None
10737,1179,265,None,2263,265,MoveLeft
10738,1172,265,MoveLeft,2263,265,None
10738,1172,265,None,2256,265,MoveLeft
10739,1165,265,MoveLeft,2256,265,None
10739,1165,265,None,2249,265,MoveLeft
10740,1158,265,MoveLeft,2249,265,None
10740,1158,265,None,2242,265,MoveLeft
10741,1151,265,MoveLeft,2242,265,None
10741,1151,265,None,2235,265,MoveLeft
10742,1144,265,MoveLeft,2235,265,None
10742,1144,265,None,2228,265,MoveLeft
10743,1137,265,MoveLeft,2228,265,None
10743,1137,265,None,2221,265,MoveLeft
10744,1130,265,MoveLeft,2221,265,None
10744,1130,265,None,2214,265,MoveLeft
10745,1123,265,MoveLeft,2214,265,None
10745,1123,265,None,2207,265,MoveLeft
10746,1116,265,MoveLeft,2207,265,None
10746,1116,265,None,2200,265,MoveLeft
10747,1109,265,MoveLeft,2200,265,None
10747,1109,265,None,2193,265,MoveLeft
10748,1102,265,MoveLeft,2193,265,None
10748,1102,265,None,2186,265,MoveLeft
10749,1095,265,MoveLeft,2186,265,None
10749,1095,265,None,2179,265,MoveLeft
10750,1088,265,MoveLeft,2179,265,None
10750,1088,265,None,2172,265,MoveLeft
10751,1081,265,MoveLeft,2172,265,None
10751,1081,265,None,2165,265,MoveLeft
10752,1074,265,MoveLeft,2165,265,None
10752,1074,265,None,2158,265,MoveLeft
10753,1067,265,MoveLeft,2158,265,None
10753,1067,265,None,2151,265,MoveLeft
10754,1060,265,MoveLeft,2151,265,None
10754,1060,265,None,2144,265,MoveLeft
10755,1053,265,MoveLeft,2144,265,None
10755,1053,265,None,2137,265,MoveLeft
10756,1046,265,MoveLeft,2137,265,None
10756,1046,265,None,2130,265,MoveLeft
10757,1039,265,MoveLeft,2130,265,None
10757,1039,265,None,2123,265,MoveLeft
10758,1032,265,MoveLeft,2123,265,None
10758,1032,265,None,2116,265,MoveLeft
10759,1025,265,MoveLeft,2116,265,None
10759,1025,265,None,2109,265,MoveLeft
10760,1018,265,MoveLeft,2109,265,None
10760,1018,265,None,2102,265,MoveLeft
10761,1011,265,MoveLeft,2102,265,None
10761,1011,265,None,2095,265,MoveLeft
10762,1004,265,MoveLeft,2095,265,None
10762,1004,265,None,2088,265,MoveLeft
10763,997,265,MoveLeft,2088,265,None
10763,997,265,None,2081,265,MoveLeft
10764,990,265,MoveLeft,2081,265,None
10764,990,265,None,2074,265,MoveLeft
10765,983,265,MoveLeft,2074,265,None
10765,983,265,None,2067,265,MoveLeft
10766,976,265,MoveLeft,2067,265,None
10766,976,265,None,2060,265,MoveLeft
10767,969,265,MoveLeft,2060,265,None
10767,969,265,None,2053,265,MoveLeft
10768,969,265,Bump,2053,265,None
10768,962,265,MoveLeft,2053,265,None
10768,962,265,None,2046,265,MoveLeft
10769,962,265,None,2039,265,MoveLeft
10770,962,265,None,2032,265,MoveLeft
10771,962,265,None,2025,265,MoveLeft
10772,962,265,None,2018,265,MoveLeft
10773,962,265,None,2011,265,MoveLeft
10774,962,265,None,2004,265,MoveLeft
10775,962,265,None,1997,265,MoveLeft
10776,962,265,None,1990,265,MoveLeft
10777,962,265,None,1983,265,MoveLeft
10778,962,265,None,1976,265,MoveLeft
10779,962,265,None,1969,265,MoveLeft
10780,962,265,None,1962,265,MoveLeft
10781,962,265,None,1955,265,MoveLeft
10782,962,265,None,1948,265,MoveLeft
10783,962,265,None,1941,265,MoveLeft
10784,962,265,None,1934,265,MoveLeft
10785,962,265,None,1927,265,MoveLeft
10786,962,265,None,1920,265,MoveLeft
10787,962,265,None,1913,265,MoveLeft
10788,969,265,MoveRight,1913,265,None
10788,969,265,None,1906,265,MoveLeft
10789,976,265,MoveRight,1906,265,None
10789,976,265,None,1899,265,MoveLeft
10790,983,265,MoveRight,1899,265,None
10790,983,265,None,1892,265,MoveLeft
10791,990,265,MoveRight,1892,265,None
10791,990,265,None,1885,265,MoveLeft
10792,997,265,MoveRight,1885,265,None
10792,997,265,None,1878,265,MoveLeft
10793,1004,265,MoveRight,1878,265,None
10793,1004,265,None,1871,265,MoveLeft
10794,1011,265,MoveRight,1871,265,None
10794,1011,265,None,1864,265,MoveLeft
10795,1018,265,MoveRight,1864,265,None
10795,1018,265,None,1857,265,MoveLeft
10796,1025,265,MoveRight,1857,265,None
10796,1025,265,None,1850,265,MoveLeft
10797,1032,265,MoveRight,1850,265,None
10797,1032,265,None,1843,265,MoveLeft
10798,1039,265,MoveRight,1843,265,None
10798,1039,265,None,1836,265,MoveLeft
10799,1046,265,MoveRight,1836,265,None
10799,1046,265,None,1829,265,MoveLeft
10800,1053,265,MoveRight,1829,265,None
10800,1053,265,None,1822,265,MoveLeft
10801,1060,265,MoveRight,1822,265,None
10801,1060,265,None,1815,265,MoveLeft
10802,1067,265,MoveRight,1815,265,None
10802,1067,265,None,1808,265,MoveLeft
10803,1074,265,MoveRight,1808,265,None
10803,1074,265,None,1801,265,MoveLeft
10804,1081,265,MoveRight,1801,265,None
10804,1081,265,None,1794,265,MoveLeft
10805,1088,265,MoveRight,1794,265,None
10805,1088,265,None,1787,265,MoveLeft
10806,1095,265,MoveRight,1787,265,None
10806,1095,265,None,1780,265,MoveLeft
10807,1102,265,MoveRight,1780,265,None
10807,1102,265,None,1773,265,MoveLeft
10808,1109,265,MoveRight,1773,265,None
10808,1109,265,None,1766,265,MoveLeft
10809,1109,265,None,1759,265,MoveLeft
10810,1109,265,None,1752,265,MoveLeft
10811,1109,265,None,1745,265,MoveLeft
10812,1109,265,None,1738,265,MoveLeft
10813,1109,265,None,1731,265,MoveLeft
10814,1109,265,None,1724,265,MoveLeft
10815,1109,265,None,1717,265,MoveLeft
10816,1109,265,None,1710,265,MoveLeft
10817,1109,265,None,1703,265,MoveLeft
10818,1109,265,None,1696,265,MoveLeft
10819,1109,265,None,1689,265,MoveLeft
10820,1109,265,None,1682,265,MoveLeft
10821,1109,265,None,1675,265,MoveLeft
10822,1109,265,None,1668,265,MoveLeft
10823,1109,265,None,1661,265,MoveLeft
10824,1109,265,None,1654,265,MoveLeft
10825,1109,265,None,1647,265,MoveLeft
10826,1109,265,None,1640,265,MoveLeft
10827,1109,265,None,1633,265,MoveLeft
10828,1109,265,None,1626,265,MoveLeft
10829,1109,265,None,1619,265,MoveLeft
10830,1109,265,None,1612,265,MoveLeft
10831,1109,265,None,1605,265,MoveLeft
10832,1109,265,None,1598,265,MoveLeft
10833,1109,265,None,1591,265,MoveLeft
10834,1109,265,None,1584,265,MoveLeft
10835,1109,265,None,1577,265,MoveLeft
10836,1109,265,None,1570,265,MoveLeft
10837,1109,265,None,1563,265,MoveLeft
10838,1109,265,None,1556,265,MoveLeft
10839,1109,265,None,1549,265,MoveLeft
10840,1109,265,None,1542,265,MoveLeft
10841,1109,265,None,1535,265,MoveLeft
10842,1109,265,None,1528,265,MoveLeft
10843,1109,265,None,1521,265,MoveLeft
10844,1109,265,None,1514,265,MoveLeft
10845,1109,265,None,1507,265,MoveLeft
10846,1109,265,None,1500,265,MoveLeft
10847,1109,265,None,1493,265,MoveLeft
10848,1109,265,None,1486,265,MoveLeft
10849,1109,265,None,1479,265,MoveLeft
10867,1109,265,None,1479,265,SpikeLight
10867,1109,265,None,1479,265,None
10878,1109,265,None,1486,265,MoveRight
10879,1109,265,None,1493,265,MoveRight
10880,1109,265,None,1500,265,MoveRight
10881,1109,265,None,1507,265,MoveRight
10882,1109,265,None,1514,265,MoveRight
10883,1109,265,None,1521,265,MoveRight
10884,1109,265,None,1528,265,MoveRight
10885,1109,265,None,1535,265,MoveRight
10886,1109,265,None,1542,265,MoveRight
10887,1109,265,None,1549,265,MoveRight
10888,1102,265,MoveLeft,1549,265,None
10888,1102,265,None,1556,265,MoveRight
10889,1095,265,MoveLeft,1556,265,None
10889,1095,265,None,1563,265,MoveRight
10890,1088,265,MoveLeft,1563,265,None
10890,1088,265,None,1570,265,MoveRight
10891,1081,265,MoveLeft,1570,265,None
10891,1081,265,None,1577,265,MoveRight
10892,1074,265,MoveLeft,1577,265,None
10892,1074,265,None,1584,265,MoveRight
10893,1067,265,MoveLeft,1584,265,None
10893,1067,265,None,1591,265,MoveRight
10894,1060,265,MoveLeft,1591,265,None
10894,1060,265,None,1598,265,MoveRight
10895,1053,265,MoveLeft,1598,265,None
10895,1053,265,None,1605,265,MoveRight
10896,1046,265,MoveLeft,1605,265,None
10896,1046,265,None,1612,265,MoveRight
10897,1039,265,MoveLeft,1612,265,None
10897,1039,265,None,1619,265,MoveRight
10898,1032,265,MoveLeft,1619,265,None
10898,1032,265,None,1626,265,MoveRight
10899,1025,265,MoveLeft,1626,265,None
10899,1025,265,None,1633,265,MoveRight
10900,1018,265,MoveLeft,1633,265,None
10900,1018,265,None,1640,265,MoveRight
10901,1011,265,MoveLeft,1640,265,None
10901,1011,265,None,1647,265,MoveRight
10902,1004,265,MoveLeft,1647,265,None
10902,1004,265,None,1654,265,MoveRight
10903,997,265,MoveLeft,1654,265,None
10903,997,265,None,1661,265,MoveRight
10904,997,265,None,1668,265,MoveRight
10905,997,265,None,1675,265,MoveRight
10906,997,265,None,1682,265,MoveRight
10907,997,265,None,1689,265,MoveRight
10908,997,265,None,1696,265,MoveRight
10909,997,265,None,1703,265,MoveRight
10910,997,265,None,1710,265,MoveRight
10911,997,265,None,1717,265,MoveRight
10912,997,265,None,1724,265,MoveRight
10913,997,265,None,1724,265,None
10914,1004,265,MoveRight,1724,265,None
10914,1004,265,None,1724,265,None
10915,1011,265,MoveRight,1724,265,None
10915,1011,265,None,1724,265,None
10916,1018,265,MoveRight,1724,265,None
10916,1018,265,None,1724,265,None
10917,1025,265,MoveRight,1724,265,None
10917,1025,265,None,1724,265,None
10918,1032,265,MoveRight,1724,265,None
10918,1032,265,None,1724,265,None
10919,1039,265,MoveRight,1724,265,None
10919,1039,265,None,1724,265,None
10920,1046,265,MoveRight,1724,265,None
10920,1046,265,None,1724,265,None
10921,1053,265,MoveRight,1724,265,None
10921,1053,265,None,1724,265,None
10922,1060,265,MoveRight,1724,265,None
10922,1060,265,None,1724,265,None
10923,1067,265,MoveRight,1724,265,None
10923,1067,265,None,1724,265,None
10924,1070.5,284.62,MoveRight,1724,265,None
10924,1070.5,284.62,None,1724,265,None
10925,1074,304.24,MoveRight,1724,265,None
10925,1074,304.24,None,1724,265,None
10926,1077.5,314.05,MoveRight,1724,265,None
10926,1077.5,314.05,None,1724,265,None
10927,1081,323.86,MoveRight,1724,265,None
10927,1081,323.86,None,1724,265,None
10928,1084.5,333.67,MoveRight,1724,265,None
10928,1084.5,333.67,None,1724,265,None
10929,1088,343.48,MoveRight,1724,265,None
10929,1088,343.48,None,1724,265,None
10930,1091.5,353.29,MoveRight,1724,265,None
10930,1091.5,353.29,None,1724,265,None
10931,1095,363.1,MoveRight,1724,265,None
10931,1095,363.1,None,1724,265,None
10932,1153.5,284.62,MoveRight,2410,265,None
10933,1157,304.24,MoveRight,2410,265,None
10934,1160.5,314.05,MoveRight,2410,265,None
10935,1164,323.86,MoveRight,2410,265,None
10936,1167.5,333.67,MoveRight,2410,265,None
10937,1171,343.48,MoveRight,2410,265,None
10938,1174.5,353.29,MoveRight,2410,265,None
10939,1178,363.1,MoveRight,2410,265,None
10940,1181.5,372.91,MoveRight,2410,265,None
10941,1185,382.72,MoveRight,2410,265,None
10942,1188.5,392.53,MoveRight,2410,265,None
10943,1192,402.34,MoveRight,2410,265,None
10969,1188.5,343.48,MoveLeft,2410,265,None
10970,1185,333.67,MoveLeft,2410,265,None
10971,1181.5,323.86,MoveLeft,2410,265,None
10972,1178,314.05,MoveLeft,2410,265,None
10973,1174.5,304.24,MoveLeft,2410,265,None
10974,1171,294.43,MoveLeft,2410,265,None
10975,1167.5,284.62,MoveLeft,2410,265,None
10976,1164,274.81,MoveLeft,2410,265,None
10977,1157,265,MoveLeft,2410,265,None
10978,1150,265,MoveLeft,2410,265,None
10979,1143,265,MoveLeft,2410,265,None
10980,1136,265,MoveLeft,2410,265,None
10981,1129,265,MoveLeft,2410,265,None
10982,1129,265,None,2410,265,Serve
10982,1122,265,MoveLeft,2410,265,None
10982,1122,265,None,2410,265,None
11001,1122,265,None,2403,265,MoveLeft
11002,1122,265,None,2396,265,MoveLeft
11003,1122,265,None,2389,265,MoveLeft
11004,1122,265,None,2382,265,MoveLeft
11005,1122,265,None,2375,265,MoveLeft
11006,1122,265,None,2368,265,MoveLeft
11007,1122,265,None,2361,265,MoveLeft
11008,1122,265,None,2354,265,MoveLeft
11009,1122,265,None,2347,265,MoveLeft
11010,1122,265,None,2340,265,MoveLeft
11011,1122,265,None,2333,265,MoveLeft
11012,1122,265,None,2326,265,MoveLeft
11013,1122,265,None,2319,265,MoveLeft
11014,1122,265,None,2312,265,MoveLeft
11015,1122,265,None,2305,265,MoveLeft
11016,1122,265,None,2298,265,MoveLeft
11017,1122,265,None,2291,265,MoveLeft
11018,1122,265,None,2284,265,MoveLeft
11019,1122,265,None,2277,265,MoveLeft
11020,1122,265,None,2270,265,MoveLeft
11021,1115,265,MoveLeft,2270,265,None
11021,1115,265,None,2263,265,MoveLeft
11022,1108,265,MoveLeft,2263,265,None
11022,1108,265,None,2256,265,MoveLeft
11023,1101,265,MoveLeft,2256,265,None
11023,1101,265,None,2249,265,MoveLeft
11024,1094,265,MoveLeft,2249,265,None
11024,1094,265,None,2242,265,MoveLeft
11025,1087,265,MoveLeft,2242,265,None
11025,1087,265,None,2235,265,MoveLeft
11026,1080,265,MoveLeft,2235,265,None
11026,1080,265,None,2228,265,MoveLeft
11027,1073,265,MoveLeft,2228,265,None
11027,1073,265,None,2221,265,MoveLeft
11028,1066,265,MoveLeft,2221,265,None
11028,1066,265,None,2214,265,MoveLeft
11029,1059,265,MoveLeft,2214,265,None
11029,1059,265,None,2207,265,MoveLeft
11030,1052,265,MoveLeft,2207,265,None
11030,1052,265,None,2200,265,MoveLeft
11031,1045,265,MoveLeft,2200,265,None
11031,1045,265,None,2193,265,MoveLeft
11032,1038,265,MoveLeft,2193,265,None
11032,1038,265,None,2186,265,MoveLeft
11033,1031,265,MoveLeft,2186,265,None
11033,1031,265,None,2179,265,MoveLeft
11034,1024,265,MoveLeft,2179,265,None
11034,1024,265,None,2172,265,MoveLeft
11035,1017,265,MoveLeft,2172,265,None
11035,1017,265,None,2165,265,MoveLeft
11036,1010,265,MoveLeft,2165,265,None
11036,1010,265,None,2158,265,MoveLeft
11037,1003,265,MoveLeft,2158,265,None
11037,1003,265,None,2151,265,MoveLeft
11038,996,265,MoveLeft,2151,265,None
11038,996,265,None,2144,265,MoveLeft
11039,989,265,MoveLeft,2144,265,None
11039,989,265,None,2137,265,MoveLeft
11040,982,265,MoveLeft,2137,265,None
11040,982,265,None,2130,265,MoveLeft
11041,975,265,MoveLeft,2130,265,None
11041,975,265,None,2123,265,MoveLeft
11042,968,265,MoveLeft,2123,265,None
11042,968,265,None,2116,265,MoveLeft
11043,961,265,MoveLeft,2116,265,None
11043,961,265,None,2109,265,MoveLeft
11044,954,265,MoveLeft,2109,265,None
11044,954,265,None,2102,265,MoveLeft
11045,947,265,MoveLeft,2102,265,None
11045,947,265,None,2095,265,MoveLeft
11046,940,265,MoveLeft,2095,265,None
11046,940,265,None,2088,265,MoveLeft
11047,933,265,MoveLeft,2088,265,None
11047,933,265,None,2081,265,MoveLeft
11048,933,265,None,2074,265,MoveLeft
11049,933,265,None,2067,265,MoveLeft
11050,933,265,None,2060,265,MoveLeft
11051,933,265,Set,2060,265,None
11051,933,265,None,2060,265,None
11051,933,265,None,2053,265,MoveLeft
11052,933,265,None,2046,265,MoveLeft
11053,933,265,None,2039,265,MoveLeft
11054,933,265,None,2032,265,MoveLeft
11055,933,265,None,2025,265,MoveLeft
11056,933,265,None,2018,265,MoveLeft
11057,933,265,None,2011,265,MoveLeft
11058,933,265,None,2004,265,MoveLeft
11059,933,265,None,1997,265,MoveLeft
11060,933,265,None,1990,265,MoveLeft
11061,933,265,None,1983,265,MoveLeft
11062,933,265,None,1976,265,MoveLeft
11063,933,265,None,1969,265,MoveLeft
11064,940,265,MoveRight,1969,265,None
11064,940,265,None,1962,265,MoveLeft
11065,947,265,MoveRight,1962,265,None
11065,947,265,None,1955,265,MoveLeft
11066,954,265,MoveRight,1955,265,None
11066,954,265,None,1948,265,MoveLeft
11067,961,265,MoveRight,1948,265,None
11067,961,265,None,1941,265,MoveLeft
11068,968,265,MoveRight,1941,265,None
11068,968,265,None,1934,265,MoveLeft
11069,975,265,MoveRight,1934,265,None
11069,975,265,None,1927,265,MoveLeft
11070,982,265,MoveRight,1927,265,None
11070,982,265,None,1920,265,MoveLeft
11071,989,265,MoveRight,1920,265,None
11071,989,265,None,1913,265,MoveLeft
11072,996,265,MoveRight,1913,265,None
11072,996,265,None,1906,265,MoveLeft
11073,1003,265,MoveRight,1906,265,None
11073,1003,265,None,1899,265,MoveLeft
11074,1010,265,MoveRight,1899,265,None
11074,1010,265,None,1892,265,MoveLeft
11075,1017,265,MoveRight,1892,265,None
11075,1017,265,None,1885,265,MoveLeft
11076,1024,265,MoveRight,1885,265,None
11076,1024,265,None,1878,265,MoveLeft
11077,1031,265,MoveRight,1878,265,None
11077,1031,265,None,1871,265,MoveLeft
11078,1038,265,MoveRight,1871,265,None
11078,1038,265,None,1864,265,MoveLeft
11079,1045,265,MoveRight,1864,265,None
11079,1045,265,None,1857,265,MoveLeft
11080,1052,265,MoveRight,1857,265,None
11080,1052,265,None,1850,265,MoveLeft
11081,1059,265,MoveRight,1850,265,None
11081,1059,265,None,1843,265,MoveLeft
11082,1066,265,MoveRight,1843,265,None
11082,1066,265,None,1836,265,MoveLeft
11083,1073,265,MoveRight,1836,265,None
11083,1073,265,None,1829,265,MoveLeft
11084,1080,265,MoveRight,1829,265,None
11084,1080,265,None,1822,265,MoveLeft
11085,1080,265,None,1815,265,MoveLeft
11086,1080,265,None,1808,265,MoveLeft
11087,1080,265,None,1801,265,MoveLeft
11088,1080,265,None,1794,265,MoveLeft
11089,1080,265,None,1787,265,MoveLeft
11090,1080,265,None,1780,265,MoveLeft
11091,1073,265,MoveLeft,1780,265,None
11091,1073,265,None,1773,265,MoveLeft
11092,1066,265,MoveLeft,1773,265,None
11092,1066,265,None,1766,265,MoveLeft
11093,1059,265,MoveLeft,1766,265,None
11093,1059,265,None,1759,265,MoveLeft
11094,1052,265,MoveLeft,1759,265,None
11094,1052,265,None,1752,265,MoveLeft
11095,1045,265,MoveLeft,1752,265,None
11095,1045,265,None,1745,265,MoveLeft
11096,1038,265,MoveLeft,1745,265,None
11096,1038,265,None,1738,265,MoveLeft
11097,1031,265,MoveLeft,1738,265,None
11097,1031,265,None,1731,265,MoveLeft
11098,1024,265,MoveLeft,1731,265,None
11099,1017,265,MoveLeft,1731,265,None
11100,1010,265,MoveLeft,1731,265,None
11101,1003,265,MoveLeft,1731,265,None
11102,996,265,MoveLeft,1731,265,None
11103,989,265,MoveLeft,1731,265,None
11115,989,284.62,None,1731,265,None
11146,989,559.3,None,1731,265,None
11171,989,314.05,None,1731,265,None
11183,982,265,MoveLeft,1731,265,None
11184,975,265,MoveLeft,1731,265,None
11185,968,265,MoveLeft,1731,265,None
11186,961,265,MoveLeft,1731,265,None
11187,954,265,MoveLeft,1731,265,None
11188,947,265,MoveLeft,1731,265,None
11189,1143,265,MoveLeft,2410,265,None
11190,1136,265,MoveLeft,2410,265,None
11191,1129,265,MoveLeft,2410,265,None
11192,1122,265,MoveLeft,2410,265,None
11239,1122,265,None,2410,265,Serve
11239,1122,265,None,2410,265,None
11258,1122,265,None,2403,265,MoveLeft
11259,1122,265,None,2396,265,MoveLeft
11260,1122,265,None,2389,265,MoveLeft
11261,1122,265,None,2382,265,MoveLeft
11262,1122,265,None,2375,265,MoveLeft
11263,1122,265,None,2368,265,MoveLeft
11264,1122,265,None,2361,265,MoveLeft
11265,1122,265,None,2354,265,MoveLeft
11266,1122,265,None,2347,265,MoveLeft
11267,1122,265,None,2340,265,MoveLeft
11268,1122,265,None,2333,265,MoveLeft
11269,1122,265,None,2326,265,MoveLeft
11270,1122,265,None,2319,265,MoveLeft
11271,1115,265,MoveLeft,2319,265,None
11271,1115,265,None,2312,265,MoveLeft
11272,1108,265,MoveLeft,2312,265,None
11272,1108,265,None,2305,265,MoveLeft
11273,1101,265,MoveLeft,2305,265,None
11273,1101,265,None,2298,265,MoveLeft
11274,1094,265,MoveLeft,2298,265,None
11274,1094,265,None,2291,265,MoveLeft
11275,1087,265,MoveLeft,2291,265,None
11275,1087,265,None,2284,265,MoveLeft
11276,1080,265,MoveLeft,2284,265,None
11276,1080,265,None,2277,265,MoveLeft
11277,1073,265,MoveLeft,2277,265,None
11277,1073,265,None,2270,265,MoveLeft
11278,1066,265,MoveLeft,2270,265,None
11278,1066,265,None,2263,265,MoveLeft
11279,1059,265,MoveLeft,2263,265,None
11279,1059,265,None,2256,265,MoveLeft
11280,1052,265,MoveLeft,2256,265,None
11280,1052,265,None,2249,265,MoveLeft
11281,1045,265,MoveLeft,2249,265,None
11281,1045,265,None,2242,265,MoveLeft
11282,1038,265,MoveLeft,2242,265,None
11282,1038,265,None,2235,265,MoveLeft
11283,1031,265,MoveLeft,2235,265,None
11283,1031,265,None,2228,265,MoveLeft
11284,1024,265,MoveLeft,2228,265,None
11284,1024,265,None,2221,265,MoveLeft
11285,1017,265,MoveLeft,2221,265,None
11285,1017,265,None,2214,265,MoveLeft
11286,1010,265,MoveLeft,2214,265,None
11286,1010,265,None,2207,265,MoveLeft
11287,1003,265,MoveLeft,2207,265,None
11287,1003,265,None,2200,265,MoveLeft
11288,996,265,MoveLeft,2200,265,None
11288,996,265,None,2193,265,MoveLeft
11289,989,265,MoveLeft,2193,265,None
11289,989,265,None,2186,265,MoveLeft
11290,982,265,MoveLeft,2186,265,None
11290,982,265,None,2179,265,MoveLeft
11291,975,265,MoveLeft,2179,265,None
11291,975,265,None,2172,265,MoveLeft
11292,968,265,MoveLeft,2172,265,None
11292,968,265,None,2165,265,MoveLeft
11293,961,265,MoveLeft,2165,265,None
11293,961,265,None,2158,265,MoveLeft
11294,954,265,MoveLeft,2158,265,None
11294,954,265,None,2151,265,MoveLeft
11295,947,265,MoveLeft,2151,265,None
11295,947,265,None,2144,265,MoveLeft
11296,940,265,MoveLeft,2144,265,None
11296,940,265,None,2137,265,MoveLeft
11297,933,265,MoveLeft,2137,265,None
11297,933,265,None,2130,265,MoveLeft
11298,926,265,MoveLeft,2130,265,None
11298,926,265,None,2123,265,MoveLeft
11299,919,265,MoveLeft,2123,265,None
11299,919,265,None,2116,265,MoveLeft
11300,912,265,MoveLeft,2116,265,None
11300,912,265,None,2109,265,MoveLeft
11301,905,265,MoveLeft,2109,265,None
11301,905,265,None,2102,265,MoveLeft
11302,898,265,MoveLeft,2102,265,None
11302,898,265,None,2095,265,MoveLeft
11303,891,265,MoveLeft,2095,265,None
11303,891,265,None,2088,265,MoveLeft
11304,884,265,MoveLeft,2088,265,None
11304,884,265,None,2081,265,MoveLeft
11305,877,265,MoveLeft,2081,265,None
11305,877,265,None,2074,265,MoveLeft
11306,870,265,MoveLeft,2074,265,None
11306,870,265,None,2067,265,MoveLeft
11307,863,265,MoveLeft,2067,265,None
11307,863,265,None,2060,265,MoveLeft
11308,856,265,MoveLeft,2060,265,None
11308,856,265,None,2053,265,MoveLeft
11309,856,265,None,2046,265,MoveLeft
11310,856,265,None,2039,265,MoveLeft
11311,856,284.62,None,2039,265,None
11311,856,284.62,None,2032,265,MoveLeft
11312,856,304.24,None,2025,265,MoveLeft
11313,856,314.05,None,2018,265,MoveLeft
11314,856,323.86,None,2011,265,MoveLeft
11315,856,333.67,None,2004,265,MoveLeft
11327,1153.5,402.34,MoveRight,2410,265,None
11328,1157,412.15,MoveRight,2410,265,None
11329,1160.5,421.96,MoveRight,2410,265,None
11330,1164,431.77,MoveRight,2410,265,None
11331,1167.5,441.58,MoveRight,2410,265,None
11332,1171,451.39,MoveRight,2410,265,None
11333,1174.5,461.2,MoveRight,2410,265,None
11334,1178,471.01,MoveRight,2410,265,None
11335,1181.5,480.82,MoveRight,2410,265,None
11336,1185,490.63,MoveRight,2410,265,None
11337,1188.5,500.44,MoveRight,2410,265,None
11338,1192,510.25,MoveRight,2410,265,None
11339,1195.5,520.06,MoveRight,2410,265,None
11340,1199,529.87,MoveRight,2410,265,None
11346,1195.5,471.01,MoveLeft,2410,265,None
11347,1192,461.2,MoveLeft,2410,265,None
11348,1188.5,451.39,MoveLeft,2410,265,None
11349,1185,441.58,MoveLeft,2410,265,None
11350,1181.5,431.77,MoveLeft,2410,265,None
11351,1178,421.96,MoveLeft,2410,265,None
11352,1174.5,412.15,MoveLeft,2410,265,None
11353,1171,402.34,MoveLeft,2410,265,None
11354,1167.5,392.53,MoveLeft,2410,265,None
11355,1164,382.72,MoveLeft,2410,265,None
11356,1160.5,372.91,MoveLeft,2410,265,None
11357,1157,363.1,MoveLeft,2410,265,None
11358,1153.5,353.29,MoveLeft,2410,265,None
11359,1150,343.48,MoveLeft,2410,265,None
11360,1146.5,333.67,MoveLeft,2410,265,None
11361,1143,323.86,MoveLeft,2410,265,None
11362,1139.5,314.05,MoveLeft,2410,265,None
11363,1136,304.24,MoveLeft,2410,265,None
11364,1132.5,294.43,MoveLeft,2410,265,None
11365,1129,284.62,MoveLeft,2410,265,None
11366,1129,274.81,None,2410,265,Serve
11366,1125.5,274.81,MoveLeft,2410,265,None
11366,1125.5,274.81,None,2410,265,None
11367,1118.5,265,MoveLeft,2410,265,None
11368,1111.5,265,MoveLeft,2410,265,None
11369,1104.5,265,MoveLeft,2410,265,None
11370,1097.5,265,MoveLeft,2410,265,None
11371,1090.5,265,MoveLeft,2410,265,None
11372,1083.5,265,MoveLeft,2410,265,None
11373,1076.5,265,MoveLeft,2410,265,None
11374,1069.5,265,MoveLeft,2410,265,None
11375,1062.5,265,MoveLeft,2410,265,None
11376,1055.5,265,MoveLeft,2410,265,None
11377,1048.5,265,MoveLeft,2410,265,None
11378,1041.5,265,MoveLeft,2410,265,None
11379,1034.5,265,MoveLeft,2410,265,None
11380,1027.5,265,MoveLeft,2410,265,None
11381,1020.5,265,MoveLeft,2410,265,None
11382,1013.5,265,MoveLeft,2410,265,None
11383,1006.5,265,MoveLeft,2410,265,None
11384,999.5,265,MoveLeft,2410,265,None
11385,992.5,265,MoveLeft,2410,265,None
11385,992.5,265,None,2403,265,MoveLeft
11386,985.5,265,MoveLeft,2403,265,None
11386,985.5,265,None,2396,265,MoveLeft
11387,978.5,265,MoveLeft,2396,265,None
11387,978.5,265,None,2389,265,MoveLeft
11388,971.5,265,MoveLeft,2389,265,None
11388,971.5,265,None,2382,265,MoveLeft
11389,964.5,265,MoveLeft,2382,265,None
11389,964.5,265,None,2375,265,MoveLeft
11390,957.5,265,MoveLeft,2375,265,None
11390,957.5,265,None,2368,265,MoveLeft
11391,950.5,265,MoveLeft,2368,265,None
11391,950.5,265,None,2361,265,MoveLeft
11392,943.5,265,MoveLeft,2361,265,None
11392,943.5,265,None,2354,265,MoveLeft
11393,936.5,265,MoveLeft,2354,265,None
11393,936.5,265,None,2347,265,MoveLeft
11394,929.5,265,MoveLeft,2347,265,None
11394,929.5,265,None,2340,265,MoveLeft
11395,929.5,265,None,2333,265,MoveLeft
11396,929.5,265,None,2326,265,MoveLeft
11397,929.5,265,None,2319,265,MoveLeft
11398,929.5,265,None,2312,265,MoveLeft
11399,929.5,265,None,2305,265,MoveLeft
11400,929.5,265,None,2298,265,MoveLeft
11401,929.5,265,None,2291,265,MoveLeft
11402,929.5,265,None,2284,265,MoveLeft
11403,929.5,265,None,2277,265,MoveLeft
11404,936.5,265,MoveRight,2277,265,None
11404,936.5,265,None,2270,265,MoveLeft
11405,943.5,265,MoveRight,2270,265,None
11405,943.5,265,None,2263,265,MoveLeft
11406,950.5,265,MoveRight,2263,265,None
11406,950.5,265,None,2256,265,MoveLeft
11407,957.5,265,MoveRight,2256,265,None
11407,957.5,265,None,2249,265,MoveLeft
11408,964.5,265,MoveRight,2249,265,None
11408,964.5,265,None,2242,265,MoveLeft
11409,971.5,265,MoveRight,2242,265,None
11409,971.5,265,None,2235,265,MoveLeft
11410,978.5,265,MoveRight,2235,265,None
11410,978.5,265,None,2228,265,MoveLeft
11411,985.5,265,MoveRight,2228,265,None
11411,985.5,265,None,2221,265,MoveLeft
11412,985.5,265,None,2214,265,MoveLeft
11413,985.5,265,None,2207,265,MoveLeft
11414,985.5,265,None,2200,265,MoveLeft
11415,985.5,265,None,2193,265,MoveLeft
11416,985.5,265,None,2186,265,MoveLeft
11417,985.5,265,None,2179,265,MoveLeft
11418,978.5,265,MoveLeft,2179,265,None
11418,978.5,265,None,2172,265,MoveLeft
11419,971.5,265,MoveLeft,2172,265,None
11419,971.5,265,None,2165,265,MoveLeft
11420,964.5,265,MoveLeft,2165,265,None
11420,964.5,265,None,2158,265,MoveLeft
11421,957.5,265,MoveLeft,2158,265,None
11421,957.5,265,None,2151,265,MoveLeft
11422,950.5,265,MoveLeft,2151,265,None
11422,950.5,265,None,2144,265,MoveLeft
11423,943.5,265,MoveLeft,2144,265,None
11423,943.5,265,None,2137,265,MoveLeft
11424,936.5,265,MoveLeft,2137,265,None
11424,936.5,265,None,2130,265,MoveLeft
11425,929.5,265,MoveLeft,2130,265,None
11425,929.5,265,None,2123,265,MoveLeft
11426,922.5,265,MoveLeft,2123,265,None
11426,922.5,265,None,2116,265,MoveLeft
11427,915.5,265,MoveLeft,2116,265,None
11427,915.5,265,None,2109,265,MoveLeft
11428,908.5,265,MoveLeft,2109,265,None
11428,908.5,265,None,2102,265,MoveLeft
11429,901.5,265,MoveLeft,2102,265,None
11429,901.5,265,None,2095,265,MoveLeft
11430,894.5,265,MoveLeft,2095,265,None
11430,894.5,265,None,2088,265,MoveLeft
11431,887.5,265,MoveLeft,2088,265,None
11431,887.5,265,None,2081,265,MoveLeft
11432,887.5,265,None,2074,265,MoveLeft
11433,887.5,265,None,2067,265,MoveLeft
11434,887.5,265,None,2060,265,MoveLeft
11435,887.5,265,None,2053,265,MoveLeft
11436,887.5,265,None,2046,265,MoveLeft
11437,887.5,265,None,2039,265,MoveLeft
11438,887.5,265,Set,2039,265,None
11438,887.5,265,None,2039,265,None
11438,887.5,265,None,2032,265,MoveLeft
11439,887.5,265,None,2025,265,MoveLeft
11440,887.5,265,None,2018,265,MoveLeft
11441,887.5,265,None,2011,265,MoveLeft
11442,887.5,265,None,2004,265,MoveLeft
11443,887.5,265,None,1997,265,MoveLeft
11444,887.5,265,None,1990,265,MoveLeft
11445,887.5,265,None,1983,265,MoveLeft
11446,887.5,265,None,1976,265,MoveLeft
11447,887.5,265,None,1969,265,MoveLeft
11448,887.5,265,None,1962,265,MoveLeft
11449,887.5,265,None,1955,265,MoveLeft
11450,887.5,265,None,1948,265,MoveLeft
11451,887.5,265,None,1941,265,MoveLeft
11452,894.5,265,MoveRight,1941,265,None
11452,894.5,265,None,1934,265,MoveLeft
11453,901.5,265,MoveRight,1934,265,None
11453,901.5,265,None,1927,265,MoveLeft
11454,908.5,265,MoveRight,1927,265,None
11454,908.5,265,None,1920,265,MoveLeft
11455,915.5,265,MoveRight,1920,265,None
11455,915.5,265,None,1913,265,MoveLeft
11456,922.5,265,MoveRight,1913,265,None
11456,922.5,265,None,1906,265,MoveLeft
11457,929.5,265,MoveRight,1906,265,None
11457,929.5,265,None,1899,265,MoveLeft
11458,936.5,265,MoveRight,1899,265,None
11458,936.5,265,None,1892,265,MoveLeft
11459,943.5,265,MoveRight,1892,265,None
11459,943.5,265,None,1885,265,MoveLeft
11460,950.5,265,MoveRight,1885,265,None
11460,950.5,265,None,1878,265,MoveLeft
11461,957.5,265,MoveRight,1878,265,None
11461,957.5,265,None,1871,265,MoveLeft
11462,964.5,265,MoveRight,1871,265,None
11462,964.5,265,None,1864,265,MoveLeft
11463,971.5,265,MoveRight,1864,265,None
11463,971.5,265,None,1857,265,MoveLeft
11464,978.5,265,MoveRight,1857,265,None
11464,978.5,265,None,1850,265,MoveLeft
11465,985.5,265,MoveRight,1850,265,None
11465,985.5,265,None,1843,265,MoveLeft
11466,985.5,265,None,1836,265,MoveLeft
11467,985.5,265,None,1829,265,MoveLeft
11468,985.5,265,None,1822,265,MoveLeft
11469,985.5,265,None,1815,265,MoveLeft
11470,985.5,265,None,1808,265,MoveLeft
11471,978.5,265,MoveLeft,1808,265,None
11471,978.5,265,None,1801,265,MoveLeft
11472,971.5,265,MoveLeft,1801,265,None
11472,971.5,265,None,1794,265,MoveLeft
11473,964.5,265,MoveLeft,1794,265,None
11473,964.5,265,None,1787,265,MoveLeft
11474,957.5,265,MoveLeft,1787,265,None
11474,957.5,265,None,1780,265,MoveLeft
11475,950.5,265,MoveLeft,1780,265,None
11475,950.5,265,None,1773,265,MoveLeft
11476,943.5,265,MoveLeft,1773,265,None
11476,943.5,265,None,1766,265,MoveLeft
11477,936.5,265,MoveLeft,1766,265,None
11477,936.5,265,None,1759,265,MoveLeft
11478,929.5,265,MoveLeft,1759,265,None
11478,929.5,265,None,1752,265,MoveLeft
11479,922.5,265,MoveLeft,1752,265,None
11479,922.5,265,None,1745,265,MoveLeft
11480,915.5,265,MoveLeft,1745,265,None
11480,915.5,265,None,1738,265,MoveLeft
11481,908.5,265,MoveLeft,1738,265,None
11481,908.5,265,None,1731,265,MoveLeft
11482,901.5,265,MoveLeft,1731,265,None
11483,894.5,265,MoveLeft,1731,265,None
11484,887.5,265,MoveLeft,1731,265,None
11502,887.5,284.62,None,1731,265,None
11540,887.5,490.63,None,1731,265,None
11562,887.5,274.81,None,1731,265,None
11573,887.5,265,Set,1731,265,None
11573,887.5,265,None,1731,265,None
11607,894.5,265,MoveRight,1731,265,None
11608,901.5,265,MoveRight,1731,265,None
11609,908.5,265,MoveRight,1731,265,None
11610,915.5,265,MoveRight,1731,265,None
11611,922.5,265,MoveRight,1731,265,None
11612,929.5,265,MoveRight,1731,265,None
11613,936.5,265,MoveRight,1731,265,None
11614,943.5,265,MoveRight,1731,265,None
11615,950.5,265,MoveRight,1731,265,None
11616,957.5,265,MoveRight,1731,265,None
11617,964.5,265,MoveRight,1731,265,None
11638,964.5,284.62,None,1731,265,None
11676,964.5,490.63,None,1731,265,None
11702,964.5,265,Set,1731,265,None
11702,964.5,265,None,1731,265,None
11746,964.5,284.62,None,1731,265,None
11804,964.5,294.43,None,1731,265,None
11815,964.5,284.62,None,1731,265,None
11827,964.5,412.15,None,1731,265,None
11880,1143,265,MoveLeft,2410,265,None
11881,1136,265,MoveLeft,2410,265,None
11882,1129,265,MoveLeft,2410,265,None
11883,1122,265,MoveLeft,2410,265,None
11884,1115,265,MoveLeft,2410,265,None
11885,1108,265,MoveLeft,2410,265,None
11886,1101,265,MoveLeft,2410,265,None
11887,1094,265,MoveLeft,2410,265,None
11888,1087,265,MoveLeft,2410,265,None
11889,1087,265,None,2410,265,Serve
11889,1080,265,MoveLeft,2410,265,None
11889,1080,265,None,2410,265,None
11890,1073,265,MoveLeft,2410,265,None
11891,1066,265,MoveLeft,2410,265,None
11892,1059,265,MoveLeft,2410,265,None
11893,1052,265,MoveLeft,2410,265,None
11894,1045,265,MoveLeft,2410,265,None
11895,1038,265,MoveLeft,2410,265,None
11896,1031,265,MoveLeft,2410,265,None
11897,1024,265,MoveLeft,2410,265,None
11898,1017,265,MoveLeft,2410,265,None
11899,1010,265,MoveLeft,2410,265,None
11900,1003,265,MoveLeft,2410,265,None
11901,996,265,MoveLeft,2410,265,None
11902,989,265,MoveLeft,2410,265,None
11903,982,265,MoveLeft,2410,265,None
11904,975,265,MoveLeft,2410,265,None
11905,968,265,MoveLeft,2410,265,None
11906,961,265,MoveLeft,2410,265,None
11907,954,265,MoveLeft,2410,265,None
11908,947,265,MoveLeft,2410,265,None
11909,940,265,MoveLeft,2410,265,None
11909,940,265,None,2403,265,MoveLeft
11910,933,265,MoveLeft,2403,265,None
11910,933,265,None,2396,265,MoveLeft
11911,926,265,MoveLeft,2396,265,None
11911,926,265,None,2389,265,MoveLeft
11912,919,265,MoveLeft,2389,265,None
11912,919,265,None,2382,265,MoveLeft
11913,919,265,None,2375,265,MoveLeft
11914,919,265,None,2368,265,MoveLeft
11915,919,265,None,2361,265,MoveLeft
11916,919,265,None,2354,265,MoveLeft
11917,919,265,None,2347,265,MoveLeft
11918,919,265,None,2340,265,MoveLeft
11919,919,265,None,2333,265,MoveLeft
11920,919,265,None,2326,265,MoveLeft
11921,919,265,None,2319,265,MoveLeft
11922,919,265,None,2312,265,MoveLeft
11923,919,265,None,2305,265,MoveLeft
11924,919,265,None,2298,265,MoveLeft
11925,919,265,None,2291,265,MoveLeft
11926,919,265,None,2284,265,MoveLeft
11927,919,265,None,2277,265,MoveLeft
11928,919,265,None,2270,265,MoveLeft
11929,919,265,None,2263,265,MoveLeft
11930,919,265,None,2256,265,MoveLeft
11931,919,265,None,2249,265,MoveLeft
11932,919,265,None,2242,265,MoveLeft
11933,919,265,None,2235,265,MoveLeft
11934,919,265,None,2228,265,MoveLeft
11935,919,265,None,2221,265,MoveLeft
11936,919,265,None,2214,265,MoveLeft
11937,919,265,None,2207,265,MoveLeft
11938,919,265,None,2200,265,MoveLeft
11939,919,265,None,2193,265,MoveLeft
11940,919,265,None,2186,265,MoveLeft
11941,919,265,None,2179,265,MoveLeft
11942,919,265,None,2172,265,MoveLeft
11943,919,265,None,2165,265,MoveLeft
11944,919,265,None,2158,265,MoveLeft
11945,919,265,None,2151,265,MoveLeft
11946,919,265,None,2144,265,MoveLeft
11947,919,265,None,2137,265,MoveLeft
11948,919,265,None,2130,265,MoveLeft
11949,919,265,None,2123,265,MoveLeft
11950,919,265,None,2116,265,MoveLeft
11951,919,265,None,2109,265,MoveLeft
11952,919,265,None,2102,265,MoveLeft
11953,919,265,None,2095,265,MoveLeft
11954,919,265,None,2088,265,MoveLeft
11955,919,265,None,2081,265,MoveLeft
11956,919,265,None,2074,265,MoveLeft
11957,919,265,None,2067,265,MoveLeft
11958,919,284.62,None,2067,265,None
11958,919,284.62,None,2060,265,MoveLeft
11959,919,304.24,None,2053,265,MoveLeft
11960,919,314.05,None,2046,265,MoveLeft
11961,919,323.86,None,2039,265,MoveLeft
11962,919,333.67,None,2032,265,MoveLeft
11963,919,343.48,None,2025,265,MoveLeft
11964,919,353.29,None,2018,265,MoveLeft
11965,919,363.1,None,2011,265,MoveLeft
12016,1150,265,None,2410,265,Serve
12016,1150,265,None,2410,265,None
12036,1150,265,None,2403,265,MoveLeft
12037,1150,265,None,2396,265,MoveLeft
12038,1150,265,None,2389,265,MoveLeft
12039,1150,265,None,2382,265,MoveLeft
12040,1150,265,None,2375,265,MoveLeft
12041,1150,265,None,2368,265,MoveLeft
12042,1150,265,None,2361,265,MoveLeft
12043,1143,265,MoveLeft,2361,265,None
12043,1143,265,None,2354,265,MoveLeft
12044,1136,265,MoveLeft,2354,265,None
12044,1136,265,None,2347,265,MoveLeft
12045,1129,265,MoveLeft,2347,265,None
12045,1129,265,None,2340,265,MoveLeft
12046,1122,265,MoveLeft,2340,265,None
12046,1122,265,None,2333,265,MoveLeft
12047,1115,265,MoveLeft,2333,265,None
12047,1115,265,None,2326,265,MoveLeft
12048,1108,265,MoveLeft,2326,265,None
12048,1108,265,None,2319,265,MoveLeft
12049,1101,265,MoveLeft,2319,265,None
12049,1101,265,None,2312,265,MoveLeft
12050,1094,265,MoveLeft,2312,265,None
12050,1094,265,None,2305,265,MoveLeft
12051,1087,265,MoveLeft,2305,265,None
12051,1087,265,None,2298,265,MoveLeft
12052,1080,265,MoveLeft,2298,265,None
12052,1080,265,None,2291,265,MoveLeft
12053,1073,265,MoveLeft,2291,265,None
12053,1073,265,None,2284,265,MoveLeft
12054,1066,265,MoveLeft,2284,265,None
12054,1066,265,None,2277,265,MoveLeft
12055,1059,265,MoveLeft,2277,265,None
12055,1059,265,None,2270,265,MoveLeft
12056,1052,265,MoveLeft,2270,265,None
12056,1052,265,None,2263,265,MoveLeft
12057,1045,265,MoveLeft,2263,265,None
12057,1045,265,None,2256,265,MoveLeft
12058,1038,265,MoveLeft,2256,265,None
12058,1038,265,None,2249,265,MoveLeft
12059,1031,265,MoveLeft,2249,265,None
12059,1031,265,None,2242,265,MoveLeft
12060,1024,265,MoveLeft,2242,265,None
12060,1024,265,None,2235,265,MoveLeft
12061,1017,265,MoveLeft,2235,265,None
12061,1017,265,None,2228,265,MoveLeft
12062,1010,265,MoveLeft,2228,265,None
12062,1010,265,None,2221,265,MoveLeft
12063,1003,265,MoveLeft,2221,265,None
12063,1003,265,None,2214,265,MoveLeft
12064,996,265,MoveLeft,2214,265,None
12064,996,265,None,2207,265,MoveLeft
12065,989,265,MoveLeft,2207,265,None
12065,989,265,None,2200,265,MoveLeft
12066,982,265,MoveLeft,2200,265,None
12066,982,265,None,2193,265,MoveLeft
12067,975,265,MoveLeft,2193,265,None
12067,975,265,None,2186,265,MoveLeft
12068,968,265,MoveLeft,2186,265,None
12068,968,265,None,2179,265,MoveLeft
12069,961,265,MoveLeft,2179,265,None
12069,961,265,None,2172,265,MoveLeft
12070,954,265,MoveLeft,2172,265,None
12070,954,265,None,2165,265,MoveLeft
12071,947,265,MoveLeft,2165,265,None
12071,947,265,None,2158,265,MoveLeft
12072,940,265,MoveLeft,2158,265,None
12072,940,265,None,2151,265,MoveLeft
12073,933,265,MoveLeft,2151,265,None
12073,933,265,None,2144,265,MoveLeft
12074,926,265,MoveLeft,2144,265,None
12074,926,265,None,2137,265,MoveLeft
12075,919,265,MoveLeft,2137,265,None
12075,919,265,None,2130,265,MoveLeft
12076,912,265,MoveLeft,2130,265,None
12076,912,265,None,2123,265,MoveLeft
12077,905,265,MoveLeft,2123,265,None
12077,905,265,None,2116,265,MoveLeft
12078,898,265,MoveLeft,2116,265,None
12078,898,265,None,2109,265,MoveLeft
12079,891,265,MoveLeft,2109,265,None
12079,891,265,None,2102,265,MoveLeft
12080,884,265,MoveLeft,2102,265,None
12080,884,265,None,2095,265,MoveLeft
12081,877,265,MoveLeft,2095,265,None
12081,877,265,None,2088,265,MoveLeft
12082,870,265,MoveLeft,2088,265,None
12082,870,265,None,2081,265,MoveLeft
12083,863,265,MoveLeft,2081,265,None
12083,863,265,None,2074,265,MoveLeft
12084,856,265,MoveLeft,2074,265,None
12084,856,265,None,2067,265,MoveLeft
12085,856,265,None,2060,265,MoveLeft
12086,856,265,None,2053,265,MoveLeft
12087,856,265,None,2046,265,MoveLeft
12088,856,265,None,2039,265,MoveLeft
12089,856,265,Set,2039,265,None
12089,856,265,None,2039,265,None
12089,856,265,None,2032,265,MoveLeft
12090,856,265,None,2025,265,MoveLeft
12091,856,265,None,2018,265,MoveLeft
12092,856,265,None,2011,265,MoveLeft
12093,856,265,None,2004,265,MoveLeft
12094,856,265,None,1997,265,MoveLeft
12095,856,265,None,1990,265,MoveLeft
12096,856,265,None,1983,265,MoveLeft
12097,856,265,None,1976,265,MoveLeft
12098,856,265,None,1969,265,MoveLeft
12099,856,265,None,1962,265,MoveLeft
12100,856,265,None,1955,265,MoveLeft
12101,856,265,None,1948,265,MoveLeft
12102,856,265,None,1941,265,MoveLeft
12103,863,265,MoveRight,1941,265,None
12103,863,265,None,1934,265,MoveLeft
12104,870,265,MoveRight,1934,265,None
12104,870,265,None,1927,265,MoveLeft
12105,877,265,MoveRight,1927,265,None
12105,877,265,None,1920,265,MoveLeft
12106,884,265,MoveRight,1920,265,None
12106,884,265,None,1913,265,MoveLeft
12107,891,265,MoveRight,1913,265,None
12107,891,265,None,1906,265,MoveLeft
12108,898,265,MoveRight,1906,265,None
12108,898,265,None,1899,265,MoveLeft
12109,905,265,MoveRight,1899,265,None
12109,905,265,None,1892,265,MoveLeft
12110,912,265,MoveRight,1892,265,None
12110,912,265,None,1885,265,MoveLeft
12111,919,265,MoveRight,1885,265,None
12111,919,265,None,1878,265,MoveLeft
12112,926,265,MoveRight,1878,265,None
12112,926,265,None,1871,265,MoveLeft
12113,933,265,MoveRight,1871,265,None
12113,933,265,None,1864,265,MoveLeft
12114,940,265,MoveRight,1864,265,None
12114,940,265,None,1857,265,MoveLeft
12115,947,265,MoveRight,1857,265,None
12115,947,265,None,1850,265,MoveLeft
12116,954,265,MoveRight,1850,265,None
12116,954,265,None,1843,265,MoveLeft
12117,961,265,MoveRight,1843,265,None
12117,961,265,None,1836,265,MoveLeft
12118,968,265,MoveRight,1836,265,None
12118,968,265,None,1829,265,MoveLeft
12119,968,265,None,1822,265,MoveLeft
12120,968,265,None,1815,265,MoveLeft
12121,968,265,None,1808,265,MoveLeft
12122,968,265,None,1801,265,MoveLeft
12123,968,265,None,1794,265,MoveLeft
12124,968,265,None,1787,265,MoveLeft
12125,961,265,MoveLeft,1787,265,None
12125,961,265,None,1780,265,MoveLeft
12126,954,265,MoveLeft,1780,265,None
12126,954,265,None,1773,265,MoveLeft
12127,947,265,MoveLeft,1773,265,None
12127,947,265,None,1766,265,MoveLeft
12128,940,265,MoveLeft,1766,265,None
12128,940,265,None,1759,265,MoveLeft
12129,933,265,MoveLeft,1759,265,None
12129,933,265,None,1752,265,MoveLeft
12130,926,265,MoveLeft,1752,265,None
12130,926,265,None,1745,265,MoveLeft
12131,919,265,MoveLeft,1745,265,None
12131,919,265,None,1738,265,MoveLeft
12132,912,265,MoveLeft,1738,265,None
12132,912,265,None,1731,265,MoveLeft
12133,905,265,MoveLeft,1731,265,None
12134,898,265,MoveLeft,1731,265,None
12135,891,265,MoveLeft,1731,265,None
12136,884,265,MoveLeft,1731,265,None
12167,884,284.62,None,1731,265,None
12197,884,569.11,None,1731,265,None
12225,884,294.43,Spike,1731,265,None
12225,884,294.43,None,1731,265,None
12274,1143,265,MoveLeft,2410,265,None
12275,1136,265,MoveLeft,2410,265,None
12276,1129,265,MoveLeft,2410,265,None
12277,1122,265,MoveLeft,2410,265,None
12278,1115,265,MoveLeft,2410,265,None
12279,1115,265,None,2410,265,Serve
12279,1108,265,MoveLeft,2410,265,None
12279,1108,265,None,2410,265,None
12280,1101,265,MoveLeft,2410,265,None
12281,1094,265,MoveLeft,2410,265,None
12282,1087,265,MoveLeft,2410,265,None
12283,1080,265,MoveLeft,2410,265,None
12284,1073,265,MoveLeft,2410,265,None
12285,1066,265,MoveLeft,2410,265,None
12286,1059,265,MoveLeft,2410,265,None
12287,1052,265,MoveLeft,2410,265,None
12288,1045,265,MoveLeft,2410,265,None
12289,1038,265,MoveLeft,2410,265,None
12290,1031,265,MoveLeft,2410,265,None
12291,1024,265,MoveLeft,2410,265,None
12292,1017,265,MoveLeft,2410,265,None
12293,1010,265,MoveLeft,2410,265,None
12294,1003,265,MoveLeft,2410,265,None
12295,996,265,MoveLeft,2410,265,None
12296,989,265,MoveLeft,2410,265,None
12297,982,265,MoveLeft,2410,265,None
12298,975,265,MoveLeft,2410,265,None
12298,975,265,None,2403,265,MoveLeft
12299,968,265,MoveLeft,2403,265,None
12299,968,265,None,2396,265,MoveLeft
12300,961,265,MoveLeft,2396,265,None
12300,961,265,None,2389,265,MoveLeft
12301,954,265,MoveLeft,2389,265,None
12301,954,265,None,2382,265,MoveLeft
12302,947,265,MoveLeft,2382,265,None
12302,947,265,None,2375,265,MoveLeft
12303,940,265,MoveLeft,2375,265,None
12303,940,265,None,2368,265,MoveLeft
12304,933,265,MoveLeft,2368,265,None
12304,933,265,None,2361,265,MoveLeft
12305,926,265,MoveLeft,2361,265,None
12305,926,265,None,2354,265,MoveLeft
12306,919,265,MoveLeft,2354,265,None
12306,919,265,None,2347,265,MoveLeft
12307,912,265,MoveLeft,2347,265,None
12307,912,265,None,2340,265,MoveLeft
12308,905,265,MoveLeft,2340,265,None
12308,905,265,None,2333,265,MoveLeft
12309,898,265,MoveLeft,2333,265,None
12309,898,265,None,2326,265,MoveLeft
12310,891,265,MoveLeft,2326,265,None
12310,891,265,None,2319,265,MoveLeft
12311,884,265,MoveLeft,2319,265,None
12311,884,265,None,2312,265,MoveLeft
12312,877,265,MoveLeft,2312,265,None
12312,877,265,None,2305,265,MoveLeft
12313,870,265,MoveLeft,2305,265,None
12313,870,265,None,2298,265,MoveLeft
12314,863,265,MoveLeft,2298,265,None
12314,863,265,None,2291,265,MoveLeft
12315,856,265,MoveLeft,2291,265,None
12315,856,265,None,2284,265,MoveLeft
12316,849,265,MoveLeft,2284,265,None
12316,849,265,None,2277,265,MoveLeft
12317,842,265,MoveLeft,2277,265,None
12317,842,265,None,2270,265,MoveLeft
12318,842,265,None,2263,265,MoveLeft
12319,842,265,None,2256,265,MoveLeft
12320,842,265,None,2249,265,MoveLeft
12321,842,265,None,2242,265,MoveLeft
12322,842,265,None,2235,265,MoveLeft
12323,842,265,None,2228,265,MoveLeft
12324,842,265,None,2221,265,MoveLeft
12325,842,265,None,2214,265,MoveLeft
12326,842,265,None,2207,265,MoveLeft
12327,842,265,None,2200,265,MoveLeft
12328,842,265,None,2193,265,MoveLeft
12329,842,265,None,2186,265,MoveLeft
12330,842,265,None,2179,265,MoveLeft
12331,842,265,None,2172,265,MoveLeft
12332,842,265,None,2165,265,MoveLeft
12333,842,265,None,2158,265,MoveLeft
12334,842,265,None,2151,265,MoveLeft
12335,842,265,None,2144,265,MoveLeft
12336,842,265,None,2137,265,MoveLeft
12337,842,265,None,2130,265,MoveLeft
12338,842,265,None,2123,265,MoveLeft
12339,842,265,None,2116,265,MoveLeft
12340,842,265,None,2109,265,MoveLeft
12341,842,265,None,2102,265,MoveLeft
12342,842,265,None,2095,265,MoveLeft
12343,842,265,None,2088,265,MoveLeft
12344,842,265,None,2081,265,MoveLeft
12345,842,265,None,2074,265,MoveLeft
12346,842,265,None,2074,265,None
12346,842,265,None,2067,265,MoveLeft
12347,842,265,None,2060,265,MoveLeft
12348,842,265,None,2053,265,MoveLeft
12349,842,265,None,2046,265,MoveLeft
12350,842,265,None,2039,265,MoveLeft
12351,842,265,None,2032,265,MoveLeft
12352,842,265,None,2025,265,MoveLeft
12353,842,265,None,2018,265,MoveLeft
12354,842,265,None,2011,265,MoveLeft
12355,842,265,None,2004,265,MoveLeft
12406,1150,265,None,2410,265,Serve
12406,1150,265,None,2410,265,None
12426,1150,265,None,2403,265,MoveLeft
12427,1150,265,None,2396,265,MoveLeft
12428,1150,265,None,2389,265,MoveLeft
12429,1150,265,None,2382,265,MoveLeft
12430,1150,265,None,2375,265,MoveLeft
12431,1143,265,MoveLeft,2375,265,None
12431,1143,265,None,2368,265,MoveLeft
12432,1136,265,MoveLeft,2368,265,None
12432,1136,265,None,2361,265,MoveLeft
12433,1129,265,MoveLeft,2361,265,None
12433,1129,265,None,2354,265,MoveLeft
12434,1122,265,MoveLeft,2354,265,None
12434,1122,265,None,2347,265,MoveLeft
12435,1115,265,MoveLeft,2347,265,None
12435,1115,265,None,2340,265,MoveLeft
12436,1108,265,MoveLeft,2340,265,None
12436,1108,265,None,2333,265,MoveLeft
12437,1101,265,MoveLeft,2333,265,None
12437,1101,265,None,2326,265,MoveLeft
12438,1094,265,MoveLeft,2326,265,None
12438,1094,265,None,2319,265,MoveLeft
12439,1087,265,MoveLeft,2319,265,None
12439,1087,265,None,2312,265,MoveLeft
12440,1080,265,MoveLeft,2312,265,None
12440,1080,265,None,2305,265,MoveLeft
12441,1073,265,MoveLeft,2305,265,None
12441,1073,265,None,2298,265,MoveLeft
12442,1066,265,MoveLeft,2298,265,None
12442,1066,265,None,2291,265,MoveLeft
12443,1059,265,MoveLeft,2291,265,None
12443,1059,265,None,2284,265,MoveLeft
12444,1052,265,MoveLeft,2284,265,None
12444,1052,265,None,2277,265,MoveLeft
12445,1045,265,MoveLeft,2277,265,None
12445,1045,265,None,2270,265,MoveLeft
12446,1038,265,MoveLeft,2270,265,None
12446,1038,265,None,2263,265,MoveLeft
12447,1031,265,MoveLeft,2263,265,None
12447,1031,265,None,2256,265,MoveLeft
12448,1024,265,MoveLeft,2256,265,None
12448,1024,265,None,2249,265,MoveLeft
12449,1017,265,MoveLeft,2249,265,None
12449,1017,265,None,2242,265,MoveLeft
12450,1010,265,MoveLeft,2242,265,None
12450,1010,265,None,2235,265,MoveLeft
12451,1003,265,MoveLeft,2235,265,None
12451,1003,265,None,2228,265,MoveLeft
12452,996,265,MoveLeft,2228,265,None
12452,996,265,None,2221,265,MoveLeft
12453,989,265,MoveLeft,2221,265,None
12453,989,265,None,2214,265,MoveLeft
12454,982,265,MoveLeft,2214,265,None
12454,982,265,None,2207,265,MoveLeft
12455,975,265,MoveLeft,2207,265,None
12455,975,265,None,2200,265,MoveLeft
12456,968,265,MoveLeft,2200,265,None
12456,968,265,None,2193,265,MoveLeft
12457,961,265,MoveLeft,2193,265,None
12457,961,265,None,2186,265,MoveLeft
12458,954,265,MoveLeft,2186,265,None
12458,954,265,None,2179,265,MoveLeft
12459,947,265,MoveLeft,2179,265,None
12459,947,265,None,2172,265,MoveLeft
12460,940,265,MoveLeft,2172,265,None
12460,940,265,None,2165,265,MoveLeft
12461,933,265,MoveLeft,2165,265,None
12461,933,265,None,2158,265,MoveLeft
12462,933,265,None,2151,265,MoveLeft
12463,933,265,None,2144,265,MoveLeft
12464,933,265,None,2137,265,MoveLeft
12465,933,265,None,2130,265,MoveLeft
12466,933,265,None,2123,265,MoveLeft
12467,933,265,None,2116,265,MoveLeft
12468,933,265,None,2109,265,MoveLeft
12469,933,265,None,2102,265,MoveLeft
12470,933,265,None,2095,265,MoveLeft
12471,933,265,None,2088,265,MoveLeft
12472,933,265,None,2081,265,MoveLeft
12473,933,265,None,2074,265,MoveLeft
12474,933,265,None,2067,265,MoveLeft
12475,933,265,None,2060,265,MoveLeft
12476,933,265,None,2053,265,MoveLeft
12477,933,265,None,2046,265,MoveLeft
12478,933,265,Set,2046,265,None
12478,933,265,None,2046,265,None
12478,933,265,None,2039,265,MoveLeft
12479,933,265,None,2032,265,MoveLeft
12480,933,265,None,2025,265,MoveLeft
12481,933,265,None,2018,265,MoveLeft
12482,933,265,None,2011,265,MoveLeft
12483,933,265,None,2004,265,MoveLeft
12484,933,265,None,1997,265,MoveLeft
12485,933,265,None,1990,265,MoveLeft
12486,933,265,None,1983,265,MoveLeft
12487,933,265,None,1976,265,MoveLeft
12488,933,265,None,1969,265,MoveLeft
12489,933,265,None,1962,265,MoveLeft
12490,933,265,None,1955,265,MoveLeft
12491,933,265,None,1948,265,MoveLeft
12492,933,265,None,1941,265,MoveLeft
12493,933,265,None,1934,265,MoveLeft
12494,933,265,None,1927,265,MoveLeft
12495,933,265,None,1920,265,MoveLeft
12496,933,265,None,1913,265,MoveLeft
12497,933,265,None,1906,265,MoveLeft
12498,933,265,None,1899,265,MoveLeft
12499,933,265,None,1892,265,MoveLeft
12500,940,265,MoveRight,1892,265,None
12500,940,265,None,1885,265,MoveLeft
12501,947,265,MoveRight,1885,265,None
12501,947,265,None,1878,265,MoveLeft
12502,954,265,MoveRight,1878,265,None
12502,954,265,None,1871,265,MoveLeft
12503,961,265,MoveRight,1871,265,None
12503,961,265,None,1864,265,MoveLeft
12504,968,265,MoveRight,1864,265,None
12504,968,265,None,1857,265,MoveLeft
12505,968,265,None,1850,265,MoveLeft
12506,968,265,None,1843,265,MoveLeft
12507,968,265,None,1836,265,MoveLeft
12508,968,265,None,1829,265,MoveLeft
12509,968,265,None,1822,265,MoveLeft
12510,968,265,None,1815,265,MoveLeft
12511,961,265,MoveLeft,1815,265,None
12511,961,265,None,1808,265,MoveLeft
12512,954,265,MoveLeft,1808,265,None
12512,954,265,None,1801,265,MoveLeft
12513,947,265,MoveLeft,1801,265,None
12513,947,265,None,1794,265,MoveLeft
12514,940,265,MoveLeft,1794,265,None
12514,940,265,None,1787,265,MoveLeft
12515,933,265,MoveLeft,1787,265,None
12515,933,265,None,1780,265,MoveLeft
12516,926,265,MoveLeft,1780,265,None
12516,926,265,None,1773,265,MoveLeft
12517,919,265,MoveLeft,1773,265,None
12517,919,265,None,1766,265,MoveLeft
12518,912,265,MoveLeft,1766,265,None
12518,912,265,None,1759,265,MoveLeft
12519,912,265,None,1752,265,MoveLeft
12520,912,265,None,1745,265,MoveLeft
12521,912,265,None,1738,265,MoveLeft
12522,912,265,None,1731,265,MoveLeft
12549,912,284.62,None,1731,265,None
12581,912,549.49,None,1731,265,None
12590,912,461.2,None,1731,265,None
12603,912,333.67,None,1731,265,None
12610,912,284.62,None,1731,265,None
12666,1143,265,MoveLeft,2410,265,None
12667,1136,265,MoveLeft,2410,265,None
12668,1129,265,MoveLeft,2410,265,None
12669,1122,265,MoveLeft,2410,265,None
12670,1115,265,MoveLeft,2410,265,None
12671,1115,265,None,2410,265,Serve
12671,1108,265,MoveLeft,2410,265,None
12671,1108,265,None,2410,265,None
12672,1101,265,MoveLeft,2410,265,None
12673,1094,265,MoveLeft,2410,265,None
12674,1087,265,MoveLeft,2410,265,None
12675,1080,265,MoveLeft,2410,265,None
12676,1073,265,MoveLeft,2410,265,None
12677,1066,265,MoveLeft,2410,265,None
12690,1066,265,None,2403,265,MoveLeft
12691,1066,265,None,2396,265,MoveLeft
12692,1066,265,None,2389,265,MoveLeft
12693,1066,265,None,2382,265,MoveLeft
12694,1066,265,None,2375,265,MoveLeft
12695,1066,265,None,2368,265,MoveLeft
12696,1066,265,None,2361,265,MoveLeft
12697,1066,265,None,2354,265,MoveLeft
12698,1066,265,None,2347,265,MoveLeft
12699,1066,265,None,2340,265,MoveLeft
12700,1066,265,None,2333,265,MoveLeft
12701,1066,265,None,2326,265,MoveLeft
12702,1059,265,MoveLeft,2326,265,None
12702,1059,265,None,2319,265,MoveLeft
12703,1052,265,MoveLeft,2319,265,None
12703,1052,265,None,2312,265,MoveLeft
12704,1045,265,MoveLeft,2312,265,None
12704,1045,265,None,2305,265,MoveLeft
12705,1038,265,MoveLeft,2305,265,None
12705,1038,265,None,2298,265,MoveLeft
12706,1031,265,MoveLeft,2298,265,None
12706,1031,265,None,2291,265,MoveLeft
12707,1024,265,MoveLeft,2291,265,None
12707,1024,265,None,2284,265,MoveLeft
12708,1017,265,MoveLeft,2284,265,None
12708,1017,265,None,2277,265,MoveLeft
12709,1010,265,MoveLeft,2277,265,None
12709,1010,265,None,2270,265,MoveLeft
12710,1003,265,MoveLeft,2270,265,None
12710,1003,265,None,2263,265,MoveLeft
12711,996,265,MoveLeft,2263,265,None
12711,996,265,None,2256,265,MoveLeft
12712,989,265,MoveLeft,2256,265,None
12712,989,265,None,2249,265,MoveLeft
12713,982,265,MoveLeft,2249,265,None
12713,982,265,None,2242,265,MoveLeft
12714,975,265,MoveLeft,2242,265,None
12714,975,265,None,2235,265,MoveLeft
12715,975,265,None,2228,265,MoveLeft
12716,975,265,None,2221,265,MoveLeft
12717,975,265,None,2214,265,MoveLeft
12718,975,265,None,2207,265,MoveLeft
12719,975,265,None,2200,265,MoveLeft
12720,975,265,None,2193,265,MoveLeft
12721,975,265,None,2186,265,MoveLeft
12722,975,265,None,2179,265,MoveLeft
12723,975,265,None,2172,265,MoveLeft
12724,975,265,None,2165,265,MoveLeft
12725,975,265,None,2158,265,MoveLeft
12726,975,265,None,2151,265,MoveLeft
12727,975,265,None,2144,265,MoveLeft
12728,975,265,None,2137,265,MoveLeft
12729,975,265,None,2130,265,MoveLeft
12730,975,265,None,2123,265,MoveLeft
12731,975,265,None,2116,265,MoveLeft
12732,975,265,None,2109,265,MoveLeft
12733,975,265,None,2102,265,MoveLeft
12734,975,265,None,2095,265,MoveLeft
12735,975,265,None,2088,265,MoveLeft
12736,975,265,None,2081,265,MoveLeft
12737,975,265,None,2074,265,MoveLeft
12738,975,265,None,2067,265,MoveLeft
12739,975,265,None,2060,265,MoveLeft
12740,975,265,Set,2060,265,None
12740,975,265,None,2060,265,None
12740,975,265,None,2053,265,MoveLeft
12741,975,265,None,2046,265,MoveLeft
12742,975,265,None,2039,265,MoveLeft
12743,975,265,None,2032,265,MoveLeft
12744,975,265,None,2025,265,MoveLeft
12745,975,265,None,2018,265,MoveLeft
12746,975,265,None,2011,265,MoveLeft
12747,975,265,None,2004,265,MoveLeft
12748,975,265,None,1997,265,MoveLeft
12749,975,265,None,1990,265,MoveLeft
12750,975,265,None,1983,265,MoveLeft
12751,975,265,None,1976,265,MoveLeft
12752,975,265,None,1969,265,MoveLeft
12753,975,265,None,1962,265,MoveLeft
12754,975,265,None,1955,265,MoveLeft
12755,975,265,None,1948,265,MoveLeft
12756,975,265,None,1941,265,MoveLeft
12757,975,265,None,1934,265,MoveLeft
12758,975,265,None,1927,265,MoveLeft
12759,975,265,None,1920,265,MoveLeft
12760,975,265,None,1913,265,MoveLeft
12761,975,265,None,1906,265,MoveLeft
12762,975,265,None,1899,265,MoveLeft
12763,975,265,None,1892,265,MoveLeft
12764,975,265,None,1885,265,MoveLeft
12765,975,265,None,1878,265,MoveLeft
12766,975,265,None,1871,265,MoveLeft
12767,975,265,None,1864,265,MoveLeft
12768,975,265,None,1857,265,MoveLeft
12769,975,265,None,1850,265,MoveLeft
12770,975,265,None,1843,265,MoveLeft
12771,975,265,None,1836,265,MoveLeft
12772,975,265,None,1829,265,MoveLeft
12773,975,265,None,1822,265,MoveLeft
12774,975,265,None,1815,265,MoveLeft
12775,975,265,None,1808,265,MoveLeft
12776,975,265,None,1801,265,MoveLeft
12777,975,265,None,1794,265,MoveLeft
12778,975,265,None,1787,265,MoveLeft
12779,975,265,None,1780,265,MoveLeft
12780,975,265,None,1773,265,MoveLeft
12781,975,265,None,1766,265,MoveLeft
12782,975,265,None,1759,265,MoveLeft
12783,975,265,None,1752,265,MoveLeft
12784,975,265,None,1745,265,MoveLeft
12785,975,265,None,1738,265,MoveLeft
12786,975,265,None,1731,265,MoveLeft
12833,975,284.62,None,1731,265,None
12849,975,451.39,None,1731,265,None
12859,975,549.49,None,1731,265,None
12928,1150,265,None,2410,265,Serve
12928,1150,265,None,2410,265,None
12947,1150,265,None,2403,265,MoveLeft
12948,1150,265,None,2396,265,MoveLeft
12949,1150,265,None,2389,265,MoveLeft
12950,1150,265,None,2382,265,MoveLeft
12951,1150,265,None,2375,265,MoveLeft
12952,1150,265,None,2368,265,MoveLeft
12953,1150,265,None,2361,265,MoveLeft
12954,1150,265,None,2354,265,MoveLeft
12955,1150,265,None,2347,265,MoveLeft
12956,1150,265,None,2340,265,MoveLeft
12957,1150,265,None,2333,265,MoveLeft
12958,1150,265,None,2326,265,MoveLeft
12959,1150,265,None,2326,265,None
12959,1150,265,None,2319,265,MoveLeft
12960,1150,265,None,2312,265,MoveLeft
12961,1150,265,None,2305,265,MoveLeft
12962,1150,265,None,2298,265,MoveLeft
12963,1143,265,MoveLeft,2298,265,None
12963,1143,265,None,2291,265,MoveLeft
12964,1136,265,MoveLeft,2291,265,None
12964,1136,265,None,2284,265,MoveLeft
12965,1129,265,MoveLeft,2284,265,None
12965,1129,265,None,2277,265,MoveLeft
12966,1122,265,MoveLeft,2277,265,None
12966,1122,265,None,2270,265,MoveLeft
12967,1115,265,MoveLeft,2270,265,None
12967,1115,265,None,2263,265,MoveLeft
12968,1108,265,MoveLeft,2263,265,None
12968,1108,265,None,2256,265,MoveLeft
12969,1101,265,MoveLeft,2256,265,None
12969,1101,265,None,2249,265,MoveLeft
12970,1094,265,MoveLeft,2249,265,None
12970,1094,265,None,2242,265,MoveLeft
12971,1087,265,MoveLeft,2242,265,None
12971,1087,265,None,2235,265,MoveLeft
12972,1080,265,MoveLeft,2235,265,None
12972,1080,265,None,2228,265,MoveLeft
12973,1073,265,MoveLeft,2228,265,None
12973,1073,265,None,2221,265,MoveLeft
12974,1066,265,MoveLeft,2221,265,None
12974,1066,265,None,2214,265,MoveLeft
12975,1059,265,MoveLeft,2214,265,None
12975,1059,265,None,2207,265,MoveLeft
12976,1052,265,MoveLeft,2207,265,None
12976,1052,265,None,2200,265,MoveLeft
12977,1045,265,MoveLeft,2200,265,None
12977,1045,265,None,2193,265,MoveLeft
12978,1038,265,MoveLeft,2193,265,None
12978,1038,265,None,2186,265,MoveLeft
12979,1031,265,MoveLeft,2186,265,None
12979,1031,265,None,2179,265,MoveLeft
12980,1024,265,MoveLeft,2179,265,None
12980,1024,265,None,2172,265,MoveLeft
12981,1017,265,MoveLeft,2172,265,None
12981,1017,265,None,2165,265,MoveLeft
12982,1010,265,MoveLeft,2165,265,None
12982,1010,265,None,2158,265,MoveLeft
12983,1003,265,MoveLeft,2158,265,None
12983,1003,265,None,2151,265,MoveLeft
12984,996,265,MoveLeft,2151,265,None
12984,996,265,None,2144,265,MoveLeft
12985,989,265,MoveLeft,2144,265,None
12985,989,265,None,2137,265,MoveLeft
12986,982,265,MoveLeft,2137,265,None
12986,982,265,None,2130,265,MoveLeft
12987,975,265,MoveLeft,2130,265,None
12987,975,265,None,2123,265,MoveLeft
12988,968,265,MoveLeft,2123,265,None
12988,968,265,None,2116,265,MoveLeft
12989,961,265,MoveLeft,2116,265,None
12989,961,265,None,2109,265,MoveLeft
12990,954,265,MoveLeft,2109,265,None
12990,954,265,None,2102,265,MoveLeft
12991,947,265,MoveLeft,2102,265,None
12991,947,265,None,2095,265,MoveLeft
12992,940,265,MoveLeft,2095,265,None
12992,940,265,None,2088,265,MoveLeft
12993,940,265,None,2081,265,MoveLeft
12994,940,265,None,2074,265,MoveLeft
12995,940,265,None,2067,265,MoveLeft
12996,940,265,None,2060,265,MoveLeft
12997,940,265,None,2053,265,MoveLeft
12998,940,265,None,2046,265,MoveLeft
12999,940,265,None,2039,265,MoveLeft
13000,940,265,None,2032,265,MoveLeft
13001,940,265,None,2025,265,MoveLeft
13002,940,265,None,2018,265,MoveLeft
13003,940,265,None,2011,265,MoveLeft
13004,940,265,None,2004,265,MoveLeft
13037,1143,265,MoveLeft,2410,265,None
13038,1136,265,MoveLeft,2410,265,None
13039,1129,265,MoveLeft,2410,265,None
13040,1122,265,MoveLeft,2410,265,None
13041,1115,265,MoveLeft,2410,265,None
13042,1108,265,MoveLeft,2410,265,None
13043,1101,265,MoveLeft,2410,265,None
13044,1094,265,MoveLeft,2410,265,None
13045,1087,265,MoveLeft,2410,265,None
13046,1080,265,MoveLeft,2410,265,None
13047,1073,265,MoveLeft,2410,265,None
13048,1066,265,MoveLeft,2410,265,None
13049,1059,265,MoveLeft,2410,265,None
13050,1052,265,MoveLeft,2410,265,None
13051,1045,265,MoveLeft,2410,265,None
13052,1038,265,MoveLeft,2410,265,None
13053,1031,265,MoveLeft,2410,265,None
13054,1024,265,MoveLeft,2410,265,None
13055,1024,265,None,2410,265,Serve
13055,1017,265,MoveLeft,2410,265,None
13055,1017,265,None,2410,265,None
13056,1010,265,MoveLeft,2410,265,None
13057,1003,265,MoveLeft,2410,265,None
13058,996,265,MoveLeft,2410,265,None
13059,989,265,MoveLeft,2410,265,None
13060,982,265,MoveLeft,2410,265,None
13074,982,265,None,2403,265,MoveLeft
13075,982,265,None,2396,265,MoveLeft
13076,982,265,None,2389,265,MoveLeft
13077,982,265,None,2382,265,MoveLeft
13078,982,265,None,2375,265,MoveLeft
13079,982,265,None,2368,265,MoveLeft
13080,982,265,None,2361,265,MoveLeft
13081,982,265,None,2354,265,MoveLeft
13082,982,265,None,2347,265,MoveLeft
13083,982,265,None,2340,265,MoveLeft
13084,982,265,None,2333,265,MoveLeft
13085,982,265,None,2326,265,MoveLeft
13086,982,265,None,2319,265,MoveLeft
13087,982,265,None,2312,265,MoveLeft
13088,982,265,None,2305,265,MoveLeft
13089,982,265,None,2298,265,MoveLeft
13090,982,265,None,2291,265,MoveLeft
13091,975,265,MoveLeft,2291,265,None
13091,975,265,None,2284,265,MoveLeft
13092,968,265,MoveLeft,2284,265,None
13092,968,265,None,2277,265,MoveLeft
13093,961,265,MoveLeft,2277,265,None
13093,961,265,None,2270,265,MoveLeft
13094,954,265,MoveLeft,2270,265,None
13094,954,265,None,2263,265,MoveLeft
13095,947,265,MoveLeft,2263,265,None
13095,947,265,None,2256,265,MoveLeft
13096,940,265,MoveLeft,2256,265,None
13096,940,265,None,2249,265,MoveLeft
13097,933,265,MoveLeft,2249,265,None
13097,933,265,None,2242,265,MoveLeft
13098,926,265,MoveLeft,2242,265,None
13098,926,265,None,2235,265,MoveLeft
13099,919,265,MoveLeft,2235,265,None
13099,919,265,None,2228,265,MoveLeft
13100,912,265,MoveLeft,2228,265,None
13100,912,265,None,2221,265,MoveLeft
13101,912,265,None,2214,265,MoveLeft
13102,912,265,None,2207,265,MoveLeft
13103,912,265,None,2200,265,MoveLeft
13104,912,265,None,2193,265,MoveLeft
13105,912,265,None,2186,265,MoveLeft
13106,912,265,None,2179,265,MoveLeft
13107,912,265,None,2172,265,MoveLeft
13108,912,265,None,2165,265,MoveLeft
13109,912,265,None,2158,265,MoveLeft
13110,912,265,None,2151,265,MoveLeft
13111,912,265,None,2144,265,MoveLeft
13112,912,265,None,2137,265,MoveLeft
13113,912,265,None,2130,265,MoveLeft
13114,912,265,None,2123,265,MoveLeft
13115,912,265,None,2116,265,MoveLeft
13116,912,265,None,2109,265,MoveLeft
13117,912,265,None,2102,265,MoveLeft
13118,912,265,None,2095,265,MoveLeft
13119,912,265,None,2088,265,MoveLeft
13120,912,265,None,2088,265,None
13120,912,265,None,2081,265,MoveLeft
13121,912,265,None,2074,265,MoveLeft
13122,912,265,None,2067,265,MoveLeft
13123,912,265,None,2060,265,MoveLeft
13124,912,265,None,2053,265,MoveLeft
13125,912,265,None,2046,265,MoveLeft
13126,912,265,None,2039,265,MoveLeft
13127,912,265,None,2032,265,MoveLeft
13128,912,265,None,2025,265,MoveLeft
13129,912,265,None,2018,265,MoveLeft
13130,912,265,None,2011,265,MoveLeft
13131,912,265,None,2004,265,MoveLeft
13133,1150,265,None,2410,265,None
13169,1143,265,MoveLeft,2410,265,None
13170,1136,265,MoveLeft,2410,265,None
13171,1129,265,MoveLeft,2410,265,None
13172,1122,265,MoveLeft,2410,265,None
13173,1115,265,MoveLeft,2410,265,None
13174,1108,265,MoveLeft,2410,265,None
13175,1101,265,MoveLeft,2410,265,None
13176,1094,265,MoveLeft,2410,265,None
13177,1087,265,MoveLeft,2410,265,None
13178,1080,265,MoveLeft,2410,265,None
13179,1073,265,MoveLeft,2410,265,None
13180,1066,265,MoveLeft,2410,265,None
13181,1059,265,MoveLeft,2410,265,None
13182,1059,265,None,2410,265,Serve
13182,1052,265,MoveLeft,2410,265,None
13182,1052,265,None,2410,265,None
13183,1045,265,MoveLeft,2410,265,None
13184,1038,265,MoveLeft,2410,265,None
13185,1031,265,MoveLeft,2410,265,None
13186,1024,265,MoveLeft,2410,265,None
13187,1017,265,MoveLeft,2410,265,None
13188,1010,265,MoveLeft,2410,265,None
13189,1003,265,MoveLeft,2410,265,None
13190,996,265,MoveLeft,2410,265,None
13191,989,265,MoveLeft,2410,265,None
13192,982,265,MoveLeft,2410,265,None
13193,975,265,MoveLeft,2410,265,None
13194,968,265,MoveLeft,2410,265,None
13195,961,265,MoveLeft,2410,265,None
13196,954,265,MoveLeft,2410,265,None
13197,947,265,MoveLeft,2410,265,None
13198,940,265,MoveLeft,2410,265,None
13202,940,265,None,2403,265,MoveLeft
13203,940,265,None,2396,265,MoveLeft
13204,940,265,None,2389,265,MoveLeft
13205,940,265,None,2382,265,MoveLeft
13206,940,265,None,2375,265,MoveLeft
13207,940,265,None,2368,265,MoveLeft
13208,940,265,None,2361,265,MoveLeft
13209,940,265,None,2354,265,MoveLeft
13210,940,265,None,2347,265,MoveLeft
13211,940,265,None,2340,265,MoveLeft
13212,940,265,None,2333,265,MoveLeft
13213,940,265,None,2326,265,MoveLeft
13214,940,265,None,2319,265,MoveLeft
13215,940,265,None,2312,265,MoveLeft
13216,940,265,None,2305,265,MoveLeft
13217,940,265,None,2298,265,MoveLeft
13218,940,265,None,2291,265,MoveLeft
13219,940,265,None,2284,265,MoveLeft
13220,940,265,None,2277,265,MoveLeft
13221,940,265,None,2270,265,MoveLeft
13222,940,265,None,2263,265,MoveLeft
13223,940,265,None,2256,265,MoveLeft
13224,940,265,None,2249,265,MoveLeft
13225,940,265,None,2242,265,MoveLeft
13226,940,265,None,2235,265,MoveLeft
13227,940,265,None,2228,265,MoveLeft
13228,940,265,None,2221,265,MoveLeft
13229,940,265,None,2214,265,MoveLeft
13230,940,284.62,None,2214,265,None
13230,940,284.62,None,2207,265,MoveLeft
13231,940,304.24,None,2200,265,MoveLeft
13232,940,314.05,None,2193,265,MoveLeft
13233,940,323.86,None,2186,265,MoveLeft
13234,940,333.67,None,2179,265,MoveLeft
13235,940,343.48,None,2172,265,MoveLeft
13236,940,353.29,None,2165,265,MoveLeft
13237,940,363.1,None,2158,265,MoveLeft
13238,940,372.91,None,2151,265,MoveLeft
13239,940,382.72,None,2144,265,MoveLeft
13240,940,392.53,None,2137,265,MoveLeft
13241,940,402.34,None,2130,265,MoveLeft
13242,940,412.15,None,2123,265,MoveLeft
13243,940,421.96,None,2116,265,MoveLeft
13244,940,431.77,None,2109,265,MoveLeft
13245,940,441.58,None,2102,265,MoveLeft
13246,940,451.39,None,2095,265,MoveLeft
13247,940,461.2,None,2088,265,MoveLeft
13248,940,471.01,None,2081,265,MoveLeft
13249,940,480.82,None,2074,265,MoveLeft
13250,940,490.63,None,2067,265,MoveLeft
13251,940,500.44,None,2060,265,MoveLeft
13252,940,510.25,None,2053,265,MoveLeft
13253,940,520.06,None,2046,265,MoveLeft
13254,940,529.87,None,2039,265,MoveLeft
13255,940,539.68,None,2032,265,MoveLeft
13256,940,549.49,None,2025,265,MoveLeft
13257,940,559.3,None,2018,265,MoveLeft
13258,940,569.11,None,2011,265,MoveLeft
13262,1150,284.62,None,2410,265,None
13298,1146.5,510.25,MoveLeft,2410,265,None
13299,1143,500.44,MoveLeft,2410,265,None
13300,1139.5,490.63,MoveLeft,2410,265,None
13301,1136,480.82,MoveLeft,2410,265,None
13302,1132.5,471.01,MoveLeft,2410,265,None
13303,1129,461.2,MoveLeft,2410,265,None
13304,1125.5,451.39,MoveLeft,2410,265,None
13305,1122,441.58,MoveLeft,2410,265,None
13306,1118.5,431.77,MoveLeft,2410,265,None
13307,1115,421.96,MoveLeft,2410,265,None
13308,1111.5,412.15,MoveLeft,2410,265,None
13309,1111.5,402.34,None,2410,265,Serve
13309,1108,402.34,MoveLeft,2410,265,None
13309,1108,402.34,None,2410,265,None
13310,1104.5,392.53,MoveLeft,2410,265,None
13311,1101,382.72,MoveLeft,2410,265,None
13312,1097.5,372.91,MoveLeft,2410,265,None
13313,1094,363.1,MoveLeft,2410,265,None
13314,1090.5,353.29,MoveLeft,2410,265,None
13315,1087,343.48,MoveLeft,2410,265,None
13329,1087,265,None,2403,265,MoveLeft
13330,1087,265,None,2396,265,MoveLeft
13331,1087,265,None,2389,265,MoveLeft
13332,1080,265,MoveLeft,2389,265,None
13332,1080,265,None,2382,265,MoveLeft
13333,1073,265,MoveLeft,2382,265,None
13333,1073,265,None,2375,265,MoveLeft
13334,1066,265,MoveLeft,2375,265,None
13334,1066,265,None,2368,265,MoveLeft
13335,1059,265,MoveLeft,2368,265,None
13335,1059,265,None,2361,265,MoveLeft
13336,1052,265,MoveLeft,2361,265,None
13336,1052,265,None,2354,265,MoveLeft
13337,1045,265,MoveLeft,2354,265,None
13337,1045,265,None,2347,265,MoveLeft
13338,1038,265,MoveLeft,2347,265,None
13338,1038,265,None,2340,265,MoveLeft
13339,1031,265,MoveLeft,2340,265,None
13339,1031,265,None,2333,265,MoveLeft
13340,1024,265,MoveLeft,2333,265,None
13340,1024,265,None,2326,265,MoveLeft
13341,1017,265,MoveLeft,2326,265,None
13341,1017,265,None,2319,265,MoveLeft
13342,1010,265,MoveLeft,2319,265,None
13342,1010,265,None,2312,265,MoveLeft
13343,1003,265,MoveLeft,2312,265,None
13343,1003,265,None,2305,265,MoveLeft
13344,996,265,MoveLeft,2305,265,None
13344,996,265,None,2298,265,MoveLeft
13345,989,265,MoveLeft,2298,265,None
13345,989,265,None,2291,265,MoveLeft
13346,982,265,MoveLeft,2291,265,None
13346,982,265,None,2284,265,MoveLeft
13347,975,265,MoveLeft,2284,265,None
13347,975,265,None,2277,265,MoveLeft
13348,968,265,MoveLeft,2277,265,None
13348,968,265,None,2270,265,MoveLeft
13349,961,265,MoveLeft,2270,265,None
13349,961,265,None,2263,265,MoveLeft
13350,954,265,MoveLeft,2263,265,None
13350,954,265,None,2256,265,MoveLeft
13351,947,265,MoveLeft,2256,265,None
13351,947,265,None,2249,265,MoveLeft
13352,940,265,MoveLeft,2249,265,None
13352,940,265,None,2242,265,MoveLeft
13353,933,265,MoveLeft,2242,265,None
13353,933,265,None,2235,265,MoveLeft
13354,926,265,MoveLeft,2235,265,None
13354,926,265,None,2228,265,MoveLeft
13355,919,265,MoveLeft,2228,265,None
13355,919,265,None,2221,265,MoveLeft
13356,912,265,MoveLeft,2221,265,None
13356,912,265,None,2214,265,MoveLeft
13357,905,265,MoveLeft,2214,265,None
13357,905,265,None,2207,265,MoveLeft
13358,898,265,MoveLeft,2207,265,None
13358,898,265,None,2200,265,MoveLeft
13359,891,265,MoveLeft,2200,265,None
13359,891,265,None,2193,265,MoveLeft
13360,884,265,MoveLeft,2193,265,None
13360,884,265,None,2186,265,MoveLeft
13361,877,265,MoveLeft,2186,265,None
13361,877,265,None,2179,265,MoveLeft
13362,870,265,MoveLeft,2179,265,None
13362,870,265,None,2172,265,MoveLeft
13363,870,265,None,2172,265,None
13363,870,265,None,2165,265,MoveLeft
13364,870,265,None,2165,265,None
13364,870,265,None,2158,265,MoveLeft
13365,870,265,None,2158,265,None
13365,870,265,None,2151,265,MoveLeft
13366,870,265,None,2151,265,None
13366,870,265,None,2144,265,MoveLeft
13367,870,265,None,2144,265,None
13367,870,265,None,2137,265,MoveLeft
13368,870,265,None,2137,265,None
13368,870,265,None,2130,265,MoveLeft
13369,870,265,None,2130,265,None
13369,870,265,None,2123,265,MoveLeft
13370,870,265,None,2123,265,None
13370,870,265,None,2116,265,MoveLeft
13371,870,265,None,2116,265,None
13371,870,265,None,2109,265,MoveLeft
13372,870,265,None,2109,265,None
13372,870,265,None,2102,265,MoveLeft
13373,870,265,None,2102,265,None
13373,870,265,None,2095,265,MoveLeft
13374,870,265,None,2095,265,None
13374,870,265,None,2088,265,MoveLeft
13375,870,265,None,2088,265,None
13375,870,265,None,2081,265,MoveLeft
13376,870,265,None,2081,265,None
13376,870,265,None,2074,265,MoveLeft
13377,870,265,None,2074,265,None
13377,870,265,None,2067,265,MoveLeft
13378,870,265,None,2067,265,None
13378,870,265,None,2060,265,MoveLeft
13379,870,265,None,2060,265,None
13379,870,265,None,2053,265,MoveLeft
13380,870,265,None,2053,265,None
13380,870,265,None,2046,265,MoveLeft
13381,870,265,Bump,2046,265,None
13381,870,265,None,2046,265,None
13381,870,265,None,2039,265,MoveLeft
13382,870,265,None,2032,265,MoveLeft
13383,870,265,None,2025,265,MoveLeft
13384,870,265,None,2018,265,MoveLeft
13385,870,265,None,2011,265,MoveLeft
13386,870,265,None,2004,265,MoveLeft
13387,870,265,None,1997,265,MoveLeft
13388,870,265,None,1990,265,MoveLeft
13389,870,265,None,1983,265,MoveLeft
13390,870,265,None,1976,265,MoveLeft
13391,870,265,None,1969,265,MoveLeft
13392,870,265,None,1962,265,MoveLeft
13393,870,265,None,1955,265,MoveLeft
13394,870,265,None,1948,265,MoveLeft
13395,870,265,None,1941,265,MoveLeft
13396,870,265,None,1934,265,MoveLeft
13397,870,265,None,1927,265,MoveLeft
13398,870,265,None,1920,265,MoveLeft
13399,870,265,None,1913,265,MoveLeft
13400,870,265,None,1906,265,MoveLeft
13401,877,265,MoveRight,1906,265,None
13401,877,265,None,1899,265,MoveLeft
13402,884,265,MoveRight,1899,265,None
13402,884,265,None,1892,265,MoveLeft
13403,891,265,MoveRight,1892,265,None
13403,891,265,None,1885,265,MoveLeft
13404,898,265,MoveRight,1885,265,None
13404,898,265,None,1878,265,MoveLeft
13405,905,265,MoveRight,1878,265,None
13405,905,265,None,1871,265,MoveLeft
13406,912,265,MoveRight,1871,265,None
13406,912,265,None,1864,265,MoveLeft
13407,919,265,MoveRight,1864,265,None
13407,919,265,None,1857,265,MoveLeft
13408,926,265,MoveRight,1857,265,None
13408,926,265,None,1850,265,MoveLeft
13409,933,265,MoveRight,1850,265,None
13409,933,265,None,1843,265,MoveLeft
13410,940,265,MoveRight,1843,265,None
13410,940,265,None,1836,265,MoveLeft
13411,947,265,MoveRight,1836,265,None
13411,947,265,None,1829,265,MoveLeft
13412,954,265,MoveRight,1829,265,None
13412,954,265,None,1822,265,MoveLeft
13413,961,265,MoveRight,1822,265,None
13413,961,265,None,1815,265,MoveLeft
13414,968,265,MoveRight,1815,265,None
13414,968,265,None,1808,265,MoveLeft
13415,975,265,MoveRight,1808,265,None
13415,975,265,None,1801,265,MoveLeft
13416,982,265,MoveRight,1801,265,None
13416,982,265,None,1794,265,MoveLeft
13417,989,265,MoveRight,1794,265,None
13417,989,265,None,1787,265,MoveLeft
13418,996,265,MoveRight,1787,265,None
13418,996,265,None,1780,265,MoveLeft
13419,1003,265,MoveRight,1780,265,None
13419,1003,265,None,1773,265,MoveLeft
13420,1010,265,MoveRight,1773,265,None
13420,1010,265,None,1766,265,MoveLeft
13421,1017,265,MoveRight,1766,265,None
13421,1017,265,None,1759,265,MoveLeft
13422,1024,265,MoveRight,1759,265,None
13422,1024,265,None,1752,265,MoveLeft
13423,1031,265,MoveRight,1752,265,None
13423,1031,265,None,1745,265,MoveLeft
13424,1038,265,MoveRight,1745,265,None
13424,1038,265,None,1738,265,MoveLeft
13425,1045,265,MoveRight,1738,265,None
13425,1045,265,None,1731,265,MoveLeft
13426,1052,265,MoveRight,1731,265,None
13427,1059,265,MoveRight,1731,265,None
13428,1066,265,MoveRight,1731,265,None
13429,1073,265,MoveRight,1731,265,None
13430,1080,265,MoveRight,1731,265,None
13431,1087,265,MoveRight,1731,265,None
13432,1094,265,MoveRight,1731,265,None
13433,1101,265,MoveRight,1731,265,None
13434,1108,265,MoveRight,1731,265,None
13435,1115,265,MoveRight,1731,265,None
13436,1122,265,MoveRight,1731,265,None
13437,1129,265,MoveRight,1731,265,None
13438,1136,265,MoveRight,1731,265,None
13439,1143,265,MoveRight,1731,265,None
13440,1150,265,MoveRight,1731,265,None
13441,1157,265,MoveRight,1731,265,None
13442,1164,265,MoveRight,1731,265,None
13443,1171,265,MoveRight,1731,265,None
13444,1174.5,284.62,MoveRight,1731,265,None
13445,1178,304.24,MoveRight,1731,265,None
13446,1181.5,314.05,MoveRight,1731,265,None
13447,1185,323.86,MoveRight,1731,265,None
13448,1188.5,333.67,MoveRight,1731,265,None
13449,1192,343.48,MoveRight,1731,265,None
13450,1195.5,353.29,MoveRight,1731,265,None
13451,1199,363.1,MoveRight,1731,265,None
13452,1202.5,372.91,MoveRight,1731,265,None
13453,1206,382.72,MoveRight,1731,265,None
13454,1209.5,392.53,MoveRight,1731,265,None
13455,1213,402.34,MoveRight,1731,265,None
13456,1216.5,412.15,MoveRight,1731,265,None
13457,1220,421.96,MoveRight,1731,265,None
13458,1223.5,431.77,MoveRight,1731,265,None
13459,1227,441.58,MoveRight,1731,265,None
13460,1230.5,451.39,MoveRight,1731,265,None
13461,1234,461.2,MoveRight,1731,265,None
13462,1237.5,471.01,MoveRight,1731,265,None
13463,1241,480.82,MoveRight,1731,265,None
13464,1244.5,490.63,MoveRight,1731,265,None
13465,1248,500.44,MoveRight,1731,265,None
13466,1251.5,510.25,MoveRight,1731,265,None
13467,1255,520.06,MoveRight,1731,265,None
13468,1258.5,529.87,MoveRight,1731,265,None
13469,1262,539.68,MoveRight,1731,265,None
13469,1262,539.68,None,1724,265,MoveLeft
13470,1265.5,549.49,MoveRight,1724,265,None
13471,1269,559.3,MoveRight,1724,265,None
13472,1272.5,569.11,MoveRight,1724,265,None
13473,1276,578.92,MoveRight,1724,265,None
13474,1279.5,569.11,MoveRight,1724,265,None
13475,1283,559.3,MoveRight,1724,265,None
13476,1286.5,549.49,MoveRight,1724,265,None
13477,1290,539.68,MoveRight,1724,265,None
13478,1293.5,529.87,MoveRight,1724,265,None
13479,1297,520.06,MoveRight,1724,265,None
13480,1300.5,510.25,MoveRight,1724,265,None
13481,1304,500.44,MoveRight,1724,265,None
13482,1307.5,490.63,MoveRight,1724,265,None
13483,1311,480.82,MoveRight,1724,265,None
13484,1314.5,471.01,MoveRight,1724,265,None
13485,1314.5,461.2,Spike,1724,265,None
13485,1318,461.2,MoveRight,1724,265,None
