Frame,PlayerPosX,PlayerPosY,PlayerEvent,BotPosX,BotPosY,BotEvent
3954,970,265,None,1843,265,MoveLeft
3955,970,265,None,1836,265,MoveLeft
3956,970,265,None,1829,265,MoveLeft
3957,970,265,None,1822,265,MoveLeft
3958,970,265,None,1815,265,MoveLeft
3959,970,265,None,1808,265,MoveLeft
3960,970,265,None,1801,265,MoveLeft
3961,970,265,None,1794,265,MoveLeft
3962,970,265,None,1787,265,MoveLeft
3963,970,265,None,1780,265,MoveLeft
3964,970,265,None,1773,265,MoveLeft
3965,970,265,None,1766,265,MoveLeft
3966,970,265,None,1759,265,MoveLeft
3967,977,265,MoveRight,1759,265,None
3967,977,265,None,1752,265,MoveLeft
3968,984,265,MoveRight,1752,265,None
3968,984,265,None,1745,265,MoveLeft
3969,991,265,MoveRight,1745,265,None
3969,991,265,None,1738,265,MoveLeft
3970,998,265,MoveRight,1738,265,None
3970,998,265,None,1731,265,MoveLeft
3971,1005,265,MoveRight,1731,265,None
3972,1012,265,MoveRight,1731,265,None
3973,1019,265,MoveRight,1731,265,None
3974,1026,265,MoveRight,1731,265,None
3975,1033,265,MoveRight,1731,265,None
3976,1040,265,MoveRight,1731,265,None
4000,1033,265,MoveLeft,1731,265,None
4001,1026,265,MoveLeft,1731,265,None
4002,1019,265,MoveLeft,1731,265,None
4003,1012,265,MoveLeft,1731,265,None
4004,1005,265,MoveLeft,1731,265,None
4005,998,265,MoveLeft,1731,265,None
4006,991,265,MoveLeft,1731,265,None
4007,984,265,MoveLeft,1731,265,None
4008,977,265,MoveLeft,1731,265,None
4009,970,265,MoveLeft,1731,265,None
4010,963,265,MoveLeft,1731,265,None
4011,956,265,MoveLeft,1731,265,None
4012,949,265,MoveLeft,1731,265,None
4013,942,265,MoveLeft,1731,265,None
4014,935,265,MoveLeft,1731,265,None
4015,928,265,MoveLeft,1731,265,None
4016,921,265,MoveLeft,1731,265,None
4086,914,265,MoveLeft,1731,265,None
4087,907,265,MoveLeft,1731,265,None
4088,900,265,MoveLeft,1731,265,None
4089,893,265,MoveLeft,1731,265,None
4090,886,265,MoveLeft,1731,265,None
4091,879,265,MoveLeft,1731,265,None
4092,872,265,MoveLeft,1731,265,None
4093,865,265,MoveLeft,1731,265,None
4094,858,265,MoveLeft,1731,265,None
4095,851,265,MoveLeft,1731,265,None
4096,844,265,MoveLeft,1731,265,None
4097,837,265,MoveLeft,1731,265,None
4098,830,265,MoveLeft,1731,265,None
4099,823,265,MoveLeft,1731,265,None
4100,816,265,MoveLeft,1731,265,None
4101,809,265,MoveLeft,1731,265,None
4102,802,265,MoveLeft,1731,265,None
4103,795,265,MoveLeft,1731,265,None
4104,788,265,MoveLeft,1731,265,None
4105,781,265,MoveLeft,1731,265,None
4114,788,265,MoveRight,1731,265,None
4115,795,265,MoveRight,1731,265,None
4116,802,265,MoveRight,1731,265,None
4117,809,265,MoveRight,1731,265,None
4118,816,265,MoveRight,1731,265,None
4119,823,265,MoveRight,1731,265,None
4120,830,265,MoveRight,1731,265,None
4121,837,265,MoveRight,1731,265,None
4122,844,265,MoveRight,1731,265,None
4123,851,265,MoveRight,1731,265,None
4124,858,265,MoveRight,1731,265,None
4125,865,265,MoveRight,1731,265,None
4126,872,265,MoveRight,1731,265,None
4127,879,265,MoveRight,1731,265,None
4128,886,265,MoveRight,1731,265,None
4129,893,265,MoveRight,1731,265,None
4130,900,265,MoveRight,1731,265,None
4131,907,265,MoveRight,1731,265,None
4132,914,265,MoveRight,1731,265,None
4133,921,265,MoveRight,1731,265,None
4134,928,265,MoveRight,1731,265,None
4135,935,265,MoveRight,1731,265,None
4136,942,265,MoveRight,1731,265,None
4137,949,265,MoveRight,1731,265,None
4138,956,265,MoveRight,1731,265,None
4139,963,265,MoveRight,1731,265,None
4140,970,265,MoveRight,1731,265,None
4141,977,265,MoveRight,1731,265,None
4142,984,265,MoveRight,1731,265,None
4143,991,265,MoveRight,1731,265,None
4144,998,265,MoveRight,1731,265,None
4145,1005,265,MoveRight,1731,265,None
4146,1012,265,MoveRight,1731,265,None
4147,1019,265,MoveRight,1731,265,None
4148,1026,265,MoveRight,1731,265,None
4149,1033,265,MoveRight,1731,265,None
4150,1040,265,MoveRight,1731,265,None
4151,1047,265,MoveRight,1731,265,None
4152,1054,265,MoveRight,1731,265,None
4153,1061,265,MoveRight,1731,265,None
4154,1068,265,MoveRight,1731,265,None
4155,1075,265,MoveRight,1731,265,None
4156,1082,265,MoveRight,1731,265,None
4157,1089,265,MoveRight,1731,265,None
4158,1096,265,MoveRight,1731,265,None
4159,1103,265,MoveRight,1731,265,None
4160,1110,265,MoveRight,1731,265,None
4162,1103,265,MoveLeft,1731,265,None
4163,1096,265,MoveLeft,1731,265,None
4164,1089,265,MoveLeft,1731,265,None
4165,1082,265,MoveLeft,1731,265,None
4166,1075,265,MoveLeft,1731,265,None
4167,1068,265,MoveLeft,1731,265,None
4168,1061,265,MoveLeft,1731,265,None
4169,1054,265,MoveLeft,1731,265,None
4170,1047,265,MoveLeft,1731,265,None
4171,1040,265,MoveLeft,1731,265,None
4172,1033,265,MoveLeft,1731,265,None
4173,1026,265,MoveLeft,1731,265,None
4174,1019,265,MoveLeft,1731,265,None
4175,1012,265,MoveLeft,1731,265,None
4176,1005,265,MoveLeft,1731,265,None
4177,998,265,MoveLeft,1731,265,None
4178,991,265,MoveLeft,1731,265,None
4179,984,265,MoveLeft,1731,265,None
4180,977,265,MoveLeft,1731,265,None
4181,970,265,MoveLeft,1731,265,None
4182,963,265,MoveLeft,1731,265,None
4183,956,265,MoveLeft,1731,265,None
4184,949,265,MoveLeft,1731,265,None
4185,942,265,MoveLeft,1731,265,None
4186,935,265,MoveLeft,1731,265,None
4187,928,265,MoveLeft,1731,265,None
4188,921,265,MoveLeft,1731,265,None
4189,914,265,MoveLeft,1731,265,None
4190,907,265,MoveLeft,1731,265,None
4191,900,265,MoveLeft,1731,265,None
4192,893,265,MoveLeft,1731,265,None
4193,886,265,MoveLeft,1731,265,None
4194,879,265,MoveLeft,1731,265,None
4195,872,265,MoveLeft,1731,265,None
4196,865,265,MoveLeft,1731,265,None
4202,872,265,MoveRight,1731,265,None
4203,879,265,MoveRight,1731,265,None
4204,886,265,MoveRight,1731,265,None
4205,893,265,MoveRight,1731,265,None
4206,900,265,MoveRight,1731,265,None
4207,907,265,MoveRight,1731,265,None
4208,914,265,MoveRight,1731,265,None
4209,921,265,MoveRight,1731,265,None
4210,928,265,MoveRight,1731,265,None
4211,935,265,MoveRight,1731,265,None
4212,942,265,MoveRight,1731,265,None
4213,949,265,MoveRight,1731,265,None
4214,956,265,MoveRight,1731,265,None
4215,963,265,MoveRight,1731,265,None
4216,970,265,MoveRight,1731,265,None
4217,977,265,MoveRight,1731,265,None
4218,984,265,MoveRight,1731,265,None
4219,991,265,MoveRight,1731,265,None
4220,998,265,MoveRight,1731,265,None
4221,1005,265,MoveRight,1731,265,None
4222,1012,265,MoveRight,1731,265,None
4223,1019,265,MoveRight,1731,265,None
4224,1026,265,MoveRight,1731,265,None
4225,1033,265,MoveRight,1731,265,None
4226,1040,265,MoveRight,1731,265,None
4227,1047,265,MoveRight,1731,265,None
4228,1054,265,MoveRight,1731,265,None
4229,1061,265,MoveRight,1731,265,None
4230,1068,265,MoveRight,1731,265,None
4231,1075,265,MoveRight,1731,265,None
4232,1082,265,MoveRight,1731,265,None
4233,1089,265,MoveRight,1731,265,None
4234,1096,265,MoveRight,1731,265,None
4235,1103,265,MoveRight,1731,265,None
4248,1096,265,MoveLeft,1731,265,None
4249,1089,265,MoveLeft,1731,265,None
4250,1082,265,MoveLeft,1731,265,None
4251,1075,265,MoveLeft,1731,265,None
4252,1068,265,MoveLeft,1731,265,None
4253,1061,265,MoveLeft,1731,265,None
4254,1054,265,MoveLeft,1731,265,None
4255,1047,265,MoveLeft,1731,265,None
4256,1040,265,MoveLeft,1731,265,None
4257,1033,265,MoveLeft,1731,265,None
4258,1026,265,MoveLeft,1731,265,None
4259,1019,265,MoveLeft,1731,265,None
4260,1012,265,MoveLeft,1731,265,None
4261,1005,265,MoveLeft,1731,265,None
4262,998,265,MoveLeft,1731,265,None
4263,991,265,MoveLeft,1731,265,None
4264,984,265,MoveLeft,1731,265,None
4265,977,265,MoveLeft,1731,265,None
4266,970,265,MoveLeft,1731,265,None
4267,963,265,MoveLeft,1731,265,None
4268,956,265,MoveLeft,1731,265,None
4269,949,265,MoveLeft,1731,265,None
4270,942,265,MoveLeft,1731,265,None
4439,949,265,MoveRight,1731,265,None
4440,956,265,MoveRight,1731,265,None
4441,963,265,MoveRight,1731,265,None
4442,970,265,MoveRight,1731,265,None
4443,977,265,MoveRight,1731,265,None
4444,984,265,MoveRight,1731,265,None
4445,991,265,MoveRight,1731,265,None
4446,998,265,MoveRight,1731,265,None
4447,1005,265,MoveRight,1731,265,None
4448,1012,265,MoveRight,1731,265,None
4449,1019,265,MoveRight,1731,265,None
4450,1026,265,MoveRight,1731,265,None
4451,1033,265,MoveRight,1731,265,None
4452,1040,265,MoveRight,1731,265,None
4453,1047,265,MoveRight,1731,265,None
4454,1054,265,MoveRight,1731,265,None
4455,1061,265,MoveRight,1731,265,None
4456,1068,265,MoveRight,1731,265,None
4457,1075,265,MoveRight,1731,265,None
4458,1082,265,MoveRight,1731,265,None
4459,1089,265,MoveRight,1731,265,None
4460,1096,265,MoveRight,1731,265,None
4461,1103,265,MoveRight,1731,265,None
4462,1110,265,MoveRight,1731,265,None
4463,1117,265,MoveRight,1731,265,None
4494,1117,265,None,1731,265,None
4545,1124,265,MoveRight,1731,265,None
4546,1131,265,MoveRight,1731,265,None
4547,1138,265,MoveRight,1731,265,None
4548,1145,265,MoveRight,1731,265,None
4549,1152,265,MoveRight,1731,265,None
4550,1159,265,MoveRight,1731,265,None
4551,1166,265,MoveRight,1731,265,None
4552,1173,265,MoveRight,1731,265,None
4553,1180,265,MoveRight,1731,265,None
4554,1187,265,MoveRight,1731,265,None
4555,1194,265,MoveRight,1731,265,None
4556,1201,265,MoveRight,1731,265,None
4557,1208,265,MoveRight,1731,265,None
4558,1215,265,MoveRight,1731,265,None
4559,1222,265,MoveRight,1731,265,None
4560,1229,265,MoveRight,1731,265,None
4561,1236,265,MoveRight,1731,265,None
4562,1243,265,MoveRight,1731,265,None
4563,1250,265,MoveRight,1731,265,None
4564,1257,265,MoveRight,1731,265,None
4565,1264,265,MoveRight,1731,265,None
4566,1271,265,MoveRight,1731,265,None
4567,1278,265,MoveRight,1731,265,None
4568,1285,265,MoveRight,1731,265,None
4569,1292,265,MoveRight,1731,265,None
4570,1299,265,MoveRight,1731,265,None
4571,1306,265,MoveRight,1731,265,None
4572,1313,265,MoveRight,1731,265,None
4573,1320,265,MoveRight,1731,265,None
4689,1326,284.62,None,1731,265,None
4732,1326,441.58,None,1731,265,None
4768,1326,284.62,None,1731,265,None
4785,1326,461.2,None,1731,265,None
4849,1326,284.62,None,1731,265,None
4913,1326,284.62,None,1731,265,None
4935,1326,490.63,Spike,1731,265,None
4935,1326,510.25,None,1731,265,None
4936,1326,520.06,None,1724,265,MoveLeft
4937,1326,529.87,None,1717,265,MoveLeft
4938,1326,539.68,None,1710,265,MoveLeft
4939,1326,549.49,None,1703,265,MoveLeft
4940,1326,559.3,None,1696,265,MoveLeft
4941,1326,569.11,None,1689,265,MoveLeft
4942,1326,578.92,None,1682,265,MoveLeft
4960,323,265,MoveLeft,1850,265,None
4961,316,265,MoveLeft,1850,265,None
4962,309,265,MoveLeft,1850,265,None
4963,302,265,MoveLeft,1850,265,None
4964,295,265,MoveLeft,1850,265,None
4965,288,265,MoveLeft,1850,265,None
4966,281,265,MoveLeft,1850,265,None
4967,274,265,MoveLeft,1850,265,None
4968,267,265,MoveLeft,1850,265,None
4969,260,265,MoveLeft,1850,265,None
4970,253,265,MoveLeft,1850,265,None
4971,246,265,MoveLeft,1850,265,None
4972,239,265,MoveLeft,1850,265,None
4973,232,265,MoveLeft,1850,265,None
4974,225,265,MoveLeft,1850,265,None
4981,232,265,MoveRight,1850,265,None
4982,239,265,MoveRight,1850,265,None
4983,246,265,MoveRight,1850,265,None
4984,253,265,MoveRight,1850,265,None
4985,260,265,MoveRight,1850,265,None
4986,267,265,MoveRight,1850,265,None
4987,274,265,MoveRight,1850,265,None
4988,281,265,MoveRight,1850,265,None
4989,288,265,MoveRight,1850,265,None
4990,295,265,MoveRight,1850,265,None
4991,302,265,MoveRight,1850,265,None
4992,309,265,MoveRight,1850,265,None
4993,316,265,MoveRight,1850,265,None
4994,323,265,MoveRight,1850,265,None
4995,330,265,MoveRight,1850,265,None
4996,337,265,MoveRight,1850,265,None
4997,344,265,MoveRight,1850,265,None
4998,351,265,MoveRight,1850,265,None
4999,358,265,MoveRight,1850,265,None
5000,365,265,MoveRight,1850,265,None
5001,372,265,MoveRight,1850,265,None
5002,379,265,MoveRight,1850,265,None
5003,386,265,MoveRight,1850,265,None
5004,393,265,MoveRight,1850,265,None
5005,400,265,MoveRight,1850,265,None
5006,407,265,MoveRight,1850,265,None
5007,414,265,MoveRight,1850,265,None
5008,421,265,MoveRight,1850,265,None
5009,428,265,MoveRight,1850,265,None
5010,435,265,MoveRight,1850,265,None
5011,442,265,MoveRight,1850,265,None
5012,449,265,MoveRight,1850,265,None
5013,456,265,MoveRight,1850,265,None
5014,463,265,MoveRight,1850,265,None
5015,470,265,MoveRight,1850,265,None
5027,463,265,MoveLeft,1850,265,None
5028,456,265,MoveLeft,1850,265,None
5029,449,265,MoveLeft,1850,265,None
5030,442,265,MoveLeft,1850,265,None
5031,435,265,MoveLeft,1850,265,None
5032,428,265,MoveLeft,1850,265,None
5033,421,265,MoveLeft,1850,265,None
5034,414,265,MoveLeft,1850,265,None
5035,407,265,MoveLeft,1850,265,None
5036,400,265,MoveLeft,1850,265,None
5070,400,265,Serve,1850,265,None
5070,400,265,None,1850,265,None
5071,400,265,None,1857,265,MoveRight
5072,400,265,None,1864,265,MoveRight
5073,400,265,None,1871,265,MoveRight
5074,400,265,None,1878,265,MoveRight
5075,400,265,None,1885,265,MoveRight
5076,400,265,None,1892,265,MoveRight
5077,400,265,None,1899,265,MoveRight
5078,400,265,None,1906,265,MoveRight
5079,400,265,None,1913,265,MoveRight
5080,400,265,None,1920,265,MoveRight
5081,400,265,None,1927,265,MoveRight
5082,400,265,None,1934,265,MoveRight
5083,400,265,None,1941,265,MoveRight
5084,400,265,None,1948,265,MoveRight
5090,407,265,MoveRight,1948,265,None
5091,414,265,MoveRight,1948,265,None
5092,421,265,MoveRight,1948,265,None
5093,428,265,MoveRight,1948,265,None
5094,435,265,MoveRight,1948,265,None
5095,442,265,MoveRight,1948,265,None
5096,449,265,MoveRight,1948,265,None
5097,456,265,MoveRight,1948,265,None
5098,463,265,MoveRight,1948,265,None
5099,470,265,MoveRight,1948,265,None
5100,477,265,MoveRight,1948,265,None
5101,484,265,MoveRight,1948,265,None
5102,491,265,MoveRight,1948,265,None
5103,498,265,MoveRight,1948,265,None
5104,505,265,MoveRight,1948,265,None
5105,512,265,MoveRight,1948,265,None
5106,519,265,MoveRight,1948,265,None
5107,526,265,MoveRight,1948,265,None
5108,533,265,MoveRight,1948,265,None
5109,540,265,MoveRight,1948,265,None
5110,547,265,MoveRight,1948,265,None
5111,554,265,MoveRight,1948,265,None
5112,561,265,MoveRight,1948,265,None
5113,568,265,MoveRight,1948,265,None
5114,575,265,MoveRight,1948,265,None
5115,582,265,MoveRight,1948,265,None
5116,589,265,MoveRight,1948,265,None
5117,596,265,MoveRight,1948,265,None
5118,603,265,MoveRight,1948,265,None
5119,610,265,MoveRight,1948,265,None
5120,617,265,MoveRight,1948,265,None
5121,624,265,MoveRight,1948,265,None
5122,631,265,MoveRight,1948,265,None
5123,638,265,MoveRight,1948,265,None
5124,645,265,MoveRight,1948,265,None
5125,652,265,MoveRight,1948,265,None
5126,659,265,MoveRight,1948,265,None
5127,666,265,MoveRight,1948,265,None
5128,673,265,MoveRight,1948,265,None
5129,680,265,MoveRight,1948,265,None
5130,687,265,MoveRight,1948,265,None
5131,694,265,MoveRight,1948,265,None
5132,701,265,MoveRight,1948,265,None
5133,708,265,MoveRight,1948,265,None
5134,715,265,MoveRight,1948,265,None
5135,722,265,MoveRight,1948,265,None
5136,729,265,MoveRight,1948,265,None
5137,736,265,MoveRight,1948,265,None
5138,743,265,MoveRight,1948,265,None
5139,750,265,MoveRight,1948,265,None
5144,750,265,None,1948,265,SpikeMedium
5144,750,265,None,1948,265,None
5155,750,265,None,1941,265,MoveLeft
5156,750,265,None,1934,265,MoveLeft
5157,750,265,None,1927,265,MoveLeft
5158,750,265,None,1920,265,MoveLeft
5159,750,265,None,1913,265,MoveLeft
5160,757,265,MoveRight,1913,265,None
5160,757,265,None,1906,265,MoveLeft
5161,764,265,MoveRight,1906,265,None
5161,764,265,None,1899,265,MoveLeft
5162,771,265,MoveRight,1899,265,None
5162,771,265,None,1892,265,MoveLeft
5163,778,265,MoveRight,1892,265,None
5163,778,265,None,1885,265,MoveLeft
5164,785,265,MoveRight,1885,265,None
5164,785,265,None,1878,265,MoveLeft
5165,792,265,MoveRight,1878,265,None
5165,792,265,None,1871,265,MoveLeft
5166,799,265,MoveRight,1871,265,None
5166,799,265,None,1864,265,MoveLeft
5167,806,265,MoveRight,1864,265,None
5167,806,265,None,1857,265,MoveLeft
5168,813,265,MoveRight,1857,265,None
5168,813,265,None,1850,265,MoveLeft
5169,820,265,MoveRight,1850,265,None
5169,820,265,None,1843,265,MoveLeft
5170,827,265,MoveRight,1843,265,None
5170,827,265,None,1836,265,MoveLeft
5171,834,265,MoveRight,1836,265,None
5171,834,265,None,1829,265,MoveLeft
5172,834,265,None,1822,265,MoveLeft
5173,834,265,None,1815,265,MoveLeft
5174,834,265,None,1808,265,MoveLeft
5175,834,265,None,1801,265,MoveLeft
5176,834,265,None,1794,265,MoveLeft
5177,834,265,None,1787,265,MoveLeft
5178,834,265,None,1780,265,MoveLeft
5179,834,265,None,1773,265,MoveLeft
5180,834,265,None,1766,265,MoveLeft
5181,841,265,MoveRight,1766,265,None
5181,841,265,None,1759,265,MoveLeft
5182,848,265,MoveRight,1759,265,None
5182,848,265,None,1752,265,MoveLeft
5183,855,265,MoveRight,1752,265,None
5183,855,265,None,1745,265,MoveLeft
5184,862,265,MoveRight,1745,265,None
5184,862,265,None,1738,265,MoveLeft
5185,869,265,MoveRight,1738,265,None
5185,869,265,None,1731,265,MoveLeft
5186,876,265,MoveRight,1731,265,None
5186,876,265,None,1731,265,None
5187,883,265,MoveRight,1731,265,None
5187,883,265,None,1731,265,None
5188,890,265,MoveRight,1731,265,None
5188,890,265,None,1731,265,None
5189,897,265,MoveRight,1731,265,None
5189,897,265,None,1731,265,None
5190,904,265,MoveRight,1731,265,None
5190,904,265,None,1731,265,None
5191,911,265,MoveRight,1731,265,None
5191,911,265,None,1731,265,None
5192,918,265,MoveRight,1731,265,None
5192,918,265,None,1731,265,None
5193,925,265,MoveRight,1731,265,None
5193,925,265,None,1731,265,None
5194,932,265,MoveRight,1731,265,None
5194,932,265,None,1731,265,None
5195,939,265,MoveRight,1731,265,None
5195,939,265,None,1731,265,None
5196,946,265,MoveRight,1731,265,None
5196,946,265,None,1731,265,None
5197,953,265,MoveRight,1731,265,None
5197,953,265,None,1731,265,None
5198,960,265,MoveRight,1731,265,None
5198,960,265,None,1731,265,None
5199,967,265,MoveRight,1731,265,None
5199,967,265,None,1731,265,None
5200,974,265,MoveRight,1731,265,None
5200,974,265,None,1731,265,None
5201,981,265,MoveRight,1731,265,None
5201,981,265,None,1731,265,None
5202,988,265,MoveRight,1731,265,None
5202,988,265,None,1731,265,None
5203,995,265,MoveRight,1731,265,None
5203,995,265,None,1731,265,None
5204,1002,265,MoveRight,1731,265,None
5204,1002,265,None,1731,265,None
5205,1009,265,MoveRight,1731,265,None
5205,1009,265,None,1731,265,None
5206,1016,265,MoveRight,1731,265,None
5206,1016,265,None,1731,265,None
5207,1023,265,MoveRight,1731,265,None
5207,1023,265,None,1731,265,None
5208,1023,265,Bump,1731,265,None
5208,1030,265,MoveRight,1731,265,None
5208,1030,265,None,1731,265,None
5209,1030,265,None,1724,265,MoveLeft
5210,1030,265,None,1717,265,MoveLeft
5211,1030,265,None,1710,265,MoveLeft
5212,1030,265,None,1703,265,MoveLeft
5213,1030,265,None,1696,265,MoveLeft
5214,1030,265,None,1689,265,MoveLeft
5215,1030,265,None,1682,265,MoveLeft
5216,1030,265,None,1675,265,MoveLeft
5217,1030,265,None,1668,265,MoveLeft
5218,1030,265,None,1661,265,MoveLeft
5219,1030,265,None,1654,265,MoveLeft
5220,1030,265,None,1647,265,MoveLeft
5221,1030,265,None,1640,265,MoveLeft
5222,1030,265,None,1633,265,MoveLeft
5223,1030,265,None,1626,265,MoveLeft
5224,1030,265,None,1619,265,MoveLeft
5228,1037,265,MoveRight,1619,265,None
5258,1044,265,MoveRight,1619,265,None
5259,1051,265,MoveRight,1619,265,None
5260,1058,265,MoveRight,1619,265,None
5261,1065,265,MoveRight,1619,265,None
5262,1072,265,MoveRight,1619,265,None
5263,1079,265,MoveRight,1619,265,None
5264,1086,265,MoveRight,1619,265,None
5265,1093,265,MoveRight,1619,265,None
5266,1100,265,MoveRight,1619,265,None
5267,1107,265,MoveRight,1619,265,None
5268,1114,265,MoveRight,1619,265,None
5269,1121,265,MoveRight,1619,265,None
5270,1128,265,MoveRight,1619,265,None
5271,1135,265,MoveRight,1619,265,None
5272,1142,265,MoveRight,1619,265,None
5273,1149,265,MoveRight,1619,265,None
5274,1156,265,MoveRight,1619,265,None
5275,1163,265,MoveRight,1619,265,None
5276,1170,265,MoveRight,1619,265,None
5277,1177,265,MoveRight,1619,265,None
5278,1184,265,MoveRight,1619,265,None
5279,1191,265,MoveRight,1619,265,None
5280,1198,265,MoveRight,1619,265,None
5281,1205,265,MoveRight,1619,265,None
5282,1212,265,MoveRight,1619,265,None
5283,1219,265,MoveRight,1619,265,None
5284,1226,265,MoveRight,1619,265,None
5285,1233,265,MoveRight,1619,265,None
5286,1240,265,MoveRight,1619,265,None
5287,1247,265,MoveRight,1619,265,None
5288,1254,265,MoveRight,1619,265,None
5289,1261,265,MoveRight,1619,265,None
5290,1268,265,MoveRight,1619,265,None
5291,1275,265,MoveRight,1619,265,None
5292,1282,265,MoveRight,1619,265,None
5293,1289,265,MoveRight,1619,265,None
5294,1296,265,MoveRight,1619,265,None
5295,1303,265,MoveRight,1619,265,None
5312,1303,265,None,1619,265,SpikeLight
5312,1303,265,None,1619,265,None
5322,1296,265,MoveLeft,1619,265,None
5323,1289,265,MoveLeft,1619,265,None
5323,1289,265,None,1626,265,MoveRight
5324,1282,265,MoveLeft,1626,265,None
5324,1282,265,None,1633,265,MoveRight
5325,1275,265,MoveLeft,1633,265,None
5325,1275,265,None,1640,265,MoveRight
5326,1268,265,MoveLeft,1640,265,None
5326,1268,265,None,1647,265,MoveRight
5327,1261,265,MoveLeft,1647,265,None
5327,1261,265,None,1654,265,MoveRight
5328,1254,265,MoveLeft,1654,265,None
5328,1254,265,None,1661,265,MoveRight
5329,1247,265,MoveLeft,1661,265,None
5329,1247,265,None,1668,265,MoveRight
5330,1240,265,MoveLeft,1668,265,None
5330,1240,265,None,1675,265,MoveRight
5331,1233,265,MoveLeft,1675,265,None
5331,1233,265,None,1682,265,MoveRight
5332,1226,265,MoveLeft,1682,265,None
5332,1226,265,None,1689,265,MoveRight
5333,1219,265,MoveLeft,1689,265,None
5333,1219,265,None,1696,265,MoveRight
5334,1212,265,MoveLeft,1696,265,None
5334,1212,265,None,1703,265,MoveRight
5335,1205,265,MoveLeft,1703,265,None
5335,1205,265,None,1710,265,MoveRight
5336,1198,265,MoveLeft,1710,265,None
5336,1198,265,None,1717,265,MoveRight
5337,1191,265,MoveLeft,1717,265,None
5337,1191,265,None,1724,265,MoveRight
5338,1184,265,MoveLeft,1724,265,None
5338,1184,265,None,1724,265,None
5339,1177,265,MoveLeft,1724,265,None
5339,1177,265,None,1724,265,None
5340,1170,265,MoveLeft,1724,265,None
5340,1170,265,None,1724,265,None
5341,1163,265,MoveLeft,1724,265,None
5341,1163,265,None,1724,265,None
5342,1156,265,MoveLeft,1724,265,None
5342,1156,265,None,1724,265,None
5343,1149,265,MoveLeft,1724,265,None
5343,1149,265,None,1724,265,None
5344,1142,265,MoveLeft,1724,265,None
5344,1142,265,None,1724,265,None
5345,1135,265,MoveLeft,1724,265,None
5345,1135,265,None,1724,265,None
5346,1135,265,None,1724,265,None
5347,1135,265,None,1724,265,None
5348,1135,265,None,1724,265,None
5349,1135,265,None,1724,265,None
5350,1135,265,None,1724,265,None
5351,1135,265,None,1724,265,None
5352,1135,265,None,1724,265,None
5353,1135,265,None,1724,265,None
5354,1135,265,None,1724,265,None
5355,1135,265,None,1724,265,None
5356,1135,265,None,1724,265,None
5357,1135,265,None,1724,265,None
5358,1135,265,None,1724,265,None
5359,1135,265,None,1724,265,None
5360,1135,265,None,1724,265,None
5361,1135,265,None,1724,265,None
5362,1135,265,None,1724,265,None
5363,1135,265,None,1724,265,None
5364,1135,265,None,1724,265,None
5364,1135,265,None,1724,265,None
5365,1135,265,None,1724,265,None
5366,1135,265,None,1724,265,None
5367,1135,265,None,1724,265,None
5368,1135,265,None,1724,265,None
5369,1135,265,None,1724,265,None
5370,1135,265,None,1724,265,None
5371,1135,265,None,1724,265,None
5372,1135,265,None,1724,265,None
5373,1135,265,None,1724,265,None
5374,1135,265,None,1724,265,None
5375,1135,265,None,1724,265,None
5376,1135,265,None,1724,265,None
5377,977,265,MoveRight,2410,265,None
5378,984,265,MoveRight,2410,265,None
5379,991,265,MoveRight,2410,265,None
5380,998,265,MoveRight,2410,265,None
5381,1005,265,MoveRight,2410,265,None
5382,1012,265,MoveRight,2410,265,None
5383,1019,265,MoveRight,2410,265,None
5384,1026,265,MoveRight,2410,265,None
5385,1033,265,MoveRight,2410,265,None
5386,1040,265,MoveRight,2410,265,None
5387,1047,265,MoveRight,2410,265,None
5388,1054,265,MoveRight,2410,265,None
5389,1061,265,MoveRight,2410,265,None
5427,1061,265,None,2410,265,Serve
5427,1061,265,None,2410,265,None
5447,1061,265,None,2403,265,MoveLeft
5448,1061,265,None,2396,265,MoveLeft
5449,1061,265,None,2389,265,MoveLeft
5450,1061,265,None,2382,265,MoveLeft
5451,1061,265,None,2375,265,MoveLeft
5452,1061,265,None,2368,265,MoveLeft
5453,1061,265,None,2361,265,MoveLeft
5454,1061,265,None,2354,265,MoveLeft
5455,1061,265,None,2347,265,MoveLeft
5456,1061,265,None,2340,265,MoveLeft
5457,1061,265,None,2333,265,MoveLeft
5458,1061,265,None,2326,265,MoveLeft
5459,1061,265,None,2319,265,MoveLeft
5460,1061,265,None,2312,265,MoveLeft
5461,1061,265,None,2305,265,MoveLeft
5462,1061,265,None,2298,265,MoveLeft
5463,1061,265,None,2291,265,MoveLeft
5464,1061,265,None,2284,265,MoveLeft
5465,1061,265,None,2277,265,MoveLeft
5466,1061,265,None,2270,265,MoveLeft
5467,1061,265,None,2263,265,MoveLeft
5468,1061,265,None,2256,265,MoveLeft
5469,1061,265,None,2249,265,MoveLeft
5470,1061,265,None,2242,265,MoveLeft
5471,1061,265,None,2235,265,MoveLeft
5472,1061,265,None,2228,265,MoveLeft
5473,1061,265,None,2221,265,MoveLeft
5474,1061,265,None,2214,265,MoveLeft
5475,1061,265,None,2207,265,MoveLeft
5476,1061,265,None,2200,265,MoveLeft
5477,1061,265,None,2193,265,MoveLeft
5478,1061,265,None,2186,265,MoveLeft
5479,1061,265,None,2179,265,MoveLeft
5480,1061,265,None,2172,265,MoveLeft
5481,1061,265,None,2165,265,MoveLeft
5482,1054,265,MoveLeft,2165,265,None
5482,1054,265,None,2158,265,MoveLeft
5483,1047,265,MoveLeft,2158,265,None
5483,1047,265,None,2151,265,MoveLeft
5484,1040,265,MoveLeft,2151,265,None
5484,1040,265,None,2144,265,MoveLeft
5485,1033,265,MoveLeft,2144,265,None
5485,1033,265,None,2137,265,MoveLeft
5486,1026,265,MoveLeft,2137,265,None
5486,1026,265,None,2130,265,MoveLeft
5487,1019,265,MoveLeft,2130,265,None
5487,1019,265,None,2123,265,MoveLeft
5488,1012,265,MoveLeft,2123,265,None
5488,1012,265,None,2116,265,MoveLeft
5489,1005,265,MoveLeft,2116,265,None
5489,1005,265,None,2109,265,MoveLeft
5490,1005,265,None,2102,265,MoveLeft
5491,998,265,MoveLeft,2102,265,None
5491,998,265,None,2095,265,MoveLeft
5492,991,265,MoveLeft,2095,265,None
5492,991,265,None,2088,265,MoveLeft
5493,984,265,MoveLeft,2088,265,None
5493,984,265,None,2081,265,MoveLeft
5494,977,265,MoveLeft,2081,265,None
5494,977,265,None,2074,265,MoveLeft
5495,970,265,MoveLeft,2074,265,None
5495,970,265,None,2067,265,MoveLeft
5496,963,265,MoveLeft,2067,265,None
5496,963,265,None,2060,265,MoveLeft
5497,963,265,Bump,2060,265,None
5497,956,265,MoveLeft,2060,265,None
5497,956,265,None,2053,265,MoveLeft
5498,956,265,None,2046,265,MoveLeft
5499,956,265,None,2039,265,MoveLeft
5500,956,265,None,2032,265,MoveLeft
5501,956,265,None,2025,265,MoveLeft
5502,956,265,None,2018,265,MoveLeft
5503,956,265,None,2011,265,MoveLeft
5504,956,265,None,2004,265,MoveLeft
5505,956,265,None,1997,265,MoveLeft
5506,956,265,None,1990,265,MoveLeft
5507,956,265,None,1983,265,MoveLeft
5508,956,265,None,1976,265,MoveLeft
5509,956,265,None,1969,265,MoveLeft
5510,956,265,None,1962,265,MoveLeft
5511,956,265,None,1955,265,MoveLeft
5512,956,265,None,1948,265,MoveLeft
5513,956,265,None,1941,265,MoveLeft
5514,956,265,None,1934,265,MoveLeft
5515,956,265,None,1927,265,MoveLeft
5516,956,265,None,1920,265,MoveLeft
5517,963,265,MoveRight,1920,265,None
5517,963,265,None,1913,265,MoveLeft
5518,970,265,MoveRight,1913,265,None
5518,970,265,None,1906,265,MoveLeft
5519,977,265,MoveRight,1906,265,None
5519,977,265,None,1899,265,MoveLeft
5520,984,265,MoveRight,1899,265,None
5520,984,265,None,1892,265,MoveLeft
5521,991,265,MoveRight,1892,265,None
5521,991,265,None,1885,265,MoveLeft
5522,998,265,MoveRight,1885,265,None
5522,998,265,None,1878,265,MoveLeft
5523,1005,265,MoveRight,1878,265,None
5523,1005,265,None,1871,265,MoveLeft
5524,1012,265,MoveRight,1871,265,None
5524,1012,265,None,1864,265,MoveLeft
5525,1019,265,MoveRight,1864,265,None
5525,1019,265,None,1857,265,MoveLeft
5526,1026,265,MoveRight,1857,265,None
5526,1026,265,None,1850,265,MoveLeft
5527,1033,265,MoveRight,1850,265,None
5527,1033,265,None,1843,265,MoveLeft
5528,1040,265,MoveRight,1843,265,None
5528,1040,265,None,1836,265,MoveLeft
5529,1047,265,MoveRight,1836,265,None
5529,1047,265,None,1829,265,MoveLeft
5530,1054,265,MoveRight,1829,265,None
5530,1054,265,None,1822,265,MoveLeft
5531,1061,265,MoveRight,1822,265,None
5531,1061,265,None,1815,265,MoveLeft
5532,1068,265,MoveRight,1815,265,None
5532,1068,265,None,1808,265,MoveLeft
5533,1075,265,MoveRight,1808,265,None
5533,1075,265,None,1801,265,MoveLeft
5534,1082,265,MoveRight,1801,265,None
5534,1082,265,None,1794,265,MoveLeft
5535,1089,265,MoveRight,1794,265,None
5535,1089,265,None,1787,265,MoveLeft
5536,1096,265,MoveRight,1787,265,None
5536,1096,265,None,1780,265,MoveLeft
5537,1103,265,MoveRight,1780,265,None
5537,1103,265,None,1773,265,MoveLeft
5538,1110,265,MoveRight,1773,265,None
5538,1110,265,None,1766,265,MoveLeft
5539,1117,265,MoveRight,1766,265,None
5539,1117,265,None,1759,265,MoveLeft
5540,1124,265,MoveRight,1759,265,None
5540,1124,265,None,1752,265,MoveLeft
5541,1131,265,MoveRight,1752,265,None
5541,1131,265,None,1745,265,MoveLeft
5542,1138,265,MoveRight,1745,265,None
5542,1138,265,None,1738,265,MoveLeft
5543,1145,265,MoveRight,1738,265,None
5543,1145,265,None,1731,265,MoveLeft
5544,1152,265,MoveRight,1731,265,None
5544,1152,265,None,1724,265,MoveLeft
5545,1159,265,MoveRight,1724,265,None
5545,1159,265,None,1717,265,MoveLeft
5546,1166,265,MoveRight,1717,265,None
5546,1166,265,None,1710,265,MoveLeft
5547,1173,265,MoveRight,1710,265,None
5547,1173,265,None,1703,265,MoveLeft
5548,1180,265,MoveRight,1703,265,None
5548,1180,265,None,1696,265,MoveLeft
5549,1187,265,MoveRight,1696,265,None
5549,1187,265,None,1689,265,MoveLeft
5550,1194,265,MoveRight,1689,265,None
5550,1194,265,None,1682,265,MoveLeft
5551,1201,265,MoveRight,1682,265,None
5551,1201,265,None,1675,265,MoveLeft
5552,1208,265,MoveRight,1675,265,None
5552,1208,265,None,1668,265,MoveLeft
5553,1215,265,MoveRight,1668,265,None
5553,1215,265,None,1661,265,MoveLeft
5554,1222,265,MoveRight,1661,265,None
5554,1222,265,None,1654,265,MoveLeft
5555,1229,265,MoveRight,1654,265,None
5555,1229,265,None,1647,265,MoveLeft
5556,1236,265,MoveRight,1647,265,None
5556,1236,265,None,1640,265,MoveLeft
5557,1243,265,MoveRight,1640,265,None
5557,1243,265,None,1633,265,MoveLeft
5558,1250,265,MoveRight,1633,265,None
5558,1250,265,None,1626,265,MoveLeft
5559,1257,265,MoveRight,1626,265,None
5559,1257,265,None,1619,265,MoveLeft
5560,1264,265,MoveRight,1619,265,None
5560,1264,265,None,1612,265,MoveLeft
5561,1271,265,MoveRight,1612,265,None
5561,1271,265,None,1605,265,MoveLeft
5562,1278,265,MoveRight,1605,265,None
5562,1278,265,None,1598,265,MoveLeft
5563,1285,265,MoveRight,1598,265,None
5563,1285,265,None,1591,265,MoveLeft
5564,1292,265,MoveRight,1591,265,None
5564,1292,265,None,1584,265,MoveLeft
5565,1299,265,MoveRight,1584,265,None
5565,1299,265,None,1577,265,MoveLeft
5566,1306,265,MoveRight,1577,265,None
5566,1306,265,None,1570,265,MoveLeft
5567,1313,265,MoveRight,1570,265,None
5567,1313,265,None,1563,265,MoveLeft
5568,1320,265,MoveRight,1563,265,None
5568,1320,265,None,1556,265,MoveLeft
5569,1326,265,None,1549,265,MoveLeft
5570,1326,265,None,1542,265,MoveLeft
5571,1326,265,None,1535,265,MoveLeft
5572,1326,265,None,1528,265,MoveLeft
5573,1326,265,None,1521,265,MoveLeft
5574,1326,265,None,1514,265,MoveLeft
5575,1326,265,None,1507,265,MoveLeft
5576,1326,265,None,1500,265,MoveLeft
5577,1326,265,None,1493,265,MoveLeft
5578,1326,265,None,1486,265,MoveLeft
5579,1326,265,None,1479,265,MoveLeft
5596,1326,265,None,1479,265,SpikeLight
5596,1326,265,None,1479,265,None
5597,1319,265,MoveLeft,1479,265,None
5598,1312,265,MoveLeft,1479,265,None
5599,1305,265,MoveLeft,1479,265,None
5600,1298,265,MoveLeft,1479,265,None
5601,1291,265,MoveLeft,1479,265,None
5602,1284,265,MoveLeft,1479,265,None
5603,1277,265,MoveLeft,1479,265,None
5604,1270,265,MoveLeft,1479,265,None
5605,1263,265,MoveLeft,1479,265,None
5606,1256,265,MoveLeft,1479,265,None
5607,1249,265,MoveLeft,1479,265,None
5607,1249,265,None,1486,265,MoveRight
5608,1242,265,MoveLeft,1486,265,None
5608,1242,265,None,1493,265,MoveRight
5609,1235,265,MoveLeft,1493,265,None
5609,1235,265,None,1500,265,MoveRight
5610,1228,265,MoveLeft,1500,265,None
5610,1228,265,None,1507,265,MoveRight
5611,1221,265,MoveLeft,1507,265,None
5611,1221,265,None,1514,265,MoveRight
5612,1214,265,MoveLeft,1514,265,None
5612,1214,265,None,1521,265,MoveRight
5613,1207,265,MoveLeft,1521,265,None
5613,1207,265,None,1528,265,MoveRight
5614,1200,265,MoveLeft,1528,265,None
5614,1200,265,None,1535,265,MoveRight
5615,1193,265,MoveLeft,1535,265,None
5615,1193,265,None,1542,265,MoveRight
5616,1186,265,MoveLeft,1542,265,None
5616,1186,265,None,1549,265,MoveRight
5617,1179,265,MoveLeft,1549,265,None
5617,1179,265,None,1556,265,MoveRight
5618,1172,265,MoveLeft,1556,265,None
5618,1172,265,None,1563,265,MoveRight
5619,1165,265,MoveLeft,1563,265,None
5619,1165,265,None,1570,265,MoveRight
5620,1158,265,MoveLeft,1570,265,None
5620,1158,265,None,1577,265,MoveRight
5621,1151,265,MoveLeft,1577,265,None
5621,1151,265,None,1584,265,MoveRight
5622,1144,265,MoveLeft,1584,265,None
5622,1144,265,None,1591,265,MoveRight
5623,1137,265,MoveLeft,1591,265,None
5623,1137,265,None,1598,265,MoveRight
5624,1130,265,MoveLeft,1598,265,None
5624,1130,265,None,1605,265,MoveRight
5625,1123,265,MoveLeft,1605,265,None
5625,1123,265,None,1612,265,MoveRight
5626,1116,265,MoveLeft,1612,265,None
5626,1116,265,None,1619,265,MoveRight
5627,1109,265,MoveLeft,1619,265,None
5627,1109,265,None,1626,265,MoveRight
5628,1102,265,MoveLeft,1626,265,None
5628,1102,265,None,1633,265,MoveRight
5629,1095,265,MoveLeft,1633,265,None
5629,1095,265,None,1640,265,MoveRight
5630,1088,265,MoveLeft,1640,265,None
5630,1088,265,None,1647,265,MoveRight
5631,1081,265,MoveLeft,1647,265,None
5631,1081,265,None,1654,265,MoveRight
5632,1074,265,MoveLeft,1654,265,None
5632,1074,265,None,1661,265,MoveRight
5633,1067,265,MoveLeft,1661,265,None
5633,1067,265,None,1668,265,MoveRight
5634,1060,265,MoveLeft,1668,265,None
5634,1060,265,None,1675,265,MoveRight
5635,1053,265,MoveLeft,1675,265,None
5635,1053,265,None,1682,265,MoveRight
5636,1046,265,MoveLeft,1682,265,None
5636,1046,265,None,1689,265,MoveRight
5637,1039,265,MoveLeft,1689,265,None
5637,1039,265,None,1696,265,MoveRight
5638,1039,265,None,1703,265,MoveRight
5639,1039,265,None,1710,265,MoveRight
5640,1039,265,None,1717,265,MoveRight
5641,1046,265,MoveRight,1717,265,None
5641,1046,265,None,1724,265,MoveRight
5642,1053,265,MoveRight,1724,265,None
5642,1053,265,None,1724,265,None
5643,1060,265,MoveRight,1724,265,None
5643,1060,265,None,1724,265,None
5644,1067,265,MoveRight,1724,265,None
5644,1067,265,None,1724,265,None
5645,1074,265,MoveRight,1724,265,None
5645,1074,265,None,1724,265,None
5646,1081,265,MoveRight,1724,265,None
5646,1081,265,None,1724,265,None
5647,1088,265,MoveRight,1724,265,None
5647,1088,265,None,1724,265,None
5648,1095,265,MoveRight,1724,265,None
5648,1095,265,None,1724,265,None
5649,1102,265,MoveRight,1724,265,None
5649,1102,265,None,1724,265,None
5650,1109,265,MoveRight,1724,265,None
5650,1109,265,None,1724,265,None
5651,1116,265,MoveRight,1724,265,None
5651,1116,265,None,1724,265,None
5652,1123,265,MoveRight,1724,265,None
5652,1123,265,None,1724,265,None
5653,1123,265,Bump,1724,265,None
5653,1130,265,MoveRight,1724,265,None
5653,1130,265,None,1724,265,None
5654,1130,265,None,1717,265,MoveLeft
5655,1130,265,None,1710,265,MoveLeft
5656,1130,265,None,1703,265,MoveLeft
5657,1130,265,None,1696,265,MoveLeft
5658,1130,265,None,1689,265,MoveLeft
5659,1130,265,None,1682,265,MoveLeft
5660,1130,265,None,1675,265,MoveLeft
5661,1130,265,None,1668,265,MoveLeft
5662,1130,265,None,1661,265,MoveLeft
5663,1130,265,None,1654,265,MoveLeft
5674,1137,265,MoveRight,1654,265,None
5675,1144,265,MoveRight,1654,265,None
5676,1151,265,MoveRight,1654,265,None
5677,1158,265,MoveRight,1654,265,None
5678,1165,265,MoveRight,1654,265,None
5679,1172,265,MoveRight,1654,265,None
5680,1179,265,MoveRight,1654,265,None
5681,1186,265,MoveRight,1654,265,None
5682,1193,265,MoveRight,1654,265,None
5683,1200,265,MoveRight,1654,265,None
5684,1207,265,MoveRight,1654,265,None
5685,1214,265,MoveRight,1654,265,None
5686,1221,265,MoveRight,1654,265,None
5687,1228,265,MoveRight,1654,265,None
5688,1235,265,MoveRight,1654,265,None
5689,1242,265,MoveRight,1654,265,None
5690,1249,265,MoveRight,1654,265,None
5691,1256,265,MoveRight,1654,265,None
5692,1263,265,MoveRight,1654,265,None
5693,1270,265,MoveRight,1654,265,None
5694,1277,265,MoveRight,1654,265,None
5695,1284,265,MoveRight,1654,265,None
5696,1291,265,MoveRight,1654,265,None
5697,1298,265,MoveRight,1654,265,None
5698,1305,265,MoveRight,1654,265,None
5699,1312,265,MoveRight,1654,265,None
5700,1319,265,MoveRight,1654,265,None
5701,1326,265,MoveRight,1654,265,None
5720,1319,265,MoveLeft,1654,265,None
5721,1312,265,MoveLeft,1654,265,None
5722,1305,265,MoveLeft,1654,265,None
5723,1298,265,MoveLeft,1654,265,None
5724,1291,265,MoveLeft,1654,265,None
5725,1284,265,MoveLeft,1654,265,None
5726,1277,265,MoveLeft,1654,265,None
5727,1270,265,MoveLeft,1654,265,None
5728,1263,265,MoveLeft,1654,265,None
5729,1256,265,MoveLeft,1654,265,None
5730,1249,265,MoveLeft,1654,265,None
5731,1242,265,MoveLeft,1654,265,None
5732,1235,265,MoveLeft,1654,265,None
5733,1228,265,MoveLeft,1654,265,None
5734,1221,265,MoveLeft,1654,265,None
5735,1214,265,MoveLeft,1654,265,None
5736,1207,265,MoveLeft,1654,265,None
5737,1200,265,MoveLeft,1654,265,None
5738,1193,265,MoveLeft,1654,265,None
5739,1186,265,MoveLeft,1654,265,None
5740,1179,265,MoveLeft,1654,265,None
5741,1172,265,MoveLeft,1654,265,None
5742,1165,265,MoveLeft,1654,265,None
5743,1158,265,MoveLeft,1654,265,None
5744,1151,265,MoveLeft,1654,265,None
5745,1144,265,MoveLeft,1654,265,None
5746,1137,265,MoveLeft,1654,265,None
5747,1130,265,MoveLeft,1654,265,None
5748,1123,265,MoveLeft,1654,265,None
5749,1116,265,MoveLeft,1654,265,None
5750,1109,265,MoveLeft,1654,265,None
5751,1102,265,MoveLeft,1654,265,None
5752,1102,265,None,1654,265,SpikeLight
5752,1095,265,MoveLeft,1654,265,None
5752,1095,265,None,1654,265,None
5753,1088,265,MoveLeft,1654,265,None
5754,1081,265,MoveLeft,1654,265,None
5755,1074,265,MoveLeft,1654,265,None
5756,1067,265,MoveLeft,1654,265,None
5757,1060,265,MoveLeft,1654,265,None
5758,1053,265,MoveLeft,1654,265,None
5759,1046,265,MoveLeft,1654,265,None
5763,1046,265,None,1661,265,MoveRight
5764,1046,265,None,1668,265,MoveRight
5765,1046,265,None,1675,265,MoveRight
5766,1046,265,None,1682,265,MoveRight
5767,1046,265,None,1689,265,MoveRight
5768,1046,265,None,1696,265,MoveRight
5769,1046,265,None,1703,265,MoveRight
5770,1046,265,None,1710,265,MoveRight
5771,1046,265,None,1717,265,MoveRight
5772,1046,265,None,1724,265,MoveRight
5773,1046,265,None,1724,265,None
5774,1046,265,None,1724,265,None
5775,1046,265,None,1724,265,None
5776,1046,265,None,1724,265,None
5777,1046,265,None,1724,265,None
5778,1046,265,None,1724,265,None
5779,1046,265,None,1724,265,None
5780,1046,265,None,1724,265,None
5781,1046,265,None,1724,265,None
5782,1046,265,None,1724,265,None
5783,1046,265,None,1724,265,None
5784,1046,265,None,1724,265,None
5785,1046,265,None,1724,265,None
5786,1046,265,None,1724,265,None
5787,1053,265,MoveRight,1724,265,None
5787,1053,265,None,1724,265,None
5788,1060,265,MoveRight,1724,265,None
5788,1060,265,None,1724,265,None
5789,1067,265,MoveRight,1724,265,None
5789,1067,265,None,1724,265,None
5790,1074,265,MoveRight,1724,265,None
5790,1074,265,None,1724,265,None
5791,1081,265,MoveRight,1724,265,None
5791,1081,265,None,1724,265,None
5792,1088,265,MoveRight,1724,265,None
5792,1088,265,None,1724,265,None
5793,1095,265,MoveRight,1724,265,None
5793,1095,265,None,1724,265,None
5794,1102,265,MoveRight,1724,265,None
5794,1102,265,None,1724,265,None
5795,1109,265,MoveRight,1724,265,None
5795,1109,265,None,1724,265,None
5796,1116,265,MoveRight,1724,265,None
5796,1116,265,None,1724,265,None
5797,1123,265,MoveRight,1724,265,None
5797,1123,265,None,1724,265,None
5798,1130,265,MoveRight,1724,265,None
5798,1130,265,None,1724,265,None
5799,1130,265,None,1724,265,None
5800,1130,265,None,1724,265,None
5801,1130,265,None,1724,265,None
5802,1130,265,None,1724,265,None
5803,1130,265,None,1724,265,None
5804,1130,265,None,1724,265,None
5805,1137,265,MoveRight,1724,265,None
5805,1137,265,None,1724,265,None
5806,1144,265,MoveRight,1724,265,None
5806,1144,265,None,1724,265,None
5807,1151,265,MoveRight,1724,265,None
5807,1151,265,None,1724,265,None
5808,1158,265,MoveRight,1724,265,None
5808,1158,265,None,1724,265,None
5809,1165,265,MoveRight,1724,265,None
5809,1165,265,None,1724,265,None
5810,1158,265,MoveLeft,1724,265,None
5810,1158,265,None,1724,265,None
5811,1151,265,MoveLeft,1724,265,None
5811,1151,265,None,1724,265,None
5812,1144,265,MoveLeft,1724,265,None
5812,1144,265,None,1724,265,None
5813,1137,265,MoveLeft,1724,265,None
5813,1137,265,None,1724,265,None
5814,1130,265,MoveLeft,1724,265,None
5814,1130,265,None,1724,265,None
5815,1123,265,MoveLeft,1724,265,None
5815,1123,265,None,1724,265,None
5816,1116,265,MoveLeft,1724,265,None
5816,1116,265,None,1724,265,None
5817,1109,265,MoveLeft,1724,265,None
5817,1109,265,None,1724,265,None
5818,1102,265,MoveLeft,1724,265,None
5818,1102,265,None,1724,265,None
5819,1095,265,MoveLeft,1724,265,None
5819,1095,265,None,1724,265,None
5820,1088,265,MoveLeft,1724,265,None
5820,1088,265,None,1724,265,None
5821,1081,265,MoveLeft,1724,265,None
5821,1081,265,None,1724,265,None
5822,1074,265,MoveLeft,1724,265,None
5822,1074,265,None,1724,265,None
5823,1067,265,MoveLeft,1724,265,None
5823,1067,265,None,1724,265,None
5824,1060,265,MoveLeft,1724,265,None
5824,1060,265,None,1724,265,None
5825,1053,265,MoveLeft,1724,265,None
5825,1053,265,None,1724,265,None
5826,1046,265,MoveLeft,1724,265,None
5826,1046,265,None,1724,265,None
5827,1039,265,MoveLeft,1724,265,None
5827,1039,265,None,1724,265,None
5828,1032,265,MoveLeft,1724,265,None
5828,1032,265,None,1724,265,None
5829,1025,265,MoveLeft,1724,265,None
5829,1025,265,None,1724,265,None
5830,1018,265,MoveLeft,1724,265,None
5830,1018,265,None,1724,265,None
5831,1011,265,MoveLeft,1724,265,None
5831,1011,265,None,1724,265,None
5832,1011,265,None,1724,265,None
5832,1011,265,None,1724,265,None
5833,1011,265,None,1724,265,None
5833,1011,265,None,1724,265,None
5834,1011,265,None,1724,265,None
5834,1011,265,None,1724,265,None
5835,1011,265,None,1724,265,None
5835,1011,265,None,1724,265,None
5836,1011,265,None,1724,265,None
5836,1011,265,None,1724,265,None
5837,1011,265,None,1724,265,None
5837,1011,265,None,1724,265,None
5838,1011,265,None,1724,265,None
5838,1011,265,None,1724,265,None
5839,1011,265,None,1724,265,None
5839,1011,265,None,1724,265,None
5840,1011,265,None,1724,265,None
5840,1011,265,None,1724,265,None
5841,1011,265,None,1724,265,None
5841,1011,265,None,1724,265,None
5842,1011,265,None,1724,265,None
5842,1011,265,None,1724,265,None
5843,1011,265,None,1724,265,None
5843,1011,265,None,1724,265,None
5844,1011,265,None,1724,265,None
5844,1011,265,None,1724,265,None
5845,1011,265,None,1724,265,None
5845,1011,265,None,1724,265,None
5846,1011,265,None,1724,265,None
5846,1011,265,None,1724,265,None
5847,1011,265,None,1724,265,None
5847,1011,265,None,1724,265,None
5848,1011,265,None,1724,265,None
5848,1011,265,None,1724,265,None
5849,1011,265,None,1724,265,None
5849,1011,265,None,1724,265,None
5850,1011,265,None,1724,265,None
5850,1011,265,None,1724,265,None
5851,1011,265,None,1724,265,None
5851,1011,265,None,1724,265,None
5852,1011,265,None,1724,265,None
5852,1011,265,None,1724,265,None
5853,1011,265,None,1724,265,None
5853,1011,265,None,1724,265,None
5854,1011,265,None,1724,265,None
5854,1011,265,None,1724,265,None
5855,1011,265,None,1724,265,None
5855,1011,265,None,1724,265,None
5856,1011,265,None,1724,265,None
5856,1011,265,None,1724,265,None
5857,1011,265,None,1724,265,None
5857,1011,265,None,1724,265,None
5858,1011,265,None,1724,265,None
5858,1011,265,None,1724,265,None
5859,1011,265,None,1724,265,None
5860,1011,265,None,1724,265,None
5861,1011,265,None,1724,265,None
5862,1011,265,None,1724,265,None
5863,1011,265,None,1724,265,None
5864,1011,265,None,1724,265,None
5865,1011,265,None,1724,265,None
5866,1011,265,None,1724,265,None
5867,1011,265,None,1724,265,None
5868,1011,265,None,1724,265,None
5869,1011,265,None,1724,265,None
5870,1018,265,MoveRight,1724,265,None
5870,1018,265,None,1724,265,None
5871,1025,265,MoveRight,1724,265,None
5871,1025,265,None,1724,265,None
5872,1032,265,MoveRight,1724,265,None
5872,1032,265,None,1724,265,None
5873,1039,265,MoveRight,1724,265,None
5873,1039,265,None,1724,265,None
5874,1046,265,MoveRight,1724,265,None
5874,1046,265,None,1724,265,None
5875,1053,265,MoveRight,1724,265,None
5875,1053,265,None,1724,265,None
5876,1060,265,MoveRight,1724,265,None
5876,1060,265,None,1724,265,None
5877,977,265,MoveRight,2410,265,None
5878,984,265,MoveRight,2410,265,None
5879,991,265,MoveRight,2410,265,None
5880,998,265,MoveRight,2410,265,None
5881,1005,265,MoveRight,2410,265,None
5882,1012,265,MoveRight,2410,265,None
5883,1019,265,MoveRight,2410,265,None
5884,1026,265,MoveRight,2410,265,None
5885,1033,265,MoveRight,2410,265,None
5886,1040,265,MoveRight,2410,265,None
5887,1047,265,MoveRight,2410,265,None
5888,1054,265,MoveRight,2410,265,None
5889,1061,265,MoveRight,2410,265,None
5890,1068,265,MoveRight,2410,265,None
5891,1075,265,MoveRight,2410,265,None
5892,1082,265,MoveRight,2410,265,None
5893,1089,265,MoveRight,2410,265,None
5894,1096,265,MoveRight,2410,265,None
5895,1103,265,MoveRight,2410,265,None
5896,1110,265,MoveRight,2410,265,None
5927,1110,265,None,2410,265,Serve
5927,1110,265,None,2410,265,None
5947,1110,265,None,2403,265,MoveLeft
5948,1110,265,None,2396,265,MoveLeft
5949,1110,265,None,2389,265,MoveLeft
5950,1110,265,None,2382,265,MoveLeft
5951,1110,265,None,2375,265,MoveLeft
5952,1110,265,None,2368,265,MoveLeft
5953,1110,265,None,2361,265,MoveLeft
5954,1110,265,None,2354,265,MoveLeft
5955,1110,265,None,2347,265,MoveLeft
5956,1110,265,None,2340,265,MoveLeft
5957,1110,265,None,2333,265,MoveLeft
5958,1110,265,None,2326,265,MoveLeft
5959,1110,265,None,2319,265,MoveLeft
5960,1110,265,None,2312,265,MoveLeft
5961,1110,265,None,2305,265,MoveLeft
5962,1110,265,None,2298,265,MoveLeft
5963,1103,265,MoveLeft,2298,265,None
5963,1103,265,None,2291,265,MoveLeft
5964,1096,265,MoveLeft,2291,265,None
5964,1096,265,None,2284,265,MoveLeft
5965,1089,265,MoveLeft,2284,265,None
5965,1089,265,None,2277,265,MoveLeft
5966,1082,265,MoveLeft,2277,265,None
5966,1082,265,None,2270,265,MoveLeft
5967,1075,265,MoveLeft,2270,265,None
5967,1075,265,None,2263,265,MoveLeft
5968,1068,265,MoveLeft,2263,265,None
5968,1068,265,None,2256,265,MoveLeft
5969,1061,265,MoveLeft,2256,265,None
5969,1061,265,None,2249,265,MoveLeft
5970,1054,265,MoveLeft,2249,265,None
5970,1054,265,None,2242,265,MoveLeft
5971,1047,265,MoveLeft,2242,265,None
5971,1047,265,None,2235,265,MoveLeft
5972,1040,265,MoveLeft,2235,265,None
5972,1040,265,None,2228,265,MoveLeft
5973,1033,265,MoveLeft,2228,265,None
5973,1033,265,None,2221,265,MoveLeft
5974,1026,265,MoveLeft,2221,265,None
5974,1026,265,None,2214,265,MoveLeft
5975,1019,265,MoveLeft,2214,265,None
5975,1019,265,None,2207,265,MoveLeft
5976,1012,265,MoveLeft,2207,265,None
5976,1012,265,None,2200,265,MoveLeft
5977,1005,265,MoveLeft,2200,265,None
5977,1005,265,None,2193,265,MoveLeft
5978,998,265,MoveLeft,2193,265,None
5978,998,265,None,2186,265,MoveLeft
5979,991,265,MoveLeft,2186,265,None
5979,991,265,None,2179,265,MoveLeft
5980,984,265,MoveLeft,2179,265,None
5980,984,265,None,2172,265,MoveLeft
5981,977,265,MoveLeft,2172,265,None
5981,977,265,None,2165,265,MoveLeft
5982,970,265,MoveLeft,2165,265,None
5982,970,265,None,2158,265,MoveLeft
5983,963,265,MoveLeft,2158,265,None
5983,963,265,None,2151,265,MoveLeft
5984,956,265,MoveLeft,2151,265,None
5984,956,265,None,2144,265,MoveLeft
5985,949,265,MoveLeft,2144,265,None
5985,949,265,None,2137,265,MoveLeft
5986,942,265,MoveLeft,2137,265,None
5986,942,265,None,2130,265,MoveLeft
5987,935,265,MoveLeft,2130,265,None
5987,935,265,None,2123,265,MoveLeft
5988,928,265,MoveLeft,2123,265,None
5988,928,265,None,2116,265,MoveLeft
5989,921,265,MoveLeft,2116,265,None
5989,921,265,None,2109,265,MoveLeft
5990,914,265,MoveLeft,2109,265,None
5990,914,265,None,2102,265,MoveLeft
5991,907,265,MoveLeft,2102,265,None
5991,907,265,None,2095,265,MoveLeft
5992,900,265,MoveLeft,2095,265,None
5992,900,265,None,2088,265,MoveLeft
5993,893,265,MoveLeft,2088,265,None
5993,893,265,None,2081,265,MoveLeft
5994,886,265,MoveLeft,2081,265,None
5994,886,265,None,2074,265,MoveLeft
5995,879,265,MoveLeft,2074,265,None
5995,879,265,None,2067,265,MoveLeft
5996,872,265,MoveLeft,2067,265,None
5996,872,265,None,2060,265,MoveLeft
5997,872,265,None,2060,265,None
5997,872,265,None,2053,265,MoveLeft
5998,872,265,None,2053,265,None
5998,872,265,None,2046,265,MoveLeft
5999,872,265,Bump,2046,265,None
5999,872,265,None,2046,265,None
5999,872,265,None,2039,265,MoveLeft
6000,872,265,None,2032,265,MoveLeft
6001,872,265,None,2025,265,MoveLeft
6002,872,265,None,2018,265,MoveLeft
6003,872,265,None,2011,265,MoveLeft
6004,872,265,None,2004,265,MoveLeft
6005,872,265,None,1997,265,MoveLeft
6006,872,265,None,1990,265,MoveLeft
6007,872,265,None,1983,265,MoveLeft
6008,872,265,None,1976,265,MoveLeft
6009,872,265,None,1969,265,MoveLeft
6010,872,265,None,1962,265,MoveLeft
6011,872,265,None,1955,265,MoveLeft
6012,872,265,None,1948,265,MoveLeft
6013,872,265,None,1941,265,MoveLeft
6014,872,265,None,1934,265,MoveLeft
6015,872,265,None,1927,265,MoveLeft
6016,872,265,None,1920,265,MoveLeft
6017,872,265,None,1913,265,MoveLeft
6018,879,265,MoveRight,1913,265,None
6018,879,265,None,1906,265,MoveLeft
6019,886,265,MoveRight,1906,265,None
6019,886,265,None,1899,265,MoveLeft
6020,893,265,MoveRight,1899,265,None
6020,893,265,None,1892,265,MoveLeft
6021,900,265,MoveRight,1892,265,None
6021,900,265,None,1885,265,MoveLeft
6022,907,265,MoveRight,1885,265,None
6022,907,265,None,1878,265,MoveLeft
6023,914,265,MoveRight,1878,265,None
6023,914,265,None,1871,265,MoveLeft
6024,921,265,MoveRight,1871,265,None
6024,921,265,None,1864,265,MoveLeft
6025,928,265,MoveRight,1864,265,None
6025,928,265,None,1857,265,MoveLeft
6026,935,265,MoveRight,1857,265,None
6026,935,265,None,1850,265,MoveLeft
6027,942,265,MoveRight,1850,265,None
6027,942,265,None,1843,265,MoveLeft
6028,949,265,MoveRight,1843,265,None
6028,949,265,None,1836,265,MoveLeft
6029,956,265,MoveRight,1836,265,None
6029,956,265,None,1829,265,MoveLeft
6030,963,265,MoveRight,1829,265,None
6030,963,265,None,1822,265,MoveLeft
6031,970,265,MoveRight,1822,265,None
6031,970,265,None,1815,265,MoveLeft
6032,977,265,MoveRight,1815,265,None
6032,977,265,None,1808,265,MoveLeft
6033,984,265,MoveRight,1808,265,None
6033,984,265,None,1801,265,MoveLeft
6034,991,265,MoveRight,1801,265,None
6034,991,265,None,1794,265,MoveLeft
6035,998,265,MoveRight,1794,265,None
6035,998,265,None,1787,265,MoveLeft
6036,1005,265,MoveRight,1787,265,None
6036,1005,265,None,1780,265,MoveLeft
6037,1012,265,MoveRight,1780,265,None
6037,1012,265,None,1773,265,MoveLeft
6038,1019,265,MoveRight,1773,265,None
6038,1019,265,None,1766,265,MoveLeft
6039,1026,265,MoveRight,1766,265,None
6039,1026,265,None,1759,265,MoveLeft
6040,1033,265,MoveRight,1759,265,None
6040,1033,265,None,1752,265,MoveLeft
6041,1040,265,MoveRight,1752,265,None
6041,1040,265,None,1745,265,MoveLeft
6042,1047,265,MoveRight,1745,265,None
6042,1047,265,None,1738,265,MoveLeft
6043,1054,265,MoveRight,1738,265,None
6043,1054,265,None,1731,265,MoveLeft
6044,1061,265,MoveRight,1731,265,None
6045,1068,265,MoveRight,1731,265,None
6046,1075,265,MoveRight,1731,265,None
6047,1082,265,MoveRight,1731,265,None
6048,1089,265,MoveRight,1731,265,None
6049,1096,265,MoveRight,1731,265,None
6050,1103,265,MoveRight,1731,265,None
6051,1110,265,MoveRight,1731,265,None
6052,1117,265,MoveRight,1731,265,None
6053,1124,265,MoveRight,1731,265,None
6054,1131,265,MoveRight,1731,265,None
6055,1138,265,MoveRight,1731,265,None
6056,1145,265,MoveRight,1731,265,None
6057,1152,265,MoveRight,1731,265,None
6058,1159,265,MoveRight,1731,265,None
6059,1166,265,MoveRight,1731,265,None
6060,1173,265,MoveRight,1731,265,None
6061,1180,265,MoveRight,1731,265,None
6062,1187,265,MoveRight,1731,265,None
6063,1194,265,MoveRight,1731,265,None
6064,1201,265,MoveRight,1731,265,None
6065,1208,265,MoveRight,1731,265,None
6066,1215,265,MoveRight,1731,265,None
6067,1222,265,MoveRight,1731,265,None
6068,1229,265,MoveRight,1731,265,None
6069,1236,265,MoveRight,1731,265,None
6070,1243,265,MoveRight,1731,265,None
6071,1250,265,MoveRight,1731,265,None
6072,1257,265,MoveRight,1731,265,None
6081,1257,284.62,None,1731,265,None
6086,1260.5,343.48,MoveRight,1731,265,None
6087,1264,353.29,MoveRight,1731,265,None
6087,1264,353.29,None,1724,265,MoveLeft
6088,1267.5,363.1,MoveRight,1724,265,None
6089,1271,372.91,MoveRight,1724,265,None
6090,1274.5,382.72,MoveRight,1724,265,None
6091,1278,392.53,MoveRight,1724,265,None
6092,1281.5,402.34,MoveRight,1724,265,None
6093,1285,412.15,MoveRight,1724,265,None
6094,1288.5,421.96,MoveRight,1724,265,None
6095,1292,431.77,MoveRight,1724,265,None
6096,1295.5,441.58,MoveRight,1724,265,None
6097,1299,451.39,MoveRight,1724,265,None
6098,1302.5,461.2,MoveRight,1724,265,None
6099,1306,471.01,MoveRight,1724,265,None
6100,1309.5,480.82,MoveRight,1724,265,None
6101,1313,490.63,MoveRight,1724,265,None
6102,1316.5,500.44,MoveRight,1724,265,None
6103,1320,510.25,MoveRight,1724,265,None
6104,1323.5,520.06,MoveRight,1724,265,None
6118,1322.5,500.44,MoveLeft,1724,265,None
6119,1319,490.63,MoveLeft,1724,265,None
6120,1315.5,480.82,MoveLeft,1724,265,None
6121,1312,471.01,MoveLeft,1724,265,None
6122,1308.5,461.2,MoveLeft,1724,265,None
6123,1305,451.39,MoveLeft,1724,265,None
6124,1301.5,441.58,MoveLeft,1724,265,None
6125,1298,431.77,MoveLeft,1724,265,None
6126,1294.5,421.96,MoveLeft,1724,265,None
6127,1291,412.15,MoveLeft,1724,265,None
6128,1287.5,402.34,MoveLeft,1724,265,None
6129,1284,392.53,MoveLeft,1724,265,None
6130,1280.5,382.72,MoveLeft,1724,265,None
6131,1277,372.91,MoveLeft,1724,265,None
6132,1273.5,363.1,MoveLeft,1724,265,None
6133,1270,353.29,MoveLeft,1724,265,None
6134,1266.5,343.48,MoveLeft,1724,265,None
6135,1266.5,333.67,Set,1724,265,None
6135,1263,333.67,MoveLeft,1724,265,None
6149,1256,265,MoveLeft,1724,265,None
6150,1249,265,MoveLeft,1724,265,None
6151,1242,265,MoveLeft,1724,265,None
6152,1235,265,MoveLeft,1724,265,None
6153,1228,265,MoveLeft,1724,265,None
6154,1221,265,MoveLeft,1724,265,None
6155,1214,265,MoveLeft,1724,265,None
6156,1207,265,MoveLeft,1724,265,None
6157,1200,265,MoveLeft,1724,265,None
6158,1193,265,MoveLeft,1724,265,None
6159,1186,265,MoveLeft,1724,265,None
6160,1179,265,MoveLeft,1724,265,None
6161,1172,265,MoveLeft,1724,265,None
6162,1165,265,MoveLeft,1724,265,None
6163,1158,265,MoveLeft,1724,265,None
6164,1151,265,MoveLeft,1724,265,None
6165,1144,265,MoveLeft,1724,265,None
6166,1137,265,MoveLeft,1724,265,None
6167,1130,265,MoveLeft,1724,265,None
6168,1123,265,MoveLeft,1724,265,None
6169,1116,265,MoveLeft,1724,265,None
6170,1109,265,MoveLeft,1724,265,None
6171,1102,265,MoveLeft,1724,265,None
6172,1095,265,MoveLeft,1724,265,None
6173,1088,265,MoveLeft,1724,265,None
6174,1081,265,MoveLeft,1724,265,None
6175,1074,265,MoveLeft,1724,265,None
6207,1074,284.62,None,1724,265,None
6226,1077.5,480.82,MoveRight,1724,265,None
6227,1081,490.63,MoveRight,1724,265,None
6228,1084.5,500.44,MoveRight,1724,265,None
6229,1088,510.25,MoveRight,1724,265,None
6230,1091.5,520.06,MoveRight,1724,265,None
6231,1095,529.87,MoveRight,1724,265,None
6232,1098.5,539.68,MoveRight,1724,265,None
6233,1102,549.49,MoveRight,1724,265,None
6234,1105.5,559.3,MoveRight,1724,265,None
6235,1109,569.11,MoveRight,1724,265,None
6236,1112.5,578.92,MoveRight,1724,265,None
6237,1112.5,569.11,Spike,1724,265,None
6237,1116,569.11,MoveRight,1724,265,None
6238,1116,559.3,None,1717,265,MoveLeft
6239,1116,549.49,None,1710,265,MoveLeft
6240,1116,539.68,None,1703,265,MoveLeft
6241,1116,529.87,None,1696,265,MoveLeft
6242,1116,520.06,None,1689,265,MoveLeft
6243,1116,510.25,None,1682,265,MoveLeft
6244,1116,500.44,None,1675,265,MoveLeft
6245,1116,490.63,None,1668,265,MoveLeft
6246,1116,480.82,None,1661,265,MoveLeft
6247,1116,471.01,None,1654,265,MoveLeft
6248,1116,461.2,None,1647,265,MoveLeft
6249,1116,451.39,None,1640,265,MoveLeft
6276,323,265,MoveLeft,1670,265,None
6277,316,265,MoveLeft,1670,265,None
6278,309,265,MoveLeft,1670,265,None
6279,302,265,MoveLeft,1670,265,None
6280,295,265,MoveLeft,1670,265,None
6281,288,265,MoveLeft,1670,265,None
6282,281,265,MoveLeft,1670,265,None
6283,274,265,MoveLeft,1670,265,None
6284,267,265,MoveLeft,1670,265,None
6300,274,265,MoveRight,1670,265,None
6301,281,265,MoveRight,1670,265,None
6302,288,265,MoveRight,1670,265,None
6303,295,265,MoveRight,1670,265,None
6304,302,265,MoveRight,1670,265,None
6305,309,265,MoveRight,1670,265,None
6306,316,265,MoveRight,1670,265,None
6307,323,265,MoveRight,1670,265,None
6308,330,265,MoveRight,1670,265,None
6309,337,265,MoveRight,1670,265,None
6310,344,265,MoveRight,1670,265,None
6311,351,265,MoveRight,1670,265,None
6312,358,265,MoveRight,1670,265,None
6313,365,265,MoveRight,1670,265,None
6314,372,265,MoveRight,1670,265,None
6315,379,265,MoveRight,1670,265,None
6316,386,265,MoveRight,1670,265,None
6317,393,265,MoveRight,1670,265,None
6318,400,265,MoveRight,1670,265,None
6319,407,265,MoveRight,1670,265,None
6320,414,265,MoveRight,1670,265,None
6321,421,265,MoveRight,1670,265,None
6590,421,265,Serve,1670,265,None
6590,421,265,None,1670,265,None
6591,421,265,None,1677,265,MoveRight
6592,421,265,None,1684,265,MoveRight
6593,421,265,None,1691,265,MoveRight
6594,421,265,None,1698,265,MoveRight
6595,421,265,None,1705,265,MoveRight
6596,421,265,None,1712,265,MoveRight
6597,421,265,None,1719,265,MoveRight
6598,421,265,None,1726,265,MoveRight
6599,421,265,None,1733,265,MoveRight
6600,421,265,None,1740,265,MoveRight
6601,421,265,None,1747,265,MoveRight
6602,421,265,None,1754,265,MoveRight
6603,421,265,None,1761,265,MoveRight
6604,421,265,None,1768,265,MoveRight
6605,421,265,None,1775,265,MoveRight
6606,421,265,None,1782,265,MoveRight
6607,421,265,None,1789,265,MoveRight
6608,421,265,None,1796,265,MoveRight
6609,421,265,None,1803,265,MoveRight
6610,421,265,None,1810,265,MoveRight
6611,421,265,None,1817,265,MoveRight
6612,428,265,MoveRight,1817,265,None
6612,428,265,None,1824,265,MoveRight
6613,435,265,MoveRight,1824,265,None
6613,435,265,None,1831,265,MoveRight
6614,442,265,MoveRight,1831,265,None
6614,442,265,None,1838,265,MoveRight
6615,449,265,MoveRight,1838,265,None
6615,449,265,None,1845,265,MoveRight
6616,456,265,MoveRight,1845,265,None
6616,456,265,None,1852,265,MoveRight
6617,463,265,MoveRight,1852,265,None
6617,463,265,None,1859,265,MoveRight
6618,470,265,MoveRight,1859,265,None
6618,470,265,None,1866,265,MoveRight
6619,477,265,MoveRight,1866,265,None
6619,477,265,None,1873,265,MoveRight
6620,484,265,MoveRight,1873,265,None
6620,484,265,None,1880,265,MoveRight
6621,491,265,MoveRight,1880,265,None
6621,491,265,None,1887,265,MoveRight
6622,498,265,MoveRight,1887,265,None
6622,498,265,None,1894,265,MoveRight
6623,505,265,MoveRight,1894,265,None
6623,505,265,None,1901,265,MoveRight
6624,512,265,MoveRight,1901,265,None
6624,512,265,None,1908,265,MoveRight
6625,519,265,MoveRight,1908,265,None
6625,519,265,None,1915,265,MoveRight
6626,526,265,MoveRight,1915,265,None
6626,526,265,None,1922,265,MoveRight
6627,533,265,MoveRight,1922,265,None
6627,533,265,None,1929,265,MoveRight
6628,540,265,MoveRight,1929,265,None
6628,540,265,None,1936,265,MoveRight
6629,547,265,MoveRight,1936,265,None
6629,547,265,None,1943,265,MoveRight
6630,554,265,MoveRight,1943,265,None
6630,554,265,None,1950,265,MoveRight
6631,561,265,MoveRight,1950,265,None
6631,561,265,None,1957,265,MoveRight
6632,568,265,MoveRight,1957,265,None
6632,568,265,None,1964,265,MoveRight
6633,575,265,MoveRight,1964,265,None
6634,582,265,MoveRight,1964,265,None
6635,589,265,MoveRight,1964,265,None
6636,596,265,MoveRight,1964,265,None
6637,603,265,MoveRight,1964,265,None
6638,610,265,MoveRight,1964,265,None
6639,617,265,MoveRight,1964,265,None
6640,624,265,MoveRight,1964,265,None
6641,631,265,MoveRight,1964,265,None
6642,638,265,MoveRight,1964,265,None
6643,645,265,MoveRight,1964,265,None
6644,652,265,MoveRight,1964,265,None
6645,659,265,MoveRight,1964,265,None
6646,666,265,MoveRight,1964,265,None
6647,673,265,MoveRight,1964,265,None
6648,680,265,MoveRight,1964,265,None
6649,687,265,MoveRight,1964,265,None
6650,694,265,MoveRight,1964,265,None
6651,701,265,MoveRight,1964,265,None
6652,708,265,MoveRight,1964,265,None
6653,715,265,MoveRight,1964,265,None
6654,722,265,MoveRight,1964,265,None
6655,729,265,MoveRight,1964,265,None
6656,736,265,MoveRight,1964,265,None
6657,743,265,MoveRight,1964,265,None
6658,750,265,MoveRight,1964,265,None
6659,757,265,MoveRight,1964,265,None
6660,764,265,MoveRight,1964,265,None
6661,771,265,MoveRight,1964,265,None
6662,778,265,MoveRight,1964,265,None
6663,785,265,MoveRight,1964,265,None
6664,785,265,None,1964,265,SpikeMedium
6664,792,265,MoveRight,1964,265,None
6664,792,265,None,1964,265,None
6665,799,265,MoveRight,1964,265,None
6666,806,265,MoveRight,1964,265,None
6667,813,265,MoveRight,1964,265,None
6668,820,265,MoveRight,1964,265,None
6669,827,265,MoveRight,1964,265,None
6670,834,265,MoveRight,1964,265,None
6671,841,265,MoveRight,1964,265,None
6672,848,265,MoveRight,1964,265,None
6673,855,265,MoveRight,1964,265,None
6674,862,265,MoveRight,1964,265,None
6675,869,265,MoveRight,1964,265,None
6675,869,265,None,1957,265,MoveLeft
6676,876,265,MoveRight,1957,265,None
6676,876,265,None,1950,265,MoveLeft
6677,883,265,MoveRight,1950,265,None
6677,883,265,None,1943,265,MoveLeft
6678,890,265,MoveRight,1943,265,None
6678,890,265,None,1936,265,MoveLeft
6679,897,265,MoveRight,1936,265,None
6679,897,265,None,1929,265,MoveLeft
6680,904,265,MoveRight,1929,265,None
6680,904,265,None,1922,265,MoveLeft
6681,911,265,MoveRight,1922,265,None
6681,911,265,None,1915,265,MoveLeft
6682,918,265,MoveRight,1915,265,None
6682,918,265,None,1908,265,MoveLeft
6683,925,265,MoveRight,1908,265,None
6683,925,265,None,1901,265,MoveLeft
6684,932,265,MoveRight,1901,265,None
6684,932,265,None,1894,265,MoveLeft
6685,939,265,MoveRight,1894,265,None
6685,939,265,None,1887,265,MoveLeft
6686,946,265,MoveRight,1887,265,None
6686,946,265,None,1880,265,MoveLeft
6687,953,265,MoveRight,1880,265,None
6687,953,265,None,1873,265,MoveLeft
6688,960,265,MoveRight,1873,265,None
6688,960,265,None,1866,265,MoveLeft
6689,967,265,MoveRight,1866,265,None
6689,967,265,None,1859,265,MoveLeft
6690,974,265,MoveRight,1859,265,None
6690,974,265,None,1852,265,MoveLeft
6691,981,265,MoveRight,1852,265,None
6691,981,265,None,1845,265,MoveLeft
6692,988,265,MoveRight,1845,265,None
6692,988,265,None,1838,265,MoveLeft
6693,995,265,MoveRight,1838,265,None
6693,995,265,None,1831,265,MoveLeft
6694,1002,265,MoveRight,1831,265,None
6694,1002,265,None,1824,265,MoveLeft
6695,1009,265,MoveRight,1824,265,None
6695,1009,265,None,1817,265,MoveLeft
6696,1016,265,MoveRight,1817,265,None
6696,1016,265,None,1810,265,MoveLeft
6697,1023,265,MoveRight,1810,265,None
6697,1023,265,None,1803,265,MoveLeft
6698,1030,265,MoveRight,1803,265,None
6698,1030,265,None,1796,265,MoveLeft
6699,1037,265,MoveRight,1796,265,None
6699,1037,265,None,1789,265,MoveLeft
6700,1044,265,MoveRight,1789,265,None
6700,1044,265,None,1782,265,MoveLeft
6701,1051,265,MoveRight,1782,265,None
6701,1051,265,None,1775,265,MoveLeft
6702,1058,265,MoveRight,1775,265,None
6702,1058,265,None,1768,265,MoveLeft
6703,1065,265,MoveRight,1768,265,None
6703,1065,265,None,1761,265,MoveLeft
6704,1072,265,MoveRight,1761,265,None
6704,1072,265,None,1754,265,MoveLeft
6705,1072,265,None,1754,265,None
6705,1072,265,None,1747,265,MoveLeft
6706,1072,265,None,1747,265,None
6706,1072,265,None,1740,265,MoveLeft
6707,1072,265,None,1740,265,None
6707,1072,265,None,1733,265,MoveLeft
6708,1072,265,None,1733,265,None
6708,1072,265,None,1733,265,None
6709,1072,265,None,1733,265,None
6709,1072,265,None,1733,265,None
6710,1072,265,None,1733,265,None
6710,1072,265,None,1733,265,None
6711,1072,265,None,1733,265,None
6711,1072,265,None,1733,265,None
6712,1072,265,None,1733,265,None
6712,1072,265,None,1733,265,None
6713,1072,265,None,1733,265,None
6713,1072,265,None,1733,265,None
6714,1072,265,None,1733,265,None
6714,1072,265,None,1733,265,None
6715,1072,265,None,1733,265,None
6715,1072,265,None,1733,265,None
6716,1072,265,None,1733,265,None
6716,1072,265,None,1733,265,None
6717,1072,265,None,1733,265,None
6717,1072,265,None,1733,265,None
6718,1072,265,None,1733,265,None
6718,1072,265,None,1733,265,None
6719,1072,265,None,1733,265,None
6719,1072,265,None,1733,265,None
6720,1072,265,None,1733,265,None
6720,1072,265,None,1733,265,None
6721,1072,265,None,1733,265,None
6721,1072,265,None,1733,265,None
6722,1072,265,None,1733,265,None
6722,1072,265,None,1733,265,None
6723,1072,265,None,1733,265,None
6723,1072,265,None,1733,265,None
6724,1072,265,None,1733,265,None
6724,1072,265,None,1733,265,None
6725,1072,265,None,1733,265,None
6725,1072,265,None,1733,265,None
6726,1072,265,Bump,1733,265,None
6726,1072,265,None,1733,265,None
6726,1072,265,None,1733,265,None
6727,1072,265,None,1726,265,MoveLeft
6728,1072,265,None,1719,265,MoveLeft
6729,1072,265,None,1712,265,MoveLeft
6730,1072,265,None,1705,265,MoveLeft
6731,1072,265,None,1698,265,MoveLeft
6732,1072,265,None,1691,265,MoveLeft
6733,1072,265,None,1684,265,MoveLeft
6734,1072,265,None,1677,265,MoveLeft
6735,1072,265,None,1670,265,MoveLeft
6736,1072,265,None,1663,265,MoveLeft
6737,1072,265,None,1656,265,MoveLeft
6738,1072,265,None,1649,265,MoveLeft
6745,1079,265,MoveRight,1649,265,None
6746,1086,265,MoveRight,1649,265,None
6747,1093,265,MoveRight,1649,265,None
6748,1100,265,MoveRight,1649,265,None
6749,1107,265,MoveRight,1649,265,None
6750,1114,265,MoveRight,1649,265,None
6751,1121,265,MoveRight,1649,265,None
6752,1128,265,MoveRight,1649,265,None
6753,1135,265,MoveRight,1649,265,None
6754,1142,265,MoveRight,1649,265,None
6755,1149,265,MoveRight,1649,265,None
6756,1156,265,MoveRight,1649,265,None
6757,1163,265,MoveRight,1649,265,None
6758,1170,265,MoveRight,1649,265,None
6759,1177,265,MoveRight,1649,265,None
6760,1184,265,MoveRight,1649,265,None
6761,1191,265,MoveRight,1649,265,None
6762,1198,265,MoveRight,1649,265,None
6774,1191,265,MoveLeft,1649,265,None
6775,1184,265,MoveLeft,1649,265,None
6776,1177,265,MoveLeft,1649,265,None
6777,1170,265,MoveLeft,1649,265,None
6778,1163,265,MoveLeft,1649,265,None
6779,1156,265,MoveLeft,1649,265,None
6780,1149,265,MoveLeft,1649,265,None
6781,1142,265,MoveLeft,1649,265,None
6782,1135,265,MoveLeft,1649,265,None
6783,1128,265,MoveLeft,1649,265,None
6784,1121,265,MoveLeft,1649,265,None
6785,1114,265,MoveLeft,1649,265,None
6786,1107,265,MoveLeft,1649,265,None
6827,1107,265,None,1649,265,SpikeMedium
6827,1107,265,None,1649,265,None
6838,1107,265,None,1656,265,MoveRight
6839,1107,265,None,1663,265,MoveRight
6840,1107,265,None,1670,265,MoveRight
6841,1107,265,None,1677,265,MoveRight
6842,1107,265,None,1684,265,MoveRight
6843,1107,265,None,1691,265,MoveRight
6844,1107,265,None,1698,265,MoveRight
6845,1107,265,None,1705,265,MoveRight
6846,1107,265,None,1712,265,MoveRight
6847,1107,265,None,1719,265,MoveRight
6848,1107,265,None,1726,265,MoveRight
6849,1107,265,None,1726,265,None
6850,1107,265,None,1726,265,None
6851,1107,265,None,1726,265,None
6852,1100,265,MoveLeft,1726,265,None
6852,1100,265,None,1726,265,None
6853,1093,265,MoveLeft,1726,265,None
6853,1093,265,None,1726,265,None
6854,1086,265,MoveLeft,1726,265,None
6854,1086,265,None,1726,265,None
6855,1079,265,MoveLeft,1726,265,None
6855,1079,265,None,1726,265,None
6856,1072,265,MoveLeft,1726,265,None
6856,1072,265,None,1726,265,None
6857,1065,265,MoveLeft,1726,265,None
6857,1065,265,None,1726,265,None
6858,1058,265,MoveLeft,1726,265,None
6858,1058,265,None,1726,265,None
6859,1051,265,MoveLeft,1726,265,None
6859,1051,265,None,1726,265,None
6860,1044,265,MoveLeft,1726,265,None
6860,1044,265,None,1726,265,None
6861,1037,265,MoveLeft,1726,265,None
6861,1037,265,None,1726,265,None
6862,1030,265,MoveLeft,1726,265,None
6862,1030,265,None,1726,265,None
6863,1023,265,MoveLeft,1726,265,None
6863,1023,265,None,1726,265,None
6864,1016,265,MoveLeft,1726,265,None
6864,1016,265,None,1726,265,None
6865,1009,265,MoveLeft,1726,265,None
6865,1009,265,None,1726,265,None
6866,1002,265,MoveLeft,1726,265,None
6866,1002,265,None,1726,265,None
6867,995,265,MoveLeft,1726,265,None
6867,995,265,None,1726,265,None
6868,988,265,MoveLeft,1726,265,None
6868,988,265,None,1726,265,None
6869,981,265,MoveLeft,1726,265,None
6869,981,265,None,1726,265,None
6870,974,265,MoveLeft,1726,265,None
6870,974,265,None,1726,265,None
6871,967,265,MoveLeft,1726,265,None
6871,967,265,None,1726,265,None
6872,960,265,MoveLeft,1726,265,None
6872,960,265,None,1726,265,None
6873,953,265,MoveLeft,1726,265,None
6873,953,265,None,1726,265,None
6874,946,265,MoveLeft,1726,265,None
6874,946,265,None,1726,265,None
6875,939,265,MoveLeft,1726,265,None
6875,939,265,None,1726,265,None
6876,932,265,MoveLeft,1726,265,None
6876,932,265,None,1726,265,None
6877,925,265,MoveLeft,1726,265,None
6877,925,265,None,1726,265,None
6878,918,265,MoveLeft,1726,265,None
6878,918,265,None,1726,265,None
6879,911,265,MoveLeft,1726,265,None
6879,911,265,None,1726,265,None
6880,904,265,MoveLeft,1726,265,None
6880,904,265,None,1726,265,None
6881,897,265,MoveLeft,1726,265,None
6881,897,265,None,1726,265,None
6882,890,265,MoveLeft,1726,265,None
6882,890,265,None,1726,265,None
6883,883,265,MoveLeft,1726,265,None
6883,883,265,None,1726,265,None
6884,876,265,MoveLeft,1726,265,None
6884,876,265,None,1726,265,None
6885,869,265,MoveLeft,1726,265,None
6885,869,265,None,1726,265,None
6886,862,265,MoveLeft,1726,265,None
6886,862,265,None,1726,265,None
6887,862,265,None,1726,265,None
6888,862,265,None,1726,265,None
6889,862,265,None,1726,265,None
6890,862,265,None,1726,265,None
6891,862,265,None,1726,265,None
6892,862,265,None,1726,265,None
6893,862,265,None,1726,265,None
6894,862,265,None,1726,265,None
6895,862,265,None,1726,265,None
6902,1157,265,MoveRight,2410,265,None
6903,1164,265,MoveRight,2410,265,None
6904,1171,265,MoveRight,2410,265,None
6946,1171,265,None,2410,265,Serve
6946,1171,265,None,2410,265,None
6966,1171,265,None,2403,265,MoveLeft
6967,1171,265,None,2396,265,MoveLeft
6968,1171,265,None,2389,265,MoveLeft
6969,1171,265,None,2382,265,MoveLeft
6970,1171,265,None,2375,265,MoveLeft
6971,1171,265,None,2368,265,MoveLeft
6972,1171,265,None,2361,265,MoveLeft
6973,1171,265,None,2354,265,MoveLeft
6974,1171,265,None,2347,265,MoveLeft
6975,1171,265,None,2340,265,MoveLeft
6976,1171,265,None,2333,265,MoveLeft
6977,1171,265,None,2326,265,MoveLeft
6978,1171,265,None,2319,265,MoveLeft
6979,1171,265,None,2312,265,MoveLeft
6980,1171,265,None,2305,265,MoveLeft
6981,1171,265,None,2298,265,MoveLeft
6982,1171,265,None,2291,265,MoveLeft
6983,1171,265,None,2284,265,MoveLeft
6984,1171,265,None,2277,265,MoveLeft
6985,1171,265,None,2270,265,MoveLeft
6986,1164,265,MoveLeft,2270,265,None
6986,1164,265,None,2263,265,MoveLeft
6987,1157,265,MoveLeft,2263,265,None
6987,1157,265,None,2256,265,MoveLeft
6988,1150,265,MoveLeft,2256,265,None
6988,1150,265,None,2249,265,MoveLeft
6989,1143,265,MoveLeft,2249,265,None
6989,1143,265,None,2242,265,MoveLeft
6990,1136,265,MoveLeft,2242,265,None
6990,1136,265,None,2235,265,MoveLeft
6991,1129,265,MoveLeft,2235,265,None
6991,1129,265,None,2228,265,MoveLeft
6992,1122,265,MoveLeft,2228,265,None
6992,1122,265,None,2221,265,MoveLeft
6993,1115,265,MoveLeft,2221,265,None
6993,1115,265,None,2214,265,MoveLeft
6994,1108,265,MoveLeft,2214,265,None
6994,1108,265,None,2207,265,MoveLeft
6995,1101,265,MoveLeft,2207,265,None
6995,1101,265,None,2200,265,MoveLeft
6996,1094,265,MoveLeft,2200,265,None
6996,1094,265,None,2193,265,MoveLeft
6997,1087,265,MoveLeft,2193,265,None
6997,1087,265,None,2186,265,MoveLeft
6998,1080,265,MoveLeft,2186,265,None
6998,1080,265,None,2179,265,MoveLeft
6999,1073,265,MoveLeft,2179,265,None
6999,1073,265,None,2172,265,MoveLeft
7000,1066,265,MoveLeft,2172,265,None
7000,1066,265,None,2165,265,MoveLeft
7001,1059,265,MoveLeft,2165,265,None
7001,1059,265,None,2158,265,MoveLeft
7002,1052,265,MoveLeft,2158,265,None
7002,1052,265,None,2151,265,MoveLeft
7003,1045,265,MoveLeft,2151,265,None
7003,1045,265,None,2144,265,MoveLeft
7004,1038,265,MoveLeft,2144,265,None
7004,1038,265,None,2137,265,MoveLeft
7005,1031,265,MoveLeft,2137,265,None
7005,1031,265,None,2130,265,MoveLeft
7006,1024,265,MoveLeft,2130,265,None
7006,1024,265,None,2123,265,MoveLeft
7007,1017,265,MoveLeft,2123,265,None
7007,1017,265,None,2116,265,MoveLeft
7008,1010,265,MoveLeft,2116,265,None
7008,1010,265,None,2109,265,MoveLeft
7009,1003,265,MoveLeft,2109,265,None
7009,1003,265,None,2102,265,MoveLeft
7010,996,265,MoveLeft,2102,265,None
7010,996,265,None,2095,265,MoveLeft
7011,989,265,MoveLeft,2095,265,None
7011,989,265,None,2088,265,MoveLeft
7012,982,265,MoveLeft,2088,265,None
7012,982,265,None,2081,265,MoveLeft
7013,975,265,MoveLeft,2081,265,None
7013,975,265,None,2074,265,MoveLeft
7014,968,265,MoveLeft,2074,265,None
7014,968,265,None,2067,265,MoveLeft
7015,961,265,MoveLeft,2067,265,None
7015,961,265,None,2060,265,MoveLeft
7016,961,265,Bump,2060,265,None
7016,954,265,MoveLeft,2060,265,None
7016,954,265,None,2053,265,MoveLeft
7017,954,265,None,2046,265,MoveLeft
7018,954,265,None,2039,265,MoveLeft
7019,954,265,None,2032,265,MoveLeft
7020,954,265,None,2025,265,MoveLeft
7021,954,265,None,2018,265,MoveLeft
7022,954,265,None,2011,265,MoveLeft
7023,954,265,None,2004,265,MoveLeft
7024,954,265,None,1997,265,MoveLeft
7025,954,265,None,1990,265,MoveLeft
7026,954,265,None,1983,265,MoveLeft
7027,954,265,None,1976,265,MoveLeft
7028,954,265,None,1969,265,MoveLeft
7029,954,265,None,1962,265,MoveLeft
7030,954,265,None,1955,265,MoveLeft
7031,954,265,None,1948,265,MoveLeft
7032,954,265,None,1941,265,MoveLeft
7033,954,265,None,1934,265,MoveLeft
7034,954,265,None,1927,265,MoveLeft
7035,961,265,MoveRight,1927,265,None
7035,961,265,None,1920,265,MoveLeft
7036,968,265,MoveRight,1920,265,None
7036,968,265,None,1913,265,MoveLeft
7037,975,265,MoveRight,1913,265,None
7037,975,265,None,1906,265,MoveLeft
7038,982,265,MoveRight,1906,265,None
7038,982,265,None,1899,265,MoveLeft
7039,989,265,MoveRight,1899,265,None
7039,989,265,None,1892,265,MoveLeft
7040,996,265,MoveRight,1892,265,None
7040,996,265,None,1885,265,MoveLeft
7041,1003,265,MoveRight,1885,265,None
7041,1003,265,None,1878,265,MoveLeft
7042,1010,265,MoveRight,1878,265,None
7042,1010,265,None,1871,265,MoveLeft
7043,1017,265,MoveRight,1871,265,None
7043,1017,265,None,1864,265,MoveLeft
7044,1024,265,MoveRight,1864,265,None
7044,1024,265,None,1857,265,MoveLeft
7045,1031,265,MoveRight,1857,265,None
7045,1031,265,None,1850,265,MoveLeft
7046,1038,265,MoveRight,1850,265,None
7046,1038,265,None,1843,265,MoveLeft
7047,1045,265,MoveRight,1843,265,None
7047,1045,265,None,1836,265,MoveLeft
7048,1052,265,MoveRight,1836,265,None
7048,1052,265,None,1829,265,MoveLeft
7049,1059,265,MoveRight,1829,265,None
7049,1059,265,None,1822,265,MoveLeft
7050,1066,265,MoveRight,1822,265,None
7050,1066,265,None,1815,265,MoveLeft
7051,1073,265,MoveRight,1815,265,None
7051,1073,265,None,1808,265,MoveLeft
7052,1080,265,MoveRight,1808,265,None
7052,1080,265,None,1801,265,MoveLeft
7053,1087,265,MoveRight,1801,265,None
7053,1087,265,None,1794,265,MoveLeft
7054,1094,265,MoveRight,1794,265,None
7054,1094,265,None,1787,265,MoveLeft
7055,1101,265,MoveRight,1787,265,None
7055,1101,265,None,1780,265,MoveLeft
7056,1108,265,MoveRight,1780,265,None
7056,1108,265,None,1773,265,MoveLeft
7057,1115,265,MoveRight,1773,265,None
7057,1115,265,None,1766,265,MoveLeft
7058,1122,265,MoveRight,1766,265,None
7058,1122,265,None,1759,265,MoveLeft
7059,1129,265,MoveRight,1759,265,None
7059,1129,265,None,1752,265,MoveLeft
7060,1136,265,MoveRight,1752,265,None
7060,1136,265,None,1745,265,MoveLeft
7061,1143,265,MoveRight,1745,265,None
7061,1143,265,None,1738,265,MoveLeft
7062,1150,265,MoveRight,1738,265,None
7062,1150,265,None,1731,265,MoveLeft
7063,1157,265,MoveRight,1731,265,None
7063,1157,265,None,1724,265,MoveLeft
7064,1164,265,MoveRight,1724,265,None
7064,1164,265,None,1717,265,MoveLeft
7065,1171,265,MoveRight,1717,265,None
7065,1171,265,None,1710,265,MoveLeft
7066,1178,265,MoveRight,1710,265,None
7066,1178,265,None,1703,265,MoveLeft
7067,1185,265,MoveRight,1703,265,None
7067,1185,265,None,1696,265,MoveLeft
7068,1192,265,MoveRight,1696,265,None
7068,1192,265,None,1689,265,MoveLeft
7069,1199,265,MoveRight,1689,265,None
7069,1199,265,None,1682,265,MoveLeft
7070,1206,265,MoveRight,1682,265,None
7070,1206,265,None,1675,265,MoveLeft
7071,1213,265,MoveRight,1675,265,None
7071,1213,265,None,1668,265,MoveLeft
7072,1220,265,MoveRight,1668,265,None
7072,1220,265,None,1661,265,MoveLeft
7073,1220,265,None,1654,265,MoveLeft
7074,1220,265,None,1647,265,MoveLeft
7075,1220,265,None,1640,265,MoveLeft
7076,1220,265,None,1633,265,MoveLeft
7077,1220,265,None,1626,265,MoveLeft
7078,1220,265,None,1619,265,MoveLeft
7079,1220,265,None,1612,265,MoveLeft
7080,1220,265,None,1605,265,MoveLeft
7081,1220,265,None,1598,265,MoveLeft
7082,1220,265,None,1591,265,MoveLeft
7083,1220,265,None,1584,265,MoveLeft
7084,1220,265,None,1577,265,MoveLeft
7085,1220,265,None,1570,265,MoveLeft
7086,1220,265,None,1563,265,MoveLeft
7087,1220,265,None,1556,265,MoveLeft
7088,1220,265,None,1549,265,MoveLeft
7089,1220,265,None,1542,265,MoveLeft
7090,1220,265,None,1535,265,MoveLeft
7091,1220,265,None,1528,265,MoveLeft
7092,1220,265,None,1521,265,MoveLeft
7093,1220,265,None,1514,265,MoveLeft
7094,1220,265,None,1507,265,MoveLeft
7095,1220,265,None,1500,265,MoveLeft
7096,1220,265,None,1493,265,MoveLeft
7097,1220,265,None,1486,265,MoveLeft
7098,1220,265,None,1479,265,MoveLeft
7115,1220,265,None,1479,265,SpikeLight
7115,1220,265,None,1479,265,None
7126,1220,265,None,1486,265,MoveRight
7127,1220,265,None,1493,265,MoveRight
7128,1220,265,None,1500,265,MoveRight
7129,1220,265,None,1507,265,MoveRight
7130,1220,265,None,1514,265,MoveRight
7131,1220,265,None,1521,265,MoveRight
7132,1220,265,None,1528,265,MoveRight
7133,1220,265,None,1535,265,MoveRight
7134,1220,265,None,1542,265,MoveRight
7135,1220,265,None,1549,265,MoveRight
7136,1220,265,None,1556,265,MoveRight
7137,1220,265,None,1563,265,MoveRight
7138,1220,265,None,1570,265,MoveRight
7139,1220,265,None,1577,265,MoveRight
7140,1220,265,None,1584,265,MoveRight
7141,1220,265,None,1591,265,MoveRight
7142,1220,265,None,1598,265,MoveRight
7143,1213,265,MoveLeft,1598,265,None
7143,1213,265,None,1605,265,MoveRight
7144,1206,265,MoveLeft,1605,265,None
7144,1206,265,None,1612,265,MoveRight
7145,1199,265,MoveLeft,1612,265,None
7145,1199,265,None,1619,265,MoveRight
7146,1192,265,MoveLeft,1619,265,None
7146,1192,265,None,1626,265,MoveRight
7147,1185,265,MoveLeft,1626,265,None
7147,1185,265,None,1633,265,MoveRight
7148,1178,265,MoveLeft,1633,265,None
7148,1178,265,None,1640,265,MoveRight
7149,1171,265,MoveLeft,1640,265,None
7149,1171,265,None,1647,265,MoveRight
7150,1164,265,MoveLeft,1647,265,None
7150,1164,265,None,1654,265,MoveRight
7151,1157,265,MoveLeft,1654,265,None
7151,1157,265,None,1661,265,MoveRight
7152,1150,265,MoveLeft,1661,265,None
7152,1150,265,None,1668,265,MoveRight
7153,1143,265,MoveLeft,1668,265,None
7153,1143,265,None,1675,265,MoveRight
7154,1136,265,MoveLeft,1675,265,None
7154,1136,265,None,1682,265,MoveRight
7155,1129,265,MoveLeft,1682,265,None
7155,1129,265,None,1689,265,MoveRight
7156,1129,265,None,1696,265,MoveRight
7157,1129,265,None,1703,265,MoveRight
7158,1129,265,None,1710,265,MoveRight
7159,1129,265,None,1717,265,MoveRight
7160,1129,265,None,1724,265,MoveRight
7161,1129,265,None,1724,265,None
7162,1129,265,None,1724,265,None
7163,1129,265,None,1724,265,None
7164,1129,265,None,1724,265,None
7165,1129,265,None,1724,265,None
7166,1129,265,None,1724,265,None
7167,1129,265,None,1724,265,None
7168,1129,265,None,1724,265,None
7168,1129,265,None,1724,265,None
7169,1129,265,None,1724,265,None
7170,1129,265,None,1724,265,None
7171,1129,265,None,1724,265,None
7172,1129,265,None,1724,265,None
7173,1129,265,None,1724,265,None
7174,1129,265,None,1724,265,None
7175,1129,265,None,1724,265,None
7176,1129,265,None,1724,265,None
7177,1129,265,None,1724,265,None
7178,1129,265,None,1724,265,None
7179,1129,265,None,1724,265,None
7230,1150,265,None,2410,265,Serve
7230,1150,265,None,2410,265,None
7250,1150,265,None,2403,265,MoveLeft
7251,1150,265,None,2396,265,MoveLeft
7252,1150,265,None,2389,265,MoveLeft
7253,1150,265,None,2382,265,MoveLeft
7254,1150,265,None,2375,265,MoveLeft
7255,1150,265,None,2368,265,MoveLeft
7256,1150,265,None,2361,265,MoveLeft
7257,1150,265,None,2354,265,MoveLeft
7258,1150,265,None,2347,265,MoveLeft
7259,1150,265,None,2340,265,MoveLeft
7260,1150,265,None,2333,265,MoveLeft
7261,1150,265,None,2326,265,MoveLeft
7262,1143,265,MoveLeft,2326,265,None
7262,1143,265,None,2319,265,MoveLeft
7263,1136,265,MoveLeft,2319,265,None
7263,1136,265,None,2312,265,MoveLeft
7264,1129,265,MoveLeft,2312,265,None
7264,1129,265,None,2305,265,MoveLeft
7265,1122,265,MoveLeft,2305,265,None
7265,1122,265,None,2298,265,MoveLeft
7266,1115,265,MoveLeft,2298,265,None
7266,1115,265,None,2291,265,MoveLeft
7267,1108,265,MoveLeft,2291,265,None
7267,1108,265,None,2284,265,MoveLeft
7268,1101,265,MoveLeft,2284,265,None
7268,1101,265,None,2277,265,MoveLeft
7269,1094,265,MoveLeft,2277,265,None
7269,1094,265,None,2270,265,MoveLeft
7270,1087,265,MoveLeft,2270,265,None
7270,1087,265,None,2263,265,MoveLeft
7271,1080,265,MoveLeft,2263,265,None
7271,1080,265,None,2256,265,MoveLeft
7272,1073,265,MoveLeft,2256,265,None
7272,1073,265,None,2249,265,MoveLeft
7273,1066,265,MoveLeft,2249,265,None
7273,1066,265,None,2242,265,MoveLeft
7274,1059,265,MoveLeft,2242,265,None
7274,1059,265,None,2235,265,MoveLeft
7275,1052,265,MoveLeft,2235,265,None
7275,1052,265,None,2228,265,MoveLeft
7276,1045,265,MoveLeft,2228,265,None
7276,1045,265,None,2221,265,MoveLeft
7277,1038,265,MoveLeft,2221,265,None
7277,1038,265,None,2214,265,MoveLeft
7278,1031,265,MoveLeft,2214,265,None
7278,1031,265,None,2207,265,MoveLeft
7279,1024,265,MoveLeft,2207,265,None
7279,1024,265,None,2200,265,MoveLeft
7280,1017,265,MoveLeft,2200,265,None
7280,1017,265,None,2193,265,MoveLeft
7281,1010,265,MoveLeft,2193,265,None
7281,1010,265,None,2186,265,MoveLeft
7282,1003,265,MoveLeft,2186,265,None
7282,1003,265,None,2179,265,MoveLeft
7283,996,265,MoveLeft,2179,265,None
7283,996,265,None,2172,265,MoveLeft
7284,989,265,MoveLeft,2172,265,None
7284,989,265,None,2165,265,MoveLeft
7285,982,265,MoveLeft,2165,265,None
7285,982,265,None,2158,265,MoveLeft
7286,975,265,MoveLeft,2158,265,None
7286,975,265,None,2151,265,MoveLeft
7287,968,265,MoveLeft,2151,265,None
7287,968,265,None,2144,265,MoveLeft
7288,961,265,MoveLeft,2144,265,None
7288,961,265,None,2137,265,MoveLeft
7289,954,265,MoveLeft,2137,265,None
7289,954,265,None,2130,265,MoveLeft
7290,947,265,MoveLeft,2130,265,None
7290,947,265,None,2123,265,MoveLeft
7291,940,265,MoveLeft,2123,265,None
7291,940,265,None,2116,265,MoveLeft
7292,933,265,MoveLeft,2116,265,None
7292,933,265,None,2109,265,MoveLeft
7293,926,265,MoveLeft,2109,265,None
7293,926,265,None,2102,265,MoveLeft
7294,919,265,MoveLeft,2102,265,None
7294,919,265,None,2095,265,MoveLeft
7295,912,265,MoveLeft,2095,265,None
7295,912,265,None,2088,265,MoveLeft
7296,905,265,MoveLeft,2088,265,None
7296,905,265,None,2081,265,MoveLeft
7297,898,265,MoveLeft,2081,265,None
7297,898,265,None,2074,265,MoveLeft
7298,891,265,MoveLeft,2074,265,None
7298,891,265,None,2067,265,MoveLeft
7299,884,265,MoveLeft,2067,265,None
7299,884,265,None,2060,265,MoveLeft
7300,877,265,MoveLeft,2060,265,None
7300,877,265,None,2053,265,MoveLeft
7301,870,265,MoveLeft,2053,265,None
7301,870,265,None,2046,265,MoveLeft
7302,870,265,None,2039,265,MoveLeft
7303,870,265,None,2032,265,MoveLeft
7304,870,265,None,2025,265,MoveLeft
7305,870,265,None,2018,265,MoveLeft
7306,877,265,MoveRight,2018,265,None
7306,877,265,None,2011,265,MoveLeft
7307,1157,265,MoveRight,2410,265,None
7308,1164,265,MoveRight,2410,265,None
7309,1171,265,MoveRight,2410,265,None
7310,1178,265,MoveRight,2410,265,None
7311,1185,265,MoveRight,2410,265,None
7312,1192,265,MoveRight,2410,265,None
7313,1199,265,MoveRight,2410,265,None
7314,1206,265,MoveRight,2410,265,None
7315,1213,265,MoveRight,2410,265,None
7316,1220,265,MoveRight,2410,265,None
7317,1227,265,MoveRight,2410,265,None
7318,1234,265,MoveRight,2410,265,None
7319,1241,265,MoveRight,2410,265,None
7320,1248,265,MoveRight,2410,265,None
7321,1255,265,MoveRight,2410,265,None
7322,1262,265,MoveRight,2410,265,None
7323,1269,265,MoveRight,2410,265,None
7324,1276,265,MoveRight,2410,265,None
7325,1283,265,MoveRight,2410,265,None
7326,1290,265,MoveRight,2410,265,None
7327,1297,265,MoveRight,2410,265,None
7328,1304,265,MoveRight,2410,265,None
7329,1311,265,MoveRight,2410,265,None
7357,1311,265,None,2410,265,Serve
7357,1311,265,None,2410,265,None
7364,1304,265,MoveLeft,2410,265,None
7365,1297,265,MoveLeft,2410,265,None
7366,1290,265,MoveLeft,2410,265,None
7367,1283,265,MoveLeft,2410,265,None
7368,1276,265,MoveLeft,2410,265,None
7369,1269,265,MoveLeft,2410,265,None
7370,1262,265,MoveLeft,2410,265,None
7371,1255,265,MoveLeft,2410,265,None
7372,1248,265,MoveLeft,2410,265,None
7373,1241,265,MoveLeft,2410,265,None
7374,1234,265,MoveLeft,2410,265,None
7375,1227,265,MoveLeft,2410,265,None
7376,1220,265,MoveLeft,2410,265,None
7377,1213,265,MoveLeft,2410,265,None
7377,1213,265,None,2403,265,MoveLeft
7378,1206,265,MoveLeft,2403,265,None
7378,1206,265,None,2396,265,MoveLeft
7379,1199,265,MoveLeft,2396,265,None
7379,1199,265,None,2389,265,MoveLeft
7380,1192,265,MoveLeft,2389,265,None
7380,1192,265,None,2382,265,MoveLeft
7381,1185,265,MoveLeft,2382,265,None
7381,1185,265,None,2375,265,MoveLeft
7382,1178,265,MoveLeft,2375,265,None
7382,1178,265,None,2368,265,MoveLeft
7383,1171,265,MoveLeft,2368,265,None
7383,1171,265,None,2361,265,MoveLeft
7384,1164,265,MoveLeft,2361,265,None
7384,1164,265,None,2354,265,MoveLeft
7385,1157,265,MoveLeft,2354,265,None
7385,1157,265,None,2347,265,MoveLeft
7386,1150,265,MoveLeft,2347,265,None
7386,1150,265,None,2340,265,MoveLeft
7387,1143,265,MoveLeft,2340,265,None
7387,1143,265,None,2333,265,MoveLeft
7388,1136,265,MoveLeft,2333,265,None
7388,1136,265,None,2326,265,MoveLeft
7389,1129,265,MoveLeft,2326,265,None
7389,1129,265,None,2319,265,MoveLeft
7390,1122,265,MoveLeft,2319,265,None
7390,1122,265,None,2312,265,MoveLeft
7391,1115,265,MoveLeft,2312,265,None
7391,1115,265,None,2305,265,MoveLeft
7392,1108,265,MoveLeft,2305,265,None
7392,1108,265,None,2298,265,MoveLeft
7393,1101,265,MoveLeft,2298,265,None
7393,1101,265,None,2291,265,MoveLeft
7394,1094,265,MoveLeft,2291,265,None
7394,1094,265,None,2284,265,MoveLeft
7395,1087,265,MoveLeft,2284,265,None
7395,1087,265,None,2277,265,MoveLeft
7396,1080,265,MoveLeft,2277,265,None
7396,1080,265,None,2270,265,MoveLeft
7397,1073,265,MoveLeft,2270,265,None
7397,1073,265,None,2263,265,MoveLeft
7398,1066,265,MoveLeft,2263,265,None
7398,1066,265,None,2256,265,MoveLeft
7399,1059,265,MoveLeft,2256,265,None
7399,1059,265,None,2249,265,MoveLeft
7400,1052,265,MoveLeft,2249,265,None
7400,1052,265,None,2242,265,MoveLeft
7401,1045,265,MoveLeft,2242,265,None
7401,1045,265,None,2235,265,MoveLeft
7402,1038,265,MoveLeft,2235,265,None
7402,1038,265,None,2228,265,MoveLeft
7403,1031,265,MoveLeft,2228,265,None
7403,1031,265,None,2221,265,MoveLeft
7404,1024,265,MoveLeft,2221,265,None
7404,1024,265,None,2214,265,MoveLeft
7405,1017,265,MoveLeft,2214,265,None
7405,1017,265,None,2207,265,MoveLeft
7406,1010,265,MoveLeft,2207,265,None
7406,1010,265,None,2200,265,MoveLeft
7407,1003,265,MoveLeft,2200,265,None
7407,1003,265,None,2193,265,MoveLeft
7408,996,265,MoveLeft,2193,265,None
7408,996,265,None,2186,265,MoveLeft
7409,989,265,MoveLeft,2186,265,None
7409,989,265,None,2179,265,MoveLeft
7410,982,265,MoveLeft,2179,265,None
7410,982,265,None,2172,265,MoveLeft
7411,975,265,MoveLeft,2172,265,None
7411,975,265,None,2165,265,MoveLeft
7412,968,265,MoveLeft,2165,265,None
7412,968,265,None,2158,265,MoveLeft
7413,961,265,MoveLeft,2158,265,None
7413,961,265,None,2151,265,MoveLeft
7414,954,265,MoveLeft,2151,265,None
7414,954,265,None,2144,265,MoveLeft
7415,947,265,MoveLeft,2144,265,None
7415,947,265,None,2137,265,MoveLeft
7416,940,265,MoveLeft,2137,265,None
7416,940,265,None,2130,265,MoveLeft
7417,933,265,MoveLeft,2130,265,None
7417,933,265,None,2123,265,MoveLeft
7418,926,265,MoveLeft,2123,265,None
7418,926,265,None,2116,265,MoveLeft
7419,919,265,MoveLeft,2116,265,None
7419,919,265,None,2109,265,MoveLeft
7420,912,265,MoveLeft,2109,265,None
7420,912,265,None,2102,265,MoveLeft
7421,905,265,MoveLeft,2102,265,None
7421,905,265,None,2095,265,MoveLeft
7422,898,265,MoveLeft,2095,265,None
7422,898,265,None,2088,265,MoveLeft
7423,891,265,MoveLeft,2088,265,None
7423,891,265,None,2081,265,MoveLeft
7424,884,265,MoveLeft,2081,265,None
7424,884,265,None,2074,265,MoveLeft
7425,877,265,MoveLeft,2074,265,None
7425,877,265,None,2067,265,MoveLeft
7426,870,265,MoveLeft,2067,265,None
7426,870,265,None,2060,265,MoveLeft
7427,870,265,None,2060,265,None
7427,870,265,None,2053,265,MoveLeft
7428,870,265,None,2053,265,None
7428,870,265,None,2046,265,MoveLeft
7429,870,265,Bump,2046,265,None
7429,870,265,None,2046,265,None
7429,870,265,None,2039,265,MoveLeft
7430,870,265,None,2032,265,MoveLeft
7431,870,265,None,2025,265,MoveLeft
7432,870,265,None,2018,265,MoveLeft
7433,870,265,None,2011,265,MoveLeft
7434,870,265,None,2004,265,MoveLeft
7435,870,265,None,1997,265,MoveLeft
7436,870,265,None,1990,265,MoveLeft
7437,870,265,None,1983,265,MoveLeft
7438,870,265,None,1976,265,MoveLeft
7439,870,265,None,1969,265,MoveLeft
7440,870,265,None,1962,265,MoveLeft
7441,870,265,None,1955,265,MoveLeft
7442,870,265,None,1948,265,MoveLeft
7443,870,265,None,1941,265,MoveLeft
7444,870,265,None,1934,265,MoveLeft
7445,870,265,None,1927,265,MoveLeft
7446,870,265,None,1920,265,MoveLeft
7447,870,265,None,1913,265,MoveLeft
7448,870,265,None,1906,265,MoveLeft
7449,877,265,MoveRight,1906,265,None
7449,877,265,None,1899,265,MoveLeft
7450,884,265,MoveRight,1899,265,None
7450,884,265,None,1892,265,MoveLeft
7451,891,265,MoveRight,1892,265,None
7451,891,265,None,1885,265,MoveLeft
7452,898,265,MoveRight,1885,265,None
7452,898,265,None,1878,265,MoveLeft
7453,905,265,MoveRight,1878,265,None
7453,905,265,None,1871,265,MoveLeft
7454,912,265,MoveRight,1871,265,None
7454,912,265,None,1864,265,MoveLeft
7455,919,265,MoveRight,1864,265,None
7455,919,265,None,1857,265,MoveLeft
7456,926,265,MoveRight,1857,265,None
7456,926,265,None,1850,265,MoveLeft
7457,933,265,MoveRight,1850,265,None
7457,933,265,None,1843,265,MoveLeft
7458,940,265,MoveRight,1843,265,None
7458,940,265,None,1836,265,MoveLeft
7459,947,265,MoveRight,1836,265,None
7459,947,265,None,1829,265,MoveLeft
7460,954,265,MoveRight,1829,265,None
7460,954,265,None,1822,265,MoveLeft
7461,961,265,MoveRight,1822,265,None
7461,961,265,None,1815,265,MoveLeft
7462,968,265,MoveRight,1815,265,None
7462,968,265,None,1808,265,MoveLeft
7463,975,265,MoveRight,1808,265,None
7463,975,265,None,1801,265,MoveLeft
7464,982,265,MoveRight,1801,265,None
7464,982,265,None,1794,265,MoveLeft
7465,989,265,MoveRight,1794,265,None
7465,989,265,None,1787,265,MoveLeft
7466,996,265,MoveRight,1787,265,None
7466,996,265,None,1780,265,MoveLeft
7467,1003,265,MoveRight,1780,265,None
7467,1003,265,None,1773,265,MoveLeft
7468,1010,265,MoveRight,1773,265,None
7468,1010,265,None,1766,265,MoveLeft
7469,1017,265,MoveRight,1766,265,None
7469,1017,265,None,1759,265,MoveLeft
7470,1024,265,MoveRight,1759,265,None
7470,1024,265,None,1752,265,MoveLeft
7471,1031,265,MoveRight,1752,265,None
7471,1031,265,None,1745,265,MoveLeft
7472,1038,265,MoveRight,1745,265,None
7472,1038,265,None,1738,265,MoveLeft
7473,1045,265,MoveRight,1738,265,None
7473,1045,265,None,1731,265,MoveLeft
7474,1052,265,MoveRight,1731,265,None
7475,1059,265,MoveRight,1731,265,None
7476,1066,265,MoveRight,1731,265,None
7477,1073,265,MoveRight,1731,265,None
7478,1080,265,MoveRight,1731,265,None
7479,1087,265,MoveRight,1731,265,None
7480,1094,265,MoveRight,1731,265,None
7481,1101,265,MoveRight,1731,265,None
7482,1108,265,MoveRight,1731,265,None
7483,1115,265,MoveRight,1731,265,None
7484,1122,265,MoveRight,1731,265,None
7485,1129,265,MoveRight,1731,265,None
7500,1122,265,MoveLeft,1731,265,None
7501,1115,265,MoveLeft,1731,265,None
7502,1108,265,MoveLeft,1731,265,None
7503,1101,265,MoveLeft,1731,265,None
7504,1094,265,MoveLeft,1731,265,None
7505,1087,265,MoveLeft,1731,265,None
7506,1080,265,MoveLeft,1731,265,None
7507,1073,265,MoveLeft,1731,265,None
7508,1066,265,MoveLeft,1731,265,None
7509,1059,265,MoveLeft,1731,265,None
7510,1052,265,MoveLeft,1731,265,None
7511,1045,265,MoveLeft,1731,265,None
7512,1038,265,MoveLeft,1731,265,None
7517,1038,265,None,1724,265,MoveLeft
7555,1038,265,None,1724,265,None
7584,1038,265,Set,1724,265,None
7584,1038,265,None,1724,265,None
7619,1031,265,MoveLeft,1724,265,None
7620,1024,265,MoveLeft,1724,265,None
7621,1017,265,MoveLeft,1724,265,None
7622,1010,265,MoveLeft,1724,265,None
7623,1003,265,MoveLeft,1724,265,None
7624,996,265,MoveLeft,1724,265,None
7625,989,265,MoveLeft,1724,265,None
7671,989,284.62,None,1724,265,None
7694,989,520.06,None,1724,265,None
7707,989,510.25,Spike,1724,265,None
7707,989,510.25,None,1724,265,None
7764,1143,265,MoveLeft,2410,265,None
7765,1136,265,MoveLeft,2410,265,None
7766,1129,265,MoveLeft,2410,265,None
7767,1129,265,None,2410,265,Serve
7767,1122,265,MoveLeft,2410,265,None
7767,1122,265,None,2410,265,None
7768,1115,265,MoveLeft,2410,265,None
7769,1108,265,MoveLeft,2410,265,None
7770,1101,265,MoveLeft,2410,265,None
7771,1094,265,MoveLeft,2410,265,None
7772,1087,265,MoveLeft,2410,265,None
7773,1080,265,MoveLeft,2410,265,None
7774,1073,265,MoveLeft,2410,265,None
7775,1066,265,MoveLeft,2410,265,None
7776,1059,265,MoveLeft,2410,265,None
7777,1052,265,MoveLeft,2410,265,None
7778,1045,265,MoveLeft,2410,265,None
7779,1038,265,MoveLeft,2410,265,None
7780,1031,265,MoveLeft,2410,265,None
7781,1024,265,MoveLeft,2410,265,None
7782,1017,265,MoveLeft,2410,265,None
7783,1010,265,MoveLeft,2410,265,None
7784,1003,265,MoveLeft,2410,265,None
7785,996,265,MoveLeft,2410,265,None
7786,989,265,MoveLeft,2410,265,None
7787,982,265,MoveLeft,2410,265,None
7787,982,265,None,2403,265,MoveLeft
7788,975,265,MoveLeft,2403,265,None
7788,975,265,None,2396,265,MoveLeft
7789,968,265,MoveLeft,2396,265,None
7789,968,265,None,2389,265,MoveLeft
7790,961,265,MoveLeft,2389,265,None
7790,961,265,None,2382,265,MoveLeft
7791,954,265,MoveLeft,2382,265,None
7791,954,265,None,2375,265,MoveLeft
7792,947,265,MoveLeft,2375,265,None
7792,947,265,None,2368,265,MoveLeft
7793,940,265,MoveLeft,2368,265,None
7793,940,265,None,2361,265,MoveLeft
7794,933,265,MoveLeft,2361,265,None
7794,933,265,None,2354,265,MoveLeft
7795,926,265,MoveLeft,2354,265,None
7795,926,265,None,2347,265,MoveLeft
7796,919,265,MoveLeft,2347,265,None
7796,919,265,None,2340,265,MoveLeft
7797,912,265,MoveLeft,2340,265,None
7797,912,265,None,2333,265,MoveLeft
7798,905,265,MoveLeft,2333,265,None
7798,905,265,None,2326,265,MoveLeft
7799,898,265,MoveLeft,2326,265,None
7799,898,265,None,2319,265,MoveLeft
7800,891,265,MoveLeft,2319,265,None
7800,891,265,None,2312,265,MoveLeft
7801,884,265,MoveLeft,2312,265,None
7801,884,265,None,2305,265,MoveLeft
7802,877,265,MoveLeft,2305,265,None
7802,877,265,None,2298,265,MoveLeft
7803,870,265,MoveLeft,2298,265,None
7803,870,265,None,2291,265,MoveLeft
7804,870,265,None,2291,265,None
7804,870,265,None,2284,265,MoveLeft
7805,870,265,None,2284,265,None
7805,870,265,None,2277,265,MoveLeft
7806,870,265,None,2277,265,None
7806,870,265,None,2270,265,MoveLeft
7807,870,265,None,2270,265,None
7807,870,265,None,2263,265,MoveLeft
7808,870,265,None,2263,265,None
7808,870,265,None,2256,265,MoveLeft
7809,870,265,None,2256,265,None
7809,870,265,None,2249,265,MoveLeft
7810,870,265,None,2249,265,None
7810,870,265,None,2242,265,MoveLeft
7811,870,265,None,2242,265,None
7811,870,265,None,2235,265,MoveLeft
7812,870,265,None,2235,265,None
7812,870,265,None,2228,265,MoveLeft
7813,870,265,None,2228,265,None
7813,870,265,None,2221,265,MoveLeft
7814,870,265,None,2221,265,None
7814,870,265,None,2214,265,MoveLeft
7815,870,265,None,2214,265,None
7815,870,265,None,2207,265,MoveLeft
7816,870,265,None,2207,265,None
7816,870,265,None,2200,265,MoveLeft
7817,870,265,None,2200,265,None
7817,870,265,None,2193,265,MoveLeft
7818,870,265,None,2193,265,None
7818,870,265,None,2186,265,MoveLeft
7819,870,265,None,2186,265,None
7819,870,265,None,2179,265,MoveLeft
7820,870,265,None,2179,265,None
7820,870,265,None,2172,265,MoveLeft
7821,870,265,None,2172,265,None
7821,870,265,None,2165,265,MoveLeft
7822,870,265,None,2165,265,None
7822,870,265,None,2158,265,MoveLeft
7823,870,265,None,2158,265,None
7823,870,265,None,2151,265,MoveLeft
7824,870,265,None,2151,265,None
7824,870,265,None,2144,265,MoveLeft
7825,870,265,None,2144,265,None
7825,870,265,None,2137,265,MoveLeft
7826,870,265,None,2137,265,None
7826,870,265,None,2130,265,MoveLeft
7827,870,265,None,2130,265,None
7827,870,265,None,2123,265,MoveLeft
7828,870,265,None,2123,265,None
7828,870,265,None,2116,265,MoveLeft
7829,870,265,None,2116,265,None
7829,870,265,None,2109,265,MoveLeft
7830,870,265,None,2109,265,None
7830,870,265,None,2102,265,MoveLeft
7831,870,265,None,2102,265,None
7831,870,265,None,2095,265,MoveLeft
7832,870,265,None,2095,265,None
7832,870,265,None,2088,265,MoveLeft
7833,870,265,None,2088,265,None
7833,870,265,None,2081,265,MoveLeft
7834,870,265,None,2081,265,None
7834,870,265,None,2074,265,MoveLeft
7835,870,265,None,2074,265,None
7835,870,265,None,2067,265,MoveLeft
7836,870,265,None,2067,265,None
7836,870,265,None,2060,265,MoveLeft
7837,870,265,None,2060,265,None
7837,870,265,None,2053,265,MoveLeft
7838,870,265,None,2053,265,None
7838,870,265,None,2046,265,MoveLeft
7839,870,265,Bump,2046,265,None
7839,870,265,None,2046,265,None
7839,870,265,None,2039,265,MoveLeft
7840,870,265,None,2032,265,MoveLeft
7841,870,265,None,2025,265,MoveLeft
7842,870,265,None,2018,265,MoveLeft
7843,870,265,None,2011,265,MoveLeft
7844,870,265,None,2004,265,MoveLeft
7845,870,265,None,1997,265,MoveLeft
7846,870,265,None,1990,265,MoveLeft
7847,870,265,None,1983,265,MoveLeft
7848,870,265,None,1976,265,MoveLeft
7849,870,265,None,1969,265,MoveLeft
7850,870,265,None,1962,265,MoveLeft
7851,870,265,None,1955,265,MoveLeft
7852,870,265,None,1948,265,MoveLeft
7853,870,265,None,1941,265,MoveLeft
7854,870,265,None,1934,265,MoveLeft
7855,870,265,None,1927,265,MoveLeft
7856,870,265,None,1920,265,MoveLeft
7857,870,265,None,1913,265,MoveLeft
7858,870,265,None,1906,265,MoveLeft
7859,870,265,None,1899,265,MoveLeft
7860,870,265,None,1892,265,MoveLeft
7861,877,265,MoveRight,1892,265,None
7861,877,265,None,1885,265,MoveLeft
7862,884,265,MoveRight,1885,265,None
7862,884,265,None,1878,265,MoveLeft
7863,891,265,MoveRight,1878,265,None
7863,891,265,None,1871,265,MoveLeft
7864,898,265,MoveRight,1871,265,None
7864,898,265,None,1864,265,MoveLeft
7865,905,265,MoveRight,1864,265,None
7865,905,265,None,1857,265,MoveLeft
7866,912,265,MoveRight,1857,265,None
7866,912,265,None,1850,265,MoveLeft
7867,919,265,MoveRight,1850,265,None
7867,919,265,None,1843,265,MoveLeft
7868,926,265,MoveRight,1843,265,None
7868,926,265,None,1836,265,MoveLeft
7869,933,265,MoveRight,1836,265,None
7869,933,265,None,1829,265,MoveLeft
7870,940,265,MoveRight,1829,265,None
7870,940,265,None,1822,265,MoveLeft
7871,947,265,MoveRight,1822,265,None
7871,947,265,None,1815,265,MoveLeft
7872,954,265,MoveRight,1815,265,None
7872,954,265,None,1808,265,MoveLeft
7873,961,265,MoveRight,1808,265,None
7873,961,265,None,1801,265,MoveLeft
7874,968,265,MoveRight,1801,265,None
7874,968,265,None,1794,265,MoveLeft
7875,975,265,MoveRight,1794,265,None
7875,975,265,None,1787,265,MoveLeft
7876,982,265,MoveRight,1787,265,None
7876,982,265,None,1780,265,MoveLeft
7877,989,265,MoveRight,1780,265,None
7877,989,265,None,1773,265,MoveLeft
7878,996,265,MoveRight,1773,265,None
7878,996,265,None,1766,265,MoveLeft
7879,1003,265,MoveRight,1766,265,None
7879,1003,265,None,1759,265,MoveLeft
7880,1010,265,MoveRight,1759,265,None
7880,1010,265,None,1752,265,MoveLeft
7881,1017,265,MoveRight,1752,265,None
7881,1017,265,None,1745,265,MoveLeft
7882,1024,265,MoveRight,1745,265,None
7882,1024,265,None,1738,265,MoveLeft
7883,1031,265,MoveRight,1738,265,None
7883,1031,265,None,1731,265,MoveLeft
7884,1038,265,MoveRight,1731,265,None
7885,1045,265,MoveRight,1731,265,None
7886,1052,265,MoveRight,1731,265,None
7887,1059,265,MoveRight,1731,265,None
7888,1066,265,MoveRight,1731,265,None
7889,1073,265,MoveRight,1731,265,None
7890,1080,265,MoveRight,1731,265,None
7891,1087,265,MoveRight,1731,265,None
7892,1094,265,MoveRight,1731,265,None
7893,1101,265,MoveRight,1731,265,None
7894,1108,265,MoveRight,1731,265,None
7895,1115,265,MoveRight,1731,265,None
7896,1122,265,MoveRight,1731,265,None
7897,1129,265,MoveRight,1731,265,None
7898,1136,265,MoveRight,1731,265,None
7899,1143,265,MoveRight,1731,265,None
7900,1150,265,MoveRight,1731,265,None
7901,1157,265,MoveRight,1731,265,None
7902,1164,265,MoveRight,1731,265,None
7903,1171,265,MoveRight,1731,265,None
7909,1164,265,MoveLeft,1731,265,None
7910,1157,265,MoveLeft,1731,265,None
7911,1150,265,MoveLeft,1731,265,None
7912,1143,265,MoveLeft,1731,265,None
7913,1136,265,MoveLeft,1731,265,None
7914,1129,265,MoveLeft,1731,265,None
7915,1122,265,MoveLeft,1731,265,None
7916,1115,265,MoveLeft,1731,265,None
7917,1108,265,MoveLeft,1731,265,None
7918,1101,265,MoveLeft,1731,265,None
7919,1094,265,MoveLeft,1731,265,None
7920,1087,265,MoveLeft,1731,265,None
7921,1080,265,MoveLeft,1731,265,None
7927,1080,265,None,1724,265,MoveLeft
7961,1073,265,MoveLeft,1724,265,None
7962,1066,265,MoveLeft,1724,265,None
7963,1059,265,MoveLeft,1724,265,None
7964,1052,265,MoveLeft,1724,265,None
7965,1045,265,MoveLeft,1724,265,None
7966,1038,265,MoveLeft,1724,265,None
7967,1031,265,MoveLeft,1724,265,None
7968,1024,265,MoveLeft,1724,265,None
7969,1017,265,MoveLeft,1724,265,None
7970,1010,265,MoveLeft,1724,265,None
7971,1003,265,MoveLeft,1724,265,None
7974,1003,265,None,1724,265,None
7978,996,265,MoveLeft,1724,265,None
7979,989,265,MoveLeft,1724,265,None
7980,982,265,MoveLeft,1724,265,None
7981,975,265,MoveLeft,1724,265,None
7994,975,265,Set,1724,265,None
7994,975,265,None,1724,265,None
8012,982,265,MoveRight,1724,265,None
8013,989,265,MoveRight,1724,265,None
8014,996,265,MoveRight,1724,265,None
8015,1003,265,MoveRight,1724,265,None
8016,1010,265,MoveRight,1724,265,None
8017,1017,265,MoveRight,1724,265,None
8018,1024,265,MoveRight,1724,265,None
8019,1031,265,MoveRight,1724,265,None
8047,1024,265,MoveLeft,1724,265,None
8048,1017,265,MoveLeft,1724,265,None
8049,1010,265,MoveLeft,1724,265,None
8050,1003,265,MoveLeft,1724,265,None
8051,996,265,MoveLeft,1724,265,None
8052,989,265,MoveLeft,1724,265,None
8053,982,265,MoveLeft,1724,265,None
8054,975,265,MoveLeft,1724,265,None
8093,982,265,MoveRight,1724,265,None
8094,989,265,MoveRight,1724,265,None
8095,996,265,MoveRight,1724,265,None
8096,1003,265,MoveRight,1724,265,None
8097,1010,265,MoveRight,1724,265,None
8098,1017,265,MoveRight,1724,265,None
8099,1024,265,MoveRight,1724,265,None
8124,1024,265,None,1724,265,None
8137,1024,265,SpikeMedium,1724,265,None
8137,1024,265,None,1724,265,None
8138,1024,265,None,1731,265,MoveRight
8139,1024,265,None,1738,265,MoveRight
8140,1024,265,None,1745,265,MoveRight
8141,1024,265,None,1752,265,MoveRight
8142,1024,265,None,1759,265,MoveRight
8143,1024,265,None,1766,265,MoveRight
8144,1024,265,None,1773,265,MoveRight
8145,1024,265,None,1780,265,MoveRight
8146,1024,265,None,1787,265,MoveRight
8147,1024,265,None,1794,265,MoveRight
8148,1024,265,None,1801,265,MoveRight
8149,1024,265,None,1808,265,MoveRight
8150,1024,265,None,1815,265,MoveRight
8151,1024,265,None,1822,265,MoveRight
8152,1024,265,None,1829,265,MoveRight
8153,1024,265,None,1836,265,MoveRight
8154,1024,265,None,1843,265,MoveRight
8155,1024,265,None,1850,265,MoveRight
8156,1024,265,None,1857,265,MoveRight
8157,1024,265,None,1864,265,MoveRight
8158,1024,265,None,1871,265,MoveRight
8159,1024,265,None,1878,265,MoveRight
8160,1024,265,None,1885,265,MoveRight
8161,1024,265,None,1892,265,MoveRight
8162,1024,265,None,1899,265,MoveRight
8163,1024,265,None,1906,265,MoveRight
8164,1024,265,None,1913,265,MoveRight
8165,1024,265,None,1920,265,MoveRight
8204,1024,265,None,1920,265,SpikeMedium
8204,1024,265,None,1920,265,None
8213,1031,265,MoveRight,1920,265,None
8214,1038,265,MoveRight,1920,265,None
8215,1045,265,MoveRight,1920,265,None
8215,1045,265,None,1913,265,MoveLeft
8216,1052,265,MoveRight,1913,265,None
8216,1052,265,None,1906,265,MoveLeft
8217,1059,265,MoveRight,1906,265,None
8217,1059,265,None,1899,265,MoveLeft
8218,1066,265,MoveRight,1899,265,None
8218,1066,265,None,1892,265,MoveLeft
8219,1073,265,MoveRight,1892,265,None
8219,1073,265,None,1885,265,MoveLeft
8220,1080,265,MoveRight,1885,265,None
8220,1080,265,None,1878,265,MoveLeft
8221,1087,265,MoveRight,1878,265,None
8221,1087,265,None,1871,265,MoveLeft
8222,1094,265,MoveRight,1871,265,None
8222,1094,265,None,1864,265,MoveLeft
8223,1094,265,None,1857,265,MoveLeft
8224,1094,265,None,1850,265,MoveLeft
8225,1094,265,None,1843,265,MoveLeft
8226,1094,265,None,1836,265,MoveLeft
8227,1094,265,None,1829,265,MoveLeft
8228,1094,265,None,1822,265,MoveLeft
8229,1094,265,None,1815,265,MoveLeft
8230,1094,265,None,1808,265,MoveLeft
8231,1094,265,None,1801,265,MoveLeft
8232,1094,265,None,1794,265,MoveLeft
8233,1094,265,None,1787,265,MoveLeft
8234,1094,265,None,1780,265,MoveLeft
8235,1094,265,None,1773,265,MoveLeft
8236,1094,265,None,1766,265,MoveLeft
8237,1094,265,None,1759,265,MoveLeft
8238,1094,265,None,1752,265,MoveLeft
8239,1094,265,None,1745,265,MoveLeft
8240,1094,265,None,1738,265,MoveLeft
8241,1094,265,None,1731,265,MoveLeft
8242,1094,265,None,1731,265,None
8243,1094,265,None,1731,265,None
8244,1094,265,None,1731,265,None
8245,1094,265,None,1731,265,None
8246,1094,265,None,1731,265,None
8247,1094,265,None,1731,265,None
8248,1094,265,None,1731,265,None
8249,1094,265,None,1731,265,None
8250,1094,265,None,1731,265,None
8251,1094,265,None,1731,265,None
8252,1087,265,MoveLeft,1731,265,None
8252,1087,265,None,1731,265,None
8253,1080,265,MoveLeft,1731,265,None
8253,1080,265,None,1731,265,None
8254,1073,265,MoveLeft,1731,265,None
8254,1073,265,None,1731,265,None
8255,1066,265,MoveLeft,1731,265,None
8255,1066,265,None,1731,265,None
8256,1059,265,MoveLeft,1731,265,None
8256,1059,265,None,1731,265,None
8257,1052,265,MoveLeft,1731,265,None
8257,1052,265,None,1731,265,None
8258,1045,265,MoveLeft,1731,265,None
8258,1045,265,None,1731,265,None
8259,1038,265,MoveLeft,1731,265,None
8259,1038,265,None,1731,265,None
8260,1038,265,None,1731,265,None
8260,1038,265,None,1731,265,None
8261,1038,265,None,1731,265,None
8261,1038,265,None,1731,265,None
8262,1038,265,None,1731,265,None
8262,1038,265,None,1731,265,None
8263,1038,265,None,1731,265,None
8263,1038,265,None,1731,265,None
8264,1038,265,None,1731,265,None
8264,1038,265,None,1731,265,None
8265,1038,265,None,1731,265,None
8265,1038,265,None,1731,265,None
8266,1038,265,Bump,1731,265,None
8266,1038,265,None,1731,265,None
8266,1038,265,None,1731,265,None
8267,1038,265,None,1724,265,MoveLeft
8268,1038,265,None,1717,265,MoveLeft
8269,1038,265,None,1710,265,MoveLeft
8270,1038,265,None,1703,265,MoveLeft
8271,1038,265,None,1696,265,MoveLeft
8272,1038,265,None,1689,265,MoveLeft
8273,1038,265,None,1682,265,MoveLeft
8274,1038,265,None,1675,265,MoveLeft
8275,1038,265,None,1668,265,MoveLeft
8276,1038,265,None,1661,265,MoveLeft
8277,1038,265,None,1654,265,MoveLeft
8278,1038,265,None,1647,265,MoveLeft
8279,1038,265,None,1640,265,MoveLeft
8280,1038,265,None,1633,265,MoveLeft
8281,1038,265,None,1626,265,MoveLeft
8282,1038,265,None,1619,265,MoveLeft
8283,1038,265,None,1612,265,MoveLeft
8285,1045,265,MoveRight,1612,265,None
8286,1052,265,MoveRight,1612,265,None
8287,1059,265,MoveRight,1612,265,None
8288,1066,265,MoveRight,1612,265,None
8289,1073,265,MoveRight,1612,265,None
8290,1080,265,MoveRight,1612,265,None
8291,1087,265,MoveRight,1612,265,None
8292,1094,265,MoveRight,1612,265,None
8293,1101,265,MoveRight,1612,265,None
8294,1108,265,MoveRight,1612,265,None
8295,1115,265,MoveRight,1612,265,None
8296,1122,265,MoveRight,1612,265,None
8297,1129,265,MoveRight,1612,265,None
8298,1136,265,MoveRight,1612,265,None
8299,1143,265,MoveRight,1612,265,None
8300,1150,265,MoveRight,1612,265,None
8301,1157,265,MoveRight,1612,265,None
8302,1164,265,MoveRight,1612,265,None
8303,1171,265,MoveRight,1612,265,None
8304,1178,265,MoveRight,1612,265,None
8305,1185,265,MoveRight,1612,265,None
8306,1192,265,MoveRight,1612,265,None
8307,1199,265,MoveRight,1612,265,None
8308,1206,265,MoveRight,1612,265,None
8309,1213,265,MoveRight,1612,265,None
8310,1220,265,MoveRight,1612,265,None
8311,1227,265,MoveRight,1612,265,None
8312,1234,265,MoveRight,1612,265,None
8313,1241,265,MoveRight,1612,265,None
8314,1248,265,MoveRight,1612,265,None
8315,1255,265,MoveRight,1612,265,None
8316,1262,265,MoveRight,1612,265,None
8317,1269,265,MoveRight,1612,265,None
8318,1276,265,MoveRight,1612,265,None
8319,1283,265,MoveRight,1612,265,None
8320,1290,265,MoveRight,1612,265,None
8321,1297,265,MoveRight,1612,265,None
8363,1297,284.62,None,1612,265,None
8367,1297,314.05,None,1612,265,SpikeMedium
8367,1297,333.67,None,1612,265,None
8377,1297,431.77,None,1619,265,MoveRight
8378,1297,441.58,None,1626,265,MoveRight
8379,1297,451.39,None,1633,265,MoveRight
8380,1297,461.2,None,1640,265,MoveRight
8381,1297,471.01,None,1647,265,MoveRight
8382,1297,480.82,None,1654,265,MoveRight
8383,1297,490.63,None,1661,265,MoveRight
8384,1297,500.44,None,1668,265,MoveRight
8385,1297,510.25,None,1675,265,MoveRight
8386,1297,520.06,None,1682,265,MoveRight
8387,1297,529.87,None,1689,265,MoveRight
8388,1297,520.06,Spike,1689,265,None
8388,1297,539.68,None,1689,265,None
8388,1297,539.68,None,1696,265,MoveRight
8389,1297,549.49,None,1689,265,MoveLeft
8390,1297,559.3,None,1682,265,MoveLeft
8391,1297,569.11,None,1675,265,MoveLeft
8392,1297,578.92,None,1668,265,MoveLeft
8393,1297,569.11,None,1661,265,MoveLeft
8394,1297,559.3,None,1654,265,MoveLeft
8395,1297,549.49,None,1647,265,MoveLeft
8396,1297,539.68,None,1640,265,MoveLeft
8397,1297,529.87,None,1633,265,MoveLeft
8398,1297,520.06,None,1626,265,MoveLeft
8441,337,265,MoveRight,1490,265,None
8442,344,265,MoveRight,1490,265,None
8443,351,265,MoveRight,1490,265,None
8444,358,265,MoveRight,1490,265,None
8445,365,265,MoveRight,1490,265,None
8446,372,265,MoveRight,1490,265,None
8447,379,265,MoveRight,1490,265,None
8448,386,265,MoveRight,1490,265,None
8449,393,265,MoveRight,1490,265,None
8450,400,265,MoveRight,1490,265,None
8451,407,265,MoveRight,1490,265,None
8452,414,265,MoveRight,1490,265,None
8453,421,265,MoveRight,1490,265,None
8454,428,265,MoveRight,1490,265,None
8455,435,265,MoveRight,1490,265,None
8456,442,265,MoveRight,1490,265,None
8457,449,265,MoveRight,1490,265,None
8458,456,265,MoveRight,1490,265,None
8459,463,265,MoveRight,1490,265,None
8460,470,265,MoveRight,1490,265,None
8461,477,265,MoveRight,1490,265,None
8462,484,265,MoveRight,1490,265,None
8463,491,265,MoveRight,1490,265,None
8465,491,265,Bump,1490,265,None
8465,484,265,MoveLeft,1490,265,None
8466,484,265,Bump,1490,265,None
8466,477,265,MoveLeft,1490,265,None
8467,477,265,Bump,1490,265,None
8467,470,265,MoveLeft,1490,265,None
8468,470,265,Bump,1490,265,None
8468,463,265,MoveLeft,1490,265,None
8469,463,265,Bump,1490,265,None
8469,456,265,MoveLeft,1490,265,None
8470,456,265,Bump,1490,265,None
8470,449,265,MoveLeft,1490,265,None
8471,449,265,Bump,1490,265,None
8471,442,265,MoveLeft,1490,265,None
8472,442,265,Bump,1490,265,None
8472,435,265,MoveLeft,1490,265,None
8473,435,265,Bump,1490,265,None
8473,428,265,MoveLeft,1490,265,None
8474,428,265,Bump,1490,265,None
8474,421,265,MoveLeft,1490,265,None
8475,421,265,Bump,1490,265,None
8475,414,265,MoveLeft,1490,265,None
8476,414,265,Bump,1490,265,None
8476,407,265,MoveLeft,1490,265,None
8477,407,265,Bump,1490,265,None
8477,400,265,MoveLeft,1490,265,None
8478,400,265,Bump,1490,265,None
8478,393,265,MoveLeft,1490,265,None
8479,393,265,Bump,1490,265,None
8479,386,265,MoveLeft,1490,265,None
8480,386,265,Bump,1490,265,None
8480,379,265,MoveLeft,1490,265,None
8481,379,265,Bump,1490,265,None
8481,372,265,MoveLeft,1490,265,None
8482,372,265,Bump,1490,265,None
8482,365,265,MoveLeft,1490,265,None
8483,365,265,Bump,1490,265,None
8483,358,265,MoveLeft,1490,265,None
8484,358,265,Bump,1490,265,None
8484,351,265,MoveLeft,1490,265,None
8485,351,265,Bump,1490,265,None
8485,344,265,MoveLeft,1490,265,None
8486,344,265,Bump,1490,265,None
8486,337,265,MoveLeft,1490,265,None
8487,337,265,Bump,1490,265,None
8487,330,265,MoveLeft,1490,265,None
8488,330,265,Bump,1490,265,None
8488,323,265,MoveLeft,1490,265,None
8489,323,265,Bump,1490,265,None
8489,316,265,MoveLeft,1490,265,None
8490,316,265,Bump,1490,265,None
8490,309,265,MoveLeft,1490,265,None
8491,309,265,Bump,1490,265,None
8491,302,265,MoveLeft,1490,265,None
8492,302,265,Bump,1490,265,None
8492,295,265,MoveLeft,1490,265,None
8501,302,265,MoveRight,1490,265,None
8502,309,265,MoveRight,1490,265,None
8503,316,265,MoveRight,1490,265,None
8504,323,265,MoveRight,1490,265,None
8505,330,265,MoveRight,1490,265,None
8506,337,265,MoveRight,1490,265,None
8507,344,265,MoveRight,1490,265,None
8508,351,265,MoveRight,1490,265,None
8509,358,265,MoveRight,1490,265,None
8510,365,265,MoveRight,1490,265,None
8511,372,265,MoveRight,1490,265,None
8512,379,265,MoveRight,1490,265,None
8513,386,265,MoveRight,1490,265,None
8514,393,265,MoveRight,1490,265,None
8515,400,265,MoveRight,1490,265,None
8516,407,265,MoveRight,1490,265,None
8517,414,265,MoveRight,1490,265,None
8518,421,265,MoveRight,1490,265,None
8519,428,265,MoveRight,1490,265,None
8520,435,265,MoveRight,1490,265,None
8521,442,265,MoveRight,1490,265,None
8522,449,265,MoveRight,1490,265,None
8523,456,265,MoveRight,1490,265,None
8524,463,265,MoveRight,1490,265,None
8525,470,265,MoveRight,1490,265,None
8526,477,265,MoveRight,1490,265,None
8527,484,265,MoveRight,1490,265,None
8528,491,265,MoveRight,1490,265,None
8529,498,265,MoveRight,1490,265,None
8530,505,265,MoveRight,1490,265,None
8531,512,265,MoveRight,1490,265,None
8532,519,265,MoveRight,1490,265,None
8533,526,265,MoveRight,1490,265,None
8534,533,265,MoveRight,1490,265,None
8537,526,265,MoveLeft,1490,265,None
8538,519,265,MoveLeft,1490,265,None
8539,512,265,MoveLeft,1490,265,None
8540,505,265,MoveLeft,1490,265,None
8541,498,265,MoveLeft,1490,265,None
8542,491,265,MoveLeft,1490,265,None
8543,484,265,MoveLeft,1490,265,None
8544,477,265,MoveLeft,1490,265,None
8545,470,265,MoveLeft,1490,265,None
8546,463,265,MoveLeft,1490,265,None
8547,456,265,MoveLeft,1490,265,None
8548,449,265,MoveLeft,1490,265,None
8549,442,265,MoveLeft,1490,265,None
8550,435,265,MoveLeft,1490,265,None
8551,428,265,MoveLeft,1490,265,None
8552,421,265,MoveLeft,1490,265,None
8570,428,265,MoveRight,1490,265,None
8571,435,265,MoveRight,1490,265,None
8572,442,265,MoveRight,1490,265,None
8573,449,265,MoveRight,1490,265,None
8574,456,265,MoveRight,1490,265,None
8575,463,265,MoveRight,1490,265,None
8576,470,265,MoveRight,1490,265,None
8577,477,265,MoveRight,1490,265,None
8578,484,265,MoveRight,1490,265,None
8579,491,265,MoveRight,1490,265,None
8580,498,265,MoveRight,1490,265,None
8581,505,265,MoveRight,1490,265,None
8582,512,265,MoveRight,1490,265,None
8583,519,265,MoveRight,1490,265,None
8584,526,265,MoveRight,1490,265,None
8585,533,265,MoveRight,1490,265,None
8586,540,265,MoveRight,1490,265,None
8587,547,265,MoveRight,1490,265,None
8588,554,265,MoveRight,1490,265,None
8589,561,265,MoveRight,1490,265,None
8590,568,265,MoveRight,1490,265,None
8591,575,265,MoveRight,1490,265,None
8592,582,265,MoveRight,1490,265,None
8593,589,265,MoveRight,1490,265,None
8594,596,265,MoveRight,1490,265,None
8679,589,265,MoveLeft,1490,265,None
8680,582,265,MoveLeft,1490,265,None
8681,575,265,MoveLeft,1490,265,None
8682,568,265,MoveLeft,1490,265,None
8683,561,265,MoveLeft,1490,265,None
8684,554,265,MoveLeft,1490,265,None
8685,547,265,MoveLeft,1490,265,None
8686,540,265,MoveLeft,1490,265,None
8687,533,265,MoveLeft,1490,265,None
8688,526,265,MoveLeft,1490,265,None
8689,519,265,MoveLeft,1490,265,None
8690,512,265,MoveLeft,1490,265,None
8691,505,265,MoveLeft,1490,265,None
8692,498,265,MoveLeft,1490,265,None
8693,491,265,MoveLeft,1490,265,None
8694,484,265,MoveLeft,1490,265,None
8695,477,265,MoveLeft,1490,265,None
8696,470,265,MoveLeft,1490,265,None
8697,463,265,MoveLeft,1490,265,None
8698,456,265,MoveLeft,1490,265,None
8699,449,265,MoveLeft,1490,265,None
8700,442,265,MoveLeft,1490,265,None
8701,435,265,MoveLeft,1490,265,None
8702,428,265,MoveLeft,1490,265,None
8703,421,265,MoveLeft,1490,265,None
8704,414,265,MoveLeft,1490,265,None
8705,407,265,MoveLeft,1490,265,None
8706,400,265,MoveLeft,1490,265,None
8726,407,265,MoveRight,1490,265,None
8727,414,265,MoveRight,1490,265,None
8728,421,265,MoveRight,1490,265,None
8729,428,265,MoveRight,1490,265,None
8730,435,265,MoveRight,1490,265,None
8731,442,265,MoveRight,1490,265,None
8732,449,265,MoveRight,1490,265,None
8733,456,265,MoveRight,1490,265,None
8734,463,265,MoveRight,1490,265,None
8735,470,265,MoveRight,1490,265,None
8736,477,265,MoveRight,1490,265,None
8737,484,265,MoveRight,1490,265,None
8738,491,265,MoveRight,1490,265,None
8739,498,265,MoveRight,1490,265,None
8740,505,265,MoveRight,1490,265,None
8741,512,265,MoveRight,1490,265,None
8742,519,265,MoveRight,1490,265,None
8743,526,265,MoveRight,1490,265,None
8744,533,265,MoveRight,1490,265,None
8745,540,265,MoveRight,1490,265,None
8746,547,265,MoveRight,1490,265,None
8747,554,265,MoveRight,1490,265,None
8751,547,265,MoveLeft,1490,265,None
8752,540,265,MoveLeft,1490,265,None
8753,533,265,MoveLeft,1490,265,None
8754,526,265,MoveLeft,1490,265,None
8755,519,265,MoveLeft,1490,265,None
8756,512,265,MoveLeft,1490,265,None
8757,505,265,MoveLeft,1490,265,None
8758,498,265,MoveLeft,1490,265,None
8759,491,265,MoveLeft,1490,265,None
8760,484,265,MoveLeft,1490,265,None
8761,477,265,MoveLeft,1490,265,None
8762,470,265,MoveLeft,1490,265,None
8763,463,265,MoveLeft,1490,265,None
8764,456,265,MoveLeft,1490,265,None
8765,449,265,MoveLeft,1490,265,None
8766,442,265,MoveLeft,1490,265,None
8767,435,265,MoveLeft,1490,265,None
8768,428,265,MoveLeft,1490,265,None
8769,421,265,MoveLeft,1490,265,None
8770,414,265,MoveLeft,1490,265,None
8771,407,265,MoveLeft,1490,265,None
8772,400,265,MoveLeft,1490,265,None
8773,393,265,MoveLeft,1490,265,None
8774,386,265,MoveLeft,1490,265,None
8775,379,265,MoveLeft,1490,265,None
8776,372,265,MoveLeft,1490,265,None
8777,365,265,MoveLeft,1490,265,None
8778,358,265,MoveLeft,1490,265,None
8779,351,265,MoveLeft,1490,265,None
8780,344,265,MoveLeft,1490,265,None
8781,337,265,MoveLeft,1490,265,None
8782,330,265,MoveLeft,1490,265,None
8783,323,265,MoveLeft,1490,265,None
8787,323,265,Serve,1490,265,None
8787,323,265,None,1490,265,None
8788,323,265,None,1497,265,MoveRight
8789,323,265,None,1504,265,MoveRight
8790,323,265,None,1511,265,MoveRight
8791,323,265,None,1518,265,MoveRight
8792,323,265,None,1525,265,MoveRight
8793,323,265,None,1532,265,MoveRight
8794,323,265,None,1539,265,MoveRight
8795,323,265,None,1546,265,MoveRight
8796,323,265,None,1553,265,MoveRight
8797,323,265,None,1560,265,MoveRight
8798,323,265,None,1567,265,MoveRight
8799,323,265,None,1574,265,MoveRight
8800,323,265,None,1581,265,MoveRight
8801,323,265,None,1588,265,MoveRight
8802,323,265,None,1595,265,MoveRight
8803,323,265,None,1602,265,MoveRight
8804,323,265,None,1609,265,MoveRight
8805,323,265,None,1616,265,MoveRight
8806,330,265,MoveRight,1616,265,None
8806,330,265,None,1623,265,MoveRight
8807,337,265,MoveRight,1623,265,None
8807,337,265,None,1630,265,MoveRight
8808,344,265,MoveRight,1630,265,None
8808,344,265,None,1637,265,MoveRight
8809,351,265,MoveRight,1637,265,None
8809,351,265,None,1644,265,MoveRight
8810,358,265,MoveRight,1644,265,None
8810,358,265,None,1651,265,MoveRight
8811,365,265,MoveRight,1651,265,None
8811,365,265,None,1658,265,MoveRight
8812,372,265,MoveRight,1658,265,None
8812,372,265,None,1665,265,MoveRight
8813,379,265,MoveRight,1665,265,None
8813,379,265,None,1672,265,MoveRight
8814,386,265,MoveRight,1672,265,None
8814,386,265,None,1679,265,MoveRight
8815,393,265,MoveRight,1679,265,None
8815,393,265,None,1686,265,MoveRight
8816,400,265,MoveRight,1686,265,None
8816,400,265,None,1693,265,MoveRight
8817,407,265,MoveRight,1693,265,None
8817,407,265,None,1700,265,MoveRight
8818,414,265,MoveRight,1700,265,None
8818,414,265,None,1707,265,MoveRight
8819,421,265,MoveRight,1707,265,None
8819,421,265,None,1714,265,MoveRight
8820,428,265,MoveRight,1714,265,None
8820,428,265,None,1721,265,MoveRight
8821,435,265,MoveRight,1721,265,None
8821,435,265,None,1728,265,MoveRight
8822,442,265,MoveRight,1728,265,None
8822,442,265,None,1735,265,MoveRight
8823,449,265,MoveRight,1735,265,None
8823,449,265,None,1742,265,MoveRight
8824,456,265,MoveRight,1742,265,None
8824,456,265,None,1749,265,MoveRight
8825,463,265,MoveRight,1749,265,None
8825,463,265,None,1756,265,MoveRight
8826,470,265,MoveRight,1756,265,None
8826,470,265,None,1763,265,MoveRight
8827,477,265,MoveRight,1763,265,None
8827,477,265,None,1770,265,MoveRight
8828,484,265,MoveRight,1770,265,None
8828,484,265,None,1777,265,MoveRight
8829,491,265,MoveRight,1777,265,None
8829,491,265,None,1784,265,MoveRight
8830,498,265,MoveRight,1784,265,None
8830,498,265,None,1791,265,MoveRight
8831,505,265,MoveRight,1791,265,None
8831,505,265,None,1798,265,MoveRight
8832,512,265,MoveRight,1798,265,None
8832,512,265,None,1805,265,MoveRight
8833,519,265,MoveRight,1805,265,None
8833,519,265,None,1812,265,MoveRight
8834,526,265,MoveRight,1812,265,None
8834,526,265,None,1819,265,MoveRight
8835,533,265,MoveRight,1819,265,None
8835,533,265,None,1826,265,MoveRight
8836,540,265,MoveRight,1826,265,None
8836,540,265,None,1833,265,MoveRight
8837,547,265,MoveRight,1833,265,None
8837,547,265,None,1840,265,MoveRight
8838,554,265,MoveRight,1840,265,None
8838,554,265,None,1847,265,MoveRight
8839,561,265,MoveRight,1847,265,None
8839,561,265,None,1854,265,MoveRight
8840,568,265,MoveRight,1854,265,None
8840,568,265,None,1861,265,MoveRight
8841,575,265,MoveRight,1861,265,None
8841,575,265,None,1868,265,MoveRight
8842,582,265,MoveRight,1868,265,None
8843,589,265,MoveRight,1868,265,None
8844,596,265,MoveRight,1868,265,None
8845,603,265,MoveRight,1868,265,None
8846,610,265,MoveRight,1868,265,None
8847,617,265,MoveRight,1868,265,None
8848,624,265,MoveRight,1868,265,None
8849,631,265,MoveRight,1868,265,None
8850,638,265,MoveRight,1868,265,None
8851,645,265,MoveRight,1868,265,None
8852,652,265,MoveRight,1868,265,None
8853,659,265,MoveRight,1868,265,None
8854,666,265,MoveRight,1868,265,None
8855,673,265,MoveRight,1868,265,None
8856,680,265,MoveRight,1868,265,None
8857,687,265,MoveRight,1868,265,None
8858,694,265,MoveRight,1868,265,None
8859,701,265,MoveRight,1868,265,None
8860,708,265,MoveRight,1868,265,None
8861,708,265,None,1868,265,SpikeMedium
8861,715,265,MoveRight,1868,265,None
8861,715,265,None,1868,265,None
8862,722,265,MoveRight,1868,265,None
8863,729,265,MoveRight,1868,265,None
8864,736,265,MoveRight,1868,265,None
8865,743,265,MoveRight,1868,265,None
8866,750,265,MoveRight,1868,265,None
8867,757,265,MoveRight,1868,265,None
8868,764,265,MoveRight,1868,265,None
8869,771,265,MoveRight,1868,265,None
8870,778,265,MoveRight,1868,265,None
8871,785,265,MoveRight,1868,265,None
8871,785,265,None,1861,265,MoveLeft
8872,792,265,MoveRight,1861,265,None
8872,792,265,None,1854,265,MoveLeft
8873,799,265,MoveRight,1854,265,None
8873,799,265,None,1847,265,MoveLeft
8874,806,265,MoveRight,1847,265,None
8874,806,265,None,1840,265,MoveLeft
8875,813,265,MoveRight,1840,265,None
8875,813,265,None,1833,265,MoveLeft
8876,820,265,MoveRight,1833,265,None
8876,820,265,None,1826,265,MoveLeft
8877,827,265,MoveRight,1826,265,None
8877,827,265,None,1819,265,MoveLeft
8878,834,265,MoveRight,1819,265,None
8878,834,265,None,1812,265,MoveLeft
8879,841,265,MoveRight,1812,265,None
8879,841,265,None,1805,265,MoveLeft
8880,848,265,MoveRight,1805,265,None
8880,848,265,None,1798,265,MoveLeft
8881,855,265,MoveRight,1798,265,None
8881,855,265,None,1791,265,MoveLeft
8882,862,265,MoveRight,1791,265,None
8882,862,265,None,1784,265,MoveLeft
8883,869,265,MoveRight,1784,265,None
8883,869,265,None,1777,265,MoveLeft
8884,876,265,MoveRight,1777,265,None
8884,876,265,None,1770,265,MoveLeft
8885,883,265,MoveRight,1770,265,None
8885,883,265,None,1763,265,MoveLeft
8886,890,265,MoveRight,1763,265,None
8886,890,265,None,1756,265,MoveLeft
8887,897,265,MoveRight,1756,265,None
8887,897,265,None,1749,265,MoveLeft
8888,904,265,MoveRight,1749,265,None
8888,904,265,None,1742,265,MoveLeft
8889,911,265,MoveRight,1742,265,None
8889,911,265,None,1735,265,MoveLeft
8890,918,265,MoveRight,1735,265,None
8890,918,265,None,1735,265,None
8891,925,265,MoveRight,1735,265,None
8891,925,265,None,1735,265,None
8892,932,265,MoveRight,1735,265,None
8892,932,265,None,1735,265,None
8893,939,265,MoveRight,1735,265,None
8893,939,265,None,1735,265,None
8894,946,265,MoveRight,1735,265,None
8894,946,265,None,1735,265,None
8895,953,265,MoveRight,1735,265,None
8895,953,265,None,1735,265,None
8896,960,265,MoveRight,1735,265,None
8896,960,265,None,1735,265,None
8897,967,265,MoveRight,1735,265,None
8897,967,265,None,1735,265,None
8898,967,265,None,1735,265,None
8899,967,265,None,1735,265,None
8900,967,265,None,1735,265,None
8901,967,265,None,1735,265,None
8902,967,265,None,1735,265,None
8903,967,265,None,1735,265,None
8904,967,265,None,1735,265,None
8905,967,265,None,1735,265,None
8906,967,265,None,1735,265,None
8907,974,265,MoveRight,1735,265,None
8907,974,265,None,1735,265,None
8908,974,265,None,1735,265,None
8908,974,265,None,1735,265,None
8909,974,265,None,1735,265,None
8909,974,265,None,1735,265,None
8910,974,265,None,1735,265,None
8910,974,265,None,1735,265,None
8911,974,265,None,1735,265,None
8911,974,265,None,1735,265,None
8912,974,265,None,1735,265,None
8912,974,265,None,1735,265,None
8913,974,265,None,1735,265,None
8913,974,265,None,1735,265,None
8914,974,265,None,1735,265,None
8914,974,265,None,1735,265,None
8915,974,265,None,1735,265,None
8915,974,265,None,1735,265,None
8916,974,265,None,1735,265,None
8916,974,265,None,1735,265,None
8917,974,265,None,1735,265,None
8917,974,265,None,1735,265,None
8918,974,265,None,1735,265,None
8918,974,265,None,1735,265,None
8919,974,265,None,1735,265,None
8919,974,265,None,1735,265,None
8920,974,265,None,1735,265,None
8920,974,265,None,1735,265,None
8921,974,265,None,1735,265,None
8921,974,265,None,1735,265,None
8922,974,265,None,1735,265,None
8922,974,265,None,1735,265,None
8923,974,265,Bump,1735,265,None
8923,974,265,None,1735,265,None
8923,974,265,None,1735,265,None
8924,974,265,None,1728,265,MoveLeft
8925,974,265,None,1721,265,MoveLeft
8926,974,265,None,1714,265,MoveLeft
8927,974,265,None,1707,265,MoveLeft
8928,974,265,None,1700,265,MoveLeft
8929,974,265,None,1693,265,MoveLeft
8930,974,265,None,1686,265,MoveLeft
8931,974,265,None,1679,265,MoveLeft
8932,974,265,None,1672,265,MoveLeft
8933,974,265,None,1665,265,MoveLeft
8934,974,265,None,1658,265,MoveLeft
8935,974,265,None,1651,265,MoveLeft
8936,974,265,None,1644,265,MoveLeft
8937,974,265,None,1637,265,MoveLeft
8938,974,265,None,1630,265,MoveLeft
8939,974,265,None,1623,265,MoveLeft
8940,974,265,None,1616,265,MoveLeft
8941,974,265,None,1609,265,MoveLeft
8942,974,265,None,1602,265,MoveLeft
8943,981,265,MoveRight,1602,265,None
8943,981,265,None,1595,265,MoveLeft
8944,988,265,MoveRight,1595,265,None
8944,988,265,None,1588,265,MoveLeft
8945,995,265,MoveRight,1588,265,None
8945,995,265,None,1581,265,MoveLeft
8946,1002,265,MoveRight,1581,265,None
8946,1002,265,None,1574,265,MoveLeft
8947,1009,265,MoveRight,1574,265,None
8947,1009,265,None,1567,265,MoveLeft
8948,1016,265,MoveRight,1567,265,None
8948,1016,265,None,1560,265,MoveLeft
8949,1023,265,MoveRight,1560,265,None
8949,1023,265,None,1553,265,MoveLeft
8950,1030,265,MoveRight,1553,265,None
8951,1037,265,MoveRight,1553,265,None
8952,1044,265,MoveRight,1553,265,None
8953,1051,265,MoveRight,1553,265,None
8954,1058,265,MoveRight,1553,265,None
8955,1065,265,MoveRight,1553,265,None
8956,1072,265,MoveRight,1553,265,None
8957,1079,265,MoveRight,1553,265,None
8958,1086,265,MoveRight,1553,265,None
8959,1093,265,MoveRight,1553,265,None
8960,1100,265,MoveRight,1553,265,None
8961,1107,265,MoveRight,1553,265,None
8962,1114,265,MoveRight,1553,265,None
8963,1121,265,MoveRight,1553,265,None
8964,1128,265,MoveRight,1553,265,None
8965,1135,265,MoveRight,1553,265,None
8966,1142,265,MoveRight,1553,265,None
8967,1149,265,MoveRight,1553,265,None
8968,1156,265,MoveRight,1553,265,None
8969,1163,265,MoveRight,1553,265,None
8970,1170,265,MoveRight,1553,265,None
8971,1177,265,MoveRight,1553,265,None
8972,1184,265,MoveRight,1553,265,None
8973,1191,265,MoveRight,1553,265,None
8974,1198,265,MoveRight,1553,265,None
8975,1205,265,MoveRight,1553,265,None
8976,1212,265,MoveRight,1553,265,None
8977,1219,265,MoveRight,1553,265,None
8978,1226,265,MoveRight,1553,265,None
8979,1233,265,MoveRight,1553,265,None
8980,1240,265,MoveRight,1553,265,None
8981,1247,265,MoveRight,1553,265,None
8982,1254,265,MoveRight,1553,265,None
8983,1261,265,MoveRight,1553,265,None
8984,1268,265,MoveRight,1553,265,None
8985,1275,265,MoveRight,1553,265,None
8986,1282,265,MoveRight,1553,265,None
8987,1289,265,MoveRight,1553,265,None
8988,1296,265,MoveRight,1553,265,None
8989,1303,265,MoveRight,1553,265,None
8990,1310,265,MoveRight,1553,265,None
8998,1310,284.62,None,1553,265,None
9024,1310,529.87,None,1553,265,SpikeMedium
9024,1310,549.49,None,1553,265,None
9024,1310,549.49,None,1553,265,None
9035,1310,500.44,None,1560,265,MoveRight
9036,1310,490.63,None,1560,265,None
9036,1310,490.63,None,1567,265,MoveRight
9037,1310,480.82,None,1574,265,MoveRight
9038,1310,471.01,None,1581,265,MoveRight
9039,1310,461.2,None,1588,265,MoveRight
9040,1310,451.39,None,1595,265,MoveRight
9041,1310,441.58,None,1602,265,MoveRight
9042,1310,431.77,None,1609,265,MoveRight
9043,1310,421.96,None,1616,265,MoveRight
9044,1310,412.15,None,1623,265,MoveRight
9045,1310,402.34,None,1630,265,MoveRight
9046,1310,392.53,None,1637,265,MoveRight
9047,1310,382.72,None,1644,265,MoveRight
9048,1310,372.91,None,1651,265,MoveRight
9049,1310,363.1,None,1651,265,None
9049,1310,363.1,None,1658,265,MoveRight
9050,1310,353.29,None,1665,265,MoveRight
9051,1310,343.48,None,1672,265,MoveRight
9052,1310,333.67,None,1679,265,MoveRight
9053,1310,323.86,None,1686,265,MoveRight
9054,1310,314.05,None,1693,265,MoveRight
9055,1310,304.24,None,1700,265,MoveRight
9056,1310,294.43,None,1707,265,MoveRight
9057,1310,284.62,None,1714,265,MoveRight
9058,1310,274.81,None,1721,265,MoveRight
9059,1310,265,None,1728,265,MoveRight
9060,1310,265,None,1728,265,None
9061,1310,265,None,1728,265,None
9062,1310,265,None,1728,265,None
9063,1303,265,MoveLeft,1728,265,None
9063,1303,265,None,1728,265,None
9064,1296,265,MoveLeft,1728,265,None
9064,1296,265,None,1728,265,None
9065,1289,265,MoveLeft,1728,265,None
9065,1289,265,None,1728,265,None
9066,1282,265,MoveLeft,1728,265,None
9066,1282,265,None,1728,265,None
9067,1275,265,MoveLeft,1728,265,None
9067,1275,265,None,1728,265,None
9068,1268,265,MoveLeft,1728,265,None
9068,1268,265,None,1728,265,None
9069,1261,265,MoveLeft,1728,265,None
9069,1261,265,None,1728,265,None
9070,1254,265,MoveLeft,1728,265,None
9070,1254,265,None,1728,265,None
9071,1247,265,MoveLeft,1728,265,None
9071,1247,265,None,1728,265,None
9072,1240,265,MoveLeft,1728,265,None
9072,1240,265,None,1728,265,None
9073,1233,265,MoveLeft,1728,265,None
9073,1233,265,None,1728,265,None
9074,1226,265,MoveLeft,1728,265,None
9074,1226,265,None,1728,265,None
9075,1219,265,MoveLeft,1728,265,None
9075,1219,265,None,1728,265,None
9076,1212,265,MoveLeft,1728,265,None
9076,1212,265,None,1728,265,None
9077,1205,265,MoveLeft,1728,265,None
9077,1205,265,None,1728,265,None
9078,1198,265,MoveLeft,1728,265,None
9078,1198,265,None,1728,265,None
9079,1191,265,MoveLeft,1728,265,None
9079,1191,265,None,1728,265,None
9080,1184,265,MoveLeft,1728,265,None
9080,1184,265,None,1728,265,None
9081,1177,265,MoveLeft,1728,265,None
9081,1177,265,None,1728,265,None
9082,1170,265,MoveLeft,1728,265,None
9082,1170,265,None,1728,265,None
9083,1163,265,MoveLeft,1728,265,None
9083,1163,265,None,1728,265,None
9084,1156,265,MoveLeft,1728,265,None
9084,1156,265,None,1728,265,None
9085,1149,265,MoveLeft,1728,265,None
9085,1149,265,None,1728,265,None
9086,1142,265,MoveLeft,1728,265,None
9086,1142,265,None,1728,265,None
9087,1135,265,MoveLeft,1728,265,None
9087,1135,265,None,1728,265,None
9088,1128,265,MoveLeft,1728,265,None
9088,1128,265,None,1728,265,None
9089,1121,265,MoveLeft,1728,265,None
9089,1121,265,None,1728,265,None
9090,1114,265,MoveLeft,1728,265,None
9090,1114,265,None,1728,265,None
9091,1107,265,MoveLeft,1728,265,None
9091,1107,265,None,1728,265,None
9092,1100,265,MoveLeft,1728,265,None
9092,1100,265,None,1728,265,None
9093,1323,265,MoveLeft,2410,265,None
9094,1316,265,MoveLeft,2410,265,None
9095,1309,265,MoveLeft,2410,265,None
9096,1302,265,MoveLeft,2410,265,None
9097,1295,265,MoveLeft,2410,265,None
9098,1288,265,MoveLeft,2410,265,None
9099,1281,265,MoveLeft,2410,265,None
9100,1274,265,MoveLeft,2410,265,None
9101,1267,265,MoveLeft,2410,265,None
9102,1260,265,MoveLeft,2410,265,None
9103,1253,265,MoveLeft,2410,265,None
9143,1253,265,None,2410,265,Serve
9143,1253,265,None,2410,265,None
9162,1253,265,None,2403,265,MoveLeft
9163,1253,265,None,2396,265,MoveLeft
9164,1253,265,None,2389,265,MoveLeft
9165,1253,265,None,2382,265,MoveLeft
9166,1253,265,None,2375,265,MoveLeft
9167,1253,265,None,2368,265,MoveLeft
9168,1253,265,None,2361,265,MoveLeft
9169,1253,265,None,2354,265,MoveLeft
9170,1253,265,None,2347,265,MoveLeft
9171,1253,265,None,2340,265,MoveLeft
9172,1253,265,None,2333,265,MoveLeft
9173,1253,265,None,2326,265,MoveLeft
9174,1253,265,None,2319,265,MoveLeft
9175,1253,265,None,2312,265,MoveLeft
9176,1253,265,None,2305,265,MoveLeft
9177,1253,265,None,2298,265,MoveLeft
9178,1253,265,None,2291,265,MoveLeft
9179,1253,265,None,2284,265,MoveLeft
9180,1253,265,None,2277,265,MoveLeft
9181,1253,265,None,2270,265,MoveLeft
9182,1253,265,None,2263,265,MoveLeft
9183,1253,265,None,2256,265,MoveLeft
9184,1246,265,MoveLeft,2256,265,None
9184,1246,265,None,2249,265,MoveLeft
9185,1239,265,MoveLeft,2249,265,None
9185,1239,265,None,2242,265,MoveLeft
9186,1232,265,MoveLeft,2242,265,None
9186,1232,265,None,2235,265,MoveLeft
9187,1225,265,MoveLeft,2235,265,None
9187,1225,265,None,2228,265,MoveLeft
9188,1218,265,MoveLeft,2228,265,None
9188,1218,265,None,2221,265,MoveLeft
9189,1211,265,MoveLeft,2221,265,None
9189,1211,265,None,2214,265,MoveLeft
9190,1204,265,MoveLeft,2214,265,None
9190,1204,265,None,2207,265,MoveLeft
9191,1197,265,MoveLeft,2207,265,None
9191,1197,265,None,2200,265,MoveLeft
9192,1190,265,MoveLeft,2200,265,None
9192,1190,265,None,2193,265,MoveLeft
9193,1183,265,MoveLeft,2193,265,None
9193,1183,265,None,2186,265,MoveLeft
9194,1176,265,MoveLeft,2186,265,None
9194,1176,265,None,2179,265,MoveLeft
9195,1169,265,MoveLeft,2179,265,None
9195,1169,265,None,2172,265,MoveLeft
9196,1162,265,MoveLeft,2172,265,None
9196,1162,265,None,2165,265,MoveLeft
9197,1155,265,MoveLeft,2165,265,None
9197,1155,265,None,2158,265,MoveLeft
9198,1148,265,MoveLeft,2158,265,None
9198,1148,265,None,2151,265,MoveLeft
9199,1141,265,MoveLeft,2151,265,None
9199,1141,265,None,2144,265,MoveLeft
9200,1134,265,MoveLeft,2144,265,None
9200,1134,265,None,2137,265,MoveLeft
9201,1127,265,MoveLeft,2137,265,None
9201,1127,265,None,2130,265,MoveLeft
9202,1120,265,MoveLeft,2130,265,None
9202,1120,265,None,2123,265,MoveLeft
9203,1113,265,MoveLeft,2123,265,None
9203,1113,265,None,2116,265,MoveLeft
9204,1106,265,MoveLeft,2116,265,None
9204,1106,265,None,2109,265,MoveLeft
9205,1099,265,MoveLeft,2109,265,None
9205,1099,265,None,2102,265,MoveLeft
9206,1092,265,MoveLeft,2102,265,None
9206,1092,265,None,2095,265,MoveLeft
9207,1085,265,MoveLeft,2095,265,None
9207,1085,265,None,2088,265,MoveLeft
9208,1078,265,MoveLeft,2088,265,None
9208,1078,265,None,2081,265,MoveLeft
9209,1071,265,MoveLeft,2081,265,None
9209,1071,265,None,2074,265,MoveLeft
9210,1064,265,MoveLeft,2074,265,None
9210,1064,265,None,2067,265,MoveLeft
9211,1057,265,MoveLeft,2067,265,None
9211,1057,265,None,2060,265,MoveLeft
9212,1050,265,MoveLeft,2060,265,None
9212,1050,265,None,2053,265,MoveLeft
9213,1043,265,MoveLeft,2053,265,None
9213,1043,265,None,2046,265,MoveLeft
9214,1043,265,Bump,2046,265,None
9214,1036,265,MoveLeft,2046,265,None
9214,1036,265,None,2039,265,MoveLeft
9215,1036,265,None,2032,265,MoveLeft
9216,1036,265,None,2025,265,MoveLeft
9217,1036,265,None,2018,265,MoveLeft
9218,1036,265,None,2011,265,MoveLeft
9219,1036,265,None,2004,265,MoveLeft
9220,1036,265,None,1997,265,MoveLeft
9221,1036,265,None,1990,265,MoveLeft
9222,1036,265,None,1983,265,MoveLeft
9223,1036,265,None,1976,265,MoveLeft
9224,1036,265,None,1969,265,MoveLeft
9225,1036,265,None,1962,265,MoveLeft
9226,1036,265,None,1955,265,MoveLeft
9227,1036,265,None,1948,265,MoveLeft
9228,1036,265,None,1941,265,MoveLeft
9229,1036,265,None,1934,265,MoveLeft
9230,1036,265,None,1927,265,MoveLeft
9231,1036,265,None,1920,265,MoveLeft
9232,1036,265,None,1913,265,MoveLeft
9233,1036,265,None,1906,265,MoveLeft
9234,1043,265,MoveRight,1906,265,None
9234,1043,265,None,1899,265,MoveLeft
9235,1050,265,MoveRight,1899,265,None
9235,1050,265,None,1892,265,MoveLeft
9236,1057,265,MoveRight,1892,265,None
9236,1057,265,None,1885,265,MoveLeft
9237,1064,265,MoveRight,1885,265,None
9237,1064,265,None,1878,265,MoveLeft
9238,1071,265,MoveRight,1878,265,None
9238,1071,265,None,1871,265,MoveLeft
9239,1078,265,MoveRight,1871,265,None
9239,1078,265,None,1864,265,MoveLeft
9240,1085,265,MoveRight,1864,265,None
9240,1085,265,None,1857,265,MoveLeft
9241,1092,265,MoveRight,1857,265,None
9241,1092,265,None,1850,265,MoveLeft
9242,1099,265,MoveRight,1850,265,None
9242,1099,265,None,1843,265,MoveLeft
9243,1106,265,MoveRight,1843,265,None
9243,1106,265,None,1836,265,MoveLeft
9244,1113,265,MoveRight,1836,265,None
9244,1113,265,None,1829,265,MoveLeft
9245,1120,265,MoveRight,1829,265,None
9245,1120,265,None,1822,265,MoveLeft
9246,1127,265,MoveRight,1822,265,None
9246,1127,265,None,1815,265,MoveLeft
9247,1134,265,MoveRight,1815,265,None
9247,1134,265,None,1808,265,MoveLeft
9248,1141,265,MoveRight,1808,265,None
9248,1141,265,None,1801,265,MoveLeft
9249,1148,265,MoveRight,1801,265,None
9249,1148,265,None,1794,265,MoveLeft
9250,1155,265,MoveRight,1794,265,None
9250,1155,265,None,1787,265,MoveLeft
9251,1162,265,MoveRight,1787,265,None
9251,1162,265,None,1780,265,MoveLeft
9252,1169,265,MoveRight,1780,265,None
9252,1169,265,None,1773,265,MoveLeft
9253,1176,265,MoveRight,1773,265,None
9253,1176,265,None,1766,265,MoveLeft
9254,1183,265,MoveRight,1766,265,None
9254,1183,265,None,1759,265,MoveLeft
9255,1190,265,MoveRight,1759,265,None
9255,1190,265,None,1752,265,MoveLeft
9256,1197,265,MoveRight,1752,265,None
9256,1197,265,None,1745,265,MoveLeft
9257,1204,265,MoveRight,1745,265,None
9257,1204,265,None,1738,265,MoveLeft
9258,1211,265,MoveRight,1738,265,None
9258,1211,265,None,1731,265,MoveLeft
9259,1218,265,MoveRight,1731,265,None
9259,1218,265,None,1724,265,MoveLeft
9260,1225,265,MoveRight,1724,265,None
9260,1225,265,None,1717,265,MoveLeft
9261,1232,265,MoveRight,1717,265,None
9261,1232,265,None,1710,265,MoveLeft
9262,1239,265,MoveRight,1710,265,None
9262,1239,265,None,1703,265,MoveLeft
9263,1246,265,MoveRight,1703,265,None
9263,1246,265,None,1696,265,MoveLeft
9264,1253,265,MoveRight,1696,265,None
9264,1253,265,None,1689,265,MoveLeft
9265,1260,265,MoveRight,1689,265,None
9265,1260,265,None,1682,265,MoveLeft
9266,1267,265,MoveRight,1682,265,None
9266,1267,265,None,1675,265,MoveLeft
9267,1274,265,MoveRight,1675,265,None
9267,1274,265,None,1668,265,MoveLeft
9268,1281,265,MoveRight,1668,265,None
9268,1281,265,None,1661,265,MoveLeft
9269,1288,265,MoveRight,1661,265,None
9269,1288,265,None,1654,265,MoveLeft
9270,1295,265,MoveRight,1654,265,None
9270,1295,265,None,1647,265,MoveLeft
9271,1302,265,MoveRight,1647,265,None
9271,1302,265,None,1640,265,MoveLeft
9272,1309,265,MoveRight,1640,265,None
9272,1309,265,None,1633,265,MoveLeft
9273,1316,265,MoveRight,1633,265,None
9273,1316,265,None,1626,265,MoveLeft
9274,1323,265,MoveRight,1626,265,None
9274,1323,265,None,1619,265,MoveLeft
9275,1326,265,None,1612,265,MoveLeft
9276,1326,265,None,1605,265,MoveLeft
9277,1326,265,None,1598,265,MoveLeft
9278,1326,265,None,1591,265,MoveLeft
9279,1326,265,None,1584,265,MoveLeft
9280,1326,265,None,1577,265,MoveLeft
9281,1326,265,None,1570,265,MoveLeft
9282,1326,265,None,1563,265,MoveLeft
9283,1326,265,None,1556,265,MoveLeft
9284,1326,265,None,1549,265,MoveLeft
9285,1326,265,None,1542,265,MoveLeft
9286,1326,265,None,1535,265,MoveLeft
9287,1326,265,None,1528,265,MoveLeft
9288,1326,265,None,1521,265,MoveLeft
9289,1326,265,None,1514,265,MoveLeft
9290,1326,265,None,1507,265,MoveLeft
9291,1326,284.62,None,1507,265,None
9291,1326,284.62,None,1500,265,MoveLeft
9292,1326,304.24,None,1493,265,MoveLeft
9293,1326,314.05,None,1486,265,MoveLeft
9294,1326,323.86,None,1479,265,MoveLeft
9295,1326,333.67,None,1472,265,MoveLeft
9296,1326,343.48,None,1465,265,MoveLeft
9313,1326,510.25,None,1465,265,None
9315,1326,510.25,None,1465,265,SpikeLight
9315,1326,529.87,None,1465,265,None
9326,1326,520.06,None,1465,265,None
9326,1326,520.06,None,1472,265,MoveRight
9327,1326,510.25,None,1479,265,MoveRight
9328,1326,500.44,None,1486,265,MoveRight
9329,1326,490.63,None,1493,265,MoveRight
9330,1326,480.82,None,1500,265,MoveRight
9331,1326,471.01,None,1507,265,MoveRight
9332,1326,461.2,None,1514,265,MoveRight
9333,1326,451.39,None,1521,265,MoveRight
9334,1326,441.58,None,1528,265,MoveRight
9335,1326,431.77,None,1535,265,MoveRight
9336,1326,421.96,None,1542,265,MoveRight
9337,1326,412.15,None,1549,265,MoveRight
9338,1326,402.34,None,1556,265,MoveRight
9339,1326,392.53,None,1556,265,None
9339,1326,392.53,None,1563,265,MoveRight
9340,1326,382.72,None,1570,265,MoveRight
9341,1326,372.91,None,1577,265,MoveRight
9342,1326,363.1,None,1584,265,MoveRight
9343,1326,353.29,None,1591,265,MoveRight
9344,1326,343.48,None,1598,265,MoveRight
9345,1326,333.67,None,1605,265,MoveRight
9346,1326,323.86,None,1612,265,MoveRight
9347,1326,314.05,None,1619,265,MoveRight
9348,1326,304.24,None,1626,265,MoveRight
9349,1326,294.43,None,1633,265,MoveRight
9350,1326,284.62,None,1640,265,MoveRight
9351,1326,274.81,None,1647,265,MoveRight
9352,1326,265,None,1654,265,MoveRight
9353,1326,265,None,1661,265,MoveRight
9354,1319,265,MoveLeft,1661,265,None
9354,1319,265,None,1668,265,MoveRight
9355,1312,265,MoveLeft,1668,265,None
9355,1312,265,None,1675,265,MoveRight
9356,1305,265,MoveLeft,1675,265,None
9356,1305,265,None,1682,265,MoveRight
9357,1298,265,MoveLeft,1682,265,None
9357,1298,265,None,1689,265,MoveRight
9358,1291,265,MoveLeft,1689,265,None
9358,1291,265,None,1696,265,MoveRight
9359,1284,265,MoveLeft,1696,265,None
9359,1284,265,None,1703,265,MoveRight
9360,1277,265,MoveLeft,1703,265,None
9360,1277,265,None,1710,265,MoveRight
9361,1270,265,MoveLeft,1710,265,None
9361,1270,265,None,1717,265,MoveRight
9362,1263,265,MoveLeft,1717,265,None
9362,1263,265,None,1724,265,MoveRight
9363,1256,265,MoveLeft,1724,265,None
9363,1256,265,None,1724,265,None
9364,1249,265,MoveLeft,1724,265,None
9364,1249,265,None,1724,265,None
9365,1242,265,MoveLeft,1724,265,None
9365,1242,265,None,1724,265,None
9366,1235,265,MoveLeft,1724,265,None
9366,1235,265,None,1724,265,None
9367,1228,265,MoveLeft,1724,265,None
9367,1228,265,None,1724,265,None
9368,1221,265,MoveLeft,1724,265,None
9368,1221,265,None,1724,265,None
9369,1214,265,MoveLeft,1724,265,None
9369,1214,265,None,1724,265,None
9370,1207,265,MoveLeft,1724,265,None
9370,1207,265,None,1724,265,None
9371,1200,265,MoveLeft,1724,265,None
9371,1200,265,None,1724,265,None
9372,1200,265,Bump,1724,265,None
9372,1193,265,MoveLeft,1724,265,None
9372,1193,265,None,1724,265,None
9373,1193,265,None,1717,265,MoveLeft
9374,1193,265,None,1710,265,MoveLeft
9375,1193,265,None,1703,265,MoveLeft
9376,1193,265,None,1696,265,MoveLeft
9377,1193,265,None,1689,265,MoveLeft
9378,1193,265,None,1682,265,MoveLeft
9379,1193,265,None,1675,265,MoveLeft
9380,1193,265,None,1668,265,MoveLeft
9381,1193,265,None,1661,265,MoveLeft
9382,1193,265,None,1654,265,MoveLeft
9383,1193,265,None,1647,265,MoveLeft
9391,1200,265,MoveRight,1647,265,None
9392,1207,265,MoveRight,1647,265,None
9393,1214,265,MoveRight,1647,265,None
9394,1221,265,MoveRight,1647,265,None
9395,1228,265,MoveRight,1647,265,None
9396,1235,265,MoveRight,1647,265,None
9397,1242,265,MoveRight,1647,265,None
9398,1249,265,MoveRight,1647,265,None
9399,1256,265,MoveRight,1647,265,None
9400,1263,265,MoveRight,1647,265,None
9401,1270,265,MoveRight,1647,265,None
9402,1277,265,MoveRight,1647,265,None
9403,1284,265,MoveRight,1647,265,None
9404,1291,265,MoveRight,1647,265,None
9405,1298,265,MoveRight,1647,265,None
9406,1305,265,MoveRight,1647,265,None
9407,1312,265,MoveRight,1647,265,None
9408,1319,265,MoveRight,1647,265,None
9409,1326,265,MoveRight,1647,265,None
9428,1319,265,MoveLeft,1647,265,None
9429,1312,265,MoveLeft,1647,265,None
9430,1305,265,MoveLeft,1647,265,None
9431,1298,265,MoveLeft,1647,265,None
9432,1291,265,MoveLeft,1647,265,None
9433,1284,265,MoveLeft,1647,265,None
9434,1277,265,MoveLeft,1647,265,None
9435,1270,265,MoveLeft,1647,265,None
9436,1263,265,MoveLeft,1647,265,None
9437,1256,265,MoveLeft,1647,265,None
9438,1249,265,MoveLeft,1647,265,None
9439,1242,265,MoveLeft,1647,265,None
9440,1235,265,MoveLeft,1647,265,None
9441,1228,265,MoveLeft,1647,265,None
9442,1221,265,MoveLeft,1647,265,None
9443,1214,265,MoveLeft,1647,265,None
9444,1207,265,MoveLeft,1647,265,None
9445,1200,265,MoveLeft,1647,265,None
9446,1193,265,MoveLeft,1647,265,None
9447,1186,265,MoveLeft,1647,265,None
9448,1179,265,MoveLeft,1647,265,None
9449,1172,265,MoveLeft,1647,265,None
9450,1165,265,MoveLeft,1647,265,None
9451,1158,265,MoveLeft,1647,265,None
9452,1151,265,MoveLeft,1647,265,None
9453,1144,265,MoveLeft,1647,265,None
9454,1137,265,MoveLeft,1647,265,None
9455,1130,265,MoveLeft,1647,265,None
9456,1123,265,MoveLeft,1647,265,None
9457,1116,265,MoveLeft,1647,265,None
9458,1109,265,MoveLeft,1647,265,None
9459,1102,265,MoveLeft,1647,265,None
9460,1095,265,MoveLeft,1647,265,None
9461,1088,265,MoveLeft,1647,265,None
9462,1081,265,MoveLeft,1647,265,None
9471,1081,265,None,1647,265,SpikeLight
9471,1081,265,None,1647,265,None
9481,1081,265,None,1654,265,MoveRight
9482,1081,265,None,1661,265,MoveRight
9483,1081,265,None,1668,265,MoveRight
9484,1081,265,None,1675,265,MoveRight
9485,1081,265,None,1682,265,MoveRight
9486,1081,265,None,1689,265,MoveRight
9487,1081,265,None,1696,265,MoveRight
9488,1081,265,None,1703,265,MoveRight
9489,1081,265,None,1710,265,MoveRight
9490,1081,265,None,1717,265,MoveRight
9491,1081,265,None,1724,265,MoveRight
9492,1081,265,None,1724,265,None
9493,1081,265,None,1724,265,None
9494,1081,265,None,1724,265,None
9495,1081,265,None,1724,265,None
9496,1081,265,None,1724,265,None
9497,1081,265,None,1724,265,None
9498,1081,265,None,1724,265,None
9499,1081,265,None,1724,265,None
9500,1081,265,None,1724,265,None
9501,1081,265,None,1724,265,None
9502,1081,265,None,1724,265,None
9503,1081,265,None,1724,265,None
9504,1081,265,None,1724,265,None
9505,1081,265,None,1724,265,None
9506,1081,265,None,1724,265,None
9507,1088,265,MoveRight,1724,265,None
9507,1088,265,None,1724,265,None
9508,1095,265,MoveRight,1724,265,None
9508,1095,265,None,1724,265,None
9509,1102,265,MoveRight,1724,265,None
9509,1102,265,None,1724,265,None
9510,1109,265,MoveRight,1724,265,None
9510,1109,265,None,1724,265,None
9511,1116,265,MoveRight,1724,265,None
9511,1116,265,None,1724,265,None
9512,1123,265,MoveRight,1724,265,None
9512,1123,265,None,1724,265,None
9513,1130,265,MoveRight,1724,265,None
9513,1130,265,None,1724,265,None
9514,1137,265,MoveRight,1724,265,None
9514,1137,265,None,1724,265,None
9515,1144,265,MoveRight,1724,265,None
9515,1144,265,None,1724,265,None
9516,1151,265,MoveRight,1724,265,None
9516,1151,265,None,1724,265,None
9517,1158,265,MoveRight,1724,265,None
9517,1158,265,None,1724,265,None
9518,1165,265,MoveRight,1724,265,None
9518,1165,265,None,1724,265,None
9519,1172,265,MoveRight,1724,265,None
9519,1172,265,None,1724,265,None
9520,1179,265,MoveRight,1724,265,None
9520,1179,265,None,1724,265,None
9521,1186,265,MoveRight,1724,265,None
9521,1186,265,None,1724,265,None
9522,1193,265,MoveRight,1724,265,None
9522,1193,265,None,1724,265,None
9523,1200,265,MoveRight,1724,265,None
9523,1200,265,None,1724,265,None
9524,1207,265,MoveRight,1724,265,None
9524,1207,265,None,1724,265,None
9525,1214,265,MoveRight,1724,265,None
9525,1214,265,None,1724,265,None
9526,1221,265,MoveRight,1724,265,None
9526,1221,265,None,1724,265,None
9527,1228,265,MoveRight,1724,265,None
9527,1228,265,None,1724,265,None
9528,1235,265,MoveRight,1724,265,None
9528,1235,265,None,1724,265,None
9529,1228,265,MoveLeft,1724,265,None
9529,1228,265,None,1724,265,None
9530,1221,265,MoveLeft,1724,265,None
9530,1221,265,None,1724,265,None
9531,1214,265,MoveLeft,1724,265,None
9531,1214,265,None,1724,265,None
9532,1207,265,MoveLeft,1724,265,None
9532,1207,265,None,1724,265,None
9533,1200,265,MoveLeft,1724,265,None
9533,1200,265,None,1724,265,None
9534,1193,265,MoveLeft,1724,265,None
9534,1193,265,None,1724,265,None
9535,1186,265,MoveLeft,1724,265,None
9535,1186,265,None,1724,265,None
9536,1179,265,MoveLeft,1724,265,None
9536,1179,265,None,1724,265,None
9537,1172,265,MoveLeft,1724,265,None
9537,1172,265,None,1724,265,None
9538,1165,265,MoveLeft,1724,265,None
9538,1165,265,None,1724,265,None
9539,1158,265,MoveLeft,1724,265,None
9539,1158,265,None,1724,265,None
9540,1151,265,MoveLeft,1724,265,None
9540,1151,265,None,1724,265,None
9541,1144,265,MoveLeft,1724,265,None
9541,1144,265,None,1724,265,None
9542,1137,265,MoveLeft,1724,265,None
9542,1137,265,None,1724,265,None
9543,1130,265,MoveLeft,1724,265,None
9543,1130,265,None,1724,265,None
9544,1123,265,MoveLeft,1724,265,None
9544,1123,265,None,1724,265,None
9545,1116,265,MoveLeft,1724,265,None
9545,1116,265,None,1724,265,None
9546,1109,265,MoveLeft,1724,265,None
9546,1109,265,None,1724,265,None
9547,1102,265,MoveLeft,1724,265,None
9547,1102,265,None,1724,265,None
9548,1095,265,MoveLeft,1724,265,None
9548,1095,265,None,1724,265,None
9549,1088,265,MoveLeft,1724,265,None
9549,1088,265,None,1724,265,None
9550,1081,265,MoveLeft,1724,265,None
9550,1081,265,None,1724,265,None
9551,1074,265,MoveLeft,1724,265,None
9551,1074,265,None,1724,265,None
9552,1067,265,MoveLeft,1724,265,None
9552,1067,265,None,1724,265,None
9553,1060,265,MoveLeft,1724,265,None
9553,1060,265,None,1724,265,None
9554,1053,265,MoveLeft,1724,265,None
9554,1053,265,None,1724,265,None
9555,1046,265,MoveLeft,1724,265,None
9555,1046,265,None,1724,265,None
9556,1039,265,MoveLeft,1724,265,None
9556,1039,265,None,1724,265,None
9557,1032,265,MoveLeft,1724,265,None
9557,1032,265,None,1724,265,None
9558,1025,265,MoveLeft,1724,265,None
9558,1025,265,None,1724,265,None
9559,1018,265,MoveLeft,1724,265,None
9559,1018,265,None,1724,265,None
9560,1011,265,MoveLeft,1724,265,None
9560,1011,265,None,1724,265,None
9561,1004,265,MoveLeft,1724,265,None
9561,1004,265,None,1724,265,None
9562,1004,265,None,1724,265,None
9562,1004,265,None,1724,265,None
9563,1004,265,None,1724,265,None
9563,1004,265,None,1724,265,None
9564,1004,265,None,1724,265,None
9564,1004,265,None,1724,265,None
9565,1004,265,None,1724,265,None
9565,1004,265,None,1724,265,None
9566,1004,265,None,1724,265,None
9566,1004,265,None,1724,265,None
9567,1004,265,None,1724,265,None
9567,1004,265,None,1724,265,None
9568,1004,265,None,1724,265,None
9568,1004,265,None,1724,265,None
9569,1004,265,None,1724,265,None
9569,1004,265,None,1724,265,None
9570,1004,265,None,1724,265,None
9570,1004,265,None,1724,265,None
9571,1004,265,None,1724,265,None
9571,1004,265,None,1724,265,None
9572,1004,265,None,1724,265,None
9572,1004,265,None,1724,265,None
9573,1004,265,None,1724,265,None
9573,1004,265,None,1724,265,None
9574,1004,265,None,1724,265,None
9574,1004,265,None,1724,265,None
9575,1004,265,None,1724,265,None
9575,1004,265,None,1724,265,None
9576,1004,265,None,1724,265,None
9576,1004,265,None,1724,265,None
9577,1004,265,None,1724,265,None
9577,1004,265,None,1724,265,None
9578,1004,265,None,1724,265,None
9578,1004,265,None,1724,265,None
9579,1004,265,None,1724,265,None
9579,1004,265,None,1724,265,None
9580,1004,265,None,1724,265,None
9580,1004,265,None,1724,265,None
9581,1004,265,Bump,1724,265,None
9581,1004,265,None,1724,265,None
9581,1004,265,None,1724,265,None
9582,1004,265,None,1717,265,MoveLeft
9583,1004,265,None,1710,265,MoveLeft
9584,1004,265,None,1703,265,MoveLeft
9585,1004,265,None,1696,265,MoveLeft
9586,1004,265,None,1689,265,MoveLeft
9587,1004,265,None,1682,265,MoveLeft
9588,1004,265,None,1675,265,MoveLeft
9589,1004,265,None,1668,265,MoveLeft
9590,1004,265,None,1661,265,MoveLeft
9591,1004,265,None,1654,265,MoveLeft
9592,1004,265,None,1647,265,MoveLeft
9593,1004,265,None,1640,265,MoveLeft
9594,1004,265,None,1633,265,MoveLeft
9595,1004,265,None,1626,265,MoveLeft
9596,1004,265,None,1619,265,MoveLeft
9597,1004,265,None,1612,265,MoveLeft
9598,1004,265,None,1605,265,MoveLeft
9599,1004,265,None,1598,265,MoveLeft
9600,1011,265,MoveRight,1598,265,None
9600,1011,265,None,1591,265,MoveLeft
9601,1018,265,MoveRight,1591,265,None
9601,1018,265,None,1584,265,MoveLeft
9602,1025,265,MoveRight,1584,265,None
9602,1025,265,None,1577,265,MoveLeft
9603,1032,265,MoveRight,1577,265,None
9603,1032,265,None,1570,265,MoveLeft
9604,1039,265,MoveRight,1570,265,None
9604,1039,265,None,1563,265,MoveLeft
9605,1046,265,MoveRight,1563,265,None
9606,1053,265,MoveRight,1563,265,None
9607,1060,265,MoveRight,1563,265,None
9608,1067,265,MoveRight,1563,265,None
9609,1074,265,MoveRight,1563,265,None
9610,1081,265,MoveRight,1563,265,None
9611,1088,265,MoveRight,1563,265,None
9612,1095,265,MoveRight,1563,265,None
9613,1102,265,MoveRight,1563,265,None
9614,1109,265,MoveRight,1563,265,None
9615,1116,265,MoveRight,1563,265,None
9616,1123,265,MoveRight,1563,265,None
9617,1130,265,MoveRight,1563,265,None
9618,1137,265,MoveRight,1563,265,None
9619,1144,265,MoveRight,1563,265,None
9620,1151,265,MoveRight,1563,265,None
9621,1158,265,MoveRight,1563,265,None
9622,1165,265,MoveRight,1563,265,None
9623,1172,265,MoveRight,1563,265,None
9624,1179,265,MoveRight,1563,265,None
9625,1186,265,MoveRight,1563,265,None
9626,1193,265,MoveRight,1563,265,None
9627,1200,265,MoveRight,1563,265,None
9628,1207,265,MoveRight,1563,265,None
9629,1214,265,MoveRight,1563,265,None
9630,1221,265,MoveRight,1563,265,None
9631,1228,265,MoveRight,1563,265,None
9632,1235,265,MoveRight,1563,265,None
9633,1242,265,MoveRight,1563,265,None
9634,1249,265,MoveRight,1563,265,None
9635,1256,265,MoveRight,1563,265,None
9636,1263,265,MoveRight,1563,265,None
9637,1270,265,MoveRight,1563,265,None
9638,1277,265,MoveRight,1563,265,None
9639,1284,265,MoveRight,1563,265,None
9640,1291,265,MoveRight,1563,265,None
9663,1291,284.62,None,1563,265,None
9680,1291,441.58,None,1563,265,SpikeMedium
9680,1291,461.2,None,1563,265,None
9685,1291,510.25,None,1563,265,None
9691,1291,569.11,None,1570,265,MoveRight
9692,1291,578.92,None,1577,265,MoveRight
9693,1291,569.11,None,1584,265,MoveRight
9694,1291,559.3,None,1591,265,MoveRight
9695,1291,549.49,None,1598,265,MoveRight
9696,1291,539.68,None,1598,265,None
9696,1291,539.68,None,1605,265,MoveRight
9697,1291,529.87,None,1612,265,MoveRight
9698,1291,520.06,None,1619,265,MoveRight
9699,1291,510.25,None,1626,265,MoveRight
9700,1291,500.44,None,1633,265,MoveRight
9701,1291,490.63,None,1640,265,MoveRight
9702,1291,480.82,None,1647,265,MoveRight
9703,1291,471.01,None,1654,265,MoveRight
9704,1291,461.2,None,1661,265,MoveRight
9705,1291,451.39,None,1661,265,None
9705,1291,451.39,None,1668,265,MoveRight
9706,1291,441.58,None,1675,265,MoveRight
9707,1291,431.77,None,1682,265,MoveRight
9708,1291,421.96,None,1689,265,MoveRight
9709,1291,412.15,None,1696,265,MoveRight
9710,1291,402.34,None,1703,265,MoveRight
9711,1291,392.53,None,1710,265,MoveRight
9712,1291,382.72,None,1717,265,MoveRight
9713,1291,372.91,None,1724,265,MoveRight
9714,1291,363.1,None,1724,265,None
9715,1291,353.29,None,1724,265,None
9716,1291,343.48,None,1724,265,None
9717,1291,333.67,None,1724,265,None
9718,1291,323.86,None,1724,265,None
9719,1291,314.05,None,1724,265,None
9720,1287.5,304.24,MoveLeft,1724,265,None
9720,1287.5,304.24,None,1724,265,None
9721,1284,294.43,MoveLeft,1724,265,None
9721,1284,294.43,None,1724,265,None
9722,1280.5,284.62,MoveLeft,1724,265,None
9722,1280.5,284.62,None,1724,265,None
9723,1277,274.81,MoveLeft,1724,265,None
9723,1277,274.81,None,1724,265,None
9724,1270,265,MoveLeft,1724,265,None
9724,1270,265,None,1724,265,None
9725,1263,265,MoveLeft,1724,265,None
9725,1263,265,None,1724,265,None
9726,1256,265,MoveLeft,1724,265,None
9726,1256,265,None,1724,265,None
9727,1249,265,MoveLeft,1724,265,None
9727,1249,265,None,1724,265,None
9728,1242,265,MoveLeft,1724,265,None
9728,1242,265,None,1724,265,None
9729,1235,265,MoveLeft,1724,265,None
9729,1235,265,None,1724,265,None
9730,1228,265,MoveLeft,1724,265,None
9730,1228,265,None,1724,265,None
9731,1221,265,MoveLeft,1724,265,None
9731,1221,265,None,1724,265,None
9732,1214,265,MoveLeft,1724,265,None
9732,1214,265,None,1724,265,None
9733,1207,265,MoveLeft,1724,265,None
9733,1207,265,None,1724,265,None
9734,1200,265,MoveLeft,1724,265,None
9734,1200,265,None,1724,265,None
9735,1193,265,MoveLeft,1724,265,None
9735,1193,265,None,1724,265,None
9736,1186,265,MoveLeft,1724,265,None
9736,1186,265,None,1724,265,None
9737,1179,265,MoveLeft,1724,265,None
9737,1179,265,None,1724,265,None
9738,1172,265,MoveLeft,1724,265,None
9738,1172,265,None,1724,265,None
9739,1165,265,MoveLeft,1724,265,None
9739,1165,265,None,1724,265,None
9740,1158,265,MoveLeft,1724,265,None
9740,1158,265,None,1724,265,None
9741,1151,265,MoveLeft,1724,265,None
9741,1151,265,None,1724,265,None
9742,1144,265,MoveLeft,1724,265,None
9742,1144,265,None,1724,265,None
9743,1137,265,MoveLeft,1724,265,None
9743,1137,265,None,1724,265,None
9744,1130,265,MoveLeft,1724,265,None
9744,1130,265,None,1724,265,None
9745,1123,265,MoveLeft,1724,265,None
9745,1123,265,None,1724,265,None
9746,1116,265,MoveLeft,1724,265,None
9746,1116,265,None,1724,265,None
9747,1109,265,MoveLeft,1724,265,None
9747,1109,265,None,1724,265,None
9748,1102,265,MoveLeft,1724,265,None
9748,1102,265,None,1724,265,None
9749,1323,265,MoveLeft,2410,265,None
9750,1316,265,MoveLeft,2410,265,None
9751,1309,265,MoveLeft,2410,265,None
9752,1302,265,MoveLeft,2410,265,None
9753,1295,265,MoveLeft,2410,265,None
9754,1288,265,MoveLeft,2410,265,None
9755,1281,265,MoveLeft,2410,265,None
9756,1274,265,MoveLeft,2410,265,None
9757,1267,265,MoveLeft,2410,265,None
9758,1260,265,MoveLeft,2410,265,None
9759,1253,265,MoveLeft,2410,265,None
9760,1246,265,MoveLeft,2410,265,None
9761,1239,265,MoveLeft,2410,265,None
9762,1232,265,MoveLeft,2410,265,None
9763,1225,265,MoveLeft,2410,265,None
9764,1218,265,MoveLeft,2410,265,None
9765,1211,265,MoveLeft,2410,265,None
9766,1204,265,MoveLeft,2410,265,None
9767,1197,265,MoveLeft,2410,265,None
9768,1190,265,MoveLeft,2410,265,None
9769,1183,265,MoveLeft,2410,265,None
9770,1176,265,MoveLeft,2410,265,None
9771,1169,265,MoveLeft,2410,265,None
9772,1162,265,MoveLeft,2410,265,None
9773,1155,265,MoveLeft,2410,265,None
9774,1148,265,MoveLeft,2410,265,None
9775,1141,265,MoveLeft,2410,265,None
9776,1134,265,MoveLeft,2410,265,None
9777,1127,265,MoveLeft,2410,265,None
9778,1120,265,MoveLeft,2410,265,None
9779,1113,265,MoveLeft,2410,265,None
9780,1106,265,MoveLeft,2410,265,None
9781,1099,265,MoveLeft,2410,265,None
9782,1092,265,MoveLeft,2410,265,None
9783,1085,265,MoveLeft,2410,265,None
9784,1078,265,MoveLeft,2410,265,None
9785,1071,265,MoveLeft,2410,265,None
9786,1064,265,MoveLeft,2410,265,None
9787,1057,265,MoveLeft,2410,265,None
9788,1050,265,MoveLeft,2410,265,None
9789,1043,265,MoveLeft,2410,265,None
9790,1036,265,MoveLeft,2410,265,None
9791,1029,265,MoveLeft,2410,265,None
9792,1022,265,MoveLeft,2410,265,None
9793,1015,265,MoveLeft,2410,265,None
9794,1008,265,MoveLeft,2410,265,None
9795,1001,265,MoveLeft,2410,265,None
9796,994,265,MoveLeft,2410,265,None
9797,987,265,MoveLeft,2410,265,None
9798,980,265,MoveLeft,2410,265,None
9799,980,265,None,2410,265,Serve
9799,973,265,MoveLeft,2410,265,None
9799,973,265,None,2410,265,None
9800,966,265,MoveLeft,2410,265,None
9801,959,265,MoveLeft,2410,265,None
9802,952,265,MoveLeft,2410,265,None
9803,945,265,MoveLeft,2410,265,None
9804,938,265,MoveLeft,2410,265,None
9805,931,265,MoveLeft,2410,265,None
9806,924,265,MoveLeft,2410,265,None
9807,917,265,MoveLeft,2410,265,None
9808,910,265,MoveLeft,2410,265,None
9809,903,265,MoveLeft,2410,265,None
9810,896,265,MoveLeft,2410,265,None
9811,889,265,MoveLeft,2410,265,None
9812,882,265,MoveLeft,2410,265,None
9813,875,265,MoveLeft,2410,265,None
9814,875,265,None,2410,265,None
9815,875,265,None,2410,265,None
9816,875,265,None,2410,265,None
9817,875,265,None,2410,265,None
9818,875,265,None,2410,265,None
9818,875,265,None,2403,265,MoveLeft
9819,875,265,None,2396,265,MoveLeft
9820,875,265,None,2389,265,MoveLeft
9821,875,265,None,2382,265,MoveLeft
9822,875,265,None,2375,265,MoveLeft
9823,875,265,None,2368,265,MoveLeft
9824,875,265,None,2361,265,MoveLeft
9825,875,265,None,2354,265,MoveLeft
9826,875,265,None,2347,265,MoveLeft
9827,875,265,None,2340,265,MoveLeft
9828,875,265,None,2333,265,MoveLeft
9829,875,265,None,2326,265,MoveLeft
9830,875,265,None,2319,265,MoveLeft
9831,875,265,None,2312,265,MoveLeft
9832,875,265,None,2305,265,MoveLeft
9833,875,265,None,2298,265,MoveLeft
9834,875,265,None,2291,265,MoveLeft
9835,875,265,None,2284,265,MoveLeft
9836,875,265,None,2277,265,MoveLeft
9837,875,265,None,2270,265,MoveLeft
9838,875,265,None,2263,265,MoveLeft
9839,875,265,None,2256,265,MoveLeft
9840,875,265,None,2249,265,MoveLeft
9841,875,265,None,2242,265,MoveLeft
9842,882,265,MoveRight,2242,265,None
9842,882,265,None,2235,265,MoveLeft
9843,889,265,MoveRight,2235,265,None
9843,889,265,None,2228,265,MoveLeft
9844,896,265,MoveRight,2228,265,None
9844,896,265,None,2221,265,MoveLeft
9845,903,265,MoveRight,2221,265,None
9845,903,265,None,2214,265,MoveLeft
9846,910,265,MoveRight,2214,265,None
9846,910,265,None,2207,265,MoveLeft
9847,917,265,MoveRight,2207,265,None
9847,917,265,None,2200,265,MoveLeft
9848,924,265,MoveRight,2200,265,None
9848,924,265,None,2193,265,MoveLeft
9849,931,265,MoveRight,2193,265,None
9849,931,265,None,2186,265,MoveLeft
9850,938,265,MoveRight,2186,265,None
9850,938,265,None,2179,265,MoveLeft
9851,945,265,MoveRight,2179,265,None
9851,945,265,None,2172,265,MoveLeft
9852,952,265,MoveRight,2172,265,None
9852,952,265,None,2165,265,MoveLeft
9853,952,265,None,2158,265,MoveLeft
9854,952,265,None,2151,265,MoveLeft
9855,952,265,None,2144,265,MoveLeft
9856,952,265,None,2137,265,MoveLeft
9857,952,265,None,2130,265,MoveLeft
9858,952,265,None,2123,265,MoveLeft
9859,952,265,None,2116,265,MoveLeft
9860,952,265,None,2109,265,MoveLeft
9861,952,265,None,2102,265,MoveLeft
9862,952,265,None,2095,265,MoveLeft
9863,952,265,None,2088,265,MoveLeft
9864,945,265,MoveLeft,2088,265,None
9864,945,265,None,2081,265,MoveLeft
9865,938,265,MoveLeft,2081,265,None
9865,938,265,None,2074,265,MoveLeft
9866,931,265,MoveLeft,2074,265,None
9866,931,265,None,2067,265,MoveLeft
9867,924,265,MoveLeft,2067,265,None
9867,924,265,None,2060,265,MoveLeft
9868,917,265,MoveLeft,2060,265,None
9868,917,265,None,2053,265,MoveLeft
9869,910,265,MoveLeft,2053,265,None
9869,910,265,None,2046,265,MoveLeft
9870,910,265,Bump,2046,265,None
9870,903,265,MoveLeft,2046,265,None
9870,903,265,None,2039,265,MoveLeft
9871,903,265,None,2032,265,MoveLeft
9872,903,265,None,2025,265,MoveLeft
9873,903,265,None,2018,265,MoveLeft
9874,903,265,None,2011,265,MoveLeft
9875,903,265,None,2004,265,MoveLeft
9876,903,265,None,1997,265,MoveLeft
9877,903,265,None,1990,265,MoveLeft
9878,903,265,None,1983,265,MoveLeft
9879,903,265,None,1976,265,MoveLeft
9880,903,265,None,1969,265,MoveLeft
9881,903,265,None,1962,265,MoveLeft
9882,903,265,None,1955,265,MoveLeft
9883,903,265,None,1948,265,MoveLeft
9884,903,265,None,1941,265,MoveLeft
9885,903,265,None,1934,265,MoveLeft
9886,903,265,None,1927,265,MoveLeft
9887,903,265,None,1920,265,MoveLeft
9888,903,265,None,1913,265,MoveLeft
9889,903,265,None,1906,265,MoveLeft
9890,910,265,MoveRight,1906,265,None
9890,910,265,None,1899,265,MoveLeft
9891,917,265,MoveRight,1899,265,None
9891,917,265,None,1892,265,MoveLeft
9892,924,265,MoveRight,1892,265,None
9892,924,265,None,1885,265,MoveLeft
9893,924,265,None,1878,265,MoveLeft
9894,931,265,MoveRight,1878,265,None
9894,931,265,None,1871,265,MoveLeft
9895,938,265,MoveRight,1871,265,None
9895,938,265,None,1864,265,MoveLeft
9896,945,265,MoveRight,1864,265,None
9896,945,265,None,1857,265,MoveLeft
9897,952,265,MoveRight,1857,265,None
9897,952,265,None,1850,265,MoveLeft
9898,959,265,MoveRight,1850,265,None
9898,959,265,None,1843,265,MoveLeft
9899,966,265,MoveRight,1843,265,None
9899,966,265,None,1836,265,MoveLeft
9900,973,265,MoveRight,1836,265,None
9900,973,265,None,1829,265,MoveLeft
9901,980,265,MoveRight,1829,265,None
9901,980,265,None,1822,265,MoveLeft
9902,987,265,MoveRight,1822,265,None
9902,987,265,None,1815,265,MoveLeft
9903,994,265,MoveRight,1815,265,None
9903,994,265,None,1808,265,MoveLeft
9904,1001,265,MoveRight,1808,265,None
9904,1001,265,None,1801,265,MoveLeft
9905,1008,265,MoveRight,1801,265,None
9905,1008,265,None,1794,265,MoveLeft
9906,1015,265,MoveRight,1794,265,None
9906,1015,265,None,1787,265,MoveLeft
9907,1022,265,MoveRight,1787,265,None
9907,1022,265,None,1780,265,MoveLeft
9908,1029,265,MoveRight,1780,265,None
9908,1029,265,None,1773,265,MoveLeft
9909,1036,265,MoveRight,1773,265,None
9909,1036,265,None,1766,265,MoveLeft
9910,1043,265,MoveRight,1766,265,None
9910,1043,265,None,1759,265,MoveLeft
9911,1050,265,MoveRight,1759,265,None
9911,1050,265,None,1752,265,MoveLeft
9912,1057,265,MoveRight,1752,265,None
9912,1057,265,None,1745,265,MoveLeft
9913,1064,265,MoveRight,1745,265,None
9913,1064,265,None,1738,265,MoveLeft
9914,1071,265,MoveRight,1738,265,None
9914,1071,265,None,1731,265,MoveLeft
9915,1078,265,MoveRight,1731,265,None
9915,1078,265,None,1724,265,MoveLeft
9916,1085,265,MoveRight,1724,265,None
9916,1085,265,None,1717,265,MoveLeft
9917,1092,265,MoveRight,1717,265,None
9917,1092,265,None,1710,265,MoveLeft
9918,1099,265,MoveRight,1710,265,None
9918,1099,265,None,1703,265,MoveLeft
9919,1106,265,MoveRight,1703,265,None
9919,1106,265,None,1696,265,MoveLeft
9920,1113,265,MoveRight,1696,265,None
9920,1113,265,None,1689,265,MoveLeft
9921,1120,265,MoveRight,1689,265,None
9921,1120,265,None,1682,265,MoveLeft
9922,1127,265,MoveRight,1682,265,None
9922,1127,265,None,1675,265,MoveLeft
9923,1134,265,MoveRight,1675,265,None
9923,1134,265,None,1668,265,MoveLeft
9924,1141,265,MoveRight,1668,265,None
9924,1141,265,None,1661,265,MoveLeft
9925,1148,265,MoveRight,1661,265,None
9925,1148,265,None,1654,265,MoveLeft
9926,1155,265,MoveRight,1654,265,None
9926,1155,265,None,1647,265,MoveLeft
9927,1162,265,MoveRight,1647,265,None
9927,1162,265,None,1640,265,MoveLeft
9928,1169,265,MoveRight,1640,265,None
9928,1169,265,None,1633,265,MoveLeft
9929,1176,265,MoveRight,1633,265,None
9929,1176,265,None,1626,265,MoveLeft
9930,1183,265,MoveRight,1626,265,None
9930,1183,265,None,1619,265,MoveLeft
9931,1190,265,MoveRight,1619,265,None
9931,1190,265,None,1612,265,MoveLeft
9932,1197,265,MoveRight,1612,265,None
9932,1197,265,None,1605,265,MoveLeft
9933,1204,265,MoveRight,1605,265,None
9933,1204,265,None,1598,265,MoveLeft
9934,1211,265,MoveRight,1598,265,None
9934,1211,265,None,1591,265,MoveLeft
9935,1218,265,MoveRight,1591,265,None
9935,1218,265,None,1584,265,MoveLeft
9936,1225,265,MoveRight,1584,265,None
9936,1225,265,None,1577,265,MoveLeft
9937,1232,265,MoveRight,1577,265,None
9937,1232,265,None,1570,265,MoveLeft
9938,1239,265,MoveRight,1570,265,None
9938,1239,265,None,1563,265,MoveLeft
9939,1246,265,MoveRight,1563,265,None
9939,1246,265,None,1556,265,MoveLeft
9940,1253,265,MoveRight,1556,265,None
9940,1253,265,None,1549,265,MoveLeft
9941,1260,265,MoveRight,1549,265,None
9941,1260,265,None,1542,265,MoveLeft
9942,1267,265,MoveRight,1542,265,None
9942,1267,265,None,1535,265,MoveLeft
9943,1274,265,MoveRight,1535,265,None
9943,1274,265,None,1528,265,MoveLeft
9944,1274,265,None,1521,265,MoveLeft
9945,1274,265,None,1514,265,MoveLeft
9946,1274,265,None,1507,265,MoveLeft
9947,1274,265,None,1500,265,MoveLeft
9948,1274,265,None,1493,265,MoveLeft
9949,1274,265,None,1486,265,MoveLeft
9950,1274,265,None,1479,265,MoveLeft
9951,1274,265,None,1472,265,MoveLeft
9952,1274,265,None,1465,265,MoveLeft
9970,1267,265,MoveLeft,1465,265,None
9971,1267,265,None,1465,265,SpikeLight
9971,1260,265,MoveLeft,1465,265,None
9971,1260,265,None,1465,265,None
9972,1253,265,MoveLeft,1465,265,None
9973,1246,265,MoveLeft,1465,265,None
9974,1239,265,MoveLeft,1465,265,None
9975,1232,265,MoveLeft,1465,265,None
9976,1225,265,MoveLeft,1465,265,None
9977,1218,265,MoveLeft,1465,265,None
9978,1211,265,MoveLeft,1465,265,None
9979,1204,265,MoveLeft,1465,265,None
9980,1197,265,MoveLeft,1465,265,None
9981,1190,265,MoveLeft,1465,265,None
9982,1183,265,MoveLeft,1465,265,None
9982,1183,265,None,1472,265,MoveRight
9983,1176,265,MoveLeft,1472,265,None
9983,1176,265,None,1479,265,MoveRight
9984,1169,265,MoveLeft,1479,265,None
9984,1169,265,None,1486,265,MoveRight
9985,1162,265,MoveLeft,1486,265,None
9985,1162,265,None,1493,265,MoveRight
9986,1155,265,MoveLeft,1493,265,None
9986,1155,265,None,1500,265,MoveRight
9987,1148,265,MoveLeft,1500,265,None
9987,1148,265,None,1507,265,MoveRight
9988,1141,265,MoveLeft,1507,265,None
9988,1141,265,None,1514,265,MoveRight
9989,1134,265,MoveLeft,1514,265,None
9989,1134,265,None,1521,265,MoveRight
9990,1127,265,MoveLeft,1521,265,None
9990,1127,265,None,1528,265,MoveRight
9991,1127,265,None,1535,265,MoveRight
9992,1127,265,None,1542,265,MoveRight
9993,1127,265,None,1549,265,MoveRight
9994,1127,265,None,1556,265,MoveRight
9995,1127,265,None,1563,265,MoveRight
9996,1127,265,None,1570,265,MoveRight
9997,1127,265,None,1577,265,MoveRight
9998,1127,265,None,1584,265,MoveRight
9999,1127,265,None,1591,265,MoveRight
10000,1127,265,None,1598,265,MoveRight
10001,1127,265,None,1605,265,MoveRight
10002,1127,265,None,1612,265,MoveRight
10003,1127,265,None,1619,265,MoveRight
10004,1127,265,None,1626,265,MoveRight
10005,1127,265,None,1633,265,MoveRight
10006,1127,265,None,1640,265,MoveRight
10007,1127,265,None,1647,265,MoveRight
10008,1127,265,None,1654,265,MoveRight
10009,1127,265,None,1661,265,MoveRight
10010,1127,265,None,1668,265,MoveRight
10011,1127,265,None,1675,265,MoveRight
10012,1127,265,None,1682,265,MoveRight
10013,1127,265,None,1689,265,MoveRight
10014,1127,265,None,1696,265,MoveRight
10015,1127,265,None,1703,265,MoveRight
10016,1127,265,None,1710,265,MoveRight
10017,1127,265,None,1717,265,MoveRight
10018,1127,265,None,1724,265,MoveRight
10019,1127,265,None,1724,265,None
10019,1127,265,None,1724,265,None
10020,1127,265,None,1724,265,None
10020,1127,265,None,1724,265,None
10021,1127,265,None,1724,265,None
10021,1127,265,None,1724,265,None
10022,1127,265,None,1724,265,None
10022,1127,265,None,1724,265,None
10023,1127,265,None,1724,265,None
10023,1127,265,None,1724,265,None
10024,1127,265,None,1724,265,None
10024,1127,265,None,1724,265,None
10025,1127,265,None,1724,265,None
10025,1127,265,None,1724,265,None
10026,1127,265,None,1724,265,None
10026,1127,265,None,1724,265,None
10027,1127,265,None,1724,265,None
10027,1127,265,None,1724,265,None
10028,1127,265,Bump,1724,265,None
10028,1127,265,None,1724,265,None
10028,1127,265,None,1724,265,None
10029,1127,265,None,1717,265,MoveLeft
10030,1127,265,None,1710,265,MoveLeft
10031,1127,265,None,1703,265,MoveLeft
10032,1127,265,None,1696,265,MoveLeft
10033,1127,265,None,1689,265,MoveLeft
10034,1127,265,None,1682,265,MoveLeft
10035,1127,265,None,1675,265,MoveLeft
10036,1127,265,None,1668,265,MoveLeft
10037,1127,265,None,1661,265,MoveLeft
10038,1127,265,None,1654,265,MoveLeft
10039,1127,265,None,1647,265,MoveLeft
10047,1134,265,MoveRight,1647,265,None
10048,1141,265,MoveRight,1647,265,None
10049,1148,265,MoveRight,1647,265,None
10050,1155,265,MoveRight,1647,265,None
10051,1162,265,MoveRight,1647,265,None
10052,1169,265,MoveRight,1647,265,None
10053,1176,265,MoveRight,1647,265,None
10054,1183,265,MoveRight,1647,265,None
10055,1190,265,MoveRight,1647,265,None
10056,1197,265,MoveRight,1647,265,None
10057,1204,265,MoveRight,1647,265,None
10058,1211,265,MoveRight,1647,265,None
10059,1218,265,MoveRight,1647,265,None
10060,1225,265,MoveRight,1647,265,None
10061,1232,265,MoveRight,1647,265,None
10062,1239,265,MoveRight,1647,265,None
10063,1246,265,MoveRight,1647,265,None
10064,1253,265,MoveRight,1647,265,None
10065,1260,265,MoveRight,1647,265,None
10066,1267,265,MoveRight,1647,265,None
10067,1274,265,MoveRight,1647,265,None
10068,1281,265,MoveRight,1647,265,None
10102,1281,284.62,None,1647,265,None
10127,1281,520.06,None,1647,265,SpikeMedium
10127,1281,539.68,None,1647,265,None
10138,1281,510.25,None,1654,265,MoveRight
10139,1281,500.44,None,1661,265,MoveRight
10140,1281,490.63,None,1668,265,MoveRight
10141,1281,480.82,None,1668,265,None
10141,1281,480.82,None,1675,265,MoveRight
10142,1281,471.01,None,1682,265,MoveRight
10143,1281,461.2,None,1689,265,MoveRight
10144,1281,451.39,None,1696,265,MoveRight
10145,1281,441.58,None,1703,265,MoveRight
10146,1281,431.77,None,1710,265,MoveRight
10147,1281,421.96,None,1717,265,MoveRight
10148,1281,412.15,None,1724,265,MoveRight
10149,1281,402.34,None,1724,265,None
10150,1281,392.53,None,1724,265,None
10151,1281,382.72,None,1724,265,None
10152,1281,372.91,None,1724,265,None
10153,1281,363.1,None,1724,265,None
10154,1281,353.29,None,1724,265,None
10154,1281,353.29,None,1724,265,None
10155,1281,343.48,None,1724,265,None
10156,1281,333.67,None,1724,265,None
10157,1281,323.86,None,1724,265,None
10158,1281,314.05,None,1724,265,None
10159,1281,304.24,None,1724,265,None
10160,1281,294.43,None,1724,265,None
10161,1281,284.62,None,1724,265,None
10162,1281,274.81,None,1724,265,None
10163,1281,265,None,1724,265,None
10164,1274,265,MoveLeft,1724,265,None
10164,1274,265,None,1724,265,None
10165,1267,265,MoveLeft,1724,265,None
10165,1267,265,None,1724,265,None
10166,1260,265,MoveLeft,1724,265,None
10166,1260,265,None,1724,265,None
10167,1253,265,MoveLeft,1724,265,None
10167,1253,265,None,1724,265,None
10168,1246,265,MoveLeft,1724,265,None
10168,1246,265,None,1724,265,None
10169,1239,265,MoveLeft,1724,265,None
10169,1239,265,None,1724,265,None
10170,1232,265,MoveLeft,1724,265,None
10170,1232,265,None,1724,265,None
10171,1225,265,MoveLeft,1724,265,None
10171,1225,265,None,1724,265,None
10172,1218,265,MoveLeft,1724,265,None
10172,1218,265,None,1724,265,None
10173,1211,265,MoveLeft,1724,265,None
10173,1211,265,None,1724,265,None
10174,1204,265,MoveLeft,1724,265,None
10174,1204,265,None,1724,265,None
10175,1197,265,MoveLeft,1724,265,None
10175,1197,265,None,1724,265,None
10176,1190,265,MoveLeft,1724,265,None
10176,1190,265,None,1724,265,None
10177,1183,265,MoveLeft,1724,265,None
10177,1183,265,None,1724,265,None
10178,1176,265,MoveLeft,1724,265,None
10178,1176,265,None,1724,265,None
10179,1169,265,MoveLeft,1724,265,None
10179,1169,265,None,1724,265,None
10180,1162,265,MoveLeft,1724,265,None
10180,1162,265,None,1724,265,None
10181,1155,265,MoveLeft,1724,265,None
10181,1155,265,None,1724,265,None
10182,1148,265,MoveLeft,1724,265,None
10182,1148,265,None,1724,265,None
10183,1141,265,MoveLeft,1724,265,None
10183,1141,265,None,1724,265,None
10184,1134,265,MoveLeft,1724,265,None
10184,1134,265,None,1724,265,None
10185,1127,265,MoveLeft,1724,265,None
10185,1127,265,None,1724,265,None
10186,1120,265,MoveLeft,1724,265,None
10186,1120,265,None,1724,265,None
10187,1113,265,MoveLeft,1724,265,None
10187,1113,265,None,1724,265,None
10188,1106,265,MoveLeft,1724,265,None
10188,1106,265,None,1724,265,None
10189,1099,265,MoveLeft,1724,265,None
10189,1099,265,None,1724,265,None
10190,1092,265,MoveLeft,1724,265,None
10190,1092,265,None,1724,265,None
10191,1085,265,MoveLeft,1724,265,None
10191,1085,265,None,1724,265,None
10192,1078,265,MoveLeft,1724,265,None
10192,1078,265,None,1724,265,None
10193,1071,265,MoveLeft,1724,265,None
10193,1071,265,None,1724,265,None
10194,1064,265,MoveLeft,1724,265,None
10194,1064,265,None,1724,265,None
10195,1057,265,MoveLeft,1724,265,None
10195,1057,265,None,1724,265,None
10196,1323,265,MoveLeft,2410,265,None
10197,1316,265,MoveLeft,2410,265,None
10198,1309,265,MoveLeft,2410,265,None
10199,1302,265,MoveLeft,2410,265,None
10200,1295,265,MoveLeft,2410,265,None
10201,1288,265,MoveLeft,2410,265,None
10202,1281,265,MoveLeft,2410,265,None
10203,1274,265,MoveLeft,2410,265,None
10204,1267,265,MoveLeft,2410,265,None
10205,1260,265,MoveLeft,2410,265,None
10206,1253,265,MoveLeft,2410,265,None
10207,1246,265,MoveLeft,2410,265,None
10208,1239,265,MoveLeft,2410,265,None
10219,1246,265,MoveRight,2410,265,None
10220,1253,265,MoveRight,2410,265,None
10221,1260,265,MoveRight,2410,265,None
10222,1267,265,MoveRight,2410,265,None
10223,1274,265,MoveRight,2410,265,None
10224,1281,265,MoveRight,2410,265,None
10225,1288,265,MoveRight,2410,265,None
10226,1295,265,MoveRight,2410,265,None
10227,1302,265,MoveRight,2410,265,None
10228,1309,265,MoveRight,2410,265,None
10229,1316,265,MoveRight,2410,265,None
10230,1323,265,MoveRight,2410,265,None
10231,1330,265,MoveRight,2410,265,None
10232,1337,265,MoveRight,2410,265,None
10233,1344,265,MoveRight,2410,265,None
10234,1351,265,MoveRight,2410,265,None
10235,1358,265,MoveRight,2410,265,None
10236,1365,265,MoveRight,2410,265,None
10246,1365,265,None,2410,265,Serve
10246,1365,265,None,2410,265,None
10265,1365,265,None,2403,265,MoveLeft
10266,1365,265,None,2396,265,MoveLeft
10267,1365,265,None,2389,265,MoveLeft
10268,1365,265,None,2382,265,MoveLeft
10269,1365,265,None,2375,265,MoveLeft
10270,1365,265,None,2368,265,MoveLeft
10271,1365,265,None,2361,265,MoveLeft
10272,1326,265,None,2354,265,MoveLeft
10273,1319,265,MoveLeft,2354,265,None
10273,1319,265,None,2347,265,MoveLeft
10274,1312,265,MoveLeft,2347,265,None
10274,1312,265,None,2340,265,MoveLeft
10275,1305,265,MoveLeft,2340,265,None
10275,1305,265,None,2333,265,MoveLeft
10276,1298,265,MoveLeft,2333,265,None
10276,1298,265,None,2326,265,MoveLeft
10277,1291,265,MoveLeft,2326,265,None
10277,1291,265,None,2319,265,MoveLeft
10278,1284,265,MoveLeft,2319,265,None
10278,1284,265,None,2312,265,MoveLeft
10279,1277,265,MoveLeft,2312,265,None
10279,1277,265,None,2305,265,MoveLeft
10280,1270,265,MoveLeft,2305,265,None
10280,1270,265,None,2298,265,MoveLeft
10281,1263,265,MoveLeft,2298,265,None
10281,1263,265,None,2291,265,MoveLeft
10282,1256,265,MoveLeft,2291,265,None
10282,1256,265,None,2284,265,MoveLeft
10283,1249,265,MoveLeft,2284,265,None
10283,1249,265,None,2277,265,MoveLeft
10284,1242,265,MoveLeft,2277,265,None
10284,1242,265,None,2270,265,MoveLeft
10285,1235,265,MoveLeft,2270,265,None
10285,1235,265,None,2263,265,MoveLeft
10286,1228,265,MoveLeft,2263,265,None
10286,1228,265,None,2256,265,MoveLeft
10287,1221,265,MoveLeft,2256,265,None
10287,1221,265,None,2249,265,MoveLeft
10288,1214,265,MoveLeft,2249,265,None
10288,1214,265,None,2242,265,MoveLeft
10289,1207,265,MoveLeft,2242,265,None
10289,1207,265,None,2235,265,MoveLeft
10290,1200,265,MoveLeft,2235,265,None
10290,1200,265,None,2228,265,MoveLeft
10291,1193,265,MoveLeft,2228,265,None
10291,1193,265,None,2221,265,MoveLeft
10292,1186,265,MoveLeft,2221,265,None
10292,1186,265,None,2214,265,MoveLeft
10293,1179,265,MoveLeft,2214,265,None
10293,1179,265,None,2207,265,MoveLeft
10294,1172,265,MoveLeft,2207,265,None
10294,1172,265,None,2200,265,MoveLeft
10295,1165,265,MoveLeft,2200,265,None
10295,1165,265,None,2193,265,MoveLeft
10296,1158,265,MoveLeft,2193,265,None
10296,1158,265,None,2186,265,MoveLeft
10297,1151,265,MoveLeft,2186,265,None
10297,1151,265,None,2179,265,MoveLeft
10298,1144,265,MoveLeft,2179,265,None
10298,1144,265,None,2172,265,MoveLeft
10299,1137,265,MoveLeft,2172,265,None
10299,1137,265,None,2165,265,MoveLeft
10300,1130,265,MoveLeft,2165,265,None
10300,1130,265,None,2158,265,MoveLeft
10301,1123,265,MoveLeft,2158,265,None
10301,1123,265,None,2151,265,MoveLeft
10302,1116,265,MoveLeft,2151,265,None
10302,1116,265,None,2144,265,MoveLeft
10303,1109,265,MoveLeft,2144,265,None
10303,1109,265,None,2137,265,MoveLeft
10304,1102,265,MoveLeft,2137,265,None
10304,1102,265,None,2130,265,MoveLeft
10305,1095,265,MoveLeft,2130,265,None
10305,1095,265,None,2123,265,MoveLeft
10306,1088,265,MoveLeft,2123,265,None
10306,1088,265,None,2116,265,MoveLeft
10307,1081,265,MoveLeft,2116,265,None
10307,1081,265,None,2109,265,MoveLeft
10308,1074,265,MoveLeft,2109,265,None
10308,1074,265,None,2102,265,MoveLeft
10309,1067,265,MoveLeft,2102,265,None
10309,1067,265,None,2095,265,MoveLeft
10310,1060,265,MoveLeft,2095,265,None
10310,1060,265,None,2088,265,MoveLeft
10311,1053,265,MoveLeft,2088,265,None
10311,1053,265,None,2081,265,MoveLeft
10312,1046,265,MoveLeft,2081,265,None
10312,1046,265,None,2074,265,MoveLeft
10313,1039,265,MoveLeft,2074,265,None
10313,1039,265,None,2067,265,MoveLeft
10314,1032,265,MoveLeft,2067,265,None
10314,1032,265,None,2060,265,MoveLeft
10315,1025,265,MoveLeft,2060,265,None
10315,1025,265,None,2053,265,MoveLeft
10316,1025,265,Bump,2053,265,None
10316,1018,265,MoveLeft,2053,265,None
10316,1018,265,None,2046,265,MoveLeft
10317,1018,265,None,2039,265,MoveLeft
10318,1018,265,None,2032,265,MoveLeft
10319,1018,265,None,2025,265,MoveLeft
10320,1018,265,None,2018,265,MoveLeft
10321,1018,265,None,2011,265,MoveLeft
10322,1018,265,None,2004,265,MoveLeft
10323,1018,265,None,1997,265,MoveLeft
10324,1018,265,None,1990,265,MoveLeft
10325,1018,265,None,1983,265,MoveLeft
10326,1018,265,None,1976,265,MoveLeft
10327,1018,265,None,1969,265,MoveLeft
10328,1018,265,None,1962,265,MoveLeft
10329,1018,265,None,1955,265,MoveLeft
10330,1018,265,None,1948,265,MoveLeft
10331,1018,265,None,1941,265,MoveLeft
10332,1018,265,None,1934,265,MoveLeft
10333,1018,265,None,1927,265,MoveLeft
10334,1018,265,None,1920,265,MoveLeft
10335,1018,265,None,1913,265,MoveLeft
10336,1025,265,MoveRight,1913,265,None
10336,1025,265,None,1906,265,MoveLeft
10337,1032,265,MoveRight,1906,265,None
10337,1032,265,None,1899,265,MoveLeft
10338,1039,265,MoveRight,1899,265,None
10338,1039,265,None,1892,265,MoveLeft
10339,1046,265,MoveRight,1892,265,None
10339,1046,265,None,1885,265,MoveLeft
10340,1053,265,MoveRight,1885,265,None
10340,1053,265,None,1878,265,MoveLeft
10341,1060,265,MoveRight,1878,265,None
10341,1060,265,None,1871,265,MoveLeft
10342,1067,265,MoveRight,1871,265,None
10342,1067,265,None,1864,265,MoveLeft
10343,1074,265,MoveRight,1864,265,None
10343,1074,265,None,1857,265,MoveLeft
10344,1081,265,MoveRight,1857,265,None
10344,1081,265,None,1850,265,MoveLeft
10345,1088,265,MoveRight,1850,265,None
10345,1088,265,None,1843,265,MoveLeft
10346,1095,265,MoveRight,1843,265,None
10346,1095,265,None,1836,265,MoveLeft
10347,1102,265,MoveRight,1836,265,None
10347,1102,265,None,1829,265,MoveLeft
10348,1109,265,MoveRight,1829,265,None
10348,1109,265,None,1822,265,MoveLeft
10349,1116,265,MoveRight,1822,265,None
10349,1116,265,None,1815,265,MoveLeft
10350,1123,265,MoveRight,1815,265,None
10350,1123,265,None,1808,265,MoveLeft
10351,1130,265,MoveRight,1808,265,None
10351,1130,265,None,1801,265,MoveLeft
10352,1137,265,MoveRight,1801,265,None
10352,1137,265,None,1794,265,MoveLeft
10353,1144,265,MoveRight,1794,265,None
10353,1144,265,None,1787,265,MoveLeft
10354,1151,265,MoveRight,1787,265,None
10354,1151,265,None,1780,265,MoveLeft
10355,1158,265,MoveRight,1780,265,None
10355,1158,265,None,1773,265,MoveLeft
10356,1165,265,MoveRight,1773,265,None
10356,1165,265,None,1766,265,MoveLeft
10357,1172,265,MoveRight,1766,265,None
10357,1172,265,None,1759,265,MoveLeft
10358,1179,265,MoveRight,1759,265,None
10358,1179,265,None,1752,265,MoveLeft
10359,1186,265,MoveRight,1752,265,None
10359,1186,265,None,1745,265,MoveLeft
10360,1193,265,MoveRight,1745,265,None
10360,1193,265,None,1738,265,MoveLeft
10361,1200,265,MoveRight,1738,265,None
10361,1200,265,None,1731,265,MoveLeft
10362,1207,265,MoveRight,1731,265,None
10362,1207,265,None,1724,265,MoveLeft
10363,1214,265,MoveRight,1724,265,None
10363,1214,265,None,1717,265,MoveLeft
10364,1221,265,MoveRight,1717,265,None
10364,1221,265,None,1710,265,MoveLeft
10365,1228,265,MoveRight,1710,265,None
10365,1228,265,None,1703,265,MoveLeft
10366,1228,265,None,1696,265,MoveLeft
10367,1228,265,None,1689,265,MoveLeft
10368,1228,265,None,1682,265,MoveLeft
10369,1228,265,None,1675,265,MoveLeft
10370,1228,265,None,1668,265,MoveLeft
10371,1228,265,None,1661,265,MoveLeft
10372,1228,265,None,1654,265,MoveLeft
10373,1228,265,None,1647,265,MoveLeft
10374,1228,265,None,1640,265,MoveLeft
10375,1228,265,None,1633,265,MoveLeft
10376,1228,265,None,1626,265,MoveLeft
10377,1228,265,None,1619,265,MoveLeft
10378,1228,265,None,1612,265,MoveLeft
10379,1228,265,None,1605,265,MoveLeft
10380,1228,265,None,1598,265,MoveLeft
10381,1228,265,None,1591,265,MoveLeft
10382,1228,265,None,1584,265,MoveLeft
10383,1228,265,None,1577,265,MoveLeft
10384,1228,265,None,1570,265,MoveLeft
10385,1228,265,None,1563,265,MoveLeft
10386,1228,265,None,1556,265,MoveLeft
10387,1228,265,None,1549,265,MoveLeft
10388,1228,265,None,1542,265,MoveLeft
10389,1228,265,None,1535,265,MoveLeft
10390,1228,265,None,1528,265,MoveLeft
10391,1228,265,None,1521,265,MoveLeft
10392,1228,284.62,None,1521,265,None
10392,1228,284.62,None,1514,265,MoveLeft
10393,1228,304.24,None,1507,265,MoveLeft
10394,1228,314.05,None,1500,265,MoveLeft
10395,1228,323.86,None,1493,265,MoveLeft
10396,1228,333.67,None,1486,265,MoveLeft
10397,1228,343.48,None,1479,265,MoveLeft
10415,1228,500.44,None,1479,265,SpikeLight
10415,1228,520.06,None,1479,265,None
10422,1228,569.11,None,1479,265,None
10426,1228,529.87,None,1486,265,MoveRight
10427,1228,520.06,None,1493,265,MoveRight
10428,1228,510.25,None,1500,265,MoveRight
10429,1228,500.44,None,1507,265,MoveRight
10430,1228,490.63,None,1514,265,MoveRight
10431,1228,480.82,None,1521,265,MoveRight
10432,1228,471.01,None,1528,265,MoveRight
10433,1228,461.2,None,1535,265,MoveRight
10434,1228,451.39,None,1535,265,None
10434,1228,451.39,None,1542,265,MoveRight
10435,1228,441.58,None,1549,265,MoveRight
10436,1228,431.77,None,1556,265,MoveRight
10437,1228,421.96,None,1563,265,MoveRight
10438,1228,412.15,None,1570,265,MoveRight
10439,1228,402.34,None,1577,265,MoveRight
10440,1228,392.53,None,1584,265,MoveRight
10441,1228,382.72,None,1591,265,MoveRight
10442,1228,372.91,None,1598,265,MoveRight
10443,1228,363.1,None,1605,265,MoveRight
10444,1228,353.29,None,1612,265,MoveRight
10445,1228,343.48,None,1619,265,MoveRight
10446,1228,333.67,None,1626,265,MoveRight
10447,1224.5,323.86,MoveLeft,1626,265,None
10447,1224.5,323.86,None,1633,265,MoveRight
10448,1221,314.05,MoveLeft,1633,265,None
10448,1221,314.05,None,1640,265,MoveRight
10449,1217.5,304.24,MoveLeft,1640,265,None
10449,1217.5,304.24,None,1647,265,MoveRight
10450,1214,294.43,MoveLeft,1647,265,None
10450,1214,294.43,None,1654,265,MoveRight
10451,1210.5,284.62,MoveLeft,1654,265,None
10451,1210.5,284.62,None,1661,265,MoveRight
10452,1207,274.81,MoveLeft,1661,265,None
10452,1207,274.81,None,1668,265,MoveRight
10453,1200,265,MoveLeft,1668,265,None
10453,1200,265,None,1675,265,MoveRight
10454,1193,265,MoveLeft,1675,265,None
10454,1193,265,None,1682,265,MoveRight
10455,1186,265,MoveLeft,1682,265,None
10455,1186,265,None,1689,265,MoveRight
10456,1179,265,MoveLeft,1689,265,None
10456,1179,265,None,1696,265,MoveRight
10457,1172,265,MoveLeft,1696,265,None
10457,1172,265,None,1703,265,MoveRight
10458,1165,265,MoveLeft,1703,265,None
10458,1165,265,None,1710,265,MoveRight
10459,1158,265,MoveLeft,1710,265,None
10459,1158,265,None,1717,265,MoveRight
10460,1151,265,MoveLeft,1717,265,None
10460,1151,265,None,1724,265,MoveRight
10461,1144,265,MoveLeft,1724,265,None
10461,1144,265,None,1724,265,None
10462,1144,265,None,1724,265,None
10463,1137,265,MoveLeft,1724,265,None
10463,1137,265,None,1724,265,None
10464,1137,265,None,1724,265,None
10464,1137,265,None,1724,265,None
10465,1137,265,None,1724,265,None
10465,1137,265,None,1724,265,None
10466,1137,265,None,1724,265,None
10466,1137,265,None,1724,265,None
10467,1137,265,None,1724,265,None
10467,1137,265,None,1724,265,None
10468,1137,265,None,1724,265,None
10468,1137,265,None,1724,265,None
10469,1137,265,None,1724,265,None
10469,1137,265,None,1724,265,None
10470,1137,265,None,1724,265,None
10470,1137,265,None,1724,265,None
10471,1137,265,None,1724,265,None
10471,1137,265,None,1724,265,None
10472,1137,265,Bump,1724,265,None
10472,1137,265,None,1724,265,None
10472,1137,265,None,1724,265,None
10473,1137,265,None,1717,265,MoveLeft
10474,1137,265,None,1710,265,MoveLeft
10475,1137,265,None,1703,265,MoveLeft
10476,1137,265,None,1696,265,MoveLeft
10477,1137,265,None,1689,265,MoveLeft
10478,1137,265,None,1682,265,MoveLeft
10479,1137,265,None,1675,265,MoveLeft
10480,1137,265,None,1668,265,MoveLeft
10481,1137,265,None,1661,265,MoveLeft
10482,1137,265,None,1654,265,MoveLeft
10491,1144,265,MoveRight,1654,265,None
10492,1151,265,MoveRight,1654,265,None
10493,1158,265,MoveRight,1654,265,None
10494,1165,265,MoveRight,1654,265,None
10495,1172,265,MoveRight,1654,265,None
10496,1179,265,MoveRight,1654,265,None
10497,1186,265,MoveRight,1654,265,None
10498,1193,265,MoveRight,1654,265,None
10499,1200,265,MoveRight,1654,265,None
10500,1207,265,MoveRight,1654,265,None
10501,1214,265,MoveRight,1654,265,None
10502,1221,265,MoveRight,1654,265,None
10503,1228,265,MoveRight,1654,265,None
10504,1235,265,MoveRight,1654,265,None
10505,1242,265,MoveRight,1654,265,None
10506,1249,265,MoveRight,1654,265,None
10507,1256,265,MoveRight,1654,265,None
10508,1263,265,MoveRight,1654,265,None
10509,1270,265,MoveRight,1654,265,None
10510,1277,265,MoveRight,1654,265,None
10511,1284,265,MoveRight,1654,265,None
10529,1277,265,MoveLeft,1654,265,None
10530,1270,265,MoveLeft,1654,265,None
10531,1263,265,MoveLeft,1654,265,None
10532,1256,265,MoveLeft,1654,265,None
10533,1249,265,MoveLeft,1654,265,None
10534,1242,265,MoveLeft,1654,265,None
10535,1235,265,MoveLeft,1654,265,None
10536,1228,265,MoveLeft,1654,265,None
10537,1221,265,MoveLeft,1654,265,None
10538,1214,265,MoveLeft,1654,265,None
10539,1207,265,MoveLeft,1654,265,None
10540,1200,265,MoveLeft,1654,265,None
10541,1193,265,MoveLeft,1654,265,None
10542,1186,265,MoveLeft,1654,265,None
10554,1186,284.62,None,1654,265,None
10567,1189.5,421.96,MoveRight,1654,265,None
10568,1193,431.77,MoveRight,1654,265,None
10569,1196.5,441.58,MoveRight,1654,265,None
10570,1200,451.39,MoveRight,1654,265,None
10571,1200,441.58,None,1654,265,SpikeLight
10571,1203.5,461.2,MoveRight,1654,265,None
10571,1203.5,461.2,None,1654,265,None
10572,1207,471.01,MoveRight,1654,265,None
10573,1210.5,480.82,MoveRight,1654,265,None
10574,1214,490.63,MoveRight,1654,265,None
10575,1217.5,500.44,MoveRight,1654,265,None
10576,1221,510.25,MoveRight,1654,265,None
10577,1224.5,520.06,MoveRight,1654,265,None
10578,1228,529.87,MoveRight,1654,265,None
10579,1231.5,539.68,MoveRight,1654,265,None
10580,1235,549.49,MoveRight,1654,265,None
10581,1238.5,559.3,MoveRight,1654,265,None
10581,1238.5,559.3,None,1661,265,MoveRight
10582,1242,569.11,MoveRight,1661,265,None
10582,1242,569.11,None,1668,265,MoveRight
10583,1245.5,578.92,MoveRight,1668,265,None
10583,1245.5,578.92,None,1675,265,MoveRight
10584,1249,569.11,MoveRight,1675,265,None
10584,1249,569.11,None,1682,265,MoveRight
10585,1252.5,559.3,MoveRight,1682,265,None
10585,1252.5,559.3,None,1689,265,MoveRight
10586,1256,549.49,MoveRight,1689,265,None
10586,1256,549.49,None,1696,265,MoveRight
10587,1259.5,539.68,MoveRight,1696,265,None
10587,1259.5,539.68,None,1703,265,MoveRight
10588,1263,529.87,MoveRight,1703,265,None
10588,1263,529.87,None,1710,265,MoveRight
10589,1266.5,520.06,MoveRight,1710,265,None
10589,1266.5,520.06,None,1717,265,MoveRight
10590,1270,510.25,MoveRight,1717,265,None
10590,1270,510.25,None,1724,265,MoveRight
10591,1273.5,500.44,MoveRight,1724,265,None
10591,1273.5,500.44,None,1724,265,None
10592,1277,490.63,MoveRight,1724,265,None
10592,1277,490.63,None,1724,265,None
10593,1280.5,480.82,MoveRight,1724,265,None
10593,1280.5,480.82,None,1724,265,None
10594,1284,471.01,MoveRight,1724,265,None
10594,1284,471.01,None,1724,265,None
10595,1287.5,461.2,MoveRight,1724,265,None
10595,1287.5,461.2,None,1724,265,None
10596,1291,451.39,MoveRight,1724,265,None
10596,1291,451.39,None,1724,265,None
10597,1294.5,441.58,MoveRight,1724,265,None
10597,1294.5,441.58,None,1724,265,None
10598,1298,431.77,MoveRight,1724,265,None
10598,1298,431.77,None,1724,265,None
10599,1301.5,421.96,MoveRight,1724,265,None
10599,1301.5,421.96,None,1724,265,None
10600,1305,412.15,MoveRight,1724,265,None
10600,1305,412.15,None,1724,265,None
10601,1308.5,402.34,MoveRight,1724,265,None
10601,1308.5,402.34,None,1724,265,None
10602,1312,392.53,MoveRight,1724,265,None
10602,1312,392.53,None,1724,265,None
10603,1315.5,382.72,MoveRight,1724,265,None
10603,1315.5,382.72,None,1724,265,None
10604,1319,372.91,MoveRight,1724,265,None
10604,1319,372.91,None,1724,265,None
10605,1319,363.1,None,1724,265,None
10606,1319,353.29,None,1724,265,None
10607,1319,343.48,None,1724,265,None
10608,1315.5,333.67,MoveLeft,1724,265,None
10608,1315.5,333.67,None,1724,265,None
10609,1312,323.86,MoveLeft,1724,265,None
10609,1312,323.86,None,1724,265,None
10610,1308.5,314.05,MoveLeft,1724,265,None
10610,1308.5,314.05,None,1724,265,None
10611,1305,304.24,MoveLeft,1724,265,None
10611,1305,304.24,None,1724,265,None
10612,1301.5,294.43,MoveLeft,1724,265,None
10612,1301.5,294.43,None,1724,265,None
10613,1298,284.62,MoveLeft,1724,265,None
10613,1298,284.62,None,1724,265,None
10614,1294.5,274.81,MoveLeft,1724,265,None
10614,1294.5,274.81,None,1724,265,None
10615,1287.5,265,MoveLeft,1724,265,None
10615,1287.5,265,None,1724,265,None
10616,1280.5,265,MoveLeft,1724,265,None
10616,1280.5,265,None,1724,265,None
10617,1273.5,265,MoveLeft,1724,265,None
10617,1273.5,265,None,1724,265,None
10618,1266.5,265,MoveLeft,1724,265,None
10618,1266.5,265,None,1724,265,None
10619,1259.5,265,MoveLeft,1724,265,None
10619,1259.5,265,None,1724,265,None
10620,1252.5,265,MoveLeft,1724,265,None
10620,1252.5,265,None,1724,265,None
10621,1245.5,265,MoveLeft,1724,265,None
10621,1245.5,265,None,1724,265,None
10622,1245.5,265,None,1724,265,None
10623,1245.5,265,None,1724,265,None
10624,1245.5,265,None,1724,265,None
10625,1252.5,265,MoveRight,1724,265,None
10625,1252.5,265,None,1724,265,None
10626,1245.5,265,MoveLeft,1724,265,None
10626,1245.5,265,None,1724,265,None
10627,1238.5,265,MoveLeft,1724,265,None
10627,1238.5,265,None,1724,265,None
10628,1231.5,265,MoveLeft,1724,265,None
10628,1231.5,265,None,1724,265,None
10629,1224.5,265,MoveLeft,1724,265,None
10629,1224.5,265,None,1724,265,None
10630,1217.5,265,MoveLeft,1724,265,None
10630,1217.5,265,None,1724,265,None
10631,1210.5,265,MoveLeft,1724,265,None
10631,1210.5,265,None,1724,265,None
10632,1203.5,265,MoveLeft,1724,265,None
10632,1203.5,265,None,1724,265,None
10633,1196.5,265,MoveLeft,1724,265,None
10633,1196.5,265,None,1724,265,None
10634,1189.5,265,MoveLeft,1724,265,None
10634,1189.5,265,None,1724,265,None
10635,1182.5,265,MoveLeft,1724,265,None
10635,1182.5,265,None,1724,265,None
10636,1175.5,265,MoveLeft,1724,265,None
10636,1175.5,265,None,1724,265,None
10637,1168.5,265,MoveLeft,1724,265,None
10637,1168.5,265,None,1724,265,None
10638,1161.5,265,MoveLeft,1724,265,None
10638,1161.5,265,None,1724,265,None
10639,1154.5,265,MoveLeft,1724,265,None
10639,1154.5,265,None,1724,265,None
10640,1147.5,265,MoveLeft,1724,265,None
10640,1147.5,265,None,1724,265,None
10641,1140.5,265,MoveLeft,1724,265,None
10641,1140.5,265,None,1724,265,None
10642,1133.5,265,MoveLeft,1724,265,None
10642,1133.5,265,None,1724,265,None
10643,1126.5,265,MoveLeft,1724,265,None
10643,1126.5,265,None,1724,265,None
10644,1119.5,265,MoveLeft,1724,265,None
10644,1119.5,265,None,1724,265,None
10645,1112.5,265,MoveLeft,1724,265,None
10645,1112.5,265,None,1724,265,None
10646,1105.5,265,MoveLeft,1724,265,None
10646,1105.5,265,None,1724,265,None
10647,1098.5,265,MoveLeft,1724,265,None
10647,1098.5,265,None,1724,265,None
10648,1091.5,265,MoveLeft,1724,265,None
10648,1091.5,265,None,1724,265,None
10649,1084.5,265,MoveLeft,1724,265,None
10649,1084.5,265,None,1724,265,None
10650,1077.5,265,MoveLeft,1724,265,None
10650,1077.5,265,None,1724,265,None
10651,1070.5,265,MoveLeft,1724,265,None
10651,1070.5,265,None,1724,265,None
10652,1063.5,265,MoveLeft,1724,265,None
10652,1063.5,265,None,1724,265,None
10653,1056.5,265,MoveLeft,1724,265,None
10653,1056.5,265,None,1724,265,None
10654,1056.5,265,None,1724,265,None
10655,1056.5,265,None,1724,265,None
10656,1056.5,265,None,1724,265,None
10657,1056.5,265,None,1724,265,None
10658,1056.5,265,None,1724,265,None
10659,1056.5,265,None,1724,265,None
10660,1056.5,265,None,1724,265,None
10661,1056.5,265,None,1724,265,None
10662,1049.5,265,MoveLeft,1724,265,None
10662,1049.5,265,None,1724,265,None
10663,1042.5,265,MoveLeft,1724,265,None
10663,1042.5,265,None,1724,265,None
10664,1035.5,265,MoveLeft,1724,265,None
10664,1035.5,265,None,1724,265,None
10665,1028.5,265,MoveLeft,1724,265,None
10665,1028.5,265,None,1724,265,None
10666,1021.5,265,MoveLeft,1724,265,None
10666,1021.5,265,None,1724,265,None
10667,1021.5,265,None,1724,265,None
10667,1021.5,265,None,1724,265,None
10668,1021.5,265,None,1724,265,None
10669,1021.5,265,None,1724,265,None
10670,1021.5,265,None,1724,265,None
10671,1021.5,265,None,1724,265,None
10672,1021.5,265,None,1724,265,None
10673,1021.5,265,None,1724,265,None
10674,1021.5,265,None,1724,265,None
10675,1021.5,265,None,1724,265,None
10676,1021.5,265,None,1724,265,None
10677,1021.5,265,None,1724,265,None
10678,1021.5,265,None,1724,265,None
10679,1021.5,265,None,1724,265,None
10680,1021.5,265,None,1724,265,None
10681,1021.5,265,None,1724,265,None
10682,1021.5,265,None,1724,265,None
10683,1021.5,265,None,1724,265,None
10684,1021.5,265,None,1724,265,None
10685,1021.5,265,None,1724,265,None
10686,1028.5,265,MoveRight,1724,265,None
10686,1028.5,265,None,1724,265,None
10687,1035.5,265,MoveRight,1724,265,None
10687,1035.5,265,None,1724,265,None
10688,1042.5,265,MoveRight,1724,265,None
10688,1042.5,265,None,1724,265,None
10689,1049.5,265,MoveRight,1724,265,None
10689,1049.5,265,None,1724,265,None
10690,1056.5,265,MoveRight,1724,265,None
10690,1056.5,265,None,1724,265,None
10691,1063.5,265,MoveRight,1724,265,None
10691,1063.5,265,None,1724,265,None
10692,1070.5,265,MoveRight,1724,265,None
10692,1070.5,265,None,1724,265,None
10693,1077.5,265,MoveRight,1724,265,None
10693,1077.5,265,None,1724,265,None
10694,1077.5,265,None,1724,265,None
10695,1077.5,265,None,1724,265,None
10704,1330,265,None,2410,265,None
10746,1330,265,None,2410,265,Serve
10746,1330,265,None,2410,265,None
10766,1330,265,None,2403,265,MoveLeft
10767,1330,265,None,2396,265,MoveLeft
10768,1330,265,None,2389,265,MoveLeft
10769,1330,265,None,2382,265,MoveLeft
10770,1330,265,None,2375,265,MoveLeft
10771,1330,265,None,2368,265,MoveLeft
10772,1330,265,None,2361,265,MoveLeft
10773,1323,265,MoveLeft,2361,265,None
10773,1323,265,None,2354,265,MoveLeft
10774,1316,265,MoveLeft,2354,265,None
10774,1316,265,None,2347,265,MoveLeft
10775,1309,265,MoveLeft,2347,265,None
10775,1309,265,None,2340,265,MoveLeft
10776,1302,265,MoveLeft,2340,265,None
10776,1302,265,None,2333,265,MoveLeft
10777,1295,265,MoveLeft,2333,265,None
10777,1295,265,None,2326,265,MoveLeft
10778,1288,265,MoveLeft,2326,265,None
10778,1288,265,None,2319,265,MoveLeft
10779,1281,265,MoveLeft,2319,265,None
10779,1281,265,None,2312,265,MoveLeft
10780,1274,265,MoveLeft,2312,265,None
10780,1274,265,None,2305,265,MoveLeft
10781,1267,265,MoveLeft,2305,265,None
10781,1267,265,None,2298,265,MoveLeft
10782,1260,265,MoveLeft,2298,265,None
10782,1260,265,None,2291,265,MoveLeft
10783,1253,265,MoveLeft,2291,265,None
10783,1253,265,None,2284,265,MoveLeft
10784,1246,265,MoveLeft,2284,265,None
10784,1246,265,None,2277,265,MoveLeft
10785,1239,265,MoveLeft,2277,265,None
10785,1239,265,None,2270,265,MoveLeft
10786,1232,265,MoveLeft,2270,265,None
10786,1232,265,None,2263,265,MoveLeft
10787,1225,265,MoveLeft,2263,265,None
10787,1225,265,None,2256,265,MoveLeft
10788,1218,265,MoveLeft,2256,265,None
10788,1218,265,None,2249,265,MoveLeft
10789,1211,265,MoveLeft,2249,265,None
10789,1211,265,None,2242,265,MoveLeft
10790,1204,265,MoveLeft,2242,265,None
10790,1204,265,None,2235,265,MoveLeft
10791,1197,265,MoveLeft,2235,265,None
10791,1197,265,None,2228,265,MoveLeft
10792,1190,265,MoveLeft,2228,265,None
10792,1190,265,None,2221,265,MoveLeft
10793,1183,265,MoveLeft,2221,265,None
10793,1183,265,None,2214,265,MoveLeft
10794,1176,265,MoveLeft,2214,265,None
10794,1176,265,None,2207,265,MoveLeft
10795,1169,265,MoveLeft,2207,265,None
10795,1169,265,None,2200,265,MoveLeft
10796,1162,265,MoveLeft,2200,265,None
10796,1162,265,None,2193,265,MoveLeft
10797,1155,265,MoveLeft,2193,265,None
10797,1155,265,None,2186,265,MoveLeft
10798,1148,265,MoveLeft,2186,265,None
10798,1148,265,None,2179,265,MoveLeft
10799,1141,265,MoveLeft,2179,265,None
10799,1141,265,None,2172,265,MoveLeft
10800,1134,265,MoveLeft,2172,265,None
10800,1134,265,None,2165,265,MoveLeft
10801,1127,265,MoveLeft,2165,265,None
10801,1127,265,None,2158,265,MoveLeft
10802,1120,265,MoveLeft,2158,265,None
10802,1120,265,None,2151,265,MoveLeft
10803,1113,265,MoveLeft,2151,265,None
10803,1113,265,None,2144,265,MoveLeft
10804,1106,265,MoveLeft,2144,265,None
10804,1106,265,None,2137,265,MoveLeft
10805,1099,265,MoveLeft,2137,265,None
10805,1099,265,None,2130,265,MoveLeft
10806,1092,265,MoveLeft,2130,265,None
10806,1092,265,None,2123,265,MoveLeft
10807,1085,265,MoveLeft,2123,265,None
10807,1085,265,None,2116,265,MoveLeft
10808,1078,265,MoveLeft,2116,265,None
10808,1078,265,None,2109,265,MoveLeft
10809,1071,265,MoveLeft,2109,265,None
10809,1071,265,None,2102,265,MoveLeft
10810,1064,265,MoveLeft,2102,265,None
10810,1064,265,None,2095,265,MoveLeft
10811,1057,265,MoveLeft,2095,265,None
10811,1057,265,None,2088,265,MoveLeft
10812,1050,265,MoveLeft,2088,265,None
10812,1050,265,None,2081,265,MoveLeft
10813,1043,265,MoveLeft,2081,265,None
10813,1043,265,None,2074,265,MoveLeft
10814,1036,265,MoveLeft,2074,265,None
10814,1036,265,None,2067,265,MoveLeft
10815,1029,265,MoveLeft,2067,265,None
10815,1029,265,None,2060,265,MoveLeft
10816,1029,265,Bump,2060,265,None
10816,1022,265,MoveLeft,2060,265,None
10816,1022,265,None,2053,265,MoveLeft
10817,1022,265,None,2046,265,MoveLeft
10818,1022,265,None,2039,265,MoveLeft
10819,1022,265,None,2032,265,MoveLeft
10820,1022,265,None,2025,265,MoveLeft
10821,1022,265,None,2018,265,MoveLeft
10822,1022,265,None,2011,265,MoveLeft
10823,1022,265,None,2004,265,MoveLeft
10824,1022,265,None,1997,265,MoveLeft
10825,1022,265,None,1990,265,MoveLeft
10826,1022,265,None,1983,265,MoveLeft
10827,1022,265,None,1976,265,MoveLeft
10828,1022,265,None,1969,265,MoveLeft
10829,1022,265,None,1962,265,MoveLeft
10830,1022,265,None,1955,265,MoveLeft
10831,1022,265,None,1948,265,MoveLeft
10832,1022,265,None,1941,265,MoveLeft
10833,1022,265,None,1934,265,MoveLeft
10834,1022,265,None,1927,265,MoveLeft
10835,1022,265,None,1920,265,MoveLeft
10836,1029,265,MoveRight,1920,265,None
10836,1029,265,None,1913,265,MoveLeft
10837,1036,265,MoveRight,1913,265,None
10837,1036,265,None,1906,265,MoveLeft
10838,1043,265,MoveRight,1906,265,None
10838,1043,265,None,1899,265,MoveLeft
10839,1050,265,MoveRight,1899,265,None
10839,1050,265,None,1892,265,MoveLeft
10840,1057,265,MoveRight,1892,265,None
10840,1057,265,None,1885,265,MoveLeft
10841,1064,265,MoveRight,1885,265,None
10841,1064,265,None,1878,265,MoveLeft
10842,1071,265,MoveRight,1878,265,None
10842,1071,265,None,1871,265,MoveLeft
10843,1078,265,MoveRight,1871,265,None
10843,1078,265,None,1864,265,MoveLeft
10844,1085,265,MoveRight,1864,265,None
10844,1085,265,None,1857,265,MoveLeft
10845,1092,265,MoveRight,1857,265,None
10845,1092,265,None,1850,265,MoveLeft
10846,1099,265,MoveRight,1850,265,None
10846,1099,265,None,1843,265,MoveLeft
10847,1106,265,MoveRight,1843,265,None
10847,1106,265,None,1836,265,MoveLeft
10848,1113,265,MoveRight,1836,265,None
10848,1113,265,None,1829,265,MoveLeft
10849,1120,265,MoveRight,1829,265,None
10849,1120,265,None,1822,265,MoveLeft
10850,1127,265,MoveRight,1822,265,None
10850,1127,265,None,1815,265,MoveLeft
10851,1134,265,MoveRight,1815,265,None
10851,1134,265,None,1808,265,MoveLeft
10852,1141,265,MoveRight,1808,265,None
10852,1141,265,None,1801,265,MoveLeft
10853,1148,265,MoveRight,1801,265,None
10853,1148,265,None,1794,265,MoveLeft
10854,1155,265,MoveRight,1794,265,None
10854,1155,265,None,1787,265,MoveLeft
10855,1162,265,MoveRight,1787,265,None
10855,1162,265,None,1780,265,MoveLeft
10856,1169,265,MoveRight,1780,265,None
10856,1169,265,None,1773,265,MoveLeft
10857,1176,265,MoveRight,1773,265,None
10857,1176,265,None,1766,265,MoveLeft
10858,1183,265,MoveRight,1766,265,None
10858,1183,265,None,1759,265,MoveLeft
10859,1190,265,MoveRight,1759,265,None
10859,1190,265,None,1752,265,MoveLeft
10860,1197,265,MoveRight,1752,265,None
10860,1197,265,None,1745,265,MoveLeft
10861,1204,265,MoveRight,1745,265,None
10861,1204,265,None,1738,265,MoveLeft
10862,1211,265,MoveRight,1738,265,None
10862,1211,265,None,1731,265,MoveLeft
10863,1218,265,MoveRight,1731,265,None
10863,1218,265,None,1724,265,MoveLeft
10864,1225,265,MoveRight,1724,265,None
10864,1225,265,None,1717,265,MoveLeft
10865,1232,265,MoveRight,1717,265,None
10865,1232,265,None,1710,265,MoveLeft
10866,1239,265,MoveRight,1710,265,None
10866,1239,265,None,1703,265,MoveLeft
10867,1246,265,MoveRight,1703,265,None
10867,1246,265,None,1696,265,MoveLeft
10868,1253,265,MoveRight,1696,265,None
10868,1253,265,None,1689,265,MoveLeft
10869,1260,265,MoveRight,1689,265,None
10869,1260,265,None,1682,265,MoveLeft
10870,1267,265,MoveRight,1682,265,None
10870,1267,265,None,1675,265,MoveLeft
10871,1274,265,MoveRight,1675,265,None
10871,1274,265,None,1668,265,MoveLeft
10872,1281,265,MoveRight,1668,265,None
10872,1281,265,None,1661,265,MoveLeft
10873,1288,265,MoveRight,1661,265,None
10873,1288,265,None,1654,265,MoveLeft
10874,1295,265,MoveRight,1654,265,None
10874,1295,265,None,1647,265,MoveLeft
10875,1302,265,MoveRight,1647,265,None
10875,1302,265,None,1640,265,MoveLeft
10876,1309,265,MoveRight,1640,265,None
10876,1309,265,None,1633,265,MoveLeft
10877,1316,265,MoveRight,1633,265,None
10877,1316,265,None,1626,265,MoveLeft
10878,1323,265,MoveRight,1626,265,None
10878,1323,265,None,1619,265,MoveLeft
10879,1326,265,None,1612,265,MoveLeft
10880,1326,265,None,1605,265,MoveLeft
10881,1326,265,None,1598,265,MoveLeft
10882,1326,265,None,1591,265,MoveLeft
10883,1326,265,None,1584,265,MoveLeft
10884,1326,284.62,None,1577,265,MoveLeft
10885,1326,304.24,None,1570,265,MoveLeft
10886,1326,314.05,None,1563,265,MoveLeft
10887,1326,323.86,None,1556,265,MoveLeft
10888,1326,333.67,None,1549,265,MoveLeft
10889,1326,343.48,None,1542,265,MoveLeft
10890,1326,353.29,None,1535,265,MoveLeft
10891,1326,363.1,None,1528,265,MoveLeft
10892,1326,372.91,None,1521,265,MoveLeft
10893,1326,382.72,None,1514,265,MoveLeft
10894,1326,392.53,None,1507,265,MoveLeft
10895,1326,402.34,None,1500,265,MoveLeft
10896,1326,412.15,None,1493,265,MoveLeft
10897,1326,421.96,None,1486,265,MoveLeft
10898,1326,431.77,None,1479,265,MoveLeft
10915,1326,559.3,None,1479,265,SpikeLight
10915,1326,559.3,None,1479,265,None
10926,1326,451.39,None,1486,265,MoveRight
10927,1326,441.58,None,1493,265,MoveRight
10928,1326,431.77,None,1500,265,MoveRight
10929,1326,421.96,None,1507,265,MoveRight
10930,1326,412.15,None,1514,265,MoveRight
10931,1326,402.34,None,1521,265,MoveRight
10932,1326,392.53,None,1528,265,MoveRight
10933,1326,382.72,None,1535,265,MoveRight
10934,1326,372.91,None,1542,265,MoveRight
10935,1326,363.1,None,1549,265,MoveRight
10936,1326,353.29,None,1556,265,MoveRight
10937,1326,343.48,None,1563,265,MoveRight
10938,1326,333.67,None,1570,265,MoveRight
10939,1326,323.86,None,1577,265,MoveRight
10940,1326,314.05,None,1584,265,MoveRight
10941,1326,304.24,None,1591,265,MoveRight
10942,1326,294.43,None,1598,265,MoveRight
10943,1326,284.62,None,1605,265,MoveRight
10944,1326,274.81,None,1612,265,MoveRight
10945,1326,265,None,1619,265,MoveRight
10946,1326,265,None,1626,265,MoveRight
10947,1326,265,None,1633,265,MoveRight
10948,1326,265,None,1640,265,MoveRight
10949,1326,265,None,1647,265,MoveRight
10950,1319,265,MoveLeft,1647,265,None
10950,1319,265,None,1654,265,MoveRight
10951,1312,265,MoveLeft,1654,265,None
10951,1312,265,None,1661,265,MoveRight
10952,1305,265,MoveLeft,1661,265,None
10952,1305,265,None,1668,265,MoveRight
10953,1298,265,MoveLeft,1668,265,None
10953,1298,265,None,1675,265,MoveRight
10954,1291,265,MoveLeft,1675,265,None
10954,1291,265,None,1682,265,MoveRight
10955,1284,265,MoveLeft,1682,265,None
10955,1284,265,None,1689,265,MoveRight
10956,1277,265,MoveLeft,1689,265,None
10956,1277,265,None,1696,265,MoveRight
10957,1270,265,MoveLeft,1696,265,None
10957,1270,265,None,1703,265,MoveRight
10958,1263,265,MoveLeft,1703,265,None
10958,1263,265,None,1710,265,MoveRight
10959,1256,265,MoveLeft,1710,265,None
10959,1256,265,None,1717,265,MoveRight
10960,1249,265,MoveLeft,1717,265,None
10960,1249,265,None,1724,265,MoveRight
10961,1242,265,MoveLeft,1724,265,None
10961,1242,265,None,1724,265,None
10962,1235,265,MoveLeft,1724,265,None
10962,1235,265,None,1724,265,None
10963,1228,265,MoveLeft,1724,265,None
10963,1228,265,None,1724,265,None
10964,1221,265,MoveLeft,1724,265,None
10964,1221,265,None,1724,265,None
10965,1214,265,MoveLeft,1724,265,None
10965,1214,265,None,1724,265,None
10966,1207,265,MoveLeft,1724,265,None
10966,1207,265,None,1724,265,None
10967,1200,265,MoveLeft,1724,265,None
10967,1200,265,None,1724,265,None
10968,1193,265,MoveLeft,1724,265,None
10968,1193,265,None,1724,265,None
10969,1186,265,MoveLeft,1724,265,None
10969,1186,265,None,1724,265,None
10970,1179,265,MoveLeft,1724,265,None
10970,1179,265,None,1724,265,None
10971,1172,265,MoveLeft,1724,265,None
10971,1172,265,None,1724,265,None
10972,1172,265,Bump,1724,265,None
10972,1165,265,MoveLeft,1724,265,None
10972,1165,265,None,1724,265,None
10973,1165,265,None,1717,265,MoveLeft
10974,1165,265,None,1710,265,MoveLeft
10975,1165,265,None,1703,265,MoveLeft
10976,1165,265,None,1696,265,MoveLeft
10977,1165,265,None,1689,265,MoveLeft
10978,1165,265,None,1682,265,MoveLeft
10979,1165,265,None,1675,265,MoveLeft
10980,1165,265,None,1668,265,MoveLeft
10981,1165,265,None,1661,265,MoveLeft
10982,1165,265,None,1654,265,MoveLeft
10992,1172,265,MoveRight,1654,265,None
10993,1179,265,MoveRight,1654,265,None
10994,1186,265,MoveRight,1654,265,None
10995,1193,265,MoveRight,1654,265,None
10996,1200,265,MoveRight,1654,265,None
10997,1207,265,MoveRight,1654,265,None
10998,1214,265,MoveRight,1654,265,None
10999,1221,265,MoveRight,1654,265,None
11000,1228,265,MoveRight,1654,265,None
11001,1235,265,MoveRight,1654,265,None
11002,1242,265,MoveRight,1654,265,None
11003,1249,265,MoveRight,1654,265,None
11004,1256,265,MoveRight,1654,265,None
11005,1263,265,MoveRight,1654,265,None
11006,1270,265,MoveRight,1654,265,None
11007,1277,265,MoveRight,1654,265,None
11008,1284,265,MoveRight,1654,265,None
11009,1291,265,MoveRight,1654,265,None
11047,1291,284.62,None,1654,265,None
11060,1294.5,421.96,MoveRight,1654,265,None
11061,1298,431.77,MoveRight,1654,265,None
11062,1301.5,441.58,MoveRight,1654,265,None
11063,1305,451.39,MoveRight,1654,265,None
11064,1308.5,461.2,MoveRight,1654,265,None
11065,1312,471.01,MoveRight,1654,265,None
11066,1315.5,480.82,MoveRight,1654,265,None
11067,1319,490.63,MoveRight,1654,265,None
11068,1322.5,500.44,MoveRight,1654,265,None
11069,1326,510.25,MoveRight,1654,265,None
11071,1326,510.25,None,1654,265,SpikeLight
11071,1326,529.87,None,1654,265,None
11082,1326,520.06,None,1661,265,MoveRight
11083,1326,510.25,None,1668,265,MoveRight
11084,1326,500.44,None,1675,265,MoveRight
11085,1326,490.63,None,1682,265,MoveRight
11086,1326,480.82,None,1689,265,MoveRight
11087,1326,471.01,None,1696,265,MoveRight
11088,1326,461.2,None,1703,265,MoveRight
11089,1326,451.39,None,1710,265,MoveRight
11090,1326,441.58,None,1717,265,MoveRight
11091,1326,431.77,None,1724,265,MoveRight
11092,1326,421.96,None,1724,265,None
11093,1326,412.15,None,1724,265,None
11094,1326,402.34,None,1724,265,None
11095,1326,392.53,None,1724,265,None
11096,1326,382.72,None,1724,265,None
11097,1326,372.91,None,1724,265,None
11098,1326,363.1,None,1724,265,None
11099,1326,353.29,None,1724,265,None
11100,1326,343.48,None,1724,265,None
11101,1326,333.67,None,1724,265,None
11102,1326,323.86,None,1724,265,None
11103,1326,314.05,None,1724,265,None
11104,1326,304.24,None,1724,265,None
11105,1326,294.43,None,1724,265,None
11106,1326,284.62,None,1724,265,None
11107,1326,274.81,None,1724,265,None
11108,1326,265,None,1724,265,None
11109,1326,265,None,1724,265,None
11110,1326,265,None,1724,265,None
11111,1326,265,None,1724,265,None
11112,1326,265,None,1724,265,None
11113,1326,265,None,1724,265,None
11114,1326,265,None,1724,265,None
11115,1326,265,None,1724,265,None
11116,1326,265,None,1724,265,None
11117,1326,265,None,1724,265,None
11118,1326,265,None,1724,265,None
11119,1326,265,None,1724,265,None
11120,1326,265,None,1724,265,None
11121,1326,265,None,1724,265,None
11122,1326,265,None,1724,265,None
11123,1326,265,None,1724,265,None
11124,1326,265,None,1724,265,None
11125,1326,265,None,1724,265,None
11126,1326,265,None,1724,265,None
11127,1326,265,None,1724,265,None
11128,1326,265,None,1724,265,None
11129,1326,265,None,1724,265,None
11129,1326,265,None,1724,265,None
11130,1326,265,None,1724,265,None
11131,1326,265,None,1724,265,None
11132,1326,265,None,1724,265,None
11133,1326,265,None,1724,265,None
11134,1326,265,None,1724,265,None
11135,1326,265,None,1724,265,None
11136,1326,265,None,1724,265,None
11137,1326,265,None,1724,265,None
11138,1326,265,None,1724,265,None
11139,1326,265,None,1724,265,None
11140,1326,265,None,1724,265,None
11141,1326,265,None,1724,265,None
11142,1326,265,None,1724,265,None
11143,1326,265,None,1724,265,None
11144,1326,265,None,1724,265,None
11145,1326,265,None,1724,265,None
11146,1326,265,None,1724,265,None
11147,1326,265,None,1724,265,None
11148,1326,265,None,1724,265,None
11149,1319,265,MoveLeft,1724,265,None
11149,1319,265,None,1724,265,None
11150,1312,265,MoveLeft,1724,265,None
11150,1312,265,None,1724,265,None
11151,1305,265,MoveLeft,1724,265,None
11151,1305,265,None,1724,265,None
11152,1298,265,MoveLeft,1724,265,None
11152,1298,265,None,1724,265,None
11153,1291,265,MoveLeft,1724,265,None
11153,1291,265,None,1724,265,None
11154,1284,265,MoveLeft,1724,265,None
11154,1284,265,None,1724,265,None
11155,1277,265,MoveLeft,1724,265,None
11155,1277,265,None,1724,265,None
11156,1270,265,MoveLeft,1724,265,None
11156,1270,265,None,1724,265,None
11157,1263,265,MoveLeft,1724,265,None
11157,1263,265,None,1724,265,None
11158,1256,265,MoveLeft,1724,265,None
11158,1256,265,None,1724,265,None
11159,1249,265,MoveLeft,1724,265,None
11159,1249,265,None,1724,265,None
11160,1242,265,MoveLeft,1724,265,None
11160,1242,265,None,1724,265,None
11161,1235,265,MoveLeft,1724,265,None
11161,1235,265,None,1724,265,None
11162,1228,265,MoveLeft,1724,265,None
11162,1228,265,None,1724,265,None
11163,1221,265,MoveLeft,1724,265,None
11163,1221,265,None,1724,265,None
11164,1214,265,MoveLeft,1724,265,None
11164,1214,265,None,1724,265,None
11165,1207,265,MoveLeft,1724,265,None
11165,1207,265,None,1724,265,None
11166,1200,265,MoveLeft,1724,265,None
11166,1200,265,None,1724,265,None
11167,1193,265,MoveLeft,1724,265,None
11167,1193,265,None,1724,265,None
11168,1186,265,MoveLeft,1724,265,None
11168,1186,265,None,1724,265,None
11169,1179,265,MoveLeft,1724,265,None
11169,1179,265,None,1724,265,None
11170,1172,265,MoveLeft,1724,265,None
11170,1172,265,None,1724,265,None
11171,1165,265,MoveLeft,1724,265,None
11171,1165,265,None,1724,265,None
11172,1158,265,MoveLeft,1724,265,None
11172,1158,265,None,1724,265,None
11173,1151,265,MoveLeft,1724,265,None
11173,1151,265,None,1724,265,None
11174,1144,265,MoveLeft,1724,265,None
11174,1144,265,None,1724,265,None
11175,1137,265,MoveLeft,1724,265,None
11175,1137,265,None,1724,265,None
11176,1130,265,MoveLeft,1724,265,None
11176,1130,265,None,1724,265,None
11177,1123,265,MoveLeft,1724,265,None
11177,1123,265,None,1724,265,None
11178,1123,265,Set,1724,265,None
11178,1116,265,MoveLeft,1724,265,None
11178,1116,265,None,1724,265,None
11205,1109,265,MoveLeft,1724,265,None
11206,1102,265,MoveLeft,1724,265,None
11207,1095,265,MoveLeft,1724,265,None
11208,1088,265,MoveLeft,1724,265,None
11209,1081,265,MoveLeft,1724,265,None
11210,1074,265,MoveLeft,1724,265,None
11211,1067,265,MoveLeft,1724,265,None
11212,1060,265,MoveLeft,1724,265,None
11213,1053,265,MoveLeft,1724,265,None
11214,1046,265,MoveLeft,1724,265,None
11261,1053,265,MoveRight,1724,265,None
11262,1056.5,284.62,MoveRight,1724,265,None
11263,1060,304.24,MoveRight,1724,265,None
11264,1063.5,314.05,MoveRight,1724,265,None
11265,1067,323.86,MoveRight,1724,265,None
11266,1070.5,333.67,MoveRight,1724,265,None
11267,1074,343.48,MoveRight,1724,265,None
11268,1077.5,353.29,MoveRight,1724,265,None
11269,1081,363.1,MoveRight,1724,265,None
11270,1084.5,372.91,MoveRight,1724,265,None
11271,1088,382.72,MoveRight,1724,265,None
11272,1091.5,392.53,MoveRight,1724,265,None
11284,1091.5,510.25,None,1724,265,None
11320,1337,265,MoveRight,2410,265,None
11321,1344,265,MoveRight,2410,265,None
11322,1351,265,MoveRight,2410,265,None
11323,1358,265,MoveRight,2410,265,None
11324,1365,265,MoveRight,2410,265,None
11325,1372,265,MoveRight,2410,265,None
11326,1379,265,MoveRight,2410,265,None
11347,1372,265,MoveLeft,2410,265,None
11348,1365,265,MoveLeft,2410,265,None
11349,1358,265,MoveLeft,2410,265,None
11350,1351,265,MoveLeft,2410,265,None
11351,1344,265,MoveLeft,2410,265,None
11352,1337,265,MoveLeft,2410,265,None
11353,1330,265,MoveLeft,2410,265,None
11354,1323,265,MoveLeft,2410,265,None
11355,1316,265,MoveLeft,2410,265,None
11362,1316,284.62,None,2410,265,None
11366,1316,314.05,None,2410,265,Serve
11366,1316,333.67,None,2410,265,None
11372,1316,392.53,None,2410,265,None
11384,1316,510.25,None,2410,265,None
11385,1316,520.06,None,2403,265,MoveLeft
11386,1316,529.87,None,2396,265,MoveLeft
11387,1316,539.68,None,2389,265,MoveLeft
11388,1316,549.49,None,2382,265,MoveLeft
11389,1316,559.3,None,2375,265,MoveLeft
11390,1316,569.11,None,2368,265,MoveLeft
11391,1316,578.92,None,2361,265,MoveLeft
11392,1316,569.11,None,2354,265,MoveLeft
11393,1316,559.3,None,2347,265,MoveLeft
11394,1316,549.49,None,2340,265,MoveLeft
11395,1316,539.68,None,2333,265,MoveLeft
11396,1316,529.87,None,2326,265,MoveLeft
11397,1316,520.06,None,2319,265,MoveLeft
11398,1316,510.25,None,2312,265,MoveLeft
11399,1316,500.44,None,2305,265,MoveLeft
11400,1316,490.63,None,2298,265,MoveLeft
11401,1316,480.82,None,2291,265,MoveLeft
11402,1316,471.01,None,2284,265,MoveLeft
11403,1316,461.2,None,2277,265,MoveLeft
11404,1316,451.39,None,2270,265,MoveLeft
11405,1312.5,441.58,MoveLeft,2270,265,None
11405,1312.5,441.58,None,2263,265,MoveLeft
11406,1309,431.77,MoveLeft,2263,265,None
11406,1309,431.77,None,2256,265,MoveLeft
11407,1305.5,421.96,MoveLeft,2256,265,None
11407,1305.5,421.96,None,2249,265,MoveLeft
11408,1302,412.15,MoveLeft,2249,265,None
11408,1302,412.15,None,2242,265,MoveLeft
11409,1298.5,402.34,MoveLeft,2242,265,None
11409,1298.5,402.34,None,2235,265,MoveLeft
11410,1295,392.53,MoveLeft,2235,265,None
11410,1295,392.53,None,2228,265,MoveLeft
11411,1291.5,382.72,MoveLeft,2228,265,None
11411,1291.5,382.72,None,2221,265,MoveLeft
11412,1288,372.91,MoveLeft,2221,265,None
11412,1288,372.91,None,2214,265,MoveLeft
11413,1284.5,363.1,MoveLeft,2214,265,None
11413,1284.5,363.1,None,2207,265,MoveLeft
11414,1281,353.29,MoveLeft,2207,265,None
11414,1281,353.29,None,2200,265,MoveLeft
11415,1277.5,343.48,MoveLeft,2200,265,None
11415,1277.5,343.48,None,2193,265,MoveLeft
11416,1274,333.67,MoveLeft,2193,265,None
11416,1274,333.67,None,2186,265,MoveLeft
11417,1270.5,323.86,MoveLeft,2186,265,None
11417,1270.5,323.86,None,2179,265,MoveLeft
11418,1267,314.05,MoveLeft,2179,265,None
11418,1267,314.05,None,2172,265,MoveLeft
11419,1263.5,304.24,MoveLeft,2172,265,None
11419,1263.5,304.24,None,2165,265,MoveLeft
11420,1260,294.43,MoveLeft,2165,265,None
11420,1260,294.43,None,2158,265,MoveLeft
11421,1256.5,284.62,MoveLeft,2158,265,None
11421,1256.5,284.62,None,2151,265,MoveLeft
11422,1253,274.81,MoveLeft,2151,265,None
11422,1253,274.81,None,2144,265,MoveLeft
11423,1246,265,MoveLeft,2144,265,None
11423,1246,265,None,2137,265,MoveLeft
11424,1239,265,MoveLeft,2137,265,None
11424,1239,265,None,2130,265,MoveLeft
11425,1232,265,MoveLeft,2130,265,None
11425,1232,265,None,2123,265,MoveLeft
11426,1225,265,MoveLeft,2123,265,None
11426,1225,265,None,2116,265,MoveLeft
11427,1218,265,MoveLeft,2116,265,None
11427,1218,265,None,2109,265,MoveLeft
11428,1211,265,MoveLeft,2109,265,None
11428,1211,265,None,2102,265,MoveLeft
11429,1204,265,MoveLeft,2102,265,None
11429,1204,265,None,2095,265,MoveLeft
11430,1197,265,MoveLeft,2095,265,None
11430,1197,265,None,2088,265,MoveLeft
11431,1190,265,MoveLeft,2088,265,None
11431,1190,265,None,2081,265,MoveLeft
11432,1183,265,MoveLeft,2081,265,None
11432,1183,265,None,2074,265,MoveLeft
11433,1176,265,MoveLeft,2074,265,None
11433,1176,265,None,2067,265,MoveLeft
11434,1169,265,MoveLeft,2067,265,None
11434,1169,265,None,2060,265,MoveLeft
11435,1162,265,MoveLeft,2060,265,None
11435,1162,265,None,2053,265,MoveLeft
11436,1155,265,MoveLeft,2053,265,None
11436,1155,265,None,2046,265,MoveLeft
11437,1148,265,MoveLeft,2046,265,None
11437,1148,265,None,2039,265,MoveLeft
11438,1141,265,MoveLeft,2039,265,None
11438,1141,265,None,2032,265,MoveLeft
11439,1134,265,MoveLeft,2032,265,None
11439,1134,265,None,2025,265,MoveLeft
11440,1127,265,MoveLeft,2025,265,None
11440,1127,265,None,2018,265,MoveLeft
11441,1120,265,MoveLeft,2018,265,None
11441,1120,265,None,2011,265,MoveLeft
11442,1113,265,MoveLeft,2011,265,None
11442,1113,265,None,2004,265,MoveLeft
11443,1323,265,MoveLeft,2410,265,None
11444,1316,265,MoveLeft,2410,265,None
11445,1309,265,MoveLeft,2410,265,None
11446,1302,265,MoveLeft,2410,265,None
11447,1295,265,MoveLeft,2410,265,None
11448,1288,265,MoveLeft,2410,265,None
11449,1281,265,MoveLeft,2410,265,None
11450,1274,265,MoveLeft,2410,265,None
11451,1267,265,MoveLeft,2410,265,None
11452,1260,265,MoveLeft,2410,265,None
11453,1253,265,MoveLeft,2410,265,None
11454,1246,265,MoveLeft,2410,265,None
11455,1239,265,MoveLeft,2410,265,None
11456,1232,265,MoveLeft,2410,265,None
11457,1225,265,MoveLeft,2410,265,None
11458,1218,265,MoveLeft,2410,265,None
11459,1211,265,MoveLeft,2410,265,None
11460,1204,265,MoveLeft,2410,265,None
11461,1197,265,MoveLeft,2410,265,None
11462,1190,265,MoveLeft,2410,265,None
11463,1183,265,MoveLeft,2410,265,None
11493,1183,265,None,2410,265,Serve
11493,1183,265,None,2410,265,None
11513,1183,265,None,2403,265,MoveLeft
11514,1183,265,None,2396,265,MoveLeft
11515,1183,265,None,2389,265,MoveLeft
11516,1183,265,None,2382,265,MoveLeft
11517,1183,265,None,2375,265,MoveLeft
11518,1183,265,None,2368,265,MoveLeft
11519,1176,265,MoveLeft,2368,265,None
11519,1176,265,None,2361,265,MoveLeft
11520,1169,265,MoveLeft,2361,265,None
11520,1169,265,None,2354,265,MoveLeft
11521,1162,265,MoveLeft,2354,265,None
11521,1162,265,None,2347,265,MoveLeft
11522,1155,265,MoveLeft,2347,265,None
11522,1155,265,None,2340,265,MoveLeft
11523,1148,265,MoveLeft,2340,265,None
11523,1148,265,None,2333,265,MoveLeft
11524,1141,265,MoveLeft,2333,265,None
11524,1141,265,None,2326,265,MoveLeft
11525,1134,265,MoveLeft,2326,265,None
11525,1134,265,None,2319,265,MoveLeft
11526,1127,265,MoveLeft,2319,265,None
11526,1127,265,None,2312,265,MoveLeft
11527,1120,265,MoveLeft,2312,265,None
11527,1120,265,None,2305,265,MoveLeft
11528,1113,265,MoveLeft,2305,265,None
11528,1113,265,None,2298,265,MoveLeft
11529,1106,265,MoveLeft,2298,265,None
11529,1106,265,None,2291,265,MoveLeft
11530,1099,265,MoveLeft,2291,265,None
11530,1099,265,None,2284,265,MoveLeft
11531,1092,265,MoveLeft,2284,265,None
11531,1092,265,None,2277,265,MoveLeft
11532,1092,265,None,2270,265,MoveLeft
11533,1092,265,None,2263,265,MoveLeft
11534,1092,265,None,2256,265,MoveLeft
11535,1092,265,None,2249,265,MoveLeft
11536,1092,265,None,2242,265,MoveLeft
11537,1092,265,None,2235,265,MoveLeft
11538,1092,265,None,2228,265,MoveLeft
11539,1092,265,None,2221,265,MoveLeft
11540,1092,265,None,2214,265,MoveLeft
11541,1092,265,None,2207,265,MoveLeft
11542,1092,265,None,2200,265,MoveLeft
11543,1092,265,None,2200,265,None
11543,1092,265,None,2193,265,MoveLeft
11544,1092,265,None,2186,265,MoveLeft
11545,1092,265,None,2179,265,MoveLeft
11546,1092,265,None,2172,265,MoveLeft
11547,1092,265,None,2165,265,MoveLeft
11548,1092,265,None,2158,265,MoveLeft
11549,1092,265,None,2151,265,MoveLeft
11550,1092,265,None,2144,265,MoveLeft
11551,1092,265,None,2137,265,MoveLeft
11552,1092,265,None,2130,265,MoveLeft
11553,1092,265,None,2123,265,MoveLeft
11554,1092,265,None,2116,265,MoveLeft
11555,1092,265,None,2109,265,MoveLeft
11556,1092,265,None,2102,265,MoveLeft
11557,1092,265,None,2095,265,MoveLeft
11558,1092,265,None,2088,265,MoveLeft
11559,1092,265,None,2081,265,MoveLeft
11560,1092,265,None,2074,265,MoveLeft
11561,1085,265,MoveLeft,2074,265,None
11561,1085,265,None,2067,265,MoveLeft
11562,1078,265,MoveLeft,2067,265,None
11562,1078,265,None,2060,265,MoveLeft
11563,1071,265,MoveLeft,2060,265,None
11563,1071,265,None,2053,265,MoveLeft
11564,1064,265,MoveLeft,2053,265,None
11564,1064,265,None,2046,265,MoveLeft
11565,1057,265,MoveLeft,2046,265,None
11565,1057,265,None,2039,265,MoveLeft
11566,1050,265,MoveLeft,2039,265,None
11566,1050,265,None,2032,265,MoveLeft
11567,1043,265,MoveLeft,2032,265,None
11567,1043,265,None,2025,265,MoveLeft
11568,1036,265,MoveLeft,2025,265,None
11568,1036,265,None,2018,265,MoveLeft
11569,1029,265,MoveLeft,2018,265,None
11569,1029,265,None,2011,265,MoveLeft
11570,1323,265,MoveLeft,2410,265,None
11571,1316,265,MoveLeft,2410,265,None
11572,1309,265,MoveLeft,2410,265,None
11573,1302,265,MoveLeft,2410,265,None
11574,1295,265,MoveLeft,2410,265,None
11575,1288,265,MoveLeft,2410,265,None
11576,1281,265,MoveLeft,2410,265,None
11577,1274,265,MoveLeft,2410,265,None
11578,1267,265,MoveLeft,2410,265,None
11579,1260,265,MoveLeft,2410,265,None
11580,1253,265,MoveLeft,2410,265,None
11581,1246,265,MoveLeft,2410,265,None
11582,1239,265,MoveLeft,2410,265,None
11583,1232,265,MoveLeft,2410,265,None
11584,1225,265,MoveLeft,2410,265,None
11585,1218,265,MoveLeft,2410,265,None
11586,1211,265,MoveLeft,2410,265,None
11587,1204,265,MoveLeft,2410,265,None
11588,1197,265,MoveLeft,2410,265,None
11589,1190,265,MoveLeft,2410,265,None
11590,1183,265,MoveLeft,2410,265,None
11591,1176,265,MoveLeft,2410,265,None
11592,1169,265,MoveLeft,2410,265,None
11593,1162,265,MoveLeft,2410,265,None
11620,1162,265,None,2410,265,Serve
11620,1162,265,None,2410,265,None
11639,1162,265,None,2410,265,None
11640,1162,265,None,2403,265,MoveLeft
11641,1162,265,None,2396,265,MoveLeft
11642,1162,265,None,2389,265,MoveLeft
11643,1162,265,None,2382,265,MoveLeft
11644,1162,265,None,2375,265,MoveLeft
11645,1162,265,None,2368,265,MoveLeft
11646,1162,265,None,2361,265,MoveLeft
11647,1162,265,None,2354,265,MoveLeft
11648,1162,265,None,2347,265,MoveLeft
11649,1162,265,None,2340,265,MoveLeft
11650,1162,265,None,2333,265,MoveLeft
11651,1162,265,None,2326,265,MoveLeft
11652,1162,265,None,2319,265,MoveLeft
11653,1162,265,None,2312,265,MoveLeft
11654,1162,265,None,2305,265,MoveLeft
11655,1162,265,None,2298,265,MoveLeft
11656,1162,265,None,2291,265,MoveLeft
11657,1162,265,None,2284,265,MoveLeft
11658,1162,265,None,2277,265,MoveLeft
11659,1162,265,None,2270,265,MoveLeft
11660,1162,265,None,2263,265,MoveLeft
11661,1162,265,None,2256,265,MoveLeft
11662,1162,265,None,2249,265,MoveLeft
11663,1162,265,None,2242,265,MoveLeft
11664,1162,265,None,2235,265,MoveLeft
11665,1162,265,None,2228,265,MoveLeft
11666,1162,265,None,2221,265,MoveLeft
11667,1162,265,None,2214,265,MoveLeft
11668,1162,265,None,2207,265,MoveLeft
11669,1162,265,None,2207,265,None
11669,1162,265,None,2200,265,MoveLeft
11670,1162,265,None,2193,265,MoveLeft
11671,1162,265,None,2186,265,MoveLeft
11672,1162,265,None,2179,265,MoveLeft
11673,1155,265,MoveLeft,2179,265,None
11673,1155,265,None,2172,265,MoveLeft
11674,1148,265,MoveLeft,2172,265,None
11674,1148,265,None,2165,265,MoveLeft
11675,1141,265,MoveLeft,2165,265,None
11675,1141,265,None,2158,265,MoveLeft
11676,1134,265,MoveLeft,2158,265,None
11676,1134,265,None,2151,265,MoveLeft
11677,1127,265,MoveLeft,2151,265,None
11677,1127,265,None,2144,265,MoveLeft
11678,1120,265,MoveLeft,2144,265,None
11678,1120,265,None,2137,265,MoveLeft
11679,1113,265,MoveLeft,2137,265,None
11679,1113,265,None,2130,265,MoveLeft
11680,1106,265,MoveLeft,2130,265,None
11680,1106,265,None,2123,265,MoveLeft
11681,1099,265,MoveLeft,2123,265,None
11681,1099,265,None,2116,265,MoveLeft
11682,1092,265,MoveLeft,2116,265,None
11682,1092,265,None,2109,265,MoveLeft
11683,1085,265,MoveLeft,2109,265,None
11683,1085,265,None,2102,265,MoveLeft
11684,1078,265,MoveLeft,2102,265,None
11684,1078,265,None,2095,265,MoveLeft
11685,1071,265,MoveLeft,2095,265,None
11685,1071,265,None,2088,265,MoveLeft
11686,1064,265,MoveLeft,2088,265,None
11686,1064,265,None,2081,265,MoveLeft
11687,1057,265,MoveLeft,2081,265,None
11687,1057,265,None,2074,265,MoveLeft
11688,1050,265,MoveLeft,2074,265,None
11688,1050,265,None,2067,265,MoveLeft
11689,1043,265,MoveLeft,2067,265,None
11689,1043,265,None,2060,265,MoveLeft
11690,1036,265,MoveLeft,2060,265,None
11690,1036,265,None,2053,265,MoveLeft
11691,1029,265,MoveLeft,2053,265,None
11691,1029,265,None,2046,265,MoveLeft
11692,1022,265,MoveLeft,2046,265,None
11692,1022,265,None,2039,265,MoveLeft
11693,1015,265,MoveLeft,2039,265,None
11693,1015,265,None,2032,265,MoveLeft
11694,1008,265,MoveLeft,2032,265,None
11694,1008,265,None,2025,265,MoveLeft
11695,1001,265,MoveLeft,2025,265,None
11695,1001,265,None,2018,265,MoveLeft
11696,994,265,MoveLeft,2018,265,None
11696,994,265,None,2011,265,MoveLeft
11697,1323,265,MoveLeft,2410,265,None
11698,1316,265,MoveLeft,2410,265,None
11699,1309,265,MoveLeft,2410,265,None
11700,1302,265,MoveLeft,2410,265,None
11701,1295,265,MoveLeft,2410,265,None
11702,1288,265,MoveLeft,2410,265,None
11703,1281,265,MoveLeft,2410,265,None
11704,1274,265,MoveLeft,2410,265,None
11705,1267,265,MoveLeft,2410,265,None
11706,1260,265,MoveLeft,2410,265,None
11707,1253,265,MoveLeft,2410,265,None
11708,1246,265,MoveLeft,2410,265,None
11709,1239,265,MoveLeft,2410,265,None
11710,1232,265,MoveLeft,2410,265,None
11711,1225,265,MoveLeft,2410,265,None
11712,1218,265,MoveLeft,2410,265,None
11713,1211,265,MoveLeft,2410,265,None
11714,1204,265,MoveLeft,2410,265,None
11715,1197,265,MoveLeft,2410,265,None
11716,1190,265,MoveLeft,2410,265,None
11717,1183,265,MoveLeft,2410,265,None
11718,1176,265,MoveLeft,2410,265,None
11719,1169,265,MoveLeft,2410,265,None
11720,1162,265,MoveLeft,2410,265,None
11721,1155,265,MoveLeft,2410,265,None
11722,1148,265,MoveLeft,2410,265,None
11723,1141,265,MoveLeft,2410,265,None
11724,1134,265,MoveLeft,2410,265,None
11725,1127,265,MoveLeft,2410,265,None
11726,1120,265,MoveLeft,2410,265,None
11727,1113,265,MoveLeft,2410,265,None
11728,1106,265,MoveLeft,2410,265,None
11729,1099,265,MoveLeft,2410,265,None
11730,1092,265,MoveLeft,2410,265,None
11731,1085,265,MoveLeft,2410,265,None
11732,1078,265,MoveLeft,2410,265,None
11733,1071,265,MoveLeft,2410,265,None
11734,1064,265,MoveLeft,2410,265,None
11735,1057,265,MoveLeft,2410,265,None
11736,1050,265,MoveLeft,2410,265,None
11737,1043,265,MoveLeft,2410,265,None
11738,1036,265,MoveLeft,2410,265,None
11739,1029,265,MoveLeft,2410,265,None
11740,1022,265,MoveLeft,2410,265,None
11741,1015,265,MoveLeft,2410,265,None
11742,1008,265,MoveLeft,2410,265,None
11743,1001,265,MoveLeft,2410,265,None
11744,994,265,MoveLeft,2410,265,None
11745,987,265,MoveLeft,2410,265,None
11746,980,265,MoveLeft,2410,265,None
11747,980,265,None,2410,265,Serve
11747,973,265,MoveLeft,2410,265,None
11747,973,265,None,2410,265,None
11748,966,265,MoveLeft,2410,265,None
11749,959,265,MoveLeft,2410,265,None
11750,952,265,MoveLeft,2410,265,None
11751,945,265,MoveLeft,2410,265,None
11752,938,265,MoveLeft,2410,265,None
11753,931,265,MoveLeft,2410,265,None
11754,924,265,MoveLeft,2410,265,None
11755,917,265,MoveLeft,2410,265,None
11756,910,265,MoveLeft,2410,265,None
11757,903,265,MoveLeft,2410,265,None
11758,896,265,MoveLeft,2410,265,None
11759,889,265,MoveLeft,2410,265,None
11760,882,265,MoveLeft,2410,265,None
11761,875,265,MoveLeft,2410,265,None
11762,875,265,None,2410,265,None
11763,875,265,None,2410,265,None
11764,875,265,None,2410,265,None
11765,875,265,None,2410,265,None
11766,875,265,None,2410,265,None
11766,875,265,None,2403,265,MoveLeft
11767,875,265,None,2403,265,None
11767,875,265,None,2396,265,MoveLeft
11768,875,265,None,2396,265,None
11768,875,265,None,2389,265,MoveLeft
11769,875,265,None,2389,265,None
11769,875,265,None,2382,265,MoveLeft
11770,875,265,None,2382,265,None
11770,875,265,None,2375,265,MoveLeft
11771,875,265,None,2375,265,None
11771,875,265,None,2368,265,MoveLeft
11772,875,265,None,2368,265,None
11772,875,265,None,2361,265,MoveLeft
11773,875,265,None,2361,265,None
11773,875,265,None,2354,265,MoveLeft
11774,875,265,None,2354,265,None
11774,875,265,None,2347,265,MoveLeft
11775,875,265,None,2347,265,None
11775,875,265,None,2340,265,MoveLeft
11776,875,265,None,2340,265,None
11776,875,265,None,2333,265,MoveLeft
11777,875,265,None,2326,265,MoveLeft
11778,875,265,None,2319,265,MoveLeft
11779,875,265,None,2312,265,MoveLeft
11780,875,265,None,2305,265,MoveLeft
11781,875,265,None,2298,265,MoveLeft
11782,882,265,MoveRight,2298,265,None
11782,882,265,None,2291,265,MoveLeft
11783,889,265,MoveRight,2291,265,None
11783,889,265,None,2284,265,MoveLeft
11784,896,265,MoveRight,2284,265,None
11784,896,265,None,2277,265,MoveLeft
11785,903,265,MoveRight,2277,265,None
11785,903,265,None,2270,265,MoveLeft
11786,910,265,MoveRight,2270,265,None
11786,910,265,None,2263,265,MoveLeft
11787,917,265,MoveRight,2263,265,None
11787,917,265,None,2256,265,MoveLeft
11788,924,265,MoveRight,2256,265,None
11788,924,265,None,2249,265,MoveLeft
11789,931,265,MoveRight,2249,265,None
11789,931,265,None,2242,265,MoveLeft
11790,938,265,MoveRight,2242,265,None
11790,938,265,None,2235,265,MoveLeft
11791,945,265,MoveRight,2235,265,None
11791,945,265,None,2228,265,MoveLeft
11792,952,265,MoveRight,2228,265,None
11792,952,265,None,2221,265,MoveLeft
11793,959,265,MoveRight,2221,265,None
11793,959,265,None,2214,265,MoveLeft
11794,966,265,MoveRight,2214,265,None
11794,966,265,None,2207,265,MoveLeft
11795,973,265,MoveRight,2207,265,None
11795,973,265,None,2200,265,MoveLeft
11796,980,265,MoveRight,2200,265,None
11796,980,265,None,2193,265,MoveLeft
11797,987,265,MoveRight,2193,265,None
11797,987,265,None,2186,265,MoveLeft
11798,987,265,None,2179,265,MoveLeft
11799,987,265,None,2172,265,MoveLeft
11800,987,265,None,2165,265,MoveLeft
11801,987,265,None,2158,265,MoveLeft
11802,987,265,None,2151,265,MoveLeft
11803,987,265,None,2144,265,MoveLeft
11804,987,265,None,2137,265,MoveLeft
11805,987,265,None,2130,265,MoveLeft
11806,987,265,None,2123,265,MoveLeft
11807,987,265,None,2116,265,MoveLeft
11808,987,265,None,2109,265,MoveLeft
11809,987,265,None,2102,265,MoveLeft
11810,987,265,None,2095,265,MoveLeft
11811,980,265,MoveLeft,2095,265,None
11811,980,265,None,2088,265,MoveLeft
11812,973,265,MoveLeft,2088,265,None
11812,973,265,None,2081,265,MoveLeft
11813,966,265,MoveLeft,2081,265,None
11813,966,265,None,2074,265,MoveLeft
11814,959,265,MoveLeft,2074,265,None
11814,959,265,None,2067,265,MoveLeft
11815,952,265,MoveLeft,2067,265,None
11815,952,265,None,2060,265,MoveLeft
11816,945,265,MoveLeft,2060,265,None
11816,945,265,None,2053,265,MoveLeft
11817,945,265,Bump,2053,265,None
11817,938,265,MoveLeft,2053,265,None
11817,938,265,None,2046,265,MoveLeft
11818,938,265,None,2039,265,MoveLeft
11819,938,265,None,2032,265,MoveLeft
11820,938,265,None,2025,265,MoveLeft
11821,938,265,None,2018,265,MoveLeft
11822,938,265,None,2011,265,MoveLeft
11823,938,265,None,2004,265,MoveLeft
11824,938,265,None,1997,265,MoveLeft
11825,938,265,None,1990,265,MoveLeft
11826,938,265,None,1983,265,MoveLeft
11827,938,265,None,1976,265,MoveLeft
11828,938,265,None,1969,265,MoveLeft
11829,938,265,None,1962,265,MoveLeft
11830,938,265,None,1955,265,MoveLeft
11831,938,265,None,1948,265,MoveLeft
11832,938,265,None,1941,265,MoveLeft
11833,938,265,None,1934,265,MoveLeft
11834,938,265,None,1927,265,MoveLeft
11835,938,265,None,1920,265,MoveLeft
11836,938,265,None,1913,265,MoveLeft
11837,945,265,MoveRight,1913,265,None
11837,945,265,None,1906,265,MoveLeft
11838,945,265,None,1899,265,MoveLeft
11839,952,265,MoveRight,1899,265,None
11839,952,265,None,1892,265,MoveLeft
11840,959,265,MoveRight,1892,265,None
11840,959,265,None,1885,265,MoveLeft
11841,966,265,MoveRight,1885,265,None
11841,966,265,None,1878,265,MoveLeft
11842,973,265,MoveRight,1878,265,None
11842,973,265,None,1871,265,MoveLeft
11843,980,265,MoveRight,1871,265,None
11843,980,265,None,1864,265,MoveLeft
11844,987,265,MoveRight,1864,265,None
11844,987,265,None,1857,265,MoveLeft
11845,994,265,MoveRight,1857,265,None
11845,994,265,None,1850,265,MoveLeft
11846,1001,265,MoveRight,1850,265,None
11846,1001,265,None,1843,265,MoveLeft
11847,1008,265,MoveRight,1843,265,None
11847,1008,265,None,1836,265,MoveLeft
11848,1015,265,MoveRight,1836,265,None
11848,1015,265,None,1829,265,MoveLeft
11849,1022,265,MoveRight,1829,265,None
11849,1022,265,None,1822,265,MoveLeft
11850,1029,265,MoveRight,1822,265,None
11850,1029,265,None,1815,265,MoveLeft
11851,1036,265,MoveRight,1815,265,None
11851,1036,265,None,1808,265,MoveLeft
11852,1043,265,MoveRight,1808,265,None
11852,1043,265,None,1801,265,MoveLeft
11853,1050,265,MoveRight,1801,265,None
11853,1050,265,None,1794,265,MoveLeft
11854,1057,265,MoveRight,1794,265,None
11854,1057,265,None,1787,265,MoveLeft
11855,1064,265,MoveRight,1787,265,None
11855,1064,265,None,1780,265,MoveLeft
11856,1071,265,MoveRight,1780,265,None
11856,1071,265,None,1773,265,MoveLeft
11857,1078,265,MoveRight,1773,265,None
11857,1078,265,None,1766,265,MoveLeft
11858,1085,265,MoveRight,1766,265,None
11858,1085,265,None,1759,265,MoveLeft
11859,1092,265,MoveRight,1759,265,None
11859,1092,265,None,1752,265,MoveLeft
11860,1099,265,MoveRight,1752,265,None
11860,1099,265,None,1745,265,MoveLeft
11861,1106,265,MoveRight,1745,265,None
11861,1106,265,None,1738,265,MoveLeft
11862,1113,265,MoveRight,1738,265,None
11862,1113,265,None,1731,265,MoveLeft
11863,1120,265,MoveRight,1731,265,None
11863,1120,265,None,1724,265,MoveLeft
11864,1127,265,MoveRight,1724,265,None
11864,1127,265,None,1717,265,MoveLeft
11865,1134,265,MoveRight,1717,265,None
11865,1134,265,None,1710,265,MoveLeft
11866,1141,265,MoveRight,1710,265,None
11866,1141,265,None,1703,265,MoveLeft
11867,1148,265,MoveRight,1703,265,None
11867,1148,265,None,1696,265,MoveLeft
11868,1155,265,MoveRight,1696,265,None
11868,1155,265,None,1689,265,MoveLeft
11869,1162,265,MoveRight,1689,265,None
11869,1162,265,None,1682,265,MoveLeft
11870,1169,265,MoveRight,1682,265,None
11870,1169,265,None,1675,265,MoveLeft
11871,1176,265,MoveRight,1675,265,None
11871,1176,265,None,1668,265,MoveLeft
11872,1183,265,MoveRight,1668,265,None
11872,1183,265,None,1661,265,MoveLeft
11873,1190,265,MoveRight,1661,265,None
11873,1190,265,None,1654,265,MoveLeft
11874,1197,265,MoveRight,1654,265,None
11874,1197,265,None,1647,265,MoveLeft
11875,1204,265,MoveRight,1647,265,None
11875,1204,265,None,1640,265,MoveLeft
11876,1211,265,MoveRight,1640,265,None
11876,1211,265,None,1633,265,MoveLeft
11877,1218,265,MoveRight,1633,265,None
11877,1218,265,None,1626,265,MoveLeft
11878,1225,265,MoveRight,1626,265,None
11878,1225,265,None,1619,265,MoveLeft
11879,1232,265,MoveRight,1619,265,None
11879,1232,265,None,1612,265,MoveLeft
11880,1239,265,MoveRight,1612,265,None
11880,1239,265,None,1605,265,MoveLeft
11881,1246,265,MoveRight,1605,265,None
11881,1246,265,None,1598,265,MoveLeft
11882,1253,265,MoveRight,1598,265,None
11882,1253,265,None,1591,265,MoveLeft
11883,1260,265,MoveRight,1591,265,None
11883,1260,265,None,1584,265,MoveLeft
11884,1267,265,MoveRight,1584,265,None
11884,1267,265,None,1577,265,MoveLeft
11885,1267,265,None,1570,265,MoveLeft
11886,1267,265,None,1563,265,MoveLeft
11887,1267,265,None,1556,265,MoveLeft
11888,1267,265,None,1549,265,MoveLeft
11889,1267,265,None,1542,265,MoveLeft
11890,1267,265,None,1535,265,MoveLeft
11891,1267,265,None,1528,265,MoveLeft
11892,1267,265,None,1521,265,MoveLeft
11893,1267,265,None,1514,265,MoveLeft
11894,1267,265,None,1507,265,MoveLeft
11895,1267,265,None,1500,265,MoveLeft
11896,1267,265,None,1493,265,MoveLeft
11897,1267,265,None,1486,265,MoveLeft
11898,1260,265,MoveLeft,1486,265,None
11898,1260,265,None,1479,265,MoveLeft
11899,1253,265,MoveLeft,1479,265,None
11900,1246,265,MoveLeft,1479,265,None
11901,1239,265,MoveLeft,1479,265,None
11902,1232,265,MoveLeft,1479,265,None
11903,1225,265,MoveLeft,1479,265,None
11904,1218,265,MoveLeft,1479,265,None
11905,1211,265,MoveLeft,1479,265,None
11916,1211,265,None,1479,265,SpikeLight
11916,1211,265,None,1479,265,None
11919,1211,284.62,None,1479,265,None
11927,1211,372.91,None,1486,265,MoveRight
11928,1211,382.72,None,1493,265,MoveRight
11929,1211,392.53,None,1500,265,MoveRight
11930,1211,402.34,None,1507,265,MoveRight
11931,1211,412.15,None,1514,265,MoveRight
11932,1211,421.96,None,1521,265,MoveRight
11933,1211,431.77,None,1528,265,MoveRight
11934,1211,441.58,None,1535,265,MoveRight
11935,1211,451.39,None,1542,265,MoveRight
11936,1211,461.2,None,1549,265,MoveRight
11937,1211,471.01,None,1556,265,MoveRight
11938,1211,480.82,None,1563,265,MoveRight
11939,1211,490.63,None,1570,265,MoveRight
11940,1211,500.44,None,1577,265,MoveRight
11941,1211,510.25,None,1584,265,MoveRight
11942,1211,520.06,None,1591,265,MoveRight
11943,1211,529.87,None,1598,265,MoveRight
11944,1211,539.68,None,1605,265,MoveRight
11945,1211,549.49,None,1612,265,MoveRight
11946,1211,559.3,None,1619,265,MoveRight
11947,1211,569.11,None,1626,265,MoveRight
11948,1211,578.92,None,1633,265,MoveRight
11949,1211,569.11,None,1640,265,MoveRight
11950,1211,559.3,None,1647,265,MoveRight
11951,1211,549.49,None,1654,265,MoveRight
11952,1211,539.68,None,1661,265,MoveRight
11953,1211,529.87,None,1668,265,MoveRight
11954,1207.5,520.06,MoveLeft,1668,265,None
11954,1207.5,520.06,None,1675,265,MoveRight
11955,1204,510.25,MoveLeft,1675,265,None
11955,1204,510.25,None,1682,265,MoveRight
11956,1200.5,500.44,MoveLeft,1682,265,None
11956,1200.5,500.44,None,1689,265,MoveRight
11957,1197,490.63,MoveLeft,1689,265,None
11957,1197,490.63,None,1696,265,MoveRight
11958,1193.5,480.82,MoveLeft,1696,265,None
11958,1193.5,480.82,None,1703,265,MoveRight
11959,1190,471.01,MoveLeft,1703,265,None
11959,1190,471.01,None,1710,265,MoveRight
11960,1186.5,461.2,MoveLeft,1710,265,None
11960,1186.5,461.2,None,1717,265,MoveRight
11961,1183,451.39,MoveLeft,1717,265,None
11961,1183,451.39,None,1724,265,MoveRight
11962,1179.5,441.58,MoveLeft,1724,265,None
11962,1179.5,441.58,None,1724,265,None
11963,1176,431.77,MoveLeft,1724,265,None
11963,1176,431.77,None,1724,265,None
11964,1176,421.96,Spike,1724,265,None
11964,1176,421.96,None,1724,265,None
11964,1176,421.96,None,1724,265,None
