Frame,PlayerPosX,PlayerPosY,PlayerEvent,BotPosX,BotPosY,BotEvent
1,970,265,None,1843,265,MoveLeft
2,970,265,None,1836,265,MoveLeft
3,970,265,None,1829,265,MoveLeft
4,970,265,None,1822,265,MoveLeft
5,970,265,None,1815,265,MoveLeft
6,970,265,None,1808,265,MoveLeft
7,970,265,None,1801,265,MoveLeft
8,970,265,None,1794,265,MoveLeft
9,970,265,None,1787,265,MoveLeft
10,970,265,None,1780,265,MoveLeft
11,970,265,None,1773,265,MoveLeft
12,970,265,None,1766,265,MoveLeft
13,970,265,None,1759,265,MoveLeft
14,970,265,None,1752,265,MoveLeft
15,970,265,None,1745,265,MoveLeft
16,970,265,None,1738,265,MoveLeft
17,970,265,None,1731,265,MoveLeft
122,977,265,MoveRight,1731,265,None
123,984,265,MoveRight,1731,265,None
124,991,265,MoveRight,1731,265,None
125,998,265,MoveRight,1731,265,None
126,1005,265,MoveRight,1731,265,None
127,1012,265,MoveRight,1731,265,None
128,1019,265,MoveRight,1731,265,None
130,1012,265,MoveLeft,1731,265,None
131,1005,265,MoveLeft,1731,265,None
132,998,265,MoveLeft,1731,265,None
133,991,265,MoveLeft,1731,265,None
134,984,265,MoveLeft,1731,265,None
135,977,265,MoveLeft,1731,265,None
136,970,265,MoveLeft,1731,265,None
137,963,265,MoveLeft,1731,265,None
142,970,265,MoveRight,1731,265,None
143,977,265,MoveRight,1731,265,None
144,984,265,MoveRight,1731,265,None
145,991,265,MoveRight,1731,265,None
147,984,265,MoveLeft,1731,265,None
148,977,265,MoveLeft,1731,265,None
149,970,265,MoveLeft,1731,265,None
150,963,265,MoveLeft,1731,265,None
151,956,265,MoveLeft,1731,265,None
152,949,265,MoveLeft,1731,265,None
153,942,265,MoveLeft,1731,265,None
165,935,265,MoveLeft,1731,265,None
166,928,265,MoveLeft,1731,265,None
167,921,265,MoveLeft,1731,265,None
168,914,265,MoveLeft,1731,265,None
171,921,265,MoveRight,1731,265,None
172,928,265,MoveRight,1731,265,None
173,935,265,MoveRight,1731,265,None
174,942,265,MoveRight,1731,265,None
175,949,265,MoveRight,1731,265,None
176,956,265,MoveRight,1731,265,None
177,963,265,MoveRight,1731,265,None
178,970,265,MoveRight,1731,265,None
179,977,265,MoveRight,1731,265,None
180,984,265,MoveRight,1731,265,None
181,991,265,MoveRight,1731,265,None
182,998,265,MoveRight,1731,265,None
183,1005,265,MoveRight,1731,265,None
184,1012,265,MoveRight,1731,265,None
236,1012,284.62,None,1731,265,None
315,1005,265,MoveLeft,1731,265,None
316,998,265,MoveLeft,1731,265,None
317,991,265,MoveLeft,1731,265,None
318,984,265,MoveLeft,1731,265,None
319,977,265,MoveLeft,1731,265,None
320,970,265,MoveLeft,1731,265,None
321,963,265,MoveLeft,1731,265,None
322,956,265,MoveLeft,1731,265,None
323,949,265,MoveLeft,1731,265,None
328,956,265,MoveRight,1731,265,None
329,963,265,MoveRight,1731,265,None
330,970,265,MoveRight,1731,265,None
331,973.5,284.62,MoveRight,1731,265,None
332,977,304.24,MoveRight,1731,265,None
333,980.5,314.05,MoveRight,1731,265,None
334,984,323.86,MoveRight,1731,265,None
335,987.5,333.67,MoveRight,1731,265,None
336,991,343.48,MoveRight,1731,265,None
337,994.5,353.29,MoveRight,1731,265,None
338,998,363.1,MoveRight,1731,265,None
339,1001.5,372.91,MoveRight,1731,265,None
340,1005,382.72,MoveRight,1731,265,None
341,1008.5,392.53,MoveRight,1731,265,None
389,1012,294.43,MoveRight,1731,265,None
390,1015.5,284.62,MoveRight,1731,265,None
391,1019,274.81,MoveRight,1731,265,None
392,1026,265,MoveRight,1731,265,None
393,1033,265,MoveRight,1731,265,None
394,1040,265,MoveRight,1731,265,None
395,1047,265,MoveRight,1731,265,None
396,1050.5,284.62,MoveRight,1731,265,None
397,1054,304.24,MoveRight,1731,265,None
398,1057.5,314.05,MoveRight,1731,265,None
399,1061,323.86,MoveRight,1731,265,None
400,1064.5,333.67,MoveRight,1731,265,None
401,1068,343.48,MoveRight,1731,265,None
402,1071.5,353.29,MoveRight,1731,265,None
403,1075,363.1,MoveRight,1731,265,None
404,1078.5,372.91,MoveRight,1731,265,None
405,1082,382.72,MoveRight,1731,265,None
406,1085.5,392.53,MoveRight,1731,265,None
407,1089,402.34,MoveRight,1731,265,None
446,1085.5,372.91,MoveLeft,1731,265,None
447,1082,363.1,MoveLeft,1731,265,None
448,1078.5,353.29,MoveLeft,1731,265,None
449,1075,343.48,MoveLeft,1731,265,None
450,1071.5,333.67,MoveLeft,1731,265,None
451,1068,323.86,MoveLeft,1731,265,None
452,1064.5,314.05,MoveLeft,1731,265,None
453,1061,304.24,MoveLeft,1731,265,None
454,1057.5,294.43,MoveLeft,1731,265,None
455,1054,284.62,MoveLeft,1731,265,None
456,1050.5,274.81,MoveLeft,1731,265,None
457,1043.5,265,MoveLeft,1731,265,None
458,1036.5,265,MoveLeft,1731,265,None
459,1029.5,265,MoveLeft,1731,265,None
460,1022.5,265,MoveLeft,1731,265,None
461,1015.5,265,MoveLeft,1731,265,None
462,1008.5,265,MoveLeft,1731,265,None
463,1001.5,265,MoveLeft,1731,265,None
464,994.5,265,MoveLeft,1731,265,None
465,987.5,265,MoveLeft,1731,265,None
466,980.5,265,MoveLeft,1731,265,None
472,980.5,284.62,None,1731,265,None
479,984,363.1,MoveRight,1731,265,None
480,987.5,372.91,MoveRight,1731,265,None
481,991,382.72,MoveRight,1731,265,None
482,994.5,392.53,MoveRight,1731,265,None
483,998,402.34,MoveRight,1731,265,None
484,1001.5,412.15,MoveRight,1731,265,None
485,1005,421.96,MoveRight,1731,265,None
486,1008.5,431.77,MoveRight,1731,265,None
487,1012,441.58,MoveRight,1731,265,None
488,1015.5,451.39,MoveRight,1731,265,None
489,1019,461.2,MoveRight,1731,265,None
490,1022.5,471.01,MoveRight,1731,265,None
494,1019,510.25,MoveLeft,1731,265,None
495,1015.5,520.06,MoveLeft,1731,265,None
496,1012,529.87,MoveLeft,1731,265,None
497,1008.5,539.68,MoveLeft,1731,265,None
498,1005,549.49,MoveLeft,1731,265,None
499,1001.5,559.3,MoveLeft,1731,265,None
500,998,569.11,MoveLeft,1731,265,None
501,994.5,578.92,MoveLeft,1731,265,None
502,991,569.11,MoveLeft,1731,265,None
503,987.5,559.3,MoveLeft,1731,265,None
504,984,549.49,MoveLeft,1731,265,None
505,980.5,539.68,MoveLeft,1731,265,None
506,977,529.87,MoveLeft,1731,265,None
507,973.5,520.06,MoveLeft,1731,265,None
508,970,510.25,MoveLeft,1731,265,None
518,973.5,412.15,MoveRight,1731,265,None
519,977,402.34,MoveRight,1731,265,None
520,980.5,392.53,MoveRight,1731,265,None
521,984,382.72,MoveRight,1731,265,None
522,987.5,372.91,MoveRight,1731,265,None
523,991,363.1,MoveRight,1731,265,None
524,994.5,353.29,MoveRight,1731,265,None
525,998,343.48,MoveRight,1731,265,None
526,1001.5,333.67,MoveRight,1731,265,None
527,1005,323.86,MoveRight,1731,265,None
528,1008.5,314.05,MoveRight,1731,265,None
529,1012,304.24,MoveRight,1731,265,None
530,1015.5,294.43,MoveRight,1731,265,None
531,1019,284.62,MoveRight,1731,265,None
532,1022.5,274.81,MoveRight,1731,265,None
533,1029.5,265,MoveRight,1731,265,None
534,1036.5,265,MoveRight,1731,265,None
543,1043.5,265,MoveRight,1731,265,None
544,1050.5,265,MoveRight,1731,265,None
545,1057.5,265,MoveRight,1731,265,None
546,1064.5,265,MoveRight,1731,265,None
547,1071.5,265,MoveRight,1731,265,None
548,1078.5,265,MoveRight,1731,265,None
549,1085.5,265,MoveRight,1731,265,None
550,1092.5,265,MoveRight,1731,265,None
551,1099.5,265,MoveRight,1731,265,None
552,1106.5,265,MoveRight,1731,265,None
553,1113.5,265,MoveRight,1731,265,None
554,1120.5,265,MoveRight,1731,265,None
555,1127.5,265,MoveRight,1731,265,None
556,1134.5,265,MoveRight,1731,265,None
557,1141.5,265,MoveRight,1731,265,None
558,1148.5,265,MoveRight,1731,265,None
559,1152,284.62,MoveRight,1731,265,None
560,1155.5,304.24,MoveRight,1731,265,None
561,1159,314.05,MoveRight,1731,265,None
562,1162.5,323.86,MoveRight,1731,265,None
563,1166,333.67,MoveRight,1731,265,None
564,1169.5,343.48,MoveRight,1731,265,None
565,1173,353.29,MoveRight,1731,265,None
566,1176.5,363.1,MoveRight,1731,265,None
567,1180,372.91,MoveRight,1731,265,None
568,1183.5,382.72,MoveRight,1731,265,None
569,1187,392.53,MoveRight,1731,265,None
570,1190.5,402.34,MoveRight,1731,265,None
575,1187,451.39,MoveLeft,1731,265,None
576,1183.5,461.2,MoveLeft,1731,265,None
577,1180,471.01,MoveLeft,1731,265,None
578,1176.5,480.82,MoveLeft,1731,265,None
579,1173,490.63,MoveLeft,1731,265,None
580,1169.5,500.44,MoveLeft,1731,265,None
581,1166,510.25,MoveLeft,1731,265,None
582,1162.5,520.06,MoveLeft,1731,265,None
583,1159,529.87,MoveLeft,1731,265,None
584,1155.5,539.68,MoveLeft,1731,265,None
585,1152,549.49,MoveLeft,1731,265,None
586,1148.5,559.3,MoveLeft,1731,265,None
587,1145,569.11,MoveLeft,1731,265,None
588,1141.5,578.92,MoveLeft,1731,265,None
589,1138,569.11,MoveLeft,1731,265,None
590,1134.5,559.3,MoveLeft,1731,265,None
591,1131,549.49,MoveLeft,1731,265,None
592,1127.5,539.68,MoveLeft,1731,265,None
593,1124,529.87,MoveLeft,1731,265,None
594,1120.5,520.06,MoveLeft,1731,265,None
595,1117,510.25,MoveLeft,1731,265,None
596,1113.5,500.44,MoveLeft,1731,265,None
597,1110,490.63,MoveLeft,1731,265,None
598,1106.5,480.82,MoveLeft,1731,265,None
599,1103,471.01,MoveLeft,1731,265,None
600,1099.5,461.2,MoveLeft,1731,265,None
601,1096,451.39,MoveLeft,1731,265,None
602,1092.5,441.58,MoveLeft,1731,265,None
603,1089,431.77,MoveLeft,1731,265,None
604,1085.5,421.96,MoveLeft,1731,265,None
605,1082,412.15,MoveLeft,1731,265,None
606,1078.5,402.34,MoveLeft,1731,265,None
607,1075,392.53,MoveLeft,1731,265,None
608,1071.5,382.72,MoveLeft,1731,265,None
609,1068,372.91,MoveLeft,1731,265,None
610,1064.5,363.1,MoveLeft,1731,265,None
611,1061,353.29,MoveLeft,1731,265,None
623,1068,265,MoveRight,1731,265,None
624,1075,265,MoveRight,1731,265,None
625,1082,265,MoveRight,1731,265,None
626,1089,265,MoveRight,1731,265,None
627,1096,265,MoveRight,1731,265,None
628,1103,265,MoveRight,1731,265,None
629,1110,265,MoveRight,1731,265,None
630,1117,265,MoveRight,1731,265,None
631,1124,265,MoveRight,1731,265,None
632,1131,265,MoveRight,1731,265,None
633,1138,265,MoveRight,1731,265,None
661,1131,265,MoveLeft,1731,265,None
662,1124,265,MoveLeft,1731,265,None
663,1117,265,MoveLeft,1731,265,None
664,1110,265,MoveLeft,1731,265,None
665,1103,265,MoveLeft,1731,265,None
666,1096,265,MoveLeft,1731,265,None
667,1089,265,MoveLeft,1731,265,None
668,1082,265,MoveLeft,1731,265,None
669,1075,265,MoveLeft,1731,265,None
670,1068,265,MoveLeft,1731,265,None
671,1061,265,MoveLeft,1731,265,None
781,1054,265,MoveLeft,1731,265,None
782,1047,265,MoveLeft,1731,265,None
783,1040,265,MoveLeft,1731,265,None
784,1033,265,MoveLeft,1731,265,None
785,1026,265,MoveLeft,1731,265,None
786,1019,265,MoveLeft,1731,265,None
787,1012,265,MoveLeft,1731,265,None
788,1005,265,MoveLeft,1731,265,None
789,998,265,MoveLeft,1731,265,None
790,991,265,MoveLeft,1731,265,None
791,984,265,MoveLeft,1731,265,None
792,977,265,MoveLeft,1731,265,None
793,970,265,MoveLeft,1731,265,None
794,963,265,MoveLeft,1731,265,None
795,956,265,MoveLeft,1731,265,None
796,949,265,MoveLeft,1731,265,None
797,942,265,MoveLeft,1731,265,None
798,935,265,MoveLeft,1731,265,None
799,928,265,MoveLeft,1731,265,None
800,921,265,MoveLeft,1731,265,None
801,914,265,MoveLeft,1731,265,None
802,907,265,MoveLeft,1731,265,None
803,900,265,MoveLeft,1731,265,None
804,893,265,MoveLeft,1731,265,None
805,886,265,MoveLeft,1731,265,None
826,893,265,MoveRight,1731,265,None
827,900,265,MoveRight,1731,265,None
828,907,265,MoveRight,1731,265,None
829,914,265,MoveRight,1731,265,None
830,921,265,MoveRight,1731,265,None
831,928,265,MoveRight,1731,265,None
832,935,265,MoveRight,1731,265,None
833,942,265,MoveRight,1731,265,None
834,949,265,MoveRight,1731,265,None
835,956,265,MoveRight,1731,265,None
836,963,265,MoveRight,1731,265,None
837,970,265,MoveRight,1731,265,None
838,977,265,MoveRight,1731,265,None
839,984,265,MoveRight,1731,265,None
840,991,265,MoveRight,1731,265,None
841,998,265,MoveRight,1731,265,None
900,998,265,None,1731,265,None
913,998,265,None,1731,265,None
939,998,265,None,1731,265,None
1024,1005,265,MoveRight,1731,265,None
1025,1012,265,MoveRight,1731,265,None
1026,1019,265,MoveRight,1731,265,None
1027,1026,265,MoveRight,1731,265,None
1028,1033,265,MoveRight,1731,265,None
1029,1040,265,MoveRight,1731,265,None
1030,1047,265,MoveRight,1731,265,None
1031,1054,265,MoveRight,1731,265,None
1032,1061,265,MoveRight,1731,265,None
1033,1068,265,MoveRight,1731,265,None
1034,1075,265,MoveRight,1731,265,None
1035,1082,265,MoveRight,1731,265,None
1036,1089,265,MoveRight,1731,265,None
1050,1089,284.62,None,1731,265,None
1065,1089,441.58,None,1731,265,None
1081,1089,559.3,None,1731,265,None
1132,1082,265,MoveLeft,1731,265,None
1133,1075,265,MoveLeft,1731,265,None
1134,1068,265,MoveLeft,1731,265,None
1135,1061,265,MoveLeft,1731,265,None
1136,1054,265,MoveLeft,1731,265,None
1137,1047,265,MoveLeft,1731,265,None
1138,1040,265,MoveLeft,1731,265,None
1139,1033,265,MoveLeft,1731,265,None
1140,1026,265,MoveLeft,1731,265,None
1141,1019,265,MoveLeft,1731,265,None
1142,1012,265,MoveLeft,1731,265,None
1143,1005,265,MoveLeft,1731,265,None
1144,998,265,MoveLeft,1731,265,None
1145,991,265,MoveLeft,1731,265,None
1146,984,265,MoveLeft,1731,265,None
1147,977,265,MoveLeft,1731,265,None
1148,970,265,MoveLeft,1731,265,None
1149,963,265,MoveLeft,1731,265,None
1150,956,265,MoveLeft,1731,265,None
1151,949,265,MoveLeft,1731,265,None
1152,942,265,MoveLeft,1731,265,None
1153,935,265,MoveLeft,1731,265,None
1154,928,265,MoveLeft,1731,265,None
1155,921,265,MoveLeft,1731,265,None
1156,914,265,MoveLeft,1731,265,None
1157,907,265,MoveLeft,1731,265,None
1158,900,265,MoveLeft,1731,265,None
1159,893,265,MoveLeft,1731,265,None
1160,886,265,MoveLeft,1731,265,None
1161,879,265,MoveLeft,1731,265,None
1162,872,265,MoveLeft,1731,265,None
1163,865,265,MoveLeft,1731,265,None
1164,858,265,MoveLeft,1731,265,None
1165,851,265,MoveLeft,1731,265,None
1166,844,265,MoveLeft,1731,265,None
1173,851,265,MoveRight,1731,265,None
1174,858,265,MoveRight,1731,265,None
1175,865,265,MoveRight,1731,265,None
1176,872,265,MoveRight,1731,265,None
1177,879,265,MoveRight,1731,265,None
1178,886,265,MoveRight,1731,265,None
1179,893,265,MoveRight,1731,265,None
1180,900,265,MoveRight,1731,265,None
1181,907,265,MoveRight,1731,265,None
1182,914,265,MoveRight,1731,265,None
1183,921,265,MoveRight,1731,265,None
1184,928,265,MoveRight,1731,265,None
1185,935,265,MoveRight,1731,265,None
1186,942,265,MoveRight,1731,265,None
1187,949,265,MoveRight,1731,265,None
1188,956,265,MoveRight,1731,265,None
1189,963,265,MoveRight,1731,265,None
1190,970,265,MoveRight,1731,265,None
1191,977,265,MoveRight,1731,265,None
1192,984,265,MoveRight,1731,265,None
1193,991,265,MoveRight,1731,265,None
1194,998,265,MoveRight,1731,265,None
1195,1005,265,MoveRight,1731,265,None
1196,1012,265,MoveRight,1731,265,None
1197,1019,265,MoveRight,1731,265,None
1198,1026,265,MoveRight,1731,265,None
1199,1033,265,MoveRight,1731,265,None
1200,1040,265,MoveRight,1731,265,None
1201,1047,265,MoveRight,1731,265,None
1202,1054,265,MoveRight,1731,265,None
1203,1061,265,MoveRight,1731,265,None
1204,1068,265,MoveRight,1731,265,None
1205,1075,265,MoveRight,1731,265,None
1206,1082,265,MoveRight,1731,265,None
1207,1089,265,MoveRight,1731,265,None
1208,1096,265,MoveRight,1731,265,None
1209,1103,265,MoveRight,1731,265,None
1313,1110,265,MoveRight,1731,265,None
1314,1117,265,MoveRight,1731,265,None
1315,1124,265,MoveRight,1731,265,None
1316,1131,265,MoveRight,1731,265,None
1317,1138,265,MoveRight,1731,265,None
1318,1145,265,MoveRight,1731,265,None
1319,1152,265,MoveRight,1731,265,None
1320,1159,265,MoveRight,1731,265,None
1321,1166,265,MoveRight,1731,265,None
1322,1173,265,MoveRight,1731,265,None
1323,1180,265,MoveRight,1731,265,None
1324,1187,265,MoveRight,1731,265,None
1325,1194,265,MoveRight,1731,265,None
1326,1201,265,MoveRight,1731,265,None
1327,1208,265,MoveRight,1731,265,None
1328,1215,265,MoveRight,1731,265,None
1329,1222,265,MoveRight,1731,265,None
1330,1229,265,MoveRight,1731,265,None
1331,1236,265,MoveRight,1731,265,None
1332,1243,265,MoveRight,1731,265,None
1333,1250,265,MoveRight,1731,265,None
1334,1257,265,MoveRight,1731,265,None
1362,1250,265,MoveLeft,1731,265,None
1363,1243,265,MoveLeft,1731,265,None
1364,1236,265,MoveLeft,1731,265,None
1365,1229,265,MoveLeft,1731,265,None
1366,1222,265,MoveLeft,1731,265,None
1367,1215,265,MoveLeft,1731,265,None
1368,1208,265,MoveLeft,1731,265,None
1369,1201,265,MoveLeft,1731,265,None
1370,1194,265,MoveLeft,1731,265,None
1371,1187,265,MoveLeft,1731,265,None
1372,1180,265,MoveLeft,1731,265,None
1373,1173,265,MoveLeft,1731,265,None
1374,1166,265,MoveLeft,1731,265,None
1375,1159,265,MoveLeft,1731,265,None
1376,1152,265,MoveLeft,1731,265,None
1377,1145,265,MoveLeft,1731,265,None
1378,1138,265,MoveLeft,1731,265,None
1379,1131,265,MoveLeft,1731,265,None
1380,1124,265,MoveLeft,1731,265,None
1381,1117,265,MoveLeft,1731,265,None
1382,1110,265,MoveLeft,1731,265,None
1383,1103,265,MoveLeft,1731,265,None
1384,1096,265,MoveLeft,1731,265,None
1385,1089,265,MoveLeft,1731,265,None
1386,1082,265,MoveLeft,1731,265,None
1387,1075,265,MoveLeft,1731,265,None
1388,1068,265,MoveLeft,1731,265,None
1389,1061,265,MoveLeft,1731,265,None
1390,1054,265,MoveLeft,1731,265,None
1391,1047,265,MoveLeft,1731,265,None
1392,1040,265,MoveLeft,1731,265,None
1393,1033,265,MoveLeft,1731,265,None
1394,1026,265,MoveLeft,1731,265,None
1395,1019,265,MoveLeft,1731,265,None
1396,1012,265,MoveLeft,1731,265,None
1477,1019,265,MoveRight,1731,265,None
1478,1026,265,MoveRight,1731,265,None
1479,1033,265,MoveRight,1731,265,None
1480,1040,265,MoveRight,1731,265,None
1481,1047,265,MoveRight,1731,265,None
1482,1054,265,MoveRight,1731,265,None
1483,1061,265,MoveRight,1731,265,None
1484,1068,265,MoveRight,1731,265,None
1485,1075,265,MoveRight,1731,265,None
1486,1082,265,MoveRight,1731,265,None
1487,1089,265,MoveRight,1731,265,None
1488,1096,265,MoveRight,1731,265,None
1489,1103,265,MoveRight,1731,265,None
1490,1110,265,MoveRight,1731,265,None
1491,1117,265,MoveRight,1731,265,None
1492,1124,265,MoveRight,1731,265,None
1493,1131,265,MoveRight,1731,265,None
1494,1138,265,MoveRight,1731,265,None
1495,1145,265,MoveRight,1731,265,None
1496,1152,265,MoveRight,1731,265,None
1497,1159,265,MoveRight,1731,265,None
1498,1166,265,MoveRight,1731,265,None
1499,1173,265,MoveRight,1731,265,None
1500,1180,265,MoveRight,1731,265,None
1501,1187,265,MoveRight,1731,265,None
1502,1194,265,MoveRight,1731,265,None
1503,1201,265,MoveRight,1731,265,None
1504,1208,265,MoveRight,1731,265,None
1505,1215,265,MoveRight,1731,265,None
1506,1222,265,MoveRight,1731,265,None
1507,1229,265,MoveRight,1731,265,None
1508,1236,265,MoveRight,1731,265,None
1509,1243,265,MoveRight,1731,265,None
1510,1250,265,MoveRight,1731,265,None
1511,1257,265,MoveRight,1731,265,None
1512,1264,265,MoveRight,1731,265,None
1513,1271,265,MoveRight,1731,265,None
1514,1278,265,MoveRight,1731,265,None
1515,1285,265,MoveRight,1731,265,None
1516,1292,265,MoveRight,1731,265,None
1517,1299,265,MoveRight,1731,265,None
1518,1306,265,MoveRight,1731,265,None
1519,1313,265,MoveRight,1731,265,None
1520,1320,265,MoveRight,1731,265,None
1615,1319,265,MoveLeft,1731,265,None
1616,1312,265,MoveLeft,1731,265,None
1617,1305,265,MoveLeft,1731,265,None
1618,1298,265,MoveLeft,1731,265,None
1619,1291,265,MoveLeft,1731,265,None
1620,1284,265,MoveLeft,1731,265,None
1621,1277,265,MoveLeft,1731,265,None
1622,1270,265,MoveLeft,1731,265,None
1623,1263,265,MoveLeft,1731,265,None
1624,1256,265,MoveLeft,1731,265,None
1625,1249,265,MoveLeft,1731,265,None
1626,1242,265,MoveLeft,1731,265,None
1627,1235,265,MoveLeft,1731,265,None
1628,1228,265,MoveLeft,1731,265,None
1629,1221,265,MoveLeft,1731,265,None
1630,1214,265,MoveLeft,1731,265,None
1631,1207,265,MoveLeft,1731,265,None
1632,1200,265,MoveLeft,1731,265,None
1633,1193,265,MoveLeft,1731,265,None
1634,1186,265,MoveLeft,1731,265,None
1635,1179,265,MoveLeft,1731,265,None
1636,1172,265,MoveLeft,1731,265,None
1637,1165,265,MoveLeft,1731,265,None
1638,1158,265,MoveLeft,1731,265,None
1639,1151,265,MoveLeft,1731,265,None
1640,1144,265,MoveLeft,1731,265,None
1641,1137,265,MoveLeft,1731,265,None
1642,1130,265,MoveLeft,1731,265,None
1643,1123,265,MoveLeft,1731,265,None
1644,1116,265,MoveLeft,1731,265,None
1645,1109,265,MoveLeft,1731,265,None
1646,1102,265,MoveLeft,1731,265,None
1647,1095,265,MoveLeft,1731,265,None
1648,1088,265,MoveLeft,1731,265,None
1649,1081,265,MoveLeft,1731,265,None
1650,1074,265,MoveLeft,1731,265,None
1651,1067,265,MoveLeft,1731,265,None
1652,1060,265,MoveLeft,1731,265,None
1653,1053,265,MoveLeft,1731,265,None
1654,1046,265,MoveLeft,1731,265,None
1655,1039,265,MoveLeft,1731,265,None
1656,1032,265,MoveLeft,1731,265,None
1657,1025,265,MoveLeft,1731,265,None
1658,1018,265,MoveLeft,1731,265,None
1659,1011,265,MoveLeft,1731,265,None
1660,1004,265,MoveLeft,1731,265,None
1661,997,265,MoveLeft,1731,265,None
1662,990,265,MoveLeft,1731,265,None
1677,997,265,MoveRight,1731,265,None
1678,1004,265,MoveRight,1731,265,None
1679,1011,265,MoveRight,1731,265,None
1680,1018,265,MoveRight,1731,265,None
1681,1025,265,MoveRight,1731,265,None
1682,1032,265,MoveRight,1731,265,None
1683,1039,265,MoveRight,1731,265,None
1684,1046,265,MoveRight,1731,265,None
1685,1053,265,MoveRight,1731,265,None
1686,1060,265,MoveRight,1731,265,None
1687,1067,265,MoveRight,1731,265,None
1688,1074,265,MoveRight,1731,265,None
1689,1081,265,MoveRight,1731,265,None
1690,1088,265,MoveRight,1731,265,None
1691,1095,265,MoveRight,1731,265,None
1692,1102,265,MoveRight,1731,265,None
1693,1109,265,MoveRight,1731,265,None
1694,1116,265,MoveRight,1731,265,None
1695,1123,265,MoveRight,1731,265,None
1696,1130,265,MoveRight,1731,265,None
1697,1137,265,MoveRight,1731,265,None
1698,1144,265,MoveRight,1731,265,None
1699,1151,265,MoveRight,1731,265,None
1700,1158,265,MoveRight,1731,265,None
1701,1165,265,MoveRight,1731,265,None
1702,1172,265,MoveRight,1731,265,None
1703,1179,265,MoveRight,1731,265,None
1704,1186,265,MoveRight,1731,265,None
1705,1193,265,MoveRight,1731,265,None
1706,1200,265,MoveRight,1731,265,None
1707,1207,265,MoveRight,1731,265,None
1708,1214,265,MoveRight,1731,265,None
1709,1221,265,MoveRight,1731,265,None
1710,1228,265,MoveRight,1731,265,None
1711,1235,265,MoveRight,1731,265,None
1712,1242,265,MoveRight,1731,265,None
1713,1249,265,MoveRight,1731,265,None
1714,1256,265,MoveRight,1731,265,None
1715,1263,265,MoveRight,1731,265,None
1716,1270,265,MoveRight,1731,265,None
1717,1277,265,MoveRight,1731,265,None
1718,1284,265,MoveRight,1731,265,None
1719,1291,265,MoveRight,1731,265,None
1720,1298,265,MoveRight,1731,265,None
1721,1305,265,MoveRight,1731,265,None
1722,1312,265,MoveRight,1731,265,None
1723,1319,265,MoveRight,1731,265,None
1724,1326,265,MoveRight,1731,265,None
1804,1319,265,MoveLeft,1731,265,None
1805,1312,265,MoveLeft,1731,265,None
1806,1305,265,MoveLeft,1731,265,None
1807,1298,265,MoveLeft,1731,265,None
1808,1291,265,MoveLeft,1731,265,None
1809,1284,265,MoveLeft,1731,265,None
1810,1277,265,MoveLeft,1731,265,None
1811,1270,265,MoveLeft,1731,265,None
1812,1263,265,MoveLeft,1731,265,None
1813,1256,265,MoveLeft,1731,265,None
1814,1249,265,MoveLeft,1731,265,None
1815,1242,265,MoveLeft,1731,265,None
1816,1235,265,MoveLeft,1731,265,None
1817,1228,265,MoveLeft,1731,265,None
1818,1221,265,MoveLeft,1731,265,None
1819,1214,265,MoveLeft,1731,265,None
1820,1207,265,MoveLeft,1731,265,None
1821,1200,265,MoveLeft,1731,265,None
1822,1193,265,MoveLeft,1731,265,None
1823,1186,265,MoveLeft,1731,265,None
1824,1179,265,MoveLeft,1731,265,None
1825,1172,265,MoveLeft,1731,265,None
1826,1165,265,MoveLeft,1731,265,None
1827,1158,265,MoveLeft,1731,265,None
1828,1151,265,MoveLeft,1731,265,None
1829,1144,265,MoveLeft,1731,265,None
1830,1137,265,MoveLeft,1731,265,None
1831,1130,265,MoveLeft,1731,265,None
1832,1123,265,MoveLeft,1731,265,None
1833,1116,265,MoveLeft,1731,265,None
1834,1109,265,MoveLeft,1731,265,None
1835,1102,265,MoveLeft,1731,265,None
1836,1095,265,MoveLeft,1731,265,None
1837,1088,265,MoveLeft,1731,265,None
1838,1081,265,MoveLeft,1731,265,None
1839,1074,265,MoveLeft,1731,265,None
1840,1067,265,MoveLeft,1731,265,None
1841,1060,265,MoveLeft,1731,265,None
1842,1053,265,MoveLeft,1731,265,None
1843,1046,265,MoveLeft,1731,265,None
1844,1039,265,MoveLeft,1731,265,None
1845,1032,265,MoveLeft,1731,265,None
1846,1025,265,MoveLeft,1731,265,None
1847,1018,265,MoveLeft,1731,265,None
1848,1011,265,MoveLeft,1731,265,None
1849,1004,265,MoveLeft,1731,265,None
1850,997,265,MoveLeft,1731,265,None
1851,990,265,MoveLeft,1731,265,None
1852,983,265,MoveLeft,1731,265,None
1853,976,265,MoveLeft,1731,265,None
1854,969,265,MoveLeft,1731,265,None
1855,962,265,MoveLeft,1731,265,None
1856,955,265,MoveLeft,1731,265,None
1857,948,265,MoveLeft,1731,265,None
1858,941,265,MoveLeft,1731,265,None
1859,934,265,MoveLeft,1731,265,None
1860,927,265,MoveLeft,1731,265,None
1861,920,265,MoveLeft,1731,265,None
1873,927,265,MoveRight,1731,265,None
1874,934,265,MoveRight,1731,265,None
1875,941,265,MoveRight,1731,265,None
1876,948,265,MoveRight,1731,265,None
1877,955,265,MoveRight,1731,265,None
1878,962,265,MoveRight,1731,265,None
1879,969,265,MoveRight,1731,265,None
1880,976,265,MoveRight,1731,265,None
1881,983,265,MoveRight,1731,265,None
1882,986.5,284.62,MoveRight,1731,265,None
1883,990,304.24,MoveRight,1731,265,None
1884,993.5,314.05,MoveRight,1731,265,None
1885,997,323.86,MoveRight,1731,265,None
1886,1000.5,333.67,MoveRight,1731,265,None
1887,1004,343.48,MoveRight,1731,265,None
1888,1007.5,353.29,MoveRight,1731,265,None
1889,1011,363.1,MoveRight,1731,265,None
1890,1014.5,372.91,MoveRight,1731,265,None
1891,1018,382.72,MoveRight,1731,265,None
1895,1014.5,421.96,MoveLeft,1731,265,None
1896,1011,431.77,MoveLeft,1731,265,None
1897,1007.5,441.58,MoveLeft,1731,265,None
1898,1004,451.39,MoveLeft,1731,265,None
1899,1000.5,461.2,MoveLeft,1731,265,None
1900,997,471.01,MoveLeft,1731,265,None
1901,993.5,480.82,MoveLeft,1731,265,None
1902,990,490.63,MoveLeft,1731,265,None
1903,986.5,500.44,MoveLeft,1731,265,None
1904,983,510.25,MoveLeft,1731,265,None
1905,979.5,520.06,MoveLeft,1731,265,None
1906,976,529.87,MoveLeft,1731,265,None
1907,972.5,539.68,MoveLeft,1731,265,None
1908,969,549.49,MoveLeft,1731,265,None
1909,965.5,559.3,MoveLeft,1731,265,None
1910,962,569.11,MoveLeft,1731,265,None
1911,958.5,578.92,MoveLeft,1731,265,None
1912,955,569.11,MoveLeft,1731,265,None
1913,951.5,559.3,MoveLeft,1731,265,None
1914,948,549.49,MoveLeft,1731,265,None
1915,944.5,539.68,MoveLeft,1731,265,None
1916,941,529.87,MoveLeft,1731,265,None
1917,937.5,520.06,MoveLeft,1731,265,None
1918,934,510.25,MoveLeft,1731,265,None
1919,930.5,500.44,MoveLeft,1731,265,None
1920,927,490.63,MoveLeft,1731,265,None
1921,923.5,480.82,MoveLeft,1731,265,None
1922,920,471.01,MoveLeft,1731,265,None
1923,916.5,461.2,MoveLeft,1731,265,None
1924,913,451.39,MoveLeft,1731,265,None
1925,909.5,441.58,MoveLeft,1731,265,None
1926,906,431.77,MoveLeft,1731,265,None
1927,902.5,421.96,MoveLeft,1731,265,None
1928,899,412.15,MoveLeft,1731,265,None
1929,895.5,402.34,MoveLeft,1731,265,None
1930,892,392.53,MoveLeft,1731,265,None
1931,888.5,382.72,MoveLeft,1731,265,None
1932,885,372.91,MoveLeft,1731,265,None
1933,881.5,363.1,MoveLeft,1731,265,None
1934,878,353.29,MoveLeft,1731,265,None
1935,874.5,343.48,MoveLeft,1731,265,None
1936,871,333.67,MoveLeft,1731,265,None
1937,867.5,323.86,MoveLeft,1731,265,None
1938,864,314.05,MoveLeft,1731,265,None
1939,860.5,304.24,MoveLeft,1731,265,None
1940,857,294.43,MoveLeft,1731,265,None
1941,853.5,284.62,MoveLeft,1731,265,None
1942,850,274.81,MoveLeft,1731,265,None
1943,843,265,MoveLeft,1731,265,None
1944,836,265,MoveLeft,1731,265,None
1945,829,265,MoveLeft,1731,265,None
1946,822,265,MoveLeft,1731,265,None
1947,815,265,MoveLeft,1731,265,None
1948,808,265,MoveLeft,1731,265,None
1949,801,265,MoveLeft,1731,265,None
1950,794,265,MoveLeft,1731,265,None
1955,801,265,MoveRight,1731,265,None
1956,808,265,MoveRight,1731,265,None
1957,815,265,MoveRight,1731,265,None
1958,822,265,MoveRight,1731,265,None
1959,829,265,MoveRight,1731,265,None
1960,836,265,MoveRight,1731,265,None
1961,843,265,MoveRight,1731,265,None
1962,850,265,MoveRight,1731,265,None
1963,857,265,MoveRight,1731,265,None
1964,864,265,MoveRight,1731,265,None
1965,871,265,MoveRight,1731,265,None
1966,878,265,MoveRight,1731,265,None
1967,885,265,MoveRight,1731,265,None
1968,892,265,MoveRight,1731,265,None
1969,899,265,MoveRight,1731,265,None
1970,906,265,MoveRight,1731,265,None
1971,913,265,MoveRight,1731,265,None
1972,920,265,MoveRight,1731,265,None
1973,927,265,MoveRight,1731,265,None
1974,934,265,MoveRight,1731,265,None
1975,941,265,MoveRight,1731,265,None
1976,948,265,MoveRight,1731,265,None
1977,955,265,MoveRight,1731,265,None
1978,962,265,MoveRight,1731,265,None
1979,969,265,MoveRight,1731,265,None
1980,976,265,MoveRight,1731,265,None
1981,983,265,MoveRight,1731,265,None
1982,990,265,MoveRight,1731,265,None
2188,990,265,None,1731,265,None
2234,990,265,None,1731,265,None
2278,990,265,None,1731,265,None
2305,983,265,MoveLeft,1731,265,None
2306,976,265,MoveLeft,1731,265,None
2307,969,265,MoveLeft,1731,265,None
2308,962,265,MoveLeft,1731,265,None
2309,955,265,MoveLeft,1731,265,None
2310,948,265,MoveLeft,1731,265,None
2311,941,265,MoveLeft,1731,265,None
2312,934,265,MoveLeft,1731,265,None
2313,927,265,MoveLeft,1731,265,None
2314,920,265,MoveLeft,1731,265,None
2315,913,265,MoveLeft,1731,265,None
2316,906,265,MoveLeft,1731,265,None
2325,913,265,MoveRight,1731,265,None
2326,920,265,MoveRight,1731,265,None
2327,927,265,MoveRight,1731,265,None
2328,934,265,MoveRight,1731,265,None
2329,941,265,MoveRight,1731,265,None
2330,948,265,MoveRight,1731,265,None
2331,955,265,MoveRight,1731,265,None
2332,962,265,MoveRight,1731,265,None
2333,969,265,MoveRight,1731,265,None
2334,976,265,MoveRight,1731,265,None
2335,983,265,MoveRight,1731,265,None
2336,990,265,MoveRight,1731,265,None
2337,997,265,MoveRight,1731,265,None
2338,1004,265,MoveRight,1731,265,None
2339,1011,265,MoveRight,1731,265,None
2340,1018,265,MoveRight,1731,265,None
2341,1025,265,MoveRight,1731,265,None
2342,1032,265,MoveRight,1731,265,None
2343,1039,265,MoveRight,1731,265,None
2344,1046,265,MoveRight,1731,265,None
2345,1053,265,MoveRight,1731,265,None
2346,1060,265,MoveRight,1731,265,None
2347,1067,265,MoveRight,1731,265,None
2348,1074,265,MoveRight,1731,265,None
2349,1081,265,MoveRight,1731,265,None
2350,1088,265,MoveRight,1731,265,None
2351,1095,265,MoveRight,1731,265,None
2352,1102,265,MoveRight,1731,265,None
2353,1109,265,MoveRight,1731,265,None
2354,1116,265,MoveRight,1731,265,None
2355,1123,265,MoveRight,1731,265,None
2356,1130,265,MoveRight,1731,265,None
2357,1137,265,MoveRight,1731,265,None
2358,1144,265,MoveRight,1731,265,None
2359,1151,265,MoveRight,1731,265,None
2360,1158,265,MoveRight,1731,265,None
2377,1165,265,MoveRight,1731,265,None
2378,1172,265,MoveRight,1731,265,None
2379,1179,265,MoveRight,1731,265,None
2380,1186,265,MoveRight,1731,265,None
2381,1193,265,MoveRight,1731,265,None
2382,1200,265,MoveRight,1731,265,None
2383,1207,265,MoveRight,1731,265,None
2384,1214,265,MoveRight,1731,265,None
2385,1221,265,MoveRight,1731,265,None
2386,1228,265,MoveRight,1731,265,None
2387,1235,265,MoveRight,1731,265,None
2388,1242,265,MoveRight,1731,265,None
2389,1249,265,MoveRight,1731,265,None
2390,1256,265,MoveRight,1731,265,None
2391,1263,265,MoveRight,1731,265,None
2392,1270,265,MoveRight,1731,265,None
2393,1277,265,MoveRight,1731,265,None
2394,1284,265,MoveRight,1731,265,None
2395,1291,265,MoveRight,1731,265,None
2396,1298,265,MoveRight,1731,265,None
2397,1305,265,MoveRight,1731,265,None
2398,1312,265,MoveRight,1731,265,None
2399,1319,265,MoveRight,1731,265,None
2432,1319,284.62,None,1731,265,None
2453,1319,480.82,SpikeLight,1731,265,None
2453,1319,500.44,None,1731,265,None
2454,1319,510.25,None,1724,265,MoveLeft
2455,1319,520.06,None,1717,265,MoveLeft
2456,1319,529.87,None,1710,265,MoveLeft
2457,1319,539.68,None,1703,265,MoveLeft
2458,1319,549.49,None,1696,265,MoveLeft
2459,1319,559.3,None,1689,265,MoveLeft
2460,1319,569.11,None,1682,265,MoveLeft
2461,1319,578.92,None,1675,265,MoveLeft
2462,1319,569.11,None,1668,265,MoveLeft
2463,1319,559.3,None,1661,265,MoveLeft
2464,1319,549.49,None,1654,265,MoveLeft
2465,1319,539.68,None,1647,265,MoveLeft
2466,1319,529.87,None,1640,265,MoveLeft
2467,1319,520.06,None,1633,265,MoveLeft
2468,1319,510.25,None,1626,265,MoveLeft
2469,1319,500.44,None,1619,265,MoveLeft
2470,1319,490.63,None,1612,265,MoveLeft
2471,1319,480.82,None,1605,265,MoveLeft
2472,1319,471.01,None,1598,265,MoveLeft
2496,1312,265,MoveLeft,1598,265,None
2497,1305,265,MoveLeft,1598,265,None
2498,1305,265,None,1598,265,SpikeMedium
2498,1298,265,MoveLeft,1598,265,None
2498,1298,265,None,1598,265,None
2499,1291,265,MoveLeft,1598,265,None
2500,1284,265,MoveLeft,1598,265,None
2501,1277,265,MoveLeft,1598,265,None
2502,1270,265,MoveLeft,1598,265,None
2503,1263,265,MoveLeft,1598,265,None
2504,1256,265,MoveLeft,1598,265,None
2505,1249,265,MoveLeft,1598,265,None
2506,1242,265,MoveLeft,1598,265,None
2507,1235,265,MoveLeft,1598,265,None
2508,1228,265,MoveLeft,1598,265,None
2508,1228,265,None,1605,265,MoveRight
2509,1221,265,MoveLeft,1605,265,None
2509,1221,265,None,1612,265,MoveRight
2510,1214,265,MoveLeft,1612,265,None
2510,1214,265,None,1619,265,MoveRight
2511,1207,265,MoveLeft,1619,265,None
2511,1207,265,None,1626,265,MoveRight
2512,1200,265,MoveLeft,1626,265,None
2512,1200,265,None,1633,265,MoveRight
2513,1193,265,MoveLeft,1633,265,None
2513,1193,265,None,1640,265,MoveRight
2514,1186,265,MoveLeft,1640,265,None
2514,1186,265,None,1647,265,MoveRight
2515,1179,265,MoveLeft,1647,265,None
2515,1179,265,None,1654,265,MoveRight
2516,1172,265,MoveLeft,1654,265,None
2516,1172,265,None,1661,265,MoveRight
2517,1165,265,MoveLeft,1661,265,None
2517,1165,265,None,1668,265,MoveRight
2518,1158,265,MoveLeft,1668,265,None
2518,1158,265,None,1675,265,MoveRight
2519,1158,265,None,1682,265,MoveRight
2520,1158,265,None,1689,265,MoveRight
2521,1158,265,None,1696,265,MoveRight
2522,1158,265,None,1703,265,MoveRight
2523,1158,265,None,1710,265,MoveRight
2524,1158,265,None,1717,265,MoveRight
2525,1158,265,None,1724,265,MoveRight
2526,1158,265,None,1724,265,None
2527,1158,265,None,1724,265,None
2528,1158,265,None,1724,265,None
2529,1158,265,None,1724,265,None
2530,1151,265,MoveLeft,1724,265,None
2530,1151,265,None,1724,265,None
2531,1144,265,MoveLeft,1724,265,None
2531,1144,265,None,1724,265,None
2532,1137,265,MoveLeft,1724,265,None
2532,1137,265,None,1724,265,None
2533,1130,265,MoveLeft,1724,265,None
2533,1130,265,None,1724,265,None
2534,1123,265,MoveLeft,1724,265,None
2534,1123,265,None,1724,265,None
2535,1116,265,MoveLeft,1724,265,None
2535,1116,265,None,1724,265,None
2536,1109,265,MoveLeft,1724,265,None
2536,1109,265,None,1724,265,None
2537,1102,265,MoveLeft,1724,265,None
2537,1102,265,None,1724,265,None
2538,1095,265,MoveLeft,1724,265,None
2538,1095,265,None,1724,265,None
2539,1088,265,MoveLeft,1724,265,None
2539,1088,265,None,1724,265,None
2540,1081,265,MoveLeft,1724,265,None
2540,1081,265,None,1724,265,None
2541,1074,265,MoveLeft,1724,265,None
2541,1074,265,None,1724,265,None
2542,1067,265,MoveLeft,1724,265,None
2542,1067,265,None,1724,265,None
2543,1060,265,MoveLeft,1724,265,None
2543,1060,265,None,1724,265,None
2544,1056.5,284.62,MoveLeft,1724,265,None
2544,1056.5,284.62,None,1724,265,None
2545,1053,304.24,MoveLeft,1724,265,None
2545,1053,304.24,None,1724,265,None
2546,1049.5,314.05,MoveLeft,1724,265,None
2546,1049.5,314.05,None,1724,265,None
2547,1046,323.86,MoveLeft,1724,265,None
2547,1046,323.86,None,1724,265,None
2548,1042.5,333.67,MoveLeft,1724,265,None
2548,1042.5,333.67,None,1724,265,None
2549,1039,343.48,MoveLeft,1724,265,None
2549,1039,343.48,None,1724,265,None
2550,1035.5,353.29,MoveLeft,1724,265,None
2550,1035.5,353.29,None,1724,265,None
2551,1032,363.1,MoveLeft,1724,265,None
2551,1032,363.1,None,1724,265,None
2552,1028.5,372.91,MoveLeft,1724,265,None
2552,1028.5,372.91,None,1724,265,None
2553,1025,382.72,MoveLeft,1724,265,None
2553,1025,382.72,None,1724,265,None
2554,1021.5,392.53,MoveLeft,1724,265,None
2554,1021.5,392.53,None,1724,265,None
2555,1018,402.34,MoveLeft,1724,265,None
2555,1018,402.34,None,1724,265,None
2556,1014.5,412.15,MoveLeft,1724,265,None
2556,1014.5,412.15,None,1724,265,None
2557,1011,421.96,MoveLeft,1724,265,None
2557,1011,421.96,None,1724,265,None
2558,1007.5,431.77,MoveLeft,1724,265,None
2558,1007.5,431.77,None,1724,265,None
2559,1004,441.58,MoveLeft,1724,265,None
2559,1004,441.58,None,1724,265,None
2560,1000.5,451.39,MoveLeft,1724,265,None
2560,1000.5,451.39,None,1724,265,None
2561,997,461.2,MoveLeft,1724,265,None
2561,997,461.2,None,1724,265,None
2562,993.5,471.01,MoveLeft,1724,265,None
2562,993.5,471.01,None,1724,265,None
2563,990,480.82,MoveLeft,1724,265,None
2563,990,480.82,None,1724,265,None
2564,986.5,490.63,MoveLeft,1724,265,None
2564,986.5,490.63,None,1724,265,None
2565,983,500.44,MoveLeft,1724,265,None
2565,983,500.44,None,1724,265,None
2566,979.5,510.25,MoveLeft,1724,265,None
2566,979.5,510.25,None,1724,265,None
2567,966.5,284.62,MoveLeft,2410,265,None
2568,963,304.24,MoveLeft,2410,265,None
2569,959.5,314.05,MoveLeft,2410,265,None
2570,956,323.86,MoveLeft,2410,265,None
2571,952.5,333.67,MoveLeft,2410,265,None
2572,949,343.48,MoveLeft,2410,265,None
2573,945.5,353.29,MoveLeft,2410,265,None
2574,942,343.48,MoveLeft,2410,265,None
2575,938.5,333.67,MoveLeft,2410,265,None
2576,935,323.86,MoveLeft,2410,265,None
2577,931.5,314.05,MoveLeft,2410,265,None
2578,928,304.24,MoveLeft,2410,265,None
2579,924.5,294.43,MoveLeft,2410,265,None
2580,921,284.62,MoveLeft,2410,265,None
2581,917.5,274.81,MoveLeft,2410,265,None
2582,910.5,265,MoveLeft,2410,265,None
2583,903.5,265,MoveLeft,2410,265,None
2584,896.5,265,MoveLeft,2410,265,None
2585,889.5,265,MoveLeft,2410,265,None
2586,882.5,265,MoveLeft,2410,265,None
2587,875.5,265,MoveLeft,2410,265,None
2588,868.5,265,MoveLeft,2410,265,None
2589,861.5,265,MoveLeft,2410,265,None
2590,854.5,265,MoveLeft,2410,265,None
2593,861.5,265,MoveRight,2410,265,None
2594,868.5,265,MoveRight,2410,265,None
2595,875.5,265,MoveRight,2410,265,None
2596,882.5,265,MoveRight,2410,265,None
2597,889.5,265,MoveRight,2410,265,None
2598,896.5,265,MoveRight,2410,265,None
2599,903.5,265,MoveRight,2410,265,None
2600,910.5,265,MoveRight,2410,265,None
2601,917.5,265,MoveRight,2410,265,None
2602,924.5,265,MoveRight,2410,265,None
2603,931.5,265,MoveRight,2410,265,None
2604,938.5,265,MoveRight,2410,265,None
2605,945.5,265,MoveRight,2410,265,None
2606,952.5,265,MoveRight,2410,265,None
2607,959.5,265,MoveRight,2410,265,None
2608,966.5,265,MoveRight,2410,265,None
2609,973.5,265,MoveRight,2410,265,None
2610,980.5,265,MoveRight,2410,265,None
2611,987.5,265,MoveRight,2410,265,None
2612,994.5,265,MoveRight,2410,265,None
2613,1001.5,265,MoveRight,2410,265,None
2614,1008.5,265,MoveRight,2410,265,None
2615,1015.5,265,MoveRight,2410,265,None
2616,1022.5,265,MoveRight,2410,265,None
2617,1022.5,265,None,2410,265,Serve
2617,1022.5,265,None,2410,265,None
2624,1015.5,265,MoveLeft,2410,265,None
2625,1008.5,265,MoveLeft,2410,265,None
2626,1001.5,265,MoveLeft,2410,265,None
2627,994.5,265,MoveLeft,2410,265,None
2628,987.5,265,MoveLeft,2410,265,None
2629,980.5,265,MoveLeft,2410,265,None
2630,973.5,265,MoveLeft,2410,265,None
2631,966.5,265,MoveLeft,2410,265,None
2632,959.5,265,MoveLeft,2410,265,None
2633,952.5,265,MoveLeft,2410,265,None
2634,945.5,265,MoveLeft,2410,265,None
2635,938.5,265,MoveLeft,2410,265,None
2636,931.5,265,MoveLeft,2410,265,None
2636,931.5,265,None,2403,265,MoveLeft
2637,924.5,265,MoveLeft,2403,265,None
2637,924.5,265,None,2396,265,MoveLeft
2638,924.5,265,None,2389,265,MoveLeft
2639,924.5,265,None,2382,265,MoveLeft
2640,924.5,265,None,2375,265,MoveLeft
2641,924.5,265,None,2368,265,MoveLeft
2642,924.5,265,None,2361,265,MoveLeft
2643,931.5,265,MoveRight,2361,265,None
2643,931.5,265,None,2354,265,MoveLeft
2644,938.5,265,MoveRight,2354,265,None
2644,938.5,265,None,2347,265,MoveLeft
2645,945.5,265,MoveRight,2347,265,None
2645,945.5,265,None,2340,265,MoveLeft
2646,952.5,265,MoveRight,2340,265,None
2646,952.5,265,None,2333,265,MoveLeft
2647,959.5,265,MoveRight,2333,265,None
2647,959.5,265,None,2326,265,MoveLeft
2648,966.5,265,MoveRight,2326,265,None
2648,966.5,265,None,2319,265,MoveLeft
2649,973.5,265,MoveRight,2319,265,None
2649,973.5,265,None,2312,265,MoveLeft
2650,980.5,265,MoveRight,2312,265,None
2650,980.5,265,None,2305,265,MoveLeft
2651,987.5,265,MoveRight,2305,265,None
2651,987.5,265,None,2298,265,MoveLeft
2652,994.5,265,MoveRight,2298,265,None
2652,994.5,265,None,2291,265,MoveLeft
2653,1001.5,265,MoveRight,2291,265,None
2653,1001.5,265,None,2284,265,MoveLeft
2654,1008.5,265,MoveRight,2284,265,None
2654,1008.5,265,None,2277,265,MoveLeft
2655,1015.5,265,MoveRight,2277,265,None
2655,1015.5,265,None,2270,265,MoveLeft
2656,1022.5,265,MoveRight,2270,265,None
2656,1022.5,265,None,2263,265,MoveLeft
2657,1029.5,265,MoveRight,2263,265,None
2657,1029.5,265,None,2256,265,MoveLeft
2658,1036.5,265,MoveRight,2256,265,None
2658,1036.5,265,None,2249,265,MoveLeft
2659,1043.5,265,MoveRight,2249,265,None
2659,1043.5,265,None,2242,265,MoveLeft
2660,1050.5,265,MoveRight,2242,265,None
2660,1050.5,265,None,2235,265,MoveLeft
2661,1050.5,265,None,2228,265,MoveLeft
2662,1043.5,265,MoveLeft,2228,265,None
2662,1043.5,265,None,2221,265,MoveLeft
2663,1036.5,265,MoveLeft,2221,265,None
2663,1036.5,265,None,2214,265,MoveLeft
2664,1029.5,265,MoveLeft,2214,265,None
2664,1029.5,265,None,2207,265,MoveLeft
2665,1022.5,265,MoveLeft,2207,265,None
2665,1022.5,265,None,2200,265,MoveLeft
2666,1015.5,265,MoveLeft,2200,265,None
2666,1015.5,265,None,2193,265,MoveLeft
2667,1008.5,265,MoveLeft,2193,265,None
2667,1008.5,265,None,2186,265,MoveLeft
2668,1001.5,265,MoveLeft,2186,265,None
2668,1001.5,265,None,2179,265,MoveLeft
2669,994.5,265,MoveLeft,2179,265,None
2669,994.5,265,None,2172,265,MoveLeft
2670,987.5,265,MoveLeft,2172,265,None
2670,987.5,265,None,2165,265,MoveLeft
2671,980.5,265,MoveLeft,2165,265,None
2671,980.5,265,None,2158,265,MoveLeft
2672,973.5,265,MoveLeft,2158,265,None
2672,973.5,265,None,2151,265,MoveLeft
2673,966.5,265,MoveLeft,2151,265,None
2673,966.5,265,None,2144,265,MoveLeft
2674,963,284.62,MoveLeft,2144,265,None
2674,963,284.62,None,2137,265,MoveLeft
2675,959.5,304.24,MoveLeft,2137,265,None
2675,959.5,304.24,None,2130,265,MoveLeft
2676,956,314.05,MoveLeft,2130,265,None
2676,956,314.05,None,2123,265,MoveLeft
2677,952.5,323.86,MoveLeft,2123,265,None
2677,952.5,323.86,None,2116,265,MoveLeft
2678,949,333.67,MoveLeft,2116,265,None
2678,949,333.67,None,2109,265,MoveLeft
2679,945.5,343.48,MoveLeft,2109,265,None
2679,945.5,343.48,None,2102,265,MoveLeft
2680,942,353.29,MoveLeft,2102,265,None
2680,942,353.29,None,2095,265,MoveLeft
2681,938.5,363.1,MoveLeft,2095,265,None
2681,938.5,363.1,None,2088,265,MoveLeft
2682,935,372.91,MoveLeft,2088,265,None
2682,935,372.91,None,2081,265,MoveLeft
2683,931.5,382.72,MoveLeft,2081,265,None
2683,931.5,382.72,None,2074,265,MoveLeft
2684,931.5,392.53,None,2067,265,MoveLeft
2685,931.5,402.34,None,2060,265,MoveLeft
2686,931.5,412.15,None,2053,265,MoveLeft
2687,931.5,421.96,None,2046,265,MoveLeft
2688,931.5,431.77,None,2039,265,MoveLeft
2689,931.5,441.58,None,2032,265,MoveLeft
2690,931.5,451.39,None,2025,265,MoveLeft
2691,931.5,461.2,None,2018,265,MoveLeft
2692,931.5,471.01,None,2011,265,MoveLeft
2693,931.5,480.82,None,2004,265,MoveLeft
2735,977,265,MoveRight,2410,265,None
2736,984,265,MoveRight,2410,265,None
2737,991,265,MoveRight,2410,265,None
2738,998,265,MoveRight,2410,265,None
2739,1005,265,MoveRight,2410,265,None
2740,1012,265,MoveRight,2410,265,None
2741,1019,265,MoveRight,2410,265,None
2742,1026,265,MoveRight,2410,265,None
2743,1033,265,MoveRight,2410,265,None
2744,1033,265,None,2410,265,Serve
2744,1040,265,MoveRight,2410,265,None
2744,1040,265,None,2410,265,None
2745,1047,265,MoveRight,2410,265,None
2746,1054,265,MoveRight,2410,265,None
2747,1061,265,MoveRight,2410,265,None
2748,1068,265,MoveRight,2410,265,None
2749,1075,265,MoveRight,2410,265,None
2750,1082,265,MoveRight,2410,265,None
2751,1089,265,MoveRight,2410,265,None
2752,1096,265,MoveRight,2410,265,None
2753,1103,265,MoveRight,2410,265,None
2754,1110,265,MoveRight,2410,265,None
2755,1117,265,MoveRight,2410,265,None
2756,1124,265,MoveRight,2410,265,None
2757,1131,265,MoveRight,2410,265,None
2758,1138,265,MoveRight,2410,265,None
2759,1145,265,MoveRight,2410,265,None
2760,1152,265,MoveRight,2410,265,None
2761,1159,265,MoveRight,2410,265,None
2762,1166,265,MoveRight,2410,265,None
2763,1173,265,MoveRight,2410,265,None
2764,1180,265,MoveRight,2410,265,None
2764,1180,265,None,2403,265,MoveLeft
2765,1187,265,MoveRight,2403,265,None
2765,1187,265,None,2396,265,MoveLeft
2766,1194,265,MoveRight,2396,265,None
2766,1194,265,None,2389,265,MoveLeft
2767,1201,265,MoveRight,2389,265,None
2767,1201,265,None,2382,265,MoveLeft
2768,1208,265,MoveRight,2382,265,None
2768,1208,265,None,2375,265,MoveLeft
2769,1215,265,MoveRight,2375,265,None
2769,1215,265,None,2368,265,MoveLeft
2770,1208,265,MoveLeft,2368,265,None
2770,1208,265,None,2361,265,MoveLeft
2771,1201,265,MoveLeft,2361,265,None
2771,1201,265,None,2354,265,MoveLeft
2772,1194,265,MoveLeft,2354,265,None
2772,1194,265,None,2347,265,MoveLeft
2773,1187,265,MoveLeft,2347,265,None
2773,1187,265,None,2340,265,MoveLeft
2774,1180,265,MoveLeft,2340,265,None
2774,1180,265,None,2333,265,MoveLeft
2775,1173,265,MoveLeft,2333,265,None
2775,1173,265,None,2326,265,MoveLeft
2776,1166,265,MoveLeft,2326,265,None
2776,1166,265,None,2319,265,MoveLeft
2777,1159,265,MoveLeft,2319,265,None
2777,1159,265,None,2312,265,MoveLeft
2778,1152,265,MoveLeft,2312,265,None
2778,1152,265,None,2305,265,MoveLeft
2779,1145,265,MoveLeft,2305,265,None
2779,1145,265,None,2298,265,MoveLeft
2780,1138,265,MoveLeft,2298,265,None
2780,1138,265,None,2291,265,MoveLeft
2781,1131,265,MoveLeft,2291,265,None
2781,1131,265,None,2284,265,MoveLeft
2782,1124,265,MoveLeft,2284,265,None
2782,1124,265,None,2277,265,MoveLeft
2783,1117,265,MoveLeft,2277,265,None
2783,1117,265,None,2270,265,MoveLeft
2784,1110,265,MoveLeft,2270,265,None
2784,1110,265,None,2263,265,MoveLeft
2785,1103,265,MoveLeft,2263,265,None
2785,1103,265,None,2256,265,MoveLeft
2786,1096,265,MoveLeft,2256,265,None
2786,1096,265,None,2249,265,MoveLeft
2787,1089,265,MoveLeft,2249,265,None
2787,1089,265,None,2242,265,MoveLeft
2788,1082,265,MoveLeft,2242,265,None
2788,1082,265,None,2235,265,MoveLeft
2789,1075,265,MoveLeft,2235,265,None
2789,1075,265,None,2228,265,MoveLeft
2790,1068,265,MoveLeft,2228,265,None
2790,1068,265,None,2221,265,MoveLeft
2791,1061,265,MoveLeft,2221,265,None
2791,1061,265,None,2214,265,MoveLeft
2792,1054,265,MoveLeft,2214,265,None
2792,1054,265,None,2207,265,MoveLeft
2793,1047,265,MoveLeft,2207,265,None
2793,1047,265,None,2200,265,MoveLeft
2794,1040,265,MoveLeft,2200,265,None
2794,1040,265,None,2193,265,MoveLeft
2795,1033,265,MoveLeft,2193,265,None
2795,1033,265,None,2186,265,MoveLeft
2796,1026,265,MoveLeft,2186,265,None
2796,1026,265,None,2179,265,MoveLeft
2797,1019,265,MoveLeft,2179,265,None
2797,1019,265,None,2172,265,MoveLeft
2798,1012,265,MoveLeft,2172,265,None
2798,1012,265,None,2165,265,MoveLeft
2799,1005,265,MoveLeft,2165,265,None
2799,1005,265,None,2158,265,MoveLeft
2800,998,265,MoveLeft,2158,265,None
2800,998,265,None,2151,265,MoveLeft
2801,991,265,MoveLeft,2151,265,None
2801,991,265,None,2144,265,MoveLeft
2802,984,265,MoveLeft,2144,265,None
2802,984,265,None,2137,265,MoveLeft
2803,977,265,MoveLeft,2137,265,None
2803,977,265,None,2130,265,MoveLeft
2804,970,265,MoveLeft,2130,265,None
2804,970,265,None,2123,265,MoveLeft
2805,963,265,MoveLeft,2123,265,None
2805,963,265,None,2116,265,MoveLeft
2806,956,265,MoveLeft,2116,265,None
2806,956,265,None,2109,265,MoveLeft
2807,949,265,MoveLeft,2109,265,None
2807,949,265,None,2102,265,MoveLeft
2808,942,265,MoveLeft,2102,265,None
2808,942,265,None,2095,265,MoveLeft
2809,935,265,MoveLeft,2095,265,None
2809,935,265,None,2088,265,MoveLeft
2810,928,265,MoveLeft,2088,265,None
2810,928,265,None,2081,265,MoveLeft
2811,921,265,MoveLeft,2081,265,None
2811,921,265,None,2074,265,MoveLeft
2812,914,265,MoveLeft,2074,265,None
2812,914,265,None,2067,265,MoveLeft
2813,907,265,MoveLeft,2067,265,None
2813,907,265,None,2060,265,MoveLeft
2814,900,265,MoveLeft,2060,265,None
2814,900,265,None,2053,265,MoveLeft
2815,893,265,MoveLeft,2053,265,None
2815,893,265,None,2046,265,MoveLeft
2816,886,265,MoveLeft,2046,265,None
2816,886,265,None,2039,265,MoveLeft
2817,879,265,MoveLeft,2039,265,None
2817,879,265,None,2032,265,MoveLeft
2818,872,265,MoveLeft,2032,265,None
2818,872,265,None,2025,265,MoveLeft
2819,865,265,MoveLeft,2025,265,None
2819,865,265,None,2018,265,MoveLeft
2820,858,265,MoveLeft,2018,265,None
2820,858,265,None,2011,265,MoveLeft
2821,963,265,MoveLeft,2410,265,None
2822,956,265,MoveLeft,2410,265,None
2824,949,265,MoveLeft,2410,265,None
2825,942,265,MoveLeft,2410,265,None
2826,935,265,MoveLeft,2410,265,None
2827,928,265,MoveLeft,2410,265,None
2828,921,265,MoveLeft,2410,265,None
2829,914,265,MoveLeft,2410,265,None
2830,907,265,MoveLeft,2410,265,None
2831,900,265,MoveLeft,2410,265,None
2832,893,265,MoveLeft,2410,265,None
2833,886,265,MoveLeft,2410,265,None
2834,879,265,MoveLeft,2410,265,None
2835,872,265,MoveLeft,2410,265,None
2836,865,265,MoveLeft,2410,265,None
2837,858,265,MoveLeft,2410,265,None
2838,851,265,MoveLeft,2410,265,None
2839,844,265,MoveLeft,2410,265,None
2840,837,265,MoveLeft,2410,265,None
2841,830,265,MoveLeft,2410,265,None
2842,823,265,MoveLeft,2410,265,None
2843,816,265,MoveLeft,2410,265,None
2844,809,265,MoveLeft,2410,265,None
2845,802,265,MoveLeft,2410,265,None
2871,802,265,None,2410,265,Serve
2871,802,265,None,2410,265,None
2890,802,265,None,2403,265,MoveLeft
2891,802,265,None,2396,265,MoveLeft
2892,802,265,None,2389,265,MoveLeft
2893,802,265,None,2382,265,MoveLeft
2894,802,265,None,2375,265,MoveLeft
2895,802,265,None,2368,265,MoveLeft
2896,802,265,None,2361,265,MoveLeft
2897,802,265,None,2354,265,MoveLeft
2898,802,265,None,2347,265,MoveLeft
2899,802,265,None,2340,265,MoveLeft
2900,802,265,None,2333,265,MoveLeft
2901,802,265,None,2326,265,MoveLeft
2902,802,265,None,2326,265,None
2902,802,265,None,2319,265,MoveLeft
2903,802,265,None,2312,265,MoveLeft
2904,802,265,None,2305,265,MoveLeft
2905,802,265,None,2298,265,MoveLeft
2906,802,265,None,2291,265,MoveLeft
2907,802,265,None,2284,265,MoveLeft
2908,802,265,None,2277,265,MoveLeft
2909,802,265,None,2270,265,MoveLeft
2910,802,265,None,2263,265,MoveLeft
2911,802,265,None,2256,265,MoveLeft
2912,802,265,None,2249,265,MoveLeft
2913,802,265,None,2242,265,MoveLeft
2914,802,265,None,2235,265,MoveLeft
2915,802,265,None,2228,265,MoveLeft
2916,802,265,None,2221,265,MoveLeft
2917,802,265,None,2214,265,MoveLeft
2918,802,265,None,2207,265,MoveLeft
2919,802,265,None,2200,265,MoveLeft
2920,802,265,None,2193,265,MoveLeft
2921,802,265,None,2186,265,MoveLeft
2922,802,265,None,2179,265,MoveLeft
2923,802,265,None,2172,265,MoveLeft
2924,802,265,None,2165,265,MoveLeft
2925,802,265,None,2158,265,MoveLeft
2926,802,265,None,2151,265,MoveLeft
2927,802,265,None,2144,265,MoveLeft
2928,802,265,None,2137,265,MoveLeft
2929,802,265,None,2130,265,MoveLeft
2930,802,265,None,2123,265,MoveLeft
2931,802,265,None,2116,265,MoveLeft
2932,802,265,None,2109,265,MoveLeft
2933,802,265,None,2102,265,MoveLeft
2934,802,265,None,2095,265,MoveLeft
2935,802,265,None,2088,265,MoveLeft
2936,802,265,None,2081,265,MoveLeft
2937,802,265,None,2074,265,MoveLeft
2938,802,265,None,2067,265,MoveLeft
2939,802,265,None,2060,265,MoveLeft
2940,802,265,None,2053,265,MoveLeft
2941,802,265,None,2046,265,MoveLeft
2942,802,265,None,2039,265,MoveLeft
2943,802,265,None,2032,265,MoveLeft
2944,802,265,None,2025,265,MoveLeft
2945,802,265,None,2018,265,MoveLeft
2946,802,265,None,2018,265,None
2946,802,265,None,2011,265,MoveLeft
2947,802,265,None,2004,265,MoveLeft
2998,970,265,None,2410,265,Serve
2998,970,265,None,2410,265,None
3018,970,265,None,2403,265,MoveLeft
3019,970,265,None,2396,265,MoveLeft
3020,970,265,None,2389,265,MoveLeft
3021,970,265,None,2382,265,MoveLeft
3022,970,265,None,2375,265,MoveLeft
3023,970,265,None,2368,265,MoveLeft
3024,970,265,None,2361,265,MoveLeft
3025,970,265,None,2354,265,MoveLeft
3026,970,265,None,2347,265,MoveLeft
3027,970,265,None,2340,265,MoveLeft
3028,970,265,None,2333,265,MoveLeft
3029,970,265,None,2326,265,MoveLeft
3030,970,265,None,2319,265,MoveLeft
3031,970,265,None,2312,265,MoveLeft
3032,970,265,None,2305,265,MoveLeft
3033,970,265,None,2298,265,MoveLeft
3034,970,265,None,2291,265,MoveLeft
3035,970,265,None,2284,265,MoveLeft
3036,970,265,None,2277,265,MoveLeft
3037,970,265,None,2270,265,MoveLeft
3038,970,265,None,2263,265,MoveLeft
3039,970,265,None,2256,265,MoveLeft
3040,970,265,None,2249,265,MoveLeft
3041,970,265,None,2242,265,MoveLeft
3042,970,265,None,2235,265,MoveLeft
3043,970,265,None,2228,265,MoveLeft
3044,970,265,None,2221,265,MoveLeft
3045,970,265,None,2214,265,MoveLeft
3046,970,265,None,2207,265,MoveLeft
3047,970,265,None,2200,265,MoveLeft
3048,970,265,None,2193,265,MoveLeft
3049,970,265,None,2186,265,MoveLeft
3050,970,265,None,2179,265,MoveLeft
3051,970,265,None,2172,265,MoveLeft
3052,970,265,None,2165,265,MoveLeft
3053,970,265,None,2158,265,MoveLeft
3054,970,265,None,2151,265,MoveLeft
3055,970,265,None,2144,265,MoveLeft
3056,970,265,None,2137,265,MoveLeft
3057,970,265,None,2130,265,MoveLeft
3058,970,265,None,2123,265,MoveLeft
3059,970,265,None,2116,265,MoveLeft
3060,970,265,None,2109,265,MoveLeft
3061,970,265,None,2102,265,MoveLeft
3062,970,265,None,2095,265,MoveLeft
3063,970,265,None,2088,265,MoveLeft
3064,970,265,None,2081,265,MoveLeft
3065,970,265,None,2074,265,MoveLeft
3066,970,265,None,2067,265,MoveLeft
3067,970,265,None,2060,265,MoveLeft
3068,970,265,None,2053,265,MoveLeft
3069,970,265,None,2046,265,MoveLeft
3070,970,265,None,2039,265,MoveLeft
3071,970,265,None,2032,265,MoveLeft
3072,970,265,None,2025,265,MoveLeft
3073,970,265,None,2018,265,MoveLeft
3074,970,265,None,2011,265,MoveLeft
3076,970,265,None,2410,265,None
3125,970,265,None,2410,265,Serve
3125,970,265,None,2410,265,None
3144,970,265,None,2403,265,MoveLeft
3145,970,265,None,2396,265,MoveLeft
3146,970,265,None,2389,265,MoveLeft
3147,970,265,None,2382,265,MoveLeft
3148,970,265,None,2375,265,MoveLeft
3149,970,265,None,2368,265,MoveLeft
3150,970,265,None,2361,265,MoveLeft
3151,970,265,None,2354,265,MoveLeft
3152,970,265,None,2347,265,MoveLeft
3153,970,265,None,2340,265,MoveLeft
3154,970,265,None,2333,265,MoveLeft
3155,970,265,None,2326,265,MoveLeft
3156,970,265,None,2319,265,MoveLeft
3157,970,265,None,2312,265,MoveLeft
3158,970,265,None,2305,265,MoveLeft
3159,970,265,None,2298,265,MoveLeft
3160,970,265,None,2291,265,MoveLeft
3161,970,265,None,2284,265,MoveLeft
3162,970,265,None,2277,265,MoveLeft
3163,970,265,None,2270,265,MoveLeft
3164,970,265,None,2263,265,MoveLeft
3165,970,265,None,2256,265,MoveLeft
3166,970,265,None,2249,265,MoveLeft
3167,970,265,None,2242,265,MoveLeft
3168,970,265,None,2235,265,MoveLeft
3169,970,265,None,2228,265,MoveLeft
3170,970,265,None,2221,265,MoveLeft
3171,970,265,None,2214,265,MoveLeft
3172,970,265,None,2207,265,MoveLeft
3173,970,265,None,2200,265,MoveLeft
3174,970,265,None,2193,265,MoveLeft
3175,970,265,None,2186,265,MoveLeft
3176,970,265,None,2179,265,MoveLeft
3177,970,265,None,2172,265,MoveLeft
3178,970,265,None,2165,265,MoveLeft
3179,970,265,None,2158,265,MoveLeft
3180,970,265,None,2151,265,MoveLeft
3181,970,265,None,2144,265,MoveLeft
3182,970,265,None,2137,265,MoveLeft
3183,970,265,None,2130,265,MoveLeft
3184,970,265,None,2123,265,MoveLeft
3185,970,265,None,2116,265,MoveLeft
3186,970,265,None,2109,265,MoveLeft
3187,970,265,None,2102,265,MoveLeft
3188,970,265,None,2095,265,MoveLeft
3189,970,265,None,2088,265,MoveLeft
3190,970,265,None,2081,265,MoveLeft
3191,970,265,None,2074,265,MoveLeft
3192,970,265,None,2067,265,MoveLeft
3193,970,265,None,2060,265,MoveLeft
3194,970,265,None,2053,265,MoveLeft
3195,970,265,None,2046,265,MoveLeft
3196,970,265,None,2039,265,MoveLeft
3197,970,265,None,2032,265,MoveLeft
3198,970,265,None,2025,265,MoveLeft
3199,970,265,None,2018,265,MoveLeft
3200,970,265,None,2011,265,MoveLeft
3201,970,265,None,2004,265,MoveLeft
3206,963,265,MoveLeft,2410,265,None
3207,956,265,MoveLeft,2410,265,None
3208,949,265,MoveLeft,2410,265,None
3209,942,265,MoveLeft,2410,265,None
3210,935,265,MoveLeft,2410,265,None
3211,928,265,MoveLeft,2410,265,None
3212,921,265,MoveLeft,2410,265,None
3213,914,265,MoveLeft,2410,265,None
3214,907,265,MoveLeft,2410,265,None
3215,900,265,MoveLeft,2410,265,None
3216,893,265,MoveLeft,2410,265,None
3217,886,265,MoveLeft,2410,265,None
3218,879,265,MoveLeft,2410,265,None
3219,872,265,MoveLeft,2410,265,None
3220,865,265,MoveLeft,2410,265,None
3221,858,265,MoveLeft,2410,265,None
3222,851,265,MoveLeft,2410,265,None
3223,844,265,MoveLeft,2410,265,None
3224,837,265,MoveLeft,2410,265,None
3225,830,265,MoveLeft,2410,265,None
3226,823,265,MoveLeft,2410,265,None
3227,816,265,MoveLeft,2410,265,None
3228,809,265,MoveLeft,2410,265,None
3229,802,265,MoveLeft,2410,265,None
3230,795,265,MoveLeft,2410,265,None
3231,788,265,MoveLeft,2410,265,None
3232,781,265,MoveLeft,2410,265,None
3233,774,265,MoveLeft,2410,265,None
3234,767,265,MoveLeft,2410,265,None
3235,760,265,MoveLeft,2410,265,None
3236,753,265,MoveLeft,2410,265,None
3237,746,265,MoveLeft,2410,265,None
3238,739,265,MoveLeft,2410,265,None
3239,732,265,MoveLeft,2410,265,None
3240,725,265,MoveLeft,2410,265,None
3241,718,265,MoveLeft,2410,265,None
3242,711,265,MoveLeft,2410,265,None
3243,704,265,MoveLeft,2410,265,None
3244,697,265,MoveLeft,2410,265,None
3245,690,265,MoveLeft,2410,265,None
3246,683,265,MoveLeft,2410,265,None
3247,676,265,MoveLeft,2410,265,None
3248,669,265,MoveLeft,2410,265,None
3249,662,265,MoveLeft,2410,265,None
3250,655,265,MoveLeft,2410,265,None
3251,648,265,MoveLeft,2410,265,None
3252,648,265,None,2410,265,Serve
3252,641,265,MoveLeft,2410,265,None
3252,641,265,None,2410,265,None
3253,648,265,MoveRight,2410,265,None
3254,655,265,MoveRight,2410,265,None
3255,662,265,MoveRight,2410,265,None
3256,669,265,MoveRight,2410,265,None
3257,676,265,MoveRight,2410,265,None
3258,683,265,MoveRight,2410,265,None
3259,690,265,MoveRight,2410,265,None
3260,697,265,MoveRight,2410,265,None
3261,704,265,MoveRight,2410,265,None
3262,711,265,MoveRight,2410,265,None
3263,718,265,MoveRight,2410,265,None
3264,725,265,MoveRight,2410,265,None
3265,732,265,MoveRight,2410,265,None
3266,739,265,MoveRight,2410,265,None
3267,746,265,MoveRight,2410,265,None
3268,753,265,MoveRight,2410,265,None
3269,760,265,MoveRight,2410,265,None
3270,767,265,MoveRight,2410,265,None
3271,774,265,MoveRight,2410,265,None
3271,774,265,None,2403,265,MoveLeft
3272,781,265,MoveRight,2403,265,None
3272,781,265,None,2396,265,MoveLeft
3273,788,265,MoveRight,2396,265,None
3273,788,265,None,2389,265,MoveLeft
3274,795,265,MoveRight,2389,265,None
3274,795,265,None,2382,265,MoveLeft
3275,802,265,MoveRight,2382,265,None
3275,802,265,None,2375,265,MoveLeft
3276,809,265,MoveRight,2375,265,None
3276,809,265,None,2368,265,MoveLeft
3277,816,265,MoveRight,2368,265,None
3277,816,265,None,2361,265,MoveLeft
3278,823,265,MoveRight,2361,265,None
3278,823,265,None,2354,265,MoveLeft
3279,830,265,MoveRight,2354,265,None
3279,830,265,None,2347,265,MoveLeft
3280,837,265,MoveRight,2347,265,None
3280,837,265,None,2340,265,MoveLeft
3281,844,265,MoveRight,2340,265,None
3281,844,265,None,2333,265,MoveLeft
3282,851,265,MoveRight,2333,265,None
3282,851,265,None,2326,265,MoveLeft
3283,858,265,MoveRight,2326,265,None
3283,858,265,None,2319,265,MoveLeft
3284,865,265,MoveRight,2319,265,None
3284,865,265,None,2312,265,MoveLeft
3285,865,265,None,2312,265,None
3285,865,265,None,2305,265,MoveLeft
3286,865,265,None,2305,265,None
3286,865,265,None,2298,265,MoveLeft
3287,865,265,None,2298,265,None
3287,865,265,None,2291,265,MoveLeft
3288,865,265,None,2291,265,None
3288,865,265,None,2284,265,MoveLeft
3289,865,265,None,2284,265,None
3289,865,265,None,2277,265,MoveLeft
3290,865,265,None,2277,265,None
3290,865,265,None,2270,265,MoveLeft
3291,865,265,None,2270,265,None
3291,865,265,None,2263,265,MoveLeft
3292,865,265,None,2263,265,None
3292,865,265,None,2256,265,MoveLeft
3293,865,265,None,2256,265,None
3293,865,265,None,2249,265,MoveLeft
3294,865,265,None,2249,265,None
3294,865,265,None,2242,265,MoveLeft
3295,865,265,None,2242,265,None
3295,865,265,None,2235,265,MoveLeft
3296,865,265,None,2235,265,None
3296,865,265,None,2228,265,MoveLeft
3297,865,265,None,2228,265,None
3297,865,265,None,2221,265,MoveLeft
3298,865,265,None,2221,265,None
3298,865,265,None,2214,265,MoveLeft
3299,865,265,None,2214,265,None
3299,865,265,None,2207,265,MoveLeft
3300,865,265,None,2207,265,None
3300,865,265,None,2200,265,MoveLeft
3301,865,265,None,2200,265,None
3301,865,265,None,2193,265,MoveLeft
3302,865,265,None,2193,265,None
3302,865,265,None,2186,265,MoveLeft
3303,865,265,None,2186,265,None
3303,865,265,None,2179,265,MoveLeft
3304,865,265,None,2179,265,None
3304,865,265,None,2172,265,MoveLeft
3305,865,265,None,2172,265,None
3305,865,265,None,2165,265,MoveLeft
3306,865,265,None,2165,265,None
3306,865,265,None,2158,265,MoveLeft
3307,865,265,None,2158,265,None
3307,865,265,None,2151,265,MoveLeft
3308,865,265,None,2151,265,None
3308,865,265,None,2144,265,MoveLeft
3309,865,265,None,2144,265,None
3309,865,265,None,2137,265,MoveLeft
3310,865,265,None,2137,265,None
3310,865,265,None,2130,265,MoveLeft
3311,865,265,None,2130,265,None
3311,865,265,None,2123,265,MoveLeft
3312,865,265,None,2123,265,None
3312,865,265,None,2116,265,MoveLeft
3313,865,265,None,2116,265,None
3313,865,265,None,2109,265,MoveLeft
3314,865,265,None,2109,265,None
3314,865,265,None,2102,265,MoveLeft
3315,865,265,None,2102,265,None
3315,865,265,None,2095,265,MoveLeft
3316,865,265,None,2095,265,None
3316,865,265,None,2088,265,MoveLeft
3317,865,265,None,2088,265,None
3317,865,265,None,2081,265,MoveLeft
3318,865,265,None,2081,265,None
3318,865,265,None,2074,265,MoveLeft
3319,865,265,None,2074,265,None
3319,865,265,None,2067,265,MoveLeft
3320,865,265,None,2067,265,None
3320,865,265,None,2060,265,MoveLeft
3321,865,265,None,2060,265,None
3321,865,265,None,2053,265,MoveLeft
3322,865,265,None,2053,265,None
3322,865,265,None,2046,265,MoveLeft
3323,865,265,None,2046,265,None
3323,865,265,None,2039,265,MoveLeft
3324,865,265,Bump,2039,265,None
3324,865,265,None,2039,265,None
3324,865,265,None,2032,265,MoveLeft
3325,865,265,None,2025,265,MoveLeft
3326,865,265,None,2018,265,MoveLeft
3327,865,265,None,2011,265,MoveLeft
3328,865,265,None,2004,265,MoveLeft
3329,865,265,None,1997,265,MoveLeft
3330,865,265,None,1990,265,MoveLeft
3331,865,265,None,1983,265,MoveLeft
3332,865,265,None,1976,265,MoveLeft
3333,865,265,None,1969,265,MoveLeft
3334,865,265,None,1962,265,MoveLeft
3335,865,265,None,1955,265,MoveLeft
3336,865,265,None,1948,265,MoveLeft
3337,865,265,None,1941,265,MoveLeft
3338,865,265,None,1934,265,MoveLeft
3339,865,265,None,1927,265,MoveLeft
3340,865,265,None,1920,265,MoveLeft
3341,865,265,None,1913,265,MoveLeft
3342,865,265,None,1906,265,MoveLeft
3343,872,265,MoveRight,1906,265,None
3343,872,265,None,1899,265,MoveLeft
3344,879,265,MoveRight,1899,265,None
3344,879,265,None,1892,265,MoveLeft
3345,886,265,MoveRight,1892,265,None
3345,886,265,None,1885,265,MoveLeft
3346,893,265,MoveRight,1885,265,None
3346,893,265,None,1878,265,MoveLeft
3347,900,265,MoveRight,1878,265,None
3347,900,265,None,1871,265,MoveLeft
3348,900,265,None,1864,265,MoveLeft
3349,900,265,None,1857,265,MoveLeft
3350,900,265,None,1850,265,MoveLeft
3351,900,265,None,1843,265,MoveLeft
3352,900,265,None,1836,265,MoveLeft
3353,907,265,MoveRight,1836,265,None
3353,907,265,None,1829,265,MoveLeft
3354,914,265,MoveRight,1829,265,None
3354,914,265,None,1822,265,MoveLeft
3355,921,265,MoveRight,1822,265,None
3355,921,265,None,1815,265,MoveLeft
3356,928,265,MoveRight,1815,265,None
3356,928,265,None,1808,265,MoveLeft
3357,935,265,MoveRight,1808,265,None
3357,935,265,None,1801,265,MoveLeft
3358,942,265,MoveRight,1801,265,None
3358,942,265,None,1794,265,MoveLeft
3359,949,265,MoveRight,1794,265,None
3359,949,265,None,1787,265,MoveLeft
3360,956,265,MoveRight,1787,265,None
3360,956,265,None,1780,265,MoveLeft
3361,963,265,MoveRight,1780,265,None
3361,963,265,None,1773,265,MoveLeft
3362,970,265,MoveRight,1773,265,None
3362,970,265,None,1766,265,MoveLeft
3363,977,265,MoveRight,1766,265,None
3363,977,265,None,1759,265,MoveLeft
3364,984,265,MoveRight,1759,265,None
3364,984,265,None,1752,265,MoveLeft
3365,991,265,MoveRight,1752,265,None
3365,991,265,None,1745,265,MoveLeft
3366,998,265,MoveRight,1745,265,None
3366,998,265,None,1738,265,MoveLeft
3367,1005,265,MoveRight,1738,265,None
3367,1005,265,None,1731,265,MoveLeft
3368,1012,265,MoveRight,1731,265,None
3369,1019,265,MoveRight,1731,265,None
3370,1026,265,MoveRight,1731,265,None
3371,1033,265,MoveRight,1731,265,None
3372,1040,265,MoveRight,1731,265,None
3373,1047,265,MoveRight,1731,265,None
3374,1054,265,MoveRight,1731,265,None
3375,1061,265,MoveRight,1731,265,None
3376,1068,265,MoveRight,1731,265,None
3377,1075,265,MoveRight,1731,265,None
3378,1082,265,MoveRight,1731,265,None
3379,1089,265,MoveRight,1731,265,None
3380,1096,265,MoveRight,1731,265,None
3381,1103,265,MoveRight,1731,265,None
3382,1110,265,MoveRight,1731,265,None
3383,1117,265,MoveRight,1731,265,None
3384,1120.5,284.62,MoveRight,1731,265,None
3385,1124,304.24,MoveRight,1731,265,None
3386,1127.5,314.05,MoveRight,1731,265,None
3387,1131,323.86,MoveRight,1731,265,None
3388,1134.5,333.67,MoveRight,1731,265,None
3389,1138,343.48,MoveRight,1731,265,None
3390,1141.5,353.29,MoveRight,1731,265,None
3391,1145,363.1,MoveRight,1731,265,None
3392,1148.5,372.91,MoveRight,1731,265,None
3393,1152,382.72,MoveRight,1731,265,None
3394,1155.5,392.53,MoveRight,1731,265,None
3395,1159,402.34,MoveRight,1731,265,None
3396,1162.5,412.15,MoveRight,1731,265,None
3397,1166,421.96,MoveRight,1731,265,None
3398,1169.5,431.77,MoveRight,1731,265,None
3399,1173,441.58,MoveRight,1731,265,None
3400,1176.5,451.39,MoveRight,1731,265,None
3401,1180,461.2,MoveRight,1731,265,None
3402,1183.5,471.01,MoveRight,1731,265,None
3403,1187,480.82,MoveRight,1731,265,None
3404,1190.5,490.63,MoveRight,1731,265,None
3405,1194,500.44,MoveRight,1731,265,None
3406,1197.5,510.25,MoveRight,1731,265,None
3407,1201,520.06,MoveRight,1731,265,None
3408,1204.5,529.87,MoveRight,1731,265,None
3409,1208,539.68,MoveRight,1731,265,None
3410,1211.5,549.49,MoveRight,1731,265,None
3411,1215,559.3,MoveRight,1731,265,None
3412,1218.5,569.11,MoveRight,1731,265,None
3412,1218.5,569.11,None,1724,265,MoveLeft
3413,1222,578.92,MoveRight,1724,265,None
3414,1225.5,569.11,MoveRight,1724,265,None
3415,1229,559.3,MoveRight,1724,265,None
3416,1232.5,549.49,MoveRight,1724,265,None
3417,1236,539.68,MoveRight,1724,265,None
3418,1239.5,529.87,MoveRight,1724,265,None
3419,1243,520.06,MoveRight,1724,265,None
3420,1246.5,510.25,MoveRight,1724,265,None
3421,1250,500.44,MoveRight,1724,265,None
3422,1253.5,490.63,MoveRight,1724,265,None
3423,1257,480.82,MoveRight,1724,265,None
3424,1260.5,471.01,MoveRight,1724,265,None
3425,1264,461.2,MoveRight,1724,265,None
3426,1267.5,451.39,MoveRight,1724,265,None
3427,1271,441.58,MoveRight,1724,265,None
3428,1274.5,431.77,MoveRight,1724,265,None
3429,1274.5,421.96,SpikeLight,1724,265,None
3429,1278,421.96,MoveRight,1724,265,None
3430,1278,412.15,None,1717,265,MoveLeft
3431,1278,402.34,None,1710,265,MoveLeft
3432,1278,392.53,None,1703,265,MoveLeft
3433,1278,382.72,None,1696,265,MoveLeft
3434,1278,372.91,None,1689,265,MoveLeft
3435,1278,363.1,None,1682,265,MoveLeft
3436,1278,353.29,None,1675,265,MoveLeft
3437,1278,343.48,None,1668,265,MoveLeft
3438,1278,333.67,None,1661,265,MoveLeft
3439,1278,323.86,None,1654,265,MoveLeft
3440,1278,314.05,None,1647,265,MoveLeft
3441,1278,304.24,None,1640,265,MoveLeft
3442,1278,294.43,None,1633,265,MoveLeft
3443,1278,284.62,None,1626,265,MoveLeft
3444,1278,274.81,None,1619,265,MoveLeft
3445,1278,265,None,1612,265,MoveLeft
3446,1278,265,None,1605,265,MoveLeft
3447,1278,265,None,1598,265,MoveLeft
3448,1278,265,None,1591,265,MoveLeft
3449,1278,265,None,1584,265,MoveLeft
3450,1271,265,MoveLeft,1584,265,None
3450,1271,265,None,1577,265,MoveLeft
3451,1264,265,MoveLeft,1577,265,None
3451,1264,265,None,1570,265,MoveLeft
3452,1257,265,MoveLeft,1570,265,None
3452,1257,265,None,1563,265,MoveLeft
3453,1250,265,MoveLeft,1563,265,None
3453,1250,265,None,1556,265,MoveLeft
3454,1243,265,MoveLeft,1556,265,None
3454,1243,265,None,1549,265,MoveLeft
3455,1236,265,MoveLeft,1549,265,None
3456,1229,265,MoveLeft,1549,265,None
3457,1222,265,MoveLeft,1549,265,None
3458,1215,265,MoveLeft,1549,265,None
3459,1208,265,MoveLeft,1549,265,None
3460,1201,265,MoveLeft,1549,265,None
3461,1194,265,MoveLeft,1549,265,None
3462,1187,265,MoveLeft,1549,265,None
3463,1180,265,MoveLeft,1549,265,None
3464,1173,265,MoveLeft,1549,265,None
3465,1166,265,MoveLeft,1549,265,None
3466,1159,265,MoveLeft,1549,265,None
3467,1152,265,MoveLeft,1549,265,None
3468,1145,265,MoveLeft,1549,265,None
3469,1138,265,MoveLeft,1549,265,None
3470,1131,265,MoveLeft,1549,265,None
3471,1124,265,MoveLeft,1549,265,None
3472,1117,265,MoveLeft,1549,265,None
3473,1110,265,MoveLeft,1549,265,None
3474,1103,265,MoveLeft,1549,265,None
3475,1096,265,MoveLeft,1549,265,None
3476,1103,265,MoveRight,1549,265,None
3477,1110,265,MoveRight,1549,265,None
3478,1117,265,MoveRight,1549,265,None
3479,1124,265,MoveRight,1549,265,None
3480,1131,265,MoveRight,1549,265,None
3481,1131,265,None,1549,265,SpikeMedium
3481,1138,265,MoveRight,1549,265,None
3481,1138,265,None,1549,265,None
3482,1131,265,MoveLeft,1549,265,None
3483,1124,265,MoveLeft,1549,265,None
3484,1117,265,MoveLeft,1549,265,None
3485,1110,265,MoveLeft,1549,265,None
3486,1103,265,MoveLeft,1549,265,None
3487,1096,265,MoveLeft,1549,265,None
3488,1089,265,MoveLeft,1549,265,None
3489,1082,265,MoveLeft,1549,265,None
3490,1075,265,MoveLeft,1549,265,None
3491,1068,265,MoveLeft,1549,265,None
3492,1061,265,MoveLeft,1549,265,None
3492,1061,265,None,1556,265,MoveRight
3493,1054,265,MoveLeft,1556,265,None
3493,1054,265,None,1563,265,MoveRight
3494,1047,265,MoveLeft,1563,265,None
3494,1047,265,None,1570,265,MoveRight
3495,1040,265,MoveLeft,1570,265,None
3495,1040,265,None,1577,265,MoveRight
3496,1033,265,MoveLeft,1577,265,None
3496,1033,265,None,1584,265,MoveRight
3497,1026,265,MoveLeft,1584,265,None
3497,1026,265,None,1591,265,MoveRight
3498,1019,265,MoveLeft,1591,265,None
3498,1019,265,None,1598,265,MoveRight
3499,1012,265,MoveLeft,1598,265,None
3499,1012,265,None,1605,265,MoveRight
3500,1005,265,MoveLeft,1605,265,None
3500,1005,265,None,1612,265,MoveRight
3501,998,265,MoveLeft,1612,265,None
3501,998,265,None,1619,265,MoveRight
3502,991,265,MoveLeft,1619,265,None
3502,991,265,None,1626,265,MoveRight
3503,984,265,MoveLeft,1626,265,None
3503,984,265,None,1633,265,MoveRight
3504,977,265,MoveLeft,1633,265,None
3504,977,265,None,1640,265,MoveRight
3505,970,265,MoveLeft,1640,265,None
3505,970,265,None,1647,265,MoveRight
3506,963,265,MoveLeft,1647,265,None
3506,963,265,None,1654,265,MoveRight
3507,956,265,MoveLeft,1654,265,None
3507,956,265,None,1661,265,MoveRight
3508,949,265,MoveLeft,1661,265,None
3508,949,265,None,1668,265,MoveRight
3509,942,265,MoveLeft,1668,265,None
3509,942,265,None,1675,265,MoveRight
3510,935,265,MoveLeft,1675,265,None
3510,935,265,None,1682,265,MoveRight
3511,928,265,MoveLeft,1682,265,None
3511,928,265,None,1689,265,MoveRight
3512,921,265,MoveLeft,1689,265,None
3512,921,265,None,1696,265,MoveRight
3513,914,265,MoveLeft,1696,265,None
3513,914,265,None,1703,265,MoveRight
3514,907,265,MoveLeft,1703,265,None
3514,907,265,None,1710,265,MoveRight
3515,900,265,MoveLeft,1710,265,None
3515,900,265,None,1717,265,MoveRight
3516,893,265,MoveLeft,1717,265,None
3516,893,265,None,1724,265,MoveRight
3517,886,265,MoveLeft,1724,265,None
3517,886,265,None,1724,265,None
3518,879,265,MoveLeft,1724,265,None
3518,879,265,None,1724,265,None
3519,872,265,MoveLeft,1724,265,None
3519,872,265,None,1724,265,None
3520,865,265,MoveLeft,1724,265,None
3520,865,265,None,1724,265,None
3521,858,265,MoveLeft,1724,265,None
3521,858,265,None,1724,265,None
3522,851,265,MoveLeft,1724,265,None
3522,851,265,None,1724,265,None
3523,844,265,MoveLeft,1724,265,None
3523,844,265,None,1724,265,None
3524,837,265,MoveLeft,1724,265,None
3524,837,265,None,1724,265,None
3525,830,265,MoveLeft,1724,265,None
3525,830,265,None,1724,265,None
3526,823,265,MoveLeft,1724,265,None
3526,823,265,None,1724,265,None
3527,816,265,MoveLeft,1724,265,None
3527,816,265,None,1724,265,None
3528,809,265,MoveLeft,1724,265,None
3528,809,265,None,1724,265,None
3529,802,265,MoveLeft,1724,265,None
3529,802,265,None,1724,265,None
3530,795,265,MoveLeft,1724,265,None
3530,795,265,None,1724,265,None
3531,788,265,MoveLeft,1724,265,None
3531,788,265,None,1724,265,None
3532,781,265,MoveLeft,1724,265,None
3532,781,265,None,1724,265,None
3533,774,265,MoveLeft,1724,265,None
3533,774,265,None,1724,265,None
3534,767,265,MoveLeft,1724,265,None
3534,767,265,None,1724,265,None
3535,760,265,MoveLeft,1724,265,None
3535,760,265,None,1724,265,None
3536,753,265,MoveLeft,1724,265,None
3536,753,265,None,1724,265,None
3537,746,265,MoveLeft,1724,265,None
3537,746,265,None,1724,265,None
3538,739,265,MoveLeft,1724,265,None
3538,739,265,None,1724,265,None
3539,732,265,MoveLeft,1724,265,None
3539,732,265,None,1724,265,None
3540,725,265,MoveLeft,1724,265,None
3540,725,265,None,1724,265,None
3541,718,265,MoveLeft,1724,265,None
3541,718,265,None,1724,265,None
3542,718,265,Bump,1724,265,None
3542,711,265,MoveLeft,1724,265,None
3542,711,265,None,1724,265,None
3561,718,265,MoveRight,1724,265,None
3562,725,265,MoveRight,1724,265,None
3563,732,265,MoveRight,1724,265,None
3564,739,265,MoveRight,1724,265,None
3565,746,265,MoveRight,1724,265,None
3566,753,265,MoveRight,1724,265,None
3567,760,265,MoveRight,1724,265,None
3568,767,265,MoveRight,1724,265,None
3569,774,265,MoveRight,1724,265,None
3570,781,265,MoveRight,1724,265,None
3571,788,265,MoveRight,1724,265,None
3572,795,265,MoveRight,1724,265,None
3573,802,265,MoveRight,1724,265,None
3574,809,265,MoveRight,1724,265,None
3575,816,265,MoveRight,1724,265,None
3576,823,265,MoveRight,1724,265,None
3577,830,265,MoveRight,1724,265,None
3578,837,265,MoveRight,1724,265,None
3579,844,265,MoveRight,1724,265,None
3580,851,265,MoveRight,1724,265,None
3581,858,265,MoveRight,1724,265,None
3582,865,265,MoveRight,1724,265,None
3583,872,265,MoveRight,1724,265,None
3584,879,265,MoveRight,1724,265,None
3585,886,265,MoveRight,1724,265,None
3586,893,265,MoveRight,1724,265,None
3587,900,265,MoveRight,1724,265,None
3588,907,265,MoveRight,1724,265,None
3589,914,265,MoveRight,1724,265,None
3590,921,265,MoveRight,1724,265,None
3591,928,265,MoveRight,1724,265,None
3592,931.5,284.62,MoveRight,1724,265,None
3593,935,304.24,MoveRight,1724,265,None
3594,938.5,314.05,MoveRight,1724,265,None
3595,942,323.86,MoveRight,1724,265,None
3596,945.5,333.67,MoveRight,1724,265,None
3597,949,343.48,MoveRight,1724,265,None
3598,952.5,353.29,MoveRight,1724,265,None
3599,956,363.1,MoveRight,1724,265,None
3600,959.5,372.91,MoveRight,1724,265,None
3601,963,382.72,MoveRight,1724,265,None
3602,966.5,392.53,MoveRight,1724,265,None
3603,970,402.34,MoveRight,1724,265,None
3604,973.5,412.15,MoveRight,1724,265,None
3605,977,421.96,MoveRight,1724,265,None
3606,980.5,431.77,MoveRight,1724,265,None
3607,984,441.58,MoveRight,1724,265,None
3608,987.5,451.39,MoveRight,1724,265,None
3609,991,461.2,MoveRight,1724,265,None
3610,994.5,471.01,MoveRight,1724,265,None
3611,998,480.82,MoveRight,1724,265,None
3612,1001.5,490.63,MoveRight,1724,265,None
3613,1005,500.44,MoveRight,1724,265,None
3614,1008.5,510.25,MoveRight,1724,265,None
3615,1012,520.06,MoveRight,1724,265,None
3616,1015.5,529.87,MoveRight,1724,265,None
3617,1019,539.68,MoveRight,1724,265,None
3618,1022.5,549.49,MoveRight,1724,265,None
3619,1026,559.3,MoveRight,1724,265,None
3620,1029.5,569.11,MoveRight,1724,265,None
3621,1033,578.92,MoveRight,1724,265,None
3622,1036.5,569.11,MoveRight,1724,265,None
3623,1040,559.3,MoveRight,1724,265,None
3624,1043.5,549.49,MoveRight,1724,265,None
3625,1047,539.68,MoveRight,1724,265,None
3626,1050.5,529.87,MoveRight,1724,265,None
3627,1054,520.06,MoveRight,1724,265,None
3628,1057.5,510.25,MoveRight,1724,265,None
3629,1061,500.44,MoveRight,1724,265,None
3630,1064.5,490.63,MoveRight,1724,265,None
3631,1068,480.82,MoveRight,1724,265,None
3632,1071.5,471.01,MoveRight,1724,265,None
3633,1075,461.2,MoveRight,1724,265,None
3634,1078.5,451.39,MoveRight,1724,265,None
3635,1082,441.58,MoveRight,1724,265,None
3636,1085.5,431.77,MoveRight,1724,265,None
3637,1089,421.96,MoveRight,1724,265,None
3638,1092.5,412.15,MoveRight,1724,265,None
3639,1096,402.34,MoveRight,1724,265,None
3640,1099.5,392.53,MoveRight,1724,265,None
3641,1103,382.72,MoveRight,1724,265,None
3642,1106.5,372.91,MoveRight,1724,265,None
3643,977,265,MoveRight,2410,265,None
3644,984,265,MoveRight,2410,265,None
3645,991,265,MoveRight,2410,265,None
3646,998,265,MoveRight,2410,265,None
3647,1005,265,MoveRight,2410,265,None
3648,1012,265,MoveRight,2410,265,None
3649,1019,265,MoveRight,2410,265,None
3650,1026,265,MoveRight,2410,265,None
3651,1033,265,MoveRight,2410,265,None
3652,1040,265,MoveRight,2410,265,None
3653,1047,265,MoveRight,2410,265,None
3657,1040,265,MoveLeft,2410,265,None
3658,1033,265,MoveLeft,2410,265,None
3659,1026,265,MoveLeft,2410,265,None
3660,1019,265,MoveLeft,2410,265,None
3661,1012,265,MoveLeft,2410,265,None
3662,1005,265,MoveLeft,2410,265,None
3663,998,265,MoveLeft,2410,265,None
3664,991,265,MoveLeft,2410,265,None
3665,984,265,MoveLeft,2410,265,None
3666,977,265,MoveLeft,2410,265,None
3667,970,265,MoveLeft,2410,265,None
3668,963,265,MoveLeft,2410,265,None
3669,956,265,MoveLeft,2410,265,None
3670,949,265,MoveLeft,2410,265,None
3671,942,265,MoveLeft,2410,265,None
3672,935,265,MoveLeft,2410,265,None
3673,928,265,MoveLeft,2410,265,None
3674,921,265,MoveLeft,2410,265,None
3675,914,265,MoveLeft,2410,265,None
3676,907,265,MoveLeft,2410,265,None
3677,900,265,MoveLeft,2410,265,None
3678,893,265,MoveLeft,2410,265,None
3679,886,265,MoveLeft,2410,265,None
3680,879,265,MoveLeft,2410,265,None
3681,872,265,MoveLeft,2410,265,None
3682,865,265,MoveLeft,2410,265,None
3683,858,265,MoveLeft,2410,265,None
3684,851,265,MoveLeft,2410,265,None
3685,844,265,MoveLeft,2410,265,None
3686,837,265,MoveLeft,2410,265,None
3687,830,265,MoveLeft,2410,265,None
3689,837,265,MoveRight,2410,265,None
3690,844,265,MoveRight,2410,265,None
3691,851,265,MoveRight,2410,265,None
3692,858,265,MoveRight,2410,265,None
3693,858,265,None,2410,265,Serve
3693,865,265,MoveRight,2410,265,None
3693,865,265,None,2410,265,None
3694,872,265,MoveRight,2410,265,None
3695,879,265,MoveRight,2410,265,None
3696,886,265,MoveRight,2410,265,None
3697,893,265,MoveRight,2410,265,None
3698,900,265,MoveRight,2410,265,None
3699,907,265,MoveRight,2410,265,None
3700,914,265,MoveRight,2410,265,None
3701,921,265,MoveRight,2410,265,None
3702,928,265,MoveRight,2410,265,None
3703,935,265,MoveRight,2410,265,None
3704,942,265,MoveRight,2410,265,None
3705,949,265,MoveRight,2410,265,None
3706,956,265,MoveRight,2410,265,None
3707,963,265,MoveRight,2410,265,None
3708,970,265,MoveRight,2410,265,None
3709,977,265,MoveRight,2410,265,None
3710,984,265,MoveRight,2410,265,None
3711,991,265,MoveRight,2410,265,None
3712,998,265,MoveRight,2410,265,None
3712,998,265,None,2403,265,MoveLeft
3713,1005,265,MoveRight,2403,265,None
3713,1005,265,None,2396,265,MoveLeft
3714,1012,265,MoveRight,2396,265,None
3714,1012,265,None,2389,265,MoveLeft
3715,1019,265,MoveRight,2389,265,None
3715,1019,265,None,2382,265,MoveLeft
3716,1026,265,MoveRight,2382,265,None
3716,1026,265,None,2375,265,MoveLeft
3717,1033,265,MoveRight,2375,265,None
3717,1033,265,None,2368,265,MoveLeft
3718,1040,265,MoveRight,2368,265,None
3718,1040,265,None,2361,265,MoveLeft
3719,1047,265,MoveRight,2361,265,None
3719,1047,265,None,2354,265,MoveLeft
3720,1054,265,MoveRight,2354,265,None
3720,1054,265,None,2347,265,MoveLeft
3721,1061,265,MoveRight,2347,265,None
3721,1061,265,None,2340,265,MoveLeft
3722,1061,265,None,2333,265,MoveLeft
3723,1054,265,MoveLeft,2333,265,None
3723,1054,265,None,2326,265,MoveLeft
3724,1047,265,MoveLeft,2326,265,None
3724,1047,265,None,2319,265,MoveLeft
3725,1040,265,MoveLeft,2319,265,None
3725,1040,265,None,2312,265,MoveLeft
3726,1033,265,MoveLeft,2312,265,None
3726,1033,265,None,2305,265,MoveLeft
3727,1026,265,MoveLeft,2305,265,None
3727,1026,265,None,2298,265,MoveLeft
3728,1019,265,MoveLeft,2298,265,None
3728,1019,265,None,2291,265,MoveLeft
3729,1012,265,MoveLeft,2291,265,None
3729,1012,265,None,2284,265,MoveLeft
3730,1005,265,MoveLeft,2284,265,None
3730,1005,265,None,2277,265,MoveLeft
3731,998,265,MoveLeft,2277,265,None
3731,998,265,None,2270,265,MoveLeft
3732,991,265,MoveLeft,2270,265,None
3732,991,265,None,2263,265,MoveLeft
3733,984,265,MoveLeft,2263,265,None
3733,984,265,None,2256,265,MoveLeft
3734,977,265,MoveLeft,2256,265,None
3734,977,265,None,2249,265,MoveLeft
3735,970,265,MoveLeft,2249,265,None
3735,970,265,None,2242,265,MoveLeft
3736,963,265,MoveLeft,2242,265,None
3736,963,265,None,2235,265,MoveLeft
3737,956,265,MoveLeft,2235,265,None
3737,956,265,None,2228,265,MoveLeft
3738,949,265,MoveLeft,2228,265,None
3738,949,265,None,2221,265,MoveLeft
3739,942,265,MoveLeft,2221,265,None
3739,942,265,None,2214,265,MoveLeft
3740,935,265,MoveLeft,2214,265,None
3740,935,265,None,2207,265,MoveLeft
3741,928,265,MoveLeft,2207,265,None
3741,928,265,None,2200,265,MoveLeft
3742,921,265,MoveLeft,2200,265,None
3742,921,265,None,2193,265,MoveLeft
3743,914,265,MoveLeft,2193,265,None
3743,914,265,None,2186,265,MoveLeft
3744,907,265,MoveLeft,2186,265,None
3744,907,265,None,2179,265,MoveLeft
3745,900,265,MoveLeft,2179,265,None
3745,900,265,None,2172,265,MoveLeft
3746,893,265,MoveLeft,2172,265,None
3746,893,265,None,2165,265,MoveLeft
3747,886,265,MoveLeft,2165,265,None
3747,886,265,None,2158,265,MoveLeft
3748,879,265,MoveLeft,2158,265,None
3748,879,265,None,2151,265,MoveLeft
3749,872,265,MoveLeft,2151,265,None
3749,872,265,None,2144,265,MoveLeft
3750,872,265,None,2144,265,None
3750,872,265,None,2137,265,MoveLeft
3751,872,265,None,2137,265,None
3751,872,265,None,2130,265,MoveLeft
3752,872,265,None,2130,265,None
3752,872,265,None,2123,265,MoveLeft
3753,872,265,None,2123,265,None
3753,872,265,None,2116,265,MoveLeft
3754,872,265,None,2116,265,None
3754,872,265,None,2109,265,MoveLeft
3755,872,265,None,2109,265,None
3755,872,265,None,2102,265,MoveLeft
3756,872,265,None,2102,265,None
3756,872,265,None,2095,265,MoveLeft
3757,872,265,None,2095,265,None
3757,872,265,None,2088,265,MoveLeft
3758,872,265,None,2088,265,None
3758,872,265,None,2081,265,MoveLeft
3759,872,265,None,2081,265,None
3759,872,265,None,2074,265,MoveLeft
3760,872,265,None,2074,265,None
3760,872,265,None,2067,265,MoveLeft
3761,872,265,None,2067,265,None
3761,872,265,None,2060,265,MoveLeft
3762,872,265,None,2060,265,None
3762,872,265,None,2053,265,MoveLeft
3763,872,265,None,2053,265,None
3763,872,265,None,2046,265,MoveLeft
3764,872,265,None,2046,265,None
3764,872,265,None,2039,265,MoveLeft
3765,872,265,Bump,2039,265,None
3765,872,265,None,2039,265,None
3765,872,265,None,2032,265,MoveLeft
3766,872,265,None,2025,265,MoveLeft
3767,872,265,None,2018,265,MoveLeft
3768,872,265,None,2011,265,MoveLeft
3769,872,265,None,2004,265,MoveLeft
3770,872,265,None,1997,265,MoveLeft
3771,872,265,None,1990,265,MoveLeft
3772,872,265,None,1983,265,MoveLeft
3773,872,265,None,1976,265,MoveLeft
3774,872,265,None,1969,265,MoveLeft
3775,872,265,None,1962,265,MoveLeft
3776,872,265,None,1955,265,MoveLeft
3777,872,265,None,1948,265,MoveLeft
3778,872,265,None,1941,265,MoveLeft
3779,872,265,None,1934,265,MoveLeft
3780,872,265,None,1927,265,MoveLeft
3781,872,265,None,1920,265,MoveLeft
3782,872,265,None,1913,265,MoveLeft
3783,872,265,None,1906,265,MoveLeft
3784,872,265,None,1899,265,MoveLeft
3785,879,265,MoveRight,1899,265,None
3785,879,265,None,1892,265,MoveLeft
3786,886,265,MoveRight,1892,265,None
3786,886,265,None,1885,265,MoveLeft
3787,893,265,MoveRight,1885,265,None
3787,893,265,None,1878,265,MoveLeft
3788,900,265,MoveRight,1878,265,None
3788,900,265,None,1871,265,MoveLeft
3789,907,265,MoveRight,1871,265,None
3789,907,265,None,1864,265,MoveLeft
3790,914,265,MoveRight,1864,265,None
3790,914,265,None,1857,265,MoveLeft
3791,921,265,MoveRight,1857,265,None
3791,921,265,None,1850,265,MoveLeft
3792,928,265,MoveRight,1850,265,None
3792,928,265,None,1843,265,MoveLeft
3793,935,265,MoveRight,1843,265,None
3793,935,265,None,1836,265,MoveLeft
3794,942,265,MoveRight,1836,265,None
3794,942,265,None,1829,265,MoveLeft
3795,949,265,MoveRight,1829,265,None
3795,949,265,None,1822,265,MoveLeft
3796,956,265,MoveRight,1822,265,None
3796,956,265,None,1815,265,MoveLeft
3797,963,265,MoveRight,1815,265,None
3797,963,265,None,1808,265,MoveLeft
3798,970,265,MoveRight,1808,265,None
3798,970,265,None,1801,265,MoveLeft
3799,977,265,MoveRight,1801,265,None
3799,977,265,None,1794,265,MoveLeft
3800,984,265,MoveRight,1794,265,None
3800,984,265,None,1787,265,MoveLeft
3801,991,265,MoveRight,1787,265,None
3801,991,265,None,1780,265,MoveLeft
3802,998,265,MoveRight,1780,265,None
3802,998,265,None,1773,265,MoveLeft
3803,1005,265,MoveRight,1773,265,None
3803,1005,265,None,1766,265,MoveLeft
3804,1012,265,MoveRight,1766,265,None
3804,1012,265,None,1759,265,MoveLeft
3805,1019,265,MoveRight,1759,265,None
3805,1019,265,None,1752,265,MoveLeft
3806,1026,265,MoveRight,1752,265,None
3806,1026,265,None,1745,265,MoveLeft
3807,1029.5,284.62,MoveRight,1745,265,None
3807,1029.5,284.62,None,1738,265,MoveLeft
3808,1033,304.24,MoveRight,1738,265,None
3808,1033,304.24,None,1731,265,MoveLeft
3809,1036.5,314.05,MoveRight,1731,265,None
3810,1040,323.86,MoveRight,1731,265,None
3811,1043.5,333.67,MoveRight,1731,265,None
3812,1047,343.48,MoveRight,1731,265,None
3813,1050.5,353.29,MoveRight,1731,265,None
3814,1054,363.1,MoveRight,1731,265,None
3815,1057.5,372.91,MoveRight,1731,265,None
3816,1061,382.72,MoveRight,1731,265,None
3817,1064.5,392.53,MoveRight,1731,265,None
3818,1068,402.34,MoveRight,1731,265,None
3819,1071.5,412.15,MoveRight,1731,265,None
3820,1075,421.96,MoveRight,1731,265,None
3821,1078.5,431.77,MoveRight,1731,265,None
3822,1082,441.58,MoveRight,1731,265,None
3823,1085.5,451.39,MoveRight,1731,265,None
3824,1089,461.2,MoveRight,1731,265,None
3825,1092.5,471.01,MoveRight,1731,265,None
3826,1096,480.82,MoveRight,1731,265,None
3827,1099.5,490.63,MoveRight,1731,265,None
3828,1103,500.44,MoveRight,1731,265,None
3829,1106.5,510.25,MoveRight,1731,265,None
3830,1110,520.06,MoveRight,1731,265,None
3831,1113.5,529.87,MoveRight,1731,265,None
3832,1117,539.68,MoveRight,1731,265,None
3833,1120.5,549.49,MoveRight,1731,265,None
3834,1124,559.3,MoveRight,1731,265,None
3835,1127.5,569.11,MoveRight,1731,265,None
3836,1131,578.92,MoveRight,1731,265,None
3837,1134.5,569.11,MoveRight,1731,265,None
3838,1138,559.3,MoveRight,1731,265,None
3839,1141.5,549.49,MoveRight,1731,265,None
3840,1145,539.68,MoveRight,1731,265,None
3841,1148.5,529.87,MoveRight,1731,265,None
3842,1152,520.06,MoveRight,1731,265,None
3843,1155.5,510.25,MoveRight,1731,265,None
3844,1159,500.44,MoveRight,1731,265,None
3845,1162.5,490.63,MoveRight,1731,265,None
3846,1166,480.82,MoveRight,1731,265,None
3847,1169.5,471.01,MoveRight,1731,265,None
3848,1173,461.2,MoveRight,1731,265,None
3849,1176.5,451.39,MoveRight,1731,265,None
3850,1180,441.58,MoveRight,1731,265,None
3851,1183.5,431.77,MoveRight,1731,265,None
3852,1187,421.96,MoveRight,1731,265,None
3853,1190.5,412.15,MoveRight,1731,265,None
3853,1190.5,412.15,None,1724,265,MoveLeft
3854,1194,402.34,MoveRight,1724,265,None
3855,1197.5,392.53,MoveRight,1724,265,None
3856,1201,382.72,MoveRight,1724,265,None
3857,1204.5,372.91,MoveRight,1724,265,None
3858,1208,363.1,MoveRight,1724,265,None
3859,1211.5,353.29,MoveRight,1724,265,None
3860,1215,343.48,MoveRight,1724,265,None
3861,1218.5,333.67,MoveRight,1724,265,None
3862,1222,323.86,MoveRight,1724,265,None
3863,1225.5,314.05,MoveRight,1724,265,None
3864,1229,304.24,MoveRight,1724,265,None
3865,1232.5,294.43,MoveRight,1724,265,None
3868,1225.5,265,MoveLeft,1724,265,None
3869,1218.5,265,MoveLeft,1724,265,None
3870,1211.5,265,MoveLeft,1724,265,None
3871,1204.5,265,MoveLeft,1724,265,None
3872,1197.5,265,MoveLeft,1724,265,None
3873,1190.5,265,MoveLeft,1724,265,None
3874,1183.5,265,MoveLeft,1724,265,None
3875,1176.5,265,MoveLeft,1724,265,None
3876,1169.5,265,MoveLeft,1724,265,None
3877,1162.5,265,MoveLeft,1724,265,None
3878,1155.5,265,MoveLeft,1724,265,None
3879,1148.5,265,MoveLeft,1724,265,None
3880,1141.5,265,MoveLeft,1724,265,None
3881,1134.5,265,MoveLeft,1724,265,None
3882,1127.5,265,MoveLeft,1724,265,None
3883,1120.5,265,MoveLeft,1724,265,None
3884,1113.5,265,MoveLeft,1724,265,None
3885,1106.5,265,MoveLeft,1724,265,None
3886,1099.5,265,MoveLeft,1724,265,None
3887,1092.5,265,MoveLeft,1724,265,None
3888,1085.5,265,MoveLeft,1724,265,None
3889,1078.5,265,MoveLeft,1724,265,None
3890,1071.5,265,MoveLeft,1724,265,None
3891,1064.5,265,MoveLeft,1724,265,None
3892,1057.5,265,MoveLeft,1724,265,None
3893,1050.5,265,MoveLeft,1724,265,None
3894,1043.5,265,MoveLeft,1724,265,None
3895,1036.5,265,MoveLeft,1724,265,None
3896,1029.5,265,MoveLeft,1724,265,None
3897,1022.5,265,MoveLeft,1724,265,None
3899,1029.5,265,MoveRight,1724,265,None
3900,1036.5,265,MoveRight,1724,265,None
3901,1043.5,265,MoveRight,1724,265,None
3902,1050.5,265,MoveRight,1724,265,None
3903,1057.5,265,MoveRight,1724,265,None
3904,1064.5,265,MoveRight,1724,265,None
3905,1071.5,265,MoveRight,1724,265,None
3906,1078.5,265,MoveRight,1724,265,None
3907,1085.5,265,MoveRight,1724,265,None
3908,1092.5,265,MoveRight,1724,265,None
3909,1099.5,265,MoveRight,1724,265,None
3910,1106.5,265,MoveRight,1724,265,None
3911,1113.5,265,MoveRight,1724,265,None
3912,1120.5,265,MoveRight,1724,265,None
3913,1127.5,265,MoveRight,1724,265,None
3914,1134.5,265,MoveRight,1724,265,None
3915,1141.5,265,MoveRight,1724,265,None
3916,1148.5,265,MoveRight,1724,265,None
3917,1155.5,265,MoveRight,1724,265,None
3918,1162.5,265,MoveRight,1724,265,None
3919,1169.5,265,MoveRight,1724,265,None
3920,1176.5,265,MoveRight,1724,265,None
3921,1183.5,265,MoveRight,1724,265,None
3922,1190.5,265,MoveRight,1724,265,None
3923,1197.5,265,MoveRight,1724,265,None
3924,1204.5,265,MoveRight,1724,265,None
3925,1211.5,265,MoveRight,1724,265,None
3926,1218.5,265,MoveRight,1724,265,None
3927,977,265,MoveRight,2410,265,None
3928,984,265,MoveRight,2410,265,None
3929,991,265,MoveRight,2410,265,None
3930,998,265,MoveRight,2410,265,None
3931,1005,265,MoveRight,2410,265,None
3932,1012,265,MoveRight,2410,265,None
3933,1019,265,MoveRight,2410,265,None
3934,1026,265,MoveRight,2410,265,None
3936,1019,265,MoveLeft,2410,265,None
3937,1012,265,MoveLeft,2410,265,None
3938,1005,265,MoveLeft,2410,265,None
3939,998,265,MoveLeft,2410,265,None
3940,991,265,MoveLeft,2410,265,None
3941,984,265,MoveLeft,2410,265,None
3942,977,265,MoveLeft,2410,265,None
3943,970,265,MoveLeft,2410,265,None
3944,963,265,MoveLeft,2410,265,None
3945,956,265,MoveLeft,2410,265,None
3946,949,265,MoveLeft,2410,265,None
3977,949,265,None,2410,265,Serve
3977,942,265,MoveLeft,2410,265,None
3977,942,265,None,2410,265,None
3978,935,265,MoveLeft,2410,265,None
3979,928,265,MoveLeft,2410,265,None
3980,921,265,MoveLeft,2410,265,None
3981,914,265,MoveLeft,2410,265,None
3982,907,265,MoveLeft,2410,265,None
3983,900,265,MoveLeft,2410,265,None
3984,893,265,MoveLeft,2410,265,None
3985,886,265,MoveLeft,2410,265,None
3986,879,265,MoveLeft,2410,265,None
3991,886,265,MoveRight,2410,265,None
3992,893,265,MoveRight,2410,265,None
3993,900,265,MoveRight,2410,265,None
3994,907,265,MoveRight,2410,265,None
3995,914,265,MoveRight,2410,265,None
3996,921,265,MoveRight,2410,265,None
3996,921,265,None,2403,265,MoveLeft
3997,928,265,MoveRight,2403,265,None
3997,928,265,None,2396,265,MoveLeft
3998,935,265,MoveRight,2396,265,None
3998,935,265,None,2389,265,MoveLeft
3999,942,265,MoveRight,2389,265,None
3999,942,265,None,2382,265,MoveLeft
4000,949,265,MoveRight,2382,265,None
4000,949,265,None,2375,265,MoveLeft
4001,956,265,MoveRight,2375,265,None
4001,956,265,None,2368,265,MoveLeft
4002,963,265,MoveRight,2368,265,None
4002,963,265,None,2361,265,MoveLeft
4003,970,265,MoveRight,2361,265,None
4003,970,265,None,2354,265,MoveLeft
4004,977,265,MoveRight,2354,265,None
4004,977,265,None,2347,265,MoveLeft
4005,984,265,MoveRight,2347,265,None
4005,984,265,None,2340,265,MoveLeft
4006,991,265,MoveRight,2340,265,None
4006,991,265,None,2333,265,MoveLeft
4007,998,265,MoveRight,2333,265,None
4007,998,265,None,2326,265,MoveLeft
4008,1005,265,MoveRight,2326,265,None
4008,1005,265,None,2319,265,MoveLeft
4009,1012,265,MoveRight,2319,265,None
4009,1012,265,None,2312,265,MoveLeft
4010,1012,265,None,2305,265,MoveLeft
4011,1012,265,None,2298,265,MoveLeft
4012,1012,265,None,2291,265,MoveLeft
4013,1012,265,None,2284,265,MoveLeft
4014,1012,265,None,2277,265,MoveLeft
4015,1012,265,None,2270,265,MoveLeft
4016,1012,265,None,2263,265,MoveLeft
4017,1012,265,None,2256,265,MoveLeft
4018,1005,265,MoveLeft,2256,265,None
4018,1005,265,None,2249,265,MoveLeft
4019,998,265,MoveLeft,2249,265,None
4019,998,265,None,2242,265,MoveLeft
4020,991,265,MoveLeft,2242,265,None
4020,991,265,None,2235,265,MoveLeft
4021,984,265,MoveLeft,2235,265,None
4021,984,265,None,2228,265,MoveLeft
4022,977,265,MoveLeft,2228,265,None
4022,977,265,None,2221,265,MoveLeft
4023,970,265,MoveLeft,2221,265,None
4023,970,265,None,2214,265,MoveLeft
4024,963,265,MoveLeft,2214,265,None
4024,963,265,None,2207,265,MoveLeft
4025,956,265,MoveLeft,2207,265,None
4025,956,265,None,2200,265,MoveLeft
4026,949,265,MoveLeft,2200,265,None
4026,949,265,None,2193,265,MoveLeft
4027,942,265,MoveLeft,2193,265,None
4027,942,265,None,2186,265,MoveLeft
4028,935,265,MoveLeft,2186,265,None
4028,935,265,None,2179,265,MoveLeft
4029,928,265,MoveLeft,2179,265,None
4029,928,265,None,2172,265,MoveLeft
4030,921,265,MoveLeft,2172,265,None
4030,921,265,None,2165,265,MoveLeft
4031,914,265,MoveLeft,2165,265,None
4031,914,265,None,2158,265,MoveLeft
4032,907,265,MoveLeft,2158,265,None
4032,907,265,None,2151,265,MoveLeft
4033,900,265,MoveLeft,2151,265,None
4033,900,265,None,2144,265,MoveLeft
4034,893,265,MoveLeft,2144,265,None
4034,893,265,None,2137,265,MoveLeft
4035,886,265,MoveLeft,2137,265,None
4035,886,265,None,2130,265,MoveLeft
4036,879,265,MoveLeft,2130,265,None
4036,879,265,None,2123,265,MoveLeft
4037,872,265,MoveLeft,2123,265,None
4037,872,265,None,2116,265,MoveLeft
4038,872,265,None,2116,265,None
4038,872,265,None,2109,265,MoveLeft
4039,872,265,None,2109,265,None
4039,872,265,None,2102,265,MoveLeft
4040,872,265,None,2102,265,None
4040,872,265,None,2095,265,MoveLeft
4041,872,265,None,2095,265,None
4041,872,265,None,2088,265,MoveLeft
4042,872,265,None,2088,265,None
4042,872,265,None,2081,265,MoveLeft
4043,872,265,None,2081,265,None
4043,872,265,None,2074,265,MoveLeft
4044,872,265,None,2074,265,None
4044,872,265,None,2067,265,MoveLeft
4045,872,265,None,2067,265,None
4045,872,265,None,2060,265,MoveLeft
4046,872,265,None,2060,265,None
4046,872,265,None,2053,265,MoveLeft
4047,872,265,None,2053,265,None
4047,872,265,None,2046,265,MoveLeft
4048,872,265,None,2046,265,None
4048,872,265,None,2039,265,MoveLeft
4049,872,265,Bump,2039,265,None
4049,872,265,None,2039,265,None
4049,872,265,None,2032,265,MoveLeft
4050,872,265,None,2025,265,MoveLeft
4051,872,265,None,2018,265,MoveLeft
4052,872,265,None,2011,265,MoveLeft
4053,872,265,None,2004,265,MoveLeft
4054,872,265,None,1997,265,MoveLeft
4055,872,265,None,1990,265,MoveLeft
4056,872,265,None,1983,265,MoveLeft
4057,872,265,None,1976,265,MoveLeft
4058,872,265,None,1969,265,MoveLeft
4059,872,265,None,1962,265,MoveLeft
4060,872,265,None,1955,265,MoveLeft
4061,872,265,None,1948,265,MoveLeft
4062,872,265,None,1941,265,MoveLeft
4063,872,265,None,1934,265,MoveLeft
4064,872,265,None,1927,265,MoveLeft
4065,872,265,None,1920,265,MoveLeft
4066,872,265,None,1913,265,MoveLeft
4067,872,265,None,1906,265,MoveLeft
4068,879,265,MoveRight,1906,265,None
4068,879,265,None,1899,265,MoveLeft
4069,886,265,MoveRight,1899,265,None
4069,886,265,None,1892,265,MoveLeft
4070,893,265,MoveRight,1892,265,None
4070,893,265,None,1885,265,MoveLeft
4071,900,265,MoveRight,1885,265,None
4071,900,265,None,1878,265,MoveLeft
4072,907,265,MoveRight,1878,265,None
4072,907,265,None,1871,265,MoveLeft
4073,914,265,MoveRight,1871,265,None
4073,914,265,None,1864,265,MoveLeft
4074,921,265,MoveRight,1864,265,None
4074,921,265,None,1857,265,MoveLeft
4075,928,265,MoveRight,1857,265,None
4075,928,265,None,1850,265,MoveLeft
4076,935,265,MoveRight,1850,265,None
4076,935,265,None,1843,265,MoveLeft
4077,942,265,MoveRight,1843,265,None
4077,942,265,None,1836,265,MoveLeft
4078,949,265,MoveRight,1836,265,None
4078,949,265,None,1829,265,MoveLeft
4079,956,265,MoveRight,1829,265,None
4079,956,265,None,1822,265,MoveLeft
4080,963,265,MoveRight,1822,265,None
4080,963,265,None,1815,265,MoveLeft
4081,970,265,MoveRight,1815,265,None
4081,970,265,None,1808,265,MoveLeft
4082,977,265,MoveRight,1808,265,None
4082,977,265,None,1801,265,MoveLeft
4083,984,265,MoveRight,1801,265,None
4083,984,265,None,1794,265,MoveLeft
4084,991,265,MoveRight,1794,265,None
4084,991,265,None,1787,265,MoveLeft
4085,998,265,MoveRight,1787,265,None
4085,998,265,None,1780,265,MoveLeft
4086,1005,265,MoveRight,1780,265,None
4086,1005,265,None,1773,265,MoveLeft
4087,1012,265,MoveRight,1773,265,None
4087,1012,265,None,1766,265,MoveLeft
4088,1019,265,MoveRight,1766,265,None
4088,1019,265,None,1759,265,MoveLeft
4089,1026,265,MoveRight,1759,265,None
4089,1026,265,None,1752,265,MoveLeft
4090,1033,265,MoveRight,1752,265,None
4090,1033,265,None,1745,265,MoveLeft
4091,1040,265,MoveRight,1745,265,None
4091,1040,265,None,1738,265,MoveLeft
4092,1047,265,MoveRight,1738,265,None
4092,1047,265,None,1731,265,MoveLeft
4093,1054,265,MoveRight,1731,265,None
4094,1061,265,MoveRight,1731,265,None
4095,1068,265,MoveRight,1731,265,None
4096,1075,265,MoveRight,1731,265,None
4097,1082,265,MoveRight,1731,265,None
4098,1085.5,284.62,MoveRight,1731,265,None
4099,1089,304.24,MoveRight,1731,265,None
4100,1092.5,314.05,MoveRight,1731,265,None
4101,1096,323.86,MoveRight,1731,265,None
4102,1099.5,333.67,MoveRight,1731,265,None
4103,1103,343.48,MoveRight,1731,265,None
4104,1106.5,353.29,MoveRight,1731,265,None
4105,1110,363.1,MoveRight,1731,265,None
4106,1113.5,372.91,MoveRight,1731,265,None
4107,1117,382.72,MoveRight,1731,265,None
4108,1120.5,392.53,MoveRight,1731,265,None
4109,1124,402.34,MoveRight,1731,265,None
4110,1127.5,412.15,MoveRight,1731,265,None
4111,1131,421.96,MoveRight,1731,265,None
4112,1134.5,431.77,MoveRight,1731,265,None
4113,1138,441.58,MoveRight,1731,265,None
4114,1141.5,451.39,MoveRight,1731,265,None
4115,1145,461.2,MoveRight,1731,265,None
4116,1148.5,471.01,MoveRight,1731,265,None
4117,1152,480.82,MoveRight,1731,265,None
4118,1155.5,490.63,MoveRight,1731,265,None
4119,1159,500.44,MoveRight,1731,265,None
4120,1162.5,510.25,MoveRight,1731,265,None
4121,1166,520.06,MoveRight,1731,265,None
4122,1169.5,529.87,MoveRight,1731,265,None
4123,1173,539.68,MoveRight,1731,265,None
4124,1176.5,549.49,MoveRight,1731,265,None
4125,1180,559.3,MoveRight,1731,265,None
4126,1183.5,569.11,MoveRight,1731,265,None
4127,1187,578.92,MoveRight,1731,265,None
4128,1190.5,569.11,MoveRight,1731,265,None
4129,1194,559.3,MoveRight,1731,265,None
4130,1197.5,549.49,MoveRight,1731,265,None
4131,1201,539.68,MoveRight,1731,265,None
4132,1204.5,529.87,MoveRight,1731,265,None
4133,1208,520.06,MoveRight,1731,265,None
4134,1211.5,510.25,MoveRight,1731,265,None
4135,1215,500.44,MoveRight,1731,265,None
4136,1218.5,490.63,MoveRight,1731,265,None
4137,1222,480.82,MoveRight,1731,265,None
4137,1222,480.82,None,1724,265,MoveLeft
4138,1225.5,471.01,MoveRight,1724,265,None
4139,1229,461.2,MoveRight,1724,265,None
4140,1232.5,451.39,MoveRight,1724,265,None
4141,1236,441.58,MoveRight,1724,265,None
4142,1239.5,431.77,MoveRight,1724,265,None
4143,1243,421.96,MoveRight,1724,265,None
4144,1243,412.15,SpikeLight,1724,265,None
4144,1246.5,412.15,MoveRight,1724,265,None
4145,1246.5,402.34,None,1717,265,MoveLeft
4146,1246.5,392.53,None,1710,265,MoveLeft
4147,1246.5,382.72,None,1703,265,MoveLeft
4148,1246.5,372.91,None,1696,265,MoveLeft
4149,1246.5,363.1,None,1689,265,MoveLeft
4150,1246.5,353.29,None,1682,265,MoveLeft
4151,1246.5,343.48,None,1675,265,MoveLeft
4152,1246.5,333.67,None,1668,265,MoveLeft
4153,1246.5,323.86,None,1661,265,MoveLeft
4154,1246.5,314.05,None,1654,265,MoveLeft
4155,1250,304.24,MoveRight,1654,265,None
4155,1250,304.24,None,1647,265,MoveLeft
4156,1253.5,294.43,MoveRight,1647,265,None
4156,1253.5,294.43,None,1640,265,MoveLeft
4157,1257,284.62,MoveRight,1640,265,None
4157,1257,284.62,None,1633,265,MoveLeft
4158,1260.5,274.81,MoveRight,1633,265,None
4158,1260.5,274.81,None,1626,265,MoveLeft
4159,1267.5,265,MoveRight,1626,265,None
4159,1267.5,265,None,1619,265,MoveLeft
4160,1274.5,265,MoveRight,1619,265,None
4160,1274.5,265,None,1612,265,MoveLeft
4161,1281.5,265,MoveRight,1612,265,None
4161,1281.5,265,None,1605,265,MoveLeft
4162,1288.5,265,MoveRight,1605,265,None
4163,1295.5,265,MoveRight,1605,265,None
4164,1302.5,265,MoveRight,1605,265,None
4182,1295.5,265,MoveLeft,1605,265,None
4183,1288.5,265,MoveLeft,1605,265,None
4184,1281.5,265,MoveLeft,1605,265,None
4185,1274.5,265,MoveLeft,1605,265,None
4186,1267.5,265,MoveLeft,1605,265,None
4187,1260.5,265,MoveLeft,1605,265,None
4188,1253.5,265,MoveLeft,1605,265,None
4189,1246.5,265,MoveLeft,1605,265,None
4190,1239.5,265,MoveLeft,1605,265,None
4191,1232.5,265,MoveLeft,1605,265,None
4192,1225.5,265,MoveLeft,1605,265,None
4193,1218.5,265,MoveLeft,1605,265,None
4194,1211.5,265,MoveLeft,1605,265,None
4195,1204.5,265,MoveLeft,1605,265,None
4196,1197.5,265,MoveLeft,1605,265,None
4197,1190.5,265,MoveLeft,1605,265,None
4198,1190.5,265,None,1605,265,SpikeLight
4198,1183.5,265,MoveLeft,1605,265,None
4198,1183.5,265,None,1605,265,None
4199,1176.5,265,MoveLeft,1605,265,None
4200,1169.5,265,MoveLeft,1605,265,None
4201,1162.5,265,MoveLeft,1605,265,None
4202,1155.5,265,MoveLeft,1605,265,None
4203,1148.5,265,MoveLeft,1605,265,None
4204,1141.5,265,MoveLeft,1605,265,None
4205,1134.5,265,MoveLeft,1605,265,None
4206,1127.5,265,MoveLeft,1605,265,None
4207,1120.5,265,MoveLeft,1605,265,None
4208,1127.5,265,MoveRight,1605,265,None
4209,1134.5,265,MoveRight,1605,265,None
4209,1134.5,265,None,1612,265,MoveRight
4210,1141.5,265,MoveRight,1612,265,None
4210,1141.5,265,None,1619,265,MoveRight
4211,1148.5,265,MoveRight,1619,265,None
4211,1148.5,265,None,1626,265,MoveRight
4212,1155.5,265,MoveRight,1626,265,None
4212,1155.5,265,None,1633,265,MoveRight
4213,1162.5,265,MoveRight,1633,265,None
4213,1162.5,265,None,1640,265,MoveRight
4214,1169.5,265,MoveRight,1640,265,None
4214,1169.5,265,None,1647,265,MoveRight
4215,1176.5,265,MoveRight,1647,265,None
4215,1176.5,265,None,1654,265,MoveRight
4216,1183.5,265,MoveRight,1654,265,None
4216,1183.5,265,None,1661,265,MoveRight
4217,1190.5,265,MoveRight,1661,265,None
4217,1190.5,265,None,1668,265,MoveRight
4218,1197.5,265,MoveRight,1668,265,None
4218,1197.5,265,None,1675,265,MoveRight
4219,1204.5,265,MoveRight,1675,265,None
4219,1204.5,265,None,1682,265,MoveRight
4220,1211.5,265,MoveRight,1682,265,None
4220,1211.5,265,None,1689,265,MoveRight
4221,1218.5,265,MoveRight,1689,265,None
4221,1218.5,265,None,1696,265,MoveRight
4222,1218.5,265,None,1703,265,MoveRight
4223,1218.5,265,None,1710,265,MoveRight
4224,1211.5,265,MoveLeft,1710,265,None
4224,1211.5,265,None,1717,265,MoveRight
4225,1204.5,265,MoveLeft,1717,265,None
4225,1204.5,265,None,1724,265,MoveRight
4226,1197.5,265,MoveLeft,1724,265,None
4226,1197.5,265,None,1724,265,None
4227,1190.5,265,MoveLeft,1724,265,None
4227,1190.5,265,None,1724,265,None
4228,1183.5,265,MoveLeft,1724,265,None
4228,1183.5,265,None,1724,265,None
4229,1176.5,265,MoveLeft,1724,265,None
4229,1176.5,265,None,1724,265,None
4230,1169.5,265,MoveLeft,1724,265,None
4230,1169.5,265,None,1724,265,None
4231,1162.5,265,MoveLeft,1724,265,None
4231,1162.5,265,None,1724,265,None
4232,1155.5,265,MoveLeft,1724,265,None
4232,1155.5,265,None,1724,265,None
4233,1148.5,265,MoveLeft,1724,265,None
4233,1148.5,265,None,1724,265,None
4234,1141.5,265,MoveLeft,1724,265,None
4234,1141.5,265,None,1724,265,None
4235,1134.5,265,MoveLeft,1724,265,None
4235,1134.5,265,None,1724,265,None
4236,1134.5,265,None,1724,265,None
4237,1134.5,265,None,1724,265,None
4238,1134.5,265,None,1724,265,None
4239,1134.5,265,None,1724,265,None
4240,1134.5,265,None,1724,265,None
4241,1141.5,265,MoveRight,1724,265,None
4241,1141.5,265,None,1724,265,None
4242,1148.5,265,MoveRight,1724,265,None
4242,1148.5,265,None,1724,265,None
4243,1155.5,265,MoveRight,1724,265,None
4243,1155.5,265,None,1724,265,None
4244,1162.5,265,MoveRight,1724,265,None
4244,1162.5,265,None,1724,265,None
4245,1169.5,265,MoveRight,1724,265,None
4245,1169.5,265,None,1724,265,None
4246,1176.5,265,MoveRight,1724,265,None
4246,1176.5,265,None,1724,265,None
4247,1183.5,265,MoveRight,1724,265,None
4247,1183.5,265,None,1724,265,None
4248,1190.5,265,MoveRight,1724,265,None
4248,1190.5,265,None,1724,265,None
4249,1197.5,265,MoveRight,1724,265,None
4249,1197.5,265,None,1724,265,None
4250,1204.5,265,MoveRight,1724,265,None
4250,1204.5,265,None,1724,265,None
4251,1211.5,265,MoveRight,1724,265,None
4251,1211.5,265,None,1724,265,None
4252,1218.5,265,MoveRight,1724,265,None
4252,1218.5,265,None,1724,265,None
4253,1225.5,265,MoveRight,1724,265,None
4253,1225.5,265,None,1724,265,None
4254,1232.5,265,MoveRight,1724,265,None
4254,1232.5,265,None,1724,265,None
4255,1239.5,265,MoveRight,1724,265,None
4255,1239.5,265,None,1724,265,None
4256,1246.5,265,MoveRight,1724,265,None
4256,1246.5,265,None,1724,265,None
4257,1253.5,265,MoveRight,1724,265,None
4257,1253.5,265,None,1724,265,None
4258,1260.5,265,MoveRight,1724,265,None
4258,1260.5,265,None,1724,265,None
4259,1267.5,265,MoveRight,1724,265,None
4259,1267.5,265,None,1724,265,None
4260,1267.5,265,None,1724,265,None
4261,1267.5,265,None,1724,265,None
4262,1267.5,265,None,1724,265,None
4301,977,265,MoveRight,2410,265,None
4302,984,265,MoveRight,2410,265,None
4303,991,265,MoveRight,2410,265,None
4304,998,265,MoveRight,2410,265,None
4305,1005,265,MoveRight,2410,265,None
4306,1012,265,MoveRight,2410,265,None
4307,1019,265,MoveRight,2410,265,None
4308,1026,265,MoveRight,2410,265,None
4313,1026,265,None,2410,265,Serve
4313,1026,265,None,2410,265,None
4319,1019,265,MoveLeft,2410,265,None
4320,1012,265,MoveLeft,2410,265,None
4321,1005,265,MoveLeft,2410,265,None
4322,998,265,MoveLeft,2410,265,None
4323,991,265,MoveLeft,2410,265,None
4324,984,265,MoveLeft,2410,265,None
4325,977,265,MoveLeft,2410,265,None
4326,970,265,MoveLeft,2410,265,None
4327,963,265,MoveLeft,2410,265,None
4328,956,265,MoveLeft,2410,265,None
4329,949,265,MoveLeft,2410,265,None
4330,942,265,MoveLeft,2410,265,None
4331,935,265,MoveLeft,2410,265,None
4332,928,265,MoveLeft,2410,265,None
4333,921,265,MoveLeft,2410,265,None
4333,921,265,None,2403,265,MoveLeft
4334,914,265,MoveLeft,2403,265,None
4334,914,265,None,2396,265,MoveLeft
4335,907,265,MoveLeft,2396,265,None
4335,907,265,None,2389,265,MoveLeft
4336,900,265,MoveLeft,2389,265,None
4336,900,265,None,2382,265,MoveLeft
4337,893,265,MoveLeft,2382,265,None
4337,893,265,None,2375,265,MoveLeft
4338,886,265,MoveLeft,2375,265,None
4338,886,265,None,2368,265,MoveLeft
4339,879,265,MoveLeft,2368,265,None
4339,879,265,None,2361,265,MoveLeft
4340,879,265,None,2354,265,MoveLeft
4341,879,265,None,2347,265,MoveLeft
4342,879,265,None,2340,265,MoveLeft
4343,879,265,None,2333,265,MoveLeft
4344,879,265,None,2326,265,MoveLeft
4345,879,265,None,2319,265,MoveLeft
4346,879,265,None,2312,265,MoveLeft
4347,879,265,None,2305,265,MoveLeft
4348,879,265,None,2298,265,MoveLeft
4349,879,265,None,2291,265,MoveLeft
4350,879,265,None,2284,265,MoveLeft
4351,879,265,None,2277,265,MoveLeft
4352,886,265,MoveRight,2277,265,None
4352,886,265,None,2270,265,MoveLeft
4353,893,265,MoveRight,2270,265,None
4353,893,265,None,2263,265,MoveLeft
4354,900,265,MoveRight,2263,265,None
4354,900,265,None,2256,265,MoveLeft
4355,907,265,MoveRight,2256,265,None
4355,907,265,None,2249,265,MoveLeft
4356,914,265,MoveRight,2249,265,None
4356,914,265,None,2242,265,MoveLeft
4357,921,265,MoveRight,2242,265,None
4357,921,265,None,2235,265,MoveLeft
4358,928,265,MoveRight,2235,265,None
4358,928,265,None,2228,265,MoveLeft
4359,935,265,MoveRight,2228,265,None
4359,935,265,None,2221,265,MoveLeft
4360,942,265,MoveRight,2221,265,None
4360,942,265,None,2214,265,MoveLeft
4361,949,265,MoveRight,2214,265,None
4361,949,265,None,2207,265,MoveLeft
4362,956,265,MoveRight,2207,265,None
4362,956,265,None,2200,265,MoveLeft
4363,963,265,MoveRight,2200,265,None
4363,963,265,None,2193,265,MoveLeft
4364,970,265,MoveRight,2193,265,None
4364,970,265,None,2186,265,MoveLeft
4365,977,265,MoveRight,2186,265,None
4365,977,265,None,2179,265,MoveLeft
4366,977,265,None,2172,265,MoveLeft
4367,977,265,None,2165,265,MoveLeft
4368,977,265,None,2158,265,MoveLeft
4369,970,265,MoveLeft,2158,265,None
4369,970,265,None,2151,265,MoveLeft
4370,963,265,MoveLeft,2151,265,None
4370,963,265,None,2144,265,MoveLeft
4371,956,265,MoveLeft,2144,265,None
4371,956,265,None,2137,265,MoveLeft
4372,949,265,MoveLeft,2137,265,None
4372,949,265,None,2130,265,MoveLeft
4373,942,265,MoveLeft,2130,265,None
4373,942,265,None,2123,265,MoveLeft
4374,935,265,MoveLeft,2123,265,None
4374,935,265,None,2116,265,MoveLeft
4375,928,265,MoveLeft,2116,265,None
4375,928,265,None,2109,265,MoveLeft
4376,921,265,MoveLeft,2109,265,None
4376,921,265,None,2102,265,MoveLeft
4377,914,265,MoveLeft,2102,265,None
4377,914,265,None,2095,265,MoveLeft
4378,907,265,MoveLeft,2095,265,None
4378,907,265,None,2088,265,MoveLeft
4379,900,265,MoveLeft,2088,265,None
4379,900,265,None,2081,265,MoveLeft
4380,893,265,MoveLeft,2081,265,None
4380,893,265,None,2074,265,MoveLeft
4381,886,265,MoveLeft,2074,265,None
4381,886,265,None,2067,265,MoveLeft
4382,879,265,MoveLeft,2067,265,None
4382,879,265,None,2060,265,MoveLeft
4383,872,265,MoveLeft,2060,265,None
4383,872,265,None,2053,265,MoveLeft
4384,872,265,None,2053,265,None
4384,872,265,None,2046,265,MoveLeft
4385,872,265,Bump,2046,265,None
4385,872,265,None,2046,265,None
4385,872,265,None,2039,265,MoveLeft
4386,872,265,None,2032,265,MoveLeft
4387,872,265,None,2025,265,MoveLeft
4388,872,265,None,2018,265,MoveLeft
4389,872,265,None,2011,265,MoveLeft
4390,872,265,None,2004,265,MoveLeft
4391,872,265,None,1997,265,MoveLeft
4392,872,265,None,1990,265,MoveLeft
4393,872,265,None,1983,265,MoveLeft
4394,872,265,None,1976,265,MoveLeft
4395,872,265,None,1969,265,MoveLeft
4396,872,265,None,1962,265,MoveLeft
4397,872,265,None,1955,265,MoveLeft
4398,872,265,None,1948,265,MoveLeft
4399,872,265,None,1941,265,MoveLeft
4400,872,265,None,1934,265,MoveLeft
4401,872,265,None,1927,265,MoveLeft
4402,872,265,None,1920,265,MoveLeft
4403,872,265,None,1913,265,MoveLeft
4404,879,265,MoveRight,1913,265,None
4404,879,265,None,1906,265,MoveLeft
4405,886,265,MoveRight,1906,265,None
4405,886,265,None,1899,265,MoveLeft
4406,893,265,MoveRight,1899,265,None
4406,893,265,None,1892,265,MoveLeft
4407,900,265,MoveRight,1892,265,None
4407,900,265,None,1885,265,MoveLeft
4408,907,265,MoveRight,1885,265,None
4408,907,265,None,1878,265,MoveLeft
4409,914,265,MoveRight,1878,265,None
4409,914,265,None,1871,265,MoveLeft
4410,921,265,MoveRight,1871,265,None
4410,921,265,None,1864,265,MoveLeft
4411,928,265,MoveRight,1864,265,None
4411,928,265,None,1857,265,MoveLeft
4412,935,265,MoveRight,1857,265,None
4412,935,265,None,1850,265,MoveLeft
4413,942,265,MoveRight,1850,265,None
4413,942,265,None,1843,265,MoveLeft
4414,949,265,MoveRight,1843,265,None
4414,949,265,None,1836,265,MoveLeft
4415,956,265,MoveRight,1836,265,None
4415,956,265,None,1829,265,MoveLeft
4416,963,265,MoveRight,1829,265,None
4416,963,265,None,1822,265,MoveLeft
4417,970,265,MoveRight,1822,265,None
4417,970,265,None,1815,265,MoveLeft
4418,977,265,MoveRight,1815,265,None
4418,977,265,None,1808,265,MoveLeft
4419,984,265,MoveRight,1808,265,None
4419,984,265,None,1801,265,MoveLeft
4420,991,265,MoveRight,1801,265,None
4420,991,265,None,1794,265,MoveLeft
4421,998,265,MoveRight,1794,265,None
4421,998,265,None,1787,265,MoveLeft
4422,1005,265,MoveRight,1787,265,None
4422,1005,265,None,1780,265,MoveLeft
4423,1012,265,MoveRight,1780,265,None
4423,1012,265,None,1773,265,MoveLeft
4424,1019,265,MoveRight,1773,265,None
4424,1019,265,None,1766,265,MoveLeft
4425,1026,265,MoveRight,1766,265,None
4425,1026,265,None,1759,265,MoveLeft
4426,1033,265,MoveRight,1759,265,None
4426,1033,265,None,1752,265,MoveLeft
4427,1040,265,MoveRight,1752,265,None
4427,1040,265,None,1745,265,MoveLeft
4428,1047,265,MoveRight,1745,265,None
4428,1047,265,None,1738,265,MoveLeft
4429,1054,265,MoveRight,1738,265,None
4429,1054,265,None,1731,265,MoveLeft
4430,1061,265,MoveRight,1731,265,None
4431,1068,265,MoveRight,1731,265,None
4432,1075,265,MoveRight,1731,265,None
4433,1082,265,MoveRight,1731,265,None
4434,1089,265,MoveRight,1731,265,None
4435,1096,265,MoveRight,1731,265,None
4436,1103,265,MoveRight,1731,265,None
4437,1110,265,MoveRight,1731,265,None
4438,1117,265,MoveRight,1731,265,None
4439,1124,265,MoveRight,1731,265,None
4440,1131,265,MoveRight,1731,265,None
4441,1134.5,284.62,MoveRight,1731,265,None
4442,1138,304.24,MoveRight,1731,265,None
4443,1141.5,314.05,MoveRight,1731,265,None
4444,1145,323.86,MoveRight,1731,265,None
4445,1148.5,333.67,MoveRight,1731,265,None
4446,1152,343.48,MoveRight,1731,265,None
4447,1155.5,353.29,MoveRight,1731,265,None
4448,1159,363.1,MoveRight,1731,265,None
4449,1162.5,372.91,MoveRight,1731,265,None
4450,1166,382.72,MoveRight,1731,265,None
4451,1169.5,392.53,MoveRight,1731,265,None
4452,1173,402.34,MoveRight,1731,265,None
4453,1176.5,412.15,MoveRight,1731,265,None
4454,1180,421.96,MoveRight,1731,265,None
4455,1183.5,431.77,MoveRight,1731,265,None
4456,1187,441.58,MoveRight,1731,265,None
4457,1190.5,451.39,MoveRight,1731,265,None
4458,1194,461.2,MoveRight,1731,265,None
4459,1197.5,471.01,MoveRight,1731,265,None
4460,1201,480.82,MoveRight,1731,265,None
4461,1204.5,490.63,MoveRight,1731,265,None
4462,1208,500.44,MoveRight,1731,265,None
4463,1211.5,510.25,MoveRight,1731,265,None
4464,1215,520.06,MoveRight,1731,265,None
4465,1218.5,529.87,MoveRight,1731,265,None
4466,1222,539.68,MoveRight,1731,265,None
4467,1225.5,549.49,MoveRight,1731,265,None
4468,1229,559.3,MoveRight,1731,265,None
4469,1232.5,569.11,MoveRight,1731,265,None
4470,1236,578.92,MoveRight,1731,265,None
4471,1239.5,569.11,MoveRight,1731,265,None
4472,1243,559.3,MoveRight,1731,265,None
4473,1246.5,549.49,MoveRight,1731,265,None
4473,1246.5,549.49,None,1724,265,MoveLeft
4474,1250,539.68,MoveRight,1724,265,None
4475,1253.5,529.87,MoveRight,1724,265,None
4476,1257,520.06,MoveRight,1724,265,None
4477,1260.5,510.25,MoveRight,1724,265,None
4478,1264,500.44,MoveRight,1724,265,None
4479,1267.5,490.63,MoveRight,1724,265,None
4480,1271,480.82,MoveRight,1724,265,None
4481,1274.5,471.01,MoveRight,1724,265,None
4482,1278,461.2,MoveRight,1724,265,None
4483,1281.5,451.39,MoveRight,1724,265,None
4484,1285,441.58,MoveRight,1724,265,None
4485,1288.5,431.77,MoveRight,1724,265,None
4486,1292,421.96,MoveRight,1724,265,None
4487,1295.5,412.15,MoveRight,1724,265,None
4488,1299,402.34,MoveRight,1724,265,None
4489,1299,392.53,SpikeLight,1724,265,None
4489,1302.5,392.53,MoveRight,1724,265,None
4490,1302.5,382.72,None,1717,265,MoveLeft
4491,1302.5,372.91,None,1710,265,MoveLeft
4492,1302.5,363.1,None,1703,265,MoveLeft
4493,1302.5,353.29,None,1696,265,MoveLeft
4494,1302.5,343.48,None,1689,265,MoveLeft
4495,1302.5,333.67,None,1682,265,MoveLeft
4496,1302.5,323.86,None,1675,265,MoveLeft
4497,1302.5,314.05,None,1668,265,MoveLeft
4498,1302.5,304.24,None,1661,265,MoveLeft
4499,1302.5,294.43,None,1654,265,MoveLeft
4500,1306,284.62,MoveRight,1654,265,None
4500,1306,284.62,None,1647,265,MoveLeft
4501,1309.5,274.81,MoveRight,1647,265,None
4501,1309.5,274.81,None,1640,265,MoveLeft
4502,1316.5,265,MoveRight,1640,265,None
4502,1316.5,265,None,1633,265,MoveLeft
4503,1323.5,265,MoveRight,1633,265,None
4503,1323.5,265,None,1626,265,MoveLeft
4504,1326,265,None,1619,265,MoveLeft
4505,1326,265,None,1612,265,MoveLeft
4506,1326,265,None,1605,265,MoveLeft
4507,1326,265,None,1598,265,MoveLeft
4508,1326,265,None,1591,265,MoveLeft
4509,1326,265,None,1584,265,MoveLeft
4510,1326,265,None,1577,265,MoveLeft
4511,1326,265,None,1570,265,MoveLeft
4512,1326,265,None,1563,265,MoveLeft
4513,1326,265,None,1556,265,MoveLeft
4515,1319,265,MoveLeft,1556,265,None
4516,1312,265,MoveLeft,1556,265,None
4517,1305,265,MoveLeft,1556,265,None
4518,1298,265,MoveLeft,1556,265,None
4519,1291,265,MoveLeft,1556,265,None
4520,1284,265,MoveLeft,1556,265,None
4521,1277,265,MoveLeft,1556,265,None
4522,1270,265,MoveLeft,1556,265,None
4523,1263,265,MoveLeft,1556,265,None
4524,1256,265,MoveLeft,1556,265,None
4525,1249,265,MoveLeft,1556,265,None
4526,1242,265,MoveLeft,1556,265,None
4527,1235,265,MoveLeft,1556,265,None
4528,1228,265,MoveLeft,1556,265,None
4529,1221,265,MoveLeft,1556,265,None
4530,1214,265,MoveLeft,1556,265,None
4531,1207,265,MoveLeft,1556,265,None
4532,1200,265,MoveLeft,1556,265,None
4533,1193,265,MoveLeft,1556,265,None
4534,1186,265,MoveLeft,1556,265,None
4535,1179,265,MoveLeft,1556,265,None
4536,1172,265,MoveLeft,1556,265,None
4537,1165,265,MoveLeft,1556,265,None
4538,1158,265,MoveLeft,1556,265,None
4539,1151,265,MoveLeft,1556,265,None
4540,1144,265,MoveLeft,1556,265,None
4541,1144,265,None,1556,265,SpikeLight
4541,1137,265,MoveLeft,1556,265,None
4541,1137,265,None,1556,265,None
4542,1130,265,MoveLeft,1556,265,None
4543,1123,265,MoveLeft,1556,265,None
4544,1116,265,MoveLeft,1556,265,None
4545,1109,265,MoveLeft,1556,265,None
4546,1102,265,MoveLeft,1556,265,None
4547,1109,265,MoveRight,1556,265,None
4548,1116,265,MoveRight,1556,265,None
4549,1123,265,MoveRight,1556,265,None
4550,1130,265,MoveRight,1556,265,None
4551,1137,265,MoveRight,1556,265,None
4551,1137,265,None,1563,265,MoveRight
4552,1144,265,MoveRight,1563,265,None
4552,1144,265,None,1570,265,MoveRight
4553,1151,265,MoveRight,1570,265,None
4553,1151,265,None,1577,265,MoveRight
4554,1158,265,MoveRight,1577,265,None
4554,1158,265,None,1584,265,MoveRight
4555,1165,265,MoveRight,1584,265,None
4555,1165,265,None,1591,265,MoveRight
4556,1172,265,MoveRight,1591,265,None
4556,1172,265,None,1598,265,MoveRight
4557,1179,265,MoveRight,1598,265,None
4557,1179,265,None,1605,265,MoveRight
4558,1186,265,MoveRight,1605,265,None
4558,1186,265,None,1612,265,MoveRight
4559,1193,265,MoveRight,1612,265,None
4559,1193,265,None,1619,265,MoveRight
4560,1200,265,MoveRight,1619,265,None
4560,1200,265,None,1626,265,MoveRight
4561,1207,265,MoveRight,1626,265,None
4561,1207,265,None,1633,265,MoveRight
4562,1214,265,MoveRight,1633,265,None
4562,1214,265,None,1640,265,MoveRight
4563,1214,265,None,1640,265,None
4563,1214,265,None,1647,265,MoveRight
4564,1214,265,None,1647,265,None
4564,1214,265,None,1654,265,MoveRight
4565,1214,265,None,1654,265,None
4565,1214,265,None,1661,265,MoveRight
4566,1214,265,None,1661,265,None
4566,1214,265,None,1668,265,MoveRight
4567,1214,265,None,1668,265,None
4567,1214,265,None,1675,265,MoveRight
4568,1214,265,None,1675,265,None
4568,1214,265,None,1682,265,MoveRight
4569,1214,265,None,1682,265,None
4569,1214,265,None,1689,265,MoveRight
4570,1214,265,None,1689,265,None
4570,1214,265,None,1696,265,MoveRight
4571,1214,265,None,1696,265,None
4571,1214,265,None,1703,265,MoveRight
4572,1214,265,None,1703,265,None
4572,1214,265,None,1710,265,MoveRight
4573,1214,265,None,1710,265,None
4573,1214,265,None,1717,265,MoveRight
4574,1214,265,None,1717,265,None
4574,1214,265,None,1724,265,MoveRight
4575,1214,265,None,1724,265,None
4575,1214,265,None,1724,265,None
4576,1214,265,None,1724,265,None
4576,1214,265,None,1724,265,None
4577,1214,265,None,1724,265,None
4577,1214,265,None,1724,265,None
4578,1214,265,None,1724,265,None
4578,1214,265,None,1724,265,None
4579,1214,265,None,1724,265,None
4579,1214,265,None,1724,265,None
4580,1214,265,None,1724,265,None
4580,1214,265,None,1724,265,None
4581,1214,265,None,1724,265,None
4581,1214,265,None,1724,265,None
4582,1214,265,None,1724,265,None
4582,1214,265,None,1724,265,None
4583,1214,265,None,1724,265,None
4583,1214,265,None,1724,265,None
4584,1214,265,None,1724,265,None
4584,1214,265,None,1724,265,None
4585,1214,265,None,1724,265,None
4585,1214,265,None,1724,265,None
4586,1214,265,None,1724,265,None
4586,1214,265,None,1724,265,None
4587,1214,265,None,1724,265,None
4587,1214,265,None,1724,265,None
4588,1214,265,None,1724,265,None
4588,1214,265,None,1724,265,None
4589,1214,265,None,1724,265,None
4589,1214,265,None,1724,265,None
4590,1214,265,None,1724,265,None
4590,1214,265,None,1724,265,None
4591,1214,265,None,1724,265,None
4591,1214,265,None,1724,265,None
4592,1214,265,None,1724,265,None
4592,1214,265,None,1724,265,None
4593,1214,265,None,1724,265,None
4593,1214,265,None,1724,265,None
4594,1214,265,None,1724,265,None
4594,1214,265,None,1724,265,None
4595,1214,265,None,1724,265,None
4595,1214,265,None,1724,265,None
4596,1214,265,None,1724,265,None
4596,1214,265,None,1724,265,None
4597,1214,265,None,1724,265,None
4597,1214,265,None,1724,265,None
4598,1214,265,Bump,1724,265,None
4598,1214,265,None,1724,265,None
4598,1214,265,None,1724,265,None
4599,1214,265,None,1731,265,MoveRight
4619,1221,265,MoveRight,1731,265,None
4620,1228,265,MoveRight,1731,265,None
4621,1235,265,MoveRight,1731,265,None
4622,1242,265,MoveRight,1731,265,None
4623,1249,265,MoveRight,1731,265,None
4624,1256,265,MoveRight,1731,265,None
4625,1263,265,MoveRight,1731,265,None
4626,1270,265,MoveRight,1731,265,None
4627,1277,265,MoveRight,1731,265,None
4649,1270,265,MoveLeft,1731,265,None
4650,1263,265,MoveLeft,1731,265,None
4651,1256,265,MoveLeft,1731,265,None
4652,1249,265,MoveLeft,1731,265,None
4653,1242,265,MoveLeft,1731,265,None
4654,1235,265,MoveLeft,1731,265,None
4655,1228,265,MoveLeft,1731,265,None
4656,1221,265,MoveLeft,1731,265,None
4657,1214,265,MoveLeft,1731,265,None
4658,1207,265,MoveLeft,1731,265,None
4659,1200,265,MoveLeft,1731,265,None
4660,1193,265,MoveLeft,1731,265,None
4661,1186,265,MoveLeft,1731,265,None
4662,1179,265,MoveLeft,1731,265,None
4663,1172,265,MoveLeft,1731,265,None
4664,1165,265,MoveLeft,1731,265,None
4665,1158,265,MoveLeft,1731,265,None
4666,1151,265,MoveLeft,1731,265,None
4667,1144,265,MoveLeft,1731,265,None
4668,1137,265,MoveLeft,1731,265,None
4669,1130,265,MoveLeft,1731,265,None
4670,1123,265,MoveLeft,1731,265,None
4671,1116,265,MoveLeft,1731,265,None
4672,1109,265,MoveLeft,1731,265,None
4673,1102,265,MoveLeft,1731,265,None
4674,1095,265,MoveLeft,1731,265,None
4675,1088,265,MoveLeft,1731,265,None
4676,1081,265,MoveLeft,1731,265,None
4677,1074,265,MoveLeft,1731,265,None
4678,1067,265,MoveLeft,1731,265,None
4679,1060,265,MoveLeft,1731,265,None
4680,1053,265,MoveLeft,1731,265,None
4681,1046,265,MoveLeft,1731,265,None
4682,1039,265,MoveLeft,1731,265,None
4683,1032,265,MoveLeft,1731,265,None
4684,1025,265,MoveLeft,1731,265,None
4685,1018,265,MoveLeft,1731,265,None
4686,1011,265,MoveLeft,1731,265,None
4687,1004,265,MoveLeft,1731,265,None
4688,997,265,MoveLeft,1731,265,None
4689,1004,265,MoveRight,1731,265,None
4690,1011,265,MoveRight,1731,265,None
4691,1018,265,MoveRight,1731,265,None
4692,1025,265,MoveRight,1731,265,None
4693,1032,265,MoveRight,1731,265,None
4694,1039,265,MoveRight,1731,265,None
4695,1046,265,MoveRight,1731,265,None
4696,1053,265,MoveRight,1731,265,None
4697,1053,265,None,1731,265,SpikeMedium
4697,1060,265,MoveRight,1731,265,None
4697,1060,265,None,1731,265,None
4698,1053,265,MoveLeft,1731,265,None
4699,1046,265,MoveLeft,1731,265,None
4700,1039,265,MoveLeft,1731,265,None
4701,1032,265,MoveLeft,1731,265,None
4702,1025,265,MoveLeft,1731,265,None
4703,1018,265,MoveLeft,1731,265,None
4704,1011,265,MoveLeft,1731,265,None
4705,1004,265,MoveLeft,1731,265,None
4706,997,265,MoveLeft,1731,265,None
4707,990,265,MoveLeft,1731,265,None
4708,983,265,MoveLeft,1731,265,None
4708,983,265,None,1731,265,None
4709,976,265,MoveLeft,1731,265,None
4709,976,265,None,1731,265,None
4710,969,265,MoveLeft,1731,265,None
4710,969,265,None,1731,265,None
4711,962,265,MoveLeft,1731,265,None
4711,962,265,None,1731,265,None
4712,955,265,MoveLeft,1731,265,None
4712,955,265,None,1731,265,None
4713,948,265,MoveLeft,1731,265,None
4713,948,265,None,1731,265,None
4714,941,265,MoveLeft,1731,265,None
4714,941,265,None,1731,265,None
4715,934,265,MoveLeft,1731,265,None
4715,934,265,None,1731,265,None
4716,927,265,MoveLeft,1731,265,None
4716,927,265,None,1731,265,None
4717,920,265,MoveLeft,1731,265,None
4717,920,265,None,1731,265,None
4718,913,265,MoveLeft,1731,265,None
4718,913,265,None,1731,265,None
4719,906,265,MoveLeft,1731,265,None
4719,906,265,None,1731,265,None
4720,899,265,MoveLeft,1731,265,None
4720,899,265,None,1731,265,None
4721,892,265,MoveLeft,1731,265,None
4721,892,265,None,1731,265,None
4722,885,265,MoveLeft,1731,265,None
4722,885,265,None,1731,265,None
4723,878,265,MoveLeft,1731,265,None
4723,878,265,None,1731,265,None
4724,871,265,MoveLeft,1731,265,None
4724,871,265,None,1731,265,None
4725,864,265,MoveLeft,1731,265,None
4725,864,265,None,1731,265,None
4726,857,265,MoveLeft,1731,265,None
4726,857,265,None,1731,265,None
4727,850,265,MoveLeft,1731,265,None
4727,850,265,None,1731,265,None
4728,850,265,None,1731,265,None
4728,850,265,None,1731,265,None
4729,850,265,None,1731,265,None
4729,850,265,None,1731,265,None
4730,850,265,None,1731,265,None
4730,850,265,None,1731,265,None
4731,850,265,None,1731,265,None
4731,850,265,None,1731,265,None
4732,850,265,None,1731,265,None
4732,850,265,None,1731,265,None
4733,850,265,None,1731,265,None
4733,850,265,None,1731,265,None
4734,850,265,None,1731,265,None
4734,850,265,None,1731,265,None
4735,850,265,None,1731,265,None
4735,850,265,None,1731,265,None
4736,850,265,None,1731,265,None
4736,850,265,None,1731,265,None
4737,850,265,None,1731,265,None
4737,850,265,None,1731,265,None
4738,850,265,None,1731,265,None
4738,850,265,None,1731,265,None
4739,850,265,None,1731,265,None
4739,850,265,None,1731,265,None
4740,850,265,None,1731,265,None
4740,850,265,None,1731,265,None
4741,850,265,None,1731,265,None
4741,850,265,None,1731,265,None
4742,850,265,None,1731,265,None
4742,850,265,None,1731,265,None
4743,850,265,None,1731,265,None
4743,850,265,None,1731,265,None
4744,850,265,None,1731,265,None
4744,850,265,None,1731,265,None
4745,850,265,None,1731,265,None
4745,850,265,None,1731,265,None
4746,850,265,None,1731,265,None
4746,850,265,None,1731,265,None
4747,850,265,None,1731,265,None
4747,850,265,None,1731,265,None
4748,850,265,None,1731,265,None
4748,850,265,None,1731,265,None
4749,850,265,None,1731,265,None
4749,850,265,None,1731,265,None
4750,850,265,None,1731,265,None
4750,850,265,None,1731,265,None
4751,850,265,None,1731,265,None
4751,850,265,None,1731,265,None
4752,850,265,None,1731,265,None
4752,850,265,None,1731,265,None
4753,850,265,None,1731,265,None
4753,850,265,None,1731,265,None
4754,850,265,None,1731,265,None
4754,850,265,None,1731,265,None
4755,850,265,None,1731,265,None
4755,850,265,None,1731,265,None
4756,850,265,None,1731,265,None
4756,850,265,None,1731,265,None
4757,850,265,None,1731,265,None
4757,850,265,None,1731,265,None
4758,850,265,None,1731,265,None
4758,850,265,None,1731,265,None
4759,850,265,None,1731,265,None
4759,850,265,None,1731,265,None
4760,850,265,Bump,1731,265,None
4760,850,265,None,1731,265,None
4760,850,265,None,1731,265,None
4779,857,265,MoveRight,1731,265,None
4780,864,265,MoveRight,1731,265,None
4781,871,265,MoveRight,1731,265,None
4782,878,265,MoveRight,1731,265,None
4783,885,265,MoveRight,1731,265,None
4784,892,265,MoveRight,1731,265,None
4785,899,265,MoveRight,1731,265,None
4786,906,265,MoveRight,1731,265,None
4787,913,265,MoveRight,1731,265,None
4788,920,265,MoveRight,1731,265,None
4789,927,265,MoveRight,1731,265,None
4790,934,265,MoveRight,1731,265,None
4791,941,265,MoveRight,1731,265,None
4792,948,265,MoveRight,1731,265,None
4793,955,265,MoveRight,1731,265,None
4794,962,265,MoveRight,1731,265,None
4795,969,265,MoveRight,1731,265,None
4796,976,265,MoveRight,1731,265,None
4797,983,265,MoveRight,1731,265,None
4798,990,265,MoveRight,1731,265,None
4799,997,265,MoveRight,1731,265,None
4800,1004,265,MoveRight,1731,265,None
4801,1011,265,MoveRight,1731,265,None
4802,1018,265,MoveRight,1731,265,None
4803,1025,265,MoveRight,1731,265,None
4804,1032,265,MoveRight,1731,265,None
4805,1039,265,MoveRight,1731,265,None
4806,1046,265,MoveRight,1731,265,None
4807,1053,265,MoveRight,1731,265,None
4808,1056.5,284.62,MoveRight,1731,265,None
4809,1060,304.24,MoveRight,1731,265,None
4810,1063.5,314.05,MoveRight,1731,265,None
4811,1067,323.86,MoveRight,1731,265,None
4812,1070.5,333.67,MoveRight,1731,265,None
4813,1074,343.48,MoveRight,1731,265,None
4814,1077.5,353.29,MoveRight,1731,265,None
4815,1081,363.1,MoveRight,1731,265,None
4816,1084.5,372.91,MoveRight,1731,265,None
4817,1088,382.72,MoveRight,1731,265,None
4818,1091.5,392.53,MoveRight,1731,265,None
4819,1095,402.34,MoveRight,1731,265,None
4820,1098.5,412.15,MoveRight,1731,265,None
4821,1102,421.96,MoveRight,1731,265,None
4822,1105.5,431.77,MoveRight,1731,265,None
4823,1109,441.58,MoveRight,1731,265,None
4824,1112.5,451.39,MoveRight,1731,265,None
4825,1116,461.2,MoveRight,1731,265,None
4826,1119.5,471.01,MoveRight,1731,265,None
4827,1123,480.82,MoveRight,1731,265,None
4828,1126.5,490.63,MoveRight,1731,265,None
4829,1130,500.44,MoveRight,1731,265,None
4830,1133.5,510.25,MoveRight,1731,265,None
4831,1137,520.06,MoveRight,1731,265,None
4832,1140.5,529.87,MoveRight,1731,265,None
4833,1144,539.68,MoveRight,1731,265,None
4834,1147.5,549.49,MoveRight,1731,265,None
4835,1151,559.3,MoveRight,1731,265,None
4836,1154.5,569.11,MoveRight,1731,265,None
4837,1158,578.92,MoveRight,1731,265,None
4838,1161.5,569.11,MoveRight,1731,265,None
4839,1165,559.3,MoveRight,1731,265,None
4840,1168.5,549.49,MoveRight,1731,265,None
4841,1172,539.68,MoveRight,1731,265,None
4842,1175.5,529.87,MoveRight,1731,265,None
4843,1179,520.06,MoveRight,1731,265,None
4844,1182.5,510.25,MoveRight,1731,265,None
4845,1186,500.44,MoveRight,1731,265,None
4846,1189.5,490.63,MoveRight,1731,265,None
4847,1193,480.82,MoveRight,1731,265,None
4848,1196.5,471.01,MoveRight,1731,265,None
4849,1200,461.2,MoveRight,1731,265,None
4850,1203.5,451.39,MoveRight,1731,265,None
4851,1207,441.58,MoveRight,1731,265,None
4852,1210.5,431.77,MoveRight,1731,265,None
4853,1214,421.96,MoveRight,1731,265,None
4854,1217.5,412.15,MoveRight,1731,265,None
4855,1221,402.34,MoveRight,1731,265,None
4856,1224.5,392.53,MoveRight,1731,265,None
4857,1228,382.72,MoveRight,1731,265,None
4858,1231.5,372.91,MoveRight,1731,265,None
4859,1235,363.1,MoveRight,1731,265,None
4860,1238.5,353.29,MoveRight,1731,265,None
4861,1242,343.48,MoveRight,1731,265,None
4862,1245.5,333.67,MoveRight,1731,265,None
4863,1249,323.86,MoveRight,1731,265,None
4864,1252.5,314.05,MoveRight,1731,265,None
4865,1256,304.24,MoveRight,1731,265,None
4866,1259.5,294.43,MoveRight,1731,265,None
4867,977,265,MoveRight,2410,265,None
4868,984,265,MoveRight,2410,265,None
4869,991,265,MoveRight,2410,265,None
4870,998,265,MoveRight,2410,265,None
4871,1005,265,MoveRight,2410,265,None
4872,1012,265,MoveRight,2410,265,None
4873,1019,265,MoveRight,2410,265,None
4874,1026,265,MoveRight,2410,265,None
4875,1033,265,MoveRight,2410,265,None
4876,1040,265,MoveRight,2410,265,None
4877,1047,265,MoveRight,2410,265,None
4878,1054,265,MoveRight,2410,265,None
4879,1061,265,MoveRight,2410,265,None
4880,1068,265,MoveRight,2410,265,None
4917,1068,265,None,2410,265,Serve
4917,1068,265,None,2410,265,None
4933,1061,265,MoveLeft,2410,265,None
4934,1054,265,MoveLeft,2410,265,None
4935,1047,265,MoveLeft,2410,265,None
4936,1040,265,MoveLeft,2410,265,None
4937,1033,265,MoveLeft,2410,265,None
4937,1033,265,None,2403,265,MoveLeft
4938,1026,265,MoveLeft,2403,265,None
4938,1026,265,None,2396,265,MoveLeft
4939,1019,265,MoveLeft,2396,265,None
4939,1019,265,None,2389,265,MoveLeft
4940,1012,265,MoveLeft,2389,265,None
4940,1012,265,None,2382,265,MoveLeft
4941,1005,265,MoveLeft,2382,265,None
4941,1005,265,None,2375,265,MoveLeft
4942,998,265,MoveLeft,2375,265,None
4942,998,265,None,2368,265,MoveLeft
4943,991,265,MoveLeft,2368,265,None
4943,991,265,None,2361,265,MoveLeft
4944,984,265,MoveLeft,2361,265,None
4944,984,265,None,2354,265,MoveLeft
4945,977,265,MoveLeft,2354,265,None
4945,977,265,None,2347,265,MoveLeft
4946,970,265,MoveLeft,2347,265,None
4946,970,265,None,2340,265,MoveLeft
4947,963,265,MoveLeft,2340,265,None
4947,963,265,None,2333,265,MoveLeft
4948,956,265,MoveLeft,2333,265,None
4948,956,265,None,2326,265,MoveLeft
4949,949,265,MoveLeft,2326,265,None
4949,949,265,None,2319,265,MoveLeft
4950,942,265,MoveLeft,2319,265,None
4950,942,265,None,2312,265,MoveLeft
4951,935,265,MoveLeft,2312,265,None
4951,935,265,None,2305,265,MoveLeft
4952,928,265,MoveLeft,2305,265,None
4952,928,265,None,2298,265,MoveLeft
4953,921,265,MoveLeft,2298,265,None
4953,921,265,None,2291,265,MoveLeft
4954,914,265,MoveLeft,2291,265,None
4954,914,265,None,2284,265,MoveLeft
4955,907,265,MoveLeft,2284,265,None
4955,907,265,None,2277,265,MoveLeft
4956,900,265,MoveLeft,2277,265,None
4956,900,265,None,2270,265,MoveLeft
4957,893,265,MoveLeft,2270,265,None
4957,893,265,None,2263,265,MoveLeft
4958,886,265,MoveLeft,2263,265,None
4958,886,265,None,2256,265,MoveLeft
4959,879,265,MoveLeft,2256,265,None
4959,879,265,None,2249,265,MoveLeft
4960,872,265,MoveLeft,2249,265,None
4960,872,265,None,2242,265,MoveLeft
4961,872,265,None,2242,265,None
4961,872,265,None,2235,265,MoveLeft
4962,872,265,None,2235,265,None
4962,872,265,None,2228,265,MoveLeft
4963,872,265,None,2228,265,None
4963,872,265,None,2221,265,MoveLeft
4964,872,265,None,2221,265,None
4964,872,265,None,2214,265,MoveLeft
4965,872,265,None,2214,265,None
4965,872,265,None,2207,265,MoveLeft
4966,872,265,None,2207,265,None
4966,872,265,None,2200,265,MoveLeft
4967,872,265,None,2200,265,None
4967,872,265,None,2193,265,MoveLeft
4968,872,265,None,2193,265,None
4968,872,265,None,2186,265,MoveLeft
4969,872,265,None,2186,265,None
4969,872,265,None,2179,265,MoveLeft
4970,872,265,None,2179,265,None
4970,872,265,None,2172,265,MoveLeft
4971,872,265,None,2172,265,None
4971,872,265,None,2165,265,MoveLeft
4972,872,265,None,2165,265,None
4972,872,265,None,2158,265,MoveLeft
4973,872,265,None,2158,265,None
4973,872,265,None,2151,265,MoveLeft
4974,872,265,None,2151,265,None
4974,872,265,None,2144,265,MoveLeft
4975,872,265,None,2144,265,None
4975,872,265,None,2137,265,MoveLeft
4976,872,265,None,2137,265,None
4976,872,265,None,2130,265,MoveLeft
4977,872,265,None,2130,265,None
4977,872,265,None,2123,265,MoveLeft
4978,872,265,None,2123,265,None
4978,872,265,None,2116,265,MoveLeft
4979,872,265,None,2116,265,None
4979,872,265,None,2109,265,MoveLeft
4980,872,265,None,2109,265,None
4980,872,265,None,2102,265,MoveLeft
4981,872,265,None,2102,265,None
4981,872,265,None,2095,265,MoveLeft
4982,872,265,None,2095,265,None
4982,872,265,None,2088,265,MoveLeft
4983,872,265,None,2088,265,None
4983,872,265,None,2081,265,MoveLeft
4984,872,265,None,2081,265,None
4984,872,265,None,2074,265,MoveLeft
4985,872,265,None,2074,265,None
4985,872,265,None,2067,265,MoveLeft
4986,872,265,None,2067,265,None
4986,872,265,None,2060,265,MoveLeft
4987,872,265,None,2060,265,None
4987,872,265,None,2053,265,MoveLeft
4988,872,265,None,2053,265,None
4988,872,265,None,2046,265,MoveLeft
4989,872,265,Bump,2046,265,None
4989,872,265,None,2046,265,None
4989,872,265,None,2039,265,MoveLeft
4990,872,265,None,2032,265,MoveLeft
4991,872,265,None,2025,265,MoveLeft
4992,872,265,None,2018,265,MoveLeft
4993,872,265,None,2011,265,MoveLeft
4994,872,265,None,2004,265,MoveLeft
4995,872,265,None,1997,265,MoveLeft
4996,872,265,None,1990,265,MoveLeft
4997,872,265,None,1983,265,MoveLeft
4998,872,265,None,1976,265,MoveLeft
4999,872,265,None,1969,265,MoveLeft
5000,872,265,None,1962,265,MoveLeft
5001,872,265,None,1955,265,MoveLeft
5002,872,265,None,1948,265,MoveLeft
5003,872,265,None,1941,265,MoveLeft
5004,872,265,None,1934,265,MoveLeft
5005,872,265,None,1927,265,MoveLeft
5006,872,265,None,1920,265,MoveLeft
5007,872,265,None,1913,265,MoveLeft
5008,879,265,MoveRight,1913,265,None
5008,879,265,None,1906,265,MoveLeft
5009,886,265,MoveRight,1906,265,None
5009,886,265,None,1899,265,MoveLeft
5010,893,265,MoveRight,1899,265,None
5010,893,265,None,1892,265,MoveLeft
5011,900,265,MoveRight,1892,265,None
5011,900,265,None,1885,265,MoveLeft
5012,907,265,MoveRight,1885,265,None
5012,907,265,None,1878,265,MoveLeft
5013,914,265,MoveRight,1878,265,None
5013,914,265,None,1871,265,MoveLeft
5014,921,265,MoveRight,1871,265,None
5014,921,265,None,1864,265,MoveLeft
5015,928,265,MoveRight,1864,265,None
5015,928,265,None,1857,265,MoveLeft
5016,935,265,MoveRight,1857,265,None
5016,935,265,None,1850,265,MoveLeft
5017,942,265,MoveRight,1850,265,None
5017,942,265,None,1843,265,MoveLeft
5018,949,265,MoveRight,1843,265,None
5018,949,265,None,1836,265,MoveLeft
5019,956,265,MoveRight,1836,265,None
5019,956,265,None,1829,265,MoveLeft
5020,963,265,MoveRight,1829,265,None
5020,963,265,None,1822,265,MoveLeft
5021,970,265,MoveRight,1822,265,None
5021,970,265,None,1815,265,MoveLeft
5022,977,265,MoveRight,1815,265,None
5022,977,265,None,1808,265,MoveLeft
5023,984,265,MoveRight,1808,265,None
5023,984,265,None,1801,265,MoveLeft
5024,991,265,MoveRight,1801,265,None
5024,991,265,None,1794,265,MoveLeft
5025,998,265,MoveRight,1794,265,None
5025,998,265,None,1787,265,MoveLeft
5026,1005,265,MoveRight,1787,265,None
5026,1005,265,None,1780,265,MoveLeft
5027,1012,265,MoveRight,1780,265,None
5027,1012,265,None,1773,265,MoveLeft
5028,1019,265,MoveRight,1773,265,None
5028,1019,265,None,1766,265,MoveLeft
5029,1026,265,MoveRight,1766,265,None
5029,1026,265,None,1759,265,MoveLeft
5030,1033,265,MoveRight,1759,265,None
5030,1033,265,None,1752,265,MoveLeft
5031,1040,265,MoveRight,1752,265,None
5031,1040,265,None,1745,265,MoveLeft
5032,1047,265,MoveRight,1745,265,None
5032,1047,265,None,1738,265,MoveLeft
5033,1054,265,MoveRight,1738,265,None
5033,1054,265,None,1731,265,MoveLeft
5034,1061,265,MoveRight,1731,265,None
5035,1068,265,MoveRight,1731,265,None
5036,1075,265,MoveRight,1731,265,None
5037,1082,265,MoveRight,1731,265,None
5038,1089,265,MoveRight,1731,265,None
5039,1096,265,MoveRight,1731,265,None
5040,1103,265,MoveRight,1731,265,None
5041,1110,265,MoveRight,1731,265,None
5042,1117,265,MoveRight,1731,265,None
5043,1124,265,MoveRight,1731,265,None
5044,1131,265,MoveRight,1731,265,None
5045,1138,265,MoveRight,1731,265,None
5046,1145,265,MoveRight,1731,265,None
5047,1152,265,MoveRight,1731,265,None
5048,1159,265,MoveRight,1731,265,None
5049,1166,265,MoveRight,1731,265,None
5050,1173,265,MoveRight,1731,265,None
5051,1180,265,MoveRight,1731,265,None
5052,1187,265,MoveRight,1731,265,None
5053,1194,265,MoveRight,1731,265,None
5054,1201,265,MoveRight,1731,265,None
5055,1208,265,MoveRight,1731,265,None
5056,1215,265,MoveRight,1731,265,None
5057,1222,265,MoveRight,1731,265,None
5058,1229,265,MoveRight,1731,265,None
5059,1232.5,284.62,MoveRight,1731,265,None
5060,1236,304.24,MoveRight,1731,265,None
5061,1239.5,314.05,MoveRight,1731,265,None
5062,1243,323.86,MoveRight,1731,265,None
5063,1246.5,333.67,MoveRight,1731,265,None
5064,1250,343.48,MoveRight,1731,265,None
5065,1253.5,353.29,MoveRight,1731,265,None
5066,1257,363.1,MoveRight,1731,265,None
5067,1260.5,372.91,MoveRight,1731,265,None
5068,1264,382.72,MoveRight,1731,265,None
5069,1267.5,392.53,MoveRight,1731,265,None
5070,1271,402.34,MoveRight,1731,265,None
5071,1274.5,412.15,MoveRight,1731,265,None
5072,1278,421.96,MoveRight,1731,265,None
5073,1281.5,431.77,MoveRight,1731,265,None
5074,1285,441.58,MoveRight,1731,265,None
5075,1288.5,451.39,MoveRight,1731,265,None
5076,1292,461.2,MoveRight,1731,265,None
5077,1292,451.39,SpikeLight,1731,265,None
5077,1295.5,471.01,MoveRight,1731,265,None
5077,1295.5,471.01,None,1724,265,MoveLeft
5088,1299,578.92,MoveRight,1724,265,None
5089,1302.5,569.11,MoveRight,1724,265,None
5090,1306,559.3,MoveRight,1724,265,None
5091,1309.5,549.49,MoveRight,1724,265,None
5092,1313,539.68,MoveRight,1724,265,None
5093,1316.5,529.87,MoveRight,1724,265,None
5094,1320,520.06,MoveRight,1724,265,None
5095,1323.5,510.25,MoveRight,1724,265,None
5117,1322.5,294.43,MoveLeft,1724,265,None
5118,1319,284.62,MoveLeft,1724,265,None
5119,1315.5,274.81,MoveLeft,1724,265,None
5120,1308.5,265,MoveLeft,1724,265,None
5121,1301.5,265,MoveLeft,1724,265,None
5122,1294.5,265,MoveLeft,1724,265,None
5123,1287.5,265,MoveLeft,1724,265,None
5124,1280.5,265,MoveLeft,1724,265,None
5125,1273.5,265,MoveLeft,1724,265,None
5126,1266.5,265,MoveLeft,1724,265,None
5127,1259.5,265,MoveLeft,1724,265,None
5128,1252.5,265,MoveLeft,1724,265,None
5129,1245.5,265,MoveLeft,1724,265,None
5130,1238.5,265,MoveLeft,1724,265,None
5131,1231.5,265,MoveLeft,1724,265,None
5132,1224.5,265,MoveLeft,1724,265,None
5133,1217.5,265,MoveLeft,1724,265,None
5134,1210.5,265,MoveLeft,1724,265,None
5135,1203.5,265,MoveLeft,1724,265,None
5136,1196.5,265,MoveLeft,1724,265,None
5137,1189.5,265,MoveLeft,1724,265,None
5138,1182.5,265,MoveLeft,1724,265,None
5139,1175.5,265,MoveLeft,1724,265,None
5140,1168.5,265,MoveLeft,1724,265,None
5141,1161.5,265,MoveLeft,1724,265,None
5142,1154.5,265,MoveLeft,1724,265,None
5143,1147.5,265,MoveLeft,1724,265,None
5144,1140.5,265,MoveLeft,1724,265,None
5145,1133.5,265,MoveLeft,1724,265,None
5163,963,265,MoveLeft,2410,265,None
5164,956,265,MoveLeft,2410,265,None
5165,949,265,MoveLeft,2410,265,None
5166,942,265,MoveLeft,2410,265,None
5167,935,265,MoveLeft,2410,265,None
5168,928,265,MoveLeft,2410,265,None
5169,921,265,MoveLeft,2410,265,None
5170,914,265,MoveLeft,2410,265,None
5171,907,265,MoveLeft,2410,265,None
5172,907,265,Bump,2410,265,None
5172,900,265,MoveLeft,2410,265,None
5173,900,265,Bump,2410,265,None
5173,907,265,MoveRight,2410,265,None
5174,907,265,Bump,2410,265,None
5174,914,265,MoveRight,2410,265,None
5175,914,265,Bump,2410,265,None
5175,921,265,MoveRight,2410,265,None
5176,921,265,Bump,2410,265,None
5176,928,265,MoveRight,2410,265,None
5177,928,265,Bump,2410,265,None
5177,935,265,MoveRight,2410,265,None
5178,935,265,Bump,2410,265,None
5178,942,265,MoveRight,2410,265,None
5179,942,265,Bump,2410,265,None
5179,949,265,MoveRight,2410,265,None
5180,949,265,Bump,2410,265,None
5180,956,265,MoveRight,2410,265,None
5181,956,265,Bump,2410,265,None
5181,963,265,MoveRight,2410,265,None
5182,963,265,Bump,2410,265,None
5182,970,265,MoveRight,2410,265,None
5183,970,265,Bump,2410,265,None
5183,977,265,MoveRight,2410,265,None
5184,984,265,MoveRight,2410,265,None
5185,991,265,MoveRight,2410,265,None
5186,998,265,MoveRight,2410,265,None
5187,1005,265,MoveRight,2410,265,None
5188,1012,265,MoveRight,2410,265,None
5189,1019,265,MoveRight,2410,265,None
5190,1026,265,MoveRight,2410,265,None
5191,1033,265,MoveRight,2410,265,None
5192,1040,265,MoveRight,2410,265,None
5193,1047,265,MoveRight,2410,265,None
5194,1054,265,MoveRight,2410,265,None
5195,1061,265,MoveRight,2410,265,None
5196,1061,265,None,2410,265,Serve
5196,1054,265,MoveLeft,2410,265,None
5196,1054,265,None,2410,265,None
5197,1047,265,MoveLeft,2410,265,None
5198,1040,265,MoveLeft,2410,265,None
5199,1033,265,MoveLeft,2410,265,None
5200,1026,265,MoveLeft,2410,265,None
5201,1019,265,MoveLeft,2410,265,None
5202,1012,265,MoveLeft,2410,265,None
5203,1005,265,MoveLeft,2410,265,None
5204,998,265,MoveLeft,2410,265,None
5205,991,265,MoveLeft,2410,265,None
5206,984,265,MoveLeft,2410,265,None
5207,977,265,MoveLeft,2410,265,None
5208,970,265,MoveLeft,2410,265,None
5209,963,265,MoveLeft,2410,265,None
5210,970,265,MoveRight,2410,265,None
5211,977,265,MoveRight,2410,265,None
5212,984,265,MoveRight,2410,265,None
5213,991,265,MoveRight,2410,265,None
5214,998,265,MoveRight,2410,265,None
5215,1005,265,MoveRight,2410,265,None
5216,1012,265,MoveRight,2410,265,None
5216,1012,265,None,2403,265,MoveLeft
5217,1019,265,MoveRight,2403,265,None
5217,1019,265,None,2396,265,MoveLeft
5218,1026,265,MoveRight,2396,265,None
5218,1026,265,None,2389,265,MoveLeft
5219,1033,265,MoveRight,2389,265,None
5219,1033,265,None,2382,265,MoveLeft
5220,1040,265,MoveRight,2382,265,None
5220,1040,265,None,2375,265,MoveLeft
5221,1047,265,MoveRight,2375,265,None
5221,1047,265,None,2368,265,MoveLeft
5222,1054,265,MoveRight,2368,265,None
5222,1054,265,None,2361,265,MoveLeft
5223,1061,265,MoveRight,2361,265,None
5223,1061,265,None,2354,265,MoveLeft
5224,1068,265,MoveRight,2354,265,None
5224,1068,265,None,2347,265,MoveLeft
5225,1075,265,MoveRight,2347,265,None
5225,1075,265,None,2340,265,MoveLeft
5226,1082,265,MoveRight,2340,265,None
5226,1082,265,None,2333,265,MoveLeft
5227,1089,265,MoveRight,2333,265,None
5227,1089,265,None,2326,265,MoveLeft
5228,1096,265,MoveRight,2326,265,None
5228,1096,265,None,2319,265,MoveLeft
5229,1103,265,MoveRight,2319,265,None
5229,1103,265,None,2312,265,MoveLeft
5230,1110,265,MoveRight,2312,265,None
5230,1110,265,None,2305,265,MoveLeft
5231,1117,265,MoveRight,2305,265,None
5231,1117,265,None,2298,265,MoveLeft
5232,1124,265,MoveRight,2298,265,None
5232,1124,265,None,2291,265,MoveLeft
5233,1124,265,None,2284,265,MoveLeft
5234,1117,265,MoveLeft,2284,265,None
5234,1117,265,None,2277,265,MoveLeft
5235,1110,265,MoveLeft,2277,265,None
5235,1110,265,None,2270,265,MoveLeft
5236,1103,265,MoveLeft,2270,265,None
5236,1103,265,None,2263,265,MoveLeft
5237,1096,265,MoveLeft,2263,265,None
5237,1096,265,None,2256,265,MoveLeft
5238,1089,265,MoveLeft,2256,265,None
5238,1089,265,None,2249,265,MoveLeft
5239,1082,265,MoveLeft,2249,265,None
5239,1082,265,None,2242,265,MoveLeft
5240,1075,265,MoveLeft,2242,265,None
5240,1075,265,None,2235,265,MoveLeft
5241,1068,265,MoveLeft,2235,265,None
5241,1068,265,None,2228,265,MoveLeft
5242,1061,265,MoveLeft,2228,265,None
5242,1061,265,None,2221,265,MoveLeft
5243,1054,265,MoveLeft,2221,265,None
5243,1054,265,None,2214,265,MoveLeft
5244,1047,265,MoveLeft,2214,265,None
5244,1047,265,None,2207,265,MoveLeft
5245,1040,265,MoveLeft,2207,265,None
5245,1040,265,None,2200,265,MoveLeft
5246,1033,265,MoveLeft,2200,265,None
5246,1033,265,None,2193,265,MoveLeft
5247,1026,265,MoveLeft,2193,265,None
5247,1026,265,None,2186,265,MoveLeft
5248,1019,265,MoveLeft,2186,265,None
5248,1019,265,None,2179,265,MoveLeft
5249,1012,265,MoveLeft,2179,265,None
5249,1012,265,None,2172,265,MoveLeft
5250,1005,265,MoveLeft,2172,265,None
5250,1005,265,None,2165,265,MoveLeft
5251,998,265,MoveLeft,2165,265,None
5251,998,265,None,2158,265,MoveLeft
5252,991,265,MoveLeft,2158,265,None
5252,991,265,None,2151,265,MoveLeft
5253,984,265,MoveLeft,2151,265,None
5253,984,265,None,2144,265,MoveLeft
5254,977,265,MoveLeft,2144,265,None
5254,977,265,None,2137,265,MoveLeft
5255,970,265,MoveLeft,2137,265,None
5255,970,265,None,2130,265,MoveLeft
5256,963,265,MoveLeft,2130,265,None
5256,963,265,None,2123,265,MoveLeft
5257,956,265,MoveLeft,2123,265,None
5257,956,265,None,2116,265,MoveLeft
5258,949,265,MoveLeft,2116,265,None
5258,949,265,None,2109,265,MoveLeft
5259,942,265,MoveLeft,2109,265,None
5259,942,265,None,2102,265,MoveLeft
5260,935,265,MoveLeft,2102,265,None
5260,935,265,None,2095,265,MoveLeft
5261,928,265,MoveLeft,2095,265,None
5261,928,265,None,2088,265,MoveLeft
5262,921,265,MoveLeft,2088,265,None
5262,921,265,None,2081,265,MoveLeft
5263,914,265,MoveLeft,2081,265,None
5263,914,265,None,2074,265,MoveLeft
5264,907,265,MoveLeft,2074,265,None
5264,907,265,None,2067,265,MoveLeft
5265,900,265,MoveLeft,2067,265,None
5265,900,265,None,2060,265,MoveLeft
5266,893,265,MoveLeft,2060,265,None
5266,893,265,None,2053,265,MoveLeft
5267,893,265,Bump,2053,265,None
5267,886,265,MoveLeft,2053,265,None
5267,886,265,None,2046,265,MoveLeft
5268,886,265,None,2039,265,MoveLeft
5269,886,265,None,2032,265,MoveLeft
5270,886,265,None,2025,265,MoveLeft
5271,886,265,None,2018,265,MoveLeft
5272,886,265,None,2011,265,MoveLeft
5273,886,265,None,2004,265,MoveLeft
5274,886,265,None,1997,265,MoveLeft
5275,886,265,None,1990,265,MoveLeft
5276,886,265,None,1983,265,MoveLeft
5277,886,265,None,1976,265,MoveLeft
5278,886,265,None,1969,265,MoveLeft
5279,886,265,None,1962,265,MoveLeft
5280,886,265,None,1955,265,MoveLeft
5281,886,265,None,1948,265,MoveLeft
5282,886,265,None,1941,265,MoveLeft
5283,886,265,None,1934,265,MoveLeft
5284,886,265,None,1927,265,MoveLeft
5285,886,265,None,1920,265,MoveLeft
5286,893,265,MoveRight,1920,265,None
5286,893,265,None,1913,265,MoveLeft
5287,900,265,MoveRight,1913,265,None
5287,900,265,None,1906,265,MoveLeft
5288,907,265,MoveRight,1906,265,None
5288,907,265,None,1899,265,MoveLeft
5289,914,265,MoveRight,1899,265,None
5289,914,265,None,1892,265,MoveLeft
5290,921,265,MoveRight,1892,265,None
5290,921,265,None,1885,265,MoveLeft
5291,928,265,MoveRight,1885,265,None
5291,928,265,None,1878,265,MoveLeft
5292,935,265,MoveRight,1878,265,None
5292,935,265,None,1871,265,MoveLeft
5293,942,265,MoveRight,1871,265,None
5293,942,265,None,1864,265,MoveLeft
5294,949,265,MoveRight,1864,265,None
5294,949,265,None,1857,265,MoveLeft
5295,956,265,MoveRight,1857,265,None
5295,956,265,None,1850,265,MoveLeft
5296,963,265,MoveRight,1850,265,None
5296,963,265,None,1843,265,MoveLeft
5297,970,265,MoveRight,1843,265,None
5297,970,265,None,1836,265,MoveLeft
5298,977,265,MoveRight,1836,265,None
5298,977,265,None,1829,265,MoveLeft
5299,984,265,MoveRight,1829,265,None
5299,984,265,None,1822,265,MoveLeft
5300,991,265,MoveRight,1822,265,None
5300,991,265,None,1815,265,MoveLeft
5301,998,265,MoveRight,1815,265,None
5301,998,265,None,1808,265,MoveLeft
5302,1005,265,MoveRight,1808,265,None
5302,1005,265,None,1801,265,MoveLeft
5303,1012,265,MoveRight,1801,265,None
5303,1012,265,None,1794,265,MoveLeft
5304,1019,265,MoveRight,1794,265,None
5304,1019,265,None,1787,265,MoveLeft
5305,1026,265,MoveRight,1787,265,None
5305,1026,265,None,1780,265,MoveLeft
5306,1033,265,MoveRight,1780,265,None
5306,1033,265,None,1773,265,MoveLeft
5307,1040,265,MoveRight,1773,265,None
5307,1040,265,None,1766,265,MoveLeft
5308,1047,265,MoveRight,1766,265,None
5308,1047,265,None,1759,265,MoveLeft
5309,1054,265,MoveRight,1759,265,None
5309,1054,265,None,1752,265,MoveLeft
5310,1061,265,MoveRight,1752,265,None
5310,1061,265,None,1745,265,MoveLeft
5311,1068,265,MoveRight,1745,265,None
5311,1068,265,None,1738,265,MoveLeft
5312,1075,265,MoveRight,1738,265,None
5312,1075,265,None,1731,265,MoveLeft
5313,1082,265,MoveRight,1731,265,None
5313,1082,265,None,1724,265,MoveLeft
5314,1089,265,MoveRight,1724,265,None
5314,1089,265,None,1717,265,MoveLeft
5315,1096,265,MoveRight,1717,265,None
5315,1096,265,None,1710,265,MoveLeft
5316,1103,265,MoveRight,1710,265,None
5316,1103,265,None,1703,265,MoveLeft
5317,1110,265,MoveRight,1703,265,None
5317,1110,265,None,1696,265,MoveLeft
5318,1117,265,MoveRight,1696,265,None
5318,1117,265,None,1689,265,MoveLeft
5319,1124,265,MoveRight,1689,265,None
5319,1124,265,None,1682,265,MoveLeft
5320,1131,265,MoveRight,1682,265,None
5320,1131,265,None,1675,265,MoveLeft
5321,1138,265,MoveRight,1675,265,None
5321,1138,265,None,1668,265,MoveLeft
5322,1145,265,MoveRight,1668,265,None
5322,1145,265,None,1661,265,MoveLeft
5323,1152,265,MoveRight,1661,265,None
5323,1152,265,None,1654,265,MoveLeft
5324,1159,265,MoveRight,1654,265,None
5324,1159,265,None,1647,265,MoveLeft
5325,1166,265,MoveRight,1647,265,None
5325,1166,265,None,1640,265,MoveLeft
5326,1173,265,MoveRight,1640,265,None
5326,1173,265,None,1633,265,MoveLeft
5327,1180,265,MoveRight,1633,265,None
5327,1180,265,None,1626,265,MoveLeft
5328,1187,265,MoveRight,1626,265,None
5328,1187,265,None,1619,265,MoveLeft
5329,1194,265,MoveRight,1619,265,None
5329,1194,265,None,1612,265,MoveLeft
5330,1201,265,MoveRight,1612,265,None
5330,1201,265,None,1605,265,MoveLeft
5331,1208,265,MoveRight,1605,265,None
5331,1208,265,None,1598,265,MoveLeft
5332,1215,265,MoveRight,1598,265,None
5332,1215,265,None,1591,265,MoveLeft
5333,1222,265,MoveRight,1591,265,None
5333,1222,265,None,1584,265,MoveLeft
5334,1229,265,MoveRight,1584,265,None
5334,1229,265,None,1577,265,MoveLeft
5335,1236,265,MoveRight,1577,265,None
5335,1236,265,None,1570,265,MoveLeft
5336,1243,265,MoveRight,1570,265,None
5336,1243,265,None,1563,265,MoveLeft
5337,1246.5,284.62,MoveRight,1563,265,None
5337,1246.5,284.62,None,1556,265,MoveLeft
5338,1250,304.24,MoveRight,1556,265,None
5338,1250,304.24,None,1549,265,MoveLeft
5339,1253.5,314.05,MoveRight,1549,265,None
5339,1253.5,314.05,None,1542,265,MoveLeft
5340,1257,323.86,MoveRight,1542,265,None
5340,1257,323.86,None,1535,265,MoveLeft
5341,1260.5,333.67,MoveRight,1535,265,None
5341,1260.5,333.67,None,1528,265,MoveLeft
5342,1264,343.48,MoveRight,1528,265,None
5342,1264,343.48,None,1521,265,MoveLeft
5343,1267.5,353.29,MoveRight,1521,265,None
5343,1267.5,353.29,None,1514,265,MoveLeft
5344,1271,363.1,MoveRight,1514,265,None
5344,1271,363.1,None,1507,265,MoveLeft
5345,1274.5,372.91,MoveRight,1507,265,None
5345,1274.5,372.91,None,1500,265,MoveLeft
5346,1278,382.72,MoveRight,1500,265,None
5346,1278,382.72,None,1493,265,MoveLeft
5347,1281.5,392.53,MoveRight,1493,265,None
5347,1281.5,392.53,None,1486,265,MoveLeft
5348,1285,402.34,MoveRight,1486,265,None
5348,1285,402.34,None,1479,265,MoveLeft
5349,1288.5,412.15,MoveRight,1479,265,None
5349,1288.5,412.15,None,1472,265,MoveLeft
5350,1292,421.96,MoveRight,1472,265,None
5350,1292,421.96,None,1465,265,MoveLeft
5351,1295.5,431.77,MoveRight,1465,265,None
5352,1299,441.58,MoveRight,1465,265,None
5353,1302.5,451.39,MoveRight,1465,265,None
5354,1306,461.2,MoveRight,1465,265,None
5355,1309.5,471.01,MoveRight,1465,265,None
5356,1313,480.82,MoveRight,1465,265,None
5357,1316.5,490.63,MoveRight,1465,265,None
5358,1320,500.44,MoveRight,1465,265,None
5359,1323.5,510.25,MoveRight,1465,265,None
5368,1326,559.3,None,1465,265,SpikeLight
5368,1326,559.3,None,1465,265,None
5378,1326,461.2,None,1472,265,MoveRight
5379,1326,451.39,None,1479,265,MoveRight
5380,1326,441.58,None,1486,265,MoveRight
5381,1326,431.77,None,1493,265,MoveRight
5382,1326,421.96,None,1500,265,MoveRight
5383,1326,412.15,None,1507,265,MoveRight
5384,1326,402.34,None,1514,265,MoveRight
5385,1326,392.53,None,1521,265,MoveRight
5386,1326,382.72,None,1528,265,MoveRight
5387,1326,372.91,None,1535,265,MoveRight
5388,1326,363.1,None,1542,265,MoveRight
5389,1326,353.29,None,1549,265,MoveRight
5390,1326,343.48,None,1556,265,MoveRight
5391,1326,333.67,None,1563,265,MoveRight
5392,1326,323.86,None,1570,265,MoveRight
5393,1326,314.05,None,1577,265,MoveRight
5394,1322.5,304.24,MoveLeft,1577,265,None
5394,1322.5,304.24,None,1584,265,MoveRight
5395,1319,294.43,MoveLeft,1584,265,None
5395,1319,294.43,None,1591,265,MoveRight
5396,1315.5,284.62,MoveLeft,1591,265,None
5396,1315.5,284.62,None,1598,265,MoveRight
5397,1312,274.81,MoveLeft,1598,265,None
5397,1312,274.81,None,1605,265,MoveRight
5398,1305,265,MoveLeft,1605,265,None
5398,1305,265,None,1612,265,MoveRight
5399,1298,265,MoveLeft,1612,265,None
5399,1298,265,None,1619,265,MoveRight
5400,1291,265,MoveLeft,1619,265,None
5400,1291,265,None,1626,265,MoveRight
5401,1284,265,MoveLeft,1626,265,None
5401,1284,265,None,1633,265,MoveRight
5402,1277,265,MoveLeft,1633,265,None
5402,1277,265,None,1640,265,MoveRight
5403,1270,265,MoveLeft,1640,265,None
5403,1270,265,None,1647,265,MoveRight
5404,1263,265,MoveLeft,1647,265,None
5404,1263,265,None,1654,265,MoveRight
5405,1256,265,MoveLeft,1654,265,None
5405,1256,265,None,1661,265,MoveRight
5406,1249,265,MoveLeft,1661,265,None
5406,1249,265,None,1668,265,MoveRight
5407,1242,265,MoveLeft,1668,265,None
5407,1242,265,None,1675,265,MoveRight
5408,1235,265,MoveLeft,1675,265,None
5408,1235,265,None,1682,265,MoveRight
5409,1228,265,MoveLeft,1682,265,None
5409,1228,265,None,1689,265,MoveRight
5410,1221,265,MoveLeft,1689,265,None
5410,1221,265,None,1696,265,MoveRight
5411,1214,265,MoveLeft,1696,265,None
5411,1214,265,None,1703,265,MoveRight
5412,1207,265,MoveLeft,1703,265,None
5412,1207,265,None,1710,265,MoveRight
5413,1200,265,MoveLeft,1710,265,None
5413,1200,265,None,1717,265,MoveRight
5414,1193,265,MoveLeft,1717,265,None
5414,1193,265,None,1724,265,MoveRight
5415,1186,265,MoveLeft,1724,265,None
5415,1186,265,None,1724,265,None
5416,1179,265,MoveLeft,1724,265,None
5416,1179,265,None,1724,265,None
5417,1172,265,MoveLeft,1724,265,None
5417,1172,265,None,1724,265,None
5418,1165,265,MoveLeft,1724,265,None
5418,1165,265,None,1724,265,None
5419,1158,265,MoveLeft,1724,265,None
5419,1158,265,None,1724,265,None
5420,1151,265,MoveLeft,1724,265,None
5420,1151,265,None,1724,265,None
5421,1144,265,MoveLeft,1724,265,None
5421,1144,265,None,1724,265,None
5422,1137,265,MoveLeft,1724,265,None
5422,1137,265,None,1724,265,None
5423,1130,265,MoveLeft,1724,265,None
5423,1130,265,None,1724,265,None
5424,1130,265,None,1724,265,None
5424,1130,265,None,1724,265,None
5425,1130,265,Bump,1724,265,None
5425,1130,265,None,1724,265,None
5425,1130,265,None,1724,265,None
5426,1130,265,None,1717,265,MoveLeft
5427,1130,265,None,1710,265,MoveLeft
5428,1130,265,None,1703,265,MoveLeft
5429,1130,265,None,1696,265,MoveLeft
5430,1130,265,None,1689,265,MoveLeft
5431,1130,265,None,1682,265,MoveLeft
5432,1130,265,None,1675,265,MoveLeft
5433,1130,265,None,1668,265,MoveLeft
5434,1130,265,None,1661,265,MoveLeft
5435,1130,265,None,1654,265,MoveLeft
5436,1130,265,None,1647,265,MoveLeft
5444,1137,265,MoveRight,1647,265,None
5445,1144,265,MoveRight,1647,265,None
5446,1151,265,MoveRight,1647,265,None
5447,1158,265,MoveRight,1647,265,None
5448,1165,265,MoveRight,1647,265,None
5449,1172,265,MoveRight,1647,265,None
5450,1179,265,MoveRight,1647,265,None
5451,1186,265,MoveRight,1647,265,None
5452,1193,265,MoveRight,1647,265,None
5453,1200,265,MoveRight,1647,265,None
5454,1207,265,MoveRight,1647,265,None
5455,1214,265,MoveRight,1647,265,None
5456,1221,265,MoveRight,1647,265,None
5457,1228,265,MoveRight,1647,265,None
5458,1235,265,MoveRight,1647,265,None
5459,1238.5,284.62,MoveRight,1647,265,None
5460,1242,304.24,MoveRight,1647,265,None
5461,1245.5,314.05,MoveRight,1647,265,None
5462,1249,323.86,MoveRight,1647,265,None
5463,1252.5,333.67,MoveRight,1647,265,None
5464,1256,343.48,MoveRight,1647,265,None
5465,1259.5,353.29,MoveRight,1647,265,None
5466,1263,363.1,MoveRight,1647,265,None
5467,1266.5,372.91,MoveRight,1647,265,None
5468,1270,382.72,MoveRight,1647,265,None
5469,1273.5,392.53,MoveRight,1647,265,None
5470,1277,402.34,MoveRight,1647,265,None
5471,1280.5,412.15,MoveRight,1647,265,None
5472,1284,421.96,MoveRight,1647,265,None
5473,1287.5,431.77,MoveRight,1647,265,None
5474,1291,441.58,MoveRight,1647,265,None
5475,1294.5,451.39,MoveRight,1647,265,None
5476,1298,461.2,MoveRight,1647,265,None
5477,1301.5,471.01,MoveRight,1647,265,None
5478,1305,480.82,MoveRight,1647,265,None
5479,1308.5,490.63,MoveRight,1647,265,None
5480,1312,500.44,MoveRight,1647,265,None
5481,1315.5,510.25,MoveRight,1647,265,None
5482,1319,520.06,MoveRight,1647,265,None
5483,1322.5,529.87,MoveRight,1647,265,None
5484,1326,539.68,MoveRight,1647,265,None
5506,1326,402.34,None,1647,265,None
5517,1322.5,294.43,MoveLeft,1647,265,None
5518,1319,284.62,MoveLeft,1647,265,None
5519,1315.5,274.81,MoveLeft,1647,265,None
5520,1308.5,265,MoveLeft,1647,265,None
5521,1301.5,265,MoveLeft,1647,265,None
5522,1294.5,265,MoveLeft,1647,265,None
5523,1287.5,265,MoveLeft,1647,265,None
5524,1287.5,265,None,1647,265,SpikeLight
5524,1280.5,265,MoveLeft,1647,265,None
5524,1280.5,265,None,1647,265,None
5525,1273.5,265,MoveLeft,1647,265,None
5526,1266.5,265,MoveLeft,1647,265,None
5527,1259.5,265,MoveLeft,1647,265,None
5528,1252.5,265,MoveLeft,1647,265,None
5529,1245.5,265,MoveLeft,1647,265,None
5530,1238.5,265,MoveLeft,1647,265,None
5531,1231.5,265,MoveLeft,1647,265,None
5532,1224.5,265,MoveLeft,1647,265,None
5533,1217.5,265,MoveLeft,1647,265,None
5534,1210.5,265,MoveLeft,1647,265,None
5534,1210.5,265,None,1654,265,MoveRight
5535,1203.5,265,MoveLeft,1654,265,None
5535,1203.5,265,None,1661,265,MoveRight
5536,1196.5,265,MoveLeft,1661,265,None
5536,1196.5,265,None,1668,265,MoveRight
5537,1189.5,265,MoveLeft,1668,265,None
5537,1189.5,265,None,1675,265,MoveRight
5538,1182.5,265,MoveLeft,1675,265,None
5538,1182.5,265,None,1682,265,MoveRight
5539,1175.5,265,MoveLeft,1682,265,None
5539,1175.5,265,None,1689,265,MoveRight
5540,1168.5,265,MoveLeft,1689,265,None
5540,1168.5,265,None,1696,265,MoveRight
5541,1161.5,265,MoveLeft,1696,265,None
5541,1161.5,265,None,1703,265,MoveRight
5542,1154.5,265,MoveLeft,1703,265,None
5542,1154.5,265,None,1710,265,MoveRight
5543,1147.5,265,MoveLeft,1710,265,None
5543,1147.5,265,None,1717,265,MoveRight
5544,1140.5,265,MoveLeft,1717,265,None
5544,1140.5,265,None,1724,265,MoveRight
5545,1133.5,265,MoveLeft,1724,265,None
5545,1133.5,265,None,1724,265,None
5546,1126.5,265,MoveLeft,1724,265,None
5546,1126.5,265,None,1724,265,None
5547,1119.5,265,MoveLeft,1724,265,None
5547,1119.5,265,None,1724,265,None
5548,1112.5,265,MoveLeft,1724,265,None
5548,1112.5,265,None,1724,265,None
5549,1105.5,265,MoveLeft,1724,265,None
5549,1105.5,265,None,1724,265,None
5550,1098.5,265,MoveLeft,1724,265,None
5550,1098.5,265,None,1724,265,None
5551,1091.5,265,MoveLeft,1724,265,None
5551,1091.5,265,None,1724,265,None
5552,1084.5,265,MoveLeft,1724,265,None
5552,1084.5,265,None,1724,265,None
5553,1077.5,265,MoveLeft,1724,265,None
5553,1077.5,265,None,1724,265,None
5554,1070.5,265,MoveLeft,1724,265,None
5554,1070.5,265,None,1724,265,None
5555,1063.5,265,MoveLeft,1724,265,None
5555,1063.5,265,None,1724,265,None
5556,1056.5,265,MoveLeft,1724,265,None
5556,1056.5,265,None,1724,265,None
5557,1049.5,265,MoveLeft,1724,265,None
5557,1049.5,265,None,1724,265,None
5558,1042.5,265,MoveLeft,1724,265,None
5558,1042.5,265,None,1724,265,None
5559,1035.5,265,MoveLeft,1724,265,None
5559,1035.5,265,None,1724,265,None
5560,1028.5,265,MoveLeft,1724,265,None
5560,1028.5,265,None,1724,265,None
5561,1021.5,265,MoveLeft,1724,265,None
5561,1021.5,265,None,1724,265,None
5562,1021.5,265,None,1724,265,None
5563,1021.5,265,None,1724,265,None
5564,1021.5,265,None,1724,265,None
5565,1021.5,265,None,1724,265,None
5566,1021.5,265,None,1724,265,None
5567,1021.5,265,None,1724,265,None
5568,1028.5,265,MoveRight,1724,265,None
5568,1028.5,265,None,1724,265,None
5569,1035.5,265,MoveRight,1724,265,None
5569,1035.5,265,None,1724,265,None
5570,1042.5,265,MoveRight,1724,265,None
5570,1042.5,265,None,1724,265,None
5571,1049.5,265,MoveRight,1724,265,None
5571,1049.5,265,None,1724,265,None
5572,1056.5,265,MoveRight,1724,265,None
5572,1056.5,265,None,1724,265,None
5573,1063.5,265,MoveRight,1724,265,None
5573,1063.5,265,None,1724,265,None
5574,1070.5,265,MoveRight,1724,265,None
5574,1070.5,265,None,1724,265,None
5575,1077.5,265,MoveRight,1724,265,None
5575,1077.5,265,None,1724,265,None
5576,1084.5,265,MoveRight,1724,265,None
5576,1084.5,265,None,1724,265,None
5577,1091.5,265,MoveRight,1724,265,None
5577,1091.5,265,None,1724,265,None
5578,1098.5,265,MoveRight,1724,265,None
5578,1098.5,265,None,1724,265,None
5579,1105.5,265,MoveRight,1724,265,None
5579,1105.5,265,None,1724,265,None
5580,1112.5,265,MoveRight,1724,265,None
5580,1112.5,265,None,1724,265,None
5581,1119.5,265,MoveRight,1724,265,None
5581,1119.5,265,None,1724,265,None
5582,1126.5,265,MoveRight,1724,265,None
5582,1126.5,265,None,1724,265,None
5583,1133.5,265,MoveRight,1724,265,None
5583,1133.5,265,None,1724,265,None
5584,1140.5,265,MoveRight,1724,265,None
5584,1140.5,265,None,1724,265,None
5585,1147.5,265,MoveRight,1724,265,None
5585,1147.5,265,None,1724,265,None
5586,1154.5,265,MoveRight,1724,265,None
5586,1154.5,265,None,1724,265,None
5587,1161.5,265,MoveRight,1724,265,None
5587,1161.5,265,None,1724,265,None
5588,1168.5,265,MoveRight,1724,265,None
5588,1168.5,265,None,1724,265,None
5589,1175.5,265,MoveRight,1724,265,None
5589,1175.5,265,None,1724,265,None
5590,1182.5,265,MoveRight,1724,265,None
5590,1182.5,265,None,1724,265,None
5591,1189.5,265,MoveRight,1724,265,None
5591,1189.5,265,None,1724,265,None
5592,1196.5,265,MoveRight,1724,265,None
5592,1196.5,265,None,1724,265,None
5593,1203.5,265,MoveRight,1724,265,None
5593,1203.5,265,None,1724,265,None
5594,1210.5,265,MoveRight,1724,265,None
5594,1210.5,265,None,1724,265,None
5595,1217.5,265,MoveRight,1724,265,None
5595,1217.5,265,None,1724,265,None
5596,1224.5,265,MoveRight,1724,265,None
5596,1224.5,265,None,1724,265,None
5597,1231.5,265,MoveRight,1724,265,None
5597,1231.5,265,None,1724,265,None
5598,1238.5,265,MoveRight,1724,265,None
5598,1238.5,265,None,1724,265,None
5599,1245.5,265,MoveRight,1724,265,None
5599,1245.5,265,None,1724,265,None
5600,1252.5,265,MoveRight,1724,265,None
5600,1252.5,265,None,1724,265,None
5601,1259.5,265,MoveRight,1724,265,None
5601,1259.5,265,None,1724,265,None
5602,1266.5,265,MoveRight,1724,265,None
5602,1266.5,265,None,1724,265,None
5603,1273.5,265,MoveRight,1724,265,None
5603,1273.5,265,None,1724,265,None
5604,1273.5,265,None,1724,265,None
5605,1273.5,265,None,1724,265,None
5606,1273.5,265,None,1724,265,None
5607,1266.5,265,MoveLeft,1724,265,None
5607,1266.5,265,None,1724,265,None
5608,1259.5,265,MoveLeft,1724,265,None
5608,1259.5,265,None,1724,265,None
5609,1252.5,265,MoveLeft,1724,265,None
5609,1252.5,265,None,1724,265,None
5610,1245.5,265,MoveLeft,1724,265,None
5610,1245.5,265,None,1724,265,None
5611,1238.5,265,MoveLeft,1724,265,None
5611,1238.5,265,None,1724,265,None
5612,1231.5,265,MoveLeft,1724,265,None
5612,1231.5,265,None,1724,265,None
5613,1224.5,265,MoveLeft,1724,265,None
5613,1224.5,265,None,1724,265,None
5614,1217.5,265,MoveLeft,1724,265,None
5614,1217.5,265,None,1724,265,None
5615,1210.5,265,MoveLeft,1724,265,None
5615,1210.5,265,None,1724,265,None
5616,1203.5,265,MoveLeft,1724,265,None
5616,1203.5,265,None,1724,265,None
5617,1196.5,265,MoveLeft,1724,265,None
5617,1196.5,265,None,1724,265,None
5618,1189.5,265,MoveLeft,1724,265,None
5618,1189.5,265,None,1724,265,None
5619,1182.5,265,MoveLeft,1724,265,None
5619,1182.5,265,None,1724,265,None
5620,1175.5,265,MoveLeft,1724,265,None
5620,1175.5,265,None,1724,265,None
5621,1168.5,265,MoveLeft,1724,265,None
5621,1168.5,265,None,1724,265,None
5622,1161.5,265,MoveLeft,1724,265,None
5622,1161.5,265,None,1724,265,None
5623,1154.5,265,MoveLeft,1724,265,None
5623,1154.5,265,None,1724,265,None
5624,1147.5,265,MoveLeft,1724,265,None
5624,1147.5,265,None,1724,265,None
5625,1140.5,265,MoveLeft,1724,265,None
5625,1140.5,265,None,1724,265,None
5626,1133.5,265,MoveLeft,1724,265,None
5626,1133.5,265,None,1724,265,None
5627,1126.5,265,MoveLeft,1724,265,None
5627,1126.5,265,None,1724,265,None
5628,1119.5,265,MoveLeft,1724,265,None
5628,1119.5,265,None,1724,265,None
5629,1112.5,265,MoveLeft,1724,265,None
5629,1112.5,265,None,1724,265,None
5630,1105.5,265,MoveLeft,1724,265,None
5630,1105.5,265,None,1724,265,None
5631,1098.5,265,MoveLeft,1724,265,None
5631,1098.5,265,None,1724,265,None
5632,1091.5,265,MoveLeft,1724,265,None
5632,1091.5,265,None,1724,265,None
5633,1084.5,265,MoveLeft,1724,265,None
5633,1084.5,265,None,1724,265,None
5634,1077.5,265,MoveLeft,1724,265,None
5634,1077.5,265,None,1724,265,None
5635,1077.5,265,SpikeLight,1724,265,None
5635,1070.5,265,MoveLeft,1724,265,None
5635,1070.5,265,None,1724,265,None
5646,1063.5,265,MoveLeft,1724,265,None
5647,1056.5,265,MoveLeft,1724,265,None
5681,1063.5,265,MoveRight,1724,265,None
5682,1070.5,265,MoveRight,1724,265,None
5683,1077.5,265,MoveRight,1724,265,None
5684,1084.5,265,MoveRight,1724,265,None
5685,1091.5,265,MoveRight,1724,265,None
5686,1098.5,265,MoveRight,1724,265,None
5687,1105.5,265,MoveRight,1724,265,None
5688,1112.5,265,MoveRight,1724,265,None
5689,1119.5,265,MoveRight,1724,265,None
5690,1126.5,265,MoveRight,1724,265,None
5691,1133.5,265,MoveRight,1724,265,None
5692,1140.5,265,MoveRight,1724,265,None
5693,1147.5,265,MoveRight,1724,265,None
5694,1154.5,265,MoveRight,1724,265,None
5736,963,265,MoveLeft,2410,265,None
5737,956,265,MoveLeft,2410,265,None
5738,949,265,MoveLeft,2410,265,None
5739,942,265,MoveLeft,2410,265,None
5740,935,265,MoveLeft,2410,265,None
5741,928,265,MoveLeft,2410,265,None
5742,921,265,MoveLeft,2410,265,None
5743,914,265,MoveLeft,2410,265,None
5744,907,265,MoveLeft,2410,265,None
5745,907,265,None,2410,265,Serve
5745,900,265,MoveLeft,2410,265,None
5745,900,265,None,2410,265,None
5746,893,265,MoveLeft,2410,265,None
5747,886,265,MoveLeft,2410,265,None
5748,879,265,MoveLeft,2410,265,None
5749,872,265,MoveLeft,2410,265,None
5750,872,265,None,2410,265,None
5751,872,265,None,2410,265,None
5752,872,265,None,2410,265,None
5753,872,265,None,2410,265,None
5754,872,265,None,2410,265,None
5755,872,265,None,2410,265,None
5756,872,265,None,2410,265,None
5757,872,265,None,2410,265,None
5758,872,265,None,2410,265,None
5759,872,265,None,2410,265,None
5760,872,265,None,2410,265,None
5761,872,265,None,2410,265,None
5762,872,265,None,2410,265,None
5763,872,265,None,2410,265,None
5764,872,265,None,2410,265,None
5764,872,265,None,2403,265,MoveLeft
5765,872,265,None,2403,265,None
5765,872,265,None,2396,265,MoveLeft
5766,872,265,None,2396,265,None
5766,872,265,None,2389,265,MoveLeft
5767,872,265,None,2389,265,None
5767,872,265,None,2382,265,MoveLeft
5768,872,265,None,2382,265,None
5768,872,265,None,2375,265,MoveLeft
5769,872,265,None,2375,265,None
5769,872,265,None,2368,265,MoveLeft
5770,872,265,None,2368,265,None
5770,872,265,None,2361,265,MoveLeft
5771,872,265,None,2361,265,None
5771,872,265,None,2354,265,MoveLeft
5772,872,265,None,2354,265,None
5772,872,265,None,2347,265,MoveLeft
5773,872,265,None,2347,265,None
5773,872,265,None,2340,265,MoveLeft
5774,872,265,None,2340,265,None
5774,872,265,None,2333,265,MoveLeft
5775,872,265,None,2333,265,None
5775,872,265,None,2326,265,MoveLeft
5776,872,265,None,2326,265,None
5776,872,265,None,2319,265,MoveLeft
5777,872,265,None,2319,265,None
5777,872,265,None,2312,265,MoveLeft
5778,872,265,None,2312,265,None
5778,872,265,None,2305,265,MoveLeft
5779,872,265,None,2305,265,None
5779,872,265,None,2298,265,MoveLeft
5780,872,265,None,2298,265,None
5780,872,265,None,2291,265,MoveLeft
5781,872,265,None,2291,265,None
5781,872,265,None,2284,265,MoveLeft
5782,872,265,None,2284,265,None
5782,872,265,None,2277,265,MoveLeft
5783,872,265,None,2277,265,None
5783,872,265,None,2270,265,MoveLeft
5784,872,265,None,2270,265,None
5784,872,265,None,2263,265,MoveLeft
5785,872,265,None,2263,265,None
5785,872,265,None,2256,265,MoveLeft
5786,872,265,None,2256,265,None
5786,872,265,None,2249,265,MoveLeft
5787,872,265,None,2249,265,None
5787,872,265,None,2242,265,MoveLeft
5788,872,265,None,2242,265,None
5788,872,265,None,2235,265,MoveLeft
5789,872,265,None,2235,265,None
5789,872,265,None,2228,265,MoveLeft
5790,872,265,None,2228,265,None
5790,872,265,None,2221,265,MoveLeft
5791,872,265,None,2221,265,None
5791,872,265,None,2214,265,MoveLeft
5792,872,265,None,2214,265,None
5792,872,265,None,2207,265,MoveLeft
5793,872,265,None,2207,265,None
5793,872,265,None,2200,265,MoveLeft
5794,872,265,None,2200,265,None
5794,872,265,None,2193,265,MoveLeft
5795,872,265,None,2193,265,None
5795,872,265,None,2186,265,MoveLeft
5796,872,265,None,2186,265,None
5796,872,265,None,2179,265,MoveLeft
5797,872,265,None,2179,265,None
5797,872,265,None,2172,265,MoveLeft
5798,872,265,None,2172,265,None
5798,872,265,None,2165,265,MoveLeft
5799,872,265,None,2165,265,None
5799,872,265,None,2158,265,MoveLeft
5800,872,265,None,2158,265,None
5800,872,265,None,2151,265,MoveLeft
5801,872,265,None,2151,265,None
5801,872,265,None,2144,265,MoveLeft
5802,872,265,None,2144,265,None
5802,872,265,None,2137,265,MoveLeft
5803,872,265,None,2137,265,None
5803,872,265,None,2130,265,MoveLeft
5804,872,265,None,2130,265,None
5804,872,265,None,2123,265,MoveLeft
5805,872,265,None,2123,265,None
5805,872,265,None,2116,265,MoveLeft
5806,872,265,None,2116,265,None
5806,872,265,None,2109,265,MoveLeft
5807,872,265,None,2109,265,None
5807,872,265,None,2102,265,MoveLeft
5808,872,265,None,2102,265,None
5808,872,265,None,2095,265,MoveLeft
5809,872,265,None,2095,265,None
5809,872,265,None,2088,265,MoveLeft
5810,872,265,None,2088,265,None
5810,872,265,None,2081,265,MoveLeft
5811,872,265,None,2081,265,None
5811,872,265,None,2074,265,MoveLeft
5812,872,265,None,2074,265,None
5812,872,265,None,2067,265,MoveLeft
5813,872,265,None,2067,265,None
5813,872,265,None,2060,265,MoveLeft
5814,872,265,None,2060,265,None
5814,872,265,None,2053,265,MoveLeft
5815,872,265,None,2053,265,None
5815,872,265,None,2046,265,MoveLeft
5816,872,265,None,2046,265,None
5816,872,265,None,2039,265,MoveLeft
5817,872,265,Bump,2039,265,None
5817,872,265,None,2039,265,None
5817,872,265,None,2032,265,MoveLeft
5818,872,265,None,2025,265,MoveLeft
5819,872,265,None,2018,265,MoveLeft
5820,872,265,None,2011,265,MoveLeft
5821,872,265,None,2004,265,MoveLeft
5822,872,265,None,1997,265,MoveLeft
5823,872,265,None,1990,265,MoveLeft
5824,872,265,None,1983,265,MoveLeft
5825,872,265,None,1976,265,MoveLeft
5826,872,265,None,1969,265,MoveLeft
5827,872,265,None,1962,265,MoveLeft
5828,872,265,None,1955,265,MoveLeft
5829,872,265,None,1948,265,MoveLeft
5830,872,265,None,1941,265,MoveLeft
5831,872,265,None,1934,265,MoveLeft
5832,872,265,None,1927,265,MoveLeft
5833,872,265,None,1920,265,MoveLeft
5834,872,265,None,1913,265,MoveLeft
5835,872,265,None,1906,265,MoveLeft
5836,879,265,MoveRight,1906,265,None
5836,879,265,None,1899,265,MoveLeft
5837,886,265,MoveRight,1899,265,None
5837,886,265,None,1892,265,MoveLeft
5838,893,265,MoveRight,1892,265,None
5838,893,265,None,1885,265,MoveLeft
5839,900,265,MoveRight,1885,265,None
5839,900,265,None,1878,265,MoveLeft
5840,907,265,MoveRight,1878,265,None
5840,907,265,None,1871,265,MoveLeft
5841,914,265,MoveRight,1871,265,None
5841,914,265,None,1864,265,MoveLeft
5842,921,265,MoveRight,1864,265,None
5842,921,265,None,1857,265,MoveLeft
5843,928,265,MoveRight,1857,265,None
5843,928,265,None,1850,265,MoveLeft
5844,935,265,MoveRight,1850,265,None
5844,935,265,None,1843,265,MoveLeft
5845,942,265,MoveRight,1843,265,None
5845,942,265,None,1836,265,MoveLeft
5846,949,265,MoveRight,1836,265,None
5846,949,265,None,1829,265,MoveLeft
5847,956,265,MoveRight,1829,265,None
5847,956,265,None,1822,265,MoveLeft
5848,963,265,MoveRight,1822,265,None
5848,963,265,None,1815,265,MoveLeft
5849,970,265,MoveRight,1815,265,None
5849,970,265,None,1808,265,MoveLeft
5850,977,265,MoveRight,1808,265,None
5850,977,265,None,1801,265,MoveLeft
5851,984,265,MoveRight,1801,265,None
5851,984,265,None,1794,265,MoveLeft
5852,991,265,MoveRight,1794,265,None
5852,991,265,None,1787,265,MoveLeft
5853,998,265,MoveRight,1787,265,None
5853,998,265,None,1780,265,MoveLeft
5854,1005,265,MoveRight,1780,265,None
5854,1005,265,None,1773,265,MoveLeft
5855,1012,265,MoveRight,1773,265,None
5855,1012,265,None,1766,265,MoveLeft
5856,1019,265,MoveRight,1766,265,None
5856,1019,265,None,1759,265,MoveLeft
5857,1026,265,MoveRight,1759,265,None
5857,1026,265,None,1752,265,MoveLeft
5858,1033,265,MoveRight,1752,265,None
5858,1033,265,None,1745,265,MoveLeft
5859,1040,265,MoveRight,1745,265,None
5859,1040,265,None,1738,265,MoveLeft
5860,1047,265,MoveRight,1738,265,None
5860,1047,265,None,1731,265,MoveLeft
5861,1054,265,MoveRight,1731,265,None
5862,1061,265,MoveRight,1731,265,None
5863,1068,265,MoveRight,1731,265,None
5864,1075,265,MoveRight,1731,265,None
5865,1082,265,MoveRight,1731,265,None
5866,1089,265,MoveRight,1731,265,None
5867,1096,265,MoveRight,1731,265,None
5868,1103,265,MoveRight,1731,265,None
5869,1110,265,MoveRight,1731,265,None
5870,1117,265,MoveRight,1731,265,None
5871,1124,265,MoveRight,1731,265,None
5872,1131,265,MoveRight,1731,265,None
5873,1138,265,MoveRight,1731,265,None
5874,1145,265,MoveRight,1731,265,None
5875,1152,265,MoveRight,1731,265,None
5876,1159,265,MoveRight,1731,265,None
5877,1166,265,MoveRight,1731,265,None
5878,1173,265,MoveRight,1731,265,None
5879,1180,265,MoveRight,1731,265,None
5880,1187,265,MoveRight,1731,265,None
5881,1194,265,MoveRight,1731,265,None
5882,1201,265,MoveRight,1731,265,None
5883,1208,265,MoveRight,1731,265,None
5884,1215,265,MoveRight,1731,265,None
5885,1222,265,MoveRight,1731,265,None
5886,1229,265,MoveRight,1731,265,None
5887,1236,265,MoveRight,1731,265,None
5888,1243,265,MoveRight,1731,265,None
5889,1250,265,MoveRight,1731,265,None
5890,1257,265,MoveRight,1731,265,None
5891,1264,265,MoveRight,1731,265,None
5892,1271,265,MoveRight,1731,265,None
5893,1278,265,MoveRight,1731,265,None
5894,1285,265,MoveRight,1731,265,None
5895,1292,265,MoveRight,1731,265,None
5896,1299,265,MoveRight,1731,265,None
5897,1306,265,MoveRight,1731,265,None
5898,1313,265,MoveRight,1731,265,None
5899,1320,265,MoveRight,1731,265,None
5905,1326,265,None,1724,265,MoveLeft
5907,1319,265,MoveLeft,1724,265,None
5908,1312,265,MoveLeft,1724,265,None
5909,1305,265,MoveLeft,1724,265,None
5910,1298,265,MoveLeft,1724,265,None
5911,1291,265,MoveLeft,1724,265,None
5912,1284,265,MoveLeft,1724,265,None
5913,1277,265,MoveLeft,1724,265,None
5914,1270,265,MoveLeft,1724,265,None
5915,1263,265,MoveLeft,1724,265,None
5916,1256,265,MoveLeft,1724,265,None
5917,1249,265,MoveLeft,1724,265,None
5918,1242,265,MoveLeft,1724,265,None
5919,1235,265,MoveLeft,1724,265,None
5920,1228,265,MoveLeft,1724,265,None
5921,1221,265,MoveLeft,1724,265,None
5922,1214,265,MoveLeft,1724,265,None
5923,1207,265,MoveLeft,1724,265,None
5924,1200,265,MoveLeft,1724,265,None
5925,1193,265,MoveLeft,1724,265,None
5926,1186,265,MoveLeft,1724,265,None
5927,1179,265,MoveLeft,1724,265,None
5928,1172,265,MoveLeft,1724,265,None
5929,1165,265,MoveLeft,1724,265,None
5930,1158,265,MoveLeft,1724,265,None
5931,1151,265,MoveLeft,1724,265,None
5932,1144,265,MoveLeft,1724,265,None
5933,1137,265,MoveLeft,1724,265,None
5934,1130,265,MoveLeft,1724,265,None
5935,1123,265,MoveLeft,1724,265,None
5936,1116,265,MoveLeft,1724,265,None
5937,1109,265,MoveLeft,1724,265,None
5938,1102,265,MoveLeft,1724,265,None
5939,1102,265,None,1724,265,None
5940,1095,265,MoveLeft,1724,265,None
5941,1088,265,MoveLeft,1724,265,None
5942,1081,265,MoveLeft,1724,265,None
5943,1074,265,MoveLeft,1724,265,None
5944,1067,265,MoveLeft,1724,265,None
5945,1060,265,MoveLeft,1724,265,None
5946,1053,265,MoveLeft,1724,265,None
5947,1046,265,MoveLeft,1724,265,None
5948,1039,265,MoveLeft,1724,265,None
5949,1032,265,MoveLeft,1724,265,None
5950,1025,265,MoveLeft,1724,265,None
5951,1018,265,MoveLeft,1724,265,None
5952,1011,265,MoveLeft,1724,265,None
5953,1004,265,MoveLeft,1724,265,None
5954,1004,265,None,1724,265,None
5955,1004,265,None,1724,265,None
5956,1004,265,None,1724,265,None
5957,1004,265,None,1724,265,None
5958,1004,265,None,1724,265,None
5959,1004,265,None,1724,265,None
5960,1004,265,None,1724,265,None
5961,1004,265,None,1724,265,None
5962,1004,265,Bump,1724,265,None
5962,1004,265,None,1724,265,None
5963,1004,265,None,1717,265,MoveLeft
5964,1004,265,None,1710,265,MoveLeft
5965,1004,265,None,1703,265,MoveLeft
5966,1004,265,None,1696,265,MoveLeft
5967,1004,265,None,1689,265,MoveLeft
5968,1004,265,None,1682,265,MoveLeft
5969,1004,265,None,1675,265,MoveLeft
5970,1004,265,None,1668,265,MoveLeft
5971,1004,265,None,1661,265,MoveLeft
5972,1004,265,None,1654,265,MoveLeft
5973,1004,265,None,1647,265,MoveLeft
5974,1004,265,None,1640,265,MoveLeft
5975,1004,265,None,1633,265,MoveLeft
5976,1004,265,None,1626,265,MoveLeft
5977,1004,265,None,1619,265,MoveLeft
5978,1004,265,None,1612,265,MoveLeft
5979,1004,265,None,1605,265,MoveLeft
5980,1004,265,None,1598,265,MoveLeft
5981,1011,265,MoveRight,1598,265,None
5981,1011,265,None,1591,265,MoveLeft
5982,1018,265,MoveRight,1591,265,None
5982,1018,265,None,1584,265,MoveLeft
5983,1025,265,MoveRight,1584,265,None
5983,1025,265,None,1577,265,MoveLeft
5984,1032,265,MoveRight,1577,265,None
5984,1032,265,None,1570,265,MoveLeft
5985,1039,265,MoveRight,1570,265,None
5986,1046,265,MoveRight,1570,265,None
5987,1053,265,MoveRight,1570,265,None
5988,1060,265,MoveRight,1570,265,None
5990,1067,265,MoveRight,1570,265,None
5991,1074,265,MoveRight,1570,265,None
5992,1081,265,MoveRight,1570,265,None
5993,1088,265,MoveRight,1570,265,None
5994,1095,265,MoveRight,1570,265,None
5995,1102,265,MoveRight,1570,265,None
5996,1109,265,MoveRight,1570,265,None
5997,1116,265,MoveRight,1570,265,None
5998,1123,265,MoveRight,1570,265,None
5999,1130,265,MoveRight,1570,265,None
6000,1137,265,MoveRight,1570,265,None
6001,1144,265,MoveRight,1570,265,None
6002,1151,265,MoveRight,1570,265,None
6003,1158,265,MoveRight,1570,265,None
6004,1165,265,MoveRight,1570,265,None
6005,1172,265,MoveRight,1570,265,None
6006,1179,265,MoveRight,1570,265,None
6007,1186,265,MoveRight,1570,265,None
6008,1193,265,MoveRight,1570,265,None
6009,1200,265,MoveRight,1570,265,None
6010,1207,265,MoveRight,1570,265,None
6017,1207,265,None,1570,265,None
6062,1207,265,None,1570,265,SpikeLight
6062,1207,265,None,1570,265,None
6064,1200,265,MoveLeft,1570,265,None
6065,1193,265,MoveLeft,1570,265,None
6066,1186,265,MoveLeft,1570,265,None
6067,1179,265,MoveLeft,1570,265,None
6068,1172,265,MoveLeft,1570,265,None
6069,1165,265,MoveLeft,1570,265,None
6070,1158,265,MoveLeft,1570,265,None
6071,1151,265,MoveLeft,1570,265,None
6072,1144,265,MoveLeft,1570,265,None
6073,1137,265,MoveLeft,1570,265,None
6073,1137,265,None,1577,265,MoveRight
6074,1130,265,MoveLeft,1577,265,None
6074,1130,265,None,1584,265,MoveRight
6075,1123,265,MoveLeft,1584,265,None
6075,1123,265,None,1591,265,MoveRight
6076,1116,265,MoveLeft,1591,265,None
6076,1116,265,None,1598,265,MoveRight
6077,1109,265,MoveLeft,1598,265,None
6077,1109,265,None,1605,265,MoveRight
6078,1102,265,MoveLeft,1605,265,None
6078,1102,265,None,1612,265,MoveRight
6079,1095,265,MoveLeft,1612,265,None
6079,1095,265,None,1619,265,MoveRight
6080,1088,265,MoveLeft,1619,265,None
6080,1088,265,None,1626,265,MoveRight
6081,1081,265,MoveLeft,1626,265,None
6081,1081,265,None,1633,265,MoveRight
6082,1081,265,None,1640,265,MoveRight
6083,1081,265,None,1647,265,MoveRight
6084,1081,265,None,1654,265,MoveRight
6085,1081,265,None,1661,265,MoveRight
6086,1081,265,None,1668,265,MoveRight
6087,1081,265,None,1675,265,MoveRight
6088,1081,265,None,1682,265,MoveRight
6089,1081,265,None,1689,265,MoveRight
6090,1081,265,None,1696,265,MoveRight
6091,1081,265,None,1703,265,MoveRight
6092,1081,265,None,1710,265,MoveRight
6093,1081,265,None,1717,265,MoveRight
6094,1081,265,None,1724,265,MoveRight
6095,1081,265,None,1724,265,None
6096,1081,265,None,1724,265,None
6097,1081,265,None,1724,265,None
6098,1081,265,None,1724,265,None
6099,1081,265,None,1724,265,None
6100,1081,265,None,1724,265,None
6101,1081,265,None,1724,265,None
6102,1081,265,None,1724,265,None
6103,1081,265,None,1724,265,None
6104,1081,265,None,1724,265,None
6105,1081,265,None,1724,265,None
6106,1081,265,None,1724,265,None
6107,1081,265,None,1724,265,None
6108,1081,265,None,1724,265,None
6109,1081,265,None,1724,265,None
6110,1081,265,None,1724,265,None
6111,1081,265,None,1724,265,None
6112,1081,265,None,1724,265,None
6113,1081,265,None,1724,265,None
6114,1081,265,None,1724,265,None
6115,1081,265,None,1724,265,None
6116,1081,265,None,1724,265,None
6117,1081,265,None,1724,265,None
6118,1081,265,None,1724,265,None
6119,1081,265,None,1724,265,None
6120,1081,265,None,1724,265,None
6121,1081,265,None,1724,265,None
6121,1081,265,None,1724,265,None
6122,1081,265,None,1724,265,None
6123,1081,265,None,1724,265,None
6124,1081,265,None,1724,265,None
6125,1081,265,None,1724,265,None
6126,1081,265,None,1724,265,None
6177,970,265,None,2410,265,Serve
6177,970,265,None,2410,265,None
6197,970,265,None,2403,265,MoveLeft
6198,970,265,None,2396,265,MoveLeft
6199,970,265,None,2396,265,None
6199,970,265,None,2389,265,MoveLeft
6200,970,265,None,2382,265,MoveLeft
6201,970,265,None,2375,265,MoveLeft
6202,970,265,None,2368,265,MoveLeft
6203,970,265,None,2361,265,MoveLeft
6204,970,265,None,2354,265,MoveLeft
6205,970,265,None,2347,265,MoveLeft
6206,970,265,None,2340,265,MoveLeft
6207,970,265,None,2333,265,MoveLeft
6208,970,265,None,2326,265,MoveLeft
6209,970,265,None,2319,265,MoveLeft
6210,970,265,None,2312,265,MoveLeft
6211,970,265,None,2305,265,MoveLeft
6212,970,265,None,2298,265,MoveLeft
6213,970,265,None,2291,265,MoveLeft
6214,970,265,None,2284,265,MoveLeft
6215,970,265,None,2277,265,MoveLeft
6216,970,265,None,2270,265,MoveLeft
6217,970,265,None,2263,265,MoveLeft
6218,970,265,None,2256,265,MoveLeft
6219,970,265,None,2249,265,MoveLeft
6220,970,265,None,2242,265,MoveLeft
6221,970,265,None,2235,265,MoveLeft
6222,970,265,None,2228,265,MoveLeft
6223,970,265,None,2221,265,MoveLeft
6224,970,265,None,2214,265,MoveLeft
6225,970,265,None,2207,265,MoveLeft
6226,970,265,None,2200,265,MoveLeft
6227,970,265,None,2193,265,MoveLeft
6228,970,265,None,2186,265,MoveLeft
6229,970,265,None,2179,265,MoveLeft
6230,970,265,None,2172,265,MoveLeft
6231,970,265,None,2165,265,MoveLeft
6232,970,265,None,2158,265,MoveLeft
6233,970,265,None,2151,265,MoveLeft
6234,970,265,None,2144,265,MoveLeft
6235,970,265,None,2137,265,MoveLeft
6236,970,265,None,2130,265,MoveLeft
6237,970,265,None,2123,265,MoveLeft
6238,970,265,None,2116,265,MoveLeft
6239,970,265,None,2109,265,MoveLeft
6240,970,265,None,2102,265,MoveLeft
6241,970,265,None,2095,265,MoveLeft
6242,970,265,None,2088,265,MoveLeft
6243,970,265,None,2081,265,MoveLeft
6244,970,265,None,2074,265,MoveLeft
6245,970,265,None,2067,265,MoveLeft
6246,970,265,None,2060,265,MoveLeft
6247,970,265,None,2053,265,MoveLeft
6248,970,265,None,2046,265,MoveLeft
6249,970,265,None,2039,265,MoveLeft
6250,970,265,None,2032,265,MoveLeft
6251,970,265,None,2025,265,MoveLeft
6252,970,265,None,2018,265,MoveLeft
6253,970,265,None,2011,265,MoveLeft
6292,970,265,None,2410,265,None
6304,970,265,None,2410,265,Serve
6304,970,265,None,2410,265,None
6323,970,265,None,2403,265,MoveLeft
6324,970,265,None,2396,265,MoveLeft
6325,970,265,None,2389,265,MoveLeft
6326,970,265,None,2382,265,MoveLeft
6327,970,265,None,2375,265,MoveLeft
6328,970,265,None,2368,265,MoveLeft
6329,970,265,None,2361,265,MoveLeft
6330,970,265,None,2354,265,MoveLeft
6331,970,265,None,2347,265,MoveLeft
6332,970,265,None,2340,265,MoveLeft
6333,970,265,None,2333,265,MoveLeft
6334,970,265,None,2326,265,MoveLeft
6335,970,265,None,2319,265,MoveLeft
6336,970,265,None,2312,265,MoveLeft
6337,970,265,None,2305,265,MoveLeft
6338,970,265,None,2298,265,MoveLeft
6339,970,265,None,2291,265,MoveLeft
6340,970,265,None,2284,265,MoveLeft
6341,970,265,None,2277,265,MoveLeft
6342,970,265,None,2270,265,MoveLeft
6343,970,265,None,2263,265,MoveLeft
6344,970,265,None,2256,265,MoveLeft
6345,970,265,None,2249,265,MoveLeft
6346,970,265,None,2242,265,MoveLeft
6347,970,265,None,2235,265,MoveLeft
6348,970,265,None,2228,265,MoveLeft
6349,970,265,None,2221,265,MoveLeft
6350,970,265,None,2214,265,MoveLeft
6351,970,265,None,2207,265,MoveLeft
6352,970,265,None,2200,265,MoveLeft
6353,970,265,None,2193,265,MoveLeft
6354,970,265,None,2186,265,MoveLeft
6355,970,265,None,2179,265,MoveLeft
6356,970,265,None,2172,265,MoveLeft
6357,970,265,None,2165,265,MoveLeft
6358,970,265,None,2158,265,MoveLeft
6359,970,265,None,2151,265,MoveLeft
6360,970,265,None,2144,265,MoveLeft
6361,970,265,None,2137,265,MoveLeft
6362,970,265,None,2130,265,MoveLeft
6363,970,265,None,2123,265,MoveLeft
6364,970,265,None,2116,265,MoveLeft
6365,970,265,None,2109,265,MoveLeft
6366,970,265,None,2102,265,MoveLeft
6367,970,265,None,2095,265,MoveLeft
6368,970,265,None,2088,265,MoveLeft
6369,970,265,None,2081,265,MoveLeft
6370,970,265,None,2074,265,MoveLeft
6371,970,265,None,2067,265,MoveLeft
6372,970,265,None,2060,265,MoveLeft
6373,970,265,None,2053,265,MoveLeft
6374,970,265,None,2046,265,MoveLeft
6375,970,265,None,2039,265,MoveLeft
6376,970,265,None,2032,265,MoveLeft
6377,970,265,None,2025,265,MoveLeft
6378,970,265,None,2018,265,MoveLeft
6379,970,265,None,2011,265,MoveLeft
6380,970,265,None,2004,265,MoveLeft
