Frame,PlayerPosX,PlayerPosY,PlayerEvent,BotPosX,BotPosY,BotEvent
1,970,265,None,1843,265,MoveLeft
2,970,265,None,1836,265,MoveLeft
3,970,265,None,1829,265,MoveLeft
4,970,265,None,1822,265,MoveLeft
5,970,265,None,1815,265,MoveLeft
6,970,265,None,1808,265,MoveLeft
7,970,265,None,1801,265,MoveLeft
8,970,265,None,1794,265,MoveLeft
9,970,265,None,1787,265,MoveLeft
10,970,265,None,1780,265,MoveLeft
11,970,265,None,1773,265,MoveLeft
12,970,265,None,1766,265,MoveLeft
13,970,265,None,1759,265,MoveLeft
14,970,265,None,1752,265,MoveLeft
15,970,265,None,1745,265,MoveLeft
16,970,265,None,1738,265,MoveLeft
17,970,265,None,1731,265,MoveLeft
366,977,265,MoveRight,1731,265,None
367,984,265,MoveRight,1731,265,None
368,991,265,MoveRight,1731,265,None
369,998,265,MoveRight,1731,265,None
370,1005,265,MoveRight,1731,265,None
371,1012,265,MoveRight,1731,265,None
372,1019,265,MoveRight,1731,265,None
373,1026,265,MoveRight,1731,265,None
374,1033,265,MoveRight,1731,265,None
375,1040,265,MoveRight,1731,265,None
376,1047,265,MoveRight,1731,265,None
377,1054,265,MoveRight,1731,265,None
378,1061,265,MoveRight,1731,265,None
379,1068,265,MoveRight,1731,265,None
380,1075,265,MoveRight,1731,265,None
381,1082,265,MoveRight,1731,265,None
382,1089,265,MoveRight,1731,265,None
383,1096,265,MoveRight,1731,265,None
384,1103,265,MoveRight,1731,265,None
385,1110,265,MoveRight,1731,265,None
386,1117,265,MoveRight,1731,265,None
387,1124,265,MoveRight,1731,265,None
388,1131,265,MoveRight,1731,265,None
389,1138,265,MoveRight,1731,265,None
390,1145,265,MoveRight,1731,265,None
391,1152,265,MoveRight,1731,265,None
392,1159,265,MoveRight,1731,265,None
393,1166,265,MoveRight,1731,265,None
394,1173,265,MoveRight,1731,265,None
395,1180,265,MoveRight,1731,265,None
396,1187,265,MoveRight,1731,265,None
397,1194,265,MoveRight,1731,265,None
398,1201,265,MoveRight,1731,265,None
399,1208,265,MoveRight,1731,265,None
400,1215,265,MoveRight,1731,265,None
401,1222,265,MoveRight,1731,265,None
402,1229,265,MoveRight,1731,265,None
403,1236,265,MoveRight,1731,265,None
404,1243,265,MoveRight,1731,265,None
405,1250,265,MoveRight,1731,265,None
406,1257,265,MoveRight,1731,265,None
407,1264,265,MoveRight,1731,265,None
408,1271,265,MoveRight,1731,265,None
409,1278,265,MoveRight,1731,265,None
410,1285,265,MoveRight,1731,265,None
411,1292,265,MoveRight,1731,265,None
412,1299,265,MoveRight,1731,265,None
413,1306,265,MoveRight,1731,265,None
414,1309.5,284.62,MoveRight,1731,265,None
415,1313,304.24,MoveRight,1731,265,None
416,1316.5,314.05,MoveRight,1731,265,None
417,1320,323.86,MoveRight,1731,265,None
418,1323.5,333.67,MoveRight,1731,265,None
441,1326,559.3,None,1731,265,None
466,1322.5,353.29,MoveLeft,1731,265,None
467,1319,343.48,MoveLeft,1731,265,None
468,1315.5,333.67,MoveLeft,1731,265,None
469,1312,323.86,MoveLeft,1731,265,None
470,1308.5,314.05,MoveLeft,1731,265,None
471,1305,304.24,MoveLeft,1731,265,None
472,1301.5,294.43,MoveLeft,1731,265,None
484,1301.5,284.62,None,1731,265,None
504,1301.5,471.01,Spike,1731,265,None
504,1301.5,490.63,None,1731,265,None
505,1301.5,500.44,None,1724,265,MoveLeft
506,1301.5,510.25,None,1717,265,MoveLeft
507,1301.5,520.06,None,1710,265,MoveLeft
508,1301.5,529.87,None,1703,265,MoveLeft
509,1301.5,539.68,None,1696,265,MoveLeft
510,1301.5,549.49,None,1689,265,MoveLeft
511,1301.5,559.3,None,1682,265,MoveLeft
512,1301.5,569.11,None,1675,265,MoveLeft
551,330,265,None,1850,265,None
579,330,265,Serve,1850,265,None
579,330,265,None,1850,265,None
580,330,265,None,1857,265,MoveRight
581,330,265,None,1864,265,MoveRight
582,330,265,None,1871,265,MoveRight
583,330,265,None,1878,265,MoveRight
624,337,265,MoveRight,1878,265,None
625,344,265,MoveRight,1878,265,None
626,351,265,MoveRight,1878,265,None
627,358,265,MoveRight,1878,265,None
628,365,265,MoveRight,1878,265,None
629,372,265,MoveRight,1878,265,None
630,379,265,MoveRight,1878,265,None
631,386,265,MoveRight,1878,265,None
632,393,265,MoveRight,1878,265,None
633,400,265,MoveRight,1878,265,None
634,407,265,MoveRight,1878,265,None
635,414,265,MoveRight,1878,265,None
636,421,265,MoveRight,1878,265,None
637,428,265,MoveRight,1878,265,None
638,435,265,MoveRight,1878,265,None
639,442,265,MoveRight,1878,265,None
640,449,265,MoveRight,1878,265,None
641,456,265,MoveRight,1878,265,None
642,463,265,MoveRight,1878,265,None
643,470,265,MoveRight,1878,265,None
644,477,265,MoveRight,1878,265,None
645,484,265,MoveRight,1878,265,None
646,491,265,MoveRight,1878,265,None
647,498,265,MoveRight,1878,265,None
648,505,265,MoveRight,1878,265,None
649,512,265,MoveRight,1878,265,None
650,519,265,MoveRight,1878,265,None
651,526,265,MoveRight,1878,265,None
652,533,265,MoveRight,1878,265,None
653,533,265,None,1878,265,SpikeMedium
653,540,265,MoveRight,1878,265,None
653,540,265,None,1878,265,None
664,540,265,None,1871,265,MoveLeft
665,540,265,None,1864,265,MoveLeft
666,540,265,None,1857,265,MoveLeft
667,540,265,None,1850,265,MoveLeft
668,540,265,None,1843,265,MoveLeft
669,540,265,None,1836,265,MoveLeft
670,540,265,None,1829,265,MoveLeft
671,540,265,None,1822,265,MoveLeft
672,540,265,None,1815,265,MoveLeft
673,540,265,None,1808,265,MoveLeft
674,540,265,None,1801,265,MoveLeft
675,540,265,None,1794,265,MoveLeft
676,540,265,None,1787,265,MoveLeft
677,540,265,None,1780,265,MoveLeft
678,540,265,None,1773,265,MoveLeft
679,540,265,None,1766,265,MoveLeft
680,540,265,None,1759,265,MoveLeft
681,540,265,None,1752,265,MoveLeft
682,540,265,None,1745,265,MoveLeft
683,540,265,None,1738,265,MoveLeft
684,540,265,None,1731,265,MoveLeft
685,540,265,None,1731,265,None
686,540,265,None,1731,265,None
687,540,265,None,1731,265,None
688,540,265,None,1731,265,None
689,540,265,None,1731,265,None
690,540,265,None,1731,265,None
691,540,265,None,1731,265,None
692,540,265,None,1731,265,None
693,540,265,None,1731,265,None
694,540,265,None,1731,265,None
695,540,265,None,1731,265,None
696,540,265,None,1731,265,None
697,540,265,None,1731,265,None
698,540,265,None,1731,265,None
699,540,265,None,1731,265,None
700,540,265,None,1731,265,None
701,540,265,None,1731,265,None
702,540,265,None,1731,265,None
703,540,265,None,1731,265,None
704,540,265,None,1731,265,None
705,540,265,None,1731,265,None
706,540,265,None,1731,265,None
707,540,265,None,1731,265,None
708,540,265,None,1731,265,None
709,540,265,None,1731,265,None
710,540,265,None,1731,265,None
711,540,265,None,1731,265,None
712,540,265,None,1731,265,None
713,540,265,None,1731,265,None
714,540,265,None,1731,265,None
715,540,265,None,1731,265,None
716,540,265,None,1731,265,None
717,540,265,None,1731,265,None
718,540,265,None,1731,265,None
719,540,265,None,1731,265,None
720,540,265,None,1731,265,None
721,540,265,None,1731,265,None
755,963,265,MoveLeft,2410,265,None
756,956,265,MoveLeft,2410,265,None
757,949,265,MoveLeft,2410,265,None
758,942,265,MoveLeft,2410,265,None
759,935,265,MoveLeft,2410,265,None
760,928,265,MoveLeft,2410,265,None
761,921,265,MoveLeft,2410,265,None
762,914,265,MoveLeft,2410,265,None
772,914,265,None,2410,265,Serve
772,914,265,None,2410,265,None
792,914,265,None,2403,265,MoveLeft
793,914,265,None,2396,265,MoveLeft
794,914,265,None,2389,265,MoveLeft
795,914,265,None,2382,265,MoveLeft
796,914,265,None,2375,265,MoveLeft
797,914,265,None,2368,265,MoveLeft
798,914,265,None,2361,265,MoveLeft
799,914,265,None,2354,265,MoveLeft
800,914,265,None,2347,265,MoveLeft
801,914,265,None,2340,265,MoveLeft
802,914,265,None,2333,265,MoveLeft
803,914,265,None,2326,265,MoveLeft
804,914,265,None,2319,265,MoveLeft
805,914,265,None,2312,265,MoveLeft
806,914,265,None,2305,265,MoveLeft
807,914,265,None,2298,265,MoveLeft
808,914,265,None,2291,265,MoveLeft
809,914,265,None,2284,265,MoveLeft
810,907,265,MoveLeft,2284,265,None
810,907,265,None,2277,265,MoveLeft
811,900,265,MoveLeft,2277,265,None
811,900,265,None,2270,265,MoveLeft
812,893,265,MoveLeft,2270,265,None
812,893,265,None,2263,265,MoveLeft
813,886,265,MoveLeft,2263,265,None
813,886,265,None,2256,265,MoveLeft
814,879,265,MoveLeft,2256,265,None
814,879,265,None,2249,265,MoveLeft
815,872,265,MoveLeft,2249,265,None
815,872,265,None,2242,265,MoveLeft
816,872,265,None,2242,265,None
816,872,265,None,2235,265,MoveLeft
817,872,265,None,2235,265,None
817,872,265,None,2228,265,MoveLeft
818,872,265,None,2228,265,None
818,872,265,None,2221,265,MoveLeft
819,872,265,None,2221,265,None
819,872,265,None,2214,265,MoveLeft
820,872,265,None,2214,265,None
820,872,265,None,2207,265,MoveLeft
821,872,265,None,2207,265,None
821,872,265,None,2200,265,MoveLeft
822,872,265,None,2200,265,None
822,872,265,None,2193,265,MoveLeft
823,872,265,None,2193,265,None
823,872,265,None,2186,265,MoveLeft
824,872,265,None,2186,265,None
824,872,265,None,2179,265,MoveLeft
825,872,265,None,2179,265,None
825,872,265,None,2172,265,MoveLeft
826,872,265,None,2172,265,None
826,872,265,None,2165,265,MoveLeft
827,872,265,None,2165,265,None
827,872,265,None,2158,265,MoveLeft
828,872,265,None,2158,265,None
828,872,265,None,2151,265,MoveLeft
829,872,265,None,2151,265,None
829,872,265,None,2144,265,MoveLeft
830,872,265,None,2144,265,None
830,872,265,None,2137,265,MoveLeft
831,872,265,None,2137,265,None
831,872,265,None,2130,265,MoveLeft
832,872,265,None,2130,265,None
832,872,265,None,2123,265,MoveLeft
833,872,265,None,2123,265,None
833,872,265,None,2116,265,MoveLeft
834,872,265,None,2116,265,None
834,872,265,None,2109,265,MoveLeft
835,872,265,None,2109,265,None
835,872,265,None,2102,265,MoveLeft
836,872,265,None,2102,265,None
836,872,265,None,2095,265,MoveLeft
837,872,265,None,2095,265,None
837,872,265,None,2088,265,MoveLeft
838,872,265,None,2088,265,None
838,872,265,None,2081,265,MoveLeft
839,872,265,None,2081,265,None
839,872,265,None,2074,265,MoveLeft
840,872,265,None,2074,265,None
840,872,265,None,2067,265,MoveLeft
841,872,265,None,2067,265,None
841,872,265,None,2060,265,MoveLeft
842,872,265,None,2060,265,None
842,872,265,None,2053,265,MoveLeft
843,872,265,None,2053,265,None
843,872,265,None,2046,265,MoveLeft
844,872,265,Bump,2046,265,None
844,872,265,None,2046,265,None
844,872,265,None,2039,265,MoveLeft
845,872,265,None,2032,265,MoveLeft
846,872,265,None,2025,265,MoveLeft
847,872,265,None,2018,265,MoveLeft
848,872,265,None,2011,265,MoveLeft
849,872,265,None,2004,265,MoveLeft
850,872,265,None,1997,265,MoveLeft
851,872,265,None,1990,265,MoveLeft
852,872,265,None,1983,265,MoveLeft
853,872,265,None,1976,265,MoveLeft
854,872,265,None,1969,265,MoveLeft
855,872,265,None,1962,265,MoveLeft
856,872,265,None,1955,265,MoveLeft
857,872,265,None,1948,265,MoveLeft
858,872,265,None,1941,265,MoveLeft
859,872,265,None,1934,265,MoveLeft
860,872,265,None,1927,265,MoveLeft
861,872,265,None,1920,265,MoveLeft
862,872,265,None,1913,265,MoveLeft
863,872,265,None,1906,265,MoveLeft
864,879,265,MoveRight,1906,265,None
864,879,265,None,1899,265,MoveLeft
865,886,265,MoveRight,1899,265,None
865,886,265,None,1892,265,MoveLeft
866,893,265,MoveRight,1892,265,None
866,893,265,None,1885,265,MoveLeft
867,900,265,MoveRight,1885,265,None
867,900,265,None,1878,265,MoveLeft
868,907,265,MoveRight,1878,265,None
868,907,265,None,1871,265,MoveLeft
869,914,265,MoveRight,1871,265,None
869,914,265,None,1864,265,MoveLeft
870,921,265,MoveRight,1864,265,None
870,921,265,None,1857,265,MoveLeft
871,928,265,MoveRight,1857,265,None
871,928,265,None,1850,265,MoveLeft
872,935,265,MoveRight,1850,265,None
872,935,265,None,1843,265,MoveLeft
873,942,265,MoveRight,1843,265,None
873,942,265,None,1836,265,MoveLeft
874,949,265,MoveRight,1836,265,None
874,949,265,None,1829,265,MoveLeft
875,956,265,MoveRight,1829,265,None
875,956,265,None,1822,265,MoveLeft
876,963,265,MoveRight,1822,265,None
876,963,265,None,1815,265,MoveLeft
877,970,265,MoveRight,1815,265,None
877,970,265,None,1808,265,MoveLeft
878,977,265,MoveRight,1808,265,None
878,977,265,None,1801,265,MoveLeft
879,984,265,MoveRight,1801,265,None
879,984,265,None,1794,265,MoveLeft
880,991,265,MoveRight,1794,265,None
880,991,265,None,1787,265,MoveLeft
881,998,265,MoveRight,1787,265,None
881,998,265,None,1780,265,MoveLeft
882,1005,265,MoveRight,1780,265,None
882,1005,265,None,1773,265,MoveLeft
883,1012,265,MoveRight,1773,265,None
883,1012,265,None,1766,265,MoveLeft
884,1019,265,MoveRight,1766,265,None
884,1019,265,None,1759,265,MoveLeft
885,1026,265,MoveRight,1759,265,None
885,1026,265,None,1752,265,MoveLeft
886,1033,265,MoveRight,1752,265,None
886,1033,265,None,1745,265,MoveLeft
887,1040,265,MoveRight,1745,265,None
887,1040,265,None,1738,265,MoveLeft
888,1047,265,MoveRight,1738,265,None
888,1047,265,None,1731,265,MoveLeft
889,1054,265,MoveRight,1731,265,None
890,1061,265,MoveRight,1731,265,None
891,1068,265,MoveRight,1731,265,None
892,1075,265,MoveRight,1731,265,None
893,1082,265,MoveRight,1731,265,None
894,1089,265,MoveRight,1731,265,None
895,1096,265,MoveRight,1731,265,None
896,1103,265,MoveRight,1731,265,None
897,1110,265,MoveRight,1731,265,None
898,1117,265,MoveRight,1731,265,None
899,1124,265,MoveRight,1731,265,None
900,1131,265,MoveRight,1731,265,None
901,1138,265,MoveRight,1731,265,None
902,1145,265,MoveRight,1731,265,None
903,1152,265,MoveRight,1731,265,None
915,1145,265,MoveLeft,1731,265,None
916,1138,265,MoveLeft,1731,265,None
917,1131,265,MoveLeft,1731,265,None
918,1124,265,MoveLeft,1731,265,None
919,1117,265,MoveLeft,1731,265,None
920,1110,265,MoveLeft,1731,265,None
921,1103,265,MoveLeft,1731,265,None
922,1096,265,MoveLeft,1731,265,None
923,1089,265,MoveLeft,1731,265,None
924,1082,265,MoveLeft,1731,265,None
925,1075,265,MoveLeft,1731,265,None
926,1068,265,MoveLeft,1731,265,None
927,1061,265,MoveLeft,1731,265,None
928,1054,265,MoveLeft,1731,265,None
929,1047,265,MoveLeft,1731,265,None
930,1040,265,MoveLeft,1731,265,None
931,1033,265,MoveLeft,1731,265,None
932,1026,265,MoveLeft,1731,265,None
932,1026,265,None,1724,265,MoveLeft
933,1019,265,MoveLeft,1724,265,None
975,1012,265,MoveLeft,1724,265,None
976,1005,265,MoveLeft,1724,265,None
977,1005,265,None,1724,265,None
978,1005,265,None,1724,265,None
979,1005,265,None,1724,265,None
980,1005,265,None,1724,265,None
981,1005,265,None,1724,265,None
982,1005,265,None,1724,265,None
983,1005,265,None,1724,265,None
984,1005,265,None,1724,265,None
985,1005,265,None,1724,265,None
986,1005,265,None,1724,265,None
987,1005,265,None,1724,265,None
988,1005,265,None,1724,265,None
989,1005,265,Bump,1724,265,None
989,1005,265,None,1724,265,None
990,1005,265,None,1717,265,MoveLeft
991,1005,265,None,1710,265,MoveLeft
992,1005,265,None,1703,265,MoveLeft
993,1005,265,None,1696,265,MoveLeft
994,1005,265,None,1689,265,MoveLeft
995,1005,265,None,1682,265,MoveLeft
996,1005,265,None,1675,265,MoveLeft
997,1005,265,None,1668,265,MoveLeft
998,1005,265,None,1661,265,MoveLeft
999,1005,265,None,1654,265,MoveLeft
1000,1005,265,None,1647,265,MoveLeft
1001,1005,265,None,1640,265,MoveLeft
1002,1005,265,None,1633,265,MoveLeft
1003,1005,265,None,1626,265,MoveLeft
1004,1005,265,None,1619,265,MoveLeft
1005,1005,265,None,1612,265,MoveLeft
1006,1005,265,None,1605,265,MoveLeft
1007,1005,265,None,1598,265,MoveLeft
1008,1005,265,None,1591,265,MoveLeft
1009,1005,265,None,1584,265,MoveLeft
1010,1005,265,None,1577,265,MoveLeft
1011,1005,265,None,1570,265,MoveLeft
1015,1012,265,MoveRight,1570,265,None
1016,1019,265,MoveRight,1570,265,None
1017,1026,265,MoveRight,1570,265,None
1018,1033,265,MoveRight,1570,265,None
1019,1040,265,MoveRight,1570,265,None
1020,1047,265,MoveRight,1570,265,None
1021,1054,265,MoveRight,1570,265,None
1022,1061,265,MoveRight,1570,265,None
1089,1061,265,None,1570,265,SpikeMedium
1089,1061,265,None,1570,265,None
1100,1061,265,None,1577,265,MoveRight
1101,1061,265,None,1584,265,MoveRight
1102,1061,265,None,1591,265,MoveRight
1103,1061,265,None,1598,265,MoveRight
1104,1061,265,None,1605,265,MoveRight
1105,1061,265,None,1612,265,MoveRight
1106,1061,265,None,1619,265,MoveRight
1107,1054,265,MoveLeft,1619,265,None
1107,1054,265,None,1626,265,MoveRight
1108,1047,265,MoveLeft,1626,265,None
1108,1047,265,None,1633,265,MoveRight
1109,1040,265,MoveLeft,1633,265,None
1109,1040,265,None,1640,265,MoveRight
1110,1033,265,MoveLeft,1640,265,None
1110,1033,265,None,1647,265,MoveRight
1111,1026,265,MoveLeft,1647,265,None
1111,1026,265,None,1654,265,MoveRight
1112,1019,265,MoveLeft,1654,265,None
1112,1019,265,None,1661,265,MoveRight
1113,1012,265,MoveLeft,1661,265,None
1113,1012,265,None,1668,265,MoveRight
1114,1005,265,MoveLeft,1668,265,None
1114,1005,265,None,1675,265,MoveRight
1115,998,265,MoveLeft,1675,265,None
1115,998,265,None,1682,265,MoveRight
1116,991,265,MoveLeft,1682,265,None
1116,991,265,None,1689,265,MoveRight
1117,984,265,MoveLeft,1689,265,None
1117,984,265,None,1696,265,MoveRight
1118,977,265,MoveLeft,1696,265,None
1118,977,265,None,1703,265,MoveRight
1119,970,265,MoveLeft,1703,265,None
1119,970,265,None,1710,265,MoveRight
1120,963,265,MoveLeft,1710,265,None
1120,963,265,None,1717,265,MoveRight
1121,956,265,MoveLeft,1717,265,None
1121,956,265,None,1724,265,MoveRight
1122,949,265,MoveLeft,1724,265,None
1122,949,265,None,1724,265,None
1123,942,265,MoveLeft,1724,265,None
1123,942,265,None,1724,265,None
1124,935,265,MoveLeft,1724,265,None
1124,935,265,None,1724,265,None
1125,928,265,MoveLeft,1724,265,None
1125,928,265,None,1724,265,None
1126,921,265,MoveLeft,1724,265,None
1126,921,265,None,1724,265,None
1127,914,265,MoveLeft,1724,265,None
1127,914,265,None,1724,265,None
1128,907,265,MoveLeft,1724,265,None
1128,907,265,None,1724,265,None
1129,900,265,MoveLeft,1724,265,None
1129,900,265,None,1724,265,None
1130,893,265,MoveLeft,1724,265,None
1130,893,265,None,1724,265,None
1131,886,265,MoveLeft,1724,265,None
1131,886,265,None,1724,265,None
1132,879,265,MoveLeft,1724,265,None
1132,879,265,None,1724,265,None
1133,872,265,MoveLeft,1724,265,None
1133,872,265,None,1724,265,None
1134,865,265,MoveLeft,1724,265,None
1134,865,265,None,1724,265,None
1135,858,265,MoveLeft,1724,265,None
1135,858,265,None,1724,265,None
1136,851,265,MoveLeft,1724,265,None
1136,851,265,None,1724,265,None
1137,844,265,MoveLeft,1724,265,None
1137,844,265,None,1724,265,None
1138,837,265,MoveLeft,1724,265,None
1138,837,265,None,1724,265,None
1139,830,265,MoveLeft,1724,265,None
1139,830,265,None,1724,265,None
1140,823,265,MoveLeft,1724,265,None
1140,823,265,None,1724,265,None
1141,816,265,MoveLeft,1724,265,None
1141,816,265,None,1724,265,None
1142,809,265,MoveLeft,1724,265,None
1142,809,265,None,1724,265,None
1143,802,265,MoveLeft,1724,265,None
1143,802,265,None,1724,265,None
1144,795,265,MoveLeft,1724,265,None
1144,795,265,None,1724,265,None
1145,788,265,MoveLeft,1724,265,None
1145,788,265,None,1724,265,None
1146,781,265,MoveLeft,1724,265,None
1146,781,265,None,1724,265,None
1147,774,265,MoveLeft,1724,265,None
1147,774,265,None,1724,265,None
1148,767,265,MoveLeft,1724,265,None
1148,767,265,None,1724,265,None
1149,760,265,MoveLeft,1724,265,None
1149,760,265,None,1724,265,None
1150,760,265,Bump,1724,265,None
1150,753,265,MoveLeft,1724,265,None
1150,753,265,None,1724,265,None
1170,760,265,MoveRight,1724,265,None
1171,767,265,MoveRight,1724,265,None
1172,774,265,MoveRight,1724,265,None
1173,781,265,MoveRight,1724,265,None
1174,788,265,MoveRight,1724,265,None
1175,795,265,MoveRight,1724,265,None
1176,802,265,MoveRight,1724,265,None
1177,809,265,MoveRight,1724,265,None
1178,816,265,MoveRight,1724,265,None
1179,823,265,MoveRight,1724,265,None
1180,830,265,MoveRight,1724,265,None
1181,837,265,MoveRight,1724,265,None
1182,844,265,MoveRight,1724,265,None
1183,851,265,MoveRight,1724,265,None
1184,858,265,MoveRight,1724,265,None
1185,865,265,MoveRight,1724,265,None
1186,872,265,MoveRight,1724,265,None
1187,879,265,MoveRight,1724,265,None
1188,886,265,MoveRight,1724,265,None
1189,893,265,MoveRight,1724,265,None
1190,900,265,MoveRight,1724,265,None
1191,907,265,MoveRight,1724,265,None
1192,914,265,MoveRight,1724,265,None
1193,921,265,MoveRight,1724,265,None
1194,928,265,MoveRight,1724,265,None
1195,935,265,MoveRight,1724,265,None
1196,942,265,MoveRight,1724,265,None
1197,949,265,MoveRight,1724,265,None
1198,956,265,MoveRight,1724,265,None
1199,963,265,MoveRight,1724,265,None
1200,970,265,MoveRight,1724,265,None
1201,977,265,MoveRight,1724,265,None
1202,984,265,MoveRight,1724,265,None
1203,991,265,MoveRight,1724,265,None
1204,998,265,MoveRight,1724,265,None
1205,1005,265,MoveRight,1724,265,None
1206,1012,265,MoveRight,1724,265,None
1207,1019,265,MoveRight,1724,265,None
1208,1026,265,MoveRight,1724,265,None
1209,1033,265,MoveRight,1724,265,None
1210,1040,265,MoveRight,1724,265,None
1211,1047,265,MoveRight,1724,265,None
1212,1054,265,MoveRight,1724,265,None
1213,1061,265,MoveRight,1724,265,None
1214,1068,265,MoveRight,1724,265,None
1215,1075,265,MoveRight,1724,265,None
1216,1082,265,MoveRight,1724,265,None
1217,1089,265,MoveRight,1724,265,None
1218,1096,265,MoveRight,1724,265,None
1219,1103,265,MoveRight,1724,265,None
1220,1110,265,MoveRight,1724,265,None
1221,1117,265,MoveRight,1724,265,None
1222,1124,265,MoveRight,1724,265,None
1223,1131,265,MoveRight,1724,265,None
1224,1138,265,MoveRight,1724,265,None
1225,1145,265,MoveRight,1724,265,None
1226,1152,265,MoveRight,1724,265,None
1227,1159,265,MoveRight,1724,265,None
1228,1166,265,MoveRight,1724,265,None
1229,1173,265,MoveRight,1724,265,None
1239,1173,265,Set,1724,265,None
1239,1173,265,None,1724,265,None
1261,1180,265,MoveRight,1724,265,None
1262,1187,265,MoveRight,1724,265,None
1263,1194,265,MoveRight,1724,265,None
1264,1201,265,MoveRight,1724,265,None
1265,1208,265,MoveRight,1724,265,None
1266,1215,265,MoveRight,1724,265,None
1267,1222,265,MoveRight,1724,265,None
1268,1229,265,MoveRight,1724,265,None
1269,1236,265,MoveRight,1724,265,None
1270,1243,265,MoveRight,1724,265,None
1281,1236,265,MoveLeft,1724,265,None
1282,1229,265,MoveLeft,1724,265,None
1283,1222,265,MoveLeft,1724,265,None
1284,1215,265,MoveLeft,1724,265,None
1285,1208,265,MoveLeft,1724,265,None
1286,1201,265,MoveLeft,1724,265,None
1287,1194,265,MoveLeft,1724,265,None
1299,1187,265,MoveLeft,1724,265,None
1300,1180,265,MoveLeft,1724,265,None
1301,1173,265,MoveLeft,1724,265,None
1302,1166,265,MoveLeft,1724,265,None
1303,1159,265,MoveLeft,1724,265,None
1304,1152,265,MoveLeft,1724,265,None
1320,1152,284.62,None,1724,265,None
1346,1152,549.49,None,1724,265,None
1368,1152,392.53,Set,1724,265,None
1368,1152,392.53,None,1724,265,None
1420,1159,265,MoveRight,1724,265,None
1421,1166,265,MoveRight,1724,265,None
1422,1173,265,MoveRight,1724,265,None
1423,1180,265,MoveRight,1724,265,None
1424,1187,265,MoveRight,1724,265,None
1425,1194,265,MoveRight,1724,265,None
1426,1201,265,MoveRight,1724,265,None
1427,1208,265,MoveRight,1724,265,None
1557,970,265,None,2410,265,Serve
1557,970,265,None,2410,265,None
1576,970,265,None,2403,265,MoveLeft
1577,970,265,None,2396,265,MoveLeft
1578,970,265,None,2389,265,MoveLeft
1579,970,265,None,2382,265,MoveLeft
1580,970,265,None,2375,265,MoveLeft
1581,970,265,None,2368,265,MoveLeft
1582,970,265,None,2361,265,MoveLeft
1583,970,265,None,2354,265,MoveLeft
1584,963,265,MoveLeft,2354,265,None
1584,963,265,None,2347,265,MoveLeft
1585,956,265,MoveLeft,2347,265,None
1585,956,265,None,2340,265,MoveLeft
1586,949,265,MoveLeft,2340,265,None
1586,949,265,None,2333,265,MoveLeft
1587,942,265,MoveLeft,2333,265,None
1587,942,265,None,2326,265,MoveLeft
1588,935,265,MoveLeft,2326,265,None
1588,935,265,None,2319,265,MoveLeft
1589,928,265,MoveLeft,2319,265,None
1589,928,265,None,2312,265,MoveLeft
1590,921,265,MoveLeft,2312,265,None
1590,921,265,None,2305,265,MoveLeft
1591,914,265,MoveLeft,2305,265,None
1591,914,265,None,2298,265,MoveLeft
1592,907,265,MoveLeft,2298,265,None
1592,907,265,None,2291,265,MoveLeft
1593,900,265,MoveLeft,2291,265,None
1593,900,265,None,2284,265,MoveLeft
1594,893,265,MoveLeft,2284,265,None
1594,893,265,None,2277,265,MoveLeft
1595,886,265,MoveLeft,2277,265,None
1595,886,265,None,2270,265,MoveLeft
1596,879,265,MoveLeft,2270,265,None
1596,879,265,None,2263,265,MoveLeft
1597,872,265,MoveLeft,2263,265,None
1597,872,265,None,2256,265,MoveLeft
1598,872,265,None,2256,265,None
1598,872,265,None,2249,265,MoveLeft
1599,872,265,None,2249,265,None
1599,872,265,None,2242,265,MoveLeft
1600,872,265,None,2242,265,None
1600,872,265,None,2235,265,MoveLeft
1601,872,265,None,2235,265,None
1601,872,265,None,2228,265,MoveLeft
1602,872,265,None,2228,265,None
1602,872,265,None,2221,265,MoveLeft
1603,872,265,None,2221,265,None
1603,872,265,None,2214,265,MoveLeft
1604,872,265,None,2214,265,None
1604,872,265,None,2207,265,MoveLeft
1605,872,265,None,2207,265,None
1605,872,265,None,2200,265,MoveLeft
1606,872,265,None,2200,265,None
1606,872,265,None,2193,265,MoveLeft
1607,872,265,None,2193,265,None
1607,872,265,None,2186,265,MoveLeft
1608,872,265,None,2186,265,None
1608,872,265,None,2179,265,MoveLeft
1609,872,265,None,2179,265,None
1609,872,265,None,2172,265,MoveLeft
1610,872,265,None,2172,265,None
1610,872,265,None,2165,265,MoveLeft
1611,872,265,None,2165,265,None
1611,872,265,None,2158,265,MoveLeft
1612,872,265,None,2158,265,None
1612,872,265,None,2151,265,MoveLeft
1613,872,265,None,2151,265,None
1613,872,265,None,2144,265,MoveLeft
1614,872,265,None,2144,265,None
1614,872,265,None,2137,265,MoveLeft
1615,872,265,None,2137,265,None
1615,872,265,None,2130,265,MoveLeft
1616,872,265,None,2130,265,None
1616,872,265,None,2123,265,MoveLeft
1617,872,265,None,2123,265,None
1617,872,265,None,2116,265,MoveLeft
1618,872,265,None,2116,265,None
1618,872,265,None,2109,265,MoveLeft
1619,872,265,None,2109,265,None
1619,872,265,None,2102,265,MoveLeft
1620,872,265,None,2102,265,None
1620,872,265,None,2095,265,MoveLeft
1621,872,265,None,2095,265,None
1621,872,265,None,2088,265,MoveLeft
1622,872,265,None,2088,265,None
1622,872,265,None,2081,265,MoveLeft
1623,872,265,None,2081,265,None
1623,872,265,None,2074,265,MoveLeft
1624,872,265,None,2074,265,None
1624,872,265,None,2067,265,MoveLeft
1625,872,265,None,2067,265,None
1625,872,265,None,2060,265,MoveLeft
1626,872,265,None,2060,265,None
1626,872,265,None,2053,265,MoveLeft
1627,872,265,None,2053,265,None
1627,872,265,None,2046,265,MoveLeft
1628,872,265,None,2046,265,None
1628,872,265,None,2039,265,MoveLeft
1629,872,265,Bump,2039,265,None
1629,872,265,None,2039,265,None
1629,872,265,None,2032,265,MoveLeft
1630,872,265,None,2025,265,MoveLeft
1631,872,265,None,2018,265,MoveLeft
1632,872,265,None,2011,265,MoveLeft
1633,872,265,None,2004,265,MoveLeft
1634,872,265,None,1997,265,MoveLeft
1635,872,265,None,1990,265,MoveLeft
1636,872,265,None,1983,265,MoveLeft
1637,872,265,None,1976,265,MoveLeft
1638,872,265,None,1969,265,MoveLeft
1639,872,265,None,1962,265,MoveLeft
1640,872,265,None,1955,265,MoveLeft
1641,872,265,None,1948,265,MoveLeft
1642,872,265,None,1941,265,MoveLeft
1643,872,265,None,1934,265,MoveLeft
1644,872,265,None,1927,265,MoveLeft
1645,872,265,None,1920,265,MoveLeft
1646,872,265,None,1913,265,MoveLeft
1647,872,265,None,1906,265,MoveLeft
1648,872,265,None,1899,265,MoveLeft
1649,872,265,None,1892,265,MoveLeft
1650,872,265,None,1885,265,MoveLeft
1651,879,265,MoveRight,1885,265,None
1651,879,265,None,1878,265,MoveLeft
1652,886,265,MoveRight,1878,265,None
1652,886,265,None,1871,265,MoveLeft
1653,893,265,MoveRight,1871,265,None
1653,893,265,None,1864,265,MoveLeft
1654,900,265,MoveRight,1864,265,None
1654,900,265,None,1857,265,MoveLeft
1655,907,265,MoveRight,1857,265,None
1655,907,265,None,1850,265,MoveLeft
1656,914,265,MoveRight,1850,265,None
1656,914,265,None,1843,265,MoveLeft
1657,921,265,MoveRight,1843,265,None
1657,921,265,None,1836,265,MoveLeft
1658,928,265,MoveRight,1836,265,None
1658,928,265,None,1829,265,MoveLeft
1659,935,265,MoveRight,1829,265,None
1659,935,265,None,1822,265,MoveLeft
1660,942,265,MoveRight,1822,265,None
1660,942,265,None,1815,265,MoveLeft
1661,949,265,MoveRight,1815,265,None
1661,949,265,None,1808,265,MoveLeft
1662,956,265,MoveRight,1808,265,None
1662,956,265,None,1801,265,MoveLeft
1663,963,265,MoveRight,1801,265,None
1663,963,265,None,1794,265,MoveLeft
1664,970,265,MoveRight,1794,265,None
1664,970,265,None,1787,265,MoveLeft
1665,977,265,MoveRight,1787,265,None
1665,977,265,None,1780,265,MoveLeft
1666,984,265,MoveRight,1780,265,None
1666,984,265,None,1773,265,MoveLeft
1667,991,265,MoveRight,1773,265,None
1667,991,265,None,1766,265,MoveLeft
1668,998,265,MoveRight,1766,265,None
1668,998,265,None,1759,265,MoveLeft
1669,1005,265,MoveRight,1759,265,None
1669,1005,265,None,1752,265,MoveLeft
1670,1012,265,MoveRight,1752,265,None
1670,1012,265,None,1745,265,MoveLeft
1671,1019,265,MoveRight,1745,265,None
1671,1019,265,None,1738,265,MoveLeft
1672,1026,265,MoveRight,1738,265,None
1672,1026,265,None,1731,265,MoveLeft
1673,1033,265,MoveRight,1731,265,None
1674,1040,265,MoveRight,1731,265,None
1675,1047,265,MoveRight,1731,265,None
1676,1054,265,MoveRight,1731,265,None
1677,1061,265,MoveRight,1731,265,None
1678,1068,265,MoveRight,1731,265,None
1679,1075,265,MoveRight,1731,265,None
1680,1082,265,MoveRight,1731,265,None
1681,1089,265,MoveRight,1731,265,None
1682,1096,265,MoveRight,1731,265,None
1683,1103,265,MoveRight,1731,265,None
1684,1110,265,MoveRight,1731,265,None
1685,1117,265,MoveRight,1731,265,None
1686,1124,265,MoveRight,1731,265,None
1687,1131,265,MoveRight,1731,265,None
1688,1138,265,MoveRight,1731,265,None
1689,1145,265,MoveRight,1731,265,None
1700,1138,265,MoveLeft,1731,265,None
1701,1131,265,MoveLeft,1731,265,None
1702,1124,265,MoveLeft,1731,265,None
1703,1117,265,MoveLeft,1731,265,None
1704,1110,265,MoveLeft,1731,265,None
1705,1103,265,MoveLeft,1731,265,None
1706,1096,265,MoveLeft,1731,265,None
1707,1089,265,MoveLeft,1731,265,None
1708,1082,265,MoveLeft,1731,265,None
1709,1075,265,MoveLeft,1731,265,None
1710,1068,265,MoveLeft,1731,265,None
1711,1061,265,MoveLeft,1731,265,None
1717,1061,265,None,1724,265,MoveLeft
1774,1061,265,Set,1724,265,None
1774,1061,265,None,1724,265,None
1794,1068,265,MoveRight,1724,265,None
1795,1075,265,MoveRight,1724,265,None
1796,1082,265,MoveRight,1724,265,None
1797,1089,265,MoveRight,1724,265,None
1798,1096,265,MoveRight,1724,265,None
1799,1103,265,MoveRight,1724,265,None
1800,1110,265,MoveRight,1724,265,None
1801,1117,265,MoveRight,1724,265,None
1802,1124,265,MoveRight,1724,265,None
1815,1117,265,MoveLeft,1724,265,None
1816,1110,265,MoveLeft,1724,265,None
1817,1103,265,MoveLeft,1724,265,None
1818,1096,265,MoveLeft,1724,265,None
1819,1089,265,MoveLeft,1724,265,None
1820,1082,265,MoveLeft,1724,265,None
1821,1075,265,MoveLeft,1724,265,None
1822,1068,265,MoveLeft,1724,265,None
1823,1061,265,MoveLeft,1724,265,None
1856,1061,284.62,None,1724,265,None
1883,1061,539.68,Spike,1724,265,None
1883,1061,559.3,None,1724,265,None
1928,977,265,MoveRight,2410,265,None
1929,984,265,MoveRight,2410,265,None
1930,991,265,MoveRight,2410,265,None
1931,998,265,MoveRight,2410,265,None
1932,1005,265,MoveRight,2410,265,None
1944,1005,265,None,2410,265,Serve
1944,1005,265,None,2410,265,None
1964,1005,265,None,2403,265,MoveLeft
1965,1005,265,None,2396,265,MoveLeft
1966,1005,265,None,2389,265,MoveLeft
1967,1005,265,None,2382,265,MoveLeft
1968,1005,265,None,2375,265,MoveLeft
1969,1005,265,None,2368,265,MoveLeft
1970,1005,265,None,2361,265,MoveLeft
1971,1005,265,None,2354,265,MoveLeft
1972,1005,265,None,2347,265,MoveLeft
1973,1005,265,None,2340,265,MoveLeft
1974,1005,265,None,2333,265,MoveLeft
1975,1005,265,None,2326,265,MoveLeft
1976,1005,265,None,2319,265,MoveLeft
1977,1005,265,None,2312,265,MoveLeft
1978,1005,265,None,2305,265,MoveLeft
1979,1005,265,None,2298,265,MoveLeft
1980,1005,265,None,2291,265,MoveLeft
1981,1005,265,None,2284,265,MoveLeft
1982,1005,265,None,2277,265,MoveLeft
1983,1005,265,None,2270,265,MoveLeft
1984,1005,265,None,2263,265,MoveLeft
1985,1005,265,None,2256,265,MoveLeft
1986,1005,265,None,2249,265,MoveLeft
1987,1005,265,None,2242,265,MoveLeft
1988,1005,265,None,2235,265,MoveLeft
1989,1005,265,None,2228,265,MoveLeft
1990,1005,265,None,2221,265,MoveLeft
1991,1005,265,None,2214,265,MoveLeft
1992,1005,265,None,2207,265,MoveLeft
1993,1005,265,None,2200,265,MoveLeft
1994,1005,265,None,2193,265,MoveLeft
1995,1005,265,None,2186,265,MoveLeft
1996,1005,265,None,2179,265,MoveLeft
1997,1005,265,None,2172,265,MoveLeft
1998,1005,265,None,2165,265,MoveLeft
1999,1005,265,None,2158,265,MoveLeft
2000,1005,265,None,2151,265,MoveLeft
2001,1005,265,None,2144,265,MoveLeft
2002,1005,265,None,2137,265,MoveLeft
2003,1005,265,None,2130,265,MoveLeft
2004,1005,265,None,2123,265,MoveLeft
2005,1005,265,None,2116,265,MoveLeft
2006,1005,265,None,2109,265,MoveLeft
2007,1005,265,None,2102,265,MoveLeft
2008,1005,265,None,2095,265,MoveLeft
2009,1005,265,None,2088,265,MoveLeft
2010,1005,265,None,2081,265,MoveLeft
2011,1005,265,None,2074,265,MoveLeft
2012,1005,265,None,2067,265,MoveLeft
2013,1005,265,None,2060,265,MoveLeft
2014,1005,265,None,2053,265,MoveLeft
2015,1005,265,None,2046,265,MoveLeft
2016,1005,265,None,2039,265,MoveLeft
2017,1005,265,None,2032,265,MoveLeft
2018,1005,265,None,2025,265,MoveLeft
2019,1005,265,None,2018,265,MoveLeft
2020,1005,265,None,2011,265,MoveLeft
2071,970,265,None,2410,265,Serve
2071,970,265,None,2410,265,None
2091,970,265,None,2403,265,MoveLeft
2092,970,265,None,2396,265,MoveLeft
2093,970,265,None,2389,265,MoveLeft
2094,970,265,None,2382,265,MoveLeft
2095,970,265,None,2375,265,MoveLeft
2096,970,265,None,2368,265,MoveLeft
2097,970,265,None,2361,265,MoveLeft
2098,970,265,None,2354,265,MoveLeft
2099,970,265,None,2347,265,MoveLeft
2100,970,265,None,2340,265,MoveLeft
2101,970,265,None,2333,265,MoveLeft
2102,970,265,None,2326,265,MoveLeft
2103,970,265,None,2319,265,MoveLeft
2104,970,265,None,2312,265,MoveLeft
2105,970,265,None,2305,265,MoveLeft
2106,970,265,None,2298,265,MoveLeft
2107,970,265,None,2291,265,MoveLeft
2108,970,265,None,2284,265,MoveLeft
2109,970,265,None,2277,265,MoveLeft
2110,970,265,None,2270,265,MoveLeft
2111,970,265,None,2263,265,MoveLeft
2112,970,265,None,2256,265,MoveLeft
2113,970,265,None,2249,265,MoveLeft
2114,970,265,None,2242,265,MoveLeft
2115,970,265,None,2235,265,MoveLeft
2116,970,265,None,2228,265,MoveLeft
2117,970,265,None,2221,265,MoveLeft
2118,970,265,None,2214,265,MoveLeft
2119,970,265,None,2207,265,MoveLeft
2120,970,265,None,2200,265,MoveLeft
2121,970,265,None,2193,265,MoveLeft
2122,970,265,None,2186,265,MoveLeft
2123,970,265,None,2179,265,MoveLeft
2124,970,265,None,2172,265,MoveLeft
2125,970,265,None,2165,265,MoveLeft
2126,970,265,None,2158,265,MoveLeft
2127,970,265,None,2151,265,MoveLeft
2128,970,265,None,2144,265,MoveLeft
2129,970,265,None,2137,265,MoveLeft
2130,970,265,None,2130,265,MoveLeft
2131,970,265,None,2123,265,MoveLeft
2132,970,265,None,2116,265,MoveLeft
2133,970,265,None,2109,265,MoveLeft
2134,970,265,None,2102,265,MoveLeft
2135,970,265,None,2095,265,MoveLeft
2136,970,265,None,2088,265,MoveLeft
2137,970,265,None,2081,265,MoveLeft
2138,970,265,None,2074,265,MoveLeft
2139,970,265,None,2067,265,MoveLeft
2140,970,265,None,2060,265,MoveLeft
2141,970,265,None,2053,265,MoveLeft
2142,970,265,None,2046,265,MoveLeft
2143,970,265,None,2039,265,MoveLeft
2144,970,265,None,2032,265,MoveLeft
2145,970,265,None,2025,265,MoveLeft
2146,970,265,None,2018,265,MoveLeft
2147,970,265,None,2011,265,MoveLeft
2173,963,265,MoveLeft,2410,265,None
2174,956,265,MoveLeft,2410,265,None
2175,949,265,MoveLeft,2410,265,None
2176,942,265,MoveLeft,2410,265,None
2177,935,265,MoveLeft,2410,265,None
2178,928,265,MoveLeft,2410,265,None
2179,921,265,MoveLeft,2410,265,None
2180,914,265,MoveLeft,2410,265,None
2181,907,265,MoveLeft,2410,265,None
2182,900,265,MoveLeft,2410,265,None
2183,893,265,MoveLeft,2410,265,None
2184,886,265,MoveLeft,2410,265,None
2185,879,265,MoveLeft,2410,265,None
2186,872,265,MoveLeft,2410,265,None
2187,865,265,MoveLeft,2410,265,None
2198,865,265,None,2410,265,Serve
2198,865,265,None,2410,265,None
2208,865,265,None,2410,265,None
2209,865,265,None,2410,265,None
2210,865,265,None,2410,265,None
2211,865,265,None,2410,265,None
2212,865,265,None,2410,265,None
2213,865,265,None,2410,265,None
2214,865,265,None,2410,265,None
2215,865,265,None,2410,265,None
2216,865,265,None,2410,265,None
2217,865,265,None,2410,265,None
2218,865,265,None,2410,265,None
2218,865,265,None,2403,265,MoveLeft
2219,865,265,None,2403,265,None
2219,865,265,None,2396,265,MoveLeft
2220,865,265,None,2396,265,None
2220,865,265,None,2389,265,MoveLeft
2221,865,265,None,2389,265,None
2221,865,265,None,2382,265,MoveLeft
2222,865,265,None,2382,265,None
2222,865,265,None,2375,265,MoveLeft
2223,865,265,None,2375,265,None
2223,865,265,None,2368,265,MoveLeft
2224,865,265,None,2368,265,None
2224,865,265,None,2361,265,MoveLeft
2225,865,265,None,2361,265,None
2225,865,265,None,2354,265,MoveLeft
2226,865,265,None,2354,265,None
2226,865,265,None,2347,265,MoveLeft
2227,865,265,None,2347,265,None
2227,865,265,None,2340,265,MoveLeft
2228,865,265,None,2340,265,None
2228,865,265,None,2333,265,MoveLeft
2229,865,265,None,2333,265,None
2229,865,265,None,2326,265,MoveLeft
2230,865,265,None,2326,265,None
2230,865,265,None,2319,265,MoveLeft
2231,865,265,None,2319,265,None
2231,865,265,None,2312,265,MoveLeft
2232,865,265,None,2312,265,None
2232,865,265,None,2305,265,MoveLeft
2233,865,265,None,2305,265,None
2233,865,265,None,2298,265,MoveLeft
2234,865,265,None,2298,265,None
2234,865,265,None,2291,265,MoveLeft
2235,865,265,None,2291,265,None
2235,865,265,None,2284,265,MoveLeft
2236,865,265,None,2284,265,None
2236,865,265,None,2277,265,MoveLeft
2237,865,265,None,2277,265,None
2237,865,265,None,2270,265,MoveLeft
2238,865,265,None,2270,265,None
2238,865,265,None,2263,265,MoveLeft
2239,865,265,None,2263,265,None
2239,865,265,None,2256,265,MoveLeft
2240,865,265,None,2256,265,None
2240,865,265,None,2249,265,MoveLeft
2241,865,265,None,2249,265,None
2241,865,265,None,2242,265,MoveLeft
2242,865,265,None,2242,265,None
2242,865,265,None,2235,265,MoveLeft
2243,865,265,None,2235,265,None
2243,865,265,None,2228,265,MoveLeft
2244,865,265,None,2228,265,None
2244,865,265,None,2221,265,MoveLeft
2245,865,265,None,2221,265,None
2245,865,265,None,2214,265,MoveLeft
2246,865,265,None,2214,265,None
2246,865,265,None,2207,265,MoveLeft
2247,865,265,None,2207,265,None
2247,865,265,None,2200,265,MoveLeft
2248,865,265,None,2200,265,None
2248,865,265,None,2193,265,MoveLeft
2249,865,265,None,2193,265,None
2249,865,265,None,2186,265,MoveLeft
2250,865,265,None,2186,265,None
2250,865,265,None,2179,265,MoveLeft
2251,865,265,None,2179,265,None
2251,865,265,None,2172,265,MoveLeft
2252,865,265,None,2172,265,None
2252,865,265,None,2165,265,MoveLeft
2253,865,265,None,2165,265,None
2253,865,265,None,2158,265,MoveLeft
2254,865,265,None,2158,265,None
2254,865,265,None,2151,265,MoveLeft
2255,865,265,None,2151,265,None
2255,865,265,None,2144,265,MoveLeft
2256,865,265,None,2144,265,None
2256,865,265,None,2137,265,MoveLeft
2257,865,265,None,2137,265,None
2257,865,265,None,2130,265,MoveLeft
2258,865,265,None,2130,265,None
2258,865,265,None,2123,265,MoveLeft
2259,865,265,None,2123,265,None
2259,865,265,None,2116,265,MoveLeft
2260,865,265,None,2116,265,None
2260,865,265,None,2109,265,MoveLeft
2261,865,265,None,2109,265,None
2261,865,265,None,2102,265,MoveLeft
2262,865,265,None,2102,265,None
2262,865,265,None,2095,265,MoveLeft
2263,865,265,None,2095,265,None
2263,865,265,None,2088,265,MoveLeft
2264,865,265,None,2088,265,None
2264,865,265,None,2081,265,MoveLeft
2265,865,265,None,2081,265,None
2265,865,265,None,2074,265,MoveLeft
2266,865,265,None,2074,265,None
2266,865,265,None,2067,265,MoveLeft
2267,865,265,None,2067,265,None
2267,865,265,None,2060,265,MoveLeft
2268,865,265,None,2060,265,None
2268,865,265,None,2053,265,MoveLeft
2269,865,265,None,2053,265,None
2269,865,265,None,2046,265,MoveLeft
2270,865,265,Bump,2046,265,None
2270,865,265,None,2046,265,None
2270,865,265,None,2039,265,MoveLeft
2271,865,265,None,2032,265,MoveLeft
2272,865,265,None,2025,265,MoveLeft
2273,865,265,None,2018,265,MoveLeft
2274,865,265,None,2011,265,MoveLeft
2275,865,265,None,2004,265,MoveLeft
2276,865,265,None,1997,265,MoveLeft
2277,865,265,None,1990,265,MoveLeft
2278,865,265,None,1983,265,MoveLeft
2279,865,265,None,1976,265,MoveLeft
2280,865,265,None,1969,265,MoveLeft
2281,865,265,None,1962,265,MoveLeft
2282,865,265,None,1955,265,MoveLeft
2283,865,265,None,1948,265,MoveLeft
2284,865,265,None,1941,265,MoveLeft
2285,865,265,None,1934,265,MoveLeft
2286,865,265,None,1927,265,MoveLeft
2287,865,265,None,1920,265,MoveLeft
2288,865,265,None,1913,265,MoveLeft
2289,872,265,MoveRight,1913,265,None
2289,872,265,None,1906,265,MoveLeft
2290,879,265,MoveRight,1906,265,None
2290,879,265,None,1899,265,MoveLeft
2291,886,265,MoveRight,1899,265,None
2291,886,265,None,1892,265,MoveLeft
2292,893,265,MoveRight,1892,265,None
2292,893,265,None,1885,265,MoveLeft
2293,900,265,MoveRight,1885,265,None
2293,900,265,None,1878,265,MoveLeft
2294,907,265,MoveRight,1878,265,None
2294,907,265,None,1871,265,MoveLeft
2295,914,265,MoveRight,1871,265,None
2295,914,265,None,1864,265,MoveLeft
2296,921,265,MoveRight,1864,265,None
2296,921,265,None,1857,265,MoveLeft
2297,928,265,MoveRight,1857,265,None
2297,928,265,None,1850,265,MoveLeft
2298,935,265,MoveRight,1850,265,None
2298,935,265,None,1843,265,MoveLeft
2299,942,265,MoveRight,1843,265,None
2299,942,265,None,1836,265,MoveLeft
2300,949,265,MoveRight,1836,265,None
2300,949,265,None,1829,265,MoveLeft
2301,956,265,MoveRight,1829,265,None
2301,956,265,None,1822,265,MoveLeft
2302,963,265,MoveRight,1822,265,None
2302,963,265,None,1815,265,MoveLeft
2303,970,265,MoveRight,1815,265,None
2303,970,265,None,1808,265,MoveLeft
2304,977,265,MoveRight,1808,265,None
2304,977,265,None,1801,265,MoveLeft
2305,984,265,MoveRight,1801,265,None
2305,984,265,None,1794,265,MoveLeft
2306,991,265,MoveRight,1794,265,None
2306,991,265,None,1787,265,MoveLeft
2307,998,265,MoveRight,1787,265,None
2307,998,265,None,1780,265,MoveLeft
2308,1005,265,MoveRight,1780,265,None
2308,1005,265,None,1773,265,MoveLeft
2309,1012,265,MoveRight,1773,265,None
2309,1012,265,None,1766,265,MoveLeft
2310,1019,265,MoveRight,1766,265,None
2310,1019,265,None,1759,265,MoveLeft
2311,1026,265,MoveRight,1759,265,None
2311,1026,265,None,1752,265,MoveLeft
2312,1033,265,MoveRight,1752,265,None
2312,1033,265,None,1745,265,MoveLeft
2313,1040,265,MoveRight,1745,265,None
2313,1040,265,None,1738,265,MoveLeft
2314,1047,265,MoveRight,1738,265,None
2314,1047,265,None,1731,265,MoveLeft
2315,1054,265,MoveRight,1731,265,None
2316,1061,265,MoveRight,1731,265,None
2317,1068,265,MoveRight,1731,265,None
2318,1075,265,MoveRight,1731,265,None
2319,1082,265,MoveRight,1731,265,None
2320,1089,265,MoveRight,1731,265,None
2321,1096,265,MoveRight,1731,265,None
2322,1103,265,MoveRight,1731,265,None
2358,1103,265,None,1724,265,MoveLeft
2361,1110,265,MoveRight,1724,265,None
2362,1117,265,MoveRight,1724,265,None
2363,1124,265,MoveRight,1724,265,None
2364,1131,265,MoveRight,1724,265,None
2365,1138,265,MoveRight,1724,265,None
2366,1145,265,MoveRight,1724,265,None
2367,1152,265,MoveRight,1724,265,None
2368,1159,265,MoveRight,1724,265,None
2369,1166,265,MoveRight,1724,265,None
2370,1173,265,MoveRight,1724,265,None
2371,1180,265,MoveRight,1724,265,None
2393,1173,265,MoveLeft,1724,265,None
2394,1166,265,MoveLeft,1724,265,None
2395,1159,265,MoveLeft,1724,265,None
2396,1152,265,MoveLeft,1724,265,None
2397,1145,265,MoveLeft,1724,265,None
2398,1138,265,MoveLeft,1724,265,None
2399,1131,265,MoveLeft,1724,265,None
2400,1124,265,MoveLeft,1724,265,None
2401,1117,265,MoveLeft,1724,265,None
2402,1110,265,MoveLeft,1724,265,None
2403,1103,265,MoveLeft,1724,265,None
2404,1096,265,MoveLeft,1724,265,None
2405,1089,265,MoveLeft,1724,265,None
2406,1082,265,MoveLeft,1724,265,None
2407,1075,265,MoveLeft,1724,265,None
2408,1068,265,MoveLeft,1724,265,None
2416,1068,265,Set,1724,265,None
2416,1068,265,None,1724,265,None
2432,1075,265,MoveRight,1724,265,None
2433,1082,265,MoveRight,1724,265,None
2434,1089,265,MoveRight,1724,265,None
2435,1096,265,MoveRight,1724,265,None
2436,1103,265,MoveRight,1724,265,None
2437,1110,265,MoveRight,1724,265,None
2438,1117,265,MoveRight,1724,265,None
2439,1124,265,MoveRight,1724,265,None
2440,1131,265,MoveRight,1724,265,None
2441,1138,265,MoveRight,1724,265,None
2442,1145,265,MoveRight,1724,265,None
2443,1152,265,MoveRight,1724,265,None
2444,1159,265,MoveRight,1724,265,None
2445,1166,265,MoveRight,1724,265,None
2451,1159,265,MoveLeft,1724,265,None
2452,1152,265,MoveLeft,1724,265,None
2453,1145,265,MoveLeft,1724,265,None
2454,1138,265,MoveLeft,1724,265,None
2455,1131,265,MoveLeft,1724,265,None
2456,1124,265,MoveLeft,1724,265,None
2457,1117,265,MoveLeft,1724,265,None
2458,1110,265,MoveLeft,1724,265,None
2459,1103,265,MoveLeft,1724,265,None
2460,1096,265,MoveLeft,1724,265,None
2461,1089,265,MoveLeft,1724,265,None
2462,1082,265,MoveLeft,1724,265,None
2463,1075,265,MoveLeft,1724,265,None
2464,1068,265,MoveLeft,1724,265,None
2465,1061,265,MoveLeft,1724,265,None
2490,1054,265,MoveLeft,1724,265,None
2491,1047,265,MoveLeft,1724,265,None
2492,1040,265,MoveLeft,1724,265,None
2493,1033,265,MoveLeft,1724,265,None
2504,1033,284.62,None,1724,265,None
2526,1033,510.25,None,1724,265,None
2550,1033,412.15,Set,1724,265,None
2550,1033,412.15,None,1724,265,None
2572,1040,265,MoveRight,1724,265,None
2573,1047,265,MoveRight,1724,265,None
2574,1054,265,MoveRight,1724,265,None
2575,1061,265,MoveRight,1724,265,None
2576,1068,265,MoveRight,1724,265,None
2577,1075,265,MoveRight,1724,265,None
2578,1082,265,MoveRight,1724,265,None
2579,1089,265,MoveRight,1724,265,None
2580,1096,265,MoveRight,1724,265,None
2581,1103,265,MoveRight,1724,265,None
2591,1096,265,MoveLeft,1724,265,None
2592,1089,265,MoveLeft,1724,265,None
2593,1082,265,MoveLeft,1724,265,None
2594,1075,265,MoveLeft,1724,265,None
2595,1068,265,MoveLeft,1724,265,None
2596,1061,265,MoveLeft,1724,265,None
2597,1054,265,MoveLeft,1724,265,None
2743,970,265,None,2410,265,Serve
2743,970,265,None,2410,265,None
2762,970,265,None,2403,265,MoveLeft
2763,970,265,None,2396,265,MoveLeft
2764,970,265,None,2389,265,MoveLeft
2765,970,265,None,2382,265,MoveLeft
2766,970,265,None,2375,265,MoveLeft
2767,970,265,None,2368,265,MoveLeft
2768,970,265,None,2361,265,MoveLeft
2769,970,265,None,2354,265,MoveLeft
2770,963,265,MoveLeft,2354,265,None
2770,963,265,None,2347,265,MoveLeft
2771,956,265,MoveLeft,2347,265,None
2771,956,265,None,2340,265,MoveLeft
2772,949,265,MoveLeft,2340,265,None
2772,949,265,None,2333,265,MoveLeft
2773,942,265,MoveLeft,2333,265,None
2773,942,265,None,2326,265,MoveLeft
2774,935,265,MoveLeft,2326,265,None
2774,935,265,None,2319,265,MoveLeft
2775,928,265,MoveLeft,2319,265,None
2775,928,265,None,2312,265,MoveLeft
2776,921,265,MoveLeft,2312,265,None
2776,921,265,None,2305,265,MoveLeft
2777,914,265,MoveLeft,2305,265,None
2777,914,265,None,2298,265,MoveLeft
2778,907,265,MoveLeft,2298,265,None
2778,907,265,None,2291,265,MoveLeft
2779,900,265,MoveLeft,2291,265,None
2779,900,265,None,2284,265,MoveLeft
2780,893,265,MoveLeft,2284,265,None
2780,893,265,None,2277,265,MoveLeft
2781,886,265,MoveLeft,2277,265,None
2781,886,265,None,2270,265,MoveLeft
2782,879,265,MoveLeft,2270,265,None
2782,879,265,None,2263,265,MoveLeft
2783,872,265,MoveLeft,2263,265,None
2783,872,265,None,2256,265,MoveLeft
2784,865,265,MoveLeft,2256,265,None
2784,865,265,None,2249,265,MoveLeft
2785,858,265,MoveLeft,2249,265,None
2785,858,265,None,2242,265,MoveLeft
2786,851,265,MoveLeft,2242,265,None
2786,851,265,None,2235,265,MoveLeft
2787,844,265,MoveLeft,2235,265,None
2787,844,265,None,2228,265,MoveLeft
2788,837,265,MoveLeft,2228,265,None
2788,837,265,None,2221,265,MoveLeft
2789,830,265,MoveLeft,2221,265,None
2789,830,265,None,2214,265,MoveLeft
2790,823,265,MoveLeft,2214,265,None
2790,823,265,None,2207,265,MoveLeft
2791,816,265,MoveLeft,2207,265,None
2791,816,265,None,2200,265,MoveLeft
2792,809,265,MoveLeft,2200,265,None
2792,809,265,None,2193,265,MoveLeft
2793,802,265,MoveLeft,2193,265,None
2793,802,265,None,2186,265,MoveLeft
2794,795,265,MoveLeft,2186,265,None
2794,795,265,None,2179,265,MoveLeft
2795,788,265,MoveLeft,2179,265,None
2795,788,265,None,2172,265,MoveLeft
2796,781,265,MoveLeft,2172,265,None
2796,781,265,None,2165,265,MoveLeft
2797,774,265,MoveLeft,2165,265,None
2797,774,265,None,2158,265,MoveLeft
2798,767,265,MoveLeft,2158,265,None
2798,767,265,None,2151,265,MoveLeft
2799,760,265,MoveLeft,2151,265,None
2799,760,265,None,2144,265,MoveLeft
2800,760,265,None,2137,265,MoveLeft
2801,760,265,None,2130,265,MoveLeft
2802,760,265,None,2123,265,MoveLeft
2803,760,265,None,2116,265,MoveLeft
2804,760,265,None,2109,265,MoveLeft
2805,760,265,None,2102,265,MoveLeft
2806,760,265,None,2095,265,MoveLeft
2807,760,265,None,2088,265,MoveLeft
2808,760,265,None,2081,265,MoveLeft
2809,760,265,None,2074,265,MoveLeft
2810,760,265,None,2067,265,MoveLeft
2811,767,265,MoveRight,2067,265,None
2811,767,265,None,2060,265,MoveLeft
2812,774,265,MoveRight,2060,265,None
2812,774,265,None,2053,265,MoveLeft
2813,781,265,MoveRight,2053,265,None
2813,781,265,None,2046,265,MoveLeft
2814,788,265,MoveRight,2046,265,None
2814,788,265,None,2039,265,MoveLeft
2815,795,265,MoveRight,2039,265,None
2815,795,265,None,2032,265,MoveLeft
2816,802,265,MoveRight,2032,265,None
2816,802,265,None,2025,265,MoveLeft
2817,809,265,MoveRight,2025,265,None
2817,809,265,None,2018,265,MoveLeft
2818,809,265,Bump,2018,265,None
2818,816,265,MoveRight,2018,265,None
2818,816,265,None,2011,265,MoveLeft
2819,816,265,None,2004,265,MoveLeft
2820,816,265,None,1997,265,MoveLeft
2821,816,265,None,1990,265,MoveLeft
2822,816,265,None,1983,265,MoveLeft
2823,816,265,None,1976,265,MoveLeft
2824,816,265,None,1969,265,MoveLeft
2825,816,265,None,1962,265,MoveLeft
2826,816,265,None,1955,265,MoveLeft
2827,816,265,None,1948,265,MoveLeft
2828,816,265,None,1941,265,MoveLeft
2829,816,265,None,1934,265,MoveLeft
2830,816,265,None,1927,265,MoveLeft
2831,816,265,None,1920,265,MoveLeft
2832,816,265,None,1913,265,MoveLeft
2833,816,265,None,1906,265,MoveLeft
2834,816,265,None,1899,265,MoveLeft
2835,816,265,None,1892,265,MoveLeft
2836,816,265,None,1885,265,MoveLeft
2837,816,265,None,1878,265,MoveLeft
2838,823,265,MoveRight,1878,265,None
2838,823,265,None,1871,265,MoveLeft
2839,823,265,None,1864,265,MoveLeft
2840,823,265,None,1857,265,MoveLeft
2841,823,265,None,1850,265,MoveLeft
2842,823,265,None,1843,265,MoveLeft
2843,823,265,None,1836,265,MoveLeft
2844,823,265,None,1829,265,MoveLeft
2845,823,265,None,1822,265,MoveLeft
2846,823,265,None,1815,265,MoveLeft
2847,823,265,None,1808,265,MoveLeft
2848,830,265,MoveRight,1808,265,None
2848,830,265,None,1801,265,MoveLeft
2849,837,265,MoveRight,1801,265,None
2849,837,265,None,1794,265,MoveLeft
2850,844,265,MoveRight,1794,265,None
2850,844,265,None,1787,265,MoveLeft
2851,851,265,MoveRight,1787,265,None
2851,851,265,None,1780,265,MoveLeft
2852,858,265,MoveRight,1780,265,None
2852,858,265,None,1773,265,MoveLeft
2853,865,265,MoveRight,1773,265,None
2853,865,265,None,1766,265,MoveLeft
2854,872,265,MoveRight,1766,265,None
2854,872,265,None,1759,265,MoveLeft
2855,879,265,MoveRight,1759,265,None
2855,879,265,None,1752,265,MoveLeft
2856,886,265,MoveRight,1752,265,None
2856,886,265,None,1745,265,MoveLeft
2857,893,265,MoveRight,1745,265,None
2857,893,265,None,1738,265,MoveLeft
2858,900,265,MoveRight,1738,265,None
2858,900,265,None,1731,265,MoveLeft
2859,907,265,MoveRight,1731,265,None
2860,914,265,MoveRight,1731,265,None
2861,921,265,MoveRight,1731,265,None
2862,928,265,MoveRight,1731,265,None
2863,935,265,MoveRight,1731,265,None
2864,942,265,MoveRight,1731,265,None
2865,949,265,MoveRight,1731,265,None
2866,956,265,MoveRight,1731,265,None
2867,963,265,MoveRight,1731,265,None
2868,970,265,MoveRight,1731,265,None
2869,977,265,MoveRight,1731,265,None
2870,984,265,MoveRight,1731,265,None
2871,991,265,MoveRight,1731,265,None
2872,998,265,MoveRight,1731,265,None
2873,1005,265,MoveRight,1731,265,None
2874,1012,265,MoveRight,1731,265,None
2875,1019,265,MoveRight,1731,265,None
2876,1026,265,MoveRight,1731,265,None
2877,1033,265,MoveRight,1731,265,None
2878,1040,265,MoveRight,1731,265,None
2879,1047,265,MoveRight,1731,265,None
2891,1040,265,MoveLeft,1731,265,None
2892,1033,265,MoveLeft,1731,265,None
2893,1026,265,MoveLeft,1731,265,None
2906,1033,265,MoveRight,1731,265,None
2907,1040,265,MoveRight,1731,265,None
2908,1047,265,MoveRight,1731,265,None
2909,1054,265,MoveRight,1731,265,None
2910,1061,265,MoveRight,1731,265,None
2911,1068,265,MoveRight,1731,265,None
2912,1075,265,MoveRight,1731,265,None
2913,1082,265,MoveRight,1731,265,None
2914,1089,265,MoveRight,1731,265,None
2928,1082,265,MoveLeft,1731,265,None
2929,1075,265,MoveLeft,1731,265,None
2930,1068,265,MoveLeft,1731,265,None
2931,1061,265,MoveLeft,1731,265,None
2932,963,265,MoveLeft,2410,265,None
2933,956,265,MoveLeft,2410,265,None
2934,949,265,MoveLeft,2410,265,None
2935,942,265,MoveLeft,2410,265,None
2936,935,265,MoveLeft,2410,265,None
2937,928,265,MoveLeft,2410,265,None
2938,921,265,MoveLeft,2410,265,None
2957,928,265,MoveRight,2410,265,None
2958,935,265,MoveRight,2410,265,None
2959,942,265,MoveRight,2410,265,None
2960,949,265,MoveRight,2410,265,None
2961,956,265,MoveRight,2410,265,None
2962,963,265,MoveRight,2410,265,None
2963,970,265,MoveRight,2410,265,None
2982,970,265,None,2410,265,Serve
2982,970,265,None,2410,265,None
3002,970,265,None,2403,265,MoveLeft
3003,970,265,None,2396,265,MoveLeft
3004,970,265,None,2389,265,MoveLeft
3005,970,265,None,2382,265,MoveLeft
3006,970,265,None,2375,265,MoveLeft
3007,970,265,None,2368,265,MoveLeft
3008,970,265,None,2361,265,MoveLeft
3009,970,265,None,2354,265,MoveLeft
3010,970,265,None,2347,265,MoveLeft
3011,970,265,None,2340,265,MoveLeft
3012,970,265,None,2333,265,MoveLeft
3013,970,265,None,2326,265,MoveLeft
3014,970,265,None,2319,265,MoveLeft
3015,970,265,None,2312,265,MoveLeft
3016,970,265,None,2305,265,MoveLeft
3017,970,265,None,2298,265,MoveLeft
3018,970,265,None,2291,265,MoveLeft
3019,970,265,None,2284,265,MoveLeft
3020,970,265,None,2277,265,MoveLeft
3021,970,265,None,2270,265,MoveLeft
3022,970,265,None,2263,265,MoveLeft
3023,970,265,None,2256,265,MoveLeft
3024,970,265,None,2249,265,MoveLeft
3025,970,265,None,2242,265,MoveLeft
3026,970,265,None,2235,265,MoveLeft
3027,970,265,None,2228,265,MoveLeft
3028,963,265,MoveLeft,2228,265,None
3028,963,265,None,2221,265,MoveLeft
3029,956,265,MoveLeft,2221,265,None
3029,956,265,None,2214,265,MoveLeft
3030,949,265,MoveLeft,2214,265,None
3030,949,265,None,2207,265,MoveLeft
3031,942,265,MoveLeft,2207,265,None
3031,942,265,None,2200,265,MoveLeft
3032,935,265,MoveLeft,2200,265,None
3032,935,265,None,2193,265,MoveLeft
3033,928,265,MoveLeft,2193,265,None
3033,928,265,None,2186,265,MoveLeft
3034,921,265,MoveLeft,2186,265,None
3034,921,265,None,2179,265,MoveLeft
3035,914,265,MoveLeft,2179,265,None
3035,914,265,None,2172,265,MoveLeft
3036,907,265,MoveLeft,2172,265,None
3036,907,265,None,2165,265,MoveLeft
3037,900,265,MoveLeft,2165,265,None
3037,900,265,None,2158,265,MoveLeft
3038,893,265,MoveLeft,2158,265,None
3038,893,265,None,2151,265,MoveLeft
3039,886,265,MoveLeft,2151,265,None
3039,886,265,None,2144,265,MoveLeft
3040,879,265,MoveLeft,2144,265,None
3040,879,265,None,2137,265,MoveLeft
3041,872,265,MoveLeft,2137,265,None
3041,872,265,None,2130,265,MoveLeft
3042,865,265,MoveLeft,2130,265,None
3042,865,265,None,2123,265,MoveLeft
3043,858,265,MoveLeft,2123,265,None
3043,858,265,None,2116,265,MoveLeft
3044,858,265,None,2109,265,MoveLeft
3045,858,265,None,2102,265,MoveLeft
3046,858,265,None,2095,265,MoveLeft
3047,858,265,None,2088,265,MoveLeft
3048,858,265,None,2081,265,MoveLeft
3049,858,265,None,2074,265,MoveLeft
3050,858,265,None,2067,265,MoveLeft
3051,858,265,None,2060,265,MoveLeft
3052,858,265,None,2060,265,None
3052,858,265,None,2053,265,MoveLeft
3053,858,265,None,2046,265,MoveLeft
3054,858,265,None,2039,265,MoveLeft
3055,858,265,None,2032,265,MoveLeft
3056,858,265,None,2025,265,MoveLeft
3057,858,265,None,2018,265,MoveLeft
3058,858,265,None,2011,265,MoveLeft
3067,970,265,None,2410,265,None
3078,977,265,MoveRight,2410,265,None
3079,984,265,MoveRight,2410,265,None
3080,991,265,MoveRight,2410,265,None
3081,998,265,MoveRight,2410,265,None
3082,1005,265,MoveRight,2410,265,None
3083,1012,265,MoveRight,2410,265,None
3084,1019,265,MoveRight,2410,265,None
3105,1019,265,None,2410,265,None
3109,1019,265,None,2410,265,Serve
3109,1019,265,None,2410,265,None
3116,1019,265,None,2410,265,None
3126,1019,265,None,2410,265,None
3128,1012,265,MoveLeft,2410,265,None
3128,1012,265,None,2403,265,MoveLeft
3129,1005,265,MoveLeft,2403,265,None
3129,1005,265,None,2396,265,MoveLeft
3130,998,265,MoveLeft,2396,265,None
3130,998,265,None,2389,265,MoveLeft
3131,991,265,MoveLeft,2389,265,None
3131,991,265,None,2382,265,MoveLeft
3132,984,265,MoveLeft,2382,265,None
3132,984,265,None,2375,265,MoveLeft
3133,977,265,MoveLeft,2375,265,None
3133,977,265,None,2368,265,MoveLeft
3134,977,265,None,2361,265,MoveLeft
3135,977,265,None,2354,265,MoveLeft
3136,977,265,None,2347,265,MoveLeft
3137,977,265,None,2340,265,MoveLeft
3138,977,265,None,2333,265,MoveLeft
3139,977,265,None,2326,265,MoveLeft
3140,977,265,None,2319,265,MoveLeft
3141,977,265,None,2312,265,MoveLeft
3142,977,265,None,2305,265,MoveLeft
3143,977,265,None,2298,265,MoveLeft
3144,977,265,None,2291,265,MoveLeft
3145,977,265,None,2284,265,MoveLeft
3146,977,265,None,2277,265,MoveLeft
3147,977,265,None,2270,265,MoveLeft
3148,977,265,None,2263,265,MoveLeft
3149,977,265,None,2256,265,MoveLeft
3150,977,265,None,2249,265,MoveLeft
3151,977,265,None,2242,265,MoveLeft
3152,977,265,None,2235,265,MoveLeft
3153,977,265,None,2228,265,MoveLeft
3154,970,265,MoveLeft,2228,265,None
3154,970,265,None,2221,265,MoveLeft
3155,963,265,MoveLeft,2221,265,None
3155,963,265,None,2214,265,MoveLeft
3156,956,265,MoveLeft,2214,265,None
3156,956,265,None,2207,265,MoveLeft
3157,949,265,MoveLeft,2207,265,None
3157,949,265,None,2200,265,MoveLeft
3158,942,265,MoveLeft,2200,265,None
3158,942,265,None,2193,265,MoveLeft
3159,935,265,MoveLeft,2193,265,None
3159,935,265,None,2186,265,MoveLeft
3160,928,265,MoveLeft,2186,265,None
3160,928,265,None,2179,265,MoveLeft
3161,921,265,MoveLeft,2179,265,None
3161,921,265,None,2172,265,MoveLeft
3162,914,265,MoveLeft,2172,265,None
3162,914,265,None,2165,265,MoveLeft
3163,914,265,None,2158,265,MoveLeft
3164,914,265,None,2151,265,MoveLeft
3165,914,265,None,2144,265,MoveLeft
3166,914,265,None,2137,265,MoveLeft
3167,914,265,None,2130,265,MoveLeft
3168,914,265,None,2123,265,MoveLeft
3169,914,265,None,2116,265,MoveLeft
3170,914,265,None,2109,265,MoveLeft
3171,914,265,None,2102,265,MoveLeft
3172,914,265,None,2095,265,MoveLeft
3173,914,265,None,2095,265,None
3173,914,265,None,2088,265,MoveLeft
3174,914,265,None,2081,265,MoveLeft
3175,914,265,None,2074,265,MoveLeft
3176,914,265,None,2067,265,MoveLeft
3177,914,265,None,2060,265,MoveLeft
3178,914,265,None,2053,265,MoveLeft
3179,914,265,None,2046,265,MoveLeft
3180,914,265,None,2039,265,MoveLeft
3181,914,265,None,2032,265,MoveLeft
3182,914,265,None,2025,265,MoveLeft
3183,914,265,None,2018,265,MoveLeft
3184,914,265,SpikeStrong,2018,265,None
3184,914,265,None,2018,265,None
3184,914,265,None,2011,265,MoveLeft
3185,914,265,None,2004,265,MoveLeft
3186,914,265,None,1997,265,MoveLeft
3187,914,265,None,1990,265,MoveLeft
3188,914,265,None,1983,265,MoveLeft
3189,914,265,None,1976,265,MoveLeft
3190,914,265,None,1969,265,MoveLeft
3191,914,265,None,1962,265,MoveLeft
3192,914,265,None,1955,265,MoveLeft
3193,914,265,None,1948,265,MoveLeft
3194,914,265,None,1941,265,MoveLeft
3195,914,265,None,1934,265,MoveLeft
3196,914,265,None,1927,265,MoveLeft
3197,914,265,None,1920,265,MoveLeft
3198,914,265,None,1913,265,MoveLeft
3199,914,265,None,1906,265,MoveLeft
3200,914,265,None,1899,265,MoveLeft
3201,914,265,None,1892,265,MoveLeft
3202,914,265,None,1885,265,MoveLeft
3203,914,265,None,1878,265,MoveLeft
3204,914,265,None,1871,265,MoveLeft
3205,914,265,None,1864,265,MoveLeft
3206,914,265,None,1857,265,MoveLeft
3207,914,265,None,1850,265,MoveLeft
3208,914,265,None,1843,265,MoveLeft
3209,914,265,None,1836,265,MoveLeft
3210,914,265,None,1829,265,MoveLeft
3211,914,265,None,1822,265,MoveLeft
3212,914,265,None,1815,265,MoveLeft
3213,914,265,None,1808,265,MoveLeft
3214,914,265,None,1801,265,MoveLeft
3215,914,265,None,1794,265,MoveLeft
3216,914,265,None,1787,265,MoveLeft
3217,914,265,None,1780,265,MoveLeft
3218,914,265,None,1773,265,MoveLeft
3219,914,265,None,1766,265,MoveLeft
3220,914,265,None,1759,265,MoveLeft
3221,914,265,None,1752,265,MoveLeft
3222,914,265,None,1745,265,MoveLeft
3223,914,265,None,1738,265,MoveLeft
3224,914,265,None,1731,265,MoveLeft
3260,977,265,MoveRight,2410,265,None
3261,984,265,MoveRight,2410,265,None
3262,991,265,MoveRight,2410,265,None
3263,998,265,MoveRight,2410,265,None
3264,1005,265,MoveRight,2410,265,None
3272,998,265,MoveLeft,2410,265,None
3273,991,265,MoveLeft,2410,265,None
3274,984,265,MoveLeft,2410,265,None
3275,977,265,MoveLeft,2410,265,None
3276,970,265,MoveLeft,2410,265,None
3277,963,265,MoveLeft,2410,265,None
3278,956,265,MoveLeft,2410,265,None
3279,949,265,MoveLeft,2410,265,None
3280,942,265,MoveLeft,2410,265,None
3281,935,265,MoveLeft,2410,265,None
3282,928,265,MoveLeft,2410,265,None
3283,928,265,None,2410,265,Serve
3283,928,265,None,2410,265,None
3292,935,265,MoveRight,2410,265,None
3293,942,265,MoveRight,2410,265,None
3294,949,265,MoveRight,2410,265,None
3295,956,265,MoveRight,2410,265,None
3296,963,265,MoveRight,2410,265,None
3297,970,265,MoveRight,2410,265,None
3298,977,265,MoveRight,2410,265,None
3299,984,265,MoveRight,2410,265,None
3300,991,265,MoveRight,2410,265,None
3301,998,265,MoveRight,2410,265,None
3302,1005,265,MoveRight,2410,265,None
3303,1012,265,MoveRight,2410,265,None
3303,1012,265,None,2403,265,MoveLeft
3304,1012,265,None,2396,265,MoveLeft
3305,1012,265,None,2389,265,MoveLeft
3306,1012,265,None,2382,265,MoveLeft
3307,1012,265,None,2375,265,MoveLeft
3308,1012,265,None,2368,265,MoveLeft
3309,1012,265,None,2361,265,MoveLeft
3310,1012,265,None,2354,265,MoveLeft
3311,1012,265,None,2347,265,MoveLeft
3312,1012,265,None,2340,265,MoveLeft
3313,1012,265,None,2333,265,MoveLeft
3314,1012,265,None,2326,265,MoveLeft
3315,1012,265,None,2319,265,MoveLeft
3316,1012,265,None,2312,265,MoveLeft
3317,1012,265,None,2305,265,MoveLeft
3318,1012,265,None,2298,265,MoveLeft
3319,1012,265,None,2291,265,MoveLeft
3320,1012,265,None,2284,265,MoveLeft
3321,1012,265,None,2277,265,MoveLeft
3322,1005,265,MoveLeft,2277,265,None
3322,1005,265,None,2270,265,MoveLeft
3323,998,265,MoveLeft,2270,265,None
3323,998,265,None,2263,265,MoveLeft
3324,991,265,MoveLeft,2263,265,None
3324,991,265,None,2256,265,MoveLeft
3325,984,265,MoveLeft,2256,265,None
3325,984,265,None,2249,265,MoveLeft
3326,977,265,MoveLeft,2249,265,None
3326,977,265,None,2242,265,MoveLeft
3327,970,265,MoveLeft,2242,265,None
3327,970,265,None,2235,265,MoveLeft
3328,963,265,MoveLeft,2235,265,None
3328,963,265,None,2228,265,MoveLeft
3329,956,265,MoveLeft,2228,265,None
3329,956,265,None,2221,265,MoveLeft
3330,949,265,MoveLeft,2221,265,None
3330,949,265,None,2214,265,MoveLeft
3331,942,265,MoveLeft,2214,265,None
3331,942,265,None,2207,265,MoveLeft
3332,935,265,MoveLeft,2207,265,None
3332,935,265,None,2200,265,MoveLeft
3333,928,265,MoveLeft,2200,265,None
3333,928,265,None,2193,265,MoveLeft
3334,921,265,MoveLeft,2193,265,None
3334,921,265,None,2186,265,MoveLeft
3335,914,265,MoveLeft,2186,265,None
3335,914,265,None,2179,265,MoveLeft
3336,907,265,MoveLeft,2179,265,None
3336,907,265,None,2172,265,MoveLeft
3337,900,265,MoveLeft,2172,265,None
3337,900,265,None,2165,265,MoveLeft
3338,893,265,MoveLeft,2165,265,None
3338,893,265,None,2158,265,MoveLeft
3339,886,265,MoveLeft,2158,265,None
3339,886,265,None,2151,265,MoveLeft
3340,879,265,MoveLeft,2151,265,None
3340,879,265,None,2144,265,MoveLeft
3341,872,265,MoveLeft,2144,265,None
3341,872,265,None,2137,265,MoveLeft
3342,872,265,None,2137,265,None
3342,872,265,None,2130,265,MoveLeft
3343,872,265,None,2130,265,None
3343,872,265,None,2123,265,MoveLeft
3344,872,265,None,2123,265,None
3344,872,265,None,2116,265,MoveLeft
3345,872,265,None,2116,265,None
3345,872,265,None,2109,265,MoveLeft
3346,872,265,None,2102,265,MoveLeft
3347,872,265,None,2095,265,MoveLeft
3348,872,265,None,2088,265,MoveLeft
3349,872,265,None,2081,265,MoveLeft
3350,872,265,None,2074,265,MoveLeft
3351,872,265,None,2074,265,None
3351,872,265,None,2067,265,MoveLeft
3352,872,265,None,2067,265,None
3352,872,265,None,2060,265,MoveLeft
3353,872,265,None,2060,265,None
3353,872,265,None,2053,265,MoveLeft
3354,872,265,None,2053,265,None
3354,872,265,None,2046,265,MoveLeft
3355,872,265,Bump,2046,265,None
3355,872,265,None,2046,265,None
3355,872,265,None,2039,265,MoveLeft
3356,872,265,None,2032,265,MoveLeft
3357,872,265,None,2025,265,MoveLeft
3358,872,265,None,2018,265,MoveLeft
3359,872,265,None,2011,265,MoveLeft
3360,872,265,None,2004,265,MoveLeft
3361,872,265,None,1997,265,MoveLeft
3362,872,265,None,1990,265,MoveLeft
3363,872,265,None,1983,265,MoveLeft
3364,872,265,None,1976,265,MoveLeft
3365,872,265,None,1969,265,MoveLeft
3366,872,265,None,1962,265,MoveLeft
3367,872,265,None,1955,265,MoveLeft
3368,872,265,None,1948,265,MoveLeft
3369,872,265,None,1941,265,MoveLeft
3370,872,265,None,1934,265,MoveLeft
3371,872,265,None,1927,265,MoveLeft
3372,872,265,None,1920,265,MoveLeft
3373,872,265,None,1913,265,MoveLeft
3374,879,265,MoveRight,1913,265,None
3374,879,265,None,1906,265,MoveLeft
3375,886,265,MoveRight,1906,265,None
3375,886,265,None,1899,265,MoveLeft
3376,893,265,MoveRight,1899,265,None
3376,893,265,None,1892,265,MoveLeft
3377,900,265,MoveRight,1892,265,None
3377,900,265,None,1885,265,MoveLeft
3378,907,265,MoveRight,1885,265,None
3378,907,265,None,1878,265,MoveLeft
3379,914,265,MoveRight,1878,265,None
3379,914,265,None,1871,265,MoveLeft
3380,921,265,MoveRight,1871,265,None
3380,921,265,None,1864,265,MoveLeft
3381,928,265,MoveRight,1864,265,None
3381,928,265,None,1857,265,MoveLeft
3382,935,265,MoveRight,1857,265,None
3382,935,265,None,1850,265,MoveLeft
3383,942,265,MoveRight,1850,265,None
3383,942,265,None,1843,265,MoveLeft
3384,949,265,MoveRight,1843,265,None
3384,949,265,None,1836,265,MoveLeft
3385,956,265,MoveRight,1836,265,None
3385,956,265,None,1829,265,MoveLeft
3386,963,265,MoveRight,1829,265,None
3386,963,265,None,1822,265,MoveLeft
3387,970,265,MoveRight,1822,265,None
3387,970,265,None,1815,265,MoveLeft
3388,977,265,MoveRight,1815,265,None
3388,977,265,None,1808,265,MoveLeft
3389,984,265,MoveRight,1808,265,None
3389,984,265,None,1801,265,MoveLeft
3390,991,265,MoveRight,1801,265,None
3390,991,265,None,1794,265,MoveLeft
3391,998,265,MoveRight,1794,265,None
3391,998,265,None,1787,265,MoveLeft
3392,1005,265,MoveRight,1787,265,None
3392,1005,265,None,1780,265,MoveLeft
3393,1012,265,MoveRight,1780,265,None
3393,1012,265,None,1773,265,MoveLeft
3394,1019,265,MoveRight,1773,265,None
3394,1019,265,None,1766,265,MoveLeft
3395,1026,265,MoveRight,1766,265,None
3395,1026,265,None,1759,265,MoveLeft
3396,1033,265,MoveRight,1759,265,None
3396,1033,265,None,1752,265,MoveLeft
3397,1040,265,MoveRight,1752,265,None
3397,1040,265,None,1745,265,MoveLeft
3398,1047,265,MoveRight,1745,265,None
3398,1047,265,None,1738,265,MoveLeft
3399,1054,265,MoveRight,1738,265,None
3399,1054,265,None,1731,265,MoveLeft
3400,1061,265,MoveRight,1731,265,None
3401,1068,265,MoveRight,1731,265,None
3402,1075,265,MoveRight,1731,265,None
3403,1082,265,MoveRight,1731,265,None
3404,1089,265,MoveRight,1731,265,None
3405,1096,265,MoveRight,1731,265,None
3406,1103,265,MoveRight,1731,265,None
3407,1110,265,MoveRight,1731,265,None
3408,1117,265,MoveRight,1731,265,None
3409,1124,265,MoveRight,1731,265,None
3410,1131,265,MoveRight,1731,265,None
3417,1124,265,MoveLeft,1731,265,None
3418,1117,265,MoveLeft,1731,265,None
3419,1110,265,MoveLeft,1731,265,None
3420,1103,265,MoveLeft,1731,265,None
3421,1096,265,MoveLeft,1731,265,None
3422,1089,265,MoveLeft,1731,265,None
3423,1082,265,MoveLeft,1731,265,None
3424,1075,265,MoveLeft,1731,265,None
3425,1068,265,MoveLeft,1731,265,None
3443,1068,265,None,1724,265,MoveLeft
3451,1075,265,MoveRight,1724,265,None
3452,1082,265,MoveRight,1724,265,None
3453,1089,265,MoveRight,1724,265,None
3454,1096,265,MoveRight,1724,265,None
3455,1103,265,MoveRight,1724,265,None
3456,1110,265,MoveRight,1724,265,None
3457,1117,265,MoveRight,1724,265,None
3466,1110,265,MoveLeft,1724,265,None
3467,1103,265,MoveLeft,1724,265,None
3468,1096,265,MoveLeft,1724,265,None
3469,1089,265,MoveLeft,1724,265,None
3470,1082,265,MoveLeft,1724,265,None
3471,1075,265,MoveLeft,1724,265,None
3472,1068,265,MoveLeft,1724,265,None
3473,1061,265,MoveLeft,1724,265,None
3474,1054,265,MoveLeft,1724,265,None
3475,1047,265,MoveLeft,1724,265,None
3491,1040,265,MoveLeft,1724,265,None
3492,1033,265,MoveLeft,1724,265,None
3493,1026,265,MoveLeft,1724,265,None
3494,1019,265,MoveLeft,1724,265,None
3495,1012,265,MoveLeft,1724,265,None
3496,1005,265,MoveLeft,1724,265,None
3497,1005,265,None,1724,265,None
3498,1005,265,None,1724,265,None
3499,1005,265,None,1724,265,None
3500,1005,265,Bump,1724,265,None
3500,1005,265,None,1724,265,None
3501,1005,265,None,1717,265,MoveLeft
3502,1005,265,None,1710,265,MoveLeft
3503,1005,265,None,1703,265,MoveLeft
3504,1005,265,None,1696,265,MoveLeft
3505,1005,265,None,1689,265,MoveLeft
3506,1005,265,None,1682,265,MoveLeft
3507,1005,265,None,1675,265,MoveLeft
3508,1005,265,None,1668,265,MoveLeft
3509,1005,265,None,1661,265,MoveLeft
3510,1005,265,None,1654,265,MoveLeft
3511,1005,265,None,1647,265,MoveLeft
3512,1005,265,None,1640,265,MoveLeft
3513,1005,265,None,1633,265,MoveLeft
3514,1005,265,None,1626,265,MoveLeft
3515,1005,265,None,1619,265,MoveLeft
3516,1005,265,None,1612,265,MoveLeft
3517,1005,265,None,1605,265,MoveLeft
3518,1005,265,None,1598,265,MoveLeft
3519,1005,265,None,1591,265,MoveLeft
3520,1005,265,None,1584,265,MoveLeft
3521,1005,265,None,1577,265,MoveLeft
3522,1005,265,None,1570,265,MoveLeft
3526,1012,265,MoveRight,1570,265,None
3527,1019,265,MoveRight,1570,265,None
3528,1026,265,MoveRight,1570,265,None
3529,1033,265,MoveRight,1570,265,None
3530,1040,265,MoveRight,1570,265,None
3531,1047,265,MoveRight,1570,265,None
3532,1054,265,MoveRight,1570,265,None
3533,1061,265,MoveRight,1570,265,None
3567,1054,265,MoveLeft,1570,265,None
3568,1047,265,MoveLeft,1570,265,None
3569,1040,265,MoveLeft,1570,265,None
3570,1033,265,MoveLeft,1570,265,None
3571,1026,265,MoveLeft,1570,265,None
3572,1019,265,MoveLeft,1570,265,None
3573,1012,265,MoveLeft,1570,265,None
3574,1005,265,MoveLeft,1570,265,None
3575,998,265,MoveLeft,1570,265,None
3576,991,265,MoveLeft,1570,265,None
3577,984,265,MoveLeft,1570,265,None
3578,977,265,MoveLeft,1570,265,None
3579,970,265,MoveLeft,1570,265,None
3580,963,265,MoveLeft,1570,265,None
3581,956,265,MoveLeft,1570,265,None
3582,949,265,MoveLeft,1570,265,None
3600,949,265,None,1570,265,SpikeLight
3600,949,265,None,1570,265,None
3611,949,265,None,1577,265,MoveRight
3612,949,265,None,1584,265,MoveRight
3613,949,265,None,1591,265,MoveRight
3614,949,265,None,1598,265,MoveRight
3615,949,265,None,1605,265,MoveRight
3616,949,265,None,1612,265,MoveRight
3617,949,265,None,1619,265,MoveRight
3618,949,265,None,1626,265,MoveRight
3619,949,265,None,1633,265,MoveRight
3620,949,265,None,1640,265,MoveRight
3621,949,265,None,1647,265,MoveRight
3622,949,265,None,1654,265,MoveRight
3623,949,265,None,1661,265,MoveRight
3624,949,265,None,1668,265,MoveRight
3625,956,265,MoveRight,1668,265,None
3625,956,265,None,1675,265,MoveRight
3626,963,265,MoveRight,1675,265,None
3626,963,265,None,1682,265,MoveRight
3627,970,265,MoveRight,1682,265,None
3627,970,265,None,1689,265,MoveRight
3628,977,265,MoveRight,1689,265,None
3628,977,265,None,1696,265,MoveRight
3629,984,265,MoveRight,1696,265,None
3629,984,265,None,1703,265,MoveRight
3630,991,265,MoveRight,1703,265,None
3630,991,265,None,1710,265,MoveRight
3631,998,265,MoveRight,1710,265,None
3631,998,265,None,1717,265,MoveRight
3632,1005,265,MoveRight,1717,265,None
3632,1005,265,None,1724,265,MoveRight
3633,1012,265,MoveRight,1724,265,None
3633,1012,265,None,1724,265,None
3634,1019,265,MoveRight,1724,265,None
3634,1019,265,None,1724,265,None
3635,1026,265,MoveRight,1724,265,None
3635,1026,265,None,1724,265,None
3636,1033,265,MoveRight,1724,265,None
3636,1033,265,None,1724,265,None
3637,1040,265,MoveRight,1724,265,None
3637,1040,265,None,1724,265,None
3638,1047,265,MoveRight,1724,265,None
3638,1047,265,None,1724,265,None
3639,1054,265,MoveRight,1724,265,None
3639,1054,265,None,1724,265,None
3640,1061,265,MoveRight,1724,265,None
3640,1061,265,None,1724,265,None
3641,1068,265,MoveRight,1724,265,None
3641,1068,265,None,1724,265,None
3642,1075,265,MoveRight,1724,265,None
3642,1075,265,None,1724,265,None
3643,1082,265,MoveRight,1724,265,None
3643,1082,265,None,1724,265,None
3644,1089,265,MoveRight,1724,265,None
3644,1089,265,None,1724,265,None
3645,1096,265,MoveRight,1724,265,None
3645,1096,265,None,1724,265,None
3646,1103,265,MoveRight,1724,265,None
3646,1103,265,None,1724,265,None
3647,1110,265,MoveRight,1724,265,None
3647,1110,265,None,1724,265,None
3648,1117,265,MoveRight,1724,265,None
3648,1117,265,None,1724,265,None
3649,1124,265,MoveRight,1724,265,None
3649,1124,265,None,1724,265,None
3650,1131,265,MoveRight,1724,265,None
3650,1131,265,None,1724,265,None
3651,1138,265,MoveRight,1724,265,None
3651,1138,265,None,1724,265,None
3652,1145,265,MoveRight,1724,265,None
3652,1145,265,None,1724,265,None
3653,1152,265,MoveRight,1724,265,None
3653,1152,265,None,1724,265,None
3654,1159,265,MoveRight,1724,265,None
3654,1159,265,None,1724,265,None
3655,1166,265,MoveRight,1724,265,None
3655,1166,265,None,1724,265,None
3656,1173,265,MoveRight,1724,265,None
3656,1173,265,None,1724,265,None
3657,1180,265,MoveRight,1724,265,None
3657,1180,265,None,1724,265,None
3658,1187,265,MoveRight,1724,265,None
3658,1187,265,None,1724,265,None
3659,1187,265,Bump,1724,265,None
3659,1194,265,MoveRight,1724,265,None
3659,1194,265,None,1724,265,None
3660,1194,265,None,1731,265,MoveRight
3661,1194,265,None,1738,265,MoveRight
3662,1194,265,None,1745,265,MoveRight
3663,1194,265,None,1752,265,MoveRight
3680,1187,265,MoveLeft,1752,265,None
3681,1180,265,MoveLeft,1752,265,None
3682,1173,265,MoveLeft,1752,265,None
3683,1166,265,MoveLeft,1752,265,None
3684,1159,265,MoveLeft,1752,265,None
3685,1152,265,MoveLeft,1752,265,None
3686,1145,265,MoveLeft,1752,265,None
3687,1138,265,MoveLeft,1752,265,None
3688,1131,265,MoveLeft,1752,265,None
3689,1124,265,MoveLeft,1752,265,None
3698,1117,265,MoveLeft,1752,265,None
3699,1110,265,MoveLeft,1752,265,None
3700,1103,265,MoveLeft,1752,265,None
3701,1096,265,MoveLeft,1752,265,None
3702,1089,265,MoveLeft,1752,265,None
3703,1082,265,MoveLeft,1752,265,None
3704,1075,265,MoveLeft,1752,265,None
3705,1068,265,MoveLeft,1752,265,None
3706,1061,265,MoveLeft,1752,265,None
3707,1054,265,MoveLeft,1752,265,None
3708,1047,265,MoveLeft,1752,265,None
3709,1040,265,MoveLeft,1752,265,None
3710,1033,265,MoveLeft,1752,265,None
3758,1040,265,MoveRight,1752,265,None
3759,1047,265,MoveRight,1752,265,None
3760,1047,265,None,1752,265,SpikeMedium
3760,1054,265,MoveRight,1752,265,None
3760,1054,265,None,1752,265,None
3761,1061,265,MoveRight,1752,265,None
3762,1068,265,MoveRight,1752,265,None
3763,1075,265,MoveRight,1752,265,None
3764,1082,265,MoveRight,1752,265,None
3765,1089,265,MoveRight,1752,265,None
3766,1096,265,MoveRight,1752,265,None
3767,1103,265,MoveRight,1752,265,None
3768,1110,265,MoveRight,1752,265,None
3769,1117,265,MoveRight,1752,265,None
3771,1117,265,None,1745,265,MoveLeft
3772,1117,265,None,1738,265,MoveLeft
3773,1117,265,None,1731,265,MoveLeft
3774,1117,265,None,1731,265,None
3775,1117,265,None,1731,265,None
3776,1117,265,None,1731,265,None
3777,1117,265,None,1731,265,None
3778,1117,265,None,1731,265,None
3779,1117,265,None,1731,265,None
3780,1117,265,None,1731,265,None
3781,1117,265,None,1731,265,None
3782,1117,265,None,1731,265,None
3783,1117,265,None,1731,265,None
3784,1117,265,None,1731,265,None
3785,1117,265,None,1731,265,None
3786,1117,265,None,1731,265,None
3787,1110,265,MoveLeft,1731,265,None
3787,1110,265,None,1731,265,None
3788,1103,265,MoveLeft,1731,265,None
3788,1103,265,None,1731,265,None
3789,1096,265,MoveLeft,1731,265,None
3789,1096,265,None,1731,265,None
3790,1089,265,MoveLeft,1731,265,None
3790,1089,265,None,1731,265,None
3791,1082,265,MoveLeft,1731,265,None
3791,1082,265,None,1731,265,None
3792,1075,265,MoveLeft,1731,265,None
3792,1075,265,None,1731,265,None
3793,1068,265,MoveLeft,1731,265,None
3793,1068,265,None,1731,265,None
3794,1061,265,MoveLeft,1731,265,None
3794,1061,265,None,1731,265,None
3795,1054,265,MoveLeft,1731,265,None
3795,1054,265,None,1731,265,None
3796,1047,265,MoveLeft,1731,265,None
3796,1047,265,None,1731,265,None
3797,1040,265,MoveLeft,1731,265,None
3797,1040,265,None,1731,265,None
3798,1033,265,MoveLeft,1731,265,None
3798,1033,265,None,1731,265,None
3799,1026,265,MoveLeft,1731,265,None
3799,1026,265,None,1731,265,None
3800,1019,265,MoveLeft,1731,265,None
3800,1019,265,None,1731,265,None
3801,1012,265,MoveLeft,1731,265,None
3801,1012,265,None,1731,265,None
3802,1005,265,MoveLeft,1731,265,None
3802,1005,265,None,1731,265,None
3803,998,265,MoveLeft,1731,265,None
3803,998,265,None,1731,265,None
3804,991,265,MoveLeft,1731,265,None
3804,991,265,None,1731,265,None
3805,984,265,MoveLeft,1731,265,None
3805,984,265,None,1731,265,None
3806,977,265,MoveLeft,1731,265,None
3806,977,265,None,1731,265,None
3807,970,265,MoveLeft,1731,265,None
3807,970,265,None,1731,265,None
3808,963,265,MoveLeft,1731,265,None
3808,963,265,None,1731,265,None
3809,956,265,MoveLeft,1731,265,None
3809,956,265,None,1731,265,None
3810,949,265,MoveLeft,1731,265,None
3810,949,265,None,1731,265,None
3811,942,265,MoveLeft,1731,265,None
3811,942,265,None,1731,265,None
3812,935,265,MoveLeft,1731,265,None
3812,935,265,None,1731,265,None
3813,928,265,MoveLeft,1731,265,None
3813,928,265,None,1731,265,None
3814,921,265,MoveLeft,1731,265,None
3814,921,265,None,1731,265,None
3815,914,265,MoveLeft,1731,265,None
3815,914,265,None,1731,265,None
3816,907,265,MoveLeft,1731,265,None
3816,907,265,None,1731,265,None
3817,900,265,MoveLeft,1731,265,None
3817,900,265,None,1731,265,None
3818,893,265,MoveLeft,1731,265,None
3818,893,265,None,1731,265,None
3819,886,265,MoveLeft,1731,265,None
3819,886,265,None,1731,265,None
3820,879,265,MoveLeft,1731,265,None
3820,879,265,None,1731,265,None
3821,872,265,MoveLeft,1731,265,None
3821,872,265,None,1731,265,None
3822,872,265,Bump,1731,265,None
3822,872,265,None,1731,265,None
3822,872,265,None,1731,265,None
3841,879,265,MoveRight,1731,265,None
3842,886,265,MoveRight,1731,265,None
3843,893,265,MoveRight,1731,265,None
3844,900,265,MoveRight,1731,265,None
3845,907,265,MoveRight,1731,265,None
3846,914,265,MoveRight,1731,265,None
3847,921,265,MoveRight,1731,265,None
3848,928,265,MoveRight,1731,265,None
3849,935,265,MoveRight,1731,265,None
3850,942,265,MoveRight,1731,265,None
3851,949,265,MoveRight,1731,265,None
3852,956,265,MoveRight,1731,265,None
3853,963,265,MoveRight,1731,265,None
3854,970,265,MoveRight,1731,265,None
3855,977,265,MoveRight,1731,265,None
3856,984,265,MoveRight,1731,265,None
3857,991,265,MoveRight,1731,265,None
3858,998,265,MoveRight,1731,265,None
3859,1005,265,MoveRight,1731,265,None
3860,1012,265,MoveRight,1731,265,None
3861,1019,265,MoveRight,1731,265,None
3862,1026,265,MoveRight,1731,265,None
3863,1033,265,MoveRight,1731,265,None
3864,1040,265,MoveRight,1731,265,None
3865,1047,265,MoveRight,1731,265,None
3866,1054,265,MoveRight,1731,265,None
3867,1061,265,MoveRight,1731,265,None
3868,1068,265,MoveRight,1731,265,None
3869,1075,265,MoveRight,1731,265,None
3870,1082,265,MoveRight,1731,265,None
3871,1089,265,MoveRight,1731,265,None
3872,1096,265,MoveRight,1731,265,None
3873,1103,265,MoveRight,1731,265,None
3874,1110,265,MoveRight,1731,265,None
3875,1117,265,MoveRight,1731,265,None
3876,1124,265,MoveRight,1731,265,None
3877,1131,265,MoveRight,1731,265,None
3878,1138,265,MoveRight,1731,265,None
3879,1145,265,MoveRight,1731,265,None
3880,1152,265,MoveRight,1731,265,None
3881,1159,265,MoveRight,1731,265,None
3882,1166,265,MoveRight,1731,265,None
3883,1173,265,MoveRight,1731,265,None
3884,1180,265,MoveRight,1731,265,None
3885,1187,265,MoveRight,1731,265,None
3886,1194,265,MoveRight,1731,265,None
3896,1187,265,MoveLeft,1731,265,None
3897,1180,265,MoveLeft,1731,265,None
3898,1173,265,MoveLeft,1731,265,None
3899,1166,265,MoveLeft,1731,265,None
3900,1159,265,MoveLeft,1731,265,None
3901,1152,265,MoveLeft,1731,265,None
3902,1145,265,MoveLeft,1731,265,None
3909,1145,265,None,1724,265,MoveLeft
3929,1138,265,MoveLeft,1724,265,None
3930,1131,265,MoveLeft,1724,265,None
3931,1124,265,MoveLeft,1724,265,None
3932,1117,265,MoveLeft,1724,265,None
3933,1110,265,MoveLeft,1724,265,None
3934,1103,265,MoveLeft,1724,265,None
3935,1096,265,MoveLeft,1724,265,None
3936,1089,265,MoveLeft,1724,265,None
3937,1082,265,MoveLeft,1724,265,None
3938,1075,265,MoveLeft,1724,265,None
3939,1068,265,MoveLeft,1724,265,None
3940,1061,265,MoveLeft,1724,265,None
3941,1054,265,MoveLeft,1724,265,None
3942,1047,265,MoveLeft,1724,265,None
3943,1040,265,MoveLeft,1724,265,None
3944,1033,265,MoveLeft,1724,265,None
3960,1040,265,MoveRight,1724,265,None
3961,1047,265,MoveRight,1724,265,None
3962,1054,265,MoveRight,1724,265,None
3980,1054,265,Set,1724,265,None
3980,1054,265,None,1724,265,None
4014,1047,265,MoveLeft,1724,265,None
4015,1040,265,MoveLeft,1724,265,None
4016,1033,265,MoveLeft,1724,265,None
4017,1026,265,MoveLeft,1724,265,None
4018,1019,265,MoveLeft,1724,265,None
4019,1012,265,MoveLeft,1724,265,None
4020,1005,265,MoveLeft,1724,265,None
4021,998,265,MoveLeft,1724,265,None
4022,991,265,MoveLeft,1724,265,None
4023,984,265,MoveLeft,1724,265,None
4024,977,265,MoveLeft,1724,265,None
4076,984,265,MoveRight,1724,265,None
4077,991,265,MoveRight,1724,265,None
4078,998,265,MoveRight,1724,265,None
4079,1005,265,MoveRight,1724,265,None
4080,1012,265,MoveRight,1724,265,None
4081,1019,265,MoveRight,1724,265,None
4082,1026,265,MoveRight,1724,265,None
4083,1026,265,None,1724,265,None
4084,1026,265,None,1724,265,None
4085,1026,265,None,1724,265,None
4086,1026,265,None,1724,265,None
4087,1026,265,None,1724,265,None
4088,1026,265,None,1724,265,None
4089,1026,265,None,1724,265,None
4090,1026,265,None,1724,265,None
4091,1026,265,None,1724,265,None
4092,1026,265,None,1724,265,None
4093,1026,265,None,1724,265,None
4094,1026,265,None,1724,265,None
4095,1026,265,None,1724,265,None
4096,1026,265,None,1724,265,None
4097,1026,265,None,1724,265,None
4098,1026,265,None,1724,265,None
4099,1026,265,None,1724,265,None
4100,1026,265,None,1724,265,None
4101,1026,265,None,1724,265,None
4102,1026,265,None,1724,265,None
4103,1026,265,None,1724,265,None
4104,1026,265,None,1724,265,None
4105,1026,265,None,1724,265,None
4106,1026,265,None,1724,265,None
4107,1026,265,None,1724,265,None
4108,1026,265,None,1724,265,None
4109,1026,265,None,1724,265,None
4110,1026,265,None,1724,265,None
4111,1026,265,None,1724,265,None
4112,1026,265,None,1724,265,None
4113,1026,265,None,1724,265,None
4114,1026,265,None,1724,265,None
4115,1026,265,None,1724,265,None
4116,1026,265,Bump,1724,265,None
4116,1026,265,None,1724,265,None
4117,1026,265,None,1717,265,MoveLeft
4118,1026,265,None,1710,265,MoveLeft
4119,1026,265,None,1703,265,MoveLeft
4120,1026,265,None,1696,265,MoveLeft
4121,1026,265,None,1689,265,MoveLeft
4122,1026,265,None,1682,265,MoveLeft
4123,1026,265,None,1675,265,MoveLeft
4124,1026,265,None,1668,265,MoveLeft
4125,1026,265,None,1661,265,MoveLeft
4126,1026,265,None,1654,265,MoveLeft
4127,1026,265,None,1647,265,MoveLeft
4128,1026,265,None,1640,265,MoveLeft
4129,1026,265,None,1633,265,MoveLeft
4130,1026,265,None,1626,265,MoveLeft
4131,1026,265,None,1619,265,MoveLeft
4132,1026,265,None,1612,265,MoveLeft
4133,1026,265,None,1605,265,MoveLeft
4134,1026,265,None,1598,265,MoveLeft
4135,1026,265,None,1591,265,MoveLeft
4136,1026,265,None,1584,265,MoveLeft
4137,1033,265,MoveRight,1584,265,None
4137,1033,265,None,1577,265,MoveLeft
4138,1040,265,MoveRight,1577,265,None
4138,1040,265,None,1570,265,MoveLeft
4139,1047,265,MoveRight,1570,265,None
4139,1047,265,None,1563,265,MoveLeft
4140,1054,265,MoveRight,1563,265,None
4140,1054,265,None,1556,265,MoveLeft
4141,1061,265,MoveRight,1556,265,None
4141,1061,265,None,1549,265,MoveLeft
4142,1068,265,MoveRight,1549,265,None
4142,1068,265,None,1542,265,MoveLeft
4143,1075,265,MoveRight,1542,265,None
4143,1075,265,None,1535,265,MoveLeft
4144,1082,265,MoveRight,1535,265,None
4144,1082,265,None,1528,265,MoveLeft
4145,1089,265,MoveRight,1528,265,None
4145,1089,265,None,1521,265,MoveLeft
4146,1096,265,MoveRight,1521,265,None
4146,1096,265,None,1514,265,MoveLeft
4147,1103,265,MoveRight,1514,265,None
4147,1103,265,None,1507,265,MoveLeft
4148,1110,265,MoveRight,1507,265,None
4149,1117,265,MoveRight,1507,265,None
4150,1124,265,MoveRight,1507,265,None
4151,1131,265,MoveRight,1507,265,None
4152,1138,265,MoveRight,1507,265,None
4153,1145,265,MoveRight,1507,265,None
4163,1138,265,MoveLeft,1507,265,None
4164,1131,265,MoveLeft,1507,265,None
4165,1124,265,MoveLeft,1507,265,None
4166,1117,265,MoveLeft,1507,265,None
4167,1110,265,MoveLeft,1507,265,None
4168,1103,265,MoveLeft,1507,265,None
4177,1110,265,MoveRight,1507,265,None
4178,1117,265,MoveRight,1507,265,None
4179,1124,265,MoveRight,1507,265,None
4180,1131,265,MoveRight,1507,265,None
4181,1138,265,MoveRight,1507,265,None
4182,1145,265,MoveRight,1507,265,None
4183,1152,265,MoveRight,1507,265,None
4213,1152,265,None,1507,265,SpikeLight
4213,1152,265,None,1507,265,None
4224,1152,265,None,1514,265,MoveRight
4225,1152,265,None,1521,265,MoveRight
4226,1152,265,None,1528,265,MoveRight
4227,1152,265,None,1535,265,MoveRight
4228,1152,265,None,1542,265,MoveRight
4229,1152,265,None,1549,265,MoveRight
4230,1152,265,None,1556,265,MoveRight
4231,1152,265,None,1563,265,MoveRight
4232,1152,265,None,1570,265,MoveRight
4233,1152,265,None,1577,265,MoveRight
4234,1152,265,None,1584,265,MoveRight
4235,1152,265,None,1591,265,MoveRight
4236,1152,265,None,1598,265,MoveRight
4237,1152,265,None,1605,265,MoveRight
4238,1159,265,MoveRight,1605,265,None
4238,1159,265,None,1612,265,MoveRight
4239,1166,265,MoveRight,1612,265,None
4239,1166,265,None,1619,265,MoveRight
4240,1173,265,MoveRight,1619,265,None
4240,1173,265,None,1626,265,MoveRight
4241,1180,265,MoveRight,1626,265,None
4241,1180,265,None,1633,265,MoveRight
4242,1187,265,MoveRight,1633,265,None
4242,1187,265,None,1640,265,MoveRight
4243,1194,265,MoveRight,1640,265,None
4243,1194,265,None,1647,265,MoveRight
4244,1201,265,MoveRight,1647,265,None
4244,1201,265,None,1654,265,MoveRight
4245,1208,265,MoveRight,1654,265,None
4245,1208,265,None,1661,265,MoveRight
4246,1215,265,MoveRight,1661,265,None
4246,1215,265,None,1668,265,MoveRight
4247,1222,265,MoveRight,1668,265,None
4247,1222,265,None,1675,265,MoveRight
4248,1229,265,MoveRight,1675,265,None
4248,1229,265,None,1682,265,MoveRight
4249,1236,265,MoveRight,1682,265,None
4249,1236,265,None,1689,265,MoveRight
4250,1236,265,None,1696,265,MoveRight
4251,1236,265,None,1703,265,MoveRight
4252,1236,265,None,1710,265,MoveRight
4253,1236,265,None,1717,265,MoveRight
4254,1236,265,None,1724,265,MoveRight
4255,1236,265,None,1724,265,None
4256,1236,265,None,1724,265,None
4257,1236,265,None,1724,265,None
4258,1236,265,None,1724,265,None
4259,1236,265,None,1724,265,None
4260,1236,265,None,1724,265,None
4261,1236,265,None,1724,265,None
4262,1236,265,None,1724,265,None
4263,1236,265,None,1724,265,None
4264,1236,265,None,1724,265,None
4265,1236,265,None,1724,265,None
4266,1236,265,None,1724,265,None
4267,1236,265,None,1724,265,None
4268,1236,265,None,1724,265,None
4269,1236,265,None,1724,265,None
4270,1236,265,Bump,1724,265,None
4270,1229,265,MoveLeft,1724,265,None
4270,1229,265,None,1724,265,None
4271,1229,265,None,1717,265,MoveLeft
4272,1229,265,None,1710,265,MoveLeft
4273,1229,265,None,1703,265,MoveLeft
4274,1229,265,None,1696,265,MoveLeft
4275,1229,265,None,1689,265,MoveLeft
4276,1229,265,None,1682,265,MoveLeft
4348,1222,265,MoveLeft,1682,265,None
4349,1215,265,MoveLeft,1682,265,None
4350,1208,265,MoveLeft,1682,265,None
4351,1201,265,MoveLeft,1682,265,None
4352,1194,265,MoveLeft,1682,265,None
4353,1187,265,MoveLeft,1682,265,None
4354,1180,265,MoveLeft,1682,265,None
4355,1173,265,MoveLeft,1682,265,None
4356,1166,265,MoveLeft,1682,265,None
4357,1159,265,MoveLeft,1682,265,None
4358,1152,265,MoveLeft,1682,265,None
4359,1145,265,MoveLeft,1682,265,None
4360,1138,265,MoveLeft,1682,265,None
4361,1131,265,MoveLeft,1682,265,None
4362,1124,265,MoveLeft,1682,265,None
4363,1117,265,MoveLeft,1682,265,None
4364,1110,265,MoveLeft,1682,265,None
4369,1110,265,None,1682,265,SpikeLight
4369,1110,265,None,1682,265,None
4380,1110,265,None,1689,265,MoveRight
4381,1110,265,None,1696,265,MoveRight
4382,1110,265,None,1703,265,MoveRight
4383,1110,265,None,1710,265,MoveRight
4384,1110,265,None,1717,265,MoveRight
4385,1110,265,None,1724,265,MoveRight
4386,1110,265,None,1724,265,None
4387,1110,265,None,1724,265,None
4388,1117,265,MoveRight,1724,265,None
4388,1117,265,None,1724,265,None
4389,1124,265,MoveRight,1724,265,None
4389,1124,265,None,1724,265,None
4390,1131,265,MoveRight,1724,265,None
4390,1131,265,None,1724,265,None
4391,1138,265,MoveRight,1724,265,None
4391,1138,265,None,1724,265,None
4392,1145,265,MoveRight,1724,265,None
4392,1145,265,None,1724,265,None
4393,1152,265,MoveRight,1724,265,None
4393,1152,265,None,1724,265,None
4394,1159,265,MoveRight,1724,265,None
4394,1159,265,None,1724,265,None
4395,1166,265,MoveRight,1724,265,None
4395,1166,265,None,1724,265,None
4396,1173,265,MoveRight,1724,265,None
4396,1173,265,None,1724,265,None
4397,1180,265,MoveRight,1724,265,None
4397,1180,265,None,1724,265,None
4398,1187,265,MoveRight,1724,265,None
4398,1187,265,None,1724,265,None
4399,1194,265,MoveRight,1724,265,None
4399,1194,265,None,1724,265,None
4400,1201,265,MoveRight,1724,265,None
4400,1201,265,None,1724,265,None
4401,1208,265,MoveRight,1724,265,None
4401,1208,265,None,1724,265,None
4402,1215,265,MoveRight,1724,265,None
4402,1215,265,None,1724,265,None
4403,1222,265,MoveRight,1724,265,None
4403,1222,265,None,1724,265,None
4404,1229,265,MoveRight,1724,265,None
4404,1229,265,None,1724,265,None
4405,1236,265,MoveRight,1724,265,None
4405,1236,265,None,1724,265,None
4406,1243,265,MoveRight,1724,265,None
4406,1243,265,None,1724,265,None
4407,1250,265,MoveRight,1724,265,None
4407,1250,265,None,1724,265,None
4408,1257,265,MoveRight,1724,265,None
4408,1257,265,None,1724,265,None
4409,1264,265,MoveRight,1724,265,None
4409,1264,265,None,1724,265,None
4410,1271,265,MoveRight,1724,265,None
4410,1271,265,None,1724,265,None
4411,1271,265,None,1724,265,None
4412,1271,265,None,1724,265,None
4413,1271,265,None,1724,265,None
4414,1271,265,None,1724,265,None
4415,1271,265,None,1724,265,None
4416,1271,265,None,1724,265,None
4417,1271,265,None,1724,265,None
4418,1271,265,None,1724,265,None
4419,1271,265,None,1724,265,None
4420,1271,265,None,1724,265,None
4421,1271,265,None,1724,265,None
4422,1271,265,None,1724,265,None
4423,1271,265,None,1724,265,None
4424,1271,265,None,1724,265,None
4425,1271,265,None,1724,265,None
4426,1271,265,None,1724,265,None
4427,1271,265,None,1724,265,None
4428,1271,265,None,1724,265,None
4429,1271,265,None,1724,265,None
4430,1271,265,None,1724,265,None
4431,1271,265,None,1724,265,None
4432,1271,265,None,1724,265,None
4433,1271,265,None,1724,265,None
4483,337,265,MoveRight,1670,265,None
4484,344,265,MoveRight,1670,265,None
4485,351,265,MoveRight,1670,265,None
4486,358,265,MoveRight,1670,265,None
4487,365,265,MoveRight,1670,265,None
4488,372,265,MoveRight,1670,265,None
4489,379,265,MoveRight,1670,265,None
4490,386,265,MoveRight,1670,265,None
4491,393,265,MoveRight,1670,265,None
4492,400,265,MoveRight,1670,265,None
4493,407,265,MoveRight,1670,265,None
4494,414,265,MoveRight,1670,265,None
4495,421,265,MoveRight,1670,265,None
4496,428,265,MoveRight,1670,265,None
4497,435,265,MoveRight,1670,265,None
4498,442,265,MoveRight,1670,265,None
4499,449,265,MoveRight,1670,265,None
4500,456,265,MoveRight,1670,265,None
4501,463,265,MoveRight,1670,265,None
4502,470,265,MoveRight,1670,265,None
4503,477,265,MoveRight,1670,265,None
4504,484,265,MoveRight,1670,265,None
4505,491,265,MoveRight,1670,265,None
4506,498,265,MoveRight,1670,265,None
4507,505,265,MoveRight,1670,265,None
4508,512,265,MoveRight,1670,265,None
4509,519,265,MoveRight,1670,265,None
4510,526,265,MoveRight,1670,265,None
4521,526,265,Serve,1670,265,None
4521,526,265,None,1670,265,None
4522,526,265,None,1677,265,MoveRight
4523,526,265,None,1684,265,MoveRight
4524,526,265,None,1691,265,MoveRight
4525,526,265,None,1698,265,MoveRight
4526,526,265,None,1705,265,MoveRight
4527,526,265,None,1712,265,MoveRight
4528,526,265,None,1719,265,MoveRight
4529,526,265,None,1726,265,MoveRight
4530,526,265,None,1733,265,MoveRight
4531,526,265,None,1740,265,MoveRight
4532,526,265,None,1747,265,MoveRight
4533,526,265,None,1754,265,MoveRight
4534,526,265,None,1761,265,MoveRight
4535,526,265,None,1768,265,MoveRight
4536,526,265,None,1775,265,MoveRight
4537,526,265,None,1782,265,MoveRight
4538,526,265,None,1789,265,MoveRight
4539,526,265,None,1796,265,MoveRight
4540,526,265,None,1803,265,MoveRight
4541,526,265,None,1810,265,MoveRight
4542,526,265,None,1817,265,MoveRight
4543,526,265,None,1824,265,MoveRight
4544,526,265,None,1831,265,MoveRight
4545,526,265,None,1838,265,MoveRight
4546,526,265,None,1845,265,MoveRight
4547,526,265,None,1852,265,MoveRight
4548,526,265,None,1859,265,MoveRight
4549,526,265,None,1866,265,MoveRight
4550,526,265,None,1873,265,MoveRight
4551,526,265,None,1880,265,MoveRight
4552,526,265,None,1887,265,MoveRight
4553,526,265,None,1894,265,MoveRight
4554,526,265,None,1901,265,MoveRight
4555,526,265,None,1908,265,MoveRight
4556,526,265,None,1915,265,MoveRight
4557,526,265,None,1922,265,MoveRight
4558,526,265,None,1929,265,MoveRight
4559,526,265,None,1936,265,MoveRight
4560,526,265,None,1943,265,MoveRight
4561,526,265,None,1950,265,MoveRight
4562,526,265,None,1957,265,MoveRight
4563,526,265,None,1964,265,MoveRight
4564,526,265,None,1971,265,MoveRight
4565,526,265,None,1978,265,MoveRight
4566,526,265,None,1985,265,MoveRight
4567,526,265,None,1992,265,MoveRight
4568,526,265,None,1999,265,MoveRight
4569,526,265,None,2006,265,MoveRight
4570,526,265,None,2013,265,MoveRight
4571,526,265,None,2020,265,MoveRight
4572,526,265,None,2027,265,MoveRight
4573,526,265,None,2034,265,MoveRight
4574,526,265,None,2041,265,MoveRight
4575,526,265,None,2048,265,MoveRight
4576,526,265,None,2055,265,MoveRight
4577,526,265,None,2062,265,MoveRight
4578,526,265,None,2069,265,MoveRight
4589,533,265,MoveRight,2069,265,None
4590,540,265,MoveRight,2069,265,None
4591,547,265,MoveRight,2069,265,None
4592,554,265,MoveRight,2069,265,None
4593,561,265,MoveRight,2069,265,None
4594,568,265,MoveRight,2069,265,None
4595,568,265,None,2069,265,SpikeMedium
4595,575,265,MoveRight,2069,265,None
4595,575,265,None,2069,265,None
4596,582,265,MoveRight,2069,265,None
4597,589,265,MoveRight,2069,265,None
4598,596,265,MoveRight,2069,265,None
4599,603,265,MoveRight,2069,265,None
4600,610,265,MoveRight,2069,265,None
4601,617,265,MoveRight,2069,265,None
4602,624,265,MoveRight,2069,265,None
4603,631,265,MoveRight,2069,265,None
4604,638,265,MoveRight,2069,265,None
4605,645,265,MoveRight,2069,265,None
4606,652,265,MoveRight,2069,265,None
4606,652,265,None,2062,265,MoveLeft
4607,659,265,MoveRight,2062,265,None
4607,659,265,None,2055,265,MoveLeft
4608,666,265,MoveRight,2055,265,None
4608,666,265,None,2048,265,MoveLeft
4609,673,265,MoveRight,2048,265,None
4609,673,265,None,2041,265,MoveLeft
4610,680,265,MoveRight,2041,265,None
4610,680,265,None,2034,265,MoveLeft
4611,687,265,MoveRight,2034,265,None
4611,687,265,None,2027,265,MoveLeft
4612,687,265,None,2020,265,MoveLeft
4613,687,265,None,2013,265,MoveLeft
4614,687,265,None,2006,265,MoveLeft
4615,687,265,None,1999,265,MoveLeft
4616,687,265,None,1992,265,MoveLeft
4617,687,265,None,1985,265,MoveLeft
4618,687,265,None,1978,265,MoveLeft
4619,687,265,None,1971,265,MoveLeft
4620,687,265,None,1964,265,MoveLeft
4621,687,265,None,1957,265,MoveLeft
4622,687,265,None,1950,265,MoveLeft
4623,687,265,None,1943,265,MoveLeft
4624,687,265,None,1936,265,MoveLeft
4625,687,265,None,1929,265,MoveLeft
4626,694,265,MoveRight,1929,265,None
4626,694,265,None,1922,265,MoveLeft
4627,701,265,MoveRight,1922,265,None
4627,701,265,None,1915,265,MoveLeft
4628,708,265,MoveRight,1915,265,None
4628,708,265,None,1908,265,MoveLeft
4629,715,265,MoveRight,1908,265,None
4629,715,265,None,1901,265,MoveLeft
4630,722,265,MoveRight,1901,265,None
4630,722,265,None,1894,265,MoveLeft
4631,729,265,MoveRight,1894,265,None
4631,729,265,None,1887,265,MoveLeft
4632,736,265,MoveRight,1887,265,None
4632,736,265,None,1880,265,MoveLeft
4633,743,265,MoveRight,1880,265,None
4633,743,265,None,1873,265,MoveLeft
4634,750,265,MoveRight,1873,265,None
4634,750,265,None,1866,265,MoveLeft
4635,757,265,MoveRight,1866,265,None
4635,757,265,None,1859,265,MoveLeft
4636,764,265,MoveRight,1859,265,None
4636,764,265,None,1852,265,MoveLeft
4637,771,265,MoveRight,1852,265,None
4637,771,265,None,1845,265,MoveLeft
4638,778,265,MoveRight,1845,265,None
4638,778,265,None,1838,265,MoveLeft
4639,785,265,MoveRight,1838,265,None
4639,785,265,None,1831,265,MoveLeft
4640,792,265,MoveRight,1831,265,None
4640,792,265,None,1824,265,MoveLeft
4641,799,265,MoveRight,1824,265,None
4641,799,265,None,1817,265,MoveLeft
4642,799,265,None,1810,265,MoveLeft
4643,799,265,None,1803,265,MoveLeft
4644,799,265,None,1796,265,MoveLeft
4645,799,265,None,1789,265,MoveLeft
4646,799,265,None,1782,265,MoveLeft
4647,799,265,None,1775,265,MoveLeft
4648,799,265,None,1768,265,MoveLeft
4649,799,265,None,1761,265,MoveLeft
4650,799,265,None,1754,265,MoveLeft
4651,799,265,None,1747,265,MoveLeft
4652,799,265,None,1740,265,MoveLeft
4653,799,265,None,1733,265,MoveLeft
4654,799,265,None,1733,265,None
4655,799,265,None,1733,265,None
4656,799,265,None,1733,265,None
4657,799,265,None,1733,265,None
4658,799,265,None,1733,265,None
4659,799,265,None,1733,265,None
4660,799,265,None,1733,265,None
4661,799,265,None,1733,265,None
4662,799,265,None,1733,265,None
4663,799,265,None,1733,265,None
4714,1150,265,None,2410,265,Serve
4714,1150,265,None,2410,265,None
4720,1143,265,MoveLeft,2410,265,None
4721,1136,265,MoveLeft,2410,265,None
4722,1129,265,MoveLeft,2410,265,None
4723,1122,265,MoveLeft,2410,265,None
4724,1115,265,MoveLeft,2410,265,None
4725,1108,265,MoveLeft,2410,265,None
4726,1101,265,MoveLeft,2410,265,None
4727,1094,265,MoveLeft,2410,265,None
4728,1087,265,MoveLeft,2410,265,None
4729,1080,265,MoveLeft,2410,265,None
4730,1073,265,MoveLeft,2410,265,None
4731,1066,265,MoveLeft,2410,265,None
4732,1059,265,MoveLeft,2410,265,None
4733,1052,265,MoveLeft,2410,265,None
4733,1052,265,None,2403,265,MoveLeft
4734,1045,265,MoveLeft,2403,265,None
4734,1045,265,None,2396,265,MoveLeft
4735,1038,265,MoveLeft,2396,265,None
4735,1038,265,None,2389,265,MoveLeft
4736,1031,265,MoveLeft,2389,265,None
4736,1031,265,None,2382,265,MoveLeft
4737,1024,265,MoveLeft,2382,265,None
4737,1024,265,None,2375,265,MoveLeft
4738,1017,265,MoveLeft,2375,265,None
4738,1017,265,None,2368,265,MoveLeft
4739,1010,265,MoveLeft,2368,265,None
4739,1010,265,None,2361,265,MoveLeft
4740,1003,265,MoveLeft,2361,265,None
4740,1003,265,None,2354,265,MoveLeft
4741,996,265,MoveLeft,2354,265,None
4741,996,265,None,2347,265,MoveLeft
4742,989,265,MoveLeft,2347,265,None
4742,989,265,None,2340,265,MoveLeft
4743,982,265,MoveLeft,2340,265,None
4743,982,265,None,2333,265,MoveLeft
4744,975,265,MoveLeft,2333,265,None
4744,975,265,None,2326,265,MoveLeft
4745,968,265,MoveLeft,2326,265,None
4745,968,265,None,2319,265,MoveLeft
4746,961,265,MoveLeft,2319,265,None
4746,961,265,None,2312,265,MoveLeft
4747,954,265,MoveLeft,2312,265,None
4747,954,265,None,2305,265,MoveLeft
4748,947,265,MoveLeft,2305,265,None
4748,947,265,None,2298,265,MoveLeft
4749,940,265,MoveLeft,2298,265,None
4749,940,265,None,2291,265,MoveLeft
4750,933,265,MoveLeft,2291,265,None
4750,933,265,None,2284,265,MoveLeft
4751,926,265,MoveLeft,2284,265,None
4751,926,265,None,2277,265,MoveLeft
4752,919,265,MoveLeft,2277,265,None
4752,919,265,None,2270,265,MoveLeft
4753,912,265,MoveLeft,2270,265,None
4753,912,265,None,2263,265,MoveLeft
4754,905,265,MoveLeft,2263,265,None
4754,905,265,None,2256,265,MoveLeft
4755,898,265,MoveLeft,2256,265,None
4755,898,265,None,2249,265,MoveLeft
4756,891,265,MoveLeft,2249,265,None
4756,891,265,None,2242,265,MoveLeft
4757,884,265,MoveLeft,2242,265,None
4757,884,265,None,2235,265,MoveLeft
4758,877,265,MoveLeft,2235,265,None
4758,877,265,None,2228,265,MoveLeft
4759,870,265,MoveLeft,2228,265,None
4759,870,265,None,2221,265,MoveLeft
4760,870,265,None,2221,265,None
4760,870,265,None,2214,265,MoveLeft
4761,870,265,None,2214,265,None
4761,870,265,None,2207,265,MoveLeft
4762,870,265,None,2207,265,None
4762,870,265,None,2200,265,MoveLeft
4763,870,265,None,2200,265,None
4763,870,265,None,2193,265,MoveLeft
4764,870,265,None,2193,265,None
4764,870,265,None,2186,265,MoveLeft
4765,870,265,None,2186,265,None
4765,870,265,None,2179,265,MoveLeft
4766,870,265,None,2179,265,None
4766,870,265,None,2172,265,MoveLeft
4767,870,265,None,2172,265,None
4767,870,265,None,2165,265,MoveLeft
4768,870,265,None,2165,265,None
4768,870,265,None,2158,265,MoveLeft
4769,870,265,None,2158,265,None
4769,870,265,None,2151,265,MoveLeft
4770,870,265,None,2151,265,None
4770,870,265,None,2144,265,MoveLeft
4771,870,265,None,2144,265,None
4771,870,265,None,2137,265,MoveLeft
4772,870,265,None,2137,265,None
4772,870,265,None,2130,265,MoveLeft
4773,870,265,None,2130,265,None
4773,870,265,None,2123,265,MoveLeft
4774,870,265,None,2123,265,None
4774,870,265,None,2116,265,MoveLeft
4775,870,265,None,2116,265,None
4775,870,265,None,2109,265,MoveLeft
4776,870,265,None,2109,265,None
4776,870,265,None,2102,265,MoveLeft
4777,870,265,None,2102,265,None
4777,870,265,None,2095,265,MoveLeft
4778,870,265,None,2095,265,None
4778,870,265,None,2088,265,MoveLeft
4779,870,265,None,2088,265,None
4779,870,265,None,2081,265,MoveLeft
4780,870,265,None,2081,265,None
4780,870,265,None,2074,265,MoveLeft
4781,870,265,None,2074,265,None
4781,870,265,None,2067,265,MoveLeft
4782,870,265,None,2067,265,None
4782,870,265,None,2060,265,MoveLeft
4783,870,265,None,2060,265,None
4783,870,265,None,2053,265,MoveLeft
4784,870,265,None,2053,265,None
4784,870,265,None,2046,265,MoveLeft
4785,870,265,None,2046,265,None
4785,870,265,None,2039,265,MoveLeft
4786,870,265,Bump,2039,265,None
4786,870,265,None,2039,265,None
4786,870,265,None,2032,265,MoveLeft
4787,870,265,None,2025,265,MoveLeft
4788,870,265,None,2018,265,MoveLeft
4789,870,265,None,2011,265,MoveLeft
4790,870,265,None,2004,265,MoveLeft
4791,870,265,None,1997,265,MoveLeft
4792,870,265,None,1990,265,MoveLeft
4793,870,265,None,1983,265,MoveLeft
4794,870,265,None,1976,265,MoveLeft
4795,870,265,None,1969,265,MoveLeft
4796,870,265,None,1962,265,MoveLeft
4797,870,265,None,1955,265,MoveLeft
4798,870,265,None,1948,265,MoveLeft
4799,870,265,None,1941,265,MoveLeft
4800,870,265,None,1934,265,MoveLeft
4801,870,265,None,1927,265,MoveLeft
4802,870,265,None,1920,265,MoveLeft
4803,870,265,None,1913,265,MoveLeft
4804,870,265,None,1906,265,MoveLeft
4805,870,265,None,1899,265,MoveLeft
4806,877,265,MoveRight,1899,265,None
4806,877,265,None,1892,265,MoveLeft
4807,884,265,MoveRight,1892,265,None
4807,884,265,None,1885,265,MoveLeft
4808,891,265,MoveRight,1885,265,None
4808,891,265,None,1878,265,MoveLeft
4809,891,265,None,1871,265,MoveLeft
4810,891,265,None,1864,265,MoveLeft
4811,891,265,None,1857,265,MoveLeft
4812,891,265,None,1850,265,MoveLeft
4813,891,265,None,1843,265,MoveLeft
4814,891,265,None,1836,265,MoveLeft
4815,891,265,None,1829,265,MoveLeft
4816,891,265,None,1822,265,MoveLeft
4817,891,265,None,1815,265,MoveLeft
4818,891,265,None,1808,265,MoveLeft
4819,891,265,None,1801,265,MoveLeft
4820,891,265,None,1794,265,MoveLeft
4821,891,265,None,1787,265,MoveLeft
4822,891,265,None,1780,265,MoveLeft
4823,891,265,None,1773,265,MoveLeft
4824,891,265,None,1766,265,MoveLeft
4825,891,265,None,1759,265,MoveLeft
4826,891,265,None,1752,265,MoveLeft
4827,891,265,None,1745,265,MoveLeft
4828,891,265,None,1738,265,MoveLeft
4829,891,265,None,1731,265,MoveLeft
4874,891,265,None,1724,265,MoveLeft
4903,898,265,MoveRight,1724,265,None
4904,905,265,MoveRight,1724,265,None
4905,912,265,MoveRight,1724,265,None
4906,919,265,MoveRight,1724,265,None
4907,926,265,MoveRight,1724,265,None
4908,933,265,MoveRight,1724,265,None
4909,940,265,MoveRight,1724,265,None
4910,947,265,MoveRight,1724,265,None
4911,954,265,MoveRight,1724,265,None
4912,961,265,MoveRight,1724,265,None
4913,968,265,MoveRight,1724,265,None
4914,975,265,MoveRight,1724,265,None
4915,982,265,MoveRight,1724,265,None
4923,989,265,MoveRight,1724,265,None
4924,996,265,MoveRight,1724,265,None
4925,996,265,None,1724,265,None
4926,996,265,None,1724,265,None
4927,996,265,None,1724,265,None
4928,996,265,None,1724,265,None
4929,996,265,None,1724,265,None
4930,996,265,None,1724,265,None
4931,996,265,None,1724,265,None
4932,996,265,Bump,1724,265,None
4932,996,265,None,1724,265,None
4933,996,265,None,1717,265,MoveLeft
4934,996,265,None,1710,265,MoveLeft
4935,996,265,None,1703,265,MoveLeft
4936,996,265,None,1696,265,MoveLeft
4937,996,265,None,1689,265,MoveLeft
4938,996,265,None,1682,265,MoveLeft
4939,996,265,None,1675,265,MoveLeft
4940,996,265,None,1668,265,MoveLeft
4941,996,265,None,1661,265,MoveLeft
4942,996,265,None,1654,265,MoveLeft
4943,996,265,None,1647,265,MoveLeft
4944,996,265,None,1640,265,MoveLeft
4945,996,265,None,1633,265,MoveLeft
4946,996,265,None,1626,265,MoveLeft
4947,996,265,None,1619,265,MoveLeft
4948,996,265,None,1612,265,MoveLeft
4949,996,265,None,1605,265,MoveLeft
4950,996,265,None,1598,265,MoveLeft
4951,996,265,None,1591,265,MoveLeft
4952,996,265,None,1584,265,MoveLeft
4953,996,265,None,1577,265,MoveLeft
4954,996,265,None,1570,265,MoveLeft
4960,989,265,MoveLeft,1570,265,None
4961,982,265,MoveLeft,1570,265,None
4962,975,265,MoveLeft,1570,265,None
4963,968,265,MoveLeft,1570,265,None
4964,961,265,MoveLeft,1570,265,None
4965,954,265,MoveLeft,1570,265,None
4966,947,265,MoveLeft,1570,265,None
4967,940,265,MoveLeft,1570,265,None
4968,933,265,MoveLeft,1570,265,None
4969,926,265,MoveLeft,1570,265,None
4970,919,265,MoveLeft,1570,265,None
4971,912,265,MoveLeft,1570,265,None
4972,905,265,MoveLeft,1570,265,None
4973,898,265,MoveLeft,1570,265,None
4974,891,265,MoveLeft,1570,265,None
4975,884,265,MoveLeft,1570,265,None
5023,891,265,MoveRight,1570,265,None
5024,898,265,MoveRight,1570,265,None
5025,905,265,MoveRight,1570,265,None
5026,912,265,MoveRight,1570,265,None
5027,919,265,MoveRight,1570,265,None
5028,926,265,MoveRight,1570,265,None
5029,933,265,MoveRight,1570,265,None
5030,940,265,MoveRight,1570,265,None
5031,947,265,MoveRight,1570,265,None
5032,947,265,None,1570,265,SpikeLight
5032,954,265,MoveRight,1570,265,None
5032,954,265,None,1570,265,None
5033,961,265,MoveRight,1570,265,None
5034,968,265,MoveRight,1570,265,None
5035,975,265,MoveRight,1570,265,None
5036,982,265,MoveRight,1570,265,None
5037,989,265,MoveRight,1570,265,None
5038,996,265,MoveRight,1570,265,None
5039,1003,265,MoveRight,1570,265,None
5040,1010,265,MoveRight,1570,265,None
5041,1017,265,MoveRight,1570,265,None
5042,1024,265,MoveRight,1570,265,None
5042,1024,265,None,1577,265,MoveRight
5043,1031,265,MoveRight,1577,265,None
5043,1031,265,None,1584,265,MoveRight
5044,1038,265,MoveRight,1584,265,None
5044,1038,265,None,1591,265,MoveRight
5045,1045,265,MoveRight,1591,265,None
5045,1045,265,None,1598,265,MoveRight
5046,1052,265,MoveRight,1598,265,None
5046,1052,265,None,1605,265,MoveRight
5047,1059,265,MoveRight,1605,265,None
5047,1059,265,None,1612,265,MoveRight
5048,1066,265,MoveRight,1612,265,None
5048,1066,265,None,1619,265,MoveRight
5049,1073,265,MoveRight,1619,265,None
5049,1073,265,None,1626,265,MoveRight
5050,1080,265,MoveRight,1626,265,None
5050,1080,265,None,1633,265,MoveRight
5051,1087,265,MoveRight,1633,265,None
5051,1087,265,None,1640,265,MoveRight
5052,1094,265,MoveRight,1640,265,None
5052,1094,265,None,1647,265,MoveRight
5053,1101,265,MoveRight,1647,265,None
5053,1101,265,None,1654,265,MoveRight
5054,1108,265,MoveRight,1654,265,None
5054,1108,265,None,1661,265,MoveRight
5055,1115,265,MoveRight,1661,265,None
5055,1115,265,None,1668,265,MoveRight
5056,1122,265,MoveRight,1668,265,None
5056,1122,265,None,1675,265,MoveRight
5057,1129,265,MoveRight,1675,265,None
5057,1129,265,None,1682,265,MoveRight
5058,1136,265,MoveRight,1682,265,None
5058,1136,265,None,1689,265,MoveRight
5059,1143,265,MoveRight,1689,265,None
5059,1143,265,None,1696,265,MoveRight
5060,1150,265,MoveRight,1696,265,None
5060,1150,265,None,1703,265,MoveRight
5061,1157,265,MoveRight,1703,265,None
5061,1157,265,None,1710,265,MoveRight
5062,1164,265,MoveRight,1710,265,None
5062,1164,265,None,1717,265,MoveRight
5063,1171,265,MoveRight,1717,265,None
5063,1171,265,None,1724,265,MoveRight
5064,1178,265,MoveRight,1724,265,None
5064,1178,265,None,1724,265,None
5065,1185,265,MoveRight,1724,265,None
5065,1185,265,None,1724,265,None
5066,1192,265,MoveRight,1724,265,None
5066,1192,265,None,1724,265,None
5067,1199,265,MoveRight,1724,265,None
5067,1199,265,None,1724,265,None
5068,1206,265,MoveRight,1724,265,None
5068,1206,265,None,1724,265,None
5069,1213,265,MoveRight,1724,265,None
5069,1213,265,None,1724,265,None
5070,1220,265,MoveRight,1724,265,None
5070,1220,265,None,1724,265,None
5071,1227,265,MoveRight,1724,265,None
5071,1227,265,None,1724,265,None
5072,1227,265,None,1724,265,None
5072,1227,265,None,1724,265,None
5073,1227,265,None,1724,265,None
5073,1227,265,None,1724,265,None
5074,1227,265,None,1724,265,None
5074,1227,265,None,1724,265,None
5075,1227,265,None,1724,265,None
5075,1227,265,None,1724,265,None
5076,1227,265,None,1724,265,None
5076,1227,265,None,1724,265,None
5077,1227,265,None,1724,265,None
5077,1227,265,None,1724,265,None
5078,1227,265,None,1724,265,None
5078,1227,265,None,1724,265,None
5079,1227,265,None,1724,265,None
5079,1227,265,None,1724,265,None
5080,1227,265,None,1724,265,None
5080,1227,265,None,1724,265,None
5081,1227,265,None,1724,265,None
5081,1227,265,None,1724,265,None
5082,1227,265,None,1724,265,None
5082,1227,265,None,1724,265,None
5083,1227,265,None,1724,265,None
5083,1227,265,None,1724,265,None
5084,1227,265,None,1724,265,None
5084,1227,265,None,1724,265,None
5085,1227,265,None,1724,265,None
5085,1227,265,None,1724,265,None
5086,1227,265,None,1724,265,None
5086,1227,265,None,1724,265,None
5087,1227,265,None,1724,265,None
5087,1227,265,None,1724,265,None
5088,1227,265,None,1724,265,None
5088,1227,265,None,1724,265,None
5089,1227,265,Bump,1724,265,None
5089,1227,265,None,1724,265,None
5089,1227,265,None,1724,265,None
5090,1227,265,None,1731,265,MoveRight
5091,1227,265,None,1738,265,MoveRight
5092,1227,265,None,1745,265,MoveRight
5108,1234,265,MoveRight,1745,265,None
5109,1241,265,MoveRight,1745,265,None
5110,1248,265,MoveRight,1745,265,None
5111,1255,265,MoveRight,1745,265,None
5112,1262,265,MoveRight,1745,265,None
5113,1269,265,MoveRight,1745,265,None
5114,1276,265,MoveRight,1745,265,None
5115,1283,265,MoveRight,1745,265,None
5116,1290,265,MoveRight,1745,265,None
5117,1297,265,MoveRight,1745,265,None
5118,1304,265,MoveRight,1745,265,None
5119,1311,265,MoveRight,1745,265,None
5130,1304,265,MoveLeft,1745,265,None
5131,1297,265,MoveLeft,1745,265,None
5132,1290,265,MoveLeft,1745,265,None
5133,1283,265,MoveLeft,1745,265,None
5134,1276,265,MoveLeft,1745,265,None
5135,1269,265,MoveLeft,1745,265,None
5136,1262,265,MoveLeft,1745,265,None
5137,1255,265,MoveLeft,1745,265,None
5138,1248,265,MoveLeft,1745,265,None
5139,1241,265,MoveLeft,1745,265,None
5140,1234,265,MoveLeft,1745,265,None
5141,1227,265,MoveLeft,1745,265,None
5142,1220,265,MoveLeft,1745,265,None
5143,1213,265,MoveLeft,1745,265,None
5144,1206,265,MoveLeft,1745,265,None
5145,1199,265,MoveLeft,1745,265,None
5146,1192,265,MoveLeft,1745,265,None
5147,1185,265,MoveLeft,1745,265,None
5148,1178,265,MoveLeft,1745,265,None
5149,1171,265,MoveLeft,1745,265,None
5150,1164,265,MoveLeft,1745,265,None
5151,1157,265,MoveLeft,1745,265,None
5152,1150,265,MoveLeft,1745,265,None
5153,1143,265,MoveLeft,1745,265,None
5154,1136,265,MoveLeft,1745,265,None
5155,1129,265,MoveLeft,1745,265,None
5156,1122,265,MoveLeft,1745,265,None
5157,1115,265,MoveLeft,1745,265,None
5158,1108,265,MoveLeft,1745,265,None
5159,1101,265,MoveLeft,1745,265,None
5160,1094,265,MoveLeft,1745,265,None
5161,1087,265,MoveLeft,1745,265,None
5162,1080,265,MoveLeft,1745,265,None
5163,1073,265,MoveLeft,1745,265,None
5164,1066,265,MoveLeft,1745,265,None
5165,1059,265,MoveLeft,1745,265,None
5166,1052,265,MoveLeft,1745,265,None
5167,1045,265,MoveLeft,1745,265,None
5168,1038,265,MoveLeft,1745,265,None
5169,1031,265,MoveLeft,1745,265,None
5170,1024,265,MoveLeft,1745,265,None
5171,1017,265,MoveLeft,1745,265,None
5172,1010,265,MoveLeft,1745,265,None
5173,1003,265,MoveLeft,1745,265,None
5174,996,265,MoveLeft,1745,265,None
5175,989,265,MoveLeft,1745,265,None
5188,989,265,None,1745,265,SpikeMedium
5188,989,265,None,1745,265,None
5195,996,265,MoveRight,1745,265,None
5196,1003,265,MoveRight,1745,265,None
5197,1010,265,MoveRight,1745,265,None
5198,1017,265,MoveRight,1745,265,None
5199,1024,265,MoveRight,1745,265,None
5199,1024,265,None,1738,265,MoveLeft
5200,1031,265,MoveRight,1738,265,None
5200,1031,265,None,1731,265,MoveLeft
5201,1038,265,MoveRight,1731,265,None
5201,1038,265,None,1731,265,None
5202,1045,265,MoveRight,1731,265,None
5202,1045,265,None,1731,265,None
5203,1052,265,MoveRight,1731,265,None
5203,1052,265,None,1731,265,None
5204,1059,265,MoveRight,1731,265,None
5204,1059,265,None,1731,265,None
5205,1066,265,MoveRight,1731,265,None
5205,1066,265,None,1731,265,None
5206,1066,265,None,1731,265,None
5207,1066,265,None,1731,265,None
5208,1066,265,None,1731,265,None
5209,1066,265,None,1731,265,None
5210,1066,265,None,1731,265,None
5211,1066,265,None,1731,265,None
5212,1066,265,None,1731,265,None
5213,1066,265,None,1731,265,None
5214,1066,265,None,1731,265,None
5215,1066,265,None,1731,265,None
5216,1066,265,None,1731,265,None
5217,1059,265,MoveLeft,1731,265,None
5217,1059,265,None,1731,265,None
5218,1052,265,MoveLeft,1731,265,None
5218,1052,265,None,1731,265,None
5219,1045,265,MoveLeft,1731,265,None
5219,1045,265,None,1731,265,None
5220,1038,265,MoveLeft,1731,265,None
5220,1038,265,None,1731,265,None
5221,1031,265,MoveLeft,1731,265,None
5221,1031,265,None,1731,265,None
5222,1024,265,MoveLeft,1731,265,None
5222,1024,265,None,1731,265,None
5223,1017,265,MoveLeft,1731,265,None
5223,1017,265,None,1731,265,None
5224,1010,265,MoveLeft,1731,265,None
5224,1010,265,None,1731,265,None
5225,1003,265,MoveLeft,1731,265,None
5225,1003,265,None,1731,265,None
5226,1003,265,None,1731,265,None
5227,1003,265,None,1731,265,None
5228,1003,265,None,1731,265,None
5229,1003,265,None,1731,265,None
5230,1003,265,None,1731,265,None
5231,1003,265,None,1731,265,None
5232,1003,265,None,1731,265,None
5233,1003,265,None,1731,265,None
5234,1003,265,None,1731,265,None
5235,1003,265,None,1731,265,None
5236,1003,265,None,1731,265,None
5237,1003,265,None,1731,265,None
5238,1003,265,None,1731,265,None
5239,1003,265,None,1731,265,None
5240,1003,265,None,1731,265,None
5241,1003,265,None,1731,265,None
5242,1003,265,None,1731,265,None
5243,1003,265,None,1731,265,None
5244,1003,265,None,1731,265,None
5244,1003,265,None,1731,265,None
5245,1003,265,None,1731,265,None
5246,1003,265,None,1731,265,None
5247,1003,265,None,1731,265,None
5248,1003,265,None,1731,265,None
5249,1003,265,None,1731,265,None
5250,1003,265,None,1731,265,None
5251,1003,265,None,1731,265,None
5252,1003,265,None,1731,265,None
5253,1003,265,None,1731,265,None
5254,1003,265,None,1731,265,None
5255,1003,265,None,1731,265,None
5256,1003,265,None,1731,265,None
5279,1150,265,None,2410,265,None
5307,1150,265,None,2410,265,Serve
5307,1150,265,None,2410,265,None
5327,1150,265,None,2403,265,MoveLeft
5328,1150,265,None,2396,265,MoveLeft
5329,1150,265,None,2389,265,MoveLeft
5330,1150,265,None,2382,265,MoveLeft
5331,1150,265,None,2375,265,MoveLeft
5332,1150,265,None,2368,265,MoveLeft
5333,1150,265,None,2361,265,MoveLeft
5334,1143,265,MoveLeft,2361,265,None
5334,1143,265,None,2354,265,MoveLeft
5335,1136,265,MoveLeft,2354,265,None
5335,1136,265,None,2347,265,MoveLeft
5336,1129,265,MoveLeft,2347,265,None
5336,1129,265,None,2340,265,MoveLeft
5337,1122,265,MoveLeft,2340,265,None
5337,1122,265,None,2333,265,MoveLeft
5338,1115,265,MoveLeft,2333,265,None
5338,1115,265,None,2326,265,MoveLeft
5339,1108,265,MoveLeft,2326,265,None
5339,1108,265,None,2319,265,MoveLeft
5340,1101,265,MoveLeft,2319,265,None
5340,1101,265,None,2312,265,MoveLeft
5341,1094,265,MoveLeft,2312,265,None
5341,1094,265,None,2305,265,MoveLeft
5342,1087,265,MoveLeft,2305,265,None
5342,1087,265,None,2298,265,MoveLeft
5343,1080,265,MoveLeft,2298,265,None
5343,1080,265,None,2291,265,MoveLeft
5344,1073,265,MoveLeft,2291,265,None
5344,1073,265,None,2284,265,MoveLeft
5345,1066,265,MoveLeft,2284,265,None
5345,1066,265,None,2277,265,MoveLeft
5346,1059,265,MoveLeft,2277,265,None
5346,1059,265,None,2270,265,MoveLeft
5347,1052,265,MoveLeft,2270,265,None
5347,1052,265,None,2263,265,MoveLeft
5348,1045,265,MoveLeft,2263,265,None
5348,1045,265,None,2256,265,MoveLeft
5349,1038,265,MoveLeft,2256,265,None
5349,1038,265,None,2249,265,MoveLeft
5350,1031,265,MoveLeft,2249,265,None
5350,1031,265,None,2242,265,MoveLeft
5351,1024,265,MoveLeft,2242,265,None
5351,1024,265,None,2235,265,MoveLeft
5352,1017,265,MoveLeft,2235,265,None
5352,1017,265,None,2228,265,MoveLeft
5353,1010,265,MoveLeft,2228,265,None
5353,1010,265,None,2221,265,MoveLeft
5354,1003,265,MoveLeft,2221,265,None
5354,1003,265,None,2214,265,MoveLeft
5355,996,265,MoveLeft,2214,265,None
5355,996,265,None,2207,265,MoveLeft
5356,989,265,MoveLeft,2207,265,None
5356,989,265,None,2200,265,MoveLeft
5357,982,265,MoveLeft,2200,265,None
5357,982,265,None,2193,265,MoveLeft
5358,975,265,MoveLeft,2193,265,None
5358,975,265,None,2186,265,MoveLeft
5359,968,265,MoveLeft,2186,265,None
5359,968,265,None,2179,265,MoveLeft
5360,961,265,MoveLeft,2179,265,None
5360,961,265,None,2172,265,MoveLeft
5361,954,265,MoveLeft,2172,265,None
5361,954,265,None,2165,265,MoveLeft
5362,947,265,MoveLeft,2165,265,None
5362,947,265,None,2158,265,MoveLeft
5363,940,265,MoveLeft,2158,265,None
5363,940,265,None,2151,265,MoveLeft
5364,933,265,MoveLeft,2151,265,None
5364,933,265,None,2144,265,MoveLeft
5365,933,265,None,2137,265,MoveLeft
5366,933,265,None,2130,265,MoveLeft
5367,933,265,None,2123,265,MoveLeft
5368,933,265,None,2116,265,MoveLeft
5369,933,265,None,2109,265,MoveLeft
5370,933,265,None,2102,265,MoveLeft
5371,926,265,MoveLeft,2102,265,None
5371,926,265,None,2095,265,MoveLeft
5372,919,265,MoveLeft,2095,265,None
5372,919,265,None,2088,265,MoveLeft
5373,912,265,MoveLeft,2088,265,None
5373,912,265,None,2081,265,MoveLeft
5374,905,265,MoveLeft,2081,265,None
5374,905,265,None,2074,265,MoveLeft
5375,898,265,MoveLeft,2074,265,None
5375,898,265,None,2067,265,MoveLeft
5376,891,265,MoveLeft,2067,265,None
5376,891,265,None,2060,265,MoveLeft
5377,884,265,MoveLeft,2060,265,None
5377,884,265,None,2053,265,MoveLeft
5378,884,265,Bump,2053,265,None
5378,877,265,MoveLeft,2053,265,None
5378,877,265,None,2046,265,MoveLeft
5379,877,265,None,2039,265,MoveLeft
5380,877,265,None,2032,265,MoveLeft
5381,877,265,None,2025,265,MoveLeft
5382,877,265,None,2018,265,MoveLeft
5383,877,265,None,2011,265,MoveLeft
5384,877,265,None,2004,265,MoveLeft
5385,877,265,None,1997,265,MoveLeft
5386,877,265,None,1990,265,MoveLeft
5387,877,265,None,1983,265,MoveLeft
5388,877,265,None,1976,265,MoveLeft
5389,877,265,None,1969,265,MoveLeft
5390,877,265,None,1962,265,MoveLeft
5391,877,265,None,1955,265,MoveLeft
5392,877,265,None,1948,265,MoveLeft
5393,877,265,None,1941,265,MoveLeft
5394,877,265,None,1934,265,MoveLeft
5395,877,265,None,1927,265,MoveLeft
5396,877,265,None,1920,265,MoveLeft
5397,877,265,None,1913,265,MoveLeft
5398,884,265,MoveRight,1913,265,None
5398,884,265,None,1906,265,MoveLeft
5399,891,265,MoveRight,1906,265,None
5399,891,265,None,1899,265,MoveLeft
5400,898,265,MoveRight,1899,265,None
5400,898,265,None,1892,265,MoveLeft
5401,905,265,MoveRight,1892,265,None
5401,905,265,None,1885,265,MoveLeft
5402,912,265,MoveRight,1885,265,None
5402,912,265,None,1878,265,MoveLeft
5403,912,265,None,1871,265,MoveLeft
5404,912,265,None,1864,265,MoveLeft
5405,912,265,None,1857,265,MoveLeft
5406,912,265,None,1850,265,MoveLeft
5407,912,265,None,1843,265,MoveLeft
5408,912,265,None,1836,265,MoveLeft
5409,912,265,None,1829,265,MoveLeft
5410,912,265,None,1822,265,MoveLeft
5411,912,265,None,1815,265,MoveLeft
5412,912,265,None,1808,265,MoveLeft
5413,912,265,None,1801,265,MoveLeft
5414,912,265,None,1794,265,MoveLeft
5415,912,265,None,1787,265,MoveLeft
5416,912,265,None,1780,265,MoveLeft
5417,912,265,None,1773,265,MoveLeft
5418,912,265,None,1766,265,MoveLeft
5419,912,265,None,1759,265,MoveLeft
5420,912,265,None,1752,265,MoveLeft
5421,912,265,None,1745,265,MoveLeft
5422,912,265,None,1738,265,MoveLeft
5423,912,265,None,1731,265,MoveLeft
5424,912,265,None,1724,265,MoveLeft
5425,912,265,None,1717,265,MoveLeft
5426,912,265,None,1710,265,MoveLeft
5427,912,265,None,1703,265,MoveLeft
5428,912,265,None,1696,265,MoveLeft
5429,912,265,None,1689,265,MoveLeft
5430,912,265,None,1682,265,MoveLeft
5431,912,265,None,1675,265,MoveLeft
5432,912,265,None,1668,265,MoveLeft
5433,912,265,None,1661,265,MoveLeft
5434,912,265,None,1654,265,MoveLeft
5435,912,265,None,1647,265,MoveLeft
5436,912,265,None,1640,265,MoveLeft
5437,912,265,None,1633,265,MoveLeft
5438,912,265,None,1626,265,MoveLeft
5439,912,265,None,1619,265,MoveLeft
5440,912,265,None,1612,265,MoveLeft
5441,912,265,None,1605,265,MoveLeft
5442,912,265,None,1598,265,MoveLeft
5443,912,265,None,1591,265,MoveLeft
5444,912,265,None,1584,265,MoveLeft
5445,912,265,None,1577,265,MoveLeft
5446,912,265,None,1570,265,MoveLeft
5447,912,265,None,1563,265,MoveLeft
5448,912,265,None,1556,265,MoveLeft
5449,912,265,None,1549,265,MoveLeft
5450,912,265,None,1542,265,MoveLeft
5451,912,265,None,1535,265,MoveLeft
5452,912,265,None,1528,265,MoveLeft
5453,912,265,None,1521,265,MoveLeft
5454,912,265,None,1514,265,MoveLeft
5455,912,265,None,1507,265,MoveLeft
5456,912,265,None,1500,265,MoveLeft
5457,912,265,None,1493,265,MoveLeft
5458,912,265,None,1486,265,MoveLeft
5459,912,265,None,1479,265,MoveLeft
5460,912,265,None,1472,265,MoveLeft
5461,912,265,None,1465,265,MoveLeft
5479,912,265,None,1465,265,SpikeLight
5479,912,265,None,1465,265,None
5490,912,265,None,1472,265,MoveRight
5491,912,265,None,1479,265,MoveRight
5492,912,265,None,1486,265,MoveRight
5493,912,265,None,1493,265,MoveRight
5494,912,265,None,1500,265,MoveRight
5495,912,265,None,1507,265,MoveRight
5496,912,265,None,1514,265,MoveRight
5497,912,265,None,1521,265,MoveRight
5498,912,265,None,1528,265,MoveRight
5499,912,265,None,1535,265,MoveRight
5500,919,265,MoveRight,1535,265,None
5500,919,265,None,1542,265,MoveRight
5501,926,265,MoveRight,1542,265,None
5501,926,265,None,1549,265,MoveRight
5502,933,265,MoveRight,1549,265,None
5502,933,265,None,1556,265,MoveRight
5503,940,265,MoveRight,1556,265,None
5503,940,265,None,1563,265,MoveRight
5504,947,265,MoveRight,1563,265,None
5504,947,265,None,1570,265,MoveRight
5505,954,265,MoveRight,1570,265,None
5505,954,265,None,1577,265,MoveRight
5506,961,265,MoveRight,1577,265,None
5506,961,265,None,1584,265,MoveRight
5507,968,265,MoveRight,1584,265,None
5507,968,265,None,1591,265,MoveRight
5508,975,265,MoveRight,1591,265,None
5508,975,265,None,1598,265,MoveRight
5509,982,265,MoveRight,1598,265,None
5509,982,265,None,1605,265,MoveRight
5510,989,265,MoveRight,1605,265,None
5510,989,265,None,1612,265,MoveRight
5511,996,265,MoveRight,1612,265,None
5511,996,265,None,1619,265,MoveRight
5512,1003,265,MoveRight,1619,265,None
5512,1003,265,None,1626,265,MoveRight
5513,1010,265,MoveRight,1626,265,None
5513,1010,265,None,1633,265,MoveRight
5514,1017,265,MoveRight,1633,265,None
5514,1017,265,None,1640,265,MoveRight
5515,1024,265,MoveRight,1640,265,None
5515,1024,265,None,1647,265,MoveRight
5516,1031,265,MoveRight,1647,265,None
5516,1031,265,None,1654,265,MoveRight
5517,1038,265,MoveRight,1654,265,None
5517,1038,265,None,1661,265,MoveRight
5518,1045,265,MoveRight,1661,265,None
5518,1045,265,None,1668,265,MoveRight
5519,1052,265,MoveRight,1668,265,None
5519,1052,265,None,1675,265,MoveRight
5520,1059,265,MoveRight,1675,265,None
5520,1059,265,None,1682,265,MoveRight
5521,1066,265,MoveRight,1682,265,None
5521,1066,265,None,1689,265,MoveRight
5522,1073,265,MoveRight,1689,265,None
5522,1073,265,None,1696,265,MoveRight
5523,1080,265,MoveRight,1696,265,None
5523,1080,265,None,1703,265,MoveRight
5524,1087,265,MoveRight,1703,265,None
5524,1087,265,None,1710,265,MoveRight
5525,1094,265,MoveRight,1710,265,None
5525,1094,265,None,1717,265,MoveRight
5526,1101,265,MoveRight,1717,265,None
5526,1101,265,None,1724,265,MoveRight
5527,1108,265,MoveRight,1724,265,None
5527,1108,265,None,1724,265,None
5528,1115,265,MoveRight,1724,265,None
5528,1115,265,None,1724,265,None
5529,1122,265,MoveRight,1724,265,None
5529,1122,265,None,1724,265,None
5530,1122,265,None,1724,265,None
5531,1122,265,None,1724,265,None
5532,1122,265,None,1724,265,None
5533,1122,265,None,1724,265,None
5534,1122,265,None,1724,265,None
5534,1122,265,None,1724,265,None
5535,1122,265,None,1724,265,None
5535,1122,265,None,1724,265,None
5536,1122,265,Bump,1724,265,None
5536,1122,265,None,1724,265,None
5536,1122,265,None,1724,265,None
5537,1122,265,None,1717,265,MoveLeft
5538,1122,265,None,1710,265,MoveLeft
5539,1122,265,None,1703,265,MoveLeft
5540,1122,265,None,1696,265,MoveLeft
5541,1122,265,None,1689,265,MoveLeft
5542,1122,265,None,1682,265,MoveLeft
5543,1122,265,None,1675,265,MoveLeft
5544,1122,265,None,1668,265,MoveLeft
5545,1122,265,None,1661,265,MoveLeft
5546,1122,265,None,1654,265,MoveLeft
5547,1122,265,None,1647,265,MoveLeft
5635,1122,265,None,1647,265,SpikeMedium
5635,1122,265,None,1647,265,None
5646,1122,265,None,1654,265,MoveRight
5647,1122,265,None,1661,265,MoveRight
5648,1122,265,None,1668,265,MoveRight
5649,1122,265,None,1675,265,MoveRight
5650,1122,265,None,1682,265,MoveRight
5651,1122,265,None,1689,265,MoveRight
5652,1122,265,None,1696,265,MoveRight
5653,1122,265,None,1703,265,MoveRight
5654,1122,265,None,1710,265,MoveRight
5655,1122,265,None,1717,265,MoveRight
5656,1122,265,None,1724,265,MoveRight
5657,1122,265,None,1724,265,None
5658,1122,265,None,1724,265,None
5659,1122,265,None,1724,265,None
5660,1122,265,None,1724,265,None
5661,1122,265,None,1724,265,None
5662,1122,265,None,1724,265,None
5663,1122,265,None,1724,265,None
5664,1115,265,MoveLeft,1724,265,None
5664,1115,265,None,1724,265,None
5665,1108,265,MoveLeft,1724,265,None
5665,1108,265,None,1724,265,None
5666,1101,265,MoveLeft,1724,265,None
5666,1101,265,None,1724,265,None
5667,1094,265,MoveLeft,1724,265,None
5667,1094,265,None,1724,265,None
5668,1087,265,MoveLeft,1724,265,None
5668,1087,265,None,1724,265,None
5669,1080,265,MoveLeft,1724,265,None
5669,1080,265,None,1724,265,None
5670,1073,265,MoveLeft,1724,265,None
5670,1073,265,None,1724,265,None
5671,1073,265,None,1724,265,None
5672,1073,265,None,1724,265,None
5673,1073,265,None,1724,265,None
5674,1073,265,None,1724,265,None
5675,1073,265,None,1724,265,None
5676,1073,265,None,1724,265,None
5677,1073,265,None,1724,265,None
5678,1073,265,None,1724,265,None
5679,1073,265,None,1724,265,None
5680,1073,265,None,1724,265,None
5681,1073,265,None,1724,265,None
5682,1073,265,None,1724,265,None
5683,1073,265,None,1724,265,None
5684,1073,265,None,1724,265,None
5685,1073,265,None,1724,265,None
5686,1073,265,None,1724,265,None
5687,1073,265,None,1724,265,None
5688,1073,265,None,1724,265,None
5689,1073,265,None,1724,265,None
5690,1073,265,None,1724,265,None
5691,1073,265,None,1724,265,None
5692,1073,265,None,1724,265,None
5693,1073,265,None,1724,265,None
5694,1073,265,None,1724,265,None
5695,1073,265,None,1724,265,None
5696,1073,265,None,1724,265,None
5697,1073,265,None,1724,265,None
5698,1073,265,None,1724,265,None
5699,1073,265,None,1724,265,None
5700,1073,265,None,1724,265,None
5701,1073,265,None,1724,265,None
5702,1073,265,None,1724,265,None
5703,1073,265,None,1724,265,None
5730,1143,265,MoveLeft,2410,265,None
5731,1136,265,MoveLeft,2410,265,None
5732,1129,265,MoveLeft,2410,265,None
5733,1122,265,MoveLeft,2410,265,None
5734,1115,265,MoveLeft,2410,265,None
5735,1108,265,MoveLeft,2410,265,None
5736,1101,265,MoveLeft,2410,265,None
5737,1094,265,MoveLeft,2410,265,None
5738,1087,265,MoveLeft,2410,265,None
5739,1080,265,MoveLeft,2410,265,None
5740,1073,265,MoveLeft,2410,265,None
5741,1066,265,MoveLeft,2410,265,None
5742,1059,265,MoveLeft,2410,265,None
5743,1052,265,MoveLeft,2410,265,None
5744,1045,265,MoveLeft,2410,265,None
5745,1038,265,MoveLeft,2410,265,None
5746,1031,265,MoveLeft,2410,265,None
5747,1024,265,MoveLeft,2410,265,None
5748,1017,265,MoveLeft,2410,265,None
5749,1010,265,MoveLeft,2410,265,None
5750,1003,265,MoveLeft,2410,265,None
5751,996,265,MoveLeft,2410,265,None
5752,989,265,MoveLeft,2410,265,None
5753,982,265,MoveLeft,2410,265,None
5754,982,265,None,2410,265,Serve
5754,975,265,MoveLeft,2410,265,None
5754,975,265,None,2410,265,None
5755,968,265,MoveLeft,2410,265,None
5756,961,265,MoveLeft,2410,265,None
5757,954,265,MoveLeft,2410,265,None
5758,947,265,MoveLeft,2410,265,None
5759,940,265,MoveLeft,2410,265,None
5760,933,265,MoveLeft,2410,265,None
5761,926,265,MoveLeft,2410,265,None
5762,919,265,MoveLeft,2410,265,None
5763,912,265,MoveLeft,2410,265,None
5764,905,265,MoveLeft,2410,265,None
5765,898,265,MoveLeft,2410,265,None
5774,898,265,None,2403,265,MoveLeft
5775,898,265,None,2396,265,MoveLeft
5776,898,265,None,2389,265,MoveLeft
5777,898,265,None,2382,265,MoveLeft
5778,898,265,None,2375,265,MoveLeft
5779,891,265,MoveLeft,2375,265,None
5779,891,265,None,2368,265,MoveLeft
5780,884,265,MoveLeft,2368,265,None
5780,884,265,None,2361,265,MoveLeft
5781,877,265,MoveLeft,2361,265,None
5781,877,265,None,2354,265,MoveLeft
5782,870,265,MoveLeft,2354,265,None
5782,870,265,None,2347,265,MoveLeft
5783,870,265,None,2347,265,None
5783,870,265,None,2340,265,MoveLeft
5784,870,265,None,2340,265,None
5784,870,265,None,2333,265,MoveLeft
5785,870,265,None,2333,265,None
5785,870,265,None,2326,265,MoveLeft
5786,870,265,None,2326,265,None
5786,870,265,None,2319,265,MoveLeft
5787,870,265,None,2319,265,None
5787,870,265,None,2312,265,MoveLeft
5788,870,265,None,2312,265,None
5788,870,265,None,2305,265,MoveLeft
5789,870,265,None,2305,265,None
5789,870,265,None,2298,265,MoveLeft
5790,870,265,None,2298,265,None
5790,870,265,None,2291,265,MoveLeft
5791,870,265,None,2291,265,None
5791,870,265,None,2284,265,MoveLeft
5792,870,265,None,2284,265,None
5792,870,265,None,2277,265,MoveLeft
5793,870,265,None,2277,265,None
5793,870,265,None,2270,265,MoveLeft
5794,870,265,None,2270,265,None
5794,870,265,None,2263,265,MoveLeft
5795,870,265,None,2263,265,None
5795,870,265,None,2256,265,MoveLeft
5796,870,265,None,2256,265,None
5796,870,265,None,2249,265,MoveLeft
5797,870,265,None,2249,265,None
5797,870,265,None,2242,265,MoveLeft
5798,870,265,None,2242,265,None
5798,870,265,None,2235,265,MoveLeft
5799,870,265,None,2235,265,None
5799,870,265,None,2228,265,MoveLeft
5800,870,265,None,2228,265,None
5800,870,265,None,2221,265,MoveLeft
5801,870,265,None,2221,265,None
5801,870,265,None,2214,265,MoveLeft
5802,870,265,None,2214,265,None
5802,870,265,None,2207,265,MoveLeft
5803,870,265,None,2207,265,None
5803,870,265,None,2200,265,MoveLeft
5804,870,265,None,2200,265,None
5804,870,265,None,2193,265,MoveLeft
5805,870,265,None,2193,265,None
5805,870,265,None,2186,265,MoveLeft
5806,870,265,None,2186,265,None
5806,870,265,None,2179,265,MoveLeft
5807,870,265,None,2179,265,None
5807,870,265,None,2172,265,MoveLeft
5808,870,265,None,2172,265,None
5808,870,265,None,2165,265,MoveLeft
5809,870,265,None,2165,265,None
5809,870,265,None,2158,265,MoveLeft
5810,870,265,None,2158,265,None
5810,870,265,None,2151,265,MoveLeft
5811,870,265,None,2151,265,None
5811,870,265,None,2144,265,MoveLeft
5812,870,265,None,2144,265,None
5812,870,265,None,2137,265,MoveLeft
5813,870,265,None,2137,265,None
5813,870,265,None,2130,265,MoveLeft
5814,870,265,None,2130,265,None
5814,870,265,None,2123,265,MoveLeft
5815,870,265,None,2123,265,None
5815,870,265,None,2116,265,MoveLeft
5816,870,265,None,2116,265,None
5816,870,265,None,2109,265,MoveLeft
5817,870,265,None,2109,265,None
5817,870,265,None,2102,265,MoveLeft
5818,870,265,None,2102,265,None
5818,870,265,None,2095,265,MoveLeft
5819,870,265,None,2095,265,None
5819,870,265,None,2088,265,MoveLeft
5820,870,265,None,2088,265,None
5820,870,265,None,2081,265,MoveLeft
5821,870,265,None,2081,265,None
5821,870,265,None,2074,265,MoveLeft
5822,870,265,None,2074,265,None
5822,870,265,None,2067,265,MoveLeft
5823,870,265,None,2067,265,None
5823,870,265,None,2060,265,MoveLeft
5824,870,265,None,2060,265,None
5824,870,265,None,2053,265,MoveLeft
5825,870,265,None,2053,265,None
5825,870,265,None,2046,265,MoveLeft
5826,870,265,Bump,2046,265,None
5826,870,265,None,2046,265,None
5826,870,265,None,2039,265,MoveLeft
5827,870,265,None,2032,265,MoveLeft
5828,870,265,None,2025,265,MoveLeft
5829,870,265,None,2018,265,MoveLeft
5830,870,265,None,2011,265,MoveLeft
5831,870,265,None,2004,265,MoveLeft
5832,870,265,None,1997,265,MoveLeft
5833,870,265,None,1990,265,MoveLeft
5834,870,265,None,1983,265,MoveLeft
5835,870,265,None,1976,265,MoveLeft
5836,870,265,None,1969,265,MoveLeft
5837,870,265,None,1962,265,MoveLeft
5838,870,265,None,1955,265,MoveLeft
5839,870,265,None,1948,265,MoveLeft
5840,870,265,None,1941,265,MoveLeft
5841,870,265,None,1934,265,MoveLeft
5842,870,265,None,1927,265,MoveLeft
5843,870,265,None,1920,265,MoveLeft
5844,870,265,None,1913,265,MoveLeft
5845,877,265,MoveRight,1913,265,None
5845,877,265,None,1906,265,MoveLeft
5846,884,265,MoveRight,1906,265,None
5846,884,265,None,1899,265,MoveLeft
5847,891,265,MoveRight,1899,265,None
5847,891,265,None,1892,265,MoveLeft
5848,898,265,MoveRight,1892,265,None
5848,898,265,None,1885,265,MoveLeft
5849,905,265,MoveRight,1885,265,None
5849,905,265,None,1878,265,MoveLeft
5850,912,265,MoveRight,1878,265,None
5850,912,265,None,1871,265,MoveLeft
5851,919,265,MoveRight,1871,265,None
5851,919,265,None,1864,265,MoveLeft
5852,926,265,MoveRight,1864,265,None
5852,926,265,None,1857,265,MoveLeft
5853,933,265,MoveRight,1857,265,None
5853,933,265,None,1850,265,MoveLeft
5854,940,265,MoveRight,1850,265,None
5854,940,265,None,1843,265,MoveLeft
5855,947,265,MoveRight,1843,265,None
5855,947,265,None,1836,265,MoveLeft
5856,954,265,MoveRight,1836,265,None
5856,954,265,None,1829,265,MoveLeft
5857,961,265,MoveRight,1829,265,None
5857,961,265,None,1822,265,MoveLeft
5858,968,265,MoveRight,1822,265,None
5858,968,265,None,1815,265,MoveLeft
5859,975,265,MoveRight,1815,265,None
5859,975,265,None,1808,265,MoveLeft
5860,982,265,MoveRight,1808,265,None
5860,982,265,None,1801,265,MoveLeft
5861,989,265,MoveRight,1801,265,None
5861,989,265,None,1794,265,MoveLeft
5862,996,265,MoveRight,1794,265,None
5862,996,265,None,1787,265,MoveLeft
5863,1003,265,MoveRight,1787,265,None
5863,1003,265,None,1780,265,MoveLeft
5864,1010,265,MoveRight,1780,265,None
5864,1010,265,None,1773,265,MoveLeft
5865,1017,265,MoveRight,1773,265,None
5865,1017,265,None,1766,265,MoveLeft
5866,1024,265,MoveRight,1766,265,None
5866,1024,265,None,1759,265,MoveLeft
5867,1031,265,MoveRight,1759,265,None
5867,1031,265,None,1752,265,MoveLeft
5868,1038,265,MoveRight,1752,265,None
5868,1038,265,None,1745,265,MoveLeft
5869,1045,265,MoveRight,1745,265,None
5869,1045,265,None,1738,265,MoveLeft
5870,1052,265,MoveRight,1738,265,None
5870,1052,265,None,1731,265,MoveLeft
5871,1059,265,MoveRight,1731,265,None
5872,1066,265,MoveRight,1731,265,None
5873,1073,265,MoveRight,1731,265,None
5874,1080,265,MoveRight,1731,265,None
5875,1087,265,MoveRight,1731,265,None
5876,1094,265,MoveRight,1731,265,None
5877,1101,265,MoveRight,1731,265,None
5878,1108,265,MoveRight,1731,265,None
5879,1115,265,MoveRight,1731,265,None
5880,1122,265,MoveRight,1731,265,None
5881,1129,265,MoveRight,1731,265,None
5882,1136,265,MoveRight,1731,265,None
5883,1143,265,MoveRight,1731,265,None
5884,1150,265,MoveRight,1731,265,None
5885,1157,265,MoveRight,1731,265,None
5914,1157,265,None,1724,265,MoveLeft
5946,1150,265,MoveLeft,1724,265,None
5947,1143,265,MoveLeft,1724,265,None
5948,1136,265,MoveLeft,1724,265,None
5949,1129,265,MoveLeft,1724,265,None
5950,1122,265,MoveLeft,1724,265,None
5951,1115,265,MoveLeft,1724,265,None
5952,1108,265,MoveLeft,1724,265,None
5953,1101,265,MoveLeft,1724,265,None
5954,1094,265,MoveLeft,1724,265,None
5955,1087,265,MoveLeft,1724,265,None
5956,1080,265,MoveLeft,1724,265,None
5957,1073,265,MoveLeft,1724,265,None
5958,1066,265,MoveLeft,1724,265,None
5959,1059,265,MoveLeft,1724,265,None
5960,1052,265,MoveLeft,1724,265,None
5961,1045,265,MoveLeft,1724,265,None
5962,1038,265,MoveLeft,1724,265,None
6034,1143,265,MoveLeft,2410,265,None
6035,1136,265,MoveLeft,2410,265,None
6036,1129,265,MoveLeft,2410,265,None
6037,1122,265,MoveLeft,2410,265,None
6038,1122,265,None,2410,265,Serve
6038,1115,265,MoveLeft,2410,265,None
6038,1115,265,None,2410,265,None
6039,1108,265,MoveLeft,2410,265,None
6040,1101,265,MoveLeft,2410,265,None
6041,1094,265,MoveLeft,2410,265,None
6042,1087,265,MoveLeft,2410,265,None
6043,1080,265,MoveLeft,2410,265,None
6044,1073,265,MoveLeft,2410,265,None
6045,1066,265,MoveLeft,2410,265,None
6046,1059,265,MoveLeft,2410,265,None
6047,1052,265,MoveLeft,2410,265,None
6048,1045,265,MoveLeft,2410,265,None
6049,1038,265,MoveLeft,2410,265,None
6050,1031,265,MoveLeft,2410,265,None
6051,1024,265,MoveLeft,2410,265,None
6052,1017,265,MoveLeft,2410,265,None
6053,1010,265,MoveLeft,2410,265,None
6054,1003,265,MoveLeft,2410,265,None
6055,996,265,MoveLeft,2410,265,None
6056,989,265,MoveLeft,2410,265,None
6057,982,265,MoveLeft,2410,265,None
6057,982,265,None,2403,265,MoveLeft
6058,975,265,MoveLeft,2403,265,None
6058,975,265,None,2396,265,MoveLeft
6059,968,265,MoveLeft,2396,265,None
6059,968,265,None,2389,265,MoveLeft
6060,961,265,MoveLeft,2389,265,None
6060,961,265,None,2382,265,MoveLeft
6061,954,265,MoveLeft,2382,265,None
6061,954,265,None,2375,265,MoveLeft
6062,947,265,MoveLeft,2375,265,None
6062,947,265,None,2368,265,MoveLeft
6063,940,265,MoveLeft,2368,265,None
6063,940,265,None,2361,265,MoveLeft
6064,933,265,MoveLeft,2361,265,None
6064,933,265,None,2354,265,MoveLeft
6065,926,265,MoveLeft,2354,265,None
6065,926,265,None,2347,265,MoveLeft
6066,919,265,MoveLeft,2347,265,None
6066,919,265,None,2340,265,MoveLeft
6067,912,265,MoveLeft,2340,265,None
6067,912,265,None,2333,265,MoveLeft
6068,905,265,MoveLeft,2333,265,None
6068,905,265,None,2326,265,MoveLeft
6069,898,265,MoveLeft,2326,265,None
6069,898,265,None,2319,265,MoveLeft
6070,891,265,MoveLeft,2319,265,None
6070,891,265,None,2312,265,MoveLeft
6071,884,265,MoveLeft,2312,265,None
6071,884,265,None,2305,265,MoveLeft
6072,877,265,MoveLeft,2305,265,None
6072,877,265,None,2298,265,MoveLeft
6073,870,265,MoveLeft,2298,265,None
6073,870,265,None,2291,265,MoveLeft
6074,870,265,None,2291,265,None
6074,870,265,None,2284,265,MoveLeft
6075,870,265,None,2284,265,None
6075,870,265,None,2277,265,MoveLeft
6076,870,265,None,2277,265,None
6076,870,265,None,2270,265,MoveLeft
6077,870,265,None,2270,265,None
6077,870,265,None,2263,265,MoveLeft
6078,870,265,None,2263,265,None
6078,870,265,None,2256,265,MoveLeft
6079,870,265,None,2256,265,None
6079,870,265,None,2249,265,MoveLeft
6080,870,265,None,2249,265,None
6080,870,265,None,2242,265,MoveLeft
6081,870,265,None,2242,265,None
6081,870,265,None,2235,265,MoveLeft
6082,870,265,None,2235,265,None
6082,870,265,None,2228,265,MoveLeft
6083,870,265,None,2228,265,None
6083,870,265,None,2221,265,MoveLeft
6084,870,265,None,2221,265,None
6084,870,265,None,2214,265,MoveLeft
6085,870,265,None,2214,265,None
6085,870,265,None,2207,265,MoveLeft
6086,870,265,None,2207,265,None
6086,870,265,None,2200,265,MoveLeft
6087,870,265,None,2200,265,None
6087,870,265,None,2193,265,MoveLeft
6088,870,265,None,2193,265,None
6088,870,265,None,2186,265,MoveLeft
6089,870,265,None,2186,265,None
6089,870,265,None,2179,265,MoveLeft
6090,870,265,None,2179,265,None
6090,870,265,None,2172,265,MoveLeft
6091,870,265,None,2172,265,None
6091,870,265,None,2165,265,MoveLeft
6092,870,265,None,2165,265,None
6092,870,265,None,2158,265,MoveLeft
6093,870,265,None,2158,265,None
6093,870,265,None,2151,265,MoveLeft
6094,870,265,None,2151,265,None
6094,870,265,None,2144,265,MoveLeft
6095,870,265,None,2144,265,None
6095,870,265,None,2137,265,MoveLeft
6096,870,265,None,2137,265,None
6096,870,265,None,2130,265,MoveLeft
6097,870,265,None,2130,265,None
6097,870,265,None,2123,265,MoveLeft
6098,870,265,None,2123,265,None
6098,870,265,None,2116,265,MoveLeft
6099,870,265,None,2116,265,None
6099,870,265,None,2109,265,MoveLeft
6100,870,265,None,2109,265,None
6100,870,265,None,2102,265,MoveLeft
6101,870,265,None,2102,265,None
6101,870,265,None,2095,265,MoveLeft
6102,870,265,None,2095,265,None
6102,870,265,None,2088,265,MoveLeft
6103,870,265,None,2088,265,None
6103,870,265,None,2081,265,MoveLeft
6104,870,265,None,2081,265,None
6104,870,265,None,2074,265,MoveLeft
6105,870,265,None,2074,265,None
6105,870,265,None,2067,265,MoveLeft
6106,870,265,None,2067,265,None
6106,870,265,None,2060,265,MoveLeft
6107,870,265,None,2060,265,None
6107,870,265,None,2053,265,MoveLeft
6108,870,265,None,2053,265,None
6108,870,265,None,2046,265,MoveLeft
6109,870,265,None,2046,265,None
6109,870,265,None,2039,265,MoveLeft
6110,870,265,Bump,2039,265,None
6110,870,265,None,2039,265,None
6110,870,265,None,2032,265,MoveLeft
6111,870,265,None,2025,265,MoveLeft
6112,870,265,None,2018,265,MoveLeft
6113,870,265,None,2011,265,MoveLeft
6114,870,265,None,2004,265,MoveLeft
6115,870,265,None,1997,265,MoveLeft
6116,870,265,None,1990,265,MoveLeft
6117,870,265,None,1983,265,MoveLeft
6118,870,265,None,1976,265,MoveLeft
6119,870,265,None,1969,265,MoveLeft
6120,870,265,None,1962,265,MoveLeft
6121,870,265,None,1955,265,MoveLeft
6122,870,265,None,1948,265,MoveLeft
6123,870,265,None,1941,265,MoveLeft
6124,870,265,None,1934,265,MoveLeft
6125,870,265,None,1927,265,MoveLeft
6126,870,265,None,1920,265,MoveLeft
6127,870,265,None,1913,265,MoveLeft
6128,870,265,None,1906,265,MoveLeft
6129,870,265,None,1899,265,MoveLeft
6130,877,265,MoveRight,1899,265,None
6130,877,265,None,1892,265,MoveLeft
6131,884,265,MoveRight,1892,265,None
6131,884,265,None,1885,265,MoveLeft
6132,891,265,MoveRight,1885,265,None
6132,891,265,None,1878,265,MoveLeft
6133,898,265,MoveRight,1878,265,None
6133,898,265,None,1871,265,MoveLeft
6134,905,265,MoveRight,1871,265,None
6134,905,265,None,1864,265,MoveLeft
6135,912,265,MoveRight,1864,265,None
6135,912,265,None,1857,265,MoveLeft
6136,919,265,MoveRight,1857,265,None
6136,919,265,None,1850,265,MoveLeft
6137,926,265,MoveRight,1850,265,None
6137,926,265,None,1843,265,MoveLeft
6138,933,265,MoveRight,1843,265,None
6138,933,265,None,1836,265,MoveLeft
6139,940,265,MoveRight,1836,265,None
6139,940,265,None,1829,265,MoveLeft
6140,947,265,MoveRight,1829,265,None
6140,947,265,None,1822,265,MoveLeft
6141,954,265,MoveRight,1822,265,None
6141,954,265,None,1815,265,MoveLeft
6142,961,265,MoveRight,1815,265,None
6142,961,265,None,1808,265,MoveLeft
6143,968,265,MoveRight,1808,265,None
6143,968,265,None,1801,265,MoveLeft
6144,975,265,MoveRight,1801,265,None
6144,975,265,None,1794,265,MoveLeft
6145,982,265,MoveRight,1794,265,None
6145,982,265,None,1787,265,MoveLeft
6146,989,265,MoveRight,1787,265,None
6146,989,265,None,1780,265,MoveLeft
6147,996,265,MoveRight,1780,265,None
6147,996,265,None,1773,265,MoveLeft
6148,1003,265,MoveRight,1773,265,None
6148,1003,265,None,1766,265,MoveLeft
6149,1010,265,MoveRight,1766,265,None
6149,1010,265,None,1759,265,MoveLeft
6150,1017,265,MoveRight,1759,265,None
6150,1017,265,None,1752,265,MoveLeft
6151,1024,265,MoveRight,1752,265,None
6151,1024,265,None,1745,265,MoveLeft
6152,1031,265,MoveRight,1745,265,None
6152,1031,265,None,1738,265,MoveLeft
6153,1038,265,MoveRight,1738,265,None
6153,1038,265,None,1731,265,MoveLeft
6154,1045,265,MoveRight,1731,265,None
6155,1052,265,MoveRight,1731,265,None
6156,1059,265,MoveRight,1731,265,None
6157,1066,265,MoveRight,1731,265,None
6158,1073,265,MoveRight,1731,265,None
6159,1080,265,MoveRight,1731,265,None
6160,1087,265,MoveRight,1731,265,None
6161,1094,265,MoveRight,1731,265,None
6162,1101,265,MoveRight,1731,265,None
6163,1108,265,MoveRight,1731,265,None
6164,1115,265,MoveRight,1731,265,None
6165,1122,265,MoveRight,1731,265,None
6166,1129,265,MoveRight,1731,265,None
6167,1136,265,MoveRight,1731,265,None
6168,1143,265,MoveRight,1731,265,None
6169,1150,265,MoveRight,1731,265,None
6170,1157,265,MoveRight,1731,265,None
6171,1164,265,MoveRight,1731,265,None
6172,1171,265,MoveRight,1731,265,None
6173,1178,265,MoveRight,1731,265,None
6174,1185,265,MoveRight,1731,265,None
6175,1192,265,MoveRight,1731,265,None
6176,1199,265,MoveRight,1731,265,None
6177,1206,265,MoveRight,1731,265,None
6178,1213,265,MoveRight,1731,265,None
6179,1220,265,MoveRight,1731,265,None
6180,1227,265,MoveRight,1731,265,None
6181,1234,265,MoveRight,1731,265,None
6182,1241,265,MoveRight,1731,265,None
6183,1248,265,MoveRight,1731,265,None
6184,1255,265,MoveRight,1731,265,None
6185,1262,265,MoveRight,1731,265,None
6186,1269,265,MoveRight,1731,265,None
6187,1276,265,MoveRight,1731,265,None
6188,1283,265,MoveRight,1731,265,None
6189,1290,265,MoveRight,1731,265,None
6190,1297,265,MoveRight,1731,265,None
6191,1304,265,MoveRight,1731,265,None
6192,1311,265,MoveRight,1731,265,None
6193,1318,265,MoveRight,1731,265,None
6194,1325,265,MoveRight,1731,265,None
6198,1326,265,None,1724,265,MoveLeft
6200,1319,265,MoveLeft,1724,265,None
6201,1312,265,MoveLeft,1724,265,None
6202,1305,265,MoveLeft,1724,265,None
6203,1298,265,MoveLeft,1724,265,None
6204,1291,265,MoveLeft,1724,265,None
6205,1284,265,MoveLeft,1724,265,None
6206,1277,265,MoveLeft,1724,265,None
6207,1270,265,MoveLeft,1724,265,None
6208,1263,265,MoveLeft,1724,265,None
6209,1256,265,MoveLeft,1724,265,None
6210,1249,265,MoveLeft,1724,265,None
6211,1242,265,MoveLeft,1724,265,None
6212,1235,265,MoveLeft,1724,265,None
6213,1228,265,MoveLeft,1724,265,None
6214,1221,265,MoveLeft,1724,265,None
6215,1214,265,MoveLeft,1724,265,None
6216,1207,265,MoveLeft,1724,265,None
6217,1200,265,MoveLeft,1724,265,None
6218,1193,265,MoveLeft,1724,265,None
6219,1186,265,MoveLeft,1724,265,None
6220,1179,265,MoveLeft,1724,265,None
6221,1172,265,MoveLeft,1724,265,None
6222,1165,265,MoveLeft,1724,265,None
6223,1158,265,MoveLeft,1724,265,None
6224,1151,265,MoveLeft,1724,265,None
6225,1144,265,MoveLeft,1724,265,None
6226,1137,265,MoveLeft,1724,265,None
6227,1130,265,MoveLeft,1724,265,None
6228,1123,265,MoveLeft,1724,265,None
6229,1116,265,MoveLeft,1724,265,None
6230,1109,265,MoveLeft,1724,265,None
6231,1102,265,MoveLeft,1724,265,None
6232,1095,265,MoveLeft,1724,265,None
6233,1088,265,MoveLeft,1724,265,None
6234,1081,265,MoveLeft,1724,265,None
6235,1074,265,MoveLeft,1724,265,None
6236,1067,265,MoveLeft,1724,265,None
6237,1060,265,MoveLeft,1724,265,None
6238,1053,265,MoveLeft,1724,265,None
6239,1046,265,MoveLeft,1724,265,None
6240,1039,265,MoveLeft,1724,265,None
6241,1032,265,MoveLeft,1724,265,None
6242,1025,265,MoveLeft,1724,265,None
6243,1018,265,MoveLeft,1724,265,None
6244,1011,265,MoveLeft,1724,265,None
6245,1004,265,MoveLeft,1724,265,None
6246,1004,265,None,1724,265,None
6247,1004,265,None,1724,265,None
6248,1004,265,None,1724,265,None
6249,1004,265,None,1724,265,None
6250,1004,265,None,1724,265,None
6251,1004,265,None,1724,265,None
6252,1004,265,None,1724,265,None
6253,1004,265,None,1724,265,None
6254,1004,265,None,1724,265,None
6255,1004,265,Bump,1724,265,None
6255,1004,265,None,1724,265,None
6256,1004,265,None,1717,265,MoveLeft
6257,1004,265,None,1710,265,MoveLeft
6258,1004,265,None,1703,265,MoveLeft
6259,1004,265,None,1696,265,MoveLeft
6260,1004,265,None,1689,265,MoveLeft
6261,1004,265,None,1682,265,MoveLeft
6262,1004,265,None,1675,265,MoveLeft
6263,1004,265,None,1668,265,MoveLeft
6264,1004,265,None,1661,265,MoveLeft
6265,1004,265,None,1654,265,MoveLeft
6266,1004,265,None,1647,265,MoveLeft
6267,1004,265,None,1640,265,MoveLeft
6268,1004,265,None,1633,265,MoveLeft
6269,1004,265,None,1626,265,MoveLeft
6270,1004,265,None,1619,265,MoveLeft
6271,1004,265,None,1612,265,MoveLeft
6272,1004,265,None,1605,265,MoveLeft
6273,1004,265,None,1598,265,MoveLeft
6274,1004,265,None,1591,265,MoveLeft
6275,1011,265,MoveRight,1591,265,None
6275,1011,265,None,1584,265,MoveLeft
6276,1018,265,MoveRight,1584,265,None
6276,1018,265,None,1577,265,MoveLeft
6277,1025,265,MoveRight,1577,265,None
6277,1025,265,None,1570,265,MoveLeft
6278,1032,265,MoveRight,1570,265,None
6279,1039,265,MoveRight,1570,265,None
6280,1046,265,MoveRight,1570,265,None
6281,1053,265,MoveRight,1570,265,None
6282,1060,265,MoveRight,1570,265,None
6283,1067,265,MoveRight,1570,265,None
6284,1074,265,MoveRight,1570,265,None
6285,1081,265,MoveRight,1570,265,None
6286,1088,265,MoveRight,1570,265,None
6287,1095,265,MoveRight,1570,265,None
6288,1102,265,MoveRight,1570,265,None
6289,1109,265,MoveRight,1570,265,None
6290,1116,265,MoveRight,1570,265,None
6291,1123,265,MoveRight,1570,265,None
6292,1130,265,MoveRight,1570,265,None
6293,1137,265,MoveRight,1570,265,None
6294,1144,265,MoveRight,1570,265,None
6295,1151,265,MoveRight,1570,265,None
6296,1158,265,MoveRight,1570,265,None
6297,1165,265,MoveRight,1570,265,None
6298,1172,265,MoveRight,1570,265,None
6299,1179,265,MoveRight,1570,265,None
6300,1186,265,MoveRight,1570,265,None
6301,1193,265,MoveRight,1570,265,None
6302,1200,265,MoveRight,1570,265,None
6303,1207,265,MoveRight,1570,265,None
6304,1214,265,MoveRight,1570,265,None
6305,1221,265,MoveRight,1570,265,None
6306,1228,265,MoveRight,1570,265,None
6307,1235,265,MoveRight,1570,265,None
6308,1242,265,MoveRight,1570,265,None
6309,1249,265,MoveRight,1570,265,None
6310,1256,265,MoveRight,1570,265,None
6311,1263,265,MoveRight,1570,265,None
6312,1270,265,MoveRight,1570,265,None
6313,1277,265,MoveRight,1570,265,None
6314,1284,265,MoveRight,1570,265,None
6315,1291,265,MoveRight,1570,265,None
6316,1298,265,MoveRight,1570,265,None
6317,1305,265,MoveRight,1570,265,None
6318,1312,265,MoveRight,1570,265,None
6319,1319,265,MoveRight,1570,265,None
6320,1326,265,MoveRight,1570,265,None
6355,1326,265,None,1570,265,SpikeMedium
6355,1326,265,None,1570,265,None
6356,1319,265,MoveLeft,1570,265,None
6357,1312,265,MoveLeft,1570,265,None
6358,1305,265,MoveLeft,1570,265,None
6359,1298,265,MoveLeft,1570,265,None
6360,1291,265,MoveLeft,1570,265,None
6361,1284,265,MoveLeft,1570,265,None
6362,1277,265,MoveLeft,1570,265,None
6363,1270,265,MoveLeft,1570,265,None
6364,1263,265,MoveLeft,1570,265,None
6365,1256,265,MoveLeft,1570,265,None
6366,1249,265,MoveLeft,1570,265,None
6366,1249,265,None,1577,265,MoveRight
6367,1242,265,MoveLeft,1577,265,None
6367,1242,265,None,1584,265,MoveRight
6368,1235,265,MoveLeft,1584,265,None
6368,1235,265,None,1591,265,MoveRight
6369,1228,265,MoveLeft,1591,265,None
6369,1228,265,None,1598,265,MoveRight
6370,1221,265,MoveLeft,1598,265,None
6370,1221,265,None,1605,265,MoveRight
6371,1214,265,MoveLeft,1605,265,None
6371,1214,265,None,1612,265,MoveRight
6372,1207,265,MoveLeft,1612,265,None
6372,1207,265,None,1619,265,MoveRight
6373,1200,265,MoveLeft,1619,265,None
6373,1200,265,None,1626,265,MoveRight
6374,1193,265,MoveLeft,1626,265,None
6374,1193,265,None,1633,265,MoveRight
6375,1186,265,MoveLeft,1633,265,None
6375,1186,265,None,1640,265,MoveRight
6376,1179,265,MoveLeft,1640,265,None
6376,1179,265,None,1647,265,MoveRight
6377,1172,265,MoveLeft,1647,265,None
6377,1172,265,None,1654,265,MoveRight
6378,1165,265,MoveLeft,1654,265,None
6378,1165,265,None,1661,265,MoveRight
6379,1158,265,MoveLeft,1661,265,None
6379,1158,265,None,1668,265,MoveRight
6380,1151,265,MoveLeft,1668,265,None
6380,1151,265,None,1675,265,MoveRight
6381,1144,265,MoveLeft,1675,265,None
6381,1144,265,None,1682,265,MoveRight
6382,1137,265,MoveLeft,1682,265,None
6382,1137,265,None,1689,265,MoveRight
6383,1130,265,MoveLeft,1689,265,None
6383,1130,265,None,1696,265,MoveRight
6384,1123,265,MoveLeft,1696,265,None
6384,1123,265,None,1703,265,MoveRight
6385,1116,265,MoveLeft,1703,265,None
6385,1116,265,None,1710,265,MoveRight
6386,1109,265,MoveLeft,1710,265,None
6386,1109,265,None,1717,265,MoveRight
6387,1102,265,MoveLeft,1717,265,None
6387,1102,265,None,1724,265,MoveRight
6388,1095,265,MoveLeft,1724,265,None
6388,1095,265,None,1724,265,None
6389,1088,265,MoveLeft,1724,265,None
6389,1088,265,None,1724,265,None
6390,1081,265,MoveLeft,1724,265,None
6390,1081,265,None,1724,265,None
6391,1074,265,MoveLeft,1724,265,None
6391,1074,265,None,1724,265,None
6392,1067,265,MoveLeft,1724,265,None
6392,1067,265,None,1724,265,None
6393,1060,265,MoveLeft,1724,265,None
6393,1060,265,None,1724,265,None
6394,1053,265,MoveLeft,1724,265,None
6394,1053,265,None,1724,265,None
6395,1046,265,MoveLeft,1724,265,None
6395,1046,265,None,1724,265,None
6396,1039,265,MoveLeft,1724,265,None
6396,1039,265,None,1724,265,None
6397,1032,265,MoveLeft,1724,265,None
6397,1032,265,None,1724,265,None
6398,1025,265,MoveLeft,1724,265,None
6398,1025,265,None,1724,265,None
6399,1018,265,MoveLeft,1724,265,None
6399,1018,265,None,1724,265,None
6400,1011,265,MoveLeft,1724,265,None
6400,1011,265,None,1724,265,None
6401,1004,265,MoveLeft,1724,265,None
6401,1004,265,None,1724,265,None
6402,997,265,MoveLeft,1724,265,None
6402,997,265,None,1724,265,None
6403,990,265,MoveLeft,1724,265,None
6403,990,265,None,1724,265,None
6404,983,265,MoveLeft,1724,265,None
6404,983,265,None,1724,265,None
6405,976,265,MoveLeft,1724,265,None
6405,976,265,None,1724,265,None
6406,969,265,MoveLeft,1724,265,None
6406,969,265,None,1724,265,None
6407,962,265,MoveLeft,1724,265,None
6407,962,265,None,1724,265,None
6408,955,265,MoveLeft,1724,265,None
6408,955,265,None,1724,265,None
6409,948,265,MoveLeft,1724,265,None
6409,948,265,None,1724,265,None
6410,941,265,MoveLeft,1724,265,None
6410,941,265,None,1724,265,None
6411,934,265,MoveLeft,1724,265,None
6411,934,265,None,1724,265,None
6412,927,265,MoveLeft,1724,265,None
6412,927,265,None,1724,265,None
6413,920,265,MoveLeft,1724,265,None
6413,920,265,None,1724,265,None
6414,913,265,MoveLeft,1724,265,None
6414,913,265,None,1724,265,None
6415,906,265,MoveLeft,1724,265,None
6415,906,265,None,1724,265,None
6416,899,265,MoveLeft,1724,265,None
6416,899,265,None,1724,265,None
6417,892,265,MoveLeft,1724,265,None
6417,892,265,None,1724,265,None
6418,885,265,MoveLeft,1724,265,None
6418,885,265,None,1724,265,None
6419,878,265,MoveLeft,1724,265,None
6419,878,265,None,1724,265,None
6420,871,265,MoveLeft,1724,265,None
6420,871,265,None,1724,265,None
6421,864,265,MoveLeft,1724,265,None
6421,864,265,None,1724,265,None
6422,857,265,MoveLeft,1724,265,None
6422,857,265,None,1724,265,None
6423,850,265,MoveLeft,1724,265,None
6423,850,265,None,1724,265,None
6424,1143,265,MoveLeft,2410,265,None
6425,1136,265,MoveLeft,2410,265,None
6426,1129,265,MoveLeft,2410,265,None
6427,1122,265,MoveLeft,2410,265,None
6428,1115,265,MoveLeft,2410,265,None
6429,1108,265,MoveLeft,2410,265,None
6430,1101,265,MoveLeft,2410,265,None
6431,1094,265,MoveLeft,2410,265,None
6432,1087,265,MoveLeft,2410,265,None
6433,1080,265,MoveLeft,2410,265,None
6434,1073,265,MoveLeft,2410,265,None
6435,1066,265,MoveLeft,2410,265,None
6436,1059,265,MoveLeft,2410,265,None
6437,1052,265,MoveLeft,2410,265,None
6438,1045,265,MoveLeft,2410,265,None
6439,1038,265,MoveLeft,2410,265,None
6474,1038,265,None,2410,265,Serve
6474,1038,265,None,2410,265,None
6493,1038,265,None,2403,265,MoveLeft
6494,1038,265,None,2396,265,MoveLeft
6495,1038,265,None,2389,265,MoveLeft
6496,1038,265,None,2382,265,MoveLeft
6497,1038,265,None,2375,265,MoveLeft
6498,1038,265,None,2368,265,MoveLeft
6499,1038,265,None,2361,265,MoveLeft
6500,1038,265,None,2354,265,MoveLeft
6501,1038,265,None,2347,265,MoveLeft
6502,1038,265,None,2340,265,MoveLeft
6503,1038,265,None,2333,265,MoveLeft
6504,1038,265,None,2326,265,MoveLeft
6505,1038,265,None,2319,265,MoveLeft
6506,1038,265,None,2312,265,MoveLeft
6507,1038,265,None,2305,265,MoveLeft
6508,1038,265,None,2298,265,MoveLeft
6509,1038,265,None,2291,265,MoveLeft
6510,1038,265,None,2284,265,MoveLeft
6511,1038,265,None,2277,265,MoveLeft
6512,1038,265,None,2270,265,MoveLeft
6513,1038,265,None,2263,265,MoveLeft
6514,1038,265,None,2256,265,MoveLeft
6515,1038,265,None,2249,265,MoveLeft
6516,1038,265,None,2242,265,MoveLeft
6517,1038,265,None,2235,265,MoveLeft
6518,1038,265,None,2228,265,MoveLeft
6519,1038,265,None,2221,265,MoveLeft
6520,1038,265,None,2214,265,MoveLeft
6521,1038,265,None,2207,265,MoveLeft
6522,1038,265,None,2200,265,MoveLeft
6523,1038,265,None,2193,265,MoveLeft
6524,1038,265,None,2186,265,MoveLeft
6525,1038,265,None,2179,265,MoveLeft
6526,1038,265,None,2172,265,MoveLeft
6527,1038,265,None,2165,265,MoveLeft
6528,1038,265,None,2158,265,MoveLeft
6529,1038,265,None,2151,265,MoveLeft
6530,1038,265,None,2144,265,MoveLeft
6531,1038,265,None,2137,265,MoveLeft
6532,1038,265,None,2130,265,MoveLeft
6533,1038,265,None,2123,265,MoveLeft
6534,1038,265,None,2116,265,MoveLeft
6535,1038,265,None,2109,265,MoveLeft
6536,1038,265,None,2102,265,MoveLeft
6537,1038,265,None,2095,265,MoveLeft
6538,1038,265,None,2088,265,MoveLeft
6539,1038,265,None,2081,265,MoveLeft
6540,1038,265,None,2074,265,MoveLeft
6541,1038,265,None,2067,265,MoveLeft
6542,1038,265,None,2060,265,MoveLeft
6543,1038,265,None,2053,265,MoveLeft
6544,1038,265,None,2046,265,MoveLeft
6545,1038,265,None,2039,265,MoveLeft
6546,1038,265,None,2032,265,MoveLeft
6547,1038,265,None,2025,265,MoveLeft
6548,1038,265,None,2018,265,MoveLeft
6549,1038,265,None,2011,265,MoveLeft
6550,1038,265,None,2004,265,MoveLeft
