Frame,PlayerPosX,PlayerPosY,PlayerEvent,BotPosX,BotPosY,BotEvent
1,970,265,None,1843,265,MoveLeft
2,970,265,None,1836,265,MoveLeft
3,970,265,None,1829,265,MoveLeft
4,970,265,None,1822,265,MoveLeft
5,970,265,None,1815,265,MoveLeft
6,970,265,None,1808,265,MoveLeft
7,970,265,None,1801,265,MoveLeft
8,970,265,None,1794,265,MoveLeft
9,970,265,None,1787,265,MoveLeft
10,970,265,None,1780,265,MoveLeft
11,970,265,None,1773,265,MoveLeft
12,970,265,None,1766,265,MoveLeft
13,970,265,None,1759,265,MoveLeft
14,970,265,None,1752,265,MoveLeft
15,970,265,None,1745,265,MoveLeft
16,970,265,None,1738,265,MoveLeft
17,970,265,None,1731,265,MoveLeft
22,977,265,MoveRight,1731,265,None
23,984,265,MoveRight,1731,265,None
24,991,265,MoveRight,1731,265,None
25,998,265,MoveRight,1731,265,None
26,1005,265,MoveRight,1731,265,None
27,1012,265,MoveRight,1731,265,None
28,1019,265,MoveRight,1731,265,None
29,1026,265,MoveRight,1731,265,None
30,1033,265,MoveRight,1731,265,None
31,1040,265,MoveRight,1731,265,None
32,1047,265,MoveRight,1731,265,None
33,1054,265,MoveRight,1731,265,None
34,1061,265,MoveRight,1731,265,None
35,1068,265,MoveRight,1731,265,None
36,1075,265,MoveRight,1731,265,None
37,1082,265,MoveRight,1731,265,None
38,1089,265,MoveRight,1731,265,None
39,1096,265,MoveRight,1731,265,None
40,1103,265,MoveRight,1731,265,None
41,1110,265,MoveRight,1731,265,None
42,1117,265,MoveRight,1731,265,None
43,1124,265,MoveRight,1731,265,None
44,1131,265,MoveRight,1731,265,None
45,1138,265,MoveRight,1731,265,None
46,1145,265,MoveRight,1731,265,None
47,1152,265,MoveRight,1731,265,None
48,1159,265,MoveRight,1731,265,None
49,1166,265,MoveRight,1731,265,None
50,1173,265,MoveRight,1731,265,None
51,1180,265,MoveRight,1731,265,None
52,1187,265,MoveRight,1731,265,None
53,1194,265,MoveRight,1731,265,None
54,1201,265,MoveRight,1731,265,None
55,1208,265,MoveRight,1731,265,None
56,1215,265,MoveRight,1731,265,None
57,1222,265,MoveRight,1731,265,None
58,1229,265,MoveRight,1731,265,None
59,1236,265,MoveRight,1731,265,None
60,1243,265,MoveRight,1731,265,None
61,1246.5,284.62,MoveRight,1731,265,None
62,1250,304.24,MoveRight,1731,265,None
63,1253.5,314.05,MoveRight,1731,265,None
64,1257,323.86,MoveRight,1731,265,None
65,1260.5,333.67,MoveRight,1731,265,None
66,1264,343.48,MoveRight,1731,265,None
67,1267.5,353.29,MoveRight,1731,265,None
68,1271,363.1,MoveRight,1731,265,None
69,1274.5,372.91,MoveRight,1731,265,None
70,1278,382.72,MoveRight,1731,265,None
71,1281.5,392.53,MoveRight,1731,265,None
72,1285,402.34,MoveRight,1731,265,None
73,1288.5,412.15,MoveRight,1731,265,None
74,1292,421.96,MoveRight,1731,265,None
75,1295.5,431.77,MoveRight,1731,265,None
76,1299,441.58,MoveRight,1731,265,None
77,1302.5,451.39,MoveRight,1731,265,None
89,1302.5,569.11,None,1731,265,None
116,1306,323.86,MoveRight,1731,265,None
117,1309.5,314.05,MoveRight,1731,265,None
118,1313,304.24,MoveRight,1731,265,None
119,1316.5,294.43,MoveRight,1731,265,None
120,1320,284.62,MoveRight,1731,265,None
121,1323.5,274.81,MoveRight,1731,265,None
131,1326,284.62,None,1731,265,None
155,1326,510.25,Spike,1731,265,None
155,1326,529.87,None,1731,265,None
156,1326,539.68,None,1724,265,MoveLeft
157,1326,549.49,None,1717,265,MoveLeft
158,1326,559.3,None,1710,265,MoveLeft
159,1326,569.11,None,1703,265,MoveLeft
160,1326,578.92,None,1696,265,MoveLeft
161,1326,569.11,None,1689,265,MoveLeft
162,1326,559.3,None,1682,265,MoveLeft
163,1326,549.49,None,1675,265,MoveLeft
164,1326,539.68,None,1668,265,MoveLeft
165,1326,529.87,None,1661,265,MoveLeft
206,330,265,None,1850,265,None
229,330,265,Serve,1850,265,None
229,330,265,None,1850,265,None
230,330,265,None,1857,265,MoveRight
231,330,265,None,1864,265,MoveRight
232,330,265,None,1871,265,MoveRight
233,330,265,None,1878,265,MoveRight
255,337,265,MoveRight,1878,265,None
256,344,265,MoveRight,1878,265,None
257,351,265,MoveRight,1878,265,None
258,358,265,MoveRight,1878,265,None
259,365,265,MoveRight,1878,265,None
260,372,265,MoveRight,1878,265,None
261,379,265,MoveRight,1878,265,None
262,386,265,MoveRight,1878,265,None
263,393,265,MoveRight,1878,265,None
264,400,265,MoveRight,1878,265,None
265,407,265,MoveRight,1878,265,None
266,414,265,MoveRight,1878,265,None
267,421,265,MoveRight,1878,265,None
268,428,265,MoveRight,1878,265,None
269,435,265,MoveRight,1878,265,None
270,442,265,MoveRight,1878,265,None
271,449,265,MoveRight,1878,265,None
272,456,265,MoveRight,1878,265,None
273,463,265,MoveRight,1878,265,None
274,470,265,MoveRight,1878,265,None
275,477,265,MoveRight,1878,265,None
276,484,265,MoveRight,1878,265,None
277,491,265,MoveRight,1878,265,None
278,498,265,MoveRight,1878,265,None
279,505,265,MoveRight,1878,265,None
280,512,265,MoveRight,1878,265,None
281,519,265,MoveRight,1878,265,None
282,526,265,MoveRight,1878,265,None
283,533,265,MoveRight,1878,265,None
284,540,265,MoveRight,1878,265,None
285,547,265,MoveRight,1878,265,None
286,554,265,MoveRight,1878,265,None
287,561,265,MoveRight,1878,265,None
288,568,265,MoveRight,1878,265,None
289,575,265,MoveRight,1878,265,None
290,582,265,MoveRight,1878,265,None
291,589,265,MoveRight,1878,265,None
292,596,265,MoveRight,1878,265,None
293,603,265,MoveRight,1878,265,None
294,610,265,MoveRight,1878,265,None
295,617,265,MoveRight,1878,265,None
296,624,265,MoveRight,1878,265,None
297,631,265,MoveRight,1878,265,None
298,638,265,MoveRight,1878,265,None
299,645,265,MoveRight,1878,265,None
300,652,265,MoveRight,1878,265,None
301,659,265,MoveRight,1878,265,None
302,666,265,MoveRight,1878,265,None
303,666,265,None,1878,265,SpikeMedium
303,673,265,MoveRight,1878,265,None
303,673,265,None,1878,265,None
304,680,265,MoveRight,1878,265,None
305,687,265,MoveRight,1878,265,None
306,694,265,MoveRight,1878,265,None
307,701,265,MoveRight,1878,265,None
314,701,265,None,1871,265,MoveLeft
315,701,265,None,1864,265,MoveLeft
316,701,265,None,1857,265,MoveLeft
317,701,265,None,1850,265,MoveLeft
318,701,265,None,1843,265,MoveLeft
319,701,265,None,1836,265,MoveLeft
320,701,265,None,1829,265,MoveLeft
321,701,265,None,1822,265,MoveLeft
322,701,265,None,1815,265,MoveLeft
323,701,265,None,1808,265,MoveLeft
324,701,265,None,1801,265,MoveLeft
325,701,265,None,1794,265,MoveLeft
326,701,265,None,1787,265,MoveLeft
327,701,265,None,1780,265,MoveLeft
328,701,265,None,1773,265,MoveLeft
329,701,265,None,1766,265,MoveLeft
330,701,265,None,1759,265,MoveLeft
331,701,265,None,1752,265,MoveLeft
332,701,265,None,1745,265,MoveLeft
333,701,265,None,1738,265,MoveLeft
334,701,265,None,1731,265,MoveLeft
335,701,265,None,1731,265,None
336,701,265,None,1731,265,None
337,701,265,None,1731,265,None
338,701,265,None,1731,265,None
339,701,265,None,1731,265,None
340,701,265,None,1731,265,None
341,701,265,None,1731,265,None
342,701,265,None,1731,265,None
343,701,265,None,1731,265,None
344,701,265,None,1731,265,None
345,701,265,None,1731,265,None
346,701,265,None,1731,265,None
347,701,265,None,1731,265,None
348,701,265,None,1731,265,None
349,701,265,None,1731,265,None
350,701,265,None,1731,265,None
351,701,265,None,1731,265,None
352,701,265,None,1731,265,None
353,708,265,MoveRight,1731,265,None
353,708,265,None,1731,265,None
354,715,265,MoveRight,1731,265,None
354,715,265,None,1731,265,None
355,722,265,MoveRight,1731,265,None
355,722,265,None,1731,265,None
356,729,265,MoveRight,1731,265,None
356,729,265,None,1731,265,None
357,736,265,MoveRight,1731,265,None
357,736,265,None,1731,265,None
358,743,265,MoveRight,1731,265,None
358,743,265,None,1731,265,None
359,750,265,MoveRight,1731,265,None
359,750,265,None,1731,265,None
360,757,265,MoveRight,1731,265,None
360,757,265,None,1731,265,None
361,764,265,MoveRight,1731,265,None
361,764,265,None,1731,265,None
362,771,265,MoveRight,1731,265,None
362,771,265,None,1731,265,None
363,778,265,MoveRight,1731,265,None
363,778,265,None,1731,265,None
364,785,265,MoveRight,1731,265,None
364,785,265,None,1731,265,None
365,792,265,MoveRight,1731,265,None
365,792,265,None,1731,265,None
366,799,265,MoveRight,1731,265,None
366,799,265,None,1731,265,None
367,799,265,None,1731,265,None
368,799,265,None,1731,265,None
369,799,265,None,1731,265,None
370,799,265,None,1731,265,None
371,799,265,None,1731,265,None
422,970,265,None,2410,265,Serve
422,970,265,None,2410,265,None
424,963,265,MoveLeft,2410,265,None
425,956,265,MoveLeft,2410,265,None
426,949,265,MoveLeft,2410,265,None
427,942,265,MoveLeft,2410,265,None
428,935,265,MoveLeft,2410,265,None
429,928,265,MoveLeft,2410,265,None
430,921,265,MoveLeft,2410,265,None
431,914,265,MoveLeft,2410,265,None
432,907,265,MoveLeft,2410,265,None
433,900,265,MoveLeft,2410,265,None
434,893,265,MoveLeft,2410,265,None
435,886,265,MoveLeft,2410,265,None
436,879,265,MoveLeft,2410,265,None
437,872,265,MoveLeft,2410,265,None
438,872,265,None,2410,265,None
439,872,265,None,2410,265,None
440,872,265,None,2410,265,None
441,872,265,None,2410,265,None
442,872,265,None,2410,265,None
442,872,265,None,2403,265,MoveLeft
443,872,265,None,2403,265,None
443,872,265,None,2396,265,MoveLeft
444,872,265,None,2396,265,None
444,872,265,None,2389,265,MoveLeft
445,872,265,None,2389,265,None
445,872,265,None,2382,265,MoveLeft
446,872,265,None,2382,265,None
446,872,265,None,2375,265,MoveLeft
447,872,265,None,2375,265,None
447,872,265,None,2368,265,MoveLeft
448,872,265,None,2368,265,None
448,872,265,None,2361,265,MoveLeft
449,872,265,None,2361,265,None
449,872,265,None,2354,265,MoveLeft
450,872,265,None,2354,265,None
450,872,265,None,2347,265,MoveLeft
451,872,265,None,2347,265,None
451,872,265,None,2340,265,MoveLeft
452,872,265,None,2340,265,None
452,872,265,None,2333,265,MoveLeft
453,872,265,None,2333,265,None
453,872,265,None,2326,265,MoveLeft
454,872,265,None,2326,265,None
454,872,265,None,2319,265,MoveLeft
455,872,265,None,2319,265,None
455,872,265,None,2312,265,MoveLeft
456,872,265,None,2312,265,None
456,872,265,None,2305,265,MoveLeft
457,872,265,None,2305,265,None
457,872,265,None,2298,265,MoveLeft
458,872,265,None,2298,265,None
458,872,265,None,2291,265,MoveLeft
459,872,265,None,2291,265,None
459,872,265,None,2284,265,MoveLeft
460,872,265,None,2284,265,None
460,872,265,None,2277,265,MoveLeft
461,872,265,None,2277,265,None
461,872,265,None,2270,265,MoveLeft
462,872,265,None,2270,265,None
462,872,265,None,2263,265,MoveLeft
463,872,265,None,2263,265,None
463,872,265,None,2256,265,MoveLeft
464,872,265,None,2256,265,None
464,872,265,None,2249,265,MoveLeft
465,872,265,None,2249,265,None
465,872,265,None,2242,265,MoveLeft
466,872,265,None,2242,265,None
466,872,265,None,2235,265,MoveLeft
467,872,265,None,2235,265,None
467,872,265,None,2228,265,MoveLeft
468,872,265,None,2228,265,None
468,872,265,None,2221,265,MoveLeft
469,872,265,None,2221,265,None
469,872,265,None,2214,265,MoveLeft
470,872,265,None,2214,265,None
470,872,265,None,2207,265,MoveLeft
471,872,265,None,2207,265,None
471,872,265,None,2200,265,MoveLeft
472,872,265,None,2200,265,None
472,872,265,None,2193,265,MoveLeft
473,872,265,None,2193,265,None
473,872,265,None,2186,265,MoveLeft
474,872,265,None,2186,265,None
474,872,265,None,2179,265,MoveLeft
475,872,265,None,2179,265,None
475,872,265,None,2172,265,MoveLeft
476,872,265,None,2172,265,None
476,872,265,None,2165,265,MoveLeft
477,872,265,None,2165,265,None
477,872,265,None,2158,265,MoveLeft
478,872,265,None,2158,265,None
478,872,265,None,2151,265,MoveLeft
479,872,265,None,2151,265,None
479,872,265,None,2144,265,MoveLeft
480,872,265,None,2144,265,None
480,872,265,None,2137,265,MoveLeft
481,872,265,None,2137,265,None
481,872,265,None,2130,265,MoveLeft
482,872,265,None,2130,265,None
482,872,265,None,2123,265,MoveLeft
483,872,265,None,2123,265,None
483,872,265,None,2116,265,MoveLeft
484,872,265,None,2116,265,None
484,872,265,None,2109,265,MoveLeft
485,872,265,None,2109,265,None
485,872,265,None,2102,265,MoveLeft
486,872,265,None,2102,265,None
486,872,265,None,2095,265,MoveLeft
487,872,265,None,2095,265,None
487,872,265,None,2088,265,MoveLeft
488,872,265,None,2088,265,None
488,872,265,None,2081,265,MoveLeft
489,872,265,None,2081,265,None
489,872,265,None,2074,265,MoveLeft
490,872,265,None,2074,265,None
490,872,265,None,2067,265,MoveLeft
491,872,265,None,2067,265,None
491,872,265,None,2060,265,MoveLeft
492,872,265,None,2060,265,None
492,872,265,None,2053,265,MoveLeft
493,872,265,None,2053,265,None
493,872,265,None,2046,265,MoveLeft
494,872,265,Bump,2046,265,None
494,872,265,None,2046,265,None
494,872,265,None,2039,265,MoveLeft
495,872,265,None,2032,265,MoveLeft
496,872,265,None,2025,265,MoveLeft
497,872,265,None,2018,265,MoveLeft
498,872,265,None,2011,265,MoveLeft
499,872,265,None,2004,265,MoveLeft
500,872,265,None,1997,265,MoveLeft
501,872,265,None,1990,265,MoveLeft
502,872,265,None,1983,265,MoveLeft
503,872,265,None,1976,265,MoveLeft
504,872,265,None,1969,265,MoveLeft
505,872,265,None,1962,265,MoveLeft
506,872,265,None,1955,265,MoveLeft
507,872,265,None,1948,265,MoveLeft
508,872,265,None,1941,265,MoveLeft
509,872,265,None,1934,265,MoveLeft
510,872,265,None,1927,265,MoveLeft
511,872,265,None,1920,265,MoveLeft
512,872,265,None,1913,265,MoveLeft
513,872,265,None,1906,265,MoveLeft
514,872,265,None,1899,265,MoveLeft
515,872,265,None,1892,265,MoveLeft
516,872,265,None,1885,265,MoveLeft
517,872,265,None,1878,265,MoveLeft
518,872,265,None,1871,265,MoveLeft
519,879,265,MoveRight,1871,265,None
519,879,265,None,1864,265,MoveLeft
520,886,265,MoveRight,1864,265,None
520,886,265,None,1857,265,MoveLeft
521,893,265,MoveRight,1857,265,None
521,893,265,None,1850,265,MoveLeft
522,900,265,MoveRight,1850,265,None
522,900,265,None,1843,265,MoveLeft
523,907,265,MoveRight,1843,265,None
523,907,265,None,1836,265,MoveLeft
524,914,265,MoveRight,1836,265,None
524,914,265,None,1829,265,MoveLeft
525,921,265,MoveRight,1829,265,None
525,921,265,None,1822,265,MoveLeft
526,928,265,MoveRight,1822,265,None
526,928,265,None,1815,265,MoveLeft
527,928,265,None,1808,265,MoveLeft
528,928,265,None,1801,265,MoveLeft
529,928,265,None,1794,265,MoveLeft
530,928,265,None,1787,265,MoveLeft
531,928,265,None,1780,265,MoveLeft
532,928,265,None,1773,265,MoveLeft
533,928,265,None,1766,265,MoveLeft
534,928,265,None,1759,265,MoveLeft
535,928,265,None,1752,265,MoveLeft
536,928,265,None,1745,265,MoveLeft
537,928,265,None,1738,265,MoveLeft
538,928,265,None,1731,265,MoveLeft
539,928,265,None,1724,265,MoveLeft
540,928,265,None,1717,265,MoveLeft
541,928,265,None,1710,265,MoveLeft
542,928,265,None,1703,265,MoveLeft
543,928,265,None,1696,265,MoveLeft
544,928,265,None,1689,265,MoveLeft
545,928,265,None,1682,265,MoveLeft
546,928,265,None,1675,265,MoveLeft
547,928,265,None,1668,265,MoveLeft
548,928,265,None,1661,265,MoveLeft
549,928,265,None,1654,265,MoveLeft
550,928,265,None,1647,265,MoveLeft
551,928,265,None,1640,265,MoveLeft
552,928,265,None,1633,265,MoveLeft
553,928,265,None,1626,265,MoveLeft
554,928,265,None,1619,265,MoveLeft
555,928,265,None,1612,265,MoveLeft
556,928,265,None,1605,265,MoveLeft
557,928,265,None,1598,265,MoveLeft
558,928,265,None,1591,265,MoveLeft
559,928,265,None,1584,265,MoveLeft
560,928,265,None,1577,265,MoveLeft
561,928,265,None,1570,265,MoveLeft
562,928,265,None,1563,265,MoveLeft
563,928,265,None,1556,265,MoveLeft
564,928,265,None,1549,265,MoveLeft
565,928,265,None,1542,265,MoveLeft
566,928,265,None,1535,265,MoveLeft
567,928,265,None,1528,265,MoveLeft
568,928,265,None,1521,265,MoveLeft
569,928,265,None,1514,265,MoveLeft
570,928,265,None,1507,265,MoveLeft
571,928,265,None,1500,265,MoveLeft
572,928,265,None,1493,265,MoveLeft
573,928,265,None,1486,265,MoveLeft
574,928,265,None,1479,265,MoveLeft
575,928,265,None,1472,265,MoveLeft
576,928,265,None,1465,265,MoveLeft
577,928,265,None,1458,265,MoveLeft
578,928,265,None,1451,265,MoveLeft
593,935,265,MoveRight,1451,265,None
594,942,265,MoveRight,1451,265,None
595,949,265,MoveRight,1451,265,None
596,956,265,MoveRight,1451,265,None
597,956,265,None,1451,265,SpikeLight
597,963,265,MoveRight,1451,265,None
597,963,265,None,1451,265,None
598,970,265,MoveRight,1451,265,None
599,977,265,MoveRight,1451,265,None
600,984,265,MoveRight,1451,265,None
601,991,265,MoveRight,1451,265,None
602,998,265,MoveRight,1451,265,None
603,1005,265,MoveRight,1451,265,None
604,1012,265,MoveRight,1451,265,None
605,1019,265,MoveRight,1451,265,None
606,1026,265,MoveRight,1451,265,None
607,1033,265,MoveRight,1451,265,None
608,1040,265,MoveRight,1451,265,None
608,1040,265,None,1458,265,MoveRight
609,1047,265,MoveRight,1458,265,None
609,1047,265,None,1465,265,MoveRight
610,1054,265,MoveRight,1465,265,None
610,1054,265,None,1472,265,MoveRight
611,1061,265,MoveRight,1472,265,None
611,1061,265,None,1479,265,MoveRight
612,1068,265,MoveRight,1479,265,None
612,1068,265,None,1486,265,MoveRight
613,1075,265,MoveRight,1486,265,None
613,1075,265,None,1493,265,MoveRight
614,1082,265,MoveRight,1493,265,None
614,1082,265,None,1500,265,MoveRight
615,1089,265,MoveRight,1500,265,None
615,1089,265,None,1507,265,MoveRight
616,1096,265,MoveRight,1507,265,None
616,1096,265,None,1514,265,MoveRight
617,1103,265,MoveRight,1514,265,None
617,1103,265,None,1521,265,MoveRight
618,1110,265,MoveRight,1521,265,None
618,1110,265,None,1528,265,MoveRight
619,1117,265,MoveRight,1528,265,None
619,1117,265,None,1535,265,MoveRight
620,1117,265,None,1542,265,MoveRight
621,1117,265,None,1549,265,MoveRight
622,1117,265,None,1556,265,MoveRight
623,1117,265,None,1563,265,MoveRight
624,1117,265,None,1570,265,MoveRight
625,1117,265,None,1577,265,MoveRight
626,1117,265,None,1584,265,MoveRight
627,1117,265,None,1591,265,MoveRight
628,1117,265,None,1598,265,MoveRight
629,1117,265,None,1605,265,MoveRight
630,1117,265,None,1612,265,MoveRight
631,1117,265,None,1619,265,MoveRight
632,1117,265,None,1626,265,MoveRight
633,1117,265,None,1633,265,MoveRight
634,1117,265,None,1640,265,MoveRight
635,1117,265,None,1647,265,MoveRight
636,1117,265,None,1654,265,MoveRight
637,1117,265,None,1661,265,MoveRight
638,1117,265,None,1668,265,MoveRight
639,1117,265,None,1675,265,MoveRight
640,1117,265,None,1682,265,MoveRight
641,1117,265,None,1682,265,None
641,1117,265,None,1689,265,MoveRight
642,1117,265,None,1689,265,None
642,1117,265,None,1696,265,MoveRight
643,1117,265,None,1696,265,None
643,1117,265,None,1703,265,MoveRight
644,1117,265,None,1703,265,None
644,1117,265,None,1710,265,MoveRight
645,1117,265,None,1710,265,None
645,1117,265,None,1717,265,MoveRight
646,1117,265,None,1717,265,None
646,1117,265,None,1724,265,MoveRight
647,1117,265,None,1724,265,None
647,1117,265,None,1724,265,None
648,1117,265,None,1724,265,None
648,1117,265,None,1724,265,None
649,1117,265,None,1724,265,None
649,1117,265,None,1724,265,None
650,1117,265,None,1724,265,None
650,1117,265,None,1724,265,None
651,1117,265,None,1724,265,None
651,1117,265,None,1724,265,None
652,1117,265,None,1724,265,None
652,1117,265,None,1724,265,None
653,1117,265,None,1724,265,None
653,1117,265,None,1724,265,None
654,1117,265,Bump,1724,265,None
654,1117,265,None,1724,265,None
654,1117,265,None,1724,265,None
655,1117,265,None,1717,265,MoveLeft
656,1117,265,None,1710,265,MoveLeft
657,1117,265,None,1703,265,MoveLeft
658,1117,265,None,1696,265,MoveLeft
659,1117,265,None,1689,265,MoveLeft
660,1117,265,None,1682,265,MoveLeft
661,1117,265,None,1675,265,MoveLeft
662,1117,265,None,1668,265,MoveLeft
663,1117,265,None,1661,265,MoveLeft
664,1117,265,None,1654,265,MoveLeft
665,1117,265,None,1647,265,MoveLeft
666,1117,265,None,1640,265,MoveLeft
667,1117,265,None,1633,265,MoveLeft
752,1117,265,None,1633,265,SpikeLight
752,1124,265,MoveRight,1633,265,None
752,1124,265,None,1633,265,None
753,1131,265,MoveRight,1633,265,None
754,1138,265,MoveRight,1633,265,None
755,1145,265,MoveRight,1633,265,None
756,1152,265,MoveRight,1633,265,None
757,1159,265,MoveRight,1633,265,None
758,1166,265,MoveRight,1633,265,None
759,1173,265,MoveRight,1633,265,None
760,1180,265,MoveRight,1633,265,None
761,1187,265,MoveRight,1633,265,None
762,1194,265,MoveRight,1633,265,None
763,1201,265,MoveRight,1633,265,None
763,1201,265,None,1640,265,MoveRight
764,1208,265,MoveRight,1640,265,None
764,1208,265,None,1647,265,MoveRight
765,1215,265,MoveRight,1647,265,None
765,1215,265,None,1654,265,MoveRight
766,1222,265,MoveRight,1654,265,None
766,1222,265,None,1661,265,MoveRight
767,1229,265,MoveRight,1661,265,None
767,1229,265,None,1668,265,MoveRight
768,1236,265,MoveRight,1668,265,None
768,1236,265,None,1675,265,MoveRight
769,1243,265,MoveRight,1675,265,None
769,1243,265,None,1682,265,MoveRight
770,1250,265,MoveRight,1682,265,None
770,1250,265,None,1689,265,MoveRight
771,1257,265,MoveRight,1689,265,None
771,1257,265,None,1696,265,MoveRight
772,1264,265,MoveRight,1696,265,None
772,1264,265,None,1703,265,MoveRight
773,1271,265,MoveRight,1703,265,None
773,1271,265,None,1710,265,MoveRight
774,1278,265,MoveRight,1710,265,None
774,1278,265,None,1717,265,MoveRight
775,1285,265,MoveRight,1717,265,None
775,1285,265,None,1724,265,MoveRight
776,1292,265,MoveRight,1724,265,None
776,1292,265,None,1724,265,None
777,1292,265,None,1724,265,None
777,1292,265,None,1724,265,None
778,1292,265,None,1724,265,None
778,1292,265,None,1724,265,None
779,1292,265,None,1724,265,None
779,1292,265,None,1724,265,None
780,1292,265,None,1724,265,None
780,1292,265,None,1724,265,None
781,1292,265,None,1724,265,None
782,1292,265,None,1724,265,None
783,1292,265,None,1724,265,None
784,1292,265,None,1724,265,None
785,1292,265,None,1724,265,None
786,1292,265,None,1724,265,None
787,1292,265,None,1724,265,None
788,1292,265,None,1724,265,None
789,1292,265,None,1724,265,None
790,1292,265,None,1724,265,None
791,1292,265,None,1724,265,None
792,1292,265,None,1724,265,None
793,1292,265,None,1724,265,None
794,1285,265,MoveLeft,1724,265,None
794,1285,265,None,1724,265,None
795,1278,265,MoveLeft,1724,265,None
795,1278,265,None,1724,265,None
796,1271,265,MoveLeft,1724,265,None
796,1271,265,None,1724,265,None
797,1264,265,MoveLeft,1724,265,None
797,1264,265,None,1724,265,None
798,1257,265,MoveLeft,1724,265,None
798,1257,265,None,1724,265,None
799,1250,265,MoveLeft,1724,265,None
799,1250,265,None,1724,265,None
800,1243,265,MoveLeft,1724,265,None
800,1243,265,None,1724,265,None
801,1236,265,MoveLeft,1724,265,None
801,1236,265,None,1724,265,None
802,1229,265,MoveLeft,1724,265,None
802,1229,265,None,1724,265,None
803,1222,265,MoveLeft,1724,265,None
803,1222,265,None,1724,265,None
804,1222,265,None,1724,265,None
805,1222,265,None,1724,265,None
806,1222,265,None,1724,265,None
807,1222,265,None,1724,265,None
808,1222,265,None,1724,265,None
809,1222,265,None,1724,265,None
810,1229,265,MoveRight,1724,265,None
810,1229,265,None,1724,265,None
811,1229,265,Bump,1724,265,None
811,1236,265,MoveRight,1724,265,None
811,1236,265,None,1724,265,None
812,1236,265,None,1731,265,MoveRight
813,1236,265,None,1738,265,MoveRight
814,1236,265,None,1745,265,MoveRight
815,1236,265,None,1752,265,MoveRight
816,1236,265,None,1759,265,MoveRight
817,1236,265,None,1766,265,MoveRight
818,1236,265,None,1773,265,MoveRight
819,1236,265,None,1780,265,MoveRight
820,1236,265,None,1787,265,MoveRight
821,1236,265,None,1794,265,MoveRight
822,1236,265,None,1801,265,MoveRight
823,1236,265,None,1808,265,MoveRight
824,1236,265,None,1815,265,MoveRight
840,1229,265,MoveLeft,1815,265,None
841,1222,265,MoveLeft,1815,265,None
842,1215,265,MoveLeft,1815,265,None
843,1208,265,MoveLeft,1815,265,None
844,1201,265,MoveLeft,1815,265,None
845,1194,265,MoveLeft,1815,265,None
846,1187,265,MoveLeft,1815,265,None
847,1180,265,MoveLeft,1815,265,None
848,1173,265,MoveLeft,1815,265,None
849,1166,265,MoveLeft,1815,265,None
850,1159,265,MoveLeft,1815,265,None
851,1152,265,MoveLeft,1815,265,None
852,1145,265,MoveLeft,1815,265,None
853,1138,265,MoveLeft,1815,265,None
854,1131,265,MoveLeft,1815,265,None
855,1124,265,MoveLeft,1815,265,None
856,1117,265,MoveLeft,1815,265,None
857,1110,265,MoveLeft,1815,265,None
858,1103,265,MoveLeft,1815,265,None
859,1096,265,MoveLeft,1815,265,None
860,1089,265,MoveLeft,1815,265,None
861,1082,265,MoveLeft,1815,265,None
862,1075,265,MoveLeft,1815,265,None
873,1082,265,MoveRight,1815,265,None
874,1089,265,MoveRight,1815,265,None
875,1096,265,MoveRight,1815,265,None
876,1103,265,MoveRight,1815,265,None
877,1110,265,MoveRight,1815,265,None
878,1117,265,MoveRight,1815,265,None
879,1124,265,MoveRight,1815,265,None
880,1131,265,MoveRight,1815,265,None
881,1138,265,MoveRight,1815,265,None
882,1145,265,MoveRight,1815,265,None
883,1152,265,MoveRight,1815,265,None
884,1159,265,MoveRight,1815,265,None
885,1166,265,MoveRight,1815,265,None
886,1173,265,MoveRight,1815,265,None
887,1180,265,MoveRight,1815,265,None
888,1187,265,MoveRight,1815,265,None
889,1194,265,MoveRight,1815,265,None
890,1201,265,MoveRight,1815,265,None
891,1208,265,MoveRight,1815,265,None
892,1215,265,MoveRight,1815,265,None
893,1222,265,MoveRight,1815,265,None
894,1229,265,MoveRight,1815,265,None
895,1236,265,MoveRight,1815,265,None
896,1243,265,MoveRight,1815,265,None
897,1250,265,MoveRight,1815,265,None
898,1257,265,MoveRight,1815,265,None
899,1264,265,MoveRight,1815,265,None
900,1271,265,MoveRight,1815,265,None
901,1278,265,MoveRight,1815,265,None
902,1285,265,MoveRight,1815,265,None
903,1292,265,MoveRight,1815,265,None
904,1299,265,MoveRight,1815,265,None
905,1306,265,MoveRight,1815,265,None
906,1313,265,MoveRight,1815,265,None
907,1320,265,MoveRight,1815,265,None
913,1326,265,None,1815,265,SpikeMedium
913,1326,265,None,1815,265,None
914,1319,265,MoveLeft,1815,265,None
915,1312,265,MoveLeft,1815,265,None
916,1305,265,MoveLeft,1815,265,None
917,1298,265,MoveLeft,1815,265,None
918,1291,265,MoveLeft,1815,265,None
919,1284,265,MoveLeft,1815,265,None
920,1277,265,MoveLeft,1815,265,None
921,1270,265,MoveLeft,1815,265,None
922,1263,265,MoveLeft,1815,265,None
923,1256,265,MoveLeft,1815,265,None
924,1249,265,MoveLeft,1815,265,None
924,1249,265,None,1808,265,MoveLeft
925,1242,265,MoveLeft,1808,265,None
925,1242,265,None,1801,265,MoveLeft
926,1235,265,MoveLeft,1801,265,None
926,1235,265,None,1794,265,MoveLeft
927,1228,265,MoveLeft,1794,265,None
927,1228,265,None,1787,265,MoveLeft
928,1221,265,MoveLeft,1787,265,None
928,1221,265,None,1780,265,MoveLeft
929,1214,265,MoveLeft,1780,265,None
929,1214,265,None,1773,265,MoveLeft
930,1207,265,MoveLeft,1773,265,None
930,1207,265,None,1766,265,MoveLeft
931,1200,265,MoveLeft,1766,265,None
931,1200,265,None,1759,265,MoveLeft
932,1193,265,MoveLeft,1759,265,None
932,1193,265,None,1752,265,MoveLeft
933,1186,265,MoveLeft,1752,265,None
933,1186,265,None,1745,265,MoveLeft
934,1179,265,MoveLeft,1745,265,None
934,1179,265,None,1738,265,MoveLeft
935,1172,265,MoveLeft,1738,265,None
935,1172,265,None,1731,265,MoveLeft
936,1165,265,MoveLeft,1731,265,None
936,1165,265,None,1731,265,None
937,1158,265,MoveLeft,1731,265,None
937,1158,265,None,1731,265,None
938,1151,265,MoveLeft,1731,265,None
938,1151,265,None,1731,265,None
939,1144,265,MoveLeft,1731,265,None
939,1144,265,None,1731,265,None
940,1137,265,MoveLeft,1731,265,None
940,1137,265,None,1731,265,None
941,1130,265,MoveLeft,1731,265,None
941,1130,265,None,1731,265,None
942,1123,265,MoveLeft,1731,265,None
942,1123,265,None,1731,265,None
943,1116,265,MoveLeft,1731,265,None
943,1116,265,None,1731,265,None
944,1109,265,MoveLeft,1731,265,None
944,1109,265,None,1731,265,None
945,1102,265,MoveLeft,1731,265,None
945,1102,265,None,1731,265,None
946,1095,265,MoveLeft,1731,265,None
946,1095,265,None,1731,265,None
947,1088,265,MoveLeft,1731,265,None
947,1088,265,None,1731,265,None
948,1081,265,MoveLeft,1731,265,None
948,1081,265,None,1731,265,None
949,1074,265,MoveLeft,1731,265,None
949,1074,265,None,1731,265,None
950,1067,265,MoveLeft,1731,265,None
950,1067,265,None,1731,265,None
951,1060,265,MoveLeft,1731,265,None
951,1060,265,None,1731,265,None
952,1053,265,MoveLeft,1731,265,None
952,1053,265,None,1731,265,None
953,1046,265,MoveLeft,1731,265,None
953,1046,265,None,1731,265,None
954,1039,265,MoveLeft,1731,265,None
954,1039,265,None,1731,265,None
955,1032,265,MoveLeft,1731,265,None
955,1032,265,None,1731,265,None
956,1025,265,MoveLeft,1731,265,None
956,1025,265,None,1731,265,None
957,1018,265,MoveLeft,1731,265,None
957,1018,265,None,1731,265,None
958,1011,265,MoveLeft,1731,265,None
958,1011,265,None,1731,265,None
959,1004,265,MoveLeft,1731,265,None
959,1004,265,None,1731,265,None
960,997,265,MoveLeft,1731,265,None
960,997,265,None,1731,265,None
961,990,265,MoveLeft,1731,265,None
961,990,265,None,1731,265,None
962,983,265,MoveLeft,1731,265,None
962,983,265,None,1731,265,None
963,976,265,MoveLeft,1731,265,None
963,976,265,None,1731,265,None
964,969,265,MoveLeft,1731,265,None
964,969,265,None,1731,265,None
965,962,265,MoveLeft,1731,265,None
965,962,265,None,1731,265,None
966,955,265,MoveLeft,1731,265,None
966,955,265,None,1731,265,None
967,948,265,MoveLeft,1731,265,None
967,948,265,None,1731,265,None
968,941,265,MoveLeft,1731,265,None
968,941,265,None,1731,265,None
969,941,265,None,1731,265,None
969,941,265,None,1731,265,None
970,941,265,None,1731,265,None
970,941,265,None,1731,265,None
971,941,265,None,1731,265,None
971,941,265,None,1731,265,None
972,941,265,None,1731,265,None
972,941,265,None,1731,265,None
973,941,265,None,1731,265,None
973,941,265,None,1731,265,None
974,941,265,None,1731,265,None
974,941,265,None,1731,265,None
975,941,265,Bump,1731,265,None
975,941,265,None,1731,265,None
975,941,265,None,1731,265,None
976,941,265,None,1724,265,MoveLeft
977,941,265,None,1717,265,MoveLeft
978,941,265,None,1710,265,MoveLeft
979,941,265,None,1703,265,MoveLeft
980,941,265,None,1696,265,MoveLeft
981,941,265,None,1689,265,MoveLeft
982,941,265,None,1682,265,MoveLeft
983,941,265,None,1675,265,MoveLeft
984,941,265,None,1668,265,MoveLeft
985,941,265,None,1661,265,MoveLeft
986,941,265,None,1654,265,MoveLeft
987,941,265,None,1647,265,MoveLeft
988,941,265,None,1640,265,MoveLeft
989,941,265,None,1633,265,MoveLeft
990,941,265,None,1626,265,MoveLeft
991,941,265,None,1619,265,MoveLeft
992,941,265,None,1612,265,MoveLeft
993,941,265,None,1605,265,MoveLeft
994,941,265,None,1598,265,MoveLeft
995,941,265,None,1591,265,MoveLeft
996,941,265,None,1584,265,MoveLeft
997,941,265,None,1577,265,MoveLeft
998,941,265,None,1570,265,MoveLeft
999,941,265,None,1563,265,MoveLeft
1000,941,265,None,1556,265,MoveLeft
1001,941,265,None,1549,265,MoveLeft
1002,941,265,None,1542,265,MoveLeft
1003,941,265,None,1535,265,MoveLeft
1004,941,265,None,1528,265,MoveLeft
1005,941,265,None,1521,265,MoveLeft
1006,941,265,None,1514,265,MoveLeft
1007,941,265,None,1507,265,MoveLeft
1066,948,265,MoveRight,1507,265,None
1067,955,265,MoveRight,1507,265,None
1068,962,265,MoveRight,1507,265,None
1069,969,265,MoveRight,1507,265,None
1070,976,265,MoveRight,1507,265,None
1071,983,265,MoveRight,1507,265,None
1072,990,265,MoveRight,1507,265,None
1073,997,265,MoveRight,1507,265,None
1074,1004,265,MoveRight,1507,265,None
1075,1011,265,MoveRight,1507,265,None
1076,1011,265,None,1507,265,SpikeLight
1076,1018,265,MoveRight,1507,265,None
1076,1018,265,None,1507,265,None
1077,1025,265,MoveRight,1507,265,None
1078,1032,265,MoveRight,1507,265,None
1079,1039,265,MoveRight,1507,265,None
1080,1046,265,MoveRight,1507,265,None
1081,1053,265,MoveRight,1507,265,None
1082,1060,265,MoveRight,1507,265,None
1083,1067,265,MoveRight,1507,265,None
1084,1074,265,MoveRight,1507,265,None
1085,1081,265,MoveRight,1507,265,None
1086,1088,265,MoveRight,1507,265,None
1087,1095,265,MoveRight,1507,265,None
1087,1095,265,None,1514,265,MoveRight
1088,1102,265,MoveRight,1514,265,None
1088,1102,265,None,1521,265,MoveRight
1089,1109,265,MoveRight,1521,265,None
1089,1109,265,None,1528,265,MoveRight
1090,1116,265,MoveRight,1528,265,None
1090,1116,265,None,1535,265,MoveRight
1091,1123,265,MoveRight,1535,265,None
1091,1123,265,None,1542,265,MoveRight
1092,1130,265,MoveRight,1542,265,None
1092,1130,265,None,1549,265,MoveRight
1093,1137,265,MoveRight,1549,265,None
1093,1137,265,None,1556,265,MoveRight
1094,1144,265,MoveRight,1556,265,None
1094,1144,265,None,1563,265,MoveRight
1095,1151,265,MoveRight,1563,265,None
1095,1151,265,None,1570,265,MoveRight
1096,1158,265,MoveRight,1570,265,None
1096,1158,265,None,1577,265,MoveRight
1097,1165,265,MoveRight,1577,265,None
1097,1165,265,None,1584,265,MoveRight
1098,1165,265,None,1584,265,None
1098,1165,265,None,1591,265,MoveRight
1099,1165,265,None,1591,265,None
1099,1165,265,None,1598,265,MoveRight
1100,1165,265,None,1598,265,None
1100,1165,265,None,1605,265,MoveRight
1101,1165,265,None,1605,265,None
1101,1165,265,None,1612,265,MoveRight
1102,1165,265,None,1612,265,None
1102,1165,265,None,1619,265,MoveRight
1103,1165,265,None,1619,265,None
1103,1165,265,None,1626,265,MoveRight
1104,1165,265,None,1626,265,None
1104,1165,265,None,1633,265,MoveRight
1105,1165,265,None,1633,265,None
1105,1165,265,None,1640,265,MoveRight
1106,1165,265,None,1640,265,None
1106,1165,265,None,1647,265,MoveRight
1107,1165,265,None,1647,265,None
1107,1165,265,None,1654,265,MoveRight
1108,1165,265,None,1654,265,None
1108,1165,265,None,1661,265,MoveRight
1109,1165,265,None,1661,265,None
1109,1165,265,None,1668,265,MoveRight
1110,1165,265,None,1668,265,None
1110,1165,265,None,1675,265,MoveRight
1111,1165,265,None,1675,265,None
1111,1165,265,None,1682,265,MoveRight
1112,1165,265,None,1682,265,None
1112,1165,265,None,1689,265,MoveRight
1113,1165,265,None,1689,265,None
1113,1165,265,None,1696,265,MoveRight
1114,1165,265,None,1696,265,None
1114,1165,265,None,1703,265,MoveRight
1115,1165,265,None,1703,265,None
1115,1165,265,None,1710,265,MoveRight
1116,1165,265,None,1710,265,None
1116,1165,265,None,1717,265,MoveRight
1117,1165,265,None,1717,265,None
1117,1165,265,None,1724,265,MoveRight
1118,1165,265,None,1724,265,None
1118,1165,265,None,1724,265,None
1119,1165,265,None,1724,265,None
1119,1165,265,None,1724,265,None
1120,1165,265,None,1724,265,None
1120,1165,265,None,1724,265,None
1121,1165,265,None,1724,265,None
1121,1165,265,None,1724,265,None
1122,1165,265,None,1724,265,None
1122,1165,265,None,1724,265,None
1123,1165,265,None,1724,265,None
1123,1165,265,None,1724,265,None
1124,1165,265,None,1724,265,None
1124,1165,265,None,1724,265,None
1125,1165,265,None,1724,265,None
1125,1165,265,None,1724,265,None
1126,1165,265,None,1724,265,None
1126,1165,265,None,1724,265,None
1127,1165,265,None,1724,265,None
1127,1165,265,None,1724,265,None
1128,1165,265,None,1724,265,None
1128,1165,265,None,1724,265,None
1129,1165,265,None,1724,265,None
1129,1165,265,None,1724,265,None
1130,1165,265,None,1724,265,None
1130,1165,265,None,1724,265,None
1131,1165,265,None,1724,265,None
1131,1165,265,None,1724,265,None
1132,1165,265,None,1724,265,None
1132,1165,265,None,1724,265,None
1133,1165,265,Bump,1724,265,None
1133,1165,265,None,1724,265,None
1133,1165,265,None,1724,265,None
1134,1165,265,None,1717,265,MoveLeft
1135,1165,265,None,1710,265,MoveLeft
1136,1165,265,None,1703,265,MoveLeft
1137,1165,265,None,1696,265,MoveLeft
1138,1165,265,None,1689,265,MoveLeft
1231,1165,265,None,1689,265,SpikeLight
1231,1165,265,None,1689,265,None
1242,1165,265,None,1696,265,MoveRight
1243,1165,265,None,1703,265,MoveRight
1244,1165,265,None,1710,265,MoveRight
1245,1158,265,MoveLeft,1710,265,None
1245,1158,265,None,1717,265,MoveRight
1246,1151,265,MoveLeft,1717,265,None
1246,1151,265,None,1724,265,MoveRight
1247,1144,265,MoveLeft,1724,265,None
1247,1144,265,None,1724,265,None
1248,1137,265,MoveLeft,1724,265,None
1248,1137,265,None,1724,265,None
1249,1130,265,MoveLeft,1724,265,None
1249,1130,265,None,1724,265,None
1250,1123,265,MoveLeft,1724,265,None
1250,1123,265,None,1724,265,None
1251,1116,265,MoveLeft,1724,265,None
1251,1116,265,None,1724,265,None
1252,1109,265,MoveLeft,1724,265,None
1252,1109,265,None,1724,265,None
1253,1109,265,None,1724,265,None
1254,1109,265,None,1724,265,None
1255,1109,265,None,1724,265,None
1256,1109,265,None,1724,265,None
1257,1109,265,None,1724,265,None
1258,1109,265,None,1724,265,None
1259,1109,265,None,1724,265,None
1260,1109,265,None,1724,265,None
1261,1109,265,None,1724,265,None
1262,1116,265,MoveRight,1724,265,None
1262,1116,265,None,1724,265,None
1263,1123,265,MoveRight,1724,265,None
1263,1123,265,None,1724,265,None
1264,1130,265,MoveRight,1724,265,None
1264,1130,265,None,1724,265,None
1265,1137,265,MoveRight,1724,265,None
1265,1137,265,None,1724,265,None
1266,1144,265,MoveRight,1724,265,None
1266,1144,265,None,1724,265,None
1267,1151,265,MoveRight,1724,265,None
1267,1151,265,None,1724,265,None
1268,1158,265,MoveRight,1724,265,None
1268,1158,265,None,1724,265,None
1269,1165,265,MoveRight,1724,265,None
1269,1165,265,None,1724,265,None
1270,1165,265,None,1724,265,None
1271,1165,265,None,1724,265,None
1272,1165,265,None,1724,265,None
1273,1165,265,None,1724,265,None
1274,1165,265,None,1724,265,None
1275,1165,265,None,1724,265,None
1276,1165,265,None,1724,265,None
1277,1165,265,None,1724,265,None
1278,1165,265,None,1724,265,None
1279,1165,265,None,1724,265,None
1280,1165,265,None,1724,265,None
1281,1165,265,None,1724,265,None
1282,1165,265,None,1724,265,None
1283,1165,265,None,1724,265,None
1284,1165,265,None,1724,265,None
1285,1165,265,None,1724,265,None
1286,1165,265,None,1724,265,None
1287,1165,265,None,1724,265,None
1288,1165,265,None,1724,265,None
1289,1165,265,None,1724,265,None
1290,1165,265,None,1724,265,None
1291,1165,265,None,1724,265,None
1292,1165,265,None,1724,265,None
1293,1165,265,None,1724,265,None
1294,1165,265,None,1724,265,None
1295,1165,265,None,1724,265,None
1296,1165,265,None,1724,265,None
1354,330,265,Serve,1670,265,None
1354,330,265,None,1670,265,None
1355,330,265,None,1677,265,MoveRight
1356,330,265,None,1684,265,MoveRight
1357,330,265,None,1691,265,MoveRight
1358,330,265,None,1698,265,MoveRight
1359,330,265,None,1705,265,MoveRight
1360,330,265,None,1712,265,MoveRight
1361,330,265,None,1719,265,MoveRight
1362,330,265,None,1726,265,MoveRight
1363,330,265,None,1733,265,MoveRight
1364,330,265,None,1740,265,MoveRight
1365,330,265,None,1747,265,MoveRight
1366,330,265,None,1754,265,MoveRight
1367,330,265,None,1761,265,MoveRight
1368,330,265,None,1768,265,MoveRight
1369,330,265,None,1775,265,MoveRight
1370,330,265,None,1782,265,MoveRight
1371,330,265,None,1789,265,MoveRight
1372,330,265,None,1796,265,MoveRight
1373,330,265,None,1803,265,MoveRight
1374,330,265,None,1810,265,MoveRight
1375,330,265,None,1817,265,MoveRight
1376,330,265,None,1824,265,MoveRight
1377,330,265,None,1831,265,MoveRight
1378,330,265,None,1838,265,MoveRight
1379,330,265,None,1845,265,MoveRight
1380,330,265,None,1852,265,MoveRight
1381,330,265,None,1859,265,MoveRight
1382,330,265,None,1866,265,MoveRight
1383,330,265,None,1873,265,MoveRight
1413,337,265,MoveRight,1873,265,None
1414,344,265,MoveRight,1873,265,None
1415,351,265,MoveRight,1873,265,None
1416,358,265,MoveRight,1873,265,None
1417,365,265,MoveRight,1873,265,None
1418,372,265,MoveRight,1873,265,None
1419,379,265,MoveRight,1873,265,None
1420,386,265,MoveRight,1873,265,None
1421,393,265,MoveRight,1873,265,None
1422,400,265,MoveRight,1873,265,None
1423,407,265,MoveRight,1873,265,None
1424,414,265,MoveRight,1873,265,None
1425,421,265,MoveRight,1873,265,None
1426,428,265,MoveRight,1873,265,None
1427,435,265,MoveRight,1873,265,None
1428,435,265,None,1873,265,SpikeMedium
1428,442,265,MoveRight,1873,265,None
1428,442,265,None,1873,265,None
1429,449,265,MoveRight,1873,265,None
1430,456,265,MoveRight,1873,265,None
1431,463,265,MoveRight,1873,265,None
1432,470,265,MoveRight,1873,265,None
1433,477,265,MoveRight,1873,265,None
1434,484,265,MoveRight,1873,265,None
1435,491,265,MoveRight,1873,265,None
1436,498,265,MoveRight,1873,265,None
1437,505,265,MoveRight,1873,265,None
1438,512,265,MoveRight,1873,265,None
1438,512,265,None,1866,265,MoveLeft
1439,519,265,MoveRight,1866,265,None
1439,519,265,None,1859,265,MoveLeft
1440,526,265,MoveRight,1859,265,None
1440,526,265,None,1852,265,MoveLeft
1441,533,265,MoveRight,1852,265,None
1441,533,265,None,1845,265,MoveLeft
1442,540,265,MoveRight,1845,265,None
1442,540,265,None,1838,265,MoveLeft
1443,547,265,MoveRight,1838,265,None
1443,547,265,None,1831,265,MoveLeft
1444,554,265,MoveRight,1831,265,None
1444,554,265,None,1824,265,MoveLeft
1445,561,265,MoveRight,1824,265,None
1445,561,265,None,1817,265,MoveLeft
1446,568,265,MoveRight,1817,265,None
1446,568,265,None,1810,265,MoveLeft
1447,575,265,MoveRight,1810,265,None
1447,575,265,None,1803,265,MoveLeft
1448,582,265,MoveRight,1803,265,None
1448,582,265,None,1796,265,MoveLeft
1449,582,265,None,1789,265,MoveLeft
1450,582,265,None,1782,265,MoveLeft
1451,582,265,None,1775,265,MoveLeft
1452,582,265,None,1768,265,MoveLeft
1453,582,265,None,1761,265,MoveLeft
1454,582,265,None,1754,265,MoveLeft
1455,582,265,None,1747,265,MoveLeft
1456,582,265,None,1740,265,MoveLeft
1457,582,265,None,1733,265,MoveLeft
1458,582,265,None,1733,265,None
1459,582,265,None,1733,265,None
1460,582,265,None,1733,265,None
1461,582,265,None,1733,265,None
1462,582,265,None,1733,265,None
1463,582,265,None,1733,265,None
1464,582,265,None,1733,265,None
1465,582,265,None,1733,265,None
1466,582,265,None,1733,265,None
1467,582,265,None,1733,265,None
1468,582,265,None,1733,265,None
1469,582,265,None,1733,265,None
1470,582,265,None,1733,265,None
1471,582,265,None,1733,265,None
1472,582,265,None,1733,265,None
1473,582,265,None,1733,265,None
1474,582,265,None,1733,265,None
1475,582,265,None,1733,265,None
1476,582,265,None,1733,265,None
1477,582,265,None,1733,265,None
1478,582,265,None,1733,265,None
1479,582,265,None,1733,265,None
1480,582,265,None,1733,265,None
1481,582,265,None,1733,265,None
1482,582,265,None,1733,265,None
1483,582,265,None,1733,265,None
1484,582,265,None,1733,265,None
1485,582,265,None,1733,265,None
1486,582,265,None,1733,265,None
1487,582,265,None,1733,265,None
1488,582,265,None,1733,265,None
1489,582,265,None,1733,265,None
1490,582,265,None,1733,265,None
1491,582,265,None,1733,265,None
1492,582,265,None,1733,265,None
1493,582,265,None,1733,265,None
1494,582,265,None,1733,265,None
1495,582,265,None,1733,265,None
1496,582,265,None,1733,265,None
1547,1150,265,None,2410,265,Serve
1547,1150,265,None,2410,265,None
1567,1150,265,None,2403,265,MoveLeft
1568,1150,265,None,2396,265,MoveLeft
1569,1150,265,None,2389,265,MoveLeft
1570,1150,265,None,2382,265,MoveLeft
1571,1150,265,None,2375,265,MoveLeft
1572,1143,265,MoveLeft,2375,265,None
1572,1143,265,None,2368,265,MoveLeft
1573,1136,265,MoveLeft,2368,265,None
1573,1136,265,None,2361,265,MoveLeft
1574,1129,265,MoveLeft,2361,265,None
1574,1129,265,None,2354,265,MoveLeft
1575,1122,265,MoveLeft,2354,265,None
1575,1122,265,None,2347,265,MoveLeft
1576,1115,265,MoveLeft,2347,265,None
1576,1115,265,None,2340,265,MoveLeft
1577,1108,265,MoveLeft,2340,265,None
1577,1108,265,None,2333,265,MoveLeft
1578,1101,265,MoveLeft,2333,265,None
1578,1101,265,None,2326,265,MoveLeft
1579,1094,265,MoveLeft,2326,265,None
1579,1094,265,None,2319,265,MoveLeft
1580,1087,265,MoveLeft,2319,265,None
1580,1087,265,None,2312,265,MoveLeft
1581,1080,265,MoveLeft,2312,265,None
1581,1080,265,None,2305,265,MoveLeft
1582,1073,265,MoveLeft,2305,265,None
1582,1073,265,None,2298,265,MoveLeft
1583,1066,265,MoveLeft,2298,265,None
1583,1066,265,None,2291,265,MoveLeft
1584,1059,265,MoveLeft,2291,265,None
1584,1059,265,None,2284,265,MoveLeft
1585,1052,265,MoveLeft,2284,265,None
1585,1052,265,None,2277,265,MoveLeft
1586,1045,265,MoveLeft,2277,265,None
1586,1045,265,None,2270,265,MoveLeft
1587,1038,265,MoveLeft,2270,265,None
1587,1038,265,None,2263,265,MoveLeft
1588,1031,265,MoveLeft,2263,265,None
1588,1031,265,None,2256,265,MoveLeft
1589,1024,265,MoveLeft,2256,265,None
1589,1024,265,None,2249,265,MoveLeft
1590,1017,265,MoveLeft,2249,265,None
1590,1017,265,None,2242,265,MoveLeft
1591,1010,265,MoveLeft,2242,265,None
1591,1010,265,None,2235,265,MoveLeft
1592,1003,265,MoveLeft,2235,265,None
1592,1003,265,None,2228,265,MoveLeft
1593,996,265,MoveLeft,2228,265,None
1593,996,265,None,2221,265,MoveLeft
1594,989,265,MoveLeft,2221,265,None
1594,989,265,None,2214,265,MoveLeft
1595,982,265,MoveLeft,2214,265,None
1595,982,265,None,2207,265,MoveLeft
1596,975,265,MoveLeft,2207,265,None
1596,975,265,None,2200,265,MoveLeft
1597,968,265,MoveLeft,2200,265,None
1597,968,265,None,2193,265,MoveLeft
1598,961,265,MoveLeft,2193,265,None
1598,961,265,None,2186,265,MoveLeft
1599,954,265,MoveLeft,2186,265,None
1599,954,265,None,2179,265,MoveLeft
1600,947,265,MoveLeft,2179,265,None
1600,947,265,None,2172,265,MoveLeft
1601,940,265,MoveLeft,2172,265,None
1601,940,265,None,2165,265,MoveLeft
1602,933,265,MoveLeft,2165,265,None
1602,933,265,None,2158,265,MoveLeft
1603,926,265,MoveLeft,2158,265,None
1603,926,265,None,2151,265,MoveLeft
1604,919,265,MoveLeft,2151,265,None
1604,919,265,None,2144,265,MoveLeft
1605,912,265,MoveLeft,2144,265,None
1605,912,265,None,2137,265,MoveLeft
1606,905,265,MoveLeft,2137,265,None
1606,905,265,None,2130,265,MoveLeft
1607,898,265,MoveLeft,2130,265,None
1607,898,265,None,2123,265,MoveLeft
1608,891,265,MoveLeft,2123,265,None
1608,891,265,None,2116,265,MoveLeft
1609,884,265,MoveLeft,2116,265,None
1609,884,265,None,2109,265,MoveLeft
1610,877,265,MoveLeft,2109,265,None
1610,877,265,None,2102,265,MoveLeft
1611,870,265,MoveLeft,2102,265,None
1611,870,265,None,2095,265,MoveLeft
1612,870,265,None,2095,265,None
1612,870,265,None,2088,265,MoveLeft
1613,870,265,None,2088,265,None
1613,870,265,None,2081,265,MoveLeft
1614,870,265,None,2081,265,None
1614,870,265,None,2074,265,MoveLeft
1615,870,265,None,2074,265,None
1615,870,265,None,2067,265,MoveLeft
1616,870,265,None,2067,265,None
1616,870,265,None,2060,265,MoveLeft
1617,870,265,None,2060,265,None
1617,870,265,None,2053,265,MoveLeft
1618,870,265,None,2053,265,None
1618,870,265,None,2046,265,MoveLeft
1619,870,265,Bump,2046,265,None
1619,870,265,None,2046,265,None
1619,870,265,None,2039,265,MoveLeft
1620,870,265,None,2032,265,MoveLeft
1621,870,265,None,2025,265,MoveLeft
1622,870,265,None,2018,265,MoveLeft
1623,870,265,None,2011,265,MoveLeft
1624,870,265,None,2004,265,MoveLeft
1625,870,265,None,1997,265,MoveLeft
1626,870,265,None,1990,265,MoveLeft
1627,870,265,None,1983,265,MoveLeft
1628,870,265,None,1976,265,MoveLeft
1629,870,265,None,1969,265,MoveLeft
1630,870,265,None,1962,265,MoveLeft
1631,870,265,None,1955,265,MoveLeft
1632,870,265,None,1948,265,MoveLeft
1633,870,265,None,1941,265,MoveLeft
1634,870,265,None,1934,265,MoveLeft
1635,870,265,None,1927,265,MoveLeft
1636,870,265,None,1920,265,MoveLeft
1637,870,265,None,1913,265,MoveLeft
1638,870,265,None,1906,265,MoveLeft
1639,877,265,MoveRight,1906,265,None
1639,877,265,None,1899,265,MoveLeft
1640,884,265,MoveRight,1899,265,None
1640,884,265,None,1892,265,MoveLeft
1641,891,265,MoveRight,1892,265,None
1641,891,265,None,1885,265,MoveLeft
1642,898,265,MoveRight,1885,265,None
1642,898,265,None,1878,265,MoveLeft
1643,905,265,MoveRight,1878,265,None
1643,905,265,None,1871,265,MoveLeft
1644,912,265,MoveRight,1871,265,None
1644,912,265,None,1864,265,MoveLeft
1645,919,265,MoveRight,1864,265,None
1645,919,265,None,1857,265,MoveLeft
1646,926,265,MoveRight,1857,265,None
1646,926,265,None,1850,265,MoveLeft
1647,926,265,None,1843,265,MoveLeft
1648,926,265,None,1836,265,MoveLeft
1649,926,265,None,1829,265,MoveLeft
1650,926,265,None,1822,265,MoveLeft
1651,926,265,None,1815,265,MoveLeft
1652,926,265,None,1808,265,MoveLeft
1653,926,265,None,1801,265,MoveLeft
1654,926,265,None,1794,265,MoveLeft
1655,926,265,None,1787,265,MoveLeft
1656,926,265,None,1780,265,MoveLeft
1657,926,265,None,1773,265,MoveLeft
1658,926,265,None,1766,265,MoveLeft
1659,926,265,None,1759,265,MoveLeft
1660,926,265,None,1752,265,MoveLeft
1661,926,265,None,1745,265,MoveLeft
1662,926,265,None,1738,265,MoveLeft
1663,926,265,None,1731,265,MoveLeft
1664,926,265,None,1724,265,MoveLeft
1665,926,265,None,1717,265,MoveLeft
1666,926,265,None,1710,265,MoveLeft
1667,926,265,None,1703,265,MoveLeft
1668,926,265,None,1696,265,MoveLeft
1669,926,265,None,1689,265,MoveLeft
1670,926,265,None,1682,265,MoveLeft
1671,926,265,None,1675,265,MoveLeft
1672,926,265,None,1668,265,MoveLeft
1673,926,265,None,1661,265,MoveLeft
1674,926,265,None,1654,265,MoveLeft
1675,926,265,None,1647,265,MoveLeft
1676,926,265,None,1640,265,MoveLeft
1677,926,265,None,1633,265,MoveLeft
1678,926,265,None,1626,265,MoveLeft
1679,926,265,None,1619,265,MoveLeft
1680,926,265,None,1612,265,MoveLeft
1681,926,265,None,1605,265,MoveLeft
1682,926,265,None,1598,265,MoveLeft
1683,926,265,None,1591,265,MoveLeft
1684,926,265,None,1584,265,MoveLeft
1685,926,265,None,1577,265,MoveLeft
1686,926,265,None,1570,265,MoveLeft
1687,926,265,None,1563,265,MoveLeft
1688,926,265,None,1556,265,MoveLeft
1689,926,265,None,1549,265,MoveLeft
1690,926,265,None,1542,265,MoveLeft
1691,926,265,None,1535,265,MoveLeft
1692,926,265,None,1528,265,MoveLeft
1693,926,265,None,1521,265,MoveLeft
1694,926,265,None,1514,265,MoveLeft
1695,926,265,None,1507,265,MoveLeft
1696,926,265,None,1500,265,MoveLeft
1697,926,265,None,1493,265,MoveLeft
1698,926,265,None,1486,265,MoveLeft
1699,926,265,None,1479,265,MoveLeft
1700,933,265,MoveRight,1479,265,None
1700,933,265,None,1472,265,MoveLeft
1701,940,265,MoveRight,1472,265,None
1701,940,265,None,1465,265,MoveLeft
1702,947,265,MoveRight,1465,265,None
1702,947,265,None,1458,265,MoveLeft
1703,954,265,MoveRight,1458,265,None
1703,954,265,None,1451,265,MoveLeft
1704,961,265,MoveRight,1451,265,None
1705,968,265,MoveRight,1451,265,None
1706,975,265,MoveRight,1451,265,None
1707,982,265,MoveRight,1451,265,None
1708,989,265,MoveRight,1451,265,None
1709,996,265,MoveRight,1451,265,None
1710,1003,265,MoveRight,1451,265,None
1711,1010,265,MoveRight,1451,265,None
1712,1017,265,MoveRight,1451,265,None
1713,1024,265,MoveRight,1451,265,None
1714,1031,265,MoveRight,1451,265,None
1715,1038,265,MoveRight,1451,265,None
1716,1045,265,MoveRight,1451,265,None
1717,1052,265,MoveRight,1451,265,None
1718,1059,265,MoveRight,1451,265,None
1719,1066,265,MoveRight,1451,265,None
1720,1073,265,MoveRight,1451,265,None
1721,1080,265,MoveRight,1451,265,None
1722,1080,265,None,1451,265,SpikeLight
1722,1087,265,MoveRight,1451,265,None
1722,1087,265,None,1451,265,None
1723,1094,265,MoveRight,1451,265,None
1724,1101,265,MoveRight,1451,265,None
1725,1108,265,MoveRight,1451,265,None
1726,1108,265,None,1451,265,None
1727,1108,265,None,1451,265,None
1728,1108,265,None,1451,265,None
1729,1108,265,None,1451,265,None
1730,1108,265,None,1451,265,None
1731,1108,265,None,1451,265,None
1732,1108,265,None,1451,265,None
1733,1108,265,None,1451,265,None
1733,1108,265,None,1458,265,MoveRight
1734,1108,265,None,1458,265,None
1734,1108,265,None,1465,265,MoveRight
1735,1108,265,None,1465,265,None
1735,1108,265,None,1472,265,MoveRight
1736,1108,265,None,1472,265,None
1736,1108,265,None,1479,265,MoveRight
1737,1108,265,None,1479,265,None
1737,1108,265,None,1486,265,MoveRight
1738,1108,265,None,1486,265,None
1738,1108,265,None,1493,265,MoveRight
1739,1108,265,None,1493,265,None
1739,1108,265,None,1500,265,MoveRight
1740,1108,265,None,1500,265,None
1740,1108,265,None,1507,265,MoveRight
1741,1108,265,None,1507,265,None
1741,1108,265,None,1514,265,MoveRight
1742,1108,265,None,1514,265,None
1742,1108,265,None,1521,265,MoveRight
1743,1108,265,None,1528,265,MoveRight
1744,1108,265,None,1535,265,MoveRight
1745,1108,265,None,1535,265,None
1745,1108,265,None,1542,265,MoveRight
1746,1108,265,None,1542,265,None
1746,1108,265,None,1549,265,MoveRight
1747,1108,265,None,1549,265,None
1747,1108,265,None,1556,265,MoveRight
1748,1108,265,None,1556,265,None
1748,1108,265,None,1563,265,MoveRight
1749,1108,265,None,1563,265,None
1749,1108,265,None,1570,265,MoveRight
1750,1108,265,None,1570,265,None
1750,1108,265,None,1577,265,MoveRight
1751,1108,265,None,1577,265,None
1751,1108,265,None,1584,265,MoveRight
1752,1108,265,None,1584,265,None
1752,1108,265,None,1591,265,MoveRight
1753,1108,265,None,1591,265,None
1753,1108,265,None,1598,265,MoveRight
1754,1108,265,None,1598,265,None
1754,1108,265,None,1605,265,MoveRight
1755,1108,265,None,1605,265,None
1755,1108,265,None,1612,265,MoveRight
1756,1108,265,None,1612,265,None
1756,1108,265,None,1619,265,MoveRight
1757,1108,265,None,1619,265,None
1757,1108,265,None,1626,265,MoveRight
1758,1108,265,None,1626,265,None
1758,1108,265,None,1633,265,MoveRight
1759,1108,265,None,1633,265,None
1759,1108,265,None,1640,265,MoveRight
1760,1108,265,None,1640,265,None
1760,1108,265,None,1647,265,MoveRight
1761,1108,265,None,1647,265,None
1761,1108,265,None,1654,265,MoveRight
1762,1108,265,None,1654,265,None
1762,1108,265,None,1661,265,MoveRight
1763,1108,265,None,1661,265,None
1763,1108,265,None,1668,265,MoveRight
1764,1108,265,None,1668,265,None
1764,1108,265,None,1675,265,MoveRight
1765,1108,265,None,1675,265,None
1765,1108,265,None,1682,265,MoveRight
1766,1108,265,None,1682,265,None
1766,1108,265,None,1689,265,MoveRight
1767,1108,265,None,1689,265,None
1767,1108,265,None,1696,265,MoveRight
1768,1108,265,None,1696,265,None
1768,1108,265,None,1703,265,MoveRight
1769,1108,265,None,1703,265,None
1769,1108,265,None,1710,265,MoveRight
1770,1108,265,None,1710,265,None
1770,1108,265,None,1717,265,MoveRight
1771,1108,265,None,1717,265,None
1771,1108,265,None,1724,265,MoveRight
1772,1108,265,None,1724,265,None
1772,1108,265,None,1724,265,None
1773,1108,265,None,1724,265,None
1773,1108,265,None,1724,265,None
1774,1108,265,None,1724,265,None
1774,1108,265,None,1724,265,None
1775,1108,265,None,1724,265,None
1775,1108,265,None,1724,265,None
1776,1108,265,None,1724,265,None
1776,1108,265,None,1724,265,None
1777,1108,265,None,1724,265,None
1777,1108,265,None,1724,265,None
1778,1108,265,None,1724,265,None
1778,1108,265,None,1724,265,None
1779,1108,265,Bump,1724,265,None
1779,1108,265,None,1724,265,None
1779,1108,265,None,1724,265,None
1780,1108,265,None,1717,265,MoveLeft
1781,1108,265,None,1710,265,MoveLeft
1782,1108,265,None,1703,265,MoveLeft
1783,1108,265,None,1696,265,MoveLeft
1784,1108,265,None,1689,265,MoveLeft
1785,1108,265,None,1682,265,MoveLeft
1786,1108,265,None,1675,265,MoveLeft
1787,1108,265,None,1668,265,MoveLeft
1788,1108,265,None,1661,265,MoveLeft
1789,1108,265,None,1654,265,MoveLeft
1790,1108,265,None,1647,265,MoveLeft
1791,1108,265,None,1640,265,MoveLeft
1792,1108,265,None,1633,265,MoveLeft
1874,1115,265,MoveRight,1633,265,None
1875,1122,265,MoveRight,1633,265,None
1876,1129,265,MoveRight,1633,265,None
1877,1129,265,None,1633,265,SpikeLight
1877,1136,265,MoveRight,1633,265,None
1877,1136,265,None,1633,265,None
1878,1143,265,MoveRight,1633,265,None
1879,1150,265,MoveRight,1633,265,None
1880,1157,265,MoveRight,1633,265,None
1881,1164,265,MoveRight,1633,265,None
1882,1171,265,MoveRight,1633,265,None
1883,1178,265,MoveRight,1633,265,None
1884,1185,265,MoveRight,1633,265,None
1885,1192,265,MoveRight,1633,265,None
1886,1199,265,MoveRight,1633,265,None
1887,1206,265,MoveRight,1633,265,None
1888,1213,265,MoveRight,1633,265,None
1888,1213,265,None,1640,265,MoveRight
1889,1220,265,MoveRight,1640,265,None
1889,1220,265,None,1647,265,MoveRight
1890,1227,265,MoveRight,1647,265,None
1890,1227,265,None,1654,265,MoveRight
1891,1234,265,MoveRight,1654,265,None
1891,1234,265,None,1661,265,MoveRight
1892,1241,265,MoveRight,1661,265,None
1892,1241,265,None,1668,265,MoveRight
1893,1248,265,MoveRight,1668,265,None
1893,1248,265,None,1675,265,MoveRight
1894,1255,265,MoveRight,1675,265,None
1894,1255,265,None,1682,265,MoveRight
1895,1262,265,MoveRight,1682,265,None
1895,1262,265,None,1689,265,MoveRight
1896,1269,265,MoveRight,1689,265,None
1896,1269,265,None,1696,265,MoveRight
1897,1276,265,MoveRight,1696,265,None
1897,1276,265,None,1703,265,MoveRight
1898,1283,265,MoveRight,1703,265,None
1898,1283,265,None,1710,265,MoveRight
1899,1290,265,MoveRight,1710,265,None
1899,1290,265,None,1717,265,MoveRight
1900,1290,265,None,1717,265,None
1900,1290,265,None,1724,265,MoveRight
1901,1290,265,None,1724,265,None
1901,1290,265,None,1724,265,None
1902,1290,265,None,1724,265,None
1902,1290,265,None,1724,265,None
1903,1290,265,None,1724,265,None
1903,1290,265,None,1724,265,None
1904,1290,265,None,1724,265,None
1904,1290,265,None,1724,265,None
1905,1290,265,None,1724,265,None
1905,1290,265,None,1724,265,None
1906,1290,265,None,1724,265,None
1906,1290,265,None,1724,265,None
1907,1290,265,None,1724,265,None
1908,1290,265,None,1724,265,None
1909,1290,265,None,1724,265,None
1910,1290,265,None,1724,265,None
1911,1290,265,None,1724,265,None
1912,1290,265,None,1724,265,None
1913,1290,265,None,1724,265,None
1914,1290,265,None,1724,265,None
1915,1290,265,None,1724,265,None
1916,1290,265,None,1724,265,None
1917,1290,265,None,1724,265,None
1918,1290,265,None,1724,265,None
1919,1290,265,None,1724,265,None
1920,1283,265,MoveLeft,1724,265,None
1920,1283,265,None,1724,265,None
1921,1276,265,MoveLeft,1724,265,None
1921,1276,265,None,1724,265,None
1922,1269,265,MoveLeft,1724,265,None
1922,1269,265,None,1724,265,None
1923,1269,265,None,1724,265,None
1924,1269,265,None,1724,265,None
1925,1269,265,None,1724,265,None
1926,1269,265,None,1724,265,None
1927,1269,265,None,1724,265,None
1928,1269,265,None,1724,265,None
1929,1269,265,None,1724,265,None
1930,1269,265,None,1724,265,None
1931,1269,265,None,1724,265,None
1932,1269,265,None,1724,265,None
1933,1269,265,None,1724,265,None
1934,1269,265,None,1724,265,None
1935,1269,265,None,1724,265,None
1936,1269,265,None,1724,265,None
1937,1269,265,None,1724,265,None
1938,1269,265,None,1724,265,None
1939,1269,265,None,1724,265,None
1940,1269,265,None,1724,265,None
1991,1150,265,None,2410,265,Serve
1991,1150,265,None,2410,265,None
2010,1150,265,None,2403,265,MoveLeft
2011,1150,265,None,2396,265,MoveLeft
2012,1150,265,None,2389,265,MoveLeft
2013,1150,265,None,2382,265,MoveLeft
2014,1150,265,None,2375,265,MoveLeft
2015,1150,265,None,2368,265,MoveLeft
2016,1150,265,None,2361,265,MoveLeft
2017,1150,265,None,2354,265,MoveLeft
2018,1150,265,None,2347,265,MoveLeft
2019,1150,265,None,2340,265,MoveLeft
2020,1150,265,None,2333,265,MoveLeft
2021,1150,265,None,2326,265,MoveLeft
2022,1150,265,None,2319,265,MoveLeft
2023,1150,265,None,2312,265,MoveLeft
2024,1150,265,None,2305,265,MoveLeft
2025,1150,265,None,2298,265,MoveLeft
2026,1150,265,None,2291,265,MoveLeft
2027,1150,265,None,2284,265,MoveLeft
2028,1150,265,None,2277,265,MoveLeft
2029,1150,265,None,2270,265,MoveLeft
2030,1150,265,None,2263,265,MoveLeft
2031,1150,265,None,2256,265,MoveLeft
2032,1150,265,None,2249,265,MoveLeft
2033,1150,265,None,2242,265,MoveLeft
2034,1150,265,None,2235,265,MoveLeft
2035,1150,265,None,2228,265,MoveLeft
2036,1150,265,None,2221,265,MoveLeft
2037,1150,265,None,2214,265,MoveLeft
2038,1150,265,None,2207,265,MoveLeft
2039,1150,265,None,2200,265,MoveLeft
2040,1150,265,None,2193,265,MoveLeft
2041,1150,265,None,2186,265,MoveLeft
2042,1143,265,MoveLeft,2186,265,None
2042,1143,265,None,2179,265,MoveLeft
2043,1136,265,MoveLeft,2179,265,None
2043,1136,265,None,2172,265,MoveLeft
2044,1129,265,MoveLeft,2172,265,None
2044,1129,265,None,2165,265,MoveLeft
2045,1122,265,MoveLeft,2165,265,None
2045,1122,265,None,2158,265,MoveLeft
2046,1115,265,MoveLeft,2158,265,None
2046,1115,265,None,2151,265,MoveLeft
2047,1108,265,MoveLeft,2151,265,None
2047,1108,265,None,2144,265,MoveLeft
2048,1101,265,MoveLeft,2144,265,None
2048,1101,265,None,2137,265,MoveLeft
2049,1094,265,MoveLeft,2137,265,None
2049,1094,265,None,2130,265,MoveLeft
2050,1087,265,MoveLeft,2130,265,None
2050,1087,265,None,2123,265,MoveLeft
2051,1080,265,MoveLeft,2123,265,None
2051,1080,265,None,2116,265,MoveLeft
2052,1073,265,MoveLeft,2116,265,None
2052,1073,265,None,2109,265,MoveLeft
2053,1066,265,MoveLeft,2109,265,None
2053,1066,265,None,2102,265,MoveLeft
2054,1059,265,MoveLeft,2102,265,None
2054,1059,265,None,2095,265,MoveLeft
2055,1052,265,MoveLeft,2095,265,None
2055,1052,265,None,2088,265,MoveLeft
2056,1045,265,MoveLeft,2088,265,None
2056,1045,265,None,2081,265,MoveLeft
2057,1038,265,MoveLeft,2081,265,None
2057,1038,265,None,2074,265,MoveLeft
2058,1031,265,MoveLeft,2074,265,None
2058,1031,265,None,2067,265,MoveLeft
2059,1024,265,MoveLeft,2067,265,None
2059,1024,265,None,2060,265,MoveLeft
2060,1017,265,MoveLeft,2060,265,None
2060,1017,265,None,2053,265,MoveLeft
2061,1017,265,Bump,2053,265,None
2061,1010,265,MoveLeft,2053,265,None
2061,1010,265,None,2046,265,MoveLeft
2062,1010,265,None,2039,265,MoveLeft
2063,1010,265,None,2032,265,MoveLeft
2064,1010,265,None,2025,265,MoveLeft
2065,1010,265,None,2018,265,MoveLeft
2066,1010,265,None,2011,265,MoveLeft
2067,1010,265,None,2004,265,MoveLeft
2068,1010,265,None,1997,265,MoveLeft
2069,1010,265,None,1990,265,MoveLeft
2070,1010,265,None,1983,265,MoveLeft
2071,1010,265,None,1976,265,MoveLeft
2072,1010,265,None,1969,265,MoveLeft
2073,1010,265,None,1962,265,MoveLeft
2074,1010,265,None,1955,265,MoveLeft
2075,1010,265,None,1948,265,MoveLeft
2076,1010,265,None,1941,265,MoveLeft
2077,1010,265,None,1934,265,MoveLeft
2078,1010,265,None,1927,265,MoveLeft
2079,1010,265,None,1920,265,MoveLeft
2080,1010,265,None,1913,265,MoveLeft
2081,1010,265,None,1906,265,MoveLeft
2082,1010,265,None,1899,265,MoveLeft
2083,1010,265,None,1892,265,MoveLeft
2084,1010,265,None,1885,265,MoveLeft
2085,1010,265,None,1878,265,MoveLeft
2086,1010,265,None,1871,265,MoveLeft
2087,1010,265,None,1864,265,MoveLeft
2088,1010,265,None,1857,265,MoveLeft
2089,1010,265,None,1850,265,MoveLeft
2090,1010,265,None,1843,265,MoveLeft
2091,1010,265,None,1836,265,MoveLeft
2092,1010,265,None,1829,265,MoveLeft
2093,1010,265,None,1822,265,MoveLeft
2094,1010,265,None,1815,265,MoveLeft
2095,1010,265,None,1808,265,MoveLeft
2096,1010,265,None,1801,265,MoveLeft
2097,1010,265,None,1794,265,MoveLeft
2098,1010,265,None,1787,265,MoveLeft
2099,1010,265,None,1780,265,MoveLeft
2100,1010,265,None,1773,265,MoveLeft
2101,1010,265,None,1766,265,MoveLeft
2102,1010,265,None,1759,265,MoveLeft
2103,1010,265,None,1752,265,MoveLeft
2104,1010,265,None,1745,265,MoveLeft
2105,1010,265,None,1738,265,MoveLeft
2106,1010,265,None,1731,265,MoveLeft
2107,1010,265,None,1724,265,MoveLeft
2108,1010,265,None,1717,265,MoveLeft
2109,1010,265,None,1710,265,MoveLeft
2110,1010,265,None,1703,265,MoveLeft
2111,1010,265,None,1696,265,MoveLeft
2112,1010,265,None,1689,265,MoveLeft
2113,1010,265,None,1682,265,MoveLeft
2114,1010,265,None,1675,265,MoveLeft
2115,1010,265,None,1668,265,MoveLeft
2116,1010,265,None,1661,265,MoveLeft
2117,1010,265,None,1654,265,MoveLeft
2118,1010,265,None,1647,265,MoveLeft
2119,1010,265,None,1640,265,MoveLeft
2120,1010,265,None,1633,265,MoveLeft
2121,1010,265,None,1626,265,MoveLeft
2122,1010,265,None,1619,265,MoveLeft
2123,1010,265,None,1612,265,MoveLeft
2124,1010,265,None,1605,265,MoveLeft
2125,1010,265,None,1598,265,MoveLeft
2126,1010,265,None,1591,265,MoveLeft
2127,1010,265,None,1584,265,MoveLeft
2128,1010,265,None,1577,265,MoveLeft
2129,1010,265,None,1570,265,MoveLeft
2130,1010,265,None,1563,265,MoveLeft
2131,1010,265,None,1556,265,MoveLeft
2132,1010,265,None,1549,265,MoveLeft
2133,1010,265,None,1542,265,MoveLeft
2134,1010,265,None,1535,265,MoveLeft
2135,1010,265,None,1528,265,MoveLeft
2136,1010,265,None,1521,265,MoveLeft
2137,1010,265,None,1514,265,MoveLeft
2138,1010,265,None,1507,265,MoveLeft
2139,1010,265,None,1500,265,MoveLeft
2140,1010,265,None,1493,265,MoveLeft
2141,1010,265,None,1486,265,MoveLeft
2142,1010,265,None,1479,265,MoveLeft
2160,1010,265,None,1479,265,SpikeLight
2160,1010,265,None,1479,265,None
2170,1010,265,None,1486,265,MoveRight
2171,1010,265,None,1493,265,MoveRight
2172,1010,265,None,1500,265,MoveRight
2173,1010,265,None,1507,265,MoveRight
2174,1010,265,None,1514,265,MoveRight
2175,1010,265,None,1521,265,MoveRight
2176,1010,265,None,1528,265,MoveRight
2177,1010,265,None,1535,265,MoveRight
2178,1010,265,None,1542,265,MoveRight
2179,1010,265,None,1549,265,MoveRight
2180,1010,265,None,1556,265,MoveRight
2181,1010,265,None,1563,265,MoveRight
2182,1010,265,None,1570,265,MoveRight
2183,1010,265,None,1577,265,MoveRight
2184,1010,265,None,1584,265,MoveRight
2185,1010,265,None,1591,265,MoveRight
2186,1010,265,None,1598,265,MoveRight
2187,1010,265,None,1605,265,MoveRight
2188,1010,265,None,1612,265,MoveRight
2189,1017,265,MoveRight,1612,265,None
2189,1017,265,None,1619,265,MoveRight
2190,1024,265,MoveRight,1619,265,None
2190,1024,265,None,1626,265,MoveRight
2191,1031,265,MoveRight,1626,265,None
2191,1031,265,None,1633,265,MoveRight
2192,1038,265,MoveRight,1633,265,None
2192,1038,265,None,1640,265,MoveRight
2193,1045,265,MoveRight,1640,265,None
2193,1045,265,None,1647,265,MoveRight
2194,1052,265,MoveRight,1647,265,None
2194,1052,265,None,1654,265,MoveRight
2195,1059,265,MoveRight,1654,265,None
2195,1059,265,None,1661,265,MoveRight
2196,1066,265,MoveRight,1661,265,None
2196,1066,265,None,1668,265,MoveRight
2197,1073,265,MoveRight,1668,265,None
2197,1073,265,None,1675,265,MoveRight
2198,1080,265,MoveRight,1675,265,None
2198,1080,265,None,1682,265,MoveRight
2199,1087,265,MoveRight,1682,265,None
2199,1087,265,None,1689,265,MoveRight
2200,1094,265,MoveRight,1689,265,None
2200,1094,265,None,1696,265,MoveRight
2201,1101,265,MoveRight,1696,265,None
2201,1101,265,None,1703,265,MoveRight
2202,1108,265,MoveRight,1703,265,None
2202,1108,265,None,1710,265,MoveRight
2203,1115,265,MoveRight,1710,265,None
2203,1115,265,None,1717,265,MoveRight
2204,1122,265,MoveRight,1717,265,None
2204,1122,265,None,1724,265,MoveRight
2205,1122,265,None,1724,265,None
2206,1122,265,None,1724,265,None
2207,1122,265,None,1724,265,None
2208,1122,265,None,1724,265,None
2209,1122,265,None,1724,265,None
2210,1122,265,None,1724,265,None
2211,1122,265,None,1724,265,None
2212,1122,265,None,1724,265,None
2213,1122,265,None,1724,265,None
2214,1122,265,None,1724,265,None
2215,1122,265,None,1724,265,None
2216,1122,265,None,1724,265,None
2217,1122,265,None,1724,265,None
2218,1122,265,None,1724,265,None
2219,1122,265,Bump,1724,265,None
2219,1129,265,MoveRight,1724,265,None
2219,1129,265,None,1724,265,None
2220,1129,265,None,1717,265,MoveLeft
2221,1129,265,None,1710,265,MoveLeft
2222,1129,265,None,1703,265,MoveLeft
2223,1129,265,None,1696,265,MoveLeft
2224,1129,265,None,1689,265,MoveLeft
2225,1129,265,None,1682,265,MoveLeft
2226,1129,265,None,1675,265,MoveLeft
2227,1129,265,None,1668,265,MoveLeft
2228,1129,265,None,1661,265,MoveLeft
2255,1122,265,MoveLeft,1661,265,None
2256,1115,265,MoveLeft,1661,265,None
2257,1108,265,MoveLeft,1661,265,None
2258,1101,265,MoveLeft,1661,265,None
2259,1094,265,MoveLeft,1661,265,None
2260,1087,265,MoveLeft,1661,265,None
2261,1080,265,MoveLeft,1661,265,None
2262,1073,265,MoveLeft,1661,265,None
2263,1066,265,MoveLeft,1661,265,None
2264,1059,265,MoveLeft,1661,265,None
2265,1052,265,MoveLeft,1661,265,None
2266,1045,265,MoveLeft,1661,265,None
2267,1038,265,MoveLeft,1661,265,None
2268,1031,265,MoveLeft,1661,265,None
2269,1024,265,MoveLeft,1661,265,None
2270,1017,265,MoveLeft,1661,265,None
2271,1010,265,MoveLeft,1661,265,None
2272,1003,265,MoveLeft,1661,265,None
2273,996,265,MoveLeft,1661,265,None
2274,989,265,MoveLeft,1661,265,None
2286,996,265,MoveRight,1661,265,None
2287,1003,265,MoveRight,1661,265,None
2288,1010,265,MoveRight,1661,265,None
2289,1017,265,MoveRight,1661,265,None
2290,1024,265,MoveRight,1661,265,None
2291,1031,265,MoveRight,1661,265,None
2292,1038,265,MoveRight,1661,265,None
2293,1045,265,MoveRight,1661,265,None
2321,1045,265,None,1661,265,SpikeMedium
2321,1045,265,None,1661,265,None
2331,1038,265,MoveLeft,1661,265,None
2332,1031,265,MoveLeft,1661,265,None
2332,1031,265,None,1668,265,MoveRight
2333,1024,265,MoveLeft,1668,265,None
2333,1024,265,None,1675,265,MoveRight
2334,1017,265,MoveLeft,1675,265,None
2334,1017,265,None,1682,265,MoveRight
2335,1010,265,MoveLeft,1682,265,None
2335,1010,265,None,1689,265,MoveRight
2336,1003,265,MoveLeft,1689,265,None
2336,1003,265,None,1696,265,MoveRight
2337,996,265,MoveLeft,1696,265,None
2337,996,265,None,1703,265,MoveRight
2338,989,265,MoveLeft,1703,265,None
2338,989,265,None,1710,265,MoveRight
2339,982,265,MoveLeft,1710,265,None
2339,982,265,None,1717,265,MoveRight
2340,975,265,MoveLeft,1717,265,None
2340,975,265,None,1724,265,MoveRight
2341,968,265,MoveLeft,1724,265,None
2341,968,265,None,1724,265,None
2342,961,265,MoveLeft,1724,265,None
2342,961,265,None,1724,265,None
2343,954,265,MoveLeft,1724,265,None
2343,954,265,None,1724,265,None
2344,947,265,MoveLeft,1724,265,None
2344,947,265,None,1724,265,None
2345,940,265,MoveLeft,1724,265,None
2345,940,265,None,1724,265,None
2346,933,265,MoveLeft,1724,265,None
2346,933,265,None,1724,265,None
2347,926,265,MoveLeft,1724,265,None
2347,926,265,None,1724,265,None
2348,919,265,MoveLeft,1724,265,None
2348,919,265,None,1724,265,None
2349,912,265,MoveLeft,1724,265,None
2349,912,265,None,1724,265,None
2350,905,265,MoveLeft,1724,265,None
2350,905,265,None,1724,265,None
2351,898,265,MoveLeft,1724,265,None
2351,898,265,None,1724,265,None
2352,891,265,MoveLeft,1724,265,None
2352,891,265,None,1724,265,None
2353,884,265,MoveLeft,1724,265,None
2353,884,265,None,1724,265,None
2354,877,265,MoveLeft,1724,265,None
2354,877,265,None,1724,265,None
2355,870,265,MoveLeft,1724,265,None
2355,870,265,None,1724,265,None
2356,863,265,MoveLeft,1724,265,None
2356,863,265,None,1724,265,None
2357,856,265,MoveLeft,1724,265,None
2357,856,265,None,1724,265,None
2358,849,265,MoveLeft,1724,265,None
2358,849,265,None,1724,265,None
2359,842,265,MoveLeft,1724,265,None
2359,842,265,None,1724,265,None
2360,835,265,MoveLeft,1724,265,None
2360,835,265,None,1724,265,None
2361,828,265,MoveLeft,1724,265,None
2361,828,265,None,1724,265,None
2362,821,265,MoveLeft,1724,265,None
2362,821,265,None,1724,265,None
2363,814,265,MoveLeft,1724,265,None
2363,814,265,None,1724,265,None
2364,807,265,MoveLeft,1724,265,None
2364,807,265,None,1724,265,None
2365,800,265,MoveLeft,1724,265,None
2365,800,265,None,1724,265,None
2366,793,265,MoveLeft,1724,265,None
2366,793,265,None,1724,265,None
2367,786,265,MoveLeft,1724,265,None
2367,786,265,None,1724,265,None
2368,779,265,MoveLeft,1724,265,None
2368,779,265,None,1724,265,None
2369,779,265,None,1724,265,None
2369,779,265,None,1724,265,None
2370,779,265,None,1724,265,None
2370,779,265,None,1724,265,None
2371,779,265,None,1724,265,None
2371,779,265,None,1724,265,None
2372,779,265,None,1724,265,None
2372,779,265,None,1724,265,None
2373,779,265,None,1724,265,None
2373,779,265,None,1724,265,None
2374,779,265,None,1724,265,None
2374,779,265,None,1724,265,None
2375,779,265,None,1724,265,None
2375,779,265,None,1724,265,None
2376,779,265,None,1724,265,None
2376,779,265,None,1724,265,None
2377,779,265,None,1724,265,None
2377,779,265,None,1724,265,None
2378,779,265,None,1724,265,None
2378,779,265,None,1724,265,None
2379,779,265,None,1724,265,None
2379,779,265,None,1724,265,None
2380,779,265,None,1724,265,None
2380,779,265,None,1724,265,None
2381,779,265,None,1724,265,None
2381,779,265,None,1724,265,None
2382,779,265,None,1724,265,None
2382,779,265,None,1724,265,None
2383,779,265,Bump,1724,265,None
2383,779,265,None,1724,265,None
2383,779,265,None,1724,265,None
2426,786,265,MoveRight,1724,265,None
2427,793,265,MoveRight,1724,265,None
2428,800,265,MoveRight,1724,265,None
2429,807,265,MoveRight,1724,265,None
2430,814,265,MoveRight,1724,265,None
2431,821,265,MoveRight,1724,265,None
2432,828,265,MoveRight,1724,265,None
2433,835,265,MoveRight,1724,265,None
2434,842,265,MoveRight,1724,265,None
2435,849,265,MoveRight,1724,265,None
2436,856,265,MoveRight,1724,265,None
2437,863,265,MoveRight,1724,265,None
2438,870,265,MoveRight,1724,265,None
2439,877,265,MoveRight,1724,265,None
2440,884,265,MoveRight,1724,265,None
2441,891,265,MoveRight,1724,265,None
2442,898,265,MoveRight,1724,265,None
2443,905,265,MoveRight,1724,265,None
2444,912,265,MoveRight,1724,265,None
2445,919,265,MoveRight,1724,265,None
2446,926,265,MoveRight,1724,265,None
2447,933,265,MoveRight,1724,265,None
2448,940,265,MoveRight,1724,265,None
2449,947,265,MoveRight,1724,265,None
2450,954,265,MoveRight,1724,265,None
2451,961,265,MoveRight,1724,265,None
2452,968,265,MoveRight,1724,265,None
2453,975,265,MoveRight,1724,265,None
2454,982,265,MoveRight,1724,265,None
2455,989,265,MoveRight,1724,265,None
2456,996,265,MoveRight,1724,265,None
2457,1003,265,MoveRight,1724,265,None
2458,1010,265,MoveRight,1724,265,None
2459,1017,265,MoveRight,1724,265,None
2460,1024,265,MoveRight,1724,265,None
2461,1031,265,MoveRight,1724,265,None
2462,1038,265,MoveRight,1724,265,None
2463,1045,265,MoveRight,1724,265,None
2464,1052,265,MoveRight,1724,265,None
2465,1059,265,MoveRight,1724,265,None
2466,1066,265,MoveRight,1724,265,None
2467,1073,265,MoveRight,1724,265,None
2468,1080,265,MoveRight,1724,265,None
2469,1087,265,MoveRight,1724,265,None
2470,1094,265,MoveRight,1724,265,None
2471,1101,265,MoveRight,1724,265,None
2472,1108,265,MoveRight,1724,265,None
2473,1115,265,MoveRight,1724,265,None
2474,1122,265,MoveRight,1724,265,None
2475,1129,265,MoveRight,1724,265,None
2476,1136,265,MoveRight,1724,265,None
2477,1143,265,MoveRight,1724,265,None
2478,1150,265,MoveRight,1724,265,None
2479,1157,265,MoveRight,1724,265,None
2480,1164,265,MoveRight,1724,265,None
2481,1171,265,MoveRight,1724,265,None
2482,1178,265,MoveRight,1724,265,None
2483,1185,265,MoveRight,1724,265,None
2484,1192,265,MoveRight,1724,265,None
2485,1199,265,MoveRight,1724,265,None
2486,1143,265,MoveLeft,2410,265,None
2487,1150,265,MoveRight,2410,265,None
2488,1157,265,MoveRight,2410,265,None
2489,1164,265,MoveRight,2410,265,None
2490,1171,265,MoveRight,2410,265,None
2491,1178,265,MoveRight,2410,265,None
2492,1185,265,MoveRight,2410,265,None
2493,1192,265,MoveRight,2410,265,None
2494,1199,265,MoveRight,2410,265,None
2495,1206,265,MoveRight,2410,265,None
2496,1213,265,MoveRight,2410,265,None
2497,1220,265,MoveRight,2410,265,None
2498,1227,265,MoveRight,2410,265,None
2499,1234,265,MoveRight,2410,265,None
2500,1234,265,Bump,2410,265,None
2500,1241,265,MoveRight,2410,265,None
2501,1241,265,Bump,2410,265,None
2501,1248,265,MoveRight,2410,265,None
2502,1248,265,Bump,2410,265,None
2502,1255,265,MoveRight,2410,265,None
2536,1255,265,None,2410,265,Serve
2536,1255,265,None,2410,265,None
2555,1255,265,None,2403,265,MoveLeft
2556,1255,265,None,2396,265,MoveLeft
2557,1255,265,None,2389,265,MoveLeft
2558,1248,265,MoveLeft,2389,265,None
2558,1248,265,None,2382,265,MoveLeft
2559,1241,265,MoveLeft,2382,265,None
2559,1241,265,None,2375,265,MoveLeft
2560,1234,265,MoveLeft,2375,265,None
2560,1234,265,None,2368,265,MoveLeft
2561,1227,265,MoveLeft,2368,265,None
2561,1227,265,None,2361,265,MoveLeft
2562,1220,265,MoveLeft,2361,265,None
2562,1220,265,None,2354,265,MoveLeft
2563,1213,265,MoveLeft,2354,265,None
2563,1213,265,None,2347,265,MoveLeft
2564,1206,265,MoveLeft,2347,265,None
2564,1206,265,None,2340,265,MoveLeft
2565,1199,265,MoveLeft,2340,265,None
2565,1199,265,None,2333,265,MoveLeft
2566,1192,265,MoveLeft,2333,265,None
2566,1192,265,None,2326,265,MoveLeft
2567,1185,265,MoveLeft,2326,265,None
2567,1185,265,None,2319,265,MoveLeft
2568,1178,265,MoveLeft,2319,265,None
2568,1178,265,None,2312,265,MoveLeft
2569,1171,265,MoveLeft,2312,265,None
2569,1171,265,None,2305,265,MoveLeft
2570,1164,265,MoveLeft,2305,265,None
2570,1164,265,None,2298,265,MoveLeft
2571,1157,265,MoveLeft,2298,265,None
2571,1157,265,None,2291,265,MoveLeft
2572,1150,265,MoveLeft,2291,265,None
2572,1150,265,None,2284,265,MoveLeft
2573,1143,265,MoveLeft,2284,265,None
2573,1143,265,None,2277,265,MoveLeft
2574,1136,265,MoveLeft,2277,265,None
2574,1136,265,None,2270,265,MoveLeft
2575,1129,265,MoveLeft,2270,265,None
2575,1129,265,None,2263,265,MoveLeft
2576,1122,265,MoveLeft,2263,265,None
2576,1122,265,None,2256,265,MoveLeft
2577,1115,265,MoveLeft,2256,265,None
2577,1115,265,None,2249,265,MoveLeft
2578,1108,265,MoveLeft,2249,265,None
2578,1108,265,None,2242,265,MoveLeft
2579,1101,265,MoveLeft,2242,265,None
2579,1101,265,None,2235,265,MoveLeft
2580,1094,265,MoveLeft,2235,265,None
2580,1094,265,None,2228,265,MoveLeft
2581,1087,265,MoveLeft,2228,265,None
2581,1087,265,None,2221,265,MoveLeft
2582,1080,265,MoveLeft,2221,265,None
2582,1080,265,None,2214,265,MoveLeft
2583,1073,265,MoveLeft,2214,265,None
2583,1073,265,None,2207,265,MoveLeft
2584,1066,265,MoveLeft,2207,265,None
2584,1066,265,None,2200,265,MoveLeft
2585,1059,265,MoveLeft,2200,265,None
2585,1059,265,None,2193,265,MoveLeft
2586,1052,265,MoveLeft,2193,265,None
2586,1052,265,None,2186,265,MoveLeft
2587,1045,265,MoveLeft,2186,265,None
2587,1045,265,None,2179,265,MoveLeft
2588,1038,265,MoveLeft,2179,265,None
2588,1038,265,None,2172,265,MoveLeft
2589,1031,265,MoveLeft,2172,265,None
2589,1031,265,None,2165,265,MoveLeft
2590,1024,265,MoveLeft,2165,265,None
2590,1024,265,None,2158,265,MoveLeft
2591,1017,265,MoveLeft,2158,265,None
2591,1017,265,None,2151,265,MoveLeft
2592,1010,265,MoveLeft,2151,265,None
2592,1010,265,None,2144,265,MoveLeft
2593,1003,265,MoveLeft,2144,265,None
2593,1003,265,None,2137,265,MoveLeft
2594,996,265,MoveLeft,2137,265,None
2594,996,265,None,2130,265,MoveLeft
2595,989,265,MoveLeft,2130,265,None
2595,989,265,None,2123,265,MoveLeft
2596,982,265,MoveLeft,2123,265,None
2596,982,265,None,2116,265,MoveLeft
2597,975,265,MoveLeft,2116,265,None
2597,975,265,None,2109,265,MoveLeft
2598,968,265,MoveLeft,2109,265,None
2598,968,265,None,2102,265,MoveLeft
2599,961,265,MoveLeft,2102,265,None
2599,961,265,None,2095,265,MoveLeft
2600,954,265,MoveLeft,2095,265,None
2600,954,265,None,2088,265,MoveLeft
2601,947,265,MoveLeft,2088,265,None
2601,947,265,None,2081,265,MoveLeft
2602,947,265,None,2074,265,MoveLeft
2603,947,265,None,2067,265,MoveLeft
2604,947,265,None,2060,265,MoveLeft
2605,947,265,None,2053,265,MoveLeft
2606,947,265,None,2046,265,MoveLeft
2607,947,265,None,2039,265,MoveLeft
2608,947,265,None,2032,265,MoveLeft
2609,947,265,None,2025,265,MoveLeft
2610,947,265,None,2018,265,MoveLeft
2611,947,265,Bump,2018,265,None
2611,940,265,MoveLeft,2018,265,None
2611,940,265,None,2011,265,MoveLeft
2612,940,265,None,2004,265,MoveLeft
2613,940,265,None,1997,265,MoveLeft
2614,940,265,None,1990,265,MoveLeft
2615,940,265,None,1983,265,MoveLeft
2616,940,265,None,1976,265,MoveLeft
2617,940,265,None,1969,265,MoveLeft
2618,940,265,None,1962,265,MoveLeft
2619,940,265,None,1955,265,MoveLeft
2620,940,265,None,1948,265,MoveLeft
2621,940,265,None,1941,265,MoveLeft
2622,940,265,None,1934,265,MoveLeft
2623,940,265,None,1927,265,MoveLeft
2624,940,265,None,1920,265,MoveLeft
2625,940,265,None,1913,265,MoveLeft
2626,940,265,None,1906,265,MoveLeft
2627,940,265,None,1899,265,MoveLeft
2628,940,265,None,1892,265,MoveLeft
2629,940,265,None,1885,265,MoveLeft
2630,940,265,None,1878,265,MoveLeft
2631,940,265,None,1871,265,MoveLeft
2632,940,265,None,1864,265,MoveLeft
2633,940,265,None,1857,265,MoveLeft
2634,940,265,None,1850,265,MoveLeft
2635,940,265,None,1843,265,MoveLeft
2636,940,265,None,1836,265,MoveLeft
2637,940,265,None,1829,265,MoveLeft
2638,940,265,None,1822,265,MoveLeft
2639,940,265,None,1815,265,MoveLeft
2640,940,265,None,1808,265,MoveLeft
2641,940,265,None,1801,265,MoveLeft
2642,940,265,None,1794,265,MoveLeft
2643,940,265,None,1787,265,MoveLeft
2644,940,265,None,1780,265,MoveLeft
2645,940,265,None,1773,265,MoveLeft
2646,940,265,None,1766,265,MoveLeft
2647,940,265,None,1759,265,MoveLeft
2648,940,265,None,1752,265,MoveLeft
2649,940,265,None,1745,265,MoveLeft
2650,940,265,None,1738,265,MoveLeft
2651,940,265,None,1731,265,MoveLeft
2709,940,265,None,1724,265,MoveLeft
2710,940,265,None,1717,265,MoveLeft
2711,940,265,None,1710,265,MoveLeft
2712,940,265,None,1703,265,MoveLeft
2755,947,265,MoveRight,1703,265,None
2756,954,265,MoveRight,1703,265,None
2757,961,265,MoveRight,1703,265,None
2758,968,265,MoveRight,1703,265,None
2759,975,265,MoveRight,1703,265,None
2760,982,265,MoveRight,1703,265,None
2761,989,265,MoveRight,1703,265,None
2778,989,265,None,1703,265,SpikeMedium
2778,989,265,None,1703,265,None
2788,989,265,None,1710,265,MoveRight
2789,989,265,None,1717,265,MoveRight
2790,989,265,None,1724,265,MoveRight
2791,989,265,None,1724,265,None
2792,989,265,None,1724,265,None
2793,989,265,None,1724,265,None
2794,989,265,None,1724,265,None
2795,989,265,None,1724,265,None
2796,989,265,None,1724,265,None
2797,989,265,None,1724,265,None
2798,989,265,None,1724,265,None
2799,989,265,None,1724,265,None
2800,989,265,None,1724,265,None
2801,989,265,None,1724,265,None
2802,989,265,None,1724,265,None
2803,982,265,MoveLeft,1724,265,None
2803,982,265,None,1724,265,None
2804,975,265,MoveLeft,1724,265,None
2804,975,265,None,1724,265,None
2805,968,265,MoveLeft,1724,265,None
2805,968,265,None,1724,265,None
2806,961,265,MoveLeft,1724,265,None
2806,961,265,None,1724,265,None
2807,954,265,MoveLeft,1724,265,None
2807,954,265,None,1724,265,None
2808,947,265,MoveLeft,1724,265,None
2808,947,265,None,1724,265,None
2809,940,265,MoveLeft,1724,265,None
2809,940,265,None,1724,265,None
2810,933,265,MoveLeft,1724,265,None
2810,933,265,None,1724,265,None
2811,926,265,MoveLeft,1724,265,None
2811,926,265,None,1724,265,None
2812,919,265,MoveLeft,1724,265,None
2812,919,265,None,1724,265,None
2813,912,265,MoveLeft,1724,265,None
2813,912,265,None,1724,265,None
2814,905,265,MoveLeft,1724,265,None
2814,905,265,None,1724,265,None
2815,898,265,MoveLeft,1724,265,None
2815,898,265,None,1724,265,None
2816,891,265,MoveLeft,1724,265,None
2816,891,265,None,1724,265,None
2817,884,265,MoveLeft,1724,265,None
2817,884,265,None,1724,265,None
2818,877,265,MoveLeft,1724,265,None
2818,877,265,None,1724,265,None
2819,870,265,MoveLeft,1724,265,None
2819,870,265,None,1724,265,None
2820,863,265,MoveLeft,1724,265,None
2820,863,265,None,1724,265,None
2821,856,265,MoveLeft,1724,265,None
2821,856,265,None,1724,265,None
2822,849,265,MoveLeft,1724,265,None
2822,849,265,None,1724,265,None
2823,842,265,MoveLeft,1724,265,None
2823,842,265,None,1724,265,None
2824,835,265,MoveLeft,1724,265,None
2824,835,265,None,1724,265,None
2825,828,265,MoveLeft,1724,265,None
2825,828,265,None,1724,265,None
2826,821,265,MoveLeft,1724,265,None
2826,821,265,None,1724,265,None
2827,814,265,MoveLeft,1724,265,None
2827,814,265,None,1724,265,None
2828,814,265,None,1724,265,None
2828,814,265,None,1724,265,None
2829,814,265,None,1724,265,None
2829,814,265,None,1724,265,None
2830,814,265,None,1724,265,None
2830,814,265,None,1724,265,None
2831,814,265,None,1724,265,None
2831,814,265,None,1724,265,None
2832,814,265,None,1724,265,None
2832,814,265,None,1724,265,None
2833,814,265,None,1724,265,None
2833,814,265,None,1724,265,None
2834,814,265,None,1724,265,None
2834,814,265,None,1724,265,None
2835,814,265,None,1724,265,None
2835,814,265,None,1724,265,None
2836,814,265,None,1724,265,None
2836,814,265,None,1724,265,None
2837,814,265,None,1724,265,None
2837,814,265,None,1724,265,None
2838,814,265,None,1724,265,None
2838,814,265,None,1724,265,None
2839,814,265,None,1724,265,None
2839,814,265,None,1724,265,None
2840,814,265,Bump,1724,265,None
2840,814,265,None,1724,265,None
2840,814,265,None,1724,265,None
2875,821,265,MoveRight,1724,265,None
2876,828,265,MoveRight,1724,265,None
2877,835,265,MoveRight,1724,265,None
2878,842,265,MoveRight,1724,265,None
2879,849,265,MoveRight,1724,265,None
2880,856,265,MoveRight,1724,265,None
2881,863,265,MoveRight,1724,265,None
2882,870,265,MoveRight,1724,265,None
2883,877,265,MoveRight,1724,265,None
2884,884,265,MoveRight,1724,265,None
2885,891,265,MoveRight,1724,265,None
2886,898,265,MoveRight,1724,265,None
2887,905,265,MoveRight,1724,265,None
2888,912,265,MoveRight,1724,265,None
2889,919,265,MoveRight,1724,265,None
2890,926,265,MoveRight,1724,265,None
2891,933,265,MoveRight,1724,265,None
2892,940,265,MoveRight,1724,265,None
2893,947,265,MoveRight,1724,265,None
2894,954,265,MoveRight,1724,265,None
2895,961,265,MoveRight,1724,265,None
2896,968,265,MoveRight,1724,265,None
2897,975,265,MoveRight,1724,265,None
2898,982,265,MoveRight,1724,265,None
2899,989,265,MoveRight,1724,265,None
2900,996,265,MoveRight,1724,265,None
2901,1003,265,MoveRight,1724,265,None
2902,1010,265,MoveRight,1724,265,None
2903,1017,265,MoveRight,1724,265,None
2904,1024,265,MoveRight,1724,265,None
2905,1031,265,MoveRight,1724,265,None
2906,1038,265,MoveRight,1724,265,None
2907,1045,265,MoveRight,1724,265,None
2908,1052,265,MoveRight,1724,265,None
2909,1059,265,MoveRight,1724,265,None
2910,1066,265,MoveRight,1724,265,None
2911,1073,265,MoveRight,1724,265,None
2912,1080,265,MoveRight,1724,265,None
2913,1087,265,MoveRight,1724,265,None
2914,1094,265,MoveRight,1724,265,None
2915,1101,265,MoveRight,1724,265,None
2916,1108,265,MoveRight,1724,265,None
2917,1115,265,MoveRight,1724,265,None
2918,1122,265,MoveRight,1724,265,None
2919,1129,265,MoveRight,1724,265,None
2920,1136,265,MoveRight,1724,265,None
2921,1143,265,MoveRight,1724,265,None
2922,1150,265,MoveRight,1724,265,None
2923,1157,265,MoveRight,1724,265,None
2924,1164,265,MoveRight,1724,265,None
2925,1171,265,MoveRight,1724,265,None
2926,1178,265,MoveRight,1724,265,None
2930,1185,265,MoveRight,1724,265,None
2931,1192,265,MoveRight,1724,265,None
2932,1199,265,MoveRight,1724,265,None
2933,1206,265,MoveRight,1724,265,None
2934,1213,265,MoveRight,1724,265,None
2935,1220,265,MoveRight,1724,265,None
2936,1227,265,MoveRight,1724,265,None
2937,1234,265,MoveRight,1724,265,None
2938,1241,265,MoveRight,1724,265,None
2939,1241,265,Bump,1724,265,None
2939,1248,265,MoveRight,1724,265,None
2968,1241,265,MoveLeft,1724,265,None
2969,1234,265,MoveLeft,1724,265,None
2970,1227,265,MoveLeft,1724,265,None
2971,1220,265,MoveLeft,1724,265,None
2972,1213,265,MoveLeft,1724,265,None
2973,1206,265,MoveLeft,1724,265,None
2974,1199,265,MoveLeft,1724,265,None
2975,1192,265,MoveLeft,1724,265,None
2976,1185,265,MoveLeft,1724,265,None
2977,1178,265,MoveLeft,1724,265,None
2978,1171,265,MoveLeft,1724,265,None
2979,1164,265,MoveLeft,1724,265,None
2980,1157,265,MoveLeft,1724,265,None
2981,1150,265,MoveLeft,1724,265,None
2982,1143,265,MoveLeft,1724,265,None
2983,1136,265,MoveLeft,1724,265,None
2984,1129,265,MoveLeft,1724,265,None
2985,1122,265,MoveLeft,1724,265,None
2986,1115,265,MoveLeft,1724,265,None
2991,1115,265,Bump,1724,265,None
2991,1108,265,MoveLeft,1724,265,None
2992,1108,265,None,1717,265,MoveLeft
2993,1108,265,None,1710,265,MoveLeft
2994,1108,265,None,1703,265,MoveLeft
2995,1108,265,None,1696,265,MoveLeft
2996,1108,265,None,1689,265,MoveLeft
2997,1108,265,None,1682,265,MoveLeft
2998,1108,265,None,1675,265,MoveLeft
2999,1108,265,None,1668,265,MoveLeft
3000,1108,265,None,1661,265,MoveLeft
3001,1108,265,None,1654,265,MoveLeft
3002,1108,265,None,1647,265,MoveLeft
3003,1108,265,None,1640,265,MoveLeft
3004,1108,265,None,1633,265,MoveLeft
3005,1108,265,None,1626,265,MoveLeft
3052,1115,265,MoveRight,1626,265,None
3053,1122,265,MoveRight,1626,265,None
3054,1129,265,MoveRight,1626,265,None
3055,1136,265,MoveRight,1626,265,None
3056,1143,265,MoveRight,1626,265,None
3057,1150,265,MoveRight,1626,265,None
3058,1157,265,MoveRight,1626,265,None
3059,1164,265,MoveRight,1626,265,None
3060,1171,265,MoveRight,1626,265,None
3061,1178,265,MoveRight,1626,265,None
3062,1185,265,MoveRight,1626,265,None
3063,1192,265,MoveRight,1626,265,None
3064,1199,265,MoveRight,1626,265,None
3065,1206,265,MoveRight,1626,265,None
3066,1213,265,MoveRight,1626,265,None
3067,1220,265,MoveRight,1626,265,None
3068,1227,265,MoveRight,1626,265,None
3069,1234,265,MoveRight,1626,265,None
3070,1241,265,MoveRight,1626,265,None
3071,1248,265,MoveRight,1626,265,None
3072,1255,265,MoveRight,1626,265,None
3073,1262,265,MoveRight,1626,265,None
3074,1269,265,MoveRight,1626,265,None
3075,1276,265,MoveRight,1626,265,None
3076,1283,265,MoveRight,1626,265,None
3077,1290,265,MoveRight,1626,265,None
3078,1297,265,MoveRight,1626,265,None
3079,1304,265,MoveRight,1626,265,None
3080,1311,265,MoveRight,1626,265,None
3081,1318,265,MoveRight,1626,265,None
3082,1325,265,MoveRight,1626,265,None
3094,1326,265,None,1626,265,SpikeMedium
3094,1326,265,None,1626,265,None
3095,1319,265,MoveLeft,1626,265,None
3096,1312,265,MoveLeft,1626,265,None
3097,1305,265,MoveLeft,1626,265,None
3098,1298,265,MoveLeft,1626,265,None
3099,1291,265,MoveLeft,1626,265,None
3100,1284,265,MoveLeft,1626,265,None
3101,1277,265,MoveLeft,1626,265,None
3102,1270,265,MoveLeft,1626,265,None
3103,1263,265,MoveLeft,1626,265,None
3104,1256,265,MoveLeft,1626,265,None
3105,1249,265,MoveLeft,1626,265,None
3105,1249,265,None,1633,265,MoveRight
3106,1242,265,MoveLeft,1633,265,None
3106,1242,265,None,1640,265,MoveRight
3107,1235,265,MoveLeft,1640,265,None
3107,1235,265,None,1647,265,MoveRight
3108,1228,265,MoveLeft,1647,265,None
3108,1228,265,None,1654,265,MoveRight
3109,1221,265,MoveLeft,1654,265,None
3109,1221,265,None,1661,265,MoveRight
3110,1214,265,MoveLeft,1661,265,None
3110,1214,265,None,1668,265,MoveRight
3111,1207,265,MoveLeft,1668,265,None
3111,1207,265,None,1675,265,MoveRight
3112,1200,265,MoveLeft,1675,265,None
3112,1200,265,None,1682,265,MoveRight
3113,1193,265,MoveLeft,1682,265,None
3113,1193,265,None,1689,265,MoveRight
3114,1186,265,MoveLeft,1689,265,None
3114,1186,265,None,1696,265,MoveRight
3115,1179,265,MoveLeft,1696,265,None
3115,1179,265,None,1703,265,MoveRight
3116,1172,265,MoveLeft,1703,265,None
3116,1172,265,None,1710,265,MoveRight
3117,1165,265,MoveLeft,1710,265,None
3117,1165,265,None,1717,265,MoveRight
3118,1158,265,MoveLeft,1717,265,None
3118,1158,265,None,1724,265,MoveRight
3119,1151,265,MoveLeft,1724,265,None
3119,1151,265,None,1724,265,None
3120,1144,265,MoveLeft,1724,265,None
3120,1144,265,None,1724,265,None
3121,1137,265,MoveLeft,1724,265,None
3121,1137,265,None,1724,265,None
3122,1130,265,MoveLeft,1724,265,None
3122,1130,265,None,1724,265,None
3123,1123,265,MoveLeft,1724,265,None
3123,1123,265,None,1724,265,None
3124,1116,265,MoveLeft,1724,265,None
3124,1116,265,None,1724,265,None
3125,1109,265,MoveLeft,1724,265,None
3125,1109,265,None,1724,265,None
3126,1102,265,MoveLeft,1724,265,None
3126,1102,265,None,1724,265,None
3127,1095,265,MoveLeft,1724,265,None
3127,1095,265,None,1724,265,None
3128,1088,265,MoveLeft,1724,265,None
3128,1088,265,None,1724,265,None
3129,1081,265,MoveLeft,1724,265,None
3129,1081,265,None,1724,265,None
3130,1074,265,MoveLeft,1724,265,None
3130,1074,265,None,1724,265,None
3131,1067,265,MoveLeft,1724,265,None
3131,1067,265,None,1724,265,None
3132,1060,265,MoveLeft,1724,265,None
3132,1060,265,None,1724,265,None
3133,1053,265,MoveLeft,1724,265,None
3133,1053,265,None,1724,265,None
3134,1046,265,MoveLeft,1724,265,None
3134,1046,265,None,1724,265,None
3135,1039,265,MoveLeft,1724,265,None
3135,1039,265,None,1724,265,None
3136,1032,265,MoveLeft,1724,265,None
3136,1032,265,None,1724,265,None
3137,1025,265,MoveLeft,1724,265,None
3137,1025,265,None,1724,265,None
3138,1018,265,MoveLeft,1724,265,None
3138,1018,265,None,1724,265,None
3139,1011,265,MoveLeft,1724,265,None
3139,1011,265,None,1724,265,None
3140,1004,265,MoveLeft,1724,265,None
3140,1004,265,None,1724,265,None
3141,997,265,MoveLeft,1724,265,None
3141,997,265,None,1724,265,None
3142,990,265,MoveLeft,1724,265,None
3142,990,265,None,1724,265,None
3143,983,265,MoveLeft,1724,265,None
3143,983,265,None,1724,265,None
3144,976,265,MoveLeft,1724,265,None
3144,976,265,None,1724,265,None
3145,969,265,MoveLeft,1724,265,None
3145,969,265,None,1724,265,None
3146,962,265,MoveLeft,1724,265,None
3146,962,265,None,1724,265,None
3147,955,265,MoveLeft,1724,265,None
3147,955,265,None,1724,265,None
3148,948,265,MoveLeft,1724,265,None
3148,948,265,None,1724,265,None
3149,941,265,MoveLeft,1724,265,None
3149,941,265,None,1724,265,None
3150,934,265,MoveLeft,1724,265,None
3150,934,265,None,1724,265,None
3151,927,265,MoveLeft,1724,265,None
3151,927,265,None,1724,265,None
3152,920,265,MoveLeft,1724,265,None
3152,920,265,None,1724,265,None
3153,913,265,MoveLeft,1724,265,None
3153,913,265,None,1724,265,None
3154,906,265,MoveLeft,1724,265,None
3154,906,265,None,1724,265,None
3155,899,265,MoveLeft,1724,265,None
3155,899,265,None,1724,265,None
3156,892,265,MoveLeft,1724,265,None
3156,892,265,None,1724,265,None
3157,885,265,MoveLeft,1724,265,None
3157,885,265,None,1724,265,None
3158,878,265,MoveLeft,1724,265,None
3158,878,265,None,1724,265,None
3159,871,265,MoveLeft,1724,265,None
3159,871,265,None,1724,265,None
3160,864,265,MoveLeft,1724,265,None
3160,864,265,None,1724,265,None
3161,857,265,MoveLeft,1724,265,None
3161,857,265,None,1724,265,None
3162,850,265,MoveLeft,1724,265,None
3162,850,265,None,1724,265,None
3163,1143,265,MoveLeft,2410,265,None
3164,1136,265,MoveLeft,2410,265,None
3165,1129,265,MoveLeft,2410,265,None
3166,1122,265,MoveLeft,2410,265,None
3167,1115,265,MoveLeft,2410,265,None
3168,1108,265,MoveLeft,2410,265,None
3169,1101,265,MoveLeft,2410,265,None
3170,1094,265,MoveLeft,2410,265,None
3171,1087,265,MoveLeft,2410,265,None
3172,1080,265,MoveLeft,2410,265,None
3173,1073,265,MoveLeft,2410,265,None
3174,1066,265,MoveLeft,2410,265,None
3175,1059,265,MoveLeft,2410,265,None
3176,1052,265,MoveLeft,2410,265,None
3213,1052,265,None,2410,265,Serve
3213,1052,265,None,2410,265,None
3232,1052,265,None,2403,265,MoveLeft
3233,1052,265,None,2396,265,MoveLeft
3234,1052,265,None,2389,265,MoveLeft
3235,1052,265,None,2382,265,MoveLeft
3236,1052,265,None,2375,265,MoveLeft
3237,1052,265,None,2368,265,MoveLeft
3238,1052,265,None,2361,265,MoveLeft
3239,1052,265,None,2354,265,MoveLeft
3240,1052,265,None,2347,265,MoveLeft
3241,1045,265,MoveLeft,2347,265,None
3241,1045,265,None,2340,265,MoveLeft
3242,1038,265,MoveLeft,2340,265,None
3242,1038,265,None,2333,265,MoveLeft
3243,1031,265,MoveLeft,2333,265,None
3243,1031,265,None,2326,265,MoveLeft
3244,1024,265,MoveLeft,2326,265,None
3244,1024,265,None,2319,265,MoveLeft
3245,1017,265,MoveLeft,2319,265,None
3245,1017,265,None,2312,265,MoveLeft
3246,1010,265,MoveLeft,2312,265,None
3246,1010,265,None,2305,265,MoveLeft
3247,1003,265,MoveLeft,2305,265,None
3247,1003,265,None,2298,265,MoveLeft
3248,996,265,MoveLeft,2298,265,None
3248,996,265,None,2291,265,MoveLeft
3249,989,265,MoveLeft,2291,265,None
3249,989,265,None,2284,265,MoveLeft
3250,982,265,MoveLeft,2284,265,None
3250,982,265,None,2277,265,MoveLeft
3251,975,265,MoveLeft,2277,265,None
3251,975,265,None,2270,265,MoveLeft
3252,968,265,MoveLeft,2270,265,None
3252,968,265,None,2263,265,MoveLeft
3253,961,265,MoveLeft,2263,265,None
3253,961,265,None,2256,265,MoveLeft
3254,954,265,MoveLeft,2256,265,None
3254,954,265,None,2249,265,MoveLeft
3255,947,265,MoveLeft,2249,265,None
3255,947,265,None,2242,265,MoveLeft
3256,940,265,MoveLeft,2242,265,None
3256,940,265,None,2235,265,MoveLeft
3257,933,265,MoveLeft,2235,265,None
3257,933,265,None,2228,265,MoveLeft
3258,926,265,MoveLeft,2228,265,None
3258,926,265,None,2221,265,MoveLeft
3259,919,265,MoveLeft,2221,265,None
3259,919,265,None,2214,265,MoveLeft
3260,912,265,MoveLeft,2214,265,None
3260,912,265,None,2207,265,MoveLeft
3261,905,265,MoveLeft,2207,265,None
3261,905,265,None,2200,265,MoveLeft
3262,898,265,MoveLeft,2200,265,None
3262,898,265,None,2193,265,MoveLeft
3263,891,265,MoveLeft,2193,265,None
3263,891,265,None,2186,265,MoveLeft
3264,884,265,MoveLeft,2186,265,None
3264,884,265,None,2179,265,MoveLeft
3265,877,265,MoveLeft,2179,265,None
3265,877,265,None,2172,265,MoveLeft
3266,870,265,MoveLeft,2172,265,None
3266,870,265,None,2165,265,MoveLeft
3267,870,265,None,2165,265,None
3267,870,265,None,2158,265,MoveLeft
3268,870,265,None,2158,265,None
3268,870,265,None,2151,265,MoveLeft
3269,870,265,None,2151,265,None
3269,870,265,None,2144,265,MoveLeft
3270,870,265,None,2144,265,None
3270,870,265,None,2137,265,MoveLeft
3271,870,265,None,2137,265,None
3271,870,265,None,2130,265,MoveLeft
3272,870,265,None,2130,265,None
3272,870,265,None,2123,265,MoveLeft
3273,870,265,None,2123,265,None
3273,870,265,None,2116,265,MoveLeft
3274,870,265,None,2116,265,None
3274,870,265,None,2109,265,MoveLeft
3275,870,265,None,2109,265,None
3275,870,265,None,2102,265,MoveLeft
3276,870,265,None,2102,265,None
3276,870,265,None,2095,265,MoveLeft
3277,870,265,None,2095,265,None
3277,870,265,None,2088,265,MoveLeft
3278,870,265,None,2088,265,None
3278,870,265,None,2081,265,MoveLeft
3279,870,265,None,2081,265,None
3279,870,265,None,2074,265,MoveLeft
3280,870,265,None,2074,265,None
3280,870,265,None,2067,265,MoveLeft
3281,870,265,None,2067,265,None
3281,870,265,None,2060,265,MoveLeft
3282,870,265,None,2060,265,None
3282,870,265,None,2053,265,MoveLeft
3283,870,265,None,2053,265,None
3283,870,265,None,2046,265,MoveLeft
3284,870,265,None,2046,265,None
3284,870,265,None,2039,265,MoveLeft
3285,870,265,Bump,2039,265,None
3285,870,265,None,2039,265,None
3285,870,265,None,2032,265,MoveLeft
3286,870,265,None,2025,265,MoveLeft
3287,870,265,None,2018,265,MoveLeft
3288,870,265,None,2011,265,MoveLeft
3289,870,265,None,2004,265,MoveLeft
3290,870,265,None,1997,265,MoveLeft
3291,870,265,None,1990,265,MoveLeft
3292,870,265,None,1983,265,MoveLeft
3293,870,265,None,1976,265,MoveLeft
3294,870,265,None,1969,265,MoveLeft
3295,870,265,None,1962,265,MoveLeft
3296,870,265,None,1955,265,MoveLeft
3297,870,265,None,1948,265,MoveLeft
3298,870,265,None,1941,265,MoveLeft
3299,870,265,None,1934,265,MoveLeft
3300,870,265,None,1927,265,MoveLeft
3301,870,265,None,1920,265,MoveLeft
3302,870,265,None,1913,265,MoveLeft
3303,870,265,None,1906,265,MoveLeft
3304,870,265,None,1899,265,MoveLeft
3305,870,265,None,1892,265,MoveLeft
3306,870,265,None,1885,265,MoveLeft
3307,870,265,None,1878,265,MoveLeft
3308,870,265,None,1871,265,MoveLeft
3309,870,265,None,1864,265,MoveLeft
3310,870,265,None,1857,265,MoveLeft
3311,870,265,None,1850,265,MoveLeft
3312,870,265,None,1843,265,MoveLeft
3313,870,265,None,1836,265,MoveLeft
3314,870,265,None,1829,265,MoveLeft
3315,870,265,None,1822,265,MoveLeft
3316,870,265,None,1815,265,MoveLeft
3317,870,265,None,1808,265,MoveLeft
3318,870,265,None,1801,265,MoveLeft
3319,870,265,None,1794,265,MoveLeft
3320,870,265,None,1787,265,MoveLeft
3321,870,265,None,1780,265,MoveLeft
3322,870,265,None,1773,265,MoveLeft
3323,870,265,None,1766,265,MoveLeft
3324,870,265,None,1759,265,MoveLeft
3325,870,265,None,1752,265,MoveLeft
3326,870,265,None,1745,265,MoveLeft
3327,870,265,None,1738,265,MoveLeft
3328,870,265,None,1731,265,MoveLeft
3329,870,265,None,1724,265,MoveLeft
3330,870,265,None,1717,265,MoveLeft
3331,870,265,None,1710,265,MoveLeft
3332,870,265,None,1703,265,MoveLeft
3333,870,265,None,1696,265,MoveLeft
3334,870,265,None,1689,265,MoveLeft
3335,870,265,None,1682,265,MoveLeft
3336,870,265,None,1675,265,MoveLeft
3337,870,265,None,1668,265,MoveLeft
3338,870,265,None,1661,265,MoveLeft
3339,870,265,None,1654,265,MoveLeft
3340,870,265,None,1647,265,MoveLeft
3341,870,265,None,1640,265,MoveLeft
3342,870,265,None,1633,265,MoveLeft
3343,870,265,None,1626,265,MoveLeft
3344,870,265,None,1619,265,MoveLeft
3345,870,265,None,1612,265,MoveLeft
3346,870,265,None,1605,265,MoveLeft
3347,870,265,None,1598,265,MoveLeft
3348,870,265,None,1591,265,MoveLeft
3349,870,265,None,1584,265,MoveLeft
3350,870,265,None,1577,265,MoveLeft
3351,870,265,None,1570,265,MoveLeft
3352,870,265,None,1563,265,MoveLeft
3353,870,265,None,1556,265,MoveLeft
3354,870,265,None,1549,265,MoveLeft
3355,870,265,None,1542,265,MoveLeft
3356,870,265,None,1535,265,MoveLeft
3357,870,265,None,1528,265,MoveLeft
3358,870,265,None,1521,265,MoveLeft
3359,870,265,None,1514,265,MoveLeft
3360,870,265,None,1507,265,MoveLeft
3361,870,265,None,1500,265,MoveLeft
3362,870,265,None,1493,265,MoveLeft
3363,870,265,None,1486,265,MoveLeft
3364,870,265,None,1479,265,MoveLeft
3365,870,265,None,1472,265,MoveLeft
3366,870,265,None,1465,265,MoveLeft
3367,870,265,None,1458,265,MoveLeft
3368,870,265,None,1451,265,MoveLeft
3388,870,265,None,1451,265,SpikeLight
3388,870,265,None,1451,265,None
3393,877,265,MoveRight,1451,265,None
3394,884,265,MoveRight,1451,265,None
3395,891,265,MoveRight,1451,265,None
3396,898,265,MoveRight,1451,265,None
3397,905,265,MoveRight,1451,265,None
3398,912,265,MoveRight,1451,265,None
3399,919,265,MoveRight,1451,265,None
3399,919,265,None,1458,265,MoveRight
3400,926,265,MoveRight,1458,265,None
3400,926,265,None,1465,265,MoveRight
3401,933,265,MoveRight,1465,265,None
3401,933,265,None,1472,265,MoveRight
3402,940,265,MoveRight,1472,265,None
3402,940,265,None,1479,265,MoveRight
3403,947,265,MoveRight,1479,265,None
3403,947,265,None,1486,265,MoveRight
3404,954,265,MoveRight,1486,265,None
3404,954,265,None,1493,265,MoveRight
3405,961,265,MoveRight,1493,265,None
3405,961,265,None,1500,265,MoveRight
3406,968,265,MoveRight,1500,265,None
3406,968,265,None,1507,265,MoveRight
3407,975,265,MoveRight,1507,265,None
3407,975,265,None,1514,265,MoveRight
3408,982,265,MoveRight,1514,265,None
3408,982,265,None,1521,265,MoveRight
3409,989,265,MoveRight,1521,265,None
3409,989,265,None,1528,265,MoveRight
3410,996,265,MoveRight,1528,265,None
3410,996,265,None,1535,265,MoveRight
3411,1003,265,MoveRight,1535,265,None
3411,1003,265,None,1542,265,MoveRight
3412,1010,265,MoveRight,1542,265,None
3412,1010,265,None,1549,265,MoveRight
3413,1017,265,MoveRight,1549,265,None
3413,1017,265,None,1556,265,MoveRight
3414,1024,265,MoveRight,1556,265,None
3414,1024,265,None,1563,265,MoveRight
3415,1031,265,MoveRight,1563,265,None
3415,1031,265,None,1570,265,MoveRight
3416,1038,265,MoveRight,1570,265,None
3416,1038,265,None,1577,265,MoveRight
3417,1045,265,MoveRight,1577,265,None
3417,1045,265,None,1584,265,MoveRight
3418,1052,265,MoveRight,1584,265,None
3418,1052,265,None,1591,265,MoveRight
3419,1059,265,MoveRight,1591,265,None
3419,1059,265,None,1598,265,MoveRight
3420,1066,265,MoveRight,1598,265,None
3420,1066,265,None,1605,265,MoveRight
3421,1073,265,MoveRight,1605,265,None
3421,1073,265,None,1612,265,MoveRight
3422,1080,265,MoveRight,1612,265,None
3422,1080,265,None,1619,265,MoveRight
3423,1087,265,MoveRight,1619,265,None
3423,1087,265,None,1626,265,MoveRight
3424,1094,265,MoveRight,1626,265,None
3424,1094,265,None,1633,265,MoveRight
3425,1101,265,MoveRight,1633,265,None
3425,1101,265,None,1640,265,MoveRight
3426,1108,265,MoveRight,1640,265,None
3426,1108,265,None,1647,265,MoveRight
3427,1108,265,None,1647,265,None
3427,1108,265,None,1654,265,MoveRight
3428,1108,265,None,1654,265,None
3428,1108,265,None,1661,265,MoveRight
3429,1108,265,None,1661,265,None
3429,1108,265,None,1668,265,MoveRight
3430,1108,265,None,1668,265,None
3430,1108,265,None,1675,265,MoveRight
3431,1108,265,None,1675,265,None
3431,1108,265,None,1682,265,MoveRight
3432,1108,265,None,1682,265,None
3432,1108,265,None,1689,265,MoveRight
3433,1108,265,None,1689,265,None
3433,1108,265,None,1696,265,MoveRight
3434,1108,265,None,1696,265,None
3434,1108,265,None,1703,265,MoveRight
3435,1108,265,None,1703,265,None
3435,1108,265,None,1710,265,MoveRight
3436,1108,265,None,1710,265,None
3436,1108,265,None,1717,265,MoveRight
3437,1108,265,None,1717,265,None
3437,1108,265,None,1724,265,MoveRight
3438,1108,265,None,1724,265,None
3438,1108,265,None,1724,265,None
3439,1108,265,None,1724,265,None
3439,1108,265,None,1724,265,None
3440,1108,265,None,1724,265,None
3440,1108,265,None,1724,265,None
3441,1108,265,None,1724,265,None
3441,1108,265,None,1724,265,None
3442,1108,265,None,1724,265,None
3442,1108,265,None,1724,265,None
3443,1108,265,None,1724,265,None
3443,1108,265,None,1724,265,None
3444,1108,265,None,1724,265,None
3444,1108,265,None,1724,265,None
3445,1108,265,Bump,1724,265,None
3445,1108,265,None,1724,265,None
3445,1108,265,None,1724,265,None
3446,1108,265,None,1717,265,MoveLeft
3447,1108,265,None,1710,265,MoveLeft
3448,1108,265,None,1703,265,MoveLeft
3449,1108,265,None,1696,265,MoveLeft
3450,1108,265,None,1689,265,MoveLeft
3451,1108,265,None,1682,265,MoveLeft
3452,1108,265,None,1675,265,MoveLeft
3453,1108,265,None,1668,265,MoveLeft
3454,1108,265,None,1661,265,MoveLeft
3455,1108,265,None,1654,265,MoveLeft
3456,1108,265,None,1647,265,MoveLeft
3457,1108,265,None,1640,265,MoveLeft
3458,1108,265,None,1633,265,MoveLeft
3536,1115,265,MoveRight,1633,265,None
3537,1122,265,MoveRight,1633,265,None
3538,1129,265,MoveRight,1633,265,None
3539,1136,265,MoveRight,1633,265,None
3540,1143,265,MoveRight,1633,265,None
3541,1150,265,MoveRight,1633,265,None
3542,1157,265,MoveRight,1633,265,None
3543,1157,265,None,1633,265,SpikeMedium
3543,1164,265,MoveRight,1633,265,None
3543,1164,265,None,1633,265,None
3544,1157,265,MoveLeft,1633,265,None
3545,1150,265,MoveLeft,1633,265,None
3546,1143,265,MoveLeft,1633,265,None
3547,1136,265,MoveLeft,1633,265,None
3548,1129,265,MoveLeft,1633,265,None
3549,1122,265,MoveLeft,1633,265,None
3550,1115,265,MoveLeft,1633,265,None
3551,1108,265,MoveLeft,1633,265,None
3552,1101,265,MoveLeft,1633,265,None
3553,1094,265,MoveLeft,1633,265,None
3554,1087,265,MoveLeft,1633,265,None
3554,1087,265,None,1640,265,MoveRight
3555,1080,265,MoveLeft,1640,265,None
3555,1080,265,None,1647,265,MoveRight
3556,1073,265,MoveLeft,1647,265,None
3556,1073,265,None,1654,265,MoveRight
3557,1066,265,MoveLeft,1654,265,None
3557,1066,265,None,1661,265,MoveRight
3558,1059,265,MoveLeft,1661,265,None
3558,1059,265,None,1668,265,MoveRight
3559,1052,265,MoveLeft,1668,265,None
3559,1052,265,None,1675,265,MoveRight
3560,1045,265,MoveLeft,1675,265,None
3560,1045,265,None,1682,265,MoveRight
3561,1038,265,MoveLeft,1682,265,None
3561,1038,265,None,1689,265,MoveRight
3562,1031,265,MoveLeft,1689,265,None
3562,1031,265,None,1696,265,MoveRight
3563,1024,265,MoveLeft,1696,265,None
3563,1024,265,None,1703,265,MoveRight
3564,1017,265,MoveLeft,1703,265,None
3564,1017,265,None,1710,265,MoveRight
3565,1010,265,MoveLeft,1710,265,None
3565,1010,265,None,1717,265,MoveRight
3566,1003,265,MoveLeft,1717,265,None
3566,1003,265,None,1724,265,MoveRight
3567,996,265,MoveLeft,1724,265,None
3567,996,265,None,1724,265,None
3568,989,265,MoveLeft,1724,265,None
3568,989,265,None,1724,265,None
3569,982,265,MoveLeft,1724,265,None
3569,982,265,None,1724,265,None
3570,975,265,MoveLeft,1724,265,None
3570,975,265,None,1724,265,None
3571,968,265,MoveLeft,1724,265,None
3571,968,265,None,1724,265,None
3572,961,265,MoveLeft,1724,265,None
3572,961,265,None,1724,265,None
3573,954,265,MoveLeft,1724,265,None
3573,954,265,None,1724,265,None
3574,947,265,MoveLeft,1724,265,None
3574,947,265,None,1724,265,None
3575,940,265,MoveLeft,1724,265,None
3575,940,265,None,1724,265,None
3576,933,265,MoveLeft,1724,265,None
3576,933,265,None,1724,265,None
3577,926,265,MoveLeft,1724,265,None
3577,926,265,None,1724,265,None
3578,919,265,MoveLeft,1724,265,None
3578,919,265,None,1724,265,None
3579,912,265,MoveLeft,1724,265,None
3579,912,265,None,1724,265,None
3580,905,265,MoveLeft,1724,265,None
3580,905,265,None,1724,265,None
3581,898,265,MoveLeft,1724,265,None
3581,898,265,None,1724,265,None
3582,891,265,MoveLeft,1724,265,None
3582,891,265,None,1724,265,None
3583,884,265,MoveLeft,1724,265,None
3583,884,265,None,1724,265,None
3584,877,265,MoveLeft,1724,265,None
3584,877,265,None,1724,265,None
3585,870,265,MoveLeft,1724,265,None
3585,870,265,None,1724,265,None
3586,863,265,MoveLeft,1724,265,None
3586,863,265,None,1724,265,None
3587,856,265,MoveLeft,1724,265,None
3587,856,265,None,1724,265,None
3588,849,265,MoveLeft,1724,265,None
3588,849,265,None,1724,265,None
3589,842,265,MoveLeft,1724,265,None
3589,842,265,None,1724,265,None
3590,835,265,MoveLeft,1724,265,None
3590,835,265,None,1724,265,None
3591,828,265,MoveLeft,1724,265,None
3591,828,265,None,1724,265,None
3592,821,265,MoveLeft,1724,265,None
3592,821,265,None,1724,265,None
3593,814,265,MoveLeft,1724,265,None
3593,814,265,None,1724,265,None
3594,807,265,MoveLeft,1724,265,None
3594,807,265,None,1724,265,None
3595,800,265,MoveLeft,1724,265,None
3595,800,265,None,1724,265,None
3596,793,265,MoveLeft,1724,265,None
3596,793,265,None,1724,265,None
3597,786,265,MoveLeft,1724,265,None
3597,786,265,None,1724,265,None
3598,779,265,MoveLeft,1724,265,None
3598,779,265,None,1724,265,None
3599,772,265,MoveLeft,1724,265,None
3599,772,265,None,1724,265,None
3600,765,265,MoveLeft,1724,265,None
3600,765,265,None,1724,265,None
3601,758,265,MoveLeft,1724,265,None
3601,758,265,None,1724,265,None
3602,751,265,MoveLeft,1724,265,None
3602,751,265,None,1724,265,None
3603,751,265,None,1724,265,None
3603,751,265,None,1724,265,None
3604,751,265,None,1724,265,None
3604,751,265,None,1724,265,None
3605,751,265,Bump,1724,265,None
3605,751,265,None,1724,265,None
3605,751,265,None,1724,265,None
3624,758,265,MoveRight,1724,265,None
3625,765,265,MoveRight,1724,265,None
3626,772,265,MoveRight,1724,265,None
3627,779,265,MoveRight,1724,265,None
3628,786,265,MoveRight,1724,265,None
3629,793,265,MoveRight,1724,265,None
3630,800,265,MoveRight,1724,265,None
3631,807,265,MoveRight,1724,265,None
3632,814,265,MoveRight,1724,265,None
3633,821,265,MoveRight,1724,265,None
3634,828,265,MoveRight,1724,265,None
3635,835,265,MoveRight,1724,265,None
3636,842,265,MoveRight,1724,265,None
3637,849,265,MoveRight,1724,265,None
3638,856,265,MoveRight,1724,265,None
3639,863,265,MoveRight,1724,265,None
3640,870,265,MoveRight,1724,265,None
3641,877,265,MoveRight,1724,265,None
3642,884,265,MoveRight,1724,265,None
3643,891,265,MoveRight,1724,265,None
3644,898,265,MoveRight,1724,265,None
3645,905,265,MoveRight,1724,265,None
3646,912,265,MoveRight,1724,265,None
3647,919,265,MoveRight,1724,265,None
3648,926,265,MoveRight,1724,265,None
3649,933,265,MoveRight,1724,265,None
3650,940,265,MoveRight,1724,265,None
3651,947,265,MoveRight,1724,265,None
3652,954,265,MoveRight,1724,265,None
3653,961,265,MoveRight,1724,265,None
3654,968,265,MoveRight,1724,265,None
3655,975,265,MoveRight,1724,265,None
3656,982,265,MoveRight,1724,265,None
3657,989,265,MoveRight,1724,265,None
3658,996,265,MoveRight,1724,265,None
3659,1003,265,MoveRight,1724,265,None
3660,1010,265,MoveRight,1724,265,None
3661,1017,265,MoveRight,1724,265,None
3662,1024,265,MoveRight,1724,265,None
3663,1031,265,MoveRight,1724,265,None
3664,1038,265,MoveRight,1724,265,None
3665,1045,265,MoveRight,1724,265,None
3666,1052,265,MoveRight,1724,265,None
3667,1059,265,MoveRight,1724,265,None
3668,1066,265,MoveRight,1724,265,None
3669,1073,265,MoveRight,1724,265,None
3670,1080,265,MoveRight,1724,265,None
3671,1087,265,MoveRight,1724,265,None
3672,1094,265,MoveRight,1724,265,None
3673,1101,265,MoveRight,1724,265,None
3674,1108,265,MoveRight,1724,265,None
3675,1115,265,MoveRight,1724,265,None
3676,1122,265,MoveRight,1724,265,None
3677,1129,265,MoveRight,1724,265,None
3678,1136,265,MoveRight,1724,265,None
3679,1143,265,MoveRight,1724,265,None
3680,1150,265,MoveRight,1724,265,None
3681,1157,265,MoveRight,1724,265,None
3682,1164,265,MoveRight,1724,265,None
3683,1171,265,MoveRight,1724,265,None
3684,1178,265,MoveRight,1724,265,None
3685,1185,265,MoveRight,1724,265,None
3686,1192,265,MoveRight,1724,265,None
3687,1199,265,MoveRight,1724,265,None
3688,1206,265,MoveRight,1724,265,None
3689,1213,265,MoveRight,1724,265,None
3690,1220,265,MoveRight,1724,265,None
3691,1227,265,MoveRight,1724,265,None
3692,1234,265,MoveRight,1724,265,None
3693,1241,265,MoveRight,1724,265,None
3694,1248,265,MoveRight,1724,265,None
3695,1248,265,Bump,1724,265,None
3695,1255,265,MoveRight,1724,265,None
3696,1255,265,None,1731,265,MoveRight
3793,1255,265,None,1731,265,SpikeMedium
3793,1255,265,None,1731,265,None
3804,1255,265,None,1731,265,None
3805,1255,265,None,1731,265,None
3806,1255,265,None,1731,265,None
3807,1255,265,None,1731,265,None
3808,1255,265,None,1731,265,None
3809,1255,265,None,1731,265,None
3810,1255,265,None,1731,265,None
3811,1255,265,None,1731,265,None
3812,1255,265,None,1731,265,None
3813,1255,265,None,1731,265,None
3814,1255,265,None,1731,265,None
3815,1255,265,None,1731,265,None
3816,1255,265,None,1731,265,None
3817,1255,265,None,1731,265,None
3818,1255,265,None,1731,265,None
3819,1255,265,None,1731,265,None
3820,1248,265,MoveLeft,1731,265,None
3820,1248,265,None,1731,265,None
3821,1241,265,MoveLeft,1731,265,None
3821,1241,265,None,1731,265,None
3822,1234,265,MoveLeft,1731,265,None
3822,1234,265,None,1731,265,None
3823,1227,265,MoveLeft,1731,265,None
3823,1227,265,None,1731,265,None
3824,1220,265,MoveLeft,1731,265,None
3824,1220,265,None,1731,265,None
3825,1213,265,MoveLeft,1731,265,None
3825,1213,265,None,1731,265,None
3826,1206,265,MoveLeft,1731,265,None
3826,1206,265,None,1731,265,None
3827,1199,265,MoveLeft,1731,265,None
3827,1199,265,None,1731,265,None
3828,1192,265,MoveLeft,1731,265,None
3828,1192,265,None,1731,265,None
3829,1185,265,MoveLeft,1731,265,None
3829,1185,265,None,1731,265,None
3830,1178,265,MoveLeft,1731,265,None
3830,1178,265,None,1731,265,None
3831,1171,265,MoveLeft,1731,265,None
3831,1171,265,None,1731,265,None
3832,1164,265,MoveLeft,1731,265,None
3832,1164,265,None,1731,265,None
3833,1157,265,MoveLeft,1731,265,None
3833,1157,265,None,1731,265,None
3834,1150,265,MoveLeft,1731,265,None
3834,1150,265,None,1731,265,None
3835,1143,265,MoveLeft,1731,265,None
3835,1143,265,None,1731,265,None
3836,1136,265,MoveLeft,1731,265,None
3836,1136,265,None,1731,265,None
3837,1129,265,MoveLeft,1731,265,None
3837,1129,265,None,1731,265,None
3838,1122,265,MoveLeft,1731,265,None
3838,1122,265,None,1731,265,None
3839,1115,265,MoveLeft,1731,265,None
3839,1115,265,None,1731,265,None
3840,1108,265,MoveLeft,1731,265,None
3840,1108,265,None,1731,265,None
3841,1101,265,MoveLeft,1731,265,None
3841,1101,265,None,1731,265,None
3842,1094,265,MoveLeft,1731,265,None
3842,1094,265,None,1731,265,None
3843,1087,265,MoveLeft,1731,265,None
3843,1087,265,None,1731,265,None
3844,1080,265,MoveLeft,1731,265,None
3844,1080,265,None,1731,265,None
3845,1073,265,MoveLeft,1731,265,None
3845,1073,265,None,1731,265,None
3846,1066,265,MoveLeft,1731,265,None
3846,1066,265,None,1731,265,None
3847,1059,265,MoveLeft,1731,265,None
3847,1059,265,None,1731,265,None
3848,1052,265,MoveLeft,1731,265,None
3848,1052,265,None,1731,265,None
3849,1045,265,MoveLeft,1731,265,None
3849,1045,265,None,1731,265,None
3850,1038,265,MoveLeft,1731,265,None
3850,1038,265,None,1731,265,None
3851,1031,265,MoveLeft,1731,265,None
3851,1031,265,None,1731,265,None
3852,1024,265,MoveLeft,1731,265,None
3852,1024,265,None,1731,265,None
3853,1017,265,MoveLeft,1731,265,None
3853,1017,265,None,1731,265,None
3854,1010,265,MoveLeft,1731,265,None
3854,1010,265,None,1731,265,None
3855,1003,265,MoveLeft,1731,265,None
3855,1003,265,None,1731,265,None
3856,996,265,MoveLeft,1731,265,None
3856,996,265,None,1731,265,None
3857,996,265,Bump,1731,265,None
3857,989,265,MoveLeft,1731,265,None
3857,989,265,None,1731,265,None
4015,1150,265,None,2410,265,Serve
4015,1150,265,None,2410,265,None
4034,1150,265,None,2403,265,MoveLeft
4035,1150,265,None,2396,265,MoveLeft
4036,1150,265,None,2389,265,MoveLeft
4037,1150,265,None,2382,265,MoveLeft
4038,1150,265,None,2375,265,MoveLeft
4039,1150,265,None,2368,265,MoveLeft
4040,1150,265,None,2361,265,MoveLeft
4041,1150,265,None,2354,265,MoveLeft
4042,1150,265,None,2347,265,MoveLeft
4043,1150,265,None,2340,265,MoveLeft
4044,1150,265,None,2333,265,MoveLeft
4045,1150,265,None,2326,265,MoveLeft
4046,1143,265,MoveLeft,2326,265,None
4046,1143,265,None,2319,265,MoveLeft
4047,1136,265,MoveLeft,2319,265,None
4047,1136,265,None,2312,265,MoveLeft
4048,1129,265,MoveLeft,2312,265,None
4048,1129,265,None,2305,265,MoveLeft
4049,1122,265,MoveLeft,2305,265,None
4049,1122,265,None,2298,265,MoveLeft
4050,1115,265,MoveLeft,2298,265,None
4050,1115,265,None,2291,265,MoveLeft
4051,1108,265,MoveLeft,2291,265,None
4051,1108,265,None,2284,265,MoveLeft
4052,1101,265,MoveLeft,2284,265,None
4052,1101,265,None,2277,265,MoveLeft
4053,1094,265,MoveLeft,2277,265,None
4053,1094,265,None,2270,265,MoveLeft
4054,1087,265,MoveLeft,2270,265,None
4054,1087,265,None,2263,265,MoveLeft
4055,1080,265,MoveLeft,2263,265,None
4055,1080,265,None,2256,265,MoveLeft
4056,1073,265,MoveLeft,2256,265,None
4056,1073,265,None,2249,265,MoveLeft
4057,1066,265,MoveLeft,2249,265,None
4057,1066,265,None,2242,265,MoveLeft
4058,1059,265,MoveLeft,2242,265,None
4058,1059,265,None,2235,265,MoveLeft
4059,1052,265,MoveLeft,2235,265,None
4059,1052,265,None,2228,265,MoveLeft
4060,1045,265,MoveLeft,2228,265,None
4060,1045,265,None,2221,265,MoveLeft
4061,1038,265,MoveLeft,2221,265,None
4061,1038,265,None,2214,265,MoveLeft
4062,1031,265,MoveLeft,2214,265,None
4062,1031,265,None,2207,265,MoveLeft
4063,1024,265,MoveLeft,2207,265,None
4063,1024,265,None,2200,265,MoveLeft
4064,1017,265,MoveLeft,2200,265,None
4064,1017,265,None,2193,265,MoveLeft
4065,1010,265,MoveLeft,2193,265,None
4065,1010,265,None,2186,265,MoveLeft
4066,1003,265,MoveLeft,2186,265,None
4066,1003,265,None,2179,265,MoveLeft
4067,996,265,MoveLeft,2179,265,None
4067,996,265,None,2172,265,MoveLeft
4068,989,265,MoveLeft,2172,265,None
4068,989,265,None,2165,265,MoveLeft
4069,982,265,MoveLeft,2165,265,None
4069,982,265,None,2158,265,MoveLeft
4070,975,265,MoveLeft,2158,265,None
4070,975,265,None,2151,265,MoveLeft
4071,968,265,MoveLeft,2151,265,None
4071,968,265,None,2144,265,MoveLeft
4072,961,265,MoveLeft,2144,265,None
4072,961,265,None,2137,265,MoveLeft
4073,954,265,MoveLeft,2137,265,None
4073,954,265,None,2130,265,MoveLeft
4074,947,265,MoveLeft,2130,265,None
4074,947,265,None,2123,265,MoveLeft
4075,940,265,MoveLeft,2123,265,None
4075,940,265,None,2116,265,MoveLeft
4076,933,265,MoveLeft,2116,265,None
4076,933,265,None,2109,265,MoveLeft
4077,926,265,MoveLeft,2109,265,None
4077,926,265,None,2102,265,MoveLeft
4078,919,265,MoveLeft,2102,265,None
4078,919,265,None,2095,265,MoveLeft
4079,912,265,MoveLeft,2095,265,None
4079,912,265,None,2088,265,MoveLeft
4080,905,265,MoveLeft,2088,265,None
4080,905,265,None,2081,265,MoveLeft
4081,898,265,MoveLeft,2081,265,None
4081,898,265,None,2074,265,MoveLeft
4082,891,265,MoveLeft,2074,265,None
4082,891,265,None,2067,265,MoveLeft
4083,884,265,MoveLeft,2067,265,None
4083,884,265,None,2060,265,MoveLeft
4084,877,265,MoveLeft,2060,265,None
4084,877,265,None,2053,265,MoveLeft
4085,870,265,MoveLeft,2053,265,None
4085,870,265,None,2046,265,MoveLeft
4086,870,265,None,2046,265,None
4086,870,265,None,2039,265,MoveLeft
4087,870,265,Bump,2039,265,None
4087,870,265,None,2039,265,None
4087,870,265,None,2032,265,MoveLeft
4088,870,265,None,2025,265,MoveLeft
4089,870,265,None,2018,265,MoveLeft
4090,870,265,None,2011,265,MoveLeft
4091,870,265,None,2004,265,MoveLeft
4092,870,265,None,1997,265,MoveLeft
4093,870,265,None,1990,265,MoveLeft
4094,870,265,None,1983,265,MoveLeft
4095,870,265,None,1976,265,MoveLeft
4096,870,265,None,1969,265,MoveLeft
4097,870,265,None,1962,265,MoveLeft
4098,870,265,None,1955,265,MoveLeft
4099,870,265,None,1948,265,MoveLeft
4100,870,265,None,1941,265,MoveLeft
4101,870,265,None,1934,265,MoveLeft
4102,870,265,None,1927,265,MoveLeft
4103,870,265,None,1920,265,MoveLeft
4104,870,265,None,1913,265,MoveLeft
4105,870,265,None,1906,265,MoveLeft
4106,870,265,None,1899,265,MoveLeft
4107,877,265,MoveRight,1899,265,None
4107,877,265,None,1892,265,MoveLeft
4108,884,265,MoveRight,1892,265,None
4108,884,265,None,1885,265,MoveLeft
4109,891,265,MoveRight,1885,265,None
4109,891,265,None,1878,265,MoveLeft
4110,898,265,MoveRight,1878,265,None
4110,898,265,None,1871,265,MoveLeft
4111,898,265,None,1864,265,MoveLeft
4112,898,265,None,1857,265,MoveLeft
4113,898,265,None,1850,265,MoveLeft
4114,898,265,None,1843,265,MoveLeft
4115,898,265,None,1836,265,MoveLeft
4116,898,265,None,1829,265,MoveLeft
4117,898,265,None,1822,265,MoveLeft
4118,898,265,None,1815,265,MoveLeft
4119,898,265,None,1808,265,MoveLeft
4120,898,265,None,1801,265,MoveLeft
4121,898,265,None,1794,265,MoveLeft
4122,898,265,None,1787,265,MoveLeft
4123,898,265,None,1780,265,MoveLeft
4124,898,265,None,1773,265,MoveLeft
4125,898,265,None,1766,265,MoveLeft
4126,898,265,None,1759,265,MoveLeft
4127,898,265,None,1752,265,MoveLeft
4128,898,265,None,1745,265,MoveLeft
4129,898,265,None,1738,265,MoveLeft
4130,898,265,None,1731,265,MoveLeft
4131,898,265,None,1724,265,MoveLeft
4132,898,265,None,1717,265,MoveLeft
4133,898,265,None,1710,265,MoveLeft
4134,898,265,None,1703,265,MoveLeft
4135,898,265,None,1696,265,MoveLeft
4136,898,265,None,1689,265,MoveLeft
4137,898,265,None,1682,265,MoveLeft
4138,898,265,None,1675,265,MoveLeft
4139,898,265,None,1668,265,MoveLeft
4140,898,265,None,1661,265,MoveLeft
4141,898,265,None,1654,265,MoveLeft
4142,898,265,None,1647,265,MoveLeft
4143,898,265,None,1640,265,MoveLeft
4144,898,265,None,1633,265,MoveLeft
4145,898,265,None,1626,265,MoveLeft
4146,898,265,None,1619,265,MoveLeft
4147,898,265,None,1612,265,MoveLeft
4148,898,265,None,1605,265,MoveLeft
4149,898,265,None,1598,265,MoveLeft
4150,898,265,None,1591,265,MoveLeft
4151,898,265,None,1584,265,MoveLeft
4152,898,265,None,1577,265,MoveLeft
4153,898,265,None,1570,265,MoveLeft
4154,898,265,None,1563,265,MoveLeft
4155,898,265,None,1556,265,MoveLeft
4156,898,265,None,1549,265,MoveLeft
4157,898,265,None,1542,265,MoveLeft
4158,898,265,None,1535,265,MoveLeft
4159,898,265,None,1528,265,MoveLeft
4160,898,265,None,1521,265,MoveLeft
4161,898,265,None,1514,265,MoveLeft
4162,898,265,None,1507,265,MoveLeft
4163,898,265,None,1500,265,MoveLeft
4164,898,265,None,1493,265,MoveLeft
4165,898,265,None,1486,265,MoveLeft
4166,898,265,None,1479,265,MoveLeft
4167,898,265,None,1472,265,MoveLeft
4168,898,265,None,1465,265,MoveLeft
4169,898,265,None,1458,265,MoveLeft
4170,898,265,None,1451,265,MoveLeft
4190,898,265,None,1451,265,SpikeLight
4190,898,265,None,1451,265,None
4201,898,265,None,1458,265,MoveRight
4202,898,265,None,1465,265,MoveRight
4203,898,265,None,1472,265,MoveRight
4204,898,265,None,1479,265,MoveRight
4205,898,265,None,1486,265,MoveRight
4206,898,265,None,1493,265,MoveRight
4207,898,265,None,1500,265,MoveRight
4208,898,265,None,1507,265,MoveRight
4209,898,265,None,1514,265,MoveRight
4210,898,265,None,1521,265,MoveRight
4211,905,265,MoveRight,1521,265,None
4211,905,265,None,1528,265,MoveRight
4212,912,265,MoveRight,1528,265,None
4212,912,265,None,1535,265,MoveRight
4213,919,265,MoveRight,1535,265,None
4213,919,265,None,1542,265,MoveRight
4214,926,265,MoveRight,1542,265,None
4214,926,265,None,1549,265,MoveRight
4215,933,265,MoveRight,1549,265,None
4215,933,265,None,1556,265,MoveRight
4216,940,265,MoveRight,1556,265,None
4216,940,265,None,1563,265,MoveRight
4217,947,265,MoveRight,1563,265,None
4217,947,265,None,1570,265,MoveRight
4218,954,265,MoveRight,1570,265,None
4218,954,265,None,1577,265,MoveRight
4219,961,265,MoveRight,1577,265,None
4219,961,265,None,1584,265,MoveRight
4220,968,265,MoveRight,1584,265,None
4220,968,265,None,1591,265,MoveRight
4221,975,265,MoveRight,1591,265,None
4221,975,265,None,1598,265,MoveRight
4222,982,265,MoveRight,1598,265,None
4222,982,265,None,1605,265,MoveRight
4223,989,265,MoveRight,1605,265,None
4223,989,265,None,1612,265,MoveRight
4224,996,265,MoveRight,1612,265,None
4224,996,265,None,1619,265,MoveRight
4225,1003,265,MoveRight,1619,265,None
4225,1003,265,None,1626,265,MoveRight
4226,1010,265,MoveRight,1626,265,None
4226,1010,265,None,1633,265,MoveRight
4227,1017,265,MoveRight,1633,265,None
4227,1017,265,None,1640,265,MoveRight
4228,1024,265,MoveRight,1640,265,None
4228,1024,265,None,1647,265,MoveRight
4229,1031,265,MoveRight,1647,265,None
4229,1031,265,None,1654,265,MoveRight
4230,1038,265,MoveRight,1654,265,None
4230,1038,265,None,1661,265,MoveRight
4231,1045,265,MoveRight,1661,265,None
4231,1045,265,None,1668,265,MoveRight
4232,1052,265,MoveRight,1668,265,None
4232,1052,265,None,1675,265,MoveRight
4233,1059,265,MoveRight,1675,265,None
4233,1059,265,None,1682,265,MoveRight
4234,1066,265,MoveRight,1682,265,None
4234,1066,265,None,1689,265,MoveRight
4235,1073,265,MoveRight,1689,265,None
4235,1073,265,None,1696,265,MoveRight
4236,1080,265,MoveRight,1696,265,None
4236,1080,265,None,1703,265,MoveRight
4237,1087,265,MoveRight,1703,265,None
4237,1087,265,None,1710,265,MoveRight
4238,1094,265,MoveRight,1710,265,None
4238,1094,265,None,1717,265,MoveRight
4239,1101,265,MoveRight,1717,265,None
4239,1101,265,None,1724,265,MoveRight
4240,1108,265,MoveRight,1724,265,None
4240,1108,265,None,1724,265,None
4241,1108,265,None,1724,265,None
4242,1108,265,None,1724,265,None
4243,1108,265,None,1724,265,None
4244,1108,265,None,1724,265,None
4245,1108,265,None,1724,265,None
4246,1108,265,None,1724,265,None
4247,1108,265,None,1724,265,None
4248,1108,265,None,1724,265,None
4249,1108,265,None,1724,265,None
4250,1108,265,Bump,1724,265,None
4250,1108,265,None,1724,265,None
4250,1108,265,None,1724,265,None
4251,1108,265,None,1717,265,MoveLeft
4252,1108,265,None,1710,265,MoveLeft
4253,1108,265,None,1703,265,MoveLeft
4254,1108,265,None,1696,265,MoveLeft
4255,1108,265,None,1689,265,MoveLeft
4256,1108,265,None,1682,265,MoveLeft
4257,1108,265,None,1675,265,MoveLeft
4258,1108,265,None,1668,265,MoveLeft
4259,1108,265,None,1661,265,MoveLeft
4260,1108,265,None,1654,265,MoveLeft
4261,1108,265,None,1647,265,MoveLeft
4279,1101,265,MoveLeft,1647,265,None
4280,1094,265,MoveLeft,1647,265,None
4281,1087,265,MoveLeft,1647,265,None
4282,1080,265,MoveLeft,1647,265,None
4283,1073,265,MoveLeft,1647,265,None
4284,1066,265,MoveLeft,1647,265,None
4285,1059,265,MoveLeft,1647,265,None
4286,1052,265,MoveLeft,1647,265,None
4287,1045,265,MoveLeft,1647,265,None
4288,1038,265,MoveLeft,1647,265,None
4289,1031,265,MoveLeft,1647,265,None
4290,1024,265,MoveLeft,1647,265,None
4291,1017,265,MoveLeft,1647,265,None
4292,1010,265,MoveLeft,1647,265,None
4293,1003,265,MoveLeft,1647,265,None
4294,996,265,MoveLeft,1647,265,None
4295,989,265,MoveLeft,1647,265,None
4296,982,265,MoveLeft,1647,265,None
4297,975,265,MoveLeft,1647,265,None
4298,968,265,MoveLeft,1647,265,None
4299,961,265,MoveLeft,1647,265,None
4300,954,265,MoveLeft,1647,265,None
4301,947,265,MoveLeft,1647,265,None
4302,940,265,MoveLeft,1647,265,None
4303,933,265,MoveLeft,1647,265,None
4304,926,265,MoveLeft,1647,265,None
4305,919,265,MoveLeft,1647,265,None
4306,912,265,MoveLeft,1647,265,None
4307,905,265,MoveLeft,1647,265,None
4308,898,265,MoveLeft,1647,265,None
4309,891,265,MoveLeft,1647,265,None
4353,891,265,None,1647,265,SpikeLight
4353,891,265,None,1647,265,None
4355,898,265,MoveRight,1647,265,None
4356,905,265,MoveRight,1647,265,None
4357,912,265,MoveRight,1647,265,None
4358,919,265,MoveRight,1647,265,None
4359,926,265,MoveRight,1647,265,None
4360,933,265,MoveRight,1647,265,None
4361,940,265,MoveRight,1647,265,None
4362,947,265,MoveRight,1647,265,None
4363,954,265,MoveRight,1647,265,None
4364,961,265,MoveRight,1647,265,None
4364,961,265,None,1654,265,MoveRight
4365,968,265,MoveRight,1654,265,None
4365,968,265,None,1661,265,MoveRight
4366,975,265,MoveRight,1661,265,None
4366,975,265,None,1668,265,MoveRight
4367,982,265,MoveRight,1668,265,None
4367,982,265,None,1675,265,MoveRight
4368,989,265,MoveRight,1675,265,None
4368,989,265,None,1682,265,MoveRight
4369,996,265,MoveRight,1682,265,None
4369,996,265,None,1689,265,MoveRight
4370,1003,265,MoveRight,1689,265,None
4370,1003,265,None,1696,265,MoveRight
4371,1010,265,MoveRight,1696,265,None
4371,1010,265,None,1703,265,MoveRight
4372,1017,265,MoveRight,1703,265,None
4372,1017,265,None,1710,265,MoveRight
4373,1024,265,MoveRight,1710,265,None
4373,1024,265,None,1717,265,MoveRight
4374,1031,265,MoveRight,1717,265,None
4374,1031,265,None,1724,265,MoveRight
4375,1038,265,MoveRight,1724,265,None
4375,1038,265,None,1724,265,None
4376,1045,265,MoveRight,1724,265,None
4376,1045,265,None,1724,265,None
4377,1052,265,MoveRight,1724,265,None
4377,1052,265,None,1724,265,None
4378,1059,265,MoveRight,1724,265,None
4378,1059,265,None,1724,265,None
4379,1066,265,MoveRight,1724,265,None
4379,1066,265,None,1724,265,None
4380,1073,265,MoveRight,1724,265,None
4380,1073,265,None,1724,265,None
4381,1080,265,MoveRight,1724,265,None
4381,1080,265,None,1724,265,None
4382,1087,265,MoveRight,1724,265,None
4382,1087,265,None,1724,265,None
4383,1094,265,MoveRight,1724,265,None
4383,1094,265,None,1724,265,None
4384,1101,265,MoveRight,1724,265,None
4384,1101,265,None,1724,265,None
4385,1108,265,MoveRight,1724,265,None
4385,1108,265,None,1724,265,None
4386,1115,265,MoveRight,1724,265,None
4386,1115,265,None,1724,265,None
4387,1122,265,MoveRight,1724,265,None
4387,1122,265,None,1724,265,None
4388,1129,265,MoveRight,1724,265,None
4388,1129,265,None,1724,265,None
4389,1136,265,MoveRight,1724,265,None
4389,1136,265,None,1724,265,None
4390,1143,265,MoveRight,1724,265,None
4390,1143,265,None,1724,265,None
4391,1150,265,MoveRight,1724,265,None
4391,1150,265,None,1724,265,None
4392,1157,265,MoveRight,1724,265,None
4392,1157,265,None,1724,265,None
4393,1164,265,MoveRight,1724,265,None
4393,1164,265,None,1724,265,None
4394,1171,265,MoveRight,1724,265,None
4394,1171,265,None,1724,265,None
4395,1178,265,MoveRight,1724,265,None
4395,1178,265,None,1724,265,None
4396,1185,265,MoveRight,1724,265,None
4396,1185,265,None,1724,265,None
4397,1192,265,MoveRight,1724,265,None
4397,1192,265,None,1724,265,None
4398,1199,265,MoveRight,1724,265,None
4398,1199,265,None,1724,265,None
4399,1206,265,MoveRight,1724,265,None
4399,1206,265,None,1724,265,None
4400,1213,265,MoveRight,1724,265,None
4400,1213,265,None,1724,265,None
4401,1220,265,MoveRight,1724,265,None
4401,1220,265,None,1724,265,None
4402,1227,265,MoveRight,1724,265,None
4402,1227,265,None,1724,265,None
4403,1234,265,MoveRight,1724,265,None
4403,1234,265,None,1724,265,None
4404,1241,265,MoveRight,1724,265,None
4404,1241,265,None,1724,265,None
4405,1248,265,MoveRight,1724,265,None
4405,1248,265,None,1724,265,None
4406,1255,265,MoveRight,1724,265,None
4406,1255,265,None,1724,265,None
4407,1262,265,MoveRight,1724,265,None
4407,1262,265,None,1724,265,None
4408,1269,265,MoveRight,1724,265,None
4408,1269,265,None,1724,265,None
4409,1276,265,MoveRight,1724,265,None
4409,1276,265,None,1724,265,None
4410,1276,265,Bump,1724,265,None
4410,1283,265,MoveRight,1724,265,None
4410,1283,265,None,1724,265,None
4411,1283,265,None,1731,265,MoveRight
4412,1283,265,None,1738,265,MoveRight
4413,1283,265,None,1745,265,MoveRight
4414,1283,265,None,1738,265,MoveLeft
4415,1283,265,None,1731,265,MoveLeft
4416,1283,265,None,1724,265,MoveLeft
4417,1283,265,None,1717,265,MoveLeft
4418,1283,265,None,1710,265,MoveLeft
4419,1283,265,None,1703,265,MoveLeft
4420,1283,265,None,1696,265,MoveLeft
4429,1290,265,MoveRight,1696,265,None
4430,1297,265,MoveRight,1696,265,None
4444,1290,265,MoveLeft,1696,265,None
4445,1283,265,MoveLeft,1696,265,None
4446,1276,265,MoveLeft,1696,265,None
4447,1269,265,MoveLeft,1696,265,None
4448,1262,265,MoveLeft,1696,265,None
4449,1255,265,MoveLeft,1696,265,None
4450,1248,265,MoveLeft,1696,265,None
4451,1241,265,MoveLeft,1696,265,None
4452,1234,265,MoveLeft,1696,265,None
4453,1227,265,MoveLeft,1696,265,None
4454,1220,265,MoveLeft,1696,265,None
4455,1213,265,MoveLeft,1696,265,None
4456,1206,265,MoveLeft,1696,265,None
4457,1199,265,MoveLeft,1696,265,None
4458,1192,265,MoveLeft,1696,265,None
4459,1185,265,MoveLeft,1696,265,None
4460,1178,265,MoveLeft,1696,265,None
4461,1171,265,MoveLeft,1696,265,None
4462,1164,265,MoveLeft,1696,265,None
4463,1157,265,MoveLeft,1696,265,None
4464,1150,265,MoveLeft,1696,265,None
4465,1143,265,MoveLeft,1696,265,None
4466,1136,265,MoveLeft,1696,265,None
4467,1129,265,MoveLeft,1696,265,None
4468,1122,265,MoveLeft,1696,265,None
4469,1115,265,MoveLeft,1696,265,None
4470,1108,265,MoveLeft,1696,265,None
4471,1101,265,MoveLeft,1696,265,None
4472,1094,265,MoveLeft,1696,265,None
4473,1087,265,MoveLeft,1696,265,None
4474,1080,265,MoveLeft,1696,265,None
4475,1073,265,MoveLeft,1696,265,None
4476,1066,265,MoveLeft,1696,265,None
4477,1059,265,MoveLeft,1696,265,None
4478,1052,265,MoveLeft,1696,265,None
4479,1045,265,MoveLeft,1696,265,None
4480,1038,265,MoveLeft,1696,265,None
4481,1031,265,MoveLeft,1696,265,None
4482,1024,265,MoveLeft,1696,265,None
4483,1017,265,MoveLeft,1696,265,None
4484,1010,265,MoveLeft,1696,265,None
4485,1003,265,MoveLeft,1696,265,None
4486,996,265,MoveLeft,1696,265,None
4487,989,265,MoveLeft,1696,265,None
4488,982,265,MoveLeft,1696,265,None
4489,975,265,MoveLeft,1696,265,None
4490,968,265,MoveLeft,1696,265,None
4491,961,265,MoveLeft,1696,265,None
4492,954,265,MoveLeft,1696,265,None
4493,947,265,MoveLeft,1696,265,None
7816,954,265,MoveRight,1696,265,None
7817,961,265,MoveRight,1696,265,None
7818,968,265,MoveRight,1696,265,None
7819,975,265,MoveRight,1696,265,None
7820,982,265,MoveRight,1696,265,None
7821,989,265,MoveRight,1696,265,None
7822,996,265,MoveRight,1696,265,None
7823,1003,265,MoveRight,1696,265,None
7824,1010,265,MoveRight,1696,265,None
7825,1017,265,MoveRight,1696,265,None
7826,1024,265,MoveRight,1696,265,None
7827,1031,265,MoveRight,1696,265,None
7828,1038,265,MoveRight,1696,265,None
7829,1045,265,MoveRight,1696,265,None
7830,1052,265,MoveRight,1696,265,None
7831,1059,265,MoveRight,1696,265,None
7832,1066,265,MoveRight,1696,265,None
7833,1073,265,MoveRight,1696,265,None
7834,1080,265,MoveRight,1696,265,None
7835,1087,265,MoveRight,1696,265,None
7836,1094,265,MoveRight,1696,265,None
7837,1101,265,MoveRight,1696,265,None
7838,1108,265,MoveRight,1696,265,None
7839,1115,265,MoveRight,1696,265,None
7840,1122,265,MoveRight,1696,265,None
7841,1129,265,MoveRight,1696,265,None
7842,1136,265,MoveRight,1696,265,None
7843,1143,265,MoveRight,1696,265,None
7844,1150,265,MoveRight,1696,265,None
7845,1157,265,MoveRight,1696,265,None
7846,1164,265,MoveRight,1696,265,None
7847,1171,265,MoveRight,1696,265,None
7848,1178,265,MoveRight,1696,265,None
7849,1185,265,MoveRight,1696,265,None
7850,1192,265,MoveRight,1696,265,None
7851,1199,265,MoveRight,1696,265,None
7852,1206,265,MoveRight,1696,265,None
7853,1213,265,MoveRight,1696,265,None
7854,1220,265,MoveRight,1696,265,None
7855,1227,265,MoveRight,1696,265,None
7856,1234,265,MoveRight,1696,265,None
7857,1241,265,MoveRight,1696,265,None
7858,1248,265,MoveRight,1696,265,None
7859,1255,265,MoveRight,1696,265,None
7860,1262,265,MoveRight,1696,265,None
8093,1255,265,MoveLeft,1696,265,None
8094,1248,265,MoveLeft,1696,265,None
8095,1241,265,MoveLeft,1696,265,None
8096,1234,265,MoveLeft,1696,265,None
8097,1227,265,MoveLeft,1696,265,None
8098,1220,265,MoveLeft,1696,265,None
8099,1213,265,MoveLeft,1696,265,None
8100,1206,265,MoveLeft,1696,265,None
8101,1199,265,MoveLeft,1696,265,None
8102,1192,265,MoveLeft,1696,265,None
8103,1185,265,MoveLeft,1696,265,None
8104,1178,265,MoveLeft,1696,265,None
8105,1171,265,MoveLeft,1696,265,None
8106,1164,265,MoveLeft,1696,265,None
8107,1157,265,MoveLeft,1696,265,None
8114,1164,265,MoveRight,1696,265,None
8115,1171,265,MoveRight,1696,265,None
8116,1178,265,MoveRight,1696,265,None
8117,1185,265,MoveRight,1696,265,None
8118,1192,265,MoveRight,1696,265,None
8119,1199,265,MoveRight,1696,265,None
8120,1206,265,MoveRight,1696,265,None
8121,1213,265,MoveRight,1696,265,None
8122,1220,265,MoveRight,1696,265,None
8123,1227,265,MoveRight,1696,265,None
8124,1234,265,MoveRight,1696,265,None
8125,1241,265,MoveRight,1696,265,None
8126,1248,265,MoveRight,1696,265,None
8127,1255,265,MoveRight,1696,265,None
8128,1262,265,MoveRight,1696,265,None
8129,1269,265,MoveRight,1696,265,None
8130,1276,265,MoveRight,1696,265,None
8131,1283,265,MoveRight,1696,265,None
8132,1290,265,MoveRight,1696,265,None
8133,1297,265,MoveRight,1696,265,None
8134,1304,265,MoveRight,1696,265,None
8135,1311,265,MoveRight,1696,265,None
8136,1318,265,MoveRight,1696,265,None
8137,1325,265,MoveRight,1696,265,None
8172,1326,265,Set,1696,265,None
8172,1326,265,None,1696,265,None
8206,1326,284.62,None,1696,265,None
8256,1326,372.91,Set,1696,265,None
8256,1326,372.91,None,1696,265,None
8275,1326,265,Set,1696,265,None
8275,1326,265,None,1696,265,None
8326,1150,265,None,2410,265,Serve
8326,1150,265,None,2410,265,None
8344,1143,265,MoveLeft,2410,265,None
8345,1136,265,MoveLeft,2410,265,None
8345,1136,265,None,2403,265,MoveLeft
8346,1129,265,MoveLeft,2403,265,None
8346,1129,265,None,2396,265,MoveLeft
8347,1122,265,MoveLeft,2396,265,None
8347,1122,265,None,2389,265,MoveLeft
8348,1115,265,MoveLeft,2389,265,None
8348,1115,265,None,2382,265,MoveLeft
8349,1108,265,MoveLeft,2382,265,None
8349,1108,265,None,2375,265,MoveLeft
8350,1101,265,MoveLeft,2375,265,None
8350,1101,265,None,2368,265,MoveLeft
8351,1094,265,MoveLeft,2368,265,None
8351,1094,265,None,2361,265,MoveLeft
8352,1087,265,MoveLeft,2361,265,None
8352,1087,265,None,2354,265,MoveLeft
8353,1080,265,MoveLeft,2354,265,None
8353,1080,265,None,2347,265,MoveLeft
8354,1073,265,MoveLeft,2347,265,None
8354,1073,265,None,2340,265,MoveLeft
8355,1066,265,MoveLeft,2340,265,None
8355,1066,265,None,2333,265,MoveLeft
8356,1059,265,MoveLeft,2333,265,None
8356,1059,265,None,2326,265,MoveLeft
8357,1052,265,MoveLeft,2326,265,None
8357,1052,265,None,2319,265,MoveLeft
8358,1045,265,MoveLeft,2319,265,None
8358,1045,265,None,2312,265,MoveLeft
8359,1038,265,MoveLeft,2312,265,None
8359,1038,265,None,2305,265,MoveLeft
8360,1031,265,MoveLeft,2305,265,None
8360,1031,265,None,2298,265,MoveLeft
8361,1024,265,MoveLeft,2298,265,None
8361,1024,265,None,2291,265,MoveLeft
8362,1017,265,MoveLeft,2291,265,None
8362,1017,265,None,2284,265,MoveLeft
8363,1010,265,MoveLeft,2284,265,None
8363,1010,265,None,2277,265,MoveLeft
8364,1003,265,MoveLeft,2277,265,None
8364,1003,265,None,2270,265,MoveLeft
8365,996,265,MoveLeft,2270,265,None
8365,996,265,None,2263,265,MoveLeft
8366,989,265,MoveLeft,2263,265,None
8366,989,265,None,2256,265,MoveLeft
8367,982,265,MoveLeft,2256,265,None
8367,982,265,None,2249,265,MoveLeft
8368,975,265,MoveLeft,2249,265,None
8368,975,265,None,2242,265,MoveLeft
8369,968,265,MoveLeft,2242,265,None
8369,968,265,None,2235,265,MoveLeft
8370,961,265,MoveLeft,2235,265,None
8370,961,265,None,2228,265,MoveLeft
8371,954,265,MoveLeft,2228,265,None
8371,954,265,None,2221,265,MoveLeft
8372,947,265,MoveLeft,2221,265,None
8372,947,265,None,2214,265,MoveLeft
8373,940,265,MoveLeft,2214,265,None
8373,940,265,None,2207,265,MoveLeft
8374,933,265,MoveLeft,2207,265,None
8374,933,265,None,2200,265,MoveLeft
8375,926,265,MoveLeft,2200,265,None
8375,926,265,None,2193,265,MoveLeft
8376,919,265,MoveLeft,2193,265,None
8376,919,265,None,2186,265,MoveLeft
8377,912,265,MoveLeft,2186,265,None
8377,912,265,None,2179,265,MoveLeft
8378,905,265,MoveLeft,2179,265,None
8378,905,265,None,2172,265,MoveLeft
8379,898,265,MoveLeft,2172,265,None
8379,898,265,None,2165,265,MoveLeft
8380,891,265,MoveLeft,2165,265,None
8380,891,265,None,2158,265,MoveLeft
8381,884,265,MoveLeft,2158,265,None
8381,884,265,None,2151,265,MoveLeft
8382,877,265,MoveLeft,2151,265,None
8382,877,265,None,2144,265,MoveLeft
8383,870,265,MoveLeft,2144,265,None
8383,870,265,None,2137,265,MoveLeft
8384,870,265,None,2130,265,MoveLeft
8385,870,265,None,2123,265,MoveLeft
8386,870,265,None,2116,265,MoveLeft
8387,870,265,None,2109,265,MoveLeft
8388,870,265,None,2102,265,MoveLeft
8389,870,265,None,2095,265,MoveLeft
8390,870,265,None,2088,265,MoveLeft
8391,870,265,None,2081,265,MoveLeft
8392,870,265,None,2074,265,MoveLeft
8393,870,265,None,2067,265,MoveLeft
8394,870,265,None,2067,265,None
8394,870,265,None,2060,265,MoveLeft
8395,870,265,None,2060,265,None
8395,870,265,None,2053,265,MoveLeft
8396,870,265,None,2053,265,None
8396,870,265,None,2046,265,MoveLeft
8397,870,265,None,2046,265,None
8397,870,265,None,2039,265,MoveLeft
8398,870,265,Bump,2039,265,None
8398,870,265,None,2039,265,None
8398,870,265,None,2032,265,MoveLeft
8399,870,265,None,2025,265,MoveLeft
8400,870,265,None,2018,265,MoveLeft
8401,870,265,None,2011,265,MoveLeft
8402,870,265,None,2004,265,MoveLeft
8403,870,265,None,1997,265,MoveLeft
8404,870,265,None,1990,265,MoveLeft
8405,870,265,None,1983,265,MoveLeft
8406,870,265,None,1976,265,MoveLeft
8407,870,265,None,1969,265,MoveLeft
8408,870,265,None,1962,265,MoveLeft
8409,870,265,None,1955,265,MoveLeft
8410,870,265,None,1948,265,MoveLeft
8411,870,265,None,1941,265,MoveLeft
8412,870,265,None,1934,265,MoveLeft
8413,870,265,None,1927,265,MoveLeft
8414,870,265,None,1920,265,MoveLeft
8415,870,265,None,1913,265,MoveLeft
8416,870,265,None,1906,265,MoveLeft
8417,870,265,None,1899,265,MoveLeft
8418,870,265,None,1892,265,MoveLeft
8419,870,265,None,1885,265,MoveLeft
8420,870,265,None,1878,265,MoveLeft
8421,870,265,None,1871,265,MoveLeft
8422,870,265,None,1864,265,MoveLeft
8423,870,265,None,1857,265,MoveLeft
8424,870,265,None,1850,265,MoveLeft
8425,870,265,None,1843,265,MoveLeft
8426,870,265,None,1836,265,MoveLeft
8427,870,265,None,1829,265,MoveLeft
8428,870,265,None,1822,265,MoveLeft
8429,870,265,None,1815,265,MoveLeft
8430,870,265,None,1808,265,MoveLeft
8431,870,265,None,1801,265,MoveLeft
8432,870,265,None,1794,265,MoveLeft
8433,870,265,None,1787,265,MoveLeft
8434,870,265,None,1780,265,MoveLeft
8435,870,265,None,1773,265,MoveLeft
8436,870,265,None,1766,265,MoveLeft
8437,870,265,None,1759,265,MoveLeft
8438,870,265,None,1752,265,MoveLeft
8439,870,265,None,1745,265,MoveLeft
8440,870,265,None,1738,265,MoveLeft
8441,870,265,None,1731,265,MoveLeft
8442,870,265,None,1724,265,MoveLeft
8443,870,265,None,1717,265,MoveLeft
8444,870,265,None,1710,265,MoveLeft
8445,870,265,None,1703,265,MoveLeft
8446,870,265,None,1696,265,MoveLeft
8447,870,265,None,1689,265,MoveLeft
8448,877,265,MoveRight,1689,265,None
8448,877,265,None,1682,265,MoveLeft
8449,884,265,MoveRight,1682,265,None
8449,884,265,None,1675,265,MoveLeft
8450,891,265,MoveRight,1675,265,None
8450,891,265,None,1668,265,MoveLeft
8451,898,265,MoveRight,1668,265,None
8451,898,265,None,1661,265,MoveLeft
8452,905,265,MoveRight,1661,265,None
8452,905,265,None,1654,265,MoveLeft
8453,912,265,MoveRight,1654,265,None
8453,912,265,None,1647,265,MoveLeft
8454,919,265,MoveRight,1647,265,None
8454,919,265,None,1640,265,MoveLeft
8455,926,265,MoveRight,1640,265,None
8455,926,265,None,1633,265,MoveLeft
8456,933,265,MoveRight,1633,265,None
8456,933,265,None,1626,265,MoveLeft
8457,940,265,MoveRight,1626,265,None
8457,940,265,None,1619,265,MoveLeft
8458,947,265,MoveRight,1619,265,None
8458,947,265,None,1612,265,MoveLeft
8459,954,265,MoveRight,1612,265,None
8459,954,265,None,1605,265,MoveLeft
8460,961,265,MoveRight,1605,265,None
8460,961,265,None,1598,265,MoveLeft
8461,961,265,None,1591,265,MoveLeft
8462,961,265,None,1584,265,MoveLeft
8463,961,265,None,1577,265,MoveLeft
8464,961,265,None,1570,265,MoveLeft
8465,961,265,None,1563,265,MoveLeft
8466,961,265,None,1556,265,MoveLeft
8467,961,265,None,1549,265,MoveLeft
8468,961,265,None,1542,265,MoveLeft
8469,961,265,None,1535,265,MoveLeft
8470,961,265,None,1528,265,MoveLeft
8471,961,265,None,1521,265,MoveLeft
8472,961,265,None,1514,265,MoveLeft
8473,961,265,None,1507,265,MoveLeft
8474,961,265,None,1500,265,MoveLeft
8475,961,265,None,1493,265,MoveLeft
8476,961,265,None,1486,265,MoveLeft
8477,961,265,None,1479,265,MoveLeft
8478,961,265,None,1472,265,MoveLeft
8479,961,265,None,1465,265,MoveLeft
8480,961,265,None,1458,265,MoveLeft
8481,961,265,None,1451,265,MoveLeft
8501,961,265,None,1451,265,SpikeLight
8501,961,265,None,1451,265,None
8506,968,265,MoveRight,1451,265,None
8507,975,265,MoveRight,1451,265,None
8508,982,265,MoveRight,1451,265,None
8509,989,265,MoveRight,1451,265,None
8510,996,265,MoveRight,1451,265,None
8511,1003,265,MoveRight,1451,265,None
8512,1010,265,MoveRight,1451,265,None
8512,1010,265,None,1458,265,MoveRight
8513,1017,265,MoveRight,1458,265,None
8513,1017,265,None,1465,265,MoveRight
8514,1024,265,MoveRight,1465,265,None
8514,1024,265,None,1472,265,MoveRight
8515,1031,265,MoveRight,1472,265,None
8515,1031,265,None,1479,265,MoveRight
8516,1038,265,MoveRight,1479,265,None
8516,1038,265,None,1486,265,MoveRight
8517,1045,265,MoveRight,1486,265,None
8517,1045,265,None,1493,265,MoveRight
8518,1052,265,MoveRight,1493,265,None
8518,1052,265,None,1500,265,MoveRight
8519,1059,265,MoveRight,1500,265,None
8519,1059,265,None,1507,265,MoveRight
8520,1066,265,MoveRight,1507,265,None
8520,1066,265,None,1514,265,MoveRight
8521,1073,265,MoveRight,1514,265,None
8521,1073,265,None,1521,265,MoveRight
8522,1080,265,MoveRight,1521,265,None
8522,1080,265,None,1528,265,MoveRight
8523,1087,265,MoveRight,1528,265,None
8523,1087,265,None,1535,265,MoveRight
8524,1094,265,MoveRight,1535,265,None
8524,1094,265,None,1542,265,MoveRight
8525,1101,265,MoveRight,1542,265,None
8525,1101,265,None,1549,265,MoveRight
8526,1108,265,MoveRight,1549,265,None
8526,1108,265,None,1556,265,MoveRight
8527,1115,265,MoveRight,1556,265,None
8527,1115,265,None,1563,265,MoveRight
8528,1115,265,None,1570,265,MoveRight
8529,1115,265,None,1577,265,MoveRight
8530,1115,265,None,1584,265,MoveRight
8531,1115,265,None,1591,265,MoveRight
8532,1115,265,None,1598,265,MoveRight
8533,1115,265,None,1605,265,MoveRight
8534,1115,265,None,1612,265,MoveRight
8535,1115,265,None,1619,265,MoveRight
8536,1115,265,None,1626,265,MoveRight
8537,1115,265,None,1633,265,MoveRight
8538,1115,265,None,1640,265,MoveRight
8539,1115,265,None,1647,265,MoveRight
8540,1115,265,None,1654,265,MoveRight
8541,1115,265,None,1661,265,MoveRight
8542,1115,265,None,1668,265,MoveRight
8543,1115,265,None,1675,265,MoveRight
8544,1115,265,None,1682,265,MoveRight
8545,1115,265,None,1689,265,MoveRight
8546,1115,265,None,1696,265,MoveRight
8547,1115,265,None,1703,265,MoveRight
8548,1115,265,None,1710,265,MoveRight
8549,1115,265,None,1717,265,MoveRight
8550,1115,265,None,1724,265,MoveRight
8551,1115,265,None,1724,265,None
8552,1115,265,None,1724,265,None
8552,1115,265,None,1724,265,None
8553,1115,265,None,1724,265,None
8553,1115,265,None,1724,265,None
8554,1115,265,None,1724,265,None
8554,1115,265,None,1724,265,None
8555,1115,265,None,1724,265,None
8555,1115,265,None,1724,265,None
8556,1115,265,None,1724,265,None
8556,1115,265,None,1724,265,None
8557,1115,265,None,1724,265,None
8557,1115,265,None,1724,265,None
8558,1115,265,Bump,1724,265,None
8558,1115,265,None,1724,265,None
8558,1115,265,None,1724,265,None
8559,1115,265,None,1717,265,MoveLeft
8560,1115,265,None,1710,265,MoveLeft
8561,1115,265,None,1703,265,MoveLeft
8562,1115,265,None,1696,265,MoveLeft
8563,1115,265,None,1689,265,MoveLeft
8564,1115,265,None,1682,265,MoveLeft
8565,1115,265,None,1675,265,MoveLeft
8566,1115,265,None,1668,265,MoveLeft
8567,1115,265,None,1661,265,MoveLeft
8568,1115,265,None,1654,265,MoveLeft
8569,1115,265,None,1647,265,MoveLeft
8570,1115,265,None,1640,265,MoveLeft
8571,1115,265,None,1633,265,MoveLeft
8586,1108,265,MoveLeft,1633,265,None
8587,1101,265,MoveLeft,1633,265,None
8588,1094,265,MoveLeft,1633,265,None
8589,1087,265,MoveLeft,1633,265,None
8590,1080,265,MoveLeft,1633,265,None
8591,1073,265,MoveLeft,1633,265,None
8592,1066,265,MoveLeft,1633,265,None
8593,1059,265,MoveLeft,1633,265,None
8594,1052,265,MoveLeft,1633,265,None
8595,1045,265,MoveLeft,1633,265,None
8596,1038,265,MoveLeft,1633,265,None
8597,1031,265,MoveLeft,1633,265,None
8598,1024,265,MoveLeft,1633,265,None
8599,1017,265,MoveLeft,1633,265,None
8600,1010,265,MoveLeft,1633,265,None
8601,1003,265,MoveLeft,1633,265,None
8602,996,265,MoveLeft,1633,265,None
8603,989,265,MoveLeft,1633,265,None
8604,982,265,MoveLeft,1633,265,None
8605,975,265,MoveLeft,1633,265,None
8606,968,265,MoveLeft,1633,265,None
8607,961,265,MoveLeft,1633,265,None
8608,954,265,MoveLeft,1633,265,None
8656,954,265,None,1633,265,SpikeLight
8656,954,265,None,1633,265,None
8658,961,265,MoveRight,1633,265,None
8659,968,265,MoveRight,1633,265,None
8660,975,265,MoveRight,1633,265,None
8661,982,265,MoveRight,1633,265,None
8662,989,265,MoveRight,1633,265,None
8663,996,265,MoveRight,1633,265,None
8664,1003,265,MoveRight,1633,265,None
8665,1010,265,MoveRight,1633,265,None
8666,1017,265,MoveRight,1633,265,None
8666,1017,265,None,1640,265,MoveRight
8667,1024,265,MoveRight,1640,265,None
8667,1024,265,None,1647,265,MoveRight
8668,1031,265,MoveRight,1647,265,None
8668,1031,265,None,1654,265,MoveRight
8669,1038,265,MoveRight,1654,265,None
8669,1038,265,None,1661,265,MoveRight
8670,1045,265,MoveRight,1661,265,None
8670,1045,265,None,1668,265,MoveRight
8671,1052,265,MoveRight,1668,265,None
8671,1052,265,None,1675,265,MoveRight
8672,1059,265,MoveRight,1675,265,None
8672,1059,265,None,1682,265,MoveRight
8673,1066,265,MoveRight,1682,265,None
8673,1066,265,None,1689,265,MoveRight
8674,1073,265,MoveRight,1689,265,None
8674,1073,265,None,1696,265,MoveRight
8675,1080,265,MoveRight,1696,265,None
8675,1080,265,None,1703,265,MoveRight
8676,1087,265,MoveRight,1703,265,None
8676,1087,265,None,1710,265,MoveRight
8677,1094,265,MoveRight,1710,265,None
8677,1094,265,None,1717,265,MoveRight
8678,1101,265,MoveRight,1717,265,None
8678,1101,265,None,1724,265,MoveRight
8679,1108,265,MoveRight,1724,265,None
8679,1108,265,None,1724,265,None
8680,1115,265,MoveRight,1724,265,None
8680,1115,265,None,1724,265,None
8681,1122,265,MoveRight,1724,265,None
8681,1122,265,None,1724,265,None
8682,1129,265,MoveRight,1724,265,None
8682,1129,265,None,1724,265,None
8683,1136,265,MoveRight,1724,265,None
8683,1136,265,None,1724,265,None
8684,1143,265,MoveRight,1724,265,None
8684,1143,265,None,1724,265,None
8685,1150,265,MoveRight,1724,265,None
8685,1150,265,None,1724,265,None
8686,1157,265,MoveRight,1724,265,None
8686,1157,265,None,1724,265,None
8687,1164,265,MoveRight,1724,265,None
8687,1164,265,None,1724,265,None
8688,1171,265,MoveRight,1724,265,None
8688,1171,265,None,1724,265,None
8689,1178,265,MoveRight,1724,265,None
8689,1178,265,None,1724,265,None
8690,1185,265,MoveRight,1724,265,None
8690,1185,265,None,1724,265,None
8691,1192,265,MoveRight,1724,265,None
8691,1192,265,None,1724,265,None
8692,1199,265,MoveRight,1724,265,None
8692,1199,265,None,1724,265,None
8693,1206,265,MoveRight,1724,265,None
8693,1206,265,None,1724,265,None
8694,1213,265,MoveRight,1724,265,None
8694,1213,265,None,1724,265,None
8695,1213,265,None,1724,265,None
8696,1213,265,None,1724,265,None
8697,1213,265,None,1724,265,None
8698,1213,265,None,1724,265,None
8699,1213,265,None,1724,265,None
8700,1213,265,None,1724,265,None
8701,1213,265,None,1724,265,None
8702,1213,265,None,1724,265,None
8703,1213,265,None,1724,265,None
8704,1213,265,None,1724,265,None
8705,1213,265,None,1724,265,None
8706,1213,265,None,1724,265,None
8707,1213,265,None,1724,265,None
8708,1213,265,None,1724,265,None
8709,1213,265,None,1724,265,None
8710,1213,265,None,1724,265,None
8711,1213,265,None,1724,265,None
8712,1213,265,None,1724,265,None
8713,1213,265,None,1724,265,None
8714,1213,265,None,1724,265,None
8715,1213,265,None,1724,265,None
8716,1213,265,None,1724,265,None
8717,1213,265,None,1724,265,None
8718,1213,265,None,1724,265,None
8719,1220,265,MoveRight,1724,265,None
8719,1220,265,None,1724,265,None
8720,1143,265,MoveLeft,2410,265,None
8721,1136,265,MoveLeft,2410,265,None
8722,1129,265,MoveLeft,2410,265,None
8723,1122,265,MoveLeft,2410,265,None
8724,1115,265,MoveLeft,2410,265,None
8725,1108,265,MoveLeft,2410,265,None
8726,1101,265,MoveLeft,2410,265,None
8727,1094,265,MoveLeft,2410,265,None
8728,1087,265,MoveLeft,2410,265,None
8729,1080,265,MoveLeft,2410,265,None
8770,1080,265,None,2410,265,Serve
8770,1080,265,None,2410,265,None
8789,1073,265,MoveLeft,2410,265,None
8790,1066,265,MoveLeft,2410,265,None
8790,1066,265,None,2403,265,MoveLeft
8791,1059,265,MoveLeft,2403,265,None
8791,1059,265,None,2396,265,MoveLeft
8792,1052,265,MoveLeft,2396,265,None
8792,1052,265,None,2389,265,MoveLeft
8793,1045,265,MoveLeft,2389,265,None
8793,1045,265,None,2382,265,MoveLeft
8794,1038,265,MoveLeft,2382,265,None
8794,1038,265,None,2375,265,MoveLeft
8795,1031,265,MoveLeft,2375,265,None
8795,1031,265,None,2368,265,MoveLeft
8796,1024,265,MoveLeft,2368,265,None
8796,1024,265,None,2361,265,MoveLeft
8797,1017,265,MoveLeft,2361,265,None
8797,1017,265,None,2354,265,MoveLeft
8798,1010,265,MoveLeft,2354,265,None
8798,1010,265,None,2347,265,MoveLeft
8799,1003,265,MoveLeft,2347,265,None
8799,1003,265,None,2340,265,MoveLeft
8800,996,265,MoveLeft,2340,265,None
8800,996,265,None,2333,265,MoveLeft
8801,989,265,MoveLeft,2333,265,None
8801,989,265,None,2326,265,MoveLeft
8802,982,265,MoveLeft,2326,265,None
8802,982,265,None,2319,265,MoveLeft
8803,975,265,MoveLeft,2319,265,None
8803,975,265,None,2312,265,MoveLeft
8804,968,265,MoveLeft,2312,265,None
8804,968,265,None,2305,265,MoveLeft
8805,961,265,MoveLeft,2305,265,None
8805,961,265,None,2298,265,MoveLeft
8806,954,265,MoveLeft,2298,265,None
8806,954,265,None,2291,265,MoveLeft
8807,947,265,MoveLeft,2291,265,None
8807,947,265,None,2284,265,MoveLeft
8808,940,265,MoveLeft,2284,265,None
8808,940,265,None,2277,265,MoveLeft
8809,933,265,MoveLeft,2277,265,None
8809,933,265,None,2270,265,MoveLeft
8810,926,265,MoveLeft,2270,265,None
8810,926,265,None,2263,265,MoveLeft
8811,919,265,MoveLeft,2263,265,None
8811,919,265,None,2256,265,MoveLeft
8812,912,265,MoveLeft,2256,265,None
8812,912,265,None,2249,265,MoveLeft
8813,905,265,MoveLeft,2249,265,None
8813,905,265,None,2242,265,MoveLeft
8814,898,265,MoveLeft,2242,265,None
8814,898,265,None,2235,265,MoveLeft
8815,891,265,MoveLeft,2235,265,None
8815,891,265,None,2228,265,MoveLeft
8816,884,265,MoveLeft,2228,265,None
8816,884,265,None,2221,265,MoveLeft
8817,877,265,MoveLeft,2221,265,None
8817,877,265,None,2214,265,MoveLeft
8818,870,265,MoveLeft,2214,265,None
8818,870,265,None,2207,265,MoveLeft
8819,870,265,None,2207,265,None
8819,870,265,None,2200,265,MoveLeft
8820,870,265,None,2200,265,None
8820,870,265,None,2193,265,MoveLeft
8821,870,265,None,2193,265,None
8821,870,265,None,2186,265,MoveLeft
8822,870,265,None,2186,265,None
8822,870,265,None,2179,265,MoveLeft
8823,870,265,None,2179,265,None
8823,870,265,None,2172,265,MoveLeft
8824,870,265,None,2172,265,None
8824,870,265,None,2165,265,MoveLeft
8825,870,265,None,2165,265,None
8825,870,265,None,2158,265,MoveLeft
8826,870,265,None,2158,265,None
8826,870,265,None,2151,265,MoveLeft
8827,870,265,None,2151,265,None
8827,870,265,None,2144,265,MoveLeft
8828,870,265,None,2144,265,None
8828,870,265,None,2137,265,MoveLeft
8829,870,265,None,2137,265,None
8829,870,265,None,2130,265,MoveLeft
8830,870,265,None,2130,265,None
8830,870,265,None,2123,265,MoveLeft
8831,870,265,None,2123,265,None
8831,870,265,None,2116,265,MoveLeft
8832,870,265,None,2116,265,None
8832,870,265,None,2109,265,MoveLeft
8833,870,265,None,2109,265,None
8833,870,265,None,2102,265,MoveLeft
8834,870,265,None,2102,265,None
8834,870,265,None,2095,265,MoveLeft
8835,870,265,None,2095,265,None
8835,870,265,None,2088,265,MoveLeft
8836,870,265,None,2088,265,None
8836,870,265,None,2081,265,MoveLeft
8837,870,265,None,2081,265,None
8837,870,265,None,2074,265,MoveLeft
8838,870,265,None,2074,265,None
8838,870,265,None,2067,265,MoveLeft
8839,870,265,None,2067,265,None
8839,870,265,None,2060,265,MoveLeft
8840,870,265,None,2060,265,None
8840,870,265,None,2053,265,MoveLeft
8841,870,265,None,2053,265,None
8841,870,265,None,2046,265,MoveLeft
8842,870,265,Bump,2046,265,None
8842,870,265,None,2046,265,None
8842,870,265,None,2039,265,MoveLeft
8843,870,265,None,2032,265,MoveLeft
8844,870,265,None,2025,265,MoveLeft
8845,870,265,None,2018,265,MoveLeft
8846,870,265,None,2011,265,MoveLeft
8847,870,265,None,2004,265,MoveLeft
8848,870,265,None,1997,265,MoveLeft
8849,870,265,None,1990,265,MoveLeft
8850,870,265,None,1983,265,MoveLeft
8851,870,265,None,1976,265,MoveLeft
8852,870,265,None,1969,265,MoveLeft
8853,870,265,None,1962,265,MoveLeft
8854,870,265,None,1955,265,MoveLeft
8855,870,265,None,1948,265,MoveLeft
8856,870,265,None,1941,265,MoveLeft
8857,870,265,None,1934,265,MoveLeft
8858,870,265,None,1927,265,MoveLeft
8859,870,265,None,1920,265,MoveLeft
8860,870,265,None,1913,265,MoveLeft
8861,870,265,None,1906,265,MoveLeft
8862,870,265,None,1899,265,MoveLeft
8863,870,265,None,1892,265,MoveLeft
8864,870,265,None,1885,265,MoveLeft
8865,870,265,None,1878,265,MoveLeft
8866,870,265,None,1871,265,MoveLeft
8867,870,265,None,1864,265,MoveLeft
8868,870,265,None,1857,265,MoveLeft
8869,870,265,None,1850,265,MoveLeft
8870,870,265,None,1843,265,MoveLeft
8871,870,265,None,1836,265,MoveLeft
8872,870,265,None,1829,265,MoveLeft
8873,870,265,None,1822,265,MoveLeft
8874,870,265,None,1815,265,MoveLeft
8875,870,265,None,1808,265,MoveLeft
8876,870,265,None,1801,265,MoveLeft
8877,870,265,None,1794,265,MoveLeft
8878,870,265,None,1787,265,MoveLeft
8879,870,265,None,1780,265,MoveLeft
8880,870,265,None,1773,265,MoveLeft
8881,870,265,None,1766,265,MoveLeft
8882,870,265,None,1759,265,MoveLeft
8883,870,265,None,1752,265,MoveLeft
8884,870,265,None,1745,265,MoveLeft
8885,870,265,None,1738,265,MoveLeft
8886,870,265,None,1731,265,MoveLeft
8887,870,265,None,1724,265,MoveLeft
8888,870,265,None,1717,265,MoveLeft
8889,870,265,None,1710,265,MoveLeft
8890,870,265,None,1703,265,MoveLeft
8891,870,265,None,1696,265,MoveLeft
8892,870,265,None,1689,265,MoveLeft
8893,870,265,None,1682,265,MoveLeft
8894,870,265,None,1675,265,MoveLeft
8895,870,265,None,1668,265,MoveLeft
8896,870,265,None,1661,265,MoveLeft
8897,870,265,None,1654,265,MoveLeft
8898,870,265,None,1647,265,MoveLeft
8899,870,265,None,1640,265,MoveLeft
8900,870,265,None,1633,265,MoveLeft
8901,870,265,None,1626,265,MoveLeft
8902,870,265,None,1619,265,MoveLeft
8903,870,265,None,1612,265,MoveLeft
8904,870,265,None,1605,265,MoveLeft
8905,870,265,None,1598,265,MoveLeft
8906,870,265,None,1591,265,MoveLeft
8907,870,265,None,1584,265,MoveLeft
8908,870,265,None,1577,265,MoveLeft
8909,870,265,None,1570,265,MoveLeft
8910,870,265,None,1563,265,MoveLeft
8911,870,265,None,1556,265,MoveLeft
8912,870,265,None,1549,265,MoveLeft
8913,870,265,None,1542,265,MoveLeft
8914,870,265,None,1535,265,MoveLeft
8915,870,265,None,1528,265,MoveLeft
8916,870,265,None,1521,265,MoveLeft
8917,870,265,None,1514,265,MoveLeft
8918,870,265,None,1507,265,MoveLeft
8919,870,265,None,1500,265,MoveLeft
8920,870,265,None,1493,265,MoveLeft
8921,870,265,None,1486,265,MoveLeft
8922,870,265,None,1479,265,MoveLeft
8923,870,265,None,1472,265,MoveLeft
8924,870,265,None,1465,265,MoveLeft
8925,870,265,None,1458,265,MoveLeft
8926,870,265,None,1451,265,MoveLeft
8945,870,265,None,1451,265,SpikeLight
8945,870,265,None,1451,265,None
8956,870,265,None,1458,265,MoveRight
8957,870,265,None,1465,265,MoveRight
8958,870,265,None,1472,265,MoveRight
8959,877,265,MoveRight,1472,265,None
8959,877,265,None,1479,265,MoveRight
8960,884,265,MoveRight,1479,265,None
8960,884,265,None,1486,265,MoveRight
8961,891,265,MoveRight,1486,265,None
8961,891,265,None,1493,265,MoveRight
8962,898,265,MoveRight,1493,265,None
8962,898,265,None,1500,265,MoveRight
8963,905,265,MoveRight,1500,265,None
8963,905,265,None,1507,265,MoveRight
8964,912,265,MoveRight,1507,265,None
8964,912,265,None,1514,265,MoveRight
8965,919,265,MoveRight,1514,265,None
8965,919,265,None,1521,265,MoveRight
8966,926,265,MoveRight,1521,265,None
8966,926,265,None,1528,265,MoveRight
8967,933,265,MoveRight,1528,265,None
8967,933,265,None,1535,265,MoveRight
8968,940,265,MoveRight,1535,265,None
8968,940,265,None,1542,265,MoveRight
8969,947,265,MoveRight,1542,265,None
8969,947,265,None,1549,265,MoveRight
8970,954,265,MoveRight,1549,265,None
8970,954,265,None,1556,265,MoveRight
8971,961,265,MoveRight,1556,265,None
8971,961,265,None,1563,265,MoveRight
8972,968,265,MoveRight,1563,265,None
8972,968,265,None,1570,265,MoveRight
8973,975,265,MoveRight,1570,265,None
8973,975,265,None,1577,265,MoveRight
8974,982,265,MoveRight,1577,265,None
8974,982,265,None,1584,265,MoveRight
8975,989,265,MoveRight,1584,265,None
8975,989,265,None,1591,265,MoveRight
8976,996,265,MoveRight,1591,265,None
8976,996,265,None,1598,265,MoveRight
8977,1003,265,MoveRight,1598,265,None
8977,1003,265,None,1605,265,MoveRight
8978,1010,265,MoveRight,1605,265,None
8978,1010,265,None,1612,265,MoveRight
8979,1017,265,MoveRight,1612,265,None
8979,1017,265,None,1619,265,MoveRight
8980,1024,265,MoveRight,1619,265,None
8980,1024,265,None,1626,265,MoveRight
8981,1031,265,MoveRight,1626,265,None
8981,1031,265,None,1633,265,MoveRight
8982,1038,265,MoveRight,1633,265,None
8982,1038,265,None,1640,265,MoveRight
8983,1045,265,MoveRight,1640,265,None
8983,1045,265,None,1647,265,MoveRight
8984,1052,265,MoveRight,1647,265,None
8984,1052,265,None,1654,265,MoveRight
8985,1059,265,MoveRight,1654,265,None
8985,1059,265,None,1661,265,MoveRight
8986,1066,265,MoveRight,1661,265,None
8986,1066,265,None,1668,265,MoveRight
8987,1073,265,MoveRight,1668,265,None
8987,1073,265,None,1675,265,MoveRight
8988,1080,265,MoveRight,1675,265,None
8988,1080,265,None,1682,265,MoveRight
8989,1087,265,MoveRight,1682,265,None
8989,1087,265,None,1689,265,MoveRight
8990,1094,265,MoveRight,1689,265,None
8990,1094,265,None,1696,265,MoveRight
8991,1101,265,MoveRight,1696,265,None
8991,1101,265,None,1703,265,MoveRight
8992,1108,265,MoveRight,1703,265,None
8992,1108,265,None,1710,265,MoveRight
8993,1108,265,None,1710,265,None
8993,1108,265,None,1717,265,MoveRight
8994,1108,265,None,1717,265,None
8994,1108,265,None,1724,265,MoveRight
8995,1108,265,None,1724,265,None
8995,1108,265,None,1724,265,None
8996,1108,265,None,1724,265,None
8996,1108,265,None,1724,265,None
8997,1108,265,None,1724,265,None
8997,1108,265,None,1724,265,None
8998,1108,265,None,1724,265,None
8998,1108,265,None,1724,265,None
8999,1108,265,None,1724,265,None
8999,1108,265,None,1724,265,None
9000,1108,265,None,1724,265,None
9000,1108,265,None,1724,265,None
9001,1108,265,None,1724,265,None
9001,1108,265,None,1724,265,None
9002,1108,265,Bump,1724,265,None
9002,1108,265,None,1724,265,None
9002,1108,265,None,1724,265,None
9003,1108,265,None,1717,265,MoveLeft
9004,1108,265,None,1710,265,MoveLeft
9005,1108,265,None,1703,265,MoveLeft
9006,1108,265,None,1696,265,MoveLeft
9007,1108,265,None,1689,265,MoveLeft
9008,1108,265,None,1682,265,MoveLeft
9009,1108,265,None,1675,265,MoveLeft
9010,1108,265,None,1668,265,MoveLeft
9011,1108,265,None,1661,265,MoveLeft
9012,1108,265,None,1654,265,MoveLeft
9013,1108,265,None,1647,265,MoveLeft
9014,1108,265,None,1640,265,MoveLeft
9015,1108,265,None,1633,265,MoveLeft
9054,1115,265,MoveRight,1633,265,None
9055,1122,265,MoveRight,1633,265,None
9056,1129,265,MoveRight,1633,265,None
9057,1136,265,MoveRight,1633,265,None
9058,1143,265,MoveRight,1633,265,None
9059,1150,265,MoveRight,1633,265,None
9060,1157,265,MoveRight,1633,265,None
9061,1164,265,MoveRight,1633,265,None
9062,1171,265,MoveRight,1633,265,None
9063,1178,265,MoveRight,1633,265,None
9064,1185,265,MoveRight,1633,265,None
9065,1192,265,MoveRight,1633,265,None
9066,1199,265,MoveRight,1633,265,None
9067,1206,265,MoveRight,1633,265,None
9068,1213,265,MoveRight,1633,265,None
9069,1220,265,MoveRight,1633,265,None
9070,1227,265,MoveRight,1633,265,None
9071,1234,265,MoveRight,1633,265,None
9072,1241,265,MoveRight,1633,265,None
9073,1248,265,MoveRight,1633,265,None
9074,1255,265,MoveRight,1633,265,None
9075,1262,265,MoveRight,1633,265,None
9076,1269,265,MoveRight,1633,265,None
9077,1276,265,MoveRight,1633,265,None
9078,1283,265,MoveRight,1633,265,None
9079,1290,265,MoveRight,1633,265,None
9080,1297,265,MoveRight,1633,265,None
9081,1304,265,MoveRight,1633,265,None
9082,1311,265,MoveRight,1633,265,None
9083,1318,265,MoveRight,1633,265,None
9084,1325,265,MoveRight,1633,265,None
9100,1326,265,None,1633,265,SpikeLight
9100,1326,265,None,1633,265,None
9101,1319,265,MoveLeft,1633,265,None
9102,1312,265,MoveLeft,1633,265,None
9103,1305,265,MoveLeft,1633,265,None
9104,1298,265,MoveLeft,1633,265,None
9105,1298,265,None,1633,265,None
9110,1298,265,None,1640,265,MoveRight
9111,1298,265,None,1647,265,MoveRight
9112,1298,265,None,1654,265,MoveRight
9113,1298,265,None,1661,265,MoveRight
9114,1298,265,None,1668,265,MoveRight
9115,1298,265,None,1675,265,MoveRight
9116,1298,265,None,1675,265,None
9116,1298,265,None,1682,265,MoveRight
9117,1298,265,None,1682,265,None
9117,1298,265,None,1689,265,MoveRight
9118,1298,265,None,1689,265,None
9118,1298,265,None,1696,265,MoveRight
9119,1298,265,None,1696,265,None
9119,1298,265,None,1703,265,MoveRight
9120,1298,265,None,1703,265,None
9120,1298,265,None,1710,265,MoveRight
9121,1298,265,None,1710,265,None
9121,1298,265,None,1717,265,MoveRight
9122,1298,265,None,1717,265,None
9122,1298,265,None,1724,265,MoveRight
9123,1298,265,None,1724,265,None
9123,1298,265,None,1724,265,None
9124,1298,265,None,1724,265,None
9124,1298,265,None,1724,265,None
9125,1298,265,None,1724,265,None
9125,1298,265,None,1724,265,None
9126,1298,265,None,1724,265,None
9126,1298,265,None,1724,265,None
9127,1298,265,None,1724,265,None
9127,1298,265,None,1724,265,None
9128,1298,265,None,1724,265,None
9128,1298,265,None,1724,265,None
9129,1298,265,None,1724,265,None
9129,1298,265,None,1724,265,None
9130,1298,265,None,1724,265,None
9130,1298,265,None,1724,265,None
9131,1298,265,None,1724,265,None
9131,1298,265,None,1724,265,None
9132,1298,265,None,1724,265,None
9132,1298,265,None,1724,265,None
9133,1298,265,None,1724,265,None
9133,1298,265,None,1724,265,None
9134,1298,265,None,1724,265,None
9134,1298,265,None,1724,265,None
9135,1298,265,None,1724,265,None
9135,1298,265,None,1724,265,None
9136,1298,265,None,1724,265,None
9136,1298,265,None,1724,265,None
9137,1298,265,None,1724,265,None
9137,1298,265,None,1724,265,None
9138,1298,265,None,1724,265,None
9138,1298,265,None,1724,265,None
9139,1298,265,None,1724,265,None
9139,1298,265,None,1724,265,None
9140,1298,265,None,1724,265,None
9140,1298,265,None,1724,265,None
9141,1298,265,None,1724,265,None
9141,1298,265,None,1724,265,None
9142,1298,265,None,1724,265,None
9142,1298,265,None,1724,265,None
9143,1298,265,None,1724,265,None
9143,1298,265,None,1724,265,None
9144,1298,265,None,1724,265,None
9144,1298,265,None,1724,265,None
9145,1298,265,None,1724,265,None
9146,1298,265,None,1724,265,None
9147,1298,265,None,1724,265,None
9148,1298,265,None,1724,265,None
9149,1298,265,None,1724,265,None
9150,1298,265,None,1724,265,None
9151,1298,265,None,1724,265,None
9152,1298,265,None,1724,265,None
9153,1298,265,None,1724,265,None
9154,1298,265,None,1724,265,None
9155,1298,265,None,1724,265,None
9156,1298,265,None,1724,265,None
9157,1298,265,None,1724,265,None
9158,1298,265,None,1724,265,None
9159,1298,265,None,1724,265,None
9160,1298,265,None,1724,265,None
9161,1298,265,None,1724,265,None
9162,1298,265,None,1724,265,None
9163,1298,265,None,1724,265,None
9176,1143,265,MoveLeft,2410,265,None
9177,1136,265,MoveLeft,2410,265,None
9178,1129,265,MoveLeft,2410,265,None
9179,1122,265,MoveLeft,2410,265,None
9180,1115,265,MoveLeft,2410,265,None
9181,1108,265,MoveLeft,2410,265,None
9182,1101,265,MoveLeft,2410,265,None
9183,1094,265,MoveLeft,2410,265,None
9184,1087,265,MoveLeft,2410,265,None
9185,1080,265,MoveLeft,2410,265,None
9186,1073,265,MoveLeft,2410,265,None
9187,1066,265,MoveLeft,2410,265,None
9188,1059,265,MoveLeft,2410,265,None
9203,1059,265,Bump,2410,265,None
9203,1052,265,MoveLeft,2410,265,None
9204,1052,265,Bump,2410,265,None
9204,1059,265,MoveRight,2410,265,None
9205,1059,265,Bump,2410,265,None
9205,1066,265,MoveRight,2410,265,None
9206,1066,265,Bump,2410,265,None
9206,1073,265,MoveRight,2410,265,None
9207,1073,265,Bump,2410,265,None
9207,1080,265,MoveRight,2410,265,None
9208,1080,265,Bump,2410,265,None
9208,1087,265,MoveRight,2410,265,None
9209,1087,265,Bump,2410,265,None
9209,1094,265,MoveRight,2410,265,None
9210,1094,265,Bump,2410,265,None
9210,1101,265,MoveRight,2410,265,None
9211,1101,265,Bump,2410,265,None
9211,1108,265,MoveRight,2410,265,None
9212,1108,265,Bump,2410,265,None
9212,1115,265,MoveRight,2410,265,None
9213,1115,265,Bump,2410,265,None
9213,1122,265,MoveRight,2410,265,None
9214,1122,265,None,2410,265,Serve
9214,1115,265,MoveLeft,2410,265,None
9214,1115,265,None,2410,265,None
9215,1108,265,MoveLeft,2410,265,None
9216,1101,265,MoveLeft,2410,265,None
9217,1094,265,MoveLeft,2410,265,None
9218,1087,265,MoveLeft,2410,265,None
9219,1080,265,MoveLeft,2410,265,None
9220,1073,265,MoveLeft,2410,265,None
9221,1066,265,MoveLeft,2410,265,None
9222,1059,265,MoveLeft,2410,265,None
9223,1052,265,MoveLeft,2410,265,None
9224,1045,265,MoveLeft,2410,265,None
9225,1038,265,MoveLeft,2410,265,None
9226,1031,265,MoveLeft,2410,265,None
9227,1024,265,MoveLeft,2410,265,None
9228,1017,265,MoveLeft,2410,265,None
9229,1010,265,MoveLeft,2410,265,None
9230,1003,265,MoveLeft,2410,265,None
9231,996,265,MoveLeft,2410,265,None
9232,989,265,MoveLeft,2410,265,None
9233,982,265,MoveLeft,2410,265,None
9234,975,265,MoveLeft,2410,265,None
9234,975,265,None,2403,265,MoveLeft
9235,968,265,MoveLeft,2403,265,None
9235,968,265,None,2396,265,MoveLeft
9236,961,265,MoveLeft,2396,265,None
9236,961,265,None,2389,265,MoveLeft
9237,954,265,MoveLeft,2389,265,None
9237,954,265,None,2382,265,MoveLeft
9238,947,265,MoveLeft,2382,265,None
9238,947,265,None,2375,265,MoveLeft
9239,940,265,MoveLeft,2375,265,None
9239,940,265,None,2368,265,MoveLeft
9240,933,265,MoveLeft,2368,265,None
9240,933,265,None,2361,265,MoveLeft
9241,926,265,MoveLeft,2361,265,None
9241,926,265,None,2354,265,MoveLeft
9242,919,265,MoveLeft,2354,265,None
9242,919,265,None,2347,265,MoveLeft
9243,912,265,MoveLeft,2347,265,None
9243,912,265,None,2340,265,MoveLeft
9244,905,265,MoveLeft,2340,265,None
9244,905,265,None,2333,265,MoveLeft
9245,898,265,MoveLeft,2333,265,None
9245,898,265,None,2326,265,MoveLeft
9246,891,265,MoveLeft,2326,265,None
9246,891,265,None,2319,265,MoveLeft
9247,884,265,MoveLeft,2319,265,None
9247,884,265,None,2312,265,MoveLeft
9248,877,265,MoveLeft,2312,265,None
9248,877,265,None,2305,265,MoveLeft
9249,870,265,MoveLeft,2305,265,None
9249,870,265,None,2298,265,MoveLeft
9250,870,265,None,2298,265,None
9250,870,265,None,2291,265,MoveLeft
9251,870,265,None,2284,265,MoveLeft
9252,870,265,None,2277,265,MoveLeft
9253,870,265,None,2270,265,MoveLeft
9254,870,265,None,2263,265,MoveLeft
9255,870,265,None,2256,265,MoveLeft
9256,870,265,None,2249,265,MoveLeft
9257,870,265,None,2242,265,MoveLeft
9258,870,265,None,2235,265,MoveLeft
9259,870,265,None,2228,265,MoveLeft
9260,870,265,None,2221,265,MoveLeft
9261,870,265,None,2214,265,MoveLeft
9262,870,265,None,2214,265,None
9262,870,265,None,2207,265,MoveLeft
9263,870,265,None,2207,265,None
9263,870,265,None,2200,265,MoveLeft
9264,870,265,None,2200,265,None
9264,870,265,None,2193,265,MoveLeft
9265,870,265,None,2193,265,None
9265,870,265,None,2186,265,MoveLeft
9266,870,265,None,2186,265,None
9266,870,265,None,2179,265,MoveLeft
9267,870,265,None,2179,265,None
9267,870,265,None,2172,265,MoveLeft
9268,870,265,None,2172,265,None
9268,870,265,None,2165,265,MoveLeft
9269,870,265,None,2165,265,None
9269,870,265,None,2158,265,MoveLeft
9270,870,265,None,2158,265,None
9270,870,265,None,2151,265,MoveLeft
9271,870,265,None,2144,265,MoveLeft
9272,870,265,None,2137,265,MoveLeft
9273,870,265,None,2130,265,MoveLeft
9274,870,265,None,2123,265,MoveLeft
9275,870,265,None,2116,265,MoveLeft
9276,870,265,None,2109,265,MoveLeft
9277,870,265,None,2102,265,MoveLeft
9278,870,265,None,2095,265,MoveLeft
9279,870,265,None,2088,265,MoveLeft
9280,870,265,None,2081,265,MoveLeft
9281,870,265,None,2074,265,MoveLeft
9282,870,265,None,2067,265,MoveLeft
9283,870,265,None,2060,265,MoveLeft
9284,870,265,None,2053,265,MoveLeft
9285,870,265,None,2046,265,MoveLeft
9286,870,265,None,2039,265,MoveLeft
9287,870,265,None,2032,265,MoveLeft
9288,870,265,None,2025,265,MoveLeft
9289,870,265,None,2018,265,MoveLeft
9290,870,265,None,2011,265,MoveLeft
9341,1150,265,None,2410,265,Serve
9341,1150,265,None,2410,265,None
9360,1150,265,None,2403,265,MoveLeft
9361,1150,265,None,2396,265,MoveLeft
9362,1150,265,None,2389,265,MoveLeft
9363,1150,265,None,2382,265,MoveLeft
9364,1150,265,None,2375,265,MoveLeft
9365,1150,265,None,2368,265,MoveLeft
9366,1150,265,None,2361,265,MoveLeft
9367,1143,265,MoveLeft,2361,265,None
9367,1143,265,None,2354,265,MoveLeft
9368,1136,265,MoveLeft,2354,265,None
9368,1136,265,None,2347,265,MoveLeft
9369,1129,265,MoveLeft,2347,265,None
9369,1129,265,None,2340,265,MoveLeft
9370,1122,265,MoveLeft,2340,265,None
9370,1122,265,None,2333,265,MoveLeft
9371,1115,265,MoveLeft,2333,265,None
9371,1115,265,None,2326,265,MoveLeft
9372,1108,265,MoveLeft,2326,265,None
9372,1108,265,None,2319,265,MoveLeft
9373,1101,265,MoveLeft,2319,265,None
9373,1101,265,None,2312,265,MoveLeft
9374,1094,265,MoveLeft,2312,265,None
9374,1094,265,None,2305,265,MoveLeft
9375,1087,265,MoveLeft,2305,265,None
9375,1087,265,None,2298,265,MoveLeft
9376,1080,265,MoveLeft,2298,265,None
9376,1080,265,None,2291,265,MoveLeft
9377,1073,265,MoveLeft,2291,265,None
9377,1073,265,None,2284,265,MoveLeft
9378,1066,265,MoveLeft,2284,265,None
9378,1066,265,None,2277,265,MoveLeft
9379,1059,265,MoveLeft,2277,265,None
9379,1059,265,None,2270,265,MoveLeft
9380,1052,265,MoveLeft,2270,265,None
9380,1052,265,None,2263,265,MoveLeft
9381,1045,265,MoveLeft,2263,265,None
9381,1045,265,None,2256,265,MoveLeft
9382,1038,265,MoveLeft,2256,265,None
9382,1038,265,None,2249,265,MoveLeft
9383,1031,265,MoveLeft,2249,265,None
9383,1031,265,None,2242,265,MoveLeft
9384,1024,265,MoveLeft,2242,265,None
9384,1024,265,None,2235,265,MoveLeft
9385,1017,265,MoveLeft,2235,265,None
9385,1017,265,None,2228,265,MoveLeft
9386,1010,265,MoveLeft,2228,265,None
9386,1010,265,None,2221,265,MoveLeft
9387,1003,265,MoveLeft,2221,265,None
9387,1003,265,None,2214,265,MoveLeft
9388,996,265,MoveLeft,2214,265,None
9388,996,265,None,2207,265,MoveLeft
9389,989,265,MoveLeft,2207,265,None
9389,989,265,None,2200,265,MoveLeft
9390,982,265,MoveLeft,2200,265,None
9390,982,265,None,2193,265,MoveLeft
9391,975,265,MoveLeft,2193,265,None
9391,975,265,None,2186,265,MoveLeft
9392,968,265,MoveLeft,2186,265,None
9392,968,265,None,2179,265,MoveLeft
9393,961,265,MoveLeft,2179,265,None
9393,961,265,None,2172,265,MoveLeft
9394,954,265,MoveLeft,2172,265,None
9394,954,265,None,2165,265,MoveLeft
9395,947,265,MoveLeft,2165,265,None
9395,947,265,None,2158,265,MoveLeft
9396,940,265,MoveLeft,2158,265,None
9396,940,265,None,2151,265,MoveLeft
9397,933,265,MoveLeft,2151,265,None
9397,933,265,None,2144,265,MoveLeft
9398,926,265,MoveLeft,2144,265,None
9398,926,265,None,2137,265,MoveLeft
9399,919,265,MoveLeft,2137,265,None
9399,919,265,None,2130,265,MoveLeft
9400,912,265,MoveLeft,2130,265,None
9400,912,265,None,2123,265,MoveLeft
9401,905,265,MoveLeft,2123,265,None
9401,905,265,None,2116,265,MoveLeft
9402,898,265,MoveLeft,2116,265,None
9402,898,265,None,2109,265,MoveLeft
9403,891,265,MoveLeft,2109,265,None
9403,891,265,None,2102,265,MoveLeft
9404,884,265,MoveLeft,2102,265,None
9404,884,265,None,2095,265,MoveLeft
9405,877,265,MoveLeft,2095,265,None
9405,877,265,None,2088,265,MoveLeft
9406,870,265,MoveLeft,2088,265,None
9406,870,265,None,2081,265,MoveLeft
9407,870,265,None,2081,265,None
9407,870,265,None,2074,265,MoveLeft
9408,870,265,None,2074,265,None
9408,870,265,None,2067,265,MoveLeft
9409,870,265,None,2067,265,None
9409,870,265,None,2060,265,MoveLeft
9410,870,265,None,2060,265,None
9410,870,265,None,2053,265,MoveLeft
9411,870,265,None,2053,265,None
9411,870,265,None,2046,265,MoveLeft
9412,870,265,None,2046,265,None
9412,870,265,None,2039,265,MoveLeft
9413,870,265,Bump,2039,265,None
9413,870,265,None,2039,265,None
9413,870,265,None,2032,265,MoveLeft
9414,870,265,None,2025,265,MoveLeft
9415,870,265,None,2018,265,MoveLeft
9416,870,265,None,2011,265,MoveLeft
9417,870,265,None,2004,265,MoveLeft
9418,870,265,None,1997,265,MoveLeft
9419,870,265,None,1990,265,MoveLeft
9420,870,265,None,1983,265,MoveLeft
9421,870,265,None,1976,265,MoveLeft
9422,870,265,None,1969,265,MoveLeft
9423,870,265,None,1962,265,MoveLeft
9424,870,265,None,1955,265,MoveLeft
9425,870,265,None,1948,265,MoveLeft
9426,870,265,None,1941,265,MoveLeft
9427,870,265,None,1934,265,MoveLeft
9428,870,265,None,1927,265,MoveLeft
9429,870,265,None,1920,265,MoveLeft
9430,870,265,None,1913,265,MoveLeft
9431,870,265,None,1906,265,MoveLeft
9432,877,265,MoveRight,1906,265,None
9432,877,265,None,1899,265,MoveLeft
9433,884,265,MoveRight,1899,265,None
9433,884,265,None,1892,265,MoveLeft
9434,891,265,MoveRight,1892,265,None
9434,891,265,None,1885,265,MoveLeft
9435,898,265,MoveRight,1885,265,None
9435,898,265,None,1878,265,MoveLeft
9436,905,265,MoveRight,1878,265,None
9436,905,265,None,1871,265,MoveLeft
9437,912,265,MoveRight,1871,265,None
9437,912,265,None,1864,265,MoveLeft
9438,919,265,MoveRight,1864,265,None
9438,919,265,None,1857,265,MoveLeft
9439,926,265,MoveRight,1857,265,None
9439,926,265,None,1850,265,MoveLeft
9440,933,265,MoveRight,1850,265,None
9440,933,265,None,1843,265,MoveLeft
9441,940,265,MoveRight,1843,265,None
9441,940,265,None,1836,265,MoveLeft
9442,947,265,MoveRight,1836,265,None
9442,947,265,None,1829,265,MoveLeft
9443,954,265,MoveRight,1829,265,None
9443,954,265,None,1822,265,MoveLeft
9444,961,265,MoveRight,1822,265,None
9444,961,265,None,1815,265,MoveLeft
9445,968,265,MoveRight,1815,265,None
9445,968,265,None,1808,265,MoveLeft
9446,975,265,MoveRight,1808,265,None
9446,975,265,None,1801,265,MoveLeft
9447,982,265,MoveRight,1801,265,None
9447,982,265,None,1794,265,MoveLeft
9448,989,265,MoveRight,1794,265,None
9448,989,265,None,1787,265,MoveLeft
9449,989,265,None,1780,265,MoveLeft
9450,989,265,None,1773,265,MoveLeft
9451,989,265,None,1766,265,MoveLeft
9452,989,265,None,1759,265,MoveLeft
9453,989,265,None,1752,265,MoveLeft
9454,989,265,None,1745,265,MoveLeft
9455,989,265,None,1738,265,MoveLeft
9456,989,265,None,1731,265,MoveLeft
9457,989,265,None,1724,265,MoveLeft
9458,989,265,None,1717,265,MoveLeft
9459,989,265,None,1710,265,MoveLeft
9460,989,265,None,1703,265,MoveLeft
9461,989,265,None,1696,265,MoveLeft
9462,989,265,None,1689,265,MoveLeft
9463,989,265,None,1682,265,MoveLeft
9464,989,265,None,1675,265,MoveLeft
9465,989,265,None,1668,265,MoveLeft
9466,989,265,None,1661,265,MoveLeft
9467,989,265,None,1654,265,MoveLeft
9468,989,265,None,1647,265,MoveLeft
9469,989,265,None,1640,265,MoveLeft
9470,989,265,None,1633,265,MoveLeft
9471,989,265,None,1626,265,MoveLeft
9472,989,265,None,1619,265,MoveLeft
9473,989,265,None,1612,265,MoveLeft
9474,989,265,None,1605,265,MoveLeft
9475,989,265,None,1598,265,MoveLeft
9476,989,265,None,1591,265,MoveLeft
9477,989,265,None,1584,265,MoveLeft
9478,989,265,None,1577,265,MoveLeft
9479,989,265,None,1570,265,MoveLeft
9480,989,265,None,1563,265,MoveLeft
9481,989,265,None,1556,265,MoveLeft
9482,989,265,None,1549,265,MoveLeft
9483,989,265,None,1542,265,MoveLeft
9484,989,265,None,1535,265,MoveLeft
9485,989,265,None,1528,265,MoveLeft
9486,989,265,None,1521,265,MoveLeft
9487,989,265,None,1514,265,MoveLeft
9488,989,265,None,1507,265,MoveLeft
9489,989,265,None,1500,265,MoveLeft
9490,989,265,None,1493,265,MoveLeft
9491,989,265,None,1486,265,MoveLeft
9492,989,265,None,1479,265,MoveLeft
9493,989,265,None,1472,265,MoveLeft
9494,989,265,None,1465,265,MoveLeft
9495,989,265,None,1458,265,MoveLeft
9496,989,265,None,1451,265,MoveLeft
9516,989,265,None,1451,265,SpikeLight
9516,989,265,None,1451,265,None
9520,996,265,MoveRight,1451,265,None
9521,1003,265,MoveRight,1451,265,None
9522,1010,265,MoveRight,1451,265,None
9523,1017,265,MoveRight,1451,265,None
9524,1024,265,MoveRight,1451,265,None
9525,1031,265,MoveRight,1451,265,None
9526,1038,265,MoveRight,1451,265,None
9526,1038,265,None,1458,265,MoveRight
9527,1045,265,MoveRight,1458,265,None
9527,1045,265,None,1465,265,MoveRight
9528,1052,265,MoveRight,1465,265,None
9528,1052,265,None,1472,265,MoveRight
9529,1059,265,MoveRight,1472,265,None
9529,1059,265,None,1479,265,MoveRight
9530,1066,265,MoveRight,1479,265,None
9530,1066,265,None,1486,265,MoveRight
9531,1073,265,MoveRight,1486,265,None
9531,1073,265,None,1493,265,MoveRight
9532,1080,265,MoveRight,1493,265,None
9532,1080,265,None,1500,265,MoveRight
9533,1087,265,MoveRight,1500,265,None
9533,1087,265,None,1507,265,MoveRight
9534,1094,265,MoveRight,1507,265,None
9534,1094,265,None,1514,265,MoveRight
9535,1101,265,MoveRight,1514,265,None
9535,1101,265,None,1521,265,MoveRight
9536,1108,265,MoveRight,1521,265,None
9536,1108,265,None,1528,265,MoveRight
9537,1108,265,None,1528,265,None
9537,1108,265,None,1535,265,MoveRight
9538,1108,265,None,1535,265,None
9538,1108,265,None,1542,265,MoveRight
9539,1108,265,None,1542,265,None
9539,1108,265,None,1549,265,MoveRight
9540,1108,265,None,1549,265,None
9540,1108,265,None,1556,265,MoveRight
9541,1108,265,None,1556,265,None
9541,1108,265,None,1563,265,MoveRight
9542,1108,265,None,1563,265,None
9542,1108,265,None,1570,265,MoveRight
9543,1108,265,None,1570,265,None
9543,1108,265,None,1577,265,MoveRight
9544,1108,265,None,1577,265,None
9544,1108,265,None,1584,265,MoveRight
9545,1108,265,None,1584,265,None
9545,1108,265,None,1591,265,MoveRight
9546,1108,265,None,1591,265,None
9546,1108,265,None,1598,265,MoveRight
9547,1108,265,None,1598,265,None
9547,1108,265,None,1605,265,MoveRight
9548,1108,265,None,1605,265,None
9548,1108,265,None,1612,265,MoveRight
9549,1108,265,None,1612,265,None
9549,1108,265,None,1619,265,MoveRight
9550,1108,265,None,1619,265,None
9550,1108,265,None,1626,265,MoveRight
9551,1108,265,None,1626,265,None
9551,1108,265,None,1633,265,MoveRight
9552,1108,265,None,1633,265,None
9552,1108,265,None,1640,265,MoveRight
9553,1108,265,None,1640,265,None
9553,1108,265,None,1647,265,MoveRight
9554,1108,265,None,1647,265,None
9554,1108,265,None,1654,265,MoveRight
9555,1108,265,None,1654,265,None
9555,1108,265,None,1661,265,MoveRight
9556,1108,265,None,1661,265,None
9556,1108,265,None,1668,265,MoveRight
9557,1108,265,None,1668,265,None
9557,1108,265,None,1675,265,MoveRight
9558,1108,265,None,1675,265,None
9558,1108,265,None,1682,265,MoveRight
9559,1108,265,None,1682,265,None
9559,1108,265,None,1689,265,MoveRight
9560,1108,265,None,1689,265,None
9560,1108,265,None,1696,265,MoveRight
9561,1108,265,None,1696,265,None
9561,1108,265,None,1703,265,MoveRight
9562,1108,265,None,1703,265,None
9562,1108,265,None,1710,265,MoveRight
9563,1108,265,None,1710,265,None
9563,1108,265,None,1717,265,MoveRight
9564,1108,265,None,1717,265,None
9564,1108,265,None,1724,265,MoveRight
9565,1108,265,None,1724,265,None
9565,1108,265,None,1724,265,None
9566,1108,265,None,1724,265,None
9566,1108,265,None,1724,265,None
9567,1108,265,None,1724,265,None
9567,1108,265,None,1724,265,None
9568,1108,265,None,1724,265,None
9568,1108,265,None,1724,265,None
9569,1108,265,None,1724,265,None
9569,1108,265,None,1724,265,None
9570,1108,265,None,1724,265,None
9570,1108,265,None,1724,265,None
9571,1108,265,None,1724,265,None
9571,1108,265,None,1724,265,None
9572,1108,265,None,1724,265,None
9572,1108,265,None,1724,265,None
9573,1108,265,Bump,1724,265,None
9573,1108,265,None,1724,265,None
9573,1108,265,None,1724,265,None
9574,1108,265,None,1717,265,MoveLeft
9575,1108,265,None,1710,265,MoveLeft
9576,1108,265,None,1703,265,MoveLeft
9577,1108,265,None,1696,265,MoveLeft
9578,1108,265,None,1689,265,MoveLeft
9579,1108,265,None,1682,265,MoveLeft
9580,1108,265,None,1675,265,MoveLeft
9581,1108,265,None,1668,265,MoveLeft
9582,1108,265,None,1661,265,MoveLeft
9583,1108,265,None,1654,265,MoveLeft
9584,1108,265,None,1647,265,MoveLeft
9585,1108,265,None,1640,265,MoveLeft
9586,1108,265,None,1633,265,MoveLeft
9671,1108,265,None,1633,265,SpikeMedium
9671,1108,265,None,1633,265,None
9682,1108,265,None,1640,265,MoveRight
9683,1108,265,None,1647,265,MoveRight
9684,1108,265,None,1654,265,MoveRight
9685,1108,265,None,1661,265,MoveRight
9686,1101,265,MoveLeft,1661,265,None
9686,1101,265,None,1668,265,MoveRight
9687,1094,265,MoveLeft,1668,265,None
9687,1094,265,None,1675,265,MoveRight
9688,1087,265,MoveLeft,1675,265,None
9688,1087,265,None,1682,265,MoveRight
9689,1080,265,MoveLeft,1682,265,None
9689,1080,265,None,1689,265,MoveRight
9690,1073,265,MoveLeft,1689,265,None
9690,1073,265,None,1696,265,MoveRight
9691,1066,265,MoveLeft,1696,265,None
9691,1066,265,None,1703,265,MoveRight
9692,1059,265,MoveLeft,1703,265,None
9692,1059,265,None,1710,265,MoveRight
9693,1052,265,MoveLeft,1710,265,None
9693,1052,265,None,1717,265,MoveRight
9694,1045,265,MoveLeft,1717,265,None
9694,1045,265,None,1724,265,MoveRight
9695,1038,265,MoveLeft,1724,265,None
9695,1038,265,None,1724,265,None
9696,1031,265,MoveLeft,1724,265,None
9696,1031,265,None,1724,265,None
9697,1024,265,MoveLeft,1724,265,None
9697,1024,265,None,1724,265,None
9698,1017,265,MoveLeft,1724,265,None
9698,1017,265,None,1724,265,None
9699,1010,265,MoveLeft,1724,265,None
9699,1010,265,None,1724,265,None
9700,1003,265,MoveLeft,1724,265,None
9700,1003,265,None,1724,265,None
9701,996,265,MoveLeft,1724,265,None
9701,996,265,None,1724,265,None
9702,989,265,MoveLeft,1724,265,None
9702,989,265,None,1724,265,None
9703,982,265,MoveLeft,1724,265,None
9703,982,265,None,1724,265,None
9704,975,265,MoveLeft,1724,265,None
9704,975,265,None,1724,265,None
9705,968,265,MoveLeft,1724,265,None
9705,968,265,None,1724,265,None
9706,961,265,MoveLeft,1724,265,None
9706,961,265,None,1724,265,None
9707,954,265,MoveLeft,1724,265,None
9707,954,265,None,1724,265,None
9708,947,265,MoveLeft,1724,265,None
9708,947,265,None,1724,265,None
9709,940,265,MoveLeft,1724,265,None
9709,940,265,None,1724,265,None
9710,933,265,MoveLeft,1724,265,None
9710,933,265,None,1724,265,None
9711,926,265,MoveLeft,1724,265,None
9711,926,265,None,1724,265,None
9712,919,265,MoveLeft,1724,265,None
9712,919,265,None,1724,265,None
9713,912,265,MoveLeft,1724,265,None
9713,912,265,None,1724,265,None
9714,905,265,MoveLeft,1724,265,None
9714,905,265,None,1724,265,None
9715,898,265,MoveLeft,1724,265,None
9715,898,265,None,1724,265,None
9716,891,265,MoveLeft,1724,265,None
9716,891,265,None,1724,265,None
9717,884,265,MoveLeft,1724,265,None
9717,884,265,None,1724,265,None
9718,877,265,MoveLeft,1724,265,None
9718,877,265,None,1724,265,None
9719,870,265,MoveLeft,1724,265,None
9719,870,265,None,1724,265,None
9720,863,265,MoveLeft,1724,265,None
9720,863,265,None,1724,265,None
9721,856,265,MoveLeft,1724,265,None
9721,856,265,None,1724,265,None
9722,849,265,MoveLeft,1724,265,None
9722,849,265,None,1724,265,None
9723,842,265,MoveLeft,1724,265,None
9723,842,265,None,1724,265,None
9724,835,265,MoveLeft,1724,265,None
9724,835,265,None,1724,265,None
9725,828,265,MoveLeft,1724,265,None
9725,828,265,None,1724,265,None
9726,821,265,MoveLeft,1724,265,None
9726,821,265,None,1724,265,None
9727,814,265,MoveLeft,1724,265,None
9727,814,265,None,1724,265,None
9728,807,265,MoveLeft,1724,265,None
9728,807,265,None,1724,265,None
9729,800,265,MoveLeft,1724,265,None
9729,800,265,None,1724,265,None
9730,793,265,MoveLeft,1724,265,None
9730,793,265,None,1724,265,None
9731,786,265,MoveLeft,1724,265,None
9731,786,265,None,1724,265,None
9732,786,265,Bump,1724,265,None
9732,779,265,MoveLeft,1724,265,None
9732,779,265,None,1724,265,None
9752,786,265,MoveRight,1724,265,None
9753,793,265,MoveRight,1724,265,None
9754,800,265,MoveRight,1724,265,None
9755,807,265,MoveRight,1724,265,None
9756,814,265,MoveRight,1724,265,None
9757,821,265,MoveRight,1724,265,None
9758,828,265,MoveRight,1724,265,None
9759,835,265,MoveRight,1724,265,None
9787,842,265,MoveRight,1724,265,None
9788,849,265,MoveRight,1724,265,None
9789,856,265,MoveRight,1724,265,None
9790,863,265,MoveRight,1724,265,None
9791,870,265,MoveRight,1724,265,None
9792,877,265,MoveRight,1724,265,None
9793,884,265,MoveRight,1724,265,None
9794,891,265,MoveRight,1724,265,None
9795,898,265,MoveRight,1724,265,None
9796,905,265,MoveRight,1724,265,None
9797,912,265,MoveRight,1724,265,None
9798,919,265,MoveRight,1724,265,None
9799,926,265,MoveRight,1724,265,None
9800,933,265,MoveRight,1724,265,None
9801,940,265,MoveRight,1724,265,None
9802,947,265,MoveRight,1724,265,None
9803,954,265,MoveRight,1724,265,None
9804,961,265,MoveRight,1724,265,None
9805,968,265,MoveRight,1724,265,None
9806,975,265,MoveRight,1724,265,None
9807,982,265,MoveRight,1724,265,None
9808,989,265,MoveRight,1724,265,None
9809,996,265,MoveRight,1724,265,None
9810,1003,265,MoveRight,1724,265,None
9811,1010,265,MoveRight,1724,265,None
9812,1017,265,MoveRight,1724,265,None
9813,1024,265,MoveRight,1724,265,None
9814,1031,265,MoveRight,1724,265,None
9815,1038,265,MoveRight,1724,265,None
9816,1045,265,MoveRight,1724,265,None
9817,1052,265,MoveRight,1724,265,None
9818,1059,265,MoveRight,1724,265,None
9819,1066,265,MoveRight,1724,265,None
9820,1073,265,MoveRight,1724,265,None
9821,1080,265,MoveRight,1724,265,None
9822,1087,265,MoveRight,1724,265,None
9823,1094,265,MoveRight,1724,265,None
9824,1101,265,MoveRight,1724,265,None
9825,1108,265,MoveRight,1724,265,None
9826,1115,265,MoveRight,1724,265,None
9827,1122,265,MoveRight,1724,265,None
9828,1129,265,MoveRight,1724,265,None
9829,1136,265,MoveRight,1724,265,None
9830,1143,265,MoveRight,1724,265,None
9831,1150,265,MoveRight,1724,265,None
9832,1157,265,MoveRight,1724,265,None
9833,1164,265,MoveRight,1724,265,None
9834,1143,265,MoveLeft,2410,265,None
9835,1136,265,MoveLeft,2410,265,None
9836,1129,265,MoveLeft,2410,265,None
9837,1122,265,MoveLeft,2410,265,None
9838,1115,265,MoveLeft,2410,265,None
9839,1108,265,MoveLeft,2410,265,None
9840,1101,265,MoveLeft,2410,265,None
9841,1108,265,MoveRight,2410,265,None
9842,1115,265,MoveRight,2410,265,None
9852,1115,265,None,2410,265,None
9853,1115,265,None,2410,265,None
9854,1115,265,None,2410,265,None
9855,1115,265,None,2410,265,None
9856,1115,265,None,2410,265,None
9857,1115,265,None,2410,265,None
9858,1115,265,None,2410,265,None
9859,1115,265,None,2410,265,None
9860,1115,265,None,2410,265,None
9861,1115,265,None,2410,265,None
9862,1115,265,None,2410,265,None
9863,1115,265,None,2410,265,None
9864,1115,265,None,2410,265,None
9865,1115,265,None,2410,265,None
9866,1115,265,None,2410,265,None
9884,1115,265,None,2410,265,Serve
9884,1115,265,None,2410,265,None
9903,1115,265,None,2403,265,MoveLeft
9904,1108,265,MoveLeft,2403,265,None
9904,1108,265,None,2396,265,MoveLeft
9905,1101,265,MoveLeft,2396,265,None
9905,1101,265,None,2389,265,MoveLeft
9906,1094,265,MoveLeft,2389,265,None
9906,1094,265,None,2382,265,MoveLeft
9907,1087,265,MoveLeft,2382,265,None
9907,1087,265,None,2375,265,MoveLeft
9908,1080,265,MoveLeft,2375,265,None
9908,1080,265,None,2368,265,MoveLeft
9909,1073,265,MoveLeft,2368,265,None
9909,1073,265,None,2361,265,MoveLeft
9910,1066,265,MoveLeft,2361,265,None
9910,1066,265,None,2354,265,MoveLeft
9911,1059,265,MoveLeft,2354,265,None
9911,1059,265,None,2347,265,MoveLeft
9912,1052,265,MoveLeft,2347,265,None
9912,1052,265,None,2340,265,MoveLeft
9913,1045,265,MoveLeft,2340,265,None
9913,1045,265,None,2333,265,MoveLeft
9914,1038,265,MoveLeft,2333,265,None
9914,1038,265,None,2326,265,MoveLeft
9915,1031,265,MoveLeft,2326,265,None
9915,1031,265,None,2319,265,MoveLeft
9916,1024,265,MoveLeft,2319,265,None
9916,1024,265,None,2312,265,MoveLeft
9917,1017,265,MoveLeft,2312,265,None
9917,1017,265,None,2305,265,MoveLeft
9918,1010,265,MoveLeft,2305,265,None
9918,1010,265,None,2298,265,MoveLeft
9919,1003,265,MoveLeft,2298,265,None
9919,1003,265,None,2291,265,MoveLeft
9920,996,265,MoveLeft,2291,265,None
9920,996,265,None,2284,265,MoveLeft
9921,989,265,MoveLeft,2284,265,None
9921,989,265,None,2277,265,MoveLeft
9922,982,265,MoveLeft,2277,265,None
9922,982,265,None,2270,265,MoveLeft
9923,975,265,MoveLeft,2270,265,None
9923,975,265,None,2263,265,MoveLeft
9924,968,265,MoveLeft,2263,265,None
9924,968,265,None,2256,265,MoveLeft
9925,961,265,MoveLeft,2256,265,None
9925,961,265,None,2249,265,MoveLeft
9926,954,265,MoveLeft,2249,265,None
9926,954,265,None,2242,265,MoveLeft
9927,947,265,MoveLeft,2242,265,None
9927,947,265,None,2235,265,MoveLeft
9928,940,265,MoveLeft,2235,265,None
9928,940,265,None,2228,265,MoveLeft
9929,933,265,MoveLeft,2228,265,None
9929,933,265,None,2221,265,MoveLeft
9930,926,265,MoveLeft,2221,265,None
9930,926,265,None,2214,265,MoveLeft
9931,919,265,MoveLeft,2214,265,None
9931,919,265,None,2207,265,MoveLeft
9932,912,265,MoveLeft,2207,265,None
9932,912,265,None,2200,265,MoveLeft
9933,905,265,MoveLeft,2200,265,None
9933,905,265,None,2193,265,MoveLeft
9934,898,265,MoveLeft,2193,265,None
9934,898,265,None,2186,265,MoveLeft
9935,891,265,MoveLeft,2186,265,None
9935,891,265,None,2179,265,MoveLeft
9936,884,265,MoveLeft,2179,265,None
9936,884,265,None,2172,265,MoveLeft
9937,877,265,MoveLeft,2172,265,None
9937,877,265,None,2165,265,MoveLeft
9938,870,265,MoveLeft,2165,265,None
9938,870,265,None,2158,265,MoveLeft
9939,870,265,None,2158,265,None
9939,870,265,None,2151,265,MoveLeft
9940,870,265,None,2151,265,None
9940,870,265,None,2144,265,MoveLeft
9941,870,265,None,2144,265,None
9941,870,265,None,2137,265,MoveLeft
9942,870,265,None,2137,265,None
9942,870,265,None,2130,265,MoveLeft
9943,870,265,None,2130,265,None
9943,870,265,None,2123,265,MoveLeft
9944,870,265,None,2123,265,None
9944,870,265,None,2116,265,MoveLeft
9945,870,265,None,2116,265,None
9945,870,265,None,2109,265,MoveLeft
9946,870,265,None,2109,265,None
9946,870,265,None,2102,265,MoveLeft
9947,870,265,None,2102,265,None
9947,870,265,None,2095,265,MoveLeft
9948,870,265,None,2095,265,None
9948,870,265,None,2088,265,MoveLeft
9949,870,265,None,2088,265,None
9949,870,265,None,2081,265,MoveLeft
9950,870,265,None,2081,265,None
9950,870,265,None,2074,265,MoveLeft
9951,870,265,None,2074,265,None
9951,870,265,None,2067,265,MoveLeft
9952,870,265,None,2067,265,None
9952,870,265,None,2060,265,MoveLeft
9953,870,265,None,2060,265,None
9953,870,265,None,2053,265,MoveLeft
9954,870,265,None,2053,265,None
9954,870,265,None,2046,265,MoveLeft
9955,870,265,None,2046,265,None
9955,870,265,None,2039,265,MoveLeft
9956,870,265,Bump,2039,265,None
9956,870,265,None,2039,265,None
9956,870,265,None,2032,265,MoveLeft
9957,870,265,None,2025,265,MoveLeft
9958,870,265,None,2018,265,MoveLeft
9959,870,265,None,2011,265,MoveLeft
9960,870,265,None,2004,265,MoveLeft
9961,870,265,None,1997,265,MoveLeft
9962,870,265,None,1990,265,MoveLeft
9963,870,265,None,1983,265,MoveLeft
9964,870,265,None,1976,265,MoveLeft
9965,870,265,None,1969,265,MoveLeft
9966,870,265,None,1962,265,MoveLeft
9967,870,265,None,1955,265,MoveLeft
9968,870,265,None,1948,265,MoveLeft
9969,870,265,None,1941,265,MoveLeft
9970,870,265,None,1934,265,MoveLeft
9971,870,265,None,1927,265,MoveLeft
9972,870,265,None,1920,265,MoveLeft
9973,870,265,None,1913,265,MoveLeft
9974,870,265,None,1906,265,MoveLeft
9975,870,265,None,1899,265,MoveLeft
9976,870,265,None,1892,265,MoveLeft
9977,870,265,None,1885,265,MoveLeft
9978,870,265,None,1878,265,MoveLeft
9979,870,265,None,1871,265,MoveLeft
9980,870,265,None,1864,265,MoveLeft
9981,870,265,None,1857,265,MoveLeft
9982,870,265,None,1850,265,MoveLeft
9983,870,265,None,1843,265,MoveLeft
9984,870,265,None,1836,265,MoveLeft
9985,870,265,None,1829,265,MoveLeft
9986,870,265,None,1822,265,MoveLeft
9987,870,265,None,1815,265,MoveLeft
9988,877,265,MoveRight,1815,265,None
9988,877,265,None,1808,265,MoveLeft
9989,884,265,MoveRight,1808,265,None
9989,884,265,None,1801,265,MoveLeft
9990,891,265,MoveRight,1801,265,None
9990,891,265,None,1794,265,MoveLeft
9991,898,265,MoveRight,1794,265,None
9991,898,265,None,1787,265,MoveLeft
9992,905,265,MoveRight,1787,265,None
9992,905,265,None,1780,265,MoveLeft
9993,912,265,MoveRight,1780,265,None
9993,912,265,None,1773,265,MoveLeft
9994,919,265,MoveRight,1773,265,None
9994,919,265,None,1766,265,MoveLeft
9995,926,265,MoveRight,1766,265,None
9995,926,265,None,1759,265,MoveLeft
9996,933,265,MoveRight,1759,265,None
9996,933,265,None,1752,265,MoveLeft
9997,940,265,MoveRight,1752,265,None
9997,940,265,None,1745,265,MoveLeft
9998,947,265,MoveRight,1745,265,None
9998,947,265,None,1738,265,MoveLeft
9999,954,265,MoveRight,1738,265,None
9999,954,265,None,1731,265,MoveLeft
10000,961,265,MoveRight,1731,265,None
10000,961,265,None,1724,265,MoveLeft
10001,968,265,MoveRight,1724,265,None
10001,968,265,None,1717,265,MoveLeft
10002,975,265,MoveRight,1717,265,None
10002,975,265,None,1710,265,MoveLeft
10003,982,265,MoveRight,1710,265,None
10003,982,265,None,1703,265,MoveLeft
10004,989,265,MoveRight,1703,265,None
10004,989,265,None,1696,265,MoveLeft
10005,996,265,MoveRight,1696,265,None
10005,996,265,None,1689,265,MoveLeft
10006,1003,265,MoveRight,1689,265,None
10006,1003,265,None,1682,265,MoveLeft
10007,1010,265,MoveRight,1682,265,None
10007,1010,265,None,1675,265,MoveLeft
10008,1017,265,MoveRight,1675,265,None
10008,1017,265,None,1668,265,MoveLeft
10009,1024,265,MoveRight,1668,265,None
10009,1024,265,None,1661,265,MoveLeft
10010,1031,265,MoveRight,1661,265,None
10010,1031,265,None,1654,265,MoveLeft
10011,1038,265,MoveRight,1654,265,None
10011,1038,265,None,1647,265,MoveLeft
10012,1045,265,MoveRight,1647,265,None
10012,1045,265,None,1640,265,MoveLeft
10013,1052,265,MoveRight,1640,265,None
10013,1052,265,None,1633,265,MoveLeft
10014,1059,265,MoveRight,1633,265,None
10014,1059,265,None,1626,265,MoveLeft
10015,1066,265,MoveRight,1626,265,None
10015,1066,265,None,1619,265,MoveLeft
10016,1073,265,MoveRight,1619,265,None
10016,1073,265,None,1612,265,MoveLeft
10017,1080,265,MoveRight,1612,265,None
10017,1080,265,None,1605,265,MoveLeft
10018,1087,265,MoveRight,1605,265,None
10018,1087,265,None,1598,265,MoveLeft
10019,1094,265,MoveRight,1598,265,None
10019,1094,265,None,1591,265,MoveLeft
10020,1101,265,MoveRight,1591,265,None
10020,1101,265,None,1584,265,MoveLeft
10021,1108,265,MoveRight,1584,265,None
10021,1108,265,None,1577,265,MoveLeft
10022,1108,265,None,1570,265,MoveLeft
10023,1108,265,None,1563,265,MoveLeft
10024,1108,265,None,1556,265,MoveLeft
10025,1108,265,None,1549,265,MoveLeft
10026,1108,265,None,1542,265,MoveLeft
10027,1108,265,None,1535,265,MoveLeft
10028,1108,265,None,1528,265,MoveLeft
10029,1108,265,None,1521,265,MoveLeft
10030,1108,265,None,1514,265,MoveLeft
10031,1108,265,None,1507,265,MoveLeft
10032,1108,265,None,1500,265,MoveLeft
10033,1108,265,None,1493,265,MoveLeft
10034,1108,265,None,1486,265,MoveLeft
10035,1108,265,None,1479,265,MoveLeft
10036,1108,265,None,1472,265,MoveLeft
10037,1108,265,None,1465,265,MoveLeft
10038,1108,265,None,1458,265,MoveLeft
10039,1108,265,None,1451,265,MoveLeft
10059,1108,265,None,1451,265,SpikeLight
10059,1108,265,None,1451,265,None
10065,1108,265,None,1451,265,None
10066,1108,265,None,1451,265,None
10067,1108,265,None,1451,265,None
10068,1108,265,None,1451,265,None
10069,1108,265,None,1451,265,None
10069,1108,265,None,1458,265,MoveRight
10070,1108,265,None,1458,265,None
10070,1108,265,None,1465,265,MoveRight
10071,1108,265,None,1465,265,None
10071,1108,265,None,1472,265,MoveRight
10072,1108,265,None,1472,265,None
10072,1108,265,None,1479,265,MoveRight
10073,1108,265,None,1479,265,None
10073,1108,265,None,1486,265,MoveRight
10074,1108,265,None,1486,265,None
10074,1108,265,None,1493,265,MoveRight
10075,1108,265,None,1493,265,None
10075,1108,265,None,1500,265,MoveRight
10076,1108,265,None,1500,265,None
10076,1108,265,None,1507,265,MoveRight
10077,1108,265,None,1507,265,None
10077,1108,265,None,1514,265,MoveRight
10078,1108,265,None,1514,265,None
10078,1108,265,None,1521,265,MoveRight
10079,1108,265,None,1521,265,None
10079,1108,265,None,1528,265,MoveRight
10080,1108,265,None,1528,265,None
10080,1108,265,None,1535,265,MoveRight
10081,1108,265,None,1535,265,None
10081,1108,265,None,1542,265,MoveRight
10082,1108,265,None,1542,265,None
10082,1108,265,None,1549,265,MoveRight
10083,1108,265,None,1549,265,None
10083,1108,265,None,1556,265,MoveRight
10084,1108,265,None,1556,265,None
10084,1108,265,None,1563,265,MoveRight
10085,1108,265,None,1563,265,None
10085,1108,265,None,1570,265,MoveRight
10086,1108,265,None,1570,265,None
10086,1108,265,None,1577,265,MoveRight
10087,1108,265,None,1577,265,None
10087,1108,265,None,1584,265,MoveRight
10088,1108,265,None,1584,265,None
10088,1108,265,None,1591,265,MoveRight
10089,1108,265,None,1591,265,None
10089,1108,265,None,1598,265,MoveRight
10090,1108,265,None,1598,265,None
10090,1108,265,None,1605,265,MoveRight
10091,1108,265,None,1605,265,None
10091,1108,265,None,1612,265,MoveRight
10092,1108,265,None,1612,265,None
10092,1108,265,None,1619,265,MoveRight
10093,1108,265,None,1619,265,None
10093,1108,265,None,1626,265,MoveRight
10094,1108,265,None,1626,265,None
10094,1108,265,None,1633,265,MoveRight
10095,1108,265,None,1633,265,None
10095,1108,265,None,1640,265,MoveRight
10096,1108,265,None,1640,265,None
10096,1108,265,None,1647,265,MoveRight
10097,1108,265,None,1647,265,None
10097,1108,265,None,1654,265,MoveRight
10098,1108,265,None,1654,265,None
10098,1108,265,None,1661,265,MoveRight
10099,1108,265,None,1661,265,None
10099,1108,265,None,1668,265,MoveRight
10100,1108,265,None,1668,265,None
10100,1108,265,None,1675,265,MoveRight
10101,1108,265,None,1675,265,None
10101,1108,265,None,1682,265,MoveRight
10102,1108,265,None,1682,265,None
10102,1108,265,None,1689,265,MoveRight
10103,1108,265,None,1689,265,None
10103,1108,265,None,1696,265,MoveRight
10104,1108,265,None,1696,265,None
10104,1108,265,None,1703,265,MoveRight
10105,1108,265,None,1703,265,None
10105,1108,265,None,1710,265,MoveRight
10106,1108,265,None,1710,265,None
10106,1108,265,None,1717,265,MoveRight
10107,1108,265,None,1717,265,None
10107,1108,265,None,1724,265,MoveRight
10108,1108,265,None,1724,265,None
10108,1108,265,None,1724,265,None
10109,1108,265,None,1724,265,None
10109,1108,265,None,1724,265,None
10110,1108,265,None,1724,265,None
10110,1108,265,None,1724,265,None
10111,1108,265,None,1724,265,None
10111,1108,265,None,1724,265,None
10112,1108,265,None,1724,265,None
10112,1108,265,None,1724,265,None
10113,1108,265,None,1724,265,None
10113,1108,265,None,1724,265,None
10114,1108,265,None,1724,265,None
10114,1108,265,None,1724,265,None
10115,1108,265,None,1724,265,None
10115,1108,265,None,1724,265,None
10116,1108,265,Bump,1724,265,None
10116,1108,265,None,1724,265,None
10116,1108,265,None,1724,265,None
10117,1108,265,None,1717,265,MoveLeft
10118,1108,265,None,1710,265,MoveLeft
10119,1108,265,None,1703,265,MoveLeft
10120,1108,265,None,1696,265,MoveLeft
10121,1108,265,None,1689,265,MoveLeft
10122,1108,265,None,1682,265,MoveLeft
10123,1108,265,None,1675,265,MoveLeft
10124,1108,265,None,1668,265,MoveLeft
10125,1108,265,None,1661,265,MoveLeft
10126,1108,265,None,1654,265,MoveLeft
10127,1108,265,None,1647,265,MoveLeft
10128,1108,265,None,1640,265,MoveLeft
10129,1108,265,None,1633,265,MoveLeft
10154,1115,265,MoveRight,1633,265,None
10155,1122,265,MoveRight,1633,265,None
10156,1129,265,MoveRight,1633,265,None
10157,1136,265,MoveRight,1633,265,None
10158,1143,265,MoveRight,1633,265,None
10159,1150,265,MoveRight,1633,265,None
10160,1157,265,MoveRight,1633,265,None
10161,1164,265,MoveRight,1633,265,None
10162,1171,265,MoveRight,1633,265,None
10163,1178,265,MoveRight,1633,265,None
10164,1185,265,MoveRight,1633,265,None
10165,1192,265,MoveRight,1633,265,None
10166,1199,265,MoveRight,1633,265,None
10167,1206,265,MoveRight,1633,265,None
10168,1213,265,MoveRight,1633,265,None
10169,1220,265,MoveRight,1633,265,None
10179,1227,265,MoveRight,1633,265,None
10180,1234,265,MoveRight,1633,265,None
10181,1241,265,MoveRight,1633,265,None
10182,1248,265,MoveRight,1633,265,None
10183,1255,265,MoveRight,1633,265,None
10184,1262,265,MoveRight,1633,265,None
10185,1269,265,MoveRight,1633,265,None
10186,1276,265,MoveRight,1633,265,None
10187,1283,265,MoveRight,1633,265,None
10188,1290,265,MoveRight,1633,265,None
10189,1297,265,MoveRight,1633,265,None
10190,1304,265,MoveRight,1633,265,None
10191,1311,265,MoveRight,1633,265,None
10192,1318,265,MoveRight,1633,265,None
10193,1325,265,MoveRight,1633,265,None
10214,1326,265,None,1633,265,SpikeLight
10214,1326,265,None,1633,265,None
10215,1319,265,MoveLeft,1633,265,None
10216,1312,265,MoveLeft,1633,265,None
10217,1305,265,MoveLeft,1633,265,None
10218,1298,265,MoveLeft,1633,265,None
10219,1298,265,None,1633,265,None
10220,1298,265,None,1633,265,None
10221,1298,265,None,1633,265,None
10222,1298,265,None,1633,265,None
10223,1298,265,None,1633,265,None
10224,1298,265,None,1633,265,None
10224,1298,265,None,1640,265,MoveRight
10225,1298,265,None,1640,265,None
10225,1298,265,None,1647,265,MoveRight
10226,1298,265,None,1647,265,None
10226,1298,265,None,1654,265,MoveRight
10227,1298,265,None,1654,265,None
10227,1298,265,None,1661,265,MoveRight
10228,1298,265,None,1661,265,None
10228,1298,265,None,1668,265,MoveRight
10229,1298,265,None,1668,265,None
10229,1298,265,None,1675,265,MoveRight
10230,1298,265,None,1675,265,None
10230,1298,265,None,1682,265,MoveRight
10231,1298,265,None,1682,265,None
10231,1298,265,None,1689,265,MoveRight
10232,1298,265,None,1689,265,None
10232,1298,265,None,1696,265,MoveRight
10233,1298,265,None,1696,265,None
10233,1298,265,None,1703,265,MoveRight
10234,1298,265,None,1703,265,None
10234,1298,265,None,1710,265,MoveRight
10235,1298,265,None,1710,265,None
10235,1298,265,None,1717,265,MoveRight
10236,1298,265,None,1717,265,None
10236,1298,265,None,1724,265,MoveRight
10237,1298,265,None,1724,265,None
10237,1298,265,None,1724,265,None
10238,1298,265,None,1724,265,None
10238,1298,265,None,1724,265,None
10239,1298,265,None,1724,265,None
10239,1298,265,None,1724,265,None
10240,1298,265,None,1724,265,None
10240,1298,265,None,1724,265,None
10241,1298,265,None,1724,265,None
10241,1298,265,None,1724,265,None
10242,1298,265,None,1724,265,None
10242,1298,265,None,1724,265,None
10243,1298,265,None,1724,265,None
10243,1298,265,None,1724,265,None
10244,1298,265,None,1724,265,None
10244,1298,265,None,1724,265,None
10245,1298,265,None,1724,265,None
10245,1298,265,None,1724,265,None
10246,1298,265,None,1724,265,None
10246,1298,265,None,1724,265,None
10247,1298,265,None,1724,265,None
10247,1298,265,None,1724,265,None
10248,1298,265,None,1724,265,None
10248,1298,265,None,1724,265,None
10249,1298,265,None,1724,265,None
10249,1298,265,None,1724,265,None
10250,1298,265,None,1724,265,None
10250,1298,265,None,1724,265,None
10251,1298,265,None,1724,265,None
10251,1298,265,None,1724,265,None
10252,1298,265,None,1724,265,None
10252,1298,265,None,1724,265,None
10253,1298,265,None,1724,265,None
10253,1298,265,None,1724,265,None
10254,1298,265,None,1724,265,None
10254,1298,265,None,1724,265,None
10255,1298,265,None,1724,265,None
10255,1298,265,None,1724,265,None
10256,1298,265,None,1724,265,None
10256,1298,265,None,1724,265,None
10257,1298,265,None,1724,265,None
10257,1298,265,None,1724,265,None
10258,1298,265,None,1724,265,None
10258,1298,265,None,1724,265,None
10259,1298,265,None,1724,265,None
10259,1298,265,None,1724,265,None
10260,1298,265,None,1724,265,None
10260,1298,265,None,1724,265,None
10261,1298,265,None,1724,265,None
10261,1298,265,None,1724,265,None
10262,1298,265,None,1724,265,None
10262,1298,265,None,1724,265,None
10263,1298,265,None,1724,265,None
10263,1298,265,None,1724,265,None
10264,1298,265,None,1724,265,None
10264,1298,265,None,1724,265,None
10265,1298,265,None,1724,265,None
10265,1298,265,None,1724,265,None
10266,1298,265,None,1724,265,None
10266,1298,265,None,1724,265,None
10267,1298,265,None,1724,265,None
10267,1298,265,None,1724,265,None
10268,1298,265,None,1724,265,None
10268,1298,265,None,1724,265,None
10269,1298,265,None,1724,265,None
10269,1298,265,None,1724,265,None
10270,1298,265,None,1724,265,None
10270,1298,265,None,1724,265,None
10271,1298,265,Bump,1724,265,None
10271,1298,265,None,1724,265,None
10271,1298,265,None,1724,265,None
10272,1298,265,None,1731,265,MoveRight
10273,1298,265,None,1738,265,MoveRight
10274,1298,265,None,1745,265,MoveRight
10275,1298,265,None,1752,265,MoveRight
10276,1298,265,None,1759,265,MoveRight
10277,1298,265,None,1766,265,MoveRight
10278,1298,265,None,1773,265,MoveRight
10279,1298,265,None,1780,265,MoveRight
10280,1298,265,None,1787,265,MoveRight
10281,1298,265,None,1794,265,MoveRight
10282,1298,265,None,1801,265,MoveRight
10283,1298,265,None,1808,265,MoveRight
10291,1305,265,MoveRight,1808,265,None
10292,1312,265,MoveRight,1808,265,None
10293,1319,265,MoveRight,1808,265,None
10294,1326,265,MoveRight,1808,265,None
10350,1319,265,MoveLeft,1808,265,None
10351,1312,265,MoveLeft,1808,265,None
10352,1305,265,MoveLeft,1808,265,None
10353,1298,265,MoveLeft,1808,265,None
10354,1291,265,MoveLeft,1808,265,None
10355,1284,265,MoveLeft,1808,265,None
10356,1277,265,MoveLeft,1808,265,None
10357,1270,265,MoveLeft,1808,265,None
10358,1263,265,MoveLeft,1808,265,None
10359,1256,265,MoveLeft,1808,265,None
10360,1249,265,MoveLeft,1808,265,None
10361,1242,265,MoveLeft,1808,265,None
10362,1235,265,MoveLeft,1808,265,None
10363,1228,265,MoveLeft,1808,265,None
10364,1221,265,MoveLeft,1808,265,None
10365,1214,265,MoveLeft,1808,265,None
10366,1207,265,MoveLeft,1808,265,None
10367,1200,265,MoveLeft,1808,265,None
10370,1200,265,None,1808,265,SpikeMedium
10370,1200,265,None,1808,265,None
10372,1193,265,MoveLeft,1808,265,None
10373,1186,265,MoveLeft,1808,265,None
10374,1179,265,MoveLeft,1808,265,None
10375,1172,265,MoveLeft,1808,265,None
10376,1165,265,MoveLeft,1808,265,None
10377,1158,265,MoveLeft,1808,265,None
10378,1151,265,MoveLeft,1808,265,None
10379,1144,265,MoveLeft,1808,265,None
10380,1137,265,MoveLeft,1808,265,None
10381,1130,265,MoveLeft,1808,265,None
10381,1130,265,None,1801,265,MoveLeft
10382,1123,265,MoveLeft,1801,265,None
10382,1123,265,None,1794,265,MoveLeft
10383,1116,265,MoveLeft,1794,265,None
10383,1116,265,None,1787,265,MoveLeft
10384,1109,265,MoveLeft,1787,265,None
10384,1109,265,None,1780,265,MoveLeft
10385,1102,265,MoveLeft,1780,265,None
10385,1102,265,None,1773,265,MoveLeft
10386,1095,265,MoveLeft,1773,265,None
10386,1095,265,None,1766,265,MoveLeft
10387,1088,265,MoveLeft,1766,265,None
10387,1088,265,None,1759,265,MoveLeft
10388,1081,265,MoveLeft,1759,265,None
10388,1081,265,None,1752,265,MoveLeft
10389,1074,265,MoveLeft,1752,265,None
10389,1074,265,None,1745,265,MoveLeft
10390,1067,265,MoveLeft,1745,265,None
10390,1067,265,None,1738,265,MoveLeft
10391,1060,265,MoveLeft,1738,265,None
10391,1060,265,None,1731,265,MoveLeft
10392,1053,265,MoveLeft,1731,265,None
10392,1053,265,None,1731,265,None
10393,1046,265,MoveLeft,1731,265,None
10393,1046,265,None,1731,265,None
10394,1039,265,MoveLeft,1731,265,None
10394,1039,265,None,1731,265,None
10395,1032,265,MoveLeft,1731,265,None
10395,1032,265,None,1731,265,None
10396,1025,265,MoveLeft,1731,265,None
10396,1025,265,None,1731,265,None
10397,1018,265,MoveLeft,1731,265,None
10397,1018,265,None,1731,265,None
10398,1011,265,MoveLeft,1731,265,None
10398,1011,265,None,1731,265,None
10399,1004,265,MoveLeft,1731,265,None
10399,1004,265,None,1731,265,None
10400,997,265,MoveLeft,1731,265,None
10400,997,265,None,1731,265,None
10401,990,265,MoveLeft,1731,265,None
10401,990,265,None,1731,265,None
10402,983,265,MoveLeft,1731,265,None
10402,983,265,None,1731,265,None
10403,976,265,MoveLeft,1731,265,None
10403,976,265,None,1731,265,None
10404,969,265,MoveLeft,1731,265,None
10404,969,265,None,1731,265,None
10405,962,265,MoveLeft,1731,265,None
10405,962,265,None,1731,265,None
10406,955,265,MoveLeft,1731,265,None
10406,955,265,None,1731,265,None
10407,948,265,MoveLeft,1731,265,None
10407,948,265,None,1731,265,None
10408,941,265,MoveLeft,1731,265,None
10408,941,265,None,1731,265,None
10409,934,265,MoveLeft,1731,265,None
10409,934,265,None,1731,265,None
10410,934,265,None,1731,265,None
10410,934,265,None,1731,265,None
10411,934,265,None,1731,265,None
10411,934,265,None,1731,265,None
10412,934,265,None,1731,265,None
10412,934,265,None,1731,265,None
10413,934,265,None,1731,265,None
10413,934,265,None,1731,265,None
10414,934,265,None,1731,265,None
10414,934,265,None,1731,265,None
10415,934,265,None,1731,265,None
10415,934,265,None,1731,265,None
10416,934,265,None,1731,265,None
10416,934,265,None,1731,265,None
10417,934,265,None,1731,265,None
10417,934,265,None,1731,265,None
10418,934,265,None,1731,265,None
10418,934,265,None,1731,265,None
10419,934,265,None,1731,265,None
10419,934,265,None,1731,265,None
10420,934,265,None,1731,265,None
10420,934,265,None,1731,265,None
10421,934,265,None,1731,265,None
10421,934,265,None,1731,265,None
10422,934,265,None,1731,265,None
10422,934,265,None,1731,265,None
10423,934,265,None,1731,265,None
10423,934,265,None,1731,265,None
10424,934,265,None,1731,265,None
10424,934,265,None,1731,265,None
10425,934,265,None,1731,265,None
10425,934,265,None,1731,265,None
10426,934,265,None,1731,265,None
10426,934,265,None,1731,265,None
10427,934,265,None,1731,265,None
10427,934,265,None,1731,265,None
10428,934,265,None,1731,265,None
10428,934,265,None,1731,265,None
10429,934,265,None,1731,265,None
10429,934,265,None,1731,265,None
10430,934,265,None,1731,265,None
10430,934,265,None,1731,265,None
10431,934,265,None,1731,265,None
10431,934,265,None,1731,265,None
10432,934,265,Bump,1731,265,None
10432,934,265,None,1731,265,None
10432,934,265,None,1731,265,None
10433,934,265,None,1724,265,MoveLeft
10434,934,265,None,1717,265,MoveLeft
10435,934,265,None,1710,265,MoveLeft
10436,934,265,None,1703,265,MoveLeft
10437,934,265,None,1696,265,MoveLeft
10438,934,265,None,1689,265,MoveLeft
10439,934,265,None,1682,265,MoveLeft
10440,934,265,None,1675,265,MoveLeft
10441,934,265,None,1668,265,MoveLeft
10442,934,265,None,1661,265,MoveLeft
10443,934,265,None,1654,265,MoveLeft
10444,934,265,None,1647,265,MoveLeft
10445,934,265,None,1640,265,MoveLeft
10446,934,265,None,1633,265,MoveLeft
10447,934,265,None,1626,265,MoveLeft
10448,934,265,None,1619,265,MoveLeft
10449,934,265,None,1612,265,MoveLeft
10450,934,265,None,1605,265,MoveLeft
10451,934,265,None,1598,265,MoveLeft
10452,934,265,None,1591,265,MoveLeft
10453,934,265,None,1584,265,MoveLeft
10454,934,265,None,1577,265,MoveLeft
10455,934,265,None,1570,265,MoveLeft
10456,934,265,None,1563,265,MoveLeft
10457,934,265,None,1556,265,MoveLeft
10458,934,265,None,1549,265,MoveLeft
10459,934,265,None,1542,265,MoveLeft
10460,934,265,None,1535,265,MoveLeft
10461,934,265,None,1528,265,MoveLeft
10462,934,265,None,1521,265,MoveLeft
10463,934,265,None,1514,265,MoveLeft
10464,934,265,None,1507,265,MoveLeft
10510,941,265,MoveRight,1507,265,None
10511,948,265,MoveRight,1507,265,None
10512,955,265,MoveRight,1507,265,None
10513,962,265,MoveRight,1507,265,None
10514,969,265,MoveRight,1507,265,None
10515,976,265,MoveRight,1507,265,None
10516,983,265,MoveRight,1507,265,None
10517,990,265,MoveRight,1507,265,None
10518,997,265,MoveRight,1507,265,None
10519,1004,265,MoveRight,1507,265,None
10520,1011,265,MoveRight,1507,265,None
10521,1018,265,MoveRight,1507,265,None
10522,1025,265,MoveRight,1507,265,None
10523,1032,265,MoveRight,1507,265,None
10524,1039,265,MoveRight,1507,265,None
10525,1046,265,MoveRight,1507,265,None
10526,1053,265,MoveRight,1507,265,None
10527,1060,265,MoveRight,1507,265,None
10528,1067,265,MoveRight,1507,265,None
10529,1074,265,MoveRight,1507,265,None
10530,1081,265,MoveRight,1507,265,None
10531,1088,265,MoveRight,1507,265,None
10532,1088,265,None,1507,265,SpikeLight
10532,1095,265,MoveRight,1507,265,None
10532,1095,265,None,1507,265,None
10533,1102,265,MoveRight,1507,265,None
10534,1109,265,MoveRight,1507,265,None
10535,1116,265,MoveRight,1507,265,None
10536,1123,265,MoveRight,1507,265,None
10537,1130,265,MoveRight,1507,265,None
10538,1137,265,MoveRight,1507,265,None
10539,1144,265,MoveRight,1507,265,None
10540,1151,265,MoveRight,1507,265,None
10541,1158,265,MoveRight,1507,265,None
10542,1158,265,None,1507,265,None
10542,1158,265,None,1514,265,MoveRight
10543,1158,265,None,1514,265,None
10543,1158,265,None,1521,265,MoveRight
10544,1158,265,None,1521,265,None
10544,1158,265,None,1528,265,MoveRight
10545,1158,265,None,1528,265,None
10545,1158,265,None,1535,265,MoveRight
10546,1158,265,None,1535,265,None
10546,1158,265,None,1542,265,MoveRight
10547,1158,265,None,1542,265,None
10547,1158,265,None,1549,265,MoveRight
10548,1158,265,None,1549,265,None
10548,1158,265,None,1556,265,MoveRight
10549,1158,265,None,1556,265,None
10549,1158,265,None,1563,265,MoveRight
10550,1158,265,None,1563,265,None
10550,1158,265,None,1570,265,MoveRight
10551,1158,265,None,1570,265,None
10551,1158,265,None,1577,265,MoveRight
10552,1158,265,None,1577,265,None
10552,1158,265,None,1584,265,MoveRight
10553,1158,265,None,1584,265,None
10553,1158,265,None,1591,265,MoveRight
10554,1158,265,None,1591,265,None
10554,1158,265,None,1598,265,MoveRight
10555,1158,265,None,1598,265,None
10555,1158,265,None,1605,265,MoveRight
10556,1158,265,None,1605,265,None
10556,1158,265,None,1612,265,MoveRight
10557,1158,265,None,1612,265,None
10557,1158,265,None,1619,265,MoveRight
10558,1158,265,None,1619,265,None
10558,1158,265,None,1626,265,MoveRight
10559,1158,265,None,1626,265,None
10559,1158,265,None,1633,265,MoveRight
10560,1158,265,None,1633,265,None
10560,1158,265,None,1640,265,MoveRight
10561,1158,265,None,1640,265,None
10561,1158,265,None,1647,265,MoveRight
10562,1158,265,None,1647,265,None
10562,1158,265,None,1654,265,MoveRight
10563,1158,265,None,1654,265,None
10563,1158,265,None,1661,265,MoveRight
10564,1158,265,None,1661,265,None
10564,1158,265,None,1668,265,MoveRight
10565,1158,265,None,1668,265,None
10565,1158,265,None,1675,265,MoveRight
10566,1158,265,None,1675,265,None
10566,1158,265,None,1682,265,MoveRight
10567,1158,265,None,1682,265,None
10567,1158,265,None,1689,265,MoveRight
10568,1158,265,None,1689,265,None
10568,1158,265,None,1696,265,MoveRight
10569,1158,265,None,1696,265,None
10569,1158,265,None,1703,265,MoveRight
10570,1158,265,None,1703,265,None
10570,1158,265,None,1710,265,MoveRight
10571,1158,265,None,1710,265,None
10571,1158,265,None,1717,265,MoveRight
10572,1158,265,None,1717,265,None
10572,1158,265,None,1724,265,MoveRight
10573,1158,265,None,1724,265,None
10573,1158,265,None,1724,265,None
10574,1158,265,None,1724,265,None
10574,1158,265,None,1724,265,None
10575,1158,265,None,1724,265,None
10575,1158,265,None,1724,265,None
10576,1158,265,None,1724,265,None
10576,1158,265,None,1724,265,None
10577,1158,265,None,1724,265,None
10577,1158,265,None,1724,265,None
10578,1158,265,None,1724,265,None
10578,1158,265,None,1724,265,None
10579,1158,265,None,1724,265,None
10579,1158,265,None,1724,265,None
10580,1158,265,None,1724,265,None
10580,1158,265,None,1724,265,None
10581,1158,265,None,1724,265,None
10581,1158,265,None,1724,265,None
10582,1158,265,None,1724,265,None
10582,1158,265,None,1724,265,None
10583,1158,265,None,1724,265,None
10583,1158,265,None,1724,265,None
10584,1158,265,None,1724,265,None
10584,1158,265,None,1724,265,None
10585,1158,265,None,1724,265,None
10585,1158,265,None,1724,265,None
10586,1158,265,None,1724,265,None
10586,1158,265,None,1724,265,None
10587,1158,265,None,1724,265,None
10587,1158,265,None,1724,265,None
10588,1158,265,None,1724,265,None
10588,1158,265,None,1724,265,None
10589,1158,265,Bump,1724,265,None
10589,1158,265,None,1724,265,None
10589,1158,265,None,1724,265,None
10590,1158,265,None,1717,265,MoveLeft
10591,1158,265,None,1710,265,MoveLeft
10592,1158,265,None,1703,265,MoveLeft
10593,1158,265,None,1696,265,MoveLeft
10594,1158,265,None,1689,265,MoveLeft
10646,1165,265,MoveRight,1689,265,None
10647,1172,265,MoveRight,1689,265,None
10648,1179,265,MoveRight,1689,265,None
10649,1186,265,MoveRight,1689,265,None
10650,1193,265,MoveRight,1689,265,None
10651,1200,265,MoveRight,1689,265,None
10652,1207,265,MoveRight,1689,265,None
10653,1214,265,MoveRight,1689,265,None
10654,1221,265,MoveRight,1689,265,None
10655,1228,265,MoveRight,1689,265,None
10656,1235,265,MoveRight,1689,265,None
10677,1242,265,MoveRight,1689,265,None
10678,1249,265,MoveRight,1689,265,None
10679,1256,265,MoveRight,1689,265,None
10680,1263,265,MoveRight,1689,265,None
10681,1270,265,MoveRight,1689,265,None
10682,1277,265,MoveRight,1689,265,None
10683,1284,265,MoveRight,1689,265,None
10684,1291,265,MoveRight,1689,265,None
10685,1298,265,MoveRight,1689,265,None
10686,1305,265,MoveRight,1689,265,None
10687,1312,265,MoveRight,1689,265,None
10688,1312,265,None,1689,265,SpikeLight
10688,1319,265,MoveRight,1689,265,None
10688,1319,265,None,1689,265,None
10689,1326,265,MoveRight,1689,265,None
10699,1326,265,None,1696,265,MoveRight
10700,1326,265,None,1703,265,MoveRight
10701,1326,265,None,1710,265,MoveRight
10702,1326,265,None,1717,265,MoveRight
10703,1326,265,None,1724,265,MoveRight
10704,1326,265,None,1724,265,None
10705,1326,265,None,1724,265,None
10706,1326,265,None,1724,265,None
10707,1326,265,None,1724,265,None
10708,1326,265,None,1724,265,None
10709,1326,265,None,1724,265,None
10710,1326,265,None,1724,265,None
10711,1326,265,None,1724,265,None
10712,1326,265,None,1724,265,None
10713,1326,265,None,1724,265,None
10714,1326,265,None,1724,265,None
10715,1326,265,None,1724,265,None
10716,1326,265,None,1724,265,None
10717,1326,265,None,1724,265,None
10718,1326,265,None,1724,265,None
10719,1326,265,None,1724,265,None
10720,1326,265,None,1724,265,None
10721,1326,265,None,1724,265,None
10722,1326,265,None,1724,265,None
10723,1326,265,None,1724,265,None
10724,1326,265,None,1724,265,None
10725,1326,265,None,1724,265,None
10726,1326,265,None,1724,265,None
10727,1326,265,None,1724,265,None
10728,1326,265,None,1724,265,None
10729,1326,265,None,1724,265,None
10730,1326,265,None,1724,265,None
10731,1326,265,None,1724,265,None
10732,1326,265,None,1724,265,None
10733,1326,265,None,1724,265,None
10734,1326,265,None,1724,265,None
10735,1326,265,None,1724,265,None
10736,1326,265,None,1724,265,None
10737,1326,265,None,1724,265,None
10738,1326,265,None,1724,265,None
10739,1326,265,None,1724,265,None
10740,1326,265,None,1724,265,None
10741,1326,265,None,1724,265,None
10742,1326,265,None,1724,265,None
10743,1326,265,None,1724,265,None
10744,1326,265,None,1724,265,None
10745,1326,265,None,1724,265,None
10746,1326,265,None,1724,265,None
10747,1326,265,None,1724,265,None
10748,1326,265,None,1724,265,None
10749,1326,265,None,1724,265,None
10750,1326,265,None,1724,265,None
10751,1326,265,None,1724,265,None
10752,1326,265,None,1724,265,None
