Frame,PlayerPosX,PlayerPosY,PlayerEvent,BotPosX,BotPosY,BotEvent
1,970,265,None,1843,265,MoveLeft
2,970,265,None,1836,265,MoveLeft
3,970,265,None,1829,265,MoveLeft
4,970,265,None,1822,265,MoveLeft
5,970,265,None,1815,265,MoveLeft
6,970,265,None,1808,265,MoveLeft
7,970,265,None,1801,265,MoveLeft
8,970,265,None,1794,265,MoveLeft
9,970,265,None,1787,265,MoveLeft
10,970,265,None,1780,265,MoveLeft
11,970,265,None,1773,265,MoveLeft
12,970,265,None,1766,265,MoveLeft
13,970,265,None,1759,265,MoveLeft
14,970,265,None,1752,265,MoveLeft
15,970,265,None,1745,265,MoveLeft
16,970,265,None,1738,265,MoveLeft
17,970,265,None,1731,265,MoveLeft
39,977,265,MoveRight,1731,265,None
40,984,265,MoveRight,1731,265,None
41,991,265,MoveRight,1731,265,None
42,998,265,MoveRight,1731,265,None
43,1005,265,MoveRight,1731,265,None
44,1012,265,MoveRight,1731,265,None
45,1019,265,MoveRight,1731,265,None
46,1026,265,MoveRight,1731,265,None
47,1033,265,MoveRight,1731,265,None
48,1040,265,MoveRight,1731,265,None
49,1047,265,MoveRight,1731,265,None
50,1054,265,MoveRight,1731,265,None
51,1061,265,MoveRight,1731,265,None
52,1068,265,MoveRight,1731,265,None
53,1075,265,MoveRight,1731,265,None
54,1082,265,MoveRight,1731,265,None
55,1089,265,MoveRight,1731,265,None
56,1096,265,MoveRight,1731,265,None
57,1103,265,MoveRight,1731,265,None
58,1110,265,MoveRight,1731,265,None
59,1117,265,MoveRight,1731,265,None
60,1124,265,MoveRight,1731,265,None
61,1131,265,MoveRight,1731,265,None
62,1138,265,MoveRight,1731,265,None
63,1145,265,MoveRight,1731,265,None
64,1152,265,MoveRight,1731,265,None
65,1159,265,MoveRight,1731,265,None
66,1166,265,MoveRight,1731,265,None
67,1173,265,MoveRight,1731,265,None
68,1180,265,MoveRight,1731,265,None
69,1187,265,MoveRight,1731,265,None
70,1194,265,MoveRight,1731,265,None
71,1201,265,MoveRight,1731,265,None
72,1208,265,MoveRight,1731,265,None
73,1215,265,MoveRight,1731,265,None
74,1222,265,MoveRight,1731,265,None
75,1229,265,MoveRight,1731,265,None
76,1236,265,MoveRight,1731,265,None
77,1243,265,MoveRight,1731,265,None
78,1250,265,MoveRight,1731,265,None
79,1257,265,MoveRight,1731,265,None
80,1264,265,MoveRight,1731,265,None
81,1267.5,284.62,MoveRight,1731,265,None
82,1271,304.24,MoveRight,1731,265,None
83,1274.5,314.05,MoveRight,1731,265,None
84,1278,323.86,MoveRight,1731,265,None
85,1281.5,333.67,MoveRight,1731,265,None
86,1285,343.48,MoveRight,1731,265,None
87,1288.5,353.29,MoveRight,1731,265,None
88,1292,363.1,MoveRight,1731,265,None
89,1295.5,372.91,MoveRight,1731,265,None
90,1299,382.72,MoveRight,1731,265,None
91,1302.5,392.53,MoveRight,1731,265,None
92,1306,402.34,MoveRight,1731,265,None
93,1309.5,412.15,MoveRight,1731,265,None
94,1313,421.96,MoveRight,1731,265,None
95,1316.5,431.77,MoveRight,1731,265,None
96,1320,441.58,MoveRight,1731,265,None
97,1323.5,451.39,MoveRight,1731,265,None
108,1326,559.3,None,1731,265,None
130,1322.5,382.72,MoveLeft,1731,265,None
131,1319,372.91,MoveLeft,1731,265,None
132,1315.5,363.1,MoveLeft,1731,265,None
133,1312,353.29,MoveLeft,1731,265,None
134,1308.5,343.48,MoveLeft,1731,265,None
135,1305,333.67,MoveLeft,1731,265,None
136,1301.5,323.86,MoveLeft,1731,265,None
137,1298,314.05,MoveLeft,1731,265,None
138,1294.5,304.24,MoveLeft,1731,265,None
139,1291,294.43,MoveLeft,1731,265,None
140,1287.5,284.62,MoveLeft,1731,265,None
149,1287.5,284.62,None,1731,265,None
176,1287.5,539.68,Spike,1731,265,None
176,1287.5,559.3,None,1731,265,None
177,1287.5,569.11,None,1724,265,MoveLeft
178,1287.5,578.92,None,1717,265,MoveLeft
179,1287.5,569.11,None,1710,265,MoveLeft
180,1287.5,559.3,None,1703,265,MoveLeft
181,1287.5,549.49,None,1696,265,MoveLeft
182,1287.5,539.68,None,1689,265,MoveLeft
183,1287.5,529.87,None,1682,265,MoveLeft
184,1287.5,520.06,None,1675,265,MoveLeft
185,1287.5,510.25,None,1668,265,MoveLeft
243,330,265,Serve,1850,265,None
243,330,265,None,1850,265,None
244,330,265,None,1857,265,MoveRight
245,330,265,None,1864,265,MoveRight
246,330,265,None,1871,265,MoveRight
247,330,265,None,1878,265,MoveRight
262,337,265,MoveRight,1878,265,None
263,344,265,MoveRight,1878,265,None
264,351,265,MoveRight,1878,265,None
265,358,265,MoveRight,1878,265,None
266,365,265,MoveRight,1878,265,None
267,372,265,MoveRight,1878,265,None
268,379,265,MoveRight,1878,265,None
269,386,265,MoveRight,1878,265,None
270,393,265,MoveRight,1878,265,None
271,400,265,MoveRight,1878,265,None
272,407,265,MoveRight,1878,265,None
273,414,265,MoveRight,1878,265,None
274,421,265,MoveRight,1878,265,None
275,428,265,MoveRight,1878,265,None
276,435,265,MoveRight,1878,265,None
277,442,265,MoveRight,1878,265,None
278,449,265,MoveRight,1878,265,None
279,456,265,MoveRight,1878,265,None
280,463,265,MoveRight,1878,265,None
285,470,265,MoveRight,1878,265,None
286,477,265,MoveRight,1878,265,None
287,484,265,MoveRight,1878,265,None
288,491,265,MoveRight,1878,265,None
289,498,265,MoveRight,1878,265,None
290,505,265,MoveRight,1878,265,None
291,512,265,MoveRight,1878,265,None
292,519,265,MoveRight,1878,265,None
293,526,265,MoveRight,1878,265,None
294,533,265,MoveRight,1878,265,None
295,540,265,MoveRight,1878,265,None
296,547,265,MoveRight,1878,265,None
297,554,265,MoveRight,1878,265,None
298,561,265,MoveRight,1878,265,None
299,568,265,MoveRight,1878,265,None
300,575,265,MoveRight,1878,265,None
301,582,265,MoveRight,1878,265,None
302,589,265,MoveRight,1878,265,None
303,596,265,MoveRight,1878,265,None
304,603,265,MoveRight,1878,265,None
305,610,265,MoveRight,1878,265,None
306,617,265,MoveRight,1878,265,None
307,624,265,MoveRight,1878,265,None
308,631,265,MoveRight,1878,265,None
309,638,265,MoveRight,1878,265,None
310,645,265,MoveRight,1878,265,None
311,652,265,MoveRight,1878,265,None
312,659,265,MoveRight,1878,265,None
313,666,265,MoveRight,1878,265,None
314,673,265,MoveRight,1878,265,None
315,680,265,MoveRight,1878,265,None
316,687,265,MoveRight,1878,265,None
317,687,265,None,1878,265,SpikeMedium
317,694,265,MoveRight,1878,265,None
317,694,265,None,1878,265,None
318,701,265,MoveRight,1878,265,None
319,708,265,MoveRight,1878,265,None
320,715,265,MoveRight,1878,265,None
321,722,265,MoveRight,1878,265,None
322,729,265,MoveRight,1878,265,None
323,736,265,MoveRight,1878,265,None
324,743,265,MoveRight,1878,265,None
325,750,265,MoveRight,1878,265,None
326,757,265,MoveRight,1878,265,None
327,764,265,MoveRight,1878,265,None
328,771,265,MoveRight,1878,265,None
329,778,265,MoveRight,1878,265,None
330,785,265,MoveRight,1878,265,None
331,792,265,MoveRight,1878,265,None
332,799,265,MoveRight,1878,265,None
333,806,265,MoveRight,1878,265,None
334,813,265,MoveRight,1878,265,None
335,820,265,MoveRight,1878,265,None
336,827,265,MoveRight,1878,265,None
337,834,265,MoveRight,1878,265,None
338,841,265,MoveRight,1878,265,None
339,848,265,MoveRight,1878,265,None
340,855,265,MoveRight,1878,265,None
341,862,265,MoveRight,1878,265,None
342,869,265,MoveRight,1878,265,None
343,876,265,MoveRight,1878,265,None
344,883,265,MoveRight,1878,265,None
345,890,265,MoveRight,1878,265,None
346,897,265,MoveRight,1878,265,None
347,904,265,MoveRight,1878,265,None
348,911,265,MoveRight,1878,265,None
349,918,265,MoveRight,1878,265,None
350,925,265,MoveRight,1878,265,None
351,932,265,MoveRight,1878,265,None
352,939,265,MoveRight,1878,265,None
353,946,265,MoveRight,1878,265,None
354,953,265,MoveRight,1878,265,None
355,960,265,MoveRight,1878,265,None
356,967,265,MoveRight,1878,265,None
357,974,265,MoveRight,1878,265,None
358,981,265,MoveRight,1878,265,None
359,981,265,None,1878,265,None
360,981,265,None,1878,265,None
361,981,265,None,1878,265,None
362,981,265,None,1878,265,None
363,981,265,None,1878,265,None
364,981,265,None,1878,265,None
365,981,265,None,1878,265,None
366,981,265,None,1878,265,None
367,981,265,None,1878,265,None
368,981,265,None,1878,265,None
369,981,265,None,1878,265,None
370,981,265,None,1878,265,None
371,981,265,None,1878,265,None
372,981,265,None,1878,265,None
373,981,265,None,1878,265,None
374,981,265,None,1878,265,None
375,981,265,None,1878,265,None
376,981,265,None,1878,265,None
377,981,265,None,1878,265,None
378,981,265,None,1878,265,None
379,981,265,Bump,1878,265,None
379,981,265,None,1878,265,None
380,981,265,None,1871,265,MoveLeft
381,981,265,None,1864,265,MoveLeft
382,981,265,None,1857,265,MoveLeft
383,981,265,None,1850,265,MoveLeft
384,981,265,None,1843,265,MoveLeft
385,981,265,None,1836,265,MoveLeft
386,981,265,None,1829,265,MoveLeft
387,981,265,None,1822,265,MoveLeft
388,981,265,None,1815,265,MoveLeft
389,981,265,None,1808,265,MoveLeft
390,981,265,None,1801,265,MoveLeft
391,981,265,None,1794,265,MoveLeft
392,981,265,None,1787,265,MoveLeft
393,981,265,None,1780,265,MoveLeft
394,981,265,None,1773,265,MoveLeft
395,981,265,None,1766,265,MoveLeft
396,981,265,None,1759,265,MoveLeft
397,981,265,None,1752,265,MoveLeft
398,988,265,MoveRight,1752,265,None
398,988,265,None,1745,265,MoveLeft
399,995,265,MoveRight,1745,265,None
399,995,265,None,1738,265,MoveLeft
400,1002,265,MoveRight,1738,265,None
400,1002,265,None,1731,265,MoveLeft
401,1002,265,None,1724,265,MoveLeft
402,1002,265,None,1717,265,MoveLeft
403,1002,265,None,1710,265,MoveLeft
404,1002,265,None,1703,265,MoveLeft
405,1002,265,None,1696,265,MoveLeft
406,1002,265,None,1689,265,MoveLeft
407,995,265,MoveLeft,1689,265,None
407,995,265,None,1682,265,MoveLeft
408,988,265,MoveLeft,1682,265,None
408,988,265,None,1675,265,MoveLeft
409,981,265,MoveLeft,1675,265,None
409,981,265,None,1668,265,MoveLeft
410,974,265,MoveLeft,1668,265,None
410,974,265,None,1661,265,MoveLeft
411,967,265,MoveLeft,1661,265,None
411,967,265,None,1654,265,MoveLeft
412,960,265,MoveLeft,1654,265,None
412,960,265,None,1647,265,MoveLeft
413,953,265,MoveLeft,1647,265,None
413,953,265,None,1640,265,MoveLeft
414,946,265,MoveLeft,1640,265,None
414,946,265,None,1633,265,MoveLeft
415,939,265,MoveLeft,1633,265,None
415,939,265,None,1626,265,MoveLeft
416,932,265,MoveLeft,1626,265,None
416,932,265,None,1619,265,MoveLeft
417,925,265,MoveLeft,1619,265,None
417,925,265,None,1612,265,MoveLeft
418,918,265,MoveLeft,1612,265,None
418,918,265,None,1605,265,MoveLeft
419,911,265,MoveLeft,1605,265,None
419,911,265,None,1598,265,MoveLeft
420,904,265,MoveLeft,1598,265,None
420,904,265,None,1591,265,MoveLeft
421,897,265,MoveLeft,1591,265,None
421,897,265,None,1584,265,MoveLeft
422,890,265,MoveLeft,1584,265,None
422,890,265,None,1577,265,MoveLeft
423,883,265,MoveLeft,1577,265,None
423,883,265,None,1570,265,MoveLeft
424,876,265,MoveLeft,1570,265,None
424,876,265,None,1563,265,MoveLeft
425,869,265,MoveLeft,1563,265,None
425,869,265,None,1556,265,MoveLeft
426,862,265,MoveLeft,1556,265,None
435,869,265,MoveRight,1556,265,None
436,876,265,MoveRight,1556,265,None
437,883,265,MoveRight,1556,265,None
438,890,265,MoveRight,1556,265,None
439,897,265,MoveRight,1556,265,None
440,904,265,MoveRight,1556,265,None
441,911,265,MoveRight,1556,265,None
442,918,265,MoveRight,1556,265,None
443,925,265,MoveRight,1556,265,None
452,932,265,MoveRight,1556,265,None
453,939,265,MoveRight,1556,265,None
454,946,265,MoveRight,1556,265,None
455,953,265,MoveRight,1556,265,None
456,960,265,MoveRight,1556,265,None
457,967,265,MoveRight,1556,265,None
458,974,265,MoveRight,1556,265,None
459,981,265,MoveRight,1556,265,None
460,988,265,MoveRight,1556,265,None
461,995,265,MoveRight,1556,265,None
462,1002,265,MoveRight,1556,265,None
463,1009,265,MoveRight,1556,265,None
464,1016,265,MoveRight,1556,265,None
465,1023,265,MoveRight,1556,265,None
466,1030,265,MoveRight,1556,265,None
467,1037,265,MoveRight,1556,265,None
468,1044,265,MoveRight,1556,265,None
469,1051,265,MoveRight,1556,265,None
470,1058,265,MoveRight,1556,265,None
471,1065,265,MoveRight,1556,265,None
472,1072,265,MoveRight,1556,265,None
473,1079,265,MoveRight,1556,265,None
474,1086,265,MoveRight,1556,265,None
475,1093,265,MoveRight,1556,265,None
476,1100,265,MoveRight,1556,265,None
477,1107,265,MoveRight,1556,265,None
478,1114,265,MoveRight,1556,265,None
479,1121,265,MoveRight,1556,265,None
480,1121,265,None,1556,265,SpikeMedium
480,1128,265,MoveRight,1556,265,None
480,1128,265,None,1556,265,None
481,1121,265,MoveLeft,1556,265,None
482,1114,265,MoveLeft,1556,265,None
483,1107,265,MoveLeft,1556,265,None
484,1100,265,MoveLeft,1556,265,None
485,1093,265,MoveLeft,1556,265,None
486,1086,265,MoveLeft,1556,265,None
487,1079,265,MoveLeft,1556,265,None
488,1072,265,MoveLeft,1556,265,None
489,1065,265,MoveLeft,1556,265,None
490,1058,265,MoveLeft,1556,265,None
491,1051,265,MoveLeft,1556,265,None
492,1044,265,MoveLeft,1556,265,None
493,1037,265,MoveLeft,1556,265,None
494,1030,265,MoveLeft,1556,265,None
495,1023,265,MoveLeft,1556,265,None
496,1016,265,MoveLeft,1556,265,None
497,1009,265,MoveLeft,1556,265,None
498,1002,265,MoveLeft,1556,265,None
499,995,265,MoveLeft,1556,265,None
500,988,265,MoveLeft,1556,265,None
501,981,265,MoveLeft,1556,265,None
502,974,265,MoveLeft,1556,265,None
503,967,265,MoveLeft,1556,265,None
504,960,265,MoveLeft,1556,265,None
510,953,265,MoveLeft,1556,265,None
511,946,265,MoveLeft,1556,265,None
512,939,265,MoveLeft,1556,265,None
513,932,265,MoveLeft,1556,265,None
514,925,265,MoveLeft,1556,265,None
515,918,265,MoveLeft,1556,265,None
516,911,265,MoveLeft,1556,265,None
517,904,265,MoveLeft,1556,265,None
518,897,265,MoveLeft,1556,265,None
519,890,265,MoveLeft,1556,265,None
520,883,265,MoveLeft,1556,265,None
521,876,265,MoveLeft,1556,265,None
522,869,265,MoveLeft,1556,265,None
523,862,265,MoveLeft,1556,265,None
524,855,265,MoveLeft,1556,265,None
525,848,265,MoveLeft,1556,265,None
526,841,265,MoveLeft,1556,265,None
527,834,265,MoveLeft,1556,265,None
528,827,265,MoveLeft,1556,265,None
529,820,265,MoveLeft,1556,265,None
530,813,265,MoveLeft,1556,265,None
531,806,265,MoveLeft,1556,265,None
532,799,265,MoveLeft,1556,265,None
533,792,265,MoveLeft,1556,265,None
534,785,265,MoveLeft,1556,265,None
535,778,265,MoveLeft,1556,265,None
536,771,265,MoveLeft,1556,265,None
537,764,265,MoveLeft,1556,265,None
538,757,265,MoveLeft,1556,265,None
539,750,265,MoveLeft,1556,265,None
540,743,265,MoveLeft,1556,265,None
541,736,265,MoveLeft,1556,265,None
542,729,265,MoveLeft,1556,265,None
546,729,265,Bump,1556,265,None
546,722,265,MoveLeft,1556,265,None
547,722,265,None,1563,265,MoveRight
548,722,265,None,1570,265,MoveRight
549,722,265,None,1577,265,MoveRight
550,722,265,None,1584,265,MoveRight
551,722,265,None,1591,265,MoveRight
552,722,265,None,1598,265,MoveRight
553,722,265,None,1605,265,MoveRight
554,722,265,None,1612,265,MoveRight
555,722,265,None,1619,265,MoveRight
556,722,265,None,1626,265,MoveRight
557,722,265,None,1633,265,MoveRight
558,722,265,None,1640,265,MoveRight
559,722,265,None,1647,265,MoveRight
560,722,265,None,1654,265,MoveRight
561,722,265,None,1661,265,MoveRight
562,722,265,None,1668,265,MoveRight
563,722,265,None,1675,265,MoveRight
564,722,265,None,1682,265,MoveRight
565,722,265,None,1689,265,MoveRight
566,722,265,None,1696,265,MoveRight
567,722,265,None,1703,265,MoveRight
568,722,265,None,1710,265,MoveRight
569,722,265,None,1717,265,MoveRight
570,722,265,None,1724,265,MoveRight
574,729,265,MoveRight,1724,265,None
575,736,265,MoveRight,1724,265,None
576,743,265,MoveRight,1724,265,None
577,750,265,MoveRight,1724,265,None
578,757,265,MoveRight,1724,265,None
579,764,265,MoveRight,1724,265,None
580,771,265,MoveRight,1724,265,None
581,778,265,MoveRight,1724,265,None
582,785,265,MoveRight,1724,265,None
583,792,265,MoveRight,1724,265,None
584,799,265,MoveRight,1724,265,None
585,806,265,MoveRight,1724,265,None
586,813,265,MoveRight,1724,265,None
587,820,265,MoveRight,1724,265,None
588,827,265,MoveRight,1724,265,None
589,834,265,MoveRight,1724,265,None
590,841,265,MoveRight,1724,265,None
591,848,265,MoveRight,1724,265,None
592,855,265,MoveRight,1724,265,None
593,862,265,MoveRight,1724,265,None
594,869,265,MoveRight,1724,265,None
595,876,265,MoveRight,1724,265,None
596,883,265,MoveRight,1724,265,None
597,890,265,MoveRight,1724,265,None
598,897,265,MoveRight,1724,265,None
599,904,265,MoveRight,1724,265,None
600,911,265,MoveRight,1724,265,None
601,918,265,MoveRight,1724,265,None
602,925,265,MoveRight,1724,265,None
603,932,265,MoveRight,1724,265,None
604,939,265,MoveRight,1724,265,None
605,946,265,MoveRight,1724,265,None
606,953,265,MoveRight,1724,265,None
607,960,265,MoveRight,1724,265,None
608,967,265,MoveRight,1724,265,None
609,974,265,MoveRight,1724,265,None
610,981,265,MoveRight,1724,265,None
611,988,265,MoveRight,1724,265,None
612,995,265,MoveRight,1724,265,None
613,1002,265,MoveRight,1724,265,None
614,1009,265,MoveRight,1724,265,None
615,1016,265,MoveRight,1724,265,None
616,1023,265,MoveRight,1724,265,None
617,1030,265,MoveRight,1724,265,None
618,1037,265,MoveRight,1724,265,None
619,1044,265,MoveRight,1724,265,None
620,1051,265,MoveRight,1724,265,None
621,1058,265,MoveRight,1724,265,None
622,1065,265,MoveRight,1724,265,None
623,1072,265,MoveRight,1724,265,None
624,1079,265,MoveRight,1724,265,None
625,1086,265,MoveRight,1724,265,None
626,1093,265,MoveRight,1724,265,None
627,1100,265,MoveRight,1724,265,None
628,1107,265,MoveRight,1724,265,None
629,1114,265,MoveRight,1724,265,None
642,1114,265,Bump,1724,265,None
642,1121,265,MoveRight,1724,265,None
643,1121,265,None,1717,265,MoveLeft
644,1121,265,None,1710,265,MoveLeft
645,1121,265,None,1703,265,MoveLeft
646,1121,265,None,1696,265,MoveLeft
647,1121,265,None,1689,265,MoveLeft
648,1121,265,None,1682,265,MoveLeft
649,1121,265,None,1675,265,MoveLeft
650,1121,265,None,1668,265,MoveLeft
651,1121,265,None,1661,265,MoveLeft
652,1121,265,None,1654,265,MoveLeft
653,1121,265,None,1647,265,MoveLeft
663,1114,265,MoveLeft,1647,265,None
664,1107,265,MoveLeft,1647,265,None
665,1100,265,MoveLeft,1647,265,None
666,1093,265,MoveLeft,1647,265,None
667,1086,265,MoveLeft,1647,265,None
668,1079,265,MoveLeft,1647,265,None
669,1072,265,MoveLeft,1647,265,None
670,1065,265,MoveLeft,1647,265,None
671,1058,265,MoveLeft,1647,265,None
672,1051,265,MoveLeft,1647,265,None
673,1044,265,MoveLeft,1647,265,None
674,1037,265,MoveLeft,1647,265,None
675,1030,265,MoveLeft,1647,265,None
676,1023,265,MoveLeft,1647,265,None
677,1016,265,MoveLeft,1647,265,None
678,1009,265,MoveLeft,1647,265,None
679,1002,265,MoveLeft,1647,265,None
680,995,265,MoveLeft,1647,265,None
681,988,265,MoveLeft,1647,265,None
682,981,265,MoveLeft,1647,265,None
683,974,265,MoveLeft,1647,265,None
684,967,265,MoveLeft,1647,265,None
685,960,265,MoveLeft,1647,265,None
686,953,265,MoveLeft,1647,265,None
687,946,265,MoveLeft,1647,265,None
688,939,265,MoveLeft,1647,265,None
689,932,265,MoveLeft,1647,265,None
690,925,265,MoveLeft,1647,265,None
691,918,265,MoveLeft,1647,265,None
692,911,265,MoveLeft,1647,265,None
693,904,265,MoveLeft,1647,265,None
694,897,265,MoveLeft,1647,265,None
695,890,265,MoveLeft,1647,265,None
696,883,265,MoveLeft,1647,265,None
697,876,265,MoveLeft,1647,265,None
698,869,265,MoveLeft,1647,265,None
699,862,265,MoveLeft,1647,265,None
700,855,265,MoveLeft,1647,265,None
701,848,265,MoveLeft,1647,265,None
702,841,265,MoveLeft,1647,265,None
703,834,265,MoveLeft,1647,265,None
704,827,265,MoveLeft,1647,265,None
705,820,265,MoveLeft,1647,265,None
706,813,265,MoveLeft,1647,265,None
707,806,265,MoveLeft,1647,265,None
708,799,265,MoveLeft,1647,265,None
709,792,265,MoveLeft,1647,265,None
710,785,265,MoveLeft,1647,265,None
717,792,265,MoveRight,1647,265,None
718,799,265,MoveRight,1647,265,None
719,806,265,MoveRight,1647,265,None
720,813,265,MoveRight,1647,265,None
721,820,265,MoveRight,1647,265,None
722,827,265,MoveRight,1647,265,None
723,834,265,MoveRight,1647,265,None
724,841,265,MoveRight,1647,265,None
739,848,265,MoveRight,1647,265,None
740,848,265,None,1647,265,SpikeLight
740,855,265,MoveRight,1647,265,None
740,855,265,None,1647,265,None
741,862,265,MoveRight,1647,265,None
742,869,265,MoveRight,1647,265,None
743,876,265,MoveRight,1647,265,None
744,883,265,MoveRight,1647,265,None
745,890,265,MoveRight,1647,265,None
746,897,265,MoveRight,1647,265,None
747,904,265,MoveRight,1647,265,None
748,911,265,MoveRight,1647,265,None
749,918,265,MoveRight,1647,265,None
750,925,265,MoveRight,1647,265,None
751,932,265,MoveRight,1647,265,None
752,939,265,MoveRight,1647,265,None
753,946,265,MoveRight,1647,265,None
754,953,265,MoveRight,1647,265,None
755,960,265,MoveRight,1647,265,None
756,967,265,MoveRight,1647,265,None
757,974,265,MoveRight,1647,265,None
758,981,265,MoveRight,1647,265,None
759,988,265,MoveRight,1647,265,None
760,995,265,MoveRight,1647,265,None
761,1002,265,MoveRight,1647,265,None
762,1009,265,MoveRight,1647,265,None
763,1016,265,MoveRight,1647,265,None
764,1023,265,MoveRight,1647,265,None
765,1030,265,MoveRight,1647,265,None
766,1037,265,MoveRight,1647,265,None
767,1044,265,MoveRight,1647,265,None
768,1051,265,MoveRight,1647,265,None
769,1058,265,MoveRight,1647,265,None
770,1065,265,MoveRight,1647,265,None
771,1072,265,MoveRight,1647,265,None
772,1079,265,MoveRight,1647,265,None
773,1086,265,MoveRight,1647,265,None
774,1093,265,MoveRight,1647,265,None
775,1100,265,MoveRight,1647,265,None
776,1107,265,MoveRight,1647,265,None
777,1114,265,MoveRight,1647,265,None
778,1121,265,MoveRight,1647,265,None
779,1128,265,MoveRight,1647,265,None
780,1135,265,MoveRight,1647,265,None
781,1142,265,MoveRight,1647,265,None
782,1149,265,MoveRight,1647,265,None
783,1156,265,MoveRight,1647,265,None
784,1163,265,MoveRight,1647,265,None
785,1170,265,MoveRight,1647,265,None
786,1177,265,MoveRight,1647,265,None
787,1184,265,MoveRight,1647,265,None
788,1191,265,MoveRight,1647,265,None
789,1198,265,MoveRight,1647,265,None
790,1205,265,MoveRight,1647,265,None
791,1212,265,MoveRight,1647,265,None
792,1219,265,MoveRight,1647,265,None
793,1226,265,MoveRight,1647,265,None
794,1233,265,MoveRight,1647,265,None
795,1226,265,MoveLeft,1647,265,None
796,1233,265,MoveRight,1647,265,None
797,1240,265,MoveRight,1647,265,None
798,1247,265,MoveRight,1647,265,None
799,1254,265,MoveRight,1647,265,None
800,1261,265,MoveRight,1647,265,None
801,1268,265,MoveRight,1647,265,None
802,1275,265,MoveRight,1647,265,None
803,1282,265,MoveRight,1647,265,None
804,1289,265,MoveRight,1647,265,None
805,1296,265,MoveRight,1647,265,None
806,1303,265,MoveRight,1647,265,None
838,1296,265,MoveLeft,1647,265,None
839,1289,265,MoveLeft,1647,265,None
840,1282,265,MoveLeft,1647,265,None
841,1275,265,MoveLeft,1647,265,None
842,1268,265,MoveLeft,1647,265,None
843,1261,265,MoveLeft,1647,265,None
844,1254,265,MoveLeft,1647,265,None
845,1247,265,MoveLeft,1647,265,None
846,1240,265,MoveLeft,1647,265,None
847,1233,265,MoveLeft,1647,265,None
848,1226,265,MoveLeft,1647,265,None
849,1219,265,MoveLeft,1647,265,None
850,1212,265,MoveLeft,1647,265,None
851,1205,265,MoveLeft,1647,265,None
852,1198,265,MoveLeft,1647,265,None
853,1191,265,MoveLeft,1647,265,None
854,1184,265,MoveLeft,1647,265,None
855,1177,265,MoveLeft,1647,265,None
856,1170,265,MoveLeft,1647,265,None
857,1163,265,MoveLeft,1647,265,None
858,1156,265,MoveLeft,1647,265,None
859,1149,265,MoveLeft,1647,265,None
860,1142,265,MoveLeft,1647,265,None
861,1135,265,MoveLeft,1647,265,None
862,1128,265,MoveLeft,1647,265,None
863,323,265,MoveLeft,1850,265,None
864,316,265,MoveLeft,1850,265,None
865,309,265,MoveLeft,1850,265,None
866,302,265,MoveLeft,1850,265,None
867,295,265,MoveLeft,1850,265,None
868,288,265,MoveLeft,1850,265,None
917,288,265,Serve,1850,265,None
917,288,265,None,1850,265,None
918,288,265,None,1843,265,MoveLeft
940,295,265,MoveRight,1843,265,None
941,302,265,MoveRight,1843,265,None
942,309,265,MoveRight,1843,265,None
943,316,265,MoveRight,1843,265,None
944,323,265,MoveRight,1843,265,None
945,330,265,MoveRight,1843,265,None
946,337,265,MoveRight,1843,265,None
947,344,265,MoveRight,1843,265,None
948,351,265,MoveRight,1843,265,None
949,358,265,MoveRight,1843,265,None
950,365,265,MoveRight,1843,265,None
951,372,265,MoveRight,1843,265,None
952,379,265,MoveRight,1843,265,None
953,386,265,MoveRight,1843,265,None
954,393,265,MoveRight,1843,265,None
955,400,265,MoveRight,1843,265,None
956,407,265,MoveRight,1843,265,None
957,414,265,MoveRight,1843,265,None
958,421,265,MoveRight,1843,265,None
959,428,265,MoveRight,1843,265,None
960,435,265,MoveRight,1843,265,None
961,442,265,MoveRight,1843,265,None
962,449,265,MoveRight,1843,265,None
963,456,265,MoveRight,1843,265,None
964,463,265,MoveRight,1843,265,None
965,470,265,MoveRight,1843,265,None
966,477,265,MoveRight,1843,265,None
967,484,265,MoveRight,1843,265,None
980,491,265,MoveRight,1843,265,None
981,498,265,MoveRight,1843,265,None
982,505,265,MoveRight,1843,265,None
983,512,265,MoveRight,1843,265,None
984,519,265,MoveRight,1843,265,None
985,526,265,MoveRight,1843,265,None
986,533,265,MoveRight,1843,265,None
987,540,265,MoveRight,1843,265,None
988,547,265,MoveRight,1843,265,None
989,554,265,MoveRight,1843,265,None
990,561,265,MoveRight,1843,265,None
991,561,265,None,1843,265,SpikeMedium
991,568,265,MoveRight,1843,265,None
991,568,265,None,1843,265,None
992,575,265,MoveRight,1843,265,None
993,582,265,MoveRight,1843,265,None
994,589,265,MoveRight,1843,265,None
995,596,265,MoveRight,1843,265,None
996,603,265,MoveRight,1843,265,None
997,610,265,MoveRight,1843,265,None
998,617,265,MoveRight,1843,265,None
999,624,265,MoveRight,1843,265,None
1000,631,265,MoveRight,1843,265,None
1001,638,265,MoveRight,1843,265,None
1002,645,265,MoveRight,1843,265,None
1003,652,265,MoveRight,1843,265,None
1004,659,265,MoveRight,1843,265,None
1005,666,265,MoveRight,1843,265,None
1006,673,265,MoveRight,1843,265,None
1007,680,265,MoveRight,1843,265,None
1008,687,265,MoveRight,1843,265,None
1009,694,265,MoveRight,1843,265,None
1010,701,265,MoveRight,1843,265,None
1011,708,265,MoveRight,1843,265,None
1012,715,265,MoveRight,1843,265,None
1013,722,265,MoveRight,1843,265,None
1014,729,265,MoveRight,1843,265,None
1015,736,265,MoveRight,1843,265,None
1016,743,265,MoveRight,1843,265,None
1017,750,265,MoveRight,1843,265,None
1018,757,265,MoveRight,1843,265,None
1019,764,265,MoveRight,1843,265,None
1020,771,265,MoveRight,1843,265,None
1021,778,265,MoveRight,1843,265,None
1022,785,265,MoveRight,1843,265,None
1023,792,265,MoveRight,1843,265,None
1024,799,265,MoveRight,1843,265,None
1025,806,265,MoveRight,1843,265,None
1026,813,265,MoveRight,1843,265,None
1027,820,265,MoveRight,1843,265,None
1028,827,265,MoveRight,1843,265,None
1029,834,265,MoveRight,1843,265,None
1030,841,265,MoveRight,1843,265,None
1031,848,265,MoveRight,1843,265,None
1032,855,265,MoveRight,1843,265,None
1033,862,265,MoveRight,1843,265,None
1034,869,265,MoveRight,1843,265,None
1035,876,265,MoveRight,1843,265,None
1036,883,265,MoveRight,1843,265,None
1037,890,265,MoveRight,1843,265,None
1038,897,265,MoveRight,1843,265,None
1039,904,265,MoveRight,1843,265,None
1040,911,265,MoveRight,1843,265,None
1041,918,265,MoveRight,1843,265,None
1042,925,265,MoveRight,1843,265,None
1043,932,265,MoveRight,1843,265,None
1044,939,265,MoveRight,1843,265,None
1045,939,265,None,1843,265,None
1046,939,265,None,1843,265,None
1047,939,265,None,1843,265,None
1048,939,265,None,1843,265,None
1049,939,265,None,1843,265,None
1050,939,265,None,1843,265,None
1051,939,265,None,1843,265,None
1052,939,265,None,1843,265,None
1053,939,265,Bump,1843,265,None
1053,939,265,None,1843,265,None
1054,939,265,None,1836,265,MoveLeft
1055,939,265,None,1829,265,MoveLeft
1056,939,265,None,1822,265,MoveLeft
1057,939,265,None,1815,265,MoveLeft
1058,939,265,None,1808,265,MoveLeft
1059,939,265,None,1801,265,MoveLeft
1060,939,265,None,1794,265,MoveLeft
1061,939,265,None,1787,265,MoveLeft
1062,939,265,None,1780,265,MoveLeft
1063,939,265,None,1773,265,MoveLeft
1064,939,265,None,1766,265,MoveLeft
1065,939,265,None,1759,265,MoveLeft
1066,939,265,None,1752,265,MoveLeft
1067,939,265,None,1745,265,MoveLeft
1068,939,265,None,1738,265,MoveLeft
1069,939,265,None,1731,265,MoveLeft
1070,939,265,None,1724,265,MoveLeft
1071,939,265,None,1717,265,MoveLeft
1072,932,265,MoveLeft,1717,265,None
1072,932,265,None,1710,265,MoveLeft
1073,925,265,MoveLeft,1710,265,None
1073,925,265,None,1703,265,MoveLeft
1074,918,265,MoveLeft,1703,265,None
1074,918,265,None,1696,265,MoveLeft
1075,911,265,MoveLeft,1696,265,None
1075,911,265,None,1689,265,MoveLeft
1076,904,265,MoveLeft,1689,265,None
1076,904,265,None,1682,265,MoveLeft
1077,897,265,MoveLeft,1682,265,None
1077,897,265,None,1675,265,MoveLeft
1078,890,265,MoveLeft,1675,265,None
1078,890,265,None,1668,265,MoveLeft
1079,883,265,MoveLeft,1668,265,None
1079,883,265,None,1661,265,MoveLeft
1080,876,265,MoveLeft,1661,265,None
1080,876,265,None,1654,265,MoveLeft
1081,869,265,MoveLeft,1654,265,None
1081,869,265,None,1647,265,MoveLeft
1082,862,265,MoveLeft,1647,265,None
1082,862,265,None,1640,265,MoveLeft
1083,855,265,MoveLeft,1640,265,None
1083,855,265,None,1633,265,MoveLeft
1084,848,265,MoveLeft,1633,265,None
1084,848,265,None,1626,265,MoveLeft
1085,841,265,MoveLeft,1626,265,None
1085,841,265,None,1619,265,MoveLeft
1086,834,265,MoveLeft,1619,265,None
1086,834,265,None,1612,265,MoveLeft
1087,827,265,MoveLeft,1612,265,None
1087,827,265,None,1605,265,MoveLeft
1088,820,265,MoveLeft,1605,265,None
1088,820,265,None,1598,265,MoveLeft
1089,813,265,MoveLeft,1598,265,None
1089,813,265,None,1591,265,MoveLeft
1090,806,265,MoveLeft,1591,265,None
1090,806,265,None,1584,265,MoveLeft
1091,799,265,MoveLeft,1584,265,None
1091,799,265,None,1577,265,MoveLeft
1092,792,265,MoveLeft,1577,265,None
1092,792,265,None,1570,265,MoveLeft
1093,785,265,MoveLeft,1570,265,None
1093,785,265,None,1563,265,MoveLeft
1094,778,265,MoveLeft,1563,265,None
1094,778,265,None,1556,265,MoveLeft
1095,771,265,MoveLeft,1556,265,None
1095,771,265,None,1549,265,MoveLeft
1096,764,265,MoveLeft,1549,265,None
1096,764,265,None,1542,265,MoveLeft
1097,757,265,MoveLeft,1542,265,None
1097,757,265,None,1535,265,MoveLeft
1098,750,265,MoveLeft,1535,265,None
1098,750,265,None,1528,265,MoveLeft
1099,743,265,MoveLeft,1528,265,None
1099,743,265,None,1521,265,MoveLeft
1100,736,265,MoveLeft,1521,265,None
1100,736,265,None,1514,265,MoveLeft
1101,729,265,MoveLeft,1514,265,None
1102,722,265,MoveLeft,1514,265,None
1103,715,265,MoveLeft,1514,265,None
1124,722,265,MoveRight,1514,265,None
1125,729,265,MoveRight,1514,265,None
1126,736,265,MoveRight,1514,265,None
1127,743,265,MoveRight,1514,265,None
1128,750,265,MoveRight,1514,265,None
1129,757,265,MoveRight,1514,265,None
1130,764,265,MoveRight,1514,265,None
1131,771,265,MoveRight,1514,265,None
1132,778,265,MoveRight,1514,265,None
1133,785,265,MoveRight,1514,265,None
1134,792,265,MoveRight,1514,265,None
1135,799,265,MoveRight,1514,265,None
1136,806,265,MoveRight,1514,265,None
1137,813,265,MoveRight,1514,265,None
1138,820,265,MoveRight,1514,265,None
1139,827,265,MoveRight,1514,265,None
1140,834,265,MoveRight,1514,265,None
1141,841,265,MoveRight,1514,265,None
1142,848,265,MoveRight,1514,265,None
1143,855,265,MoveRight,1514,265,None
1144,862,265,MoveRight,1514,265,None
1145,869,265,MoveRight,1514,265,None
1146,876,265,MoveRight,1514,265,None
1147,883,265,MoveRight,1514,265,None
1148,890,265,MoveRight,1514,265,None
1149,897,265,MoveRight,1514,265,None
1150,904,265,MoveRight,1514,265,None
1151,911,265,MoveRight,1514,265,None
1152,918,265,MoveRight,1514,265,None
1153,925,265,MoveRight,1514,265,None
1154,925,265,None,1514,265,SpikeLight
1154,932,265,MoveRight,1514,265,None
1154,932,265,None,1514,265,None
1155,939,265,MoveRight,1514,265,None
1156,946,265,MoveRight,1514,265,None
1157,953,265,MoveRight,1514,265,None
1158,960,265,MoveRight,1514,265,None
1159,967,265,MoveRight,1514,265,None
1160,974,265,MoveRight,1514,265,None
1161,981,265,MoveRight,1514,265,None
1162,988,265,MoveRight,1514,265,None
1163,995,265,MoveRight,1514,265,None
1164,1002,265,MoveRight,1514,265,None
1177,995,265,MoveLeft,1514,265,None
1178,988,265,MoveLeft,1514,265,None
1179,981,265,MoveLeft,1514,265,None
1180,974,265,MoveLeft,1514,265,None
1181,967,265,MoveLeft,1514,265,None
1182,960,265,MoveLeft,1514,265,None
1183,953,265,MoveLeft,1514,265,None
1187,960,265,MoveRight,1514,265,None
1188,967,265,MoveRight,1514,265,None
1189,974,265,MoveRight,1514,265,None
1190,981,265,MoveRight,1514,265,None
1191,988,265,MoveRight,1514,265,None
1192,995,265,MoveRight,1514,265,None
1193,1002,265,MoveRight,1514,265,None
1194,1009,265,MoveRight,1514,265,None
1195,1016,265,MoveRight,1514,265,None
1196,1023,265,MoveRight,1514,265,None
1197,1030,265,MoveRight,1514,265,None
1198,1037,265,MoveRight,1514,265,None
1199,1044,265,MoveRight,1514,265,None
1200,1051,265,MoveRight,1514,265,None
1201,1058,265,MoveRight,1514,265,None
1202,1065,265,MoveRight,1514,265,None
1203,1072,265,MoveRight,1514,265,None
1204,1079,265,MoveRight,1514,265,None
1205,1086,265,MoveRight,1514,265,None
1206,1093,265,MoveRight,1514,265,None
1207,1100,265,MoveRight,1514,265,None
1208,1107,265,MoveRight,1514,265,None
1209,1114,265,MoveRight,1514,265,None
1211,1121,265,MoveRight,1514,265,None
1212,1128,265,MoveRight,1514,265,None
1213,1128,265,Bump,1514,265,None
1213,1135,265,MoveRight,1514,265,None
1214,1135,265,None,1521,265,MoveRight
1215,1135,265,None,1528,265,MoveRight
1216,1135,265,None,1535,265,MoveRight
1217,1135,265,None,1542,265,MoveRight
1218,1135,265,None,1549,265,MoveRight
1219,1135,265,None,1556,265,MoveRight
1220,1135,265,None,1563,265,MoveRight
1221,1135,265,None,1570,265,MoveRight
1222,1135,265,None,1577,265,MoveRight
1223,1135,265,None,1584,265,MoveRight
1224,1135,265,None,1591,265,MoveRight
1225,1135,265,None,1598,265,MoveRight
1226,1135,265,None,1605,265,MoveRight
1227,1135,265,None,1612,265,MoveRight
1228,1135,265,None,1619,265,MoveRight
1229,1135,265,None,1626,265,MoveRight
1230,1135,265,None,1633,265,MoveRight
1231,1135,265,None,1640,265,MoveRight
1232,1128,265,MoveLeft,1640,265,None
1232,1128,265,None,1647,265,MoveRight
1233,1121,265,MoveLeft,1647,265,None
1233,1121,265,None,1654,265,MoveRight
1234,1114,265,MoveLeft,1654,265,None
1234,1114,265,None,1661,265,MoveRight
1235,1107,265,MoveLeft,1661,265,None
1235,1107,265,None,1668,265,MoveRight
1236,1100,265,MoveLeft,1668,265,None
1236,1100,265,None,1675,265,MoveRight
1237,1093,265,MoveLeft,1675,265,None
1237,1093,265,None,1682,265,MoveRight
1238,1086,265,MoveLeft,1682,265,None
1238,1086,265,None,1689,265,MoveRight
1239,1079,265,MoveLeft,1689,265,None
1239,1079,265,None,1696,265,MoveRight
1240,1072,265,MoveLeft,1696,265,None
1241,1065,265,MoveLeft,1696,265,None
1242,1058,265,MoveLeft,1696,265,None
1243,1051,265,MoveLeft,1696,265,None
1244,1044,265,MoveLeft,1696,265,None
1245,1037,265,MoveLeft,1696,265,None
1246,1030,265,MoveLeft,1696,265,None
1247,1023,265,MoveLeft,1696,265,None
1248,1016,265,MoveLeft,1696,265,None
1249,1009,265,MoveLeft,1696,265,None
1250,1002,265,MoveLeft,1696,265,None
1251,995,265,MoveLeft,1696,265,None
1252,988,265,MoveLeft,1696,265,None
1253,981,265,MoveLeft,1696,265,None
1254,974,265,MoveLeft,1696,265,None
1255,967,265,MoveLeft,1696,265,None
1256,960,265,MoveLeft,1696,265,None
1257,953,265,MoveLeft,1696,265,None
1258,946,265,MoveLeft,1696,265,None
1259,939,265,MoveLeft,1696,265,None
1260,932,265,MoveLeft,1696,265,None
1261,925,265,MoveLeft,1696,265,None
1262,918,265,MoveLeft,1696,265,None
1263,911,265,MoveLeft,1696,265,None
1264,904,265,MoveLeft,1696,265,None
1265,897,265,MoveLeft,1696,265,None
1266,890,265,MoveLeft,1696,265,None
1267,883,265,MoveLeft,1696,265,None
1268,876,265,MoveLeft,1696,265,None
1269,869,265,MoveLeft,1696,265,None
1270,862,265,MoveLeft,1696,265,None
1271,855,265,MoveLeft,1696,265,None
1272,848,265,MoveLeft,1696,265,None
1273,841,265,MoveLeft,1696,265,None
1274,834,265,MoveLeft,1696,265,None
1275,827,265,MoveLeft,1696,265,None
1276,820,265,MoveLeft,1696,265,None
1277,813,265,MoveLeft,1696,265,None
1278,806,265,MoveLeft,1696,265,None
1315,806,265,None,1696,265,SpikeLight
1315,806,265,None,1696,265,None
1325,813,265,MoveRight,1696,265,None
1326,820,265,MoveRight,1696,265,None
1327,827,265,MoveRight,1696,265,None
1328,834,265,MoveRight,1696,265,None
1329,841,265,MoveRight,1696,265,None
1330,848,265,MoveRight,1696,265,None
1331,855,265,MoveRight,1696,265,None
1332,862,265,MoveRight,1696,265,None
1333,869,265,MoveRight,1696,265,None
1334,876,265,MoveRight,1696,265,None
1335,883,265,MoveRight,1696,265,None
1336,890,265,MoveRight,1696,265,None
1337,897,265,MoveRight,1696,265,None
1338,904,265,MoveRight,1696,265,None
1339,911,265,MoveRight,1696,265,None
1340,918,265,MoveRight,1696,265,None
1341,925,265,MoveRight,1696,265,None
1342,932,265,MoveRight,1696,265,None
1343,939,265,MoveRight,1696,265,None
1344,946,265,MoveRight,1696,265,None
1345,953,265,MoveRight,1696,265,None
1346,960,265,MoveRight,1696,265,None
1347,967,265,MoveRight,1696,265,None
1348,974,265,MoveRight,1696,265,None
1349,981,265,MoveRight,1696,265,None
1350,988,265,MoveRight,1696,265,None
1351,995,265,MoveRight,1696,265,None
1352,1002,265,MoveRight,1696,265,None
1353,1009,265,MoveRight,1696,265,None
1354,1016,265,MoveRight,1696,265,None
1355,1023,265,MoveRight,1696,265,None
1356,1030,265,MoveRight,1696,265,None
1357,1037,265,MoveRight,1696,265,None
1358,1044,265,MoveRight,1696,265,None
1359,1051,265,MoveRight,1696,265,None
1360,1058,265,MoveRight,1696,265,None
1361,1065,265,MoveRight,1696,265,None
1362,1072,265,MoveRight,1696,265,None
1363,1079,265,MoveRight,1696,265,None
1364,1086,265,MoveRight,1696,265,None
1365,1093,265,MoveRight,1696,265,None
1366,1100,265,MoveRight,1696,265,None
1367,1107,265,MoveRight,1696,265,None
1368,1114,265,MoveRight,1696,265,None
1369,1121,265,MoveRight,1696,265,None
1370,1128,265,MoveRight,1696,265,None
1371,1135,265,MoveRight,1696,265,None
1372,1142,265,MoveRight,1696,265,None
1373,1149,265,MoveRight,1696,265,None
1374,1156,265,MoveRight,1696,265,None
1375,1163,265,MoveRight,1696,265,None
1376,1170,265,MoveRight,1696,265,None
1377,1177,265,MoveRight,1696,265,None
1413,337,265,MoveRight,1850,265,None
1414,344,265,MoveRight,1850,265,None
1415,351,265,MoveRight,1850,265,None
1416,358,265,MoveRight,1850,265,None
1417,365,265,MoveRight,1850,265,None
1418,372,265,MoveRight,1850,265,None
1419,379,265,MoveRight,1850,265,None
1420,386,265,MoveRight,1850,265,None
1421,393,265,MoveRight,1850,265,None
1422,400,265,MoveRight,1850,265,None
1435,400,265,Serve,1850,265,None
1435,400,265,None,1850,265,None
1436,400,265,None,1857,265,MoveRight
1437,400,265,None,1864,265,MoveRight
1438,400,265,None,1871,265,MoveRight
1439,400,265,None,1878,265,MoveRight
1440,400,265,None,1885,265,MoveRight
1441,400,265,None,1892,265,MoveRight
1442,400,265,None,1899,265,MoveRight
1443,400,265,None,1906,265,MoveRight
1444,400,265,None,1913,265,MoveRight
1445,400,265,None,1920,265,MoveRight
1446,400,265,None,1927,265,MoveRight
1447,400,265,None,1934,265,MoveRight
1448,400,265,None,1941,265,MoveRight
1449,400,265,None,1948,265,MoveRight
1464,407,265,MoveRight,1948,265,None
1465,414,265,MoveRight,1948,265,None
1466,421,265,MoveRight,1948,265,None
1467,428,265,MoveRight,1948,265,None
1468,435,265,MoveRight,1948,265,None
1469,442,265,MoveRight,1948,265,None
1470,449,265,MoveRight,1948,265,None
1471,456,265,MoveRight,1948,265,None
1472,463,265,MoveRight,1948,265,None
1473,470,265,MoveRight,1948,265,None
1474,477,265,MoveRight,1948,265,None
1475,484,265,MoveRight,1948,265,None
1476,491,265,MoveRight,1948,265,None
1477,498,265,MoveRight,1948,265,None
1478,505,265,MoveRight,1948,265,None
1479,512,265,MoveRight,1948,265,None
1480,519,265,MoveRight,1948,265,None
1481,526,265,MoveRight,1948,265,None
1482,533,265,MoveRight,1948,265,None
1483,540,265,MoveRight,1948,265,None
1484,547,265,MoveRight,1948,265,None
1485,554,265,MoveRight,1948,265,None
1486,561,265,MoveRight,1948,265,None
1487,568,265,MoveRight,1948,265,None
1488,575,265,MoveRight,1948,265,None
1489,582,265,MoveRight,1948,265,None
1490,589,265,MoveRight,1948,265,None
1491,596,265,MoveRight,1948,265,None
1492,603,265,MoveRight,1948,265,None
1493,610,265,MoveRight,1948,265,None
1494,617,265,MoveRight,1948,265,None
1495,624,265,MoveRight,1948,265,None
1496,631,265,MoveRight,1948,265,None
1497,638,265,MoveRight,1948,265,None
1498,645,265,MoveRight,1948,265,None
1499,652,265,MoveRight,1948,265,None
1500,659,265,MoveRight,1948,265,None
1501,666,265,MoveRight,1948,265,None
1502,673,265,MoveRight,1948,265,None
1503,680,265,MoveRight,1948,265,None
1504,687,265,MoveRight,1948,265,None
1505,694,265,MoveRight,1948,265,None
1506,701,265,MoveRight,1948,265,None
1507,708,265,MoveRight,1948,265,None
1508,715,265,MoveRight,1948,265,None
1509,715,265,None,1948,265,SpikeMedium
1509,722,265,MoveRight,1948,265,None
1509,722,265,None,1948,265,None
1510,729,265,MoveRight,1948,265,None
1511,736,265,MoveRight,1948,265,None
1512,743,265,MoveRight,1948,265,None
1513,750,265,MoveRight,1948,265,None
1514,757,265,MoveRight,1948,265,None
1515,764,265,MoveRight,1948,265,None
1516,771,265,MoveRight,1948,265,None
1517,778,265,MoveRight,1948,265,None
1518,785,265,MoveRight,1948,265,None
1519,792,265,MoveRight,1948,265,None
1520,799,265,MoveRight,1948,265,None
1521,806,265,MoveRight,1948,265,None
1522,813,265,MoveRight,1948,265,None
1523,820,265,MoveRight,1948,265,None
1524,827,265,MoveRight,1948,265,None
1525,834,265,MoveRight,1948,265,None
1526,841,265,MoveRight,1948,265,None
1527,848,265,MoveRight,1948,265,None
1528,855,265,MoveRight,1948,265,None
1529,862,265,MoveRight,1948,265,None
1530,869,265,MoveRight,1948,265,None
1531,876,265,MoveRight,1948,265,None
1540,883,265,MoveRight,1948,265,None
1541,890,265,MoveRight,1948,265,None
1542,897,265,MoveRight,1948,265,None
1543,904,265,MoveRight,1948,265,None
1544,911,265,MoveRight,1948,265,None
1545,918,265,MoveRight,1948,265,None
1546,925,265,MoveRight,1948,265,None
1547,932,265,MoveRight,1948,265,None
1548,939,265,MoveRight,1948,265,None
1549,946,265,MoveRight,1948,265,None
1550,953,265,MoveRight,1948,265,None
1551,960,265,MoveRight,1948,265,None
1552,967,265,MoveRight,1948,265,None
1553,974,265,MoveRight,1948,265,None
1554,981,265,MoveRight,1948,265,None
1555,988,265,MoveRight,1948,265,None
1556,995,265,MoveRight,1948,265,None
1557,1002,265,MoveRight,1948,265,None
1558,1009,265,MoveRight,1948,265,None
1559,1016,265,MoveRight,1948,265,None
1560,1023,265,MoveRight,1948,265,None
1561,1030,265,MoveRight,1948,265,None
1562,1037,265,MoveRight,1948,265,None
1563,1044,265,MoveRight,1948,265,None
1564,1051,265,MoveRight,1948,265,None
1565,1051,265,None,1948,265,None
1566,1051,265,None,1948,265,None
1567,1051,265,None,1948,265,None
1568,1051,265,None,1948,265,None
1569,1051,265,None,1948,265,None
1570,1051,265,None,1948,265,None
1571,1051,265,Bump,1948,265,None
1571,1051,265,None,1948,265,None
1572,1051,265,None,1941,265,MoveLeft
1573,1051,265,None,1934,265,MoveLeft
1574,1051,265,None,1927,265,MoveLeft
1575,1051,265,None,1920,265,MoveLeft
1576,1051,265,None,1913,265,MoveLeft
1577,1051,265,None,1906,265,MoveLeft
1578,1051,265,None,1899,265,MoveLeft
1579,1051,265,None,1892,265,MoveLeft
1580,1051,265,None,1885,265,MoveLeft
1581,1051,265,None,1878,265,MoveLeft
1582,1051,265,None,1871,265,MoveLeft
1583,1051,265,None,1864,265,MoveLeft
1584,1051,265,None,1857,265,MoveLeft
1585,1051,265,None,1850,265,MoveLeft
1586,1051,265,None,1843,265,MoveLeft
1587,1051,265,None,1836,265,MoveLeft
1588,1051,265,None,1829,265,MoveLeft
1589,1051,265,None,1822,265,MoveLeft
1590,1044,265,MoveLeft,1822,265,None
1590,1044,265,None,1815,265,MoveLeft
1591,1037,265,MoveLeft,1815,265,None
1591,1037,265,None,1808,265,MoveLeft
1592,1030,265,MoveLeft,1808,265,None
1592,1030,265,None,1801,265,MoveLeft
1593,1023,265,MoveLeft,1801,265,None
1593,1023,265,None,1794,265,MoveLeft
1594,1016,265,MoveLeft,1794,265,None
1594,1016,265,None,1787,265,MoveLeft
1595,1009,265,MoveLeft,1787,265,None
1595,1009,265,None,1780,265,MoveLeft
1596,1002,265,MoveLeft,1780,265,None
1596,1002,265,None,1773,265,MoveLeft
1597,995,265,MoveLeft,1773,265,None
1597,995,265,None,1766,265,MoveLeft
1598,988,265,MoveLeft,1766,265,None
1598,988,265,None,1759,265,MoveLeft
1599,981,265,MoveLeft,1759,265,None
1599,981,265,None,1752,265,MoveLeft
1600,974,265,MoveLeft,1752,265,None
1600,974,265,None,1745,265,MoveLeft
1601,967,265,MoveLeft,1745,265,None
1601,967,265,None,1738,265,MoveLeft
1602,960,265,MoveLeft,1738,265,None
1602,960,265,None,1731,265,MoveLeft
1603,953,265,MoveLeft,1731,265,None
1603,953,265,None,1724,265,MoveLeft
1604,946,265,MoveLeft,1724,265,None
1604,946,265,None,1717,265,MoveLeft
1605,939,265,MoveLeft,1717,265,None
1605,939,265,None,1710,265,MoveLeft
1606,932,265,MoveLeft,1710,265,None
1606,932,265,None,1703,265,MoveLeft
1607,925,265,MoveLeft,1703,265,None
1607,925,265,None,1696,265,MoveLeft
1608,918,265,MoveLeft,1696,265,None
1608,918,265,None,1689,265,MoveLeft
1609,911,265,MoveLeft,1689,265,None
1609,911,265,None,1682,265,MoveLeft
1610,904,265,MoveLeft,1682,265,None
1610,904,265,None,1675,265,MoveLeft
1611,897,265,MoveLeft,1675,265,None
1611,897,265,None,1668,265,MoveLeft
1612,890,265,MoveLeft,1668,265,None
1612,890,265,None,1661,265,MoveLeft
1613,883,265,MoveLeft,1661,265,None
1613,883,265,None,1654,265,MoveLeft
1614,876,265,MoveLeft,1654,265,None
1614,876,265,None,1647,265,MoveLeft
1615,869,265,MoveLeft,1647,265,None
1615,869,265,None,1640,265,MoveLeft
1616,862,265,MoveLeft,1640,265,None
1616,862,265,None,1633,265,MoveLeft
1617,862,265,None,1626,265,MoveLeft
1629,869,265,MoveRight,1626,265,None
1630,876,265,MoveRight,1626,265,None
1631,883,265,MoveRight,1626,265,None
1632,890,265,MoveRight,1626,265,None
1633,897,265,MoveRight,1626,265,None
1634,904,265,MoveRight,1626,265,None
1635,911,265,MoveRight,1626,265,None
1636,918,265,MoveRight,1626,265,None
1637,925,265,MoveRight,1626,265,None
1638,932,265,MoveRight,1626,265,None
1639,939,265,MoveRight,1626,265,None
1640,946,265,MoveRight,1626,265,None
1671,953,265,MoveRight,1626,265,None
1672,953,265,None,1626,265,SpikeLight
1672,960,265,MoveRight,1626,265,None
1672,960,265,None,1626,265,None
1673,967,265,MoveRight,1626,265,None
1674,974,265,MoveRight,1626,265,None
1675,981,265,MoveRight,1626,265,None
1676,988,265,MoveRight,1626,265,None
1677,995,265,MoveRight,1626,265,None
1678,1002,265,MoveRight,1626,265,None
1679,1009,265,MoveRight,1626,265,None
1680,1016,265,MoveRight,1626,265,None
1681,1023,265,MoveRight,1626,265,None
1682,1030,265,MoveRight,1626,265,None
1683,1037,265,MoveRight,1626,265,None
1684,1044,265,MoveRight,1626,265,None
1685,1051,265,MoveRight,1626,265,None
1686,1058,265,MoveRight,1626,265,None
1687,1065,265,MoveRight,1626,265,None
1688,1072,265,MoveRight,1626,265,None
1689,1079,265,MoveRight,1626,265,None
1690,1086,265,MoveRight,1626,265,None
1691,1093,265,MoveRight,1626,265,None
1692,1100,265,MoveRight,1626,265,None
1693,1107,265,MoveRight,1626,265,None
1694,1114,265,MoveRight,1626,265,None
1695,1121,265,MoveRight,1626,265,None
1696,1128,265,MoveRight,1626,265,None
1697,1135,265,MoveRight,1626,265,None
1698,1142,265,MoveRight,1626,265,None
1699,1149,265,MoveRight,1626,265,None
1700,1156,265,MoveRight,1626,265,None
1701,1163,265,MoveRight,1626,265,None
1702,1170,265,MoveRight,1626,265,None
1703,1177,265,MoveRight,1626,265,None
1704,1184,265,MoveRight,1626,265,None
1705,1191,265,MoveRight,1626,265,None
1706,1198,265,MoveRight,1626,265,None
1707,1205,265,MoveRight,1626,265,None
1708,1212,265,MoveRight,1626,265,None
1709,1219,265,MoveRight,1626,265,None
1710,1226,265,MoveRight,1626,265,None
1733,1219,265,MoveLeft,1626,265,None
1734,1212,265,MoveLeft,1626,265,None
1735,1205,265,MoveLeft,1626,265,None
1736,1198,265,MoveLeft,1626,265,None
1737,963,265,MoveLeft,2410,265,None
1738,956,265,MoveLeft,2410,265,None
1739,949,265,MoveLeft,2410,265,None
1740,942,265,MoveLeft,2410,265,None
1741,935,265,MoveLeft,2410,265,None
1787,935,265,None,2410,265,Serve
1787,935,265,None,2410,265,None
1791,928,265,MoveLeft,2410,265,None
1792,921,265,MoveLeft,2410,265,None
1793,914,265,MoveLeft,2410,265,None
1794,907,265,MoveLeft,2410,265,None
1795,900,265,MoveLeft,2410,265,None
1796,893,265,MoveLeft,2410,265,None
1797,886,265,MoveLeft,2410,265,None
1798,879,265,MoveLeft,2410,265,None
1799,872,265,MoveLeft,2410,265,None
1800,872,265,None,2410,265,None
1801,872,265,None,2410,265,None
1814,872,265,None,2410,265,None
1831,879,265,MoveRight,2410,265,None
1832,886,265,MoveRight,2410,265,None
1833,893,265,MoveRight,2410,265,None
1834,900,265,MoveRight,2410,265,None
1835,907,265,MoveRight,2410,265,None
1836,914,265,MoveRight,2410,265,None
1837,921,265,MoveRight,2410,265,None
1838,928,265,MoveRight,2410,265,None
1839,935,265,MoveRight,2410,265,None
1840,942,265,MoveRight,2410,265,None
1841,949,265,MoveRight,2410,265,None
1842,956,265,MoveRight,2410,265,None
1843,963,265,MoveRight,2410,265,None
1844,970,265,MoveRight,2410,265,None
1845,977,265,MoveRight,2410,265,None
1846,984,265,MoveRight,2410,265,None
1847,991,265,MoveRight,2410,265,None
1848,998,265,MoveRight,2410,265,None
1858,998,265,Bump,2410,265,None
1858,991,265,MoveLeft,2410,265,None
1859,991,265,None,2403,265,MoveLeft
1860,991,265,None,2396,265,MoveLeft
1861,991,265,None,2389,265,MoveLeft
1862,991,265,None,2382,265,MoveLeft
1863,991,265,None,2375,265,MoveLeft
1864,991,265,None,2368,265,MoveLeft
1865,991,265,None,2361,265,MoveLeft
1866,991,265,None,2354,265,MoveLeft
1867,991,265,None,2347,265,MoveLeft
1868,991,265,None,2340,265,MoveLeft
1869,991,265,None,2333,265,MoveLeft
1870,991,265,None,2326,265,MoveLeft
1871,991,265,None,2319,265,MoveLeft
1872,991,265,None,2312,265,MoveLeft
1873,991,265,None,2305,265,MoveLeft
1874,991,265,None,2298,265,MoveLeft
1875,991,265,None,2291,265,MoveLeft
1876,991,265,None,2284,265,MoveLeft
1877,991,265,None,2277,265,MoveLeft
1878,991,265,None,2270,265,MoveLeft
1879,991,265,None,2263,265,MoveLeft
1880,991,265,None,2256,265,MoveLeft
1881,991,265,None,2249,265,MoveLeft
1882,991,265,None,2242,265,MoveLeft
1883,991,265,None,2235,265,MoveLeft
1884,991,265,None,2228,265,MoveLeft
1885,991,265,None,2221,265,MoveLeft
1886,991,265,None,2214,265,MoveLeft
1887,991,265,None,2207,265,MoveLeft
1888,991,265,None,2200,265,MoveLeft
1889,991,265,None,2193,265,MoveLeft
1890,991,265,None,2186,265,MoveLeft
1891,991,265,None,2179,265,MoveLeft
1892,991,265,None,2172,265,MoveLeft
1893,991,265,None,2165,265,MoveLeft
1894,991,265,None,2158,265,MoveLeft
1895,991,265,None,2151,265,MoveLeft
1896,991,265,None,2144,265,MoveLeft
1897,991,265,None,2137,265,MoveLeft
1898,991,265,None,2130,265,MoveLeft
1899,991,265,None,2123,265,MoveLeft
1900,991,265,None,2116,265,MoveLeft
1901,991,265,None,2109,265,MoveLeft
1902,998,265,MoveRight,2109,265,None
1902,998,265,None,2102,265,MoveLeft
1903,1005,265,MoveRight,2102,265,None
1903,1005,265,None,2095,265,MoveLeft
1904,1012,265,MoveRight,2095,265,None
1904,1012,265,None,2088,265,MoveLeft
1905,1019,265,MoveRight,2088,265,None
1905,1019,265,None,2081,265,MoveLeft
1906,1026,265,MoveRight,2081,265,None
1906,1026,265,None,2074,265,MoveLeft
1907,1033,265,MoveRight,2074,265,None
1907,1033,265,None,2067,265,MoveLeft
1908,1040,265,MoveRight,2067,265,None
1908,1040,265,None,2060,265,MoveLeft
1909,1047,265,MoveRight,2060,265,None
1909,1047,265,None,2053,265,MoveLeft
1910,1054,265,MoveRight,2053,265,None
1910,1054,265,None,2046,265,MoveLeft
1911,1061,265,MoveRight,2046,265,None
1911,1061,265,None,2039,265,MoveLeft
1912,1068,265,MoveRight,2039,265,None
1912,1068,265,None,2032,265,MoveLeft
1913,1075,265,MoveRight,2032,265,None
1913,1075,265,None,2025,265,MoveLeft
1914,1082,265,MoveRight,2025,265,None
1914,1082,265,None,2018,265,MoveLeft
1915,1089,265,MoveRight,2018,265,None
1915,1089,265,None,2011,265,MoveLeft
1916,1096,265,MoveRight,2011,265,None
1916,1096,265,None,2004,265,MoveLeft
1917,1103,265,MoveRight,2004,265,None
1917,1103,265,None,1997,265,MoveLeft
1918,1110,265,MoveRight,1997,265,None
1918,1110,265,None,1990,265,MoveLeft
1919,1117,265,MoveRight,1990,265,None
1919,1117,265,None,1983,265,MoveLeft
1920,1124,265,MoveRight,1983,265,None
1920,1124,265,None,1976,265,MoveLeft
1921,1131,265,MoveRight,1976,265,None
1921,1131,265,None,1969,265,MoveLeft
1922,1138,265,MoveRight,1969,265,None
1922,1138,265,None,1962,265,MoveLeft
1923,1145,265,MoveRight,1962,265,None
1923,1145,265,None,1955,265,MoveLeft
1924,1145,265,None,1948,265,MoveLeft
1925,1145,265,None,1941,265,MoveLeft
1926,1145,265,None,1934,265,MoveLeft
1927,1145,265,None,1927,265,MoveLeft
1928,1138,265,MoveLeft,1927,265,None
1928,1138,265,None,1920,265,MoveLeft
1929,1131,265,MoveLeft,1920,265,None
1929,1131,265,None,1913,265,MoveLeft
1930,1124,265,MoveLeft,1913,265,None
1930,1124,265,None,1906,265,MoveLeft
1931,1117,265,MoveLeft,1906,265,None
1931,1117,265,None,1899,265,MoveLeft
1932,1110,265,MoveLeft,1899,265,None
1932,1110,265,None,1892,265,MoveLeft
1933,1103,265,MoveLeft,1892,265,None
1933,1103,265,None,1885,265,MoveLeft
1934,1096,265,MoveLeft,1885,265,None
1934,1096,265,None,1878,265,MoveLeft
1935,1089,265,MoveLeft,1878,265,None
1935,1089,265,None,1871,265,MoveLeft
1936,1082,265,MoveLeft,1871,265,None
1936,1082,265,None,1864,265,MoveLeft
1937,1075,265,MoveLeft,1864,265,None
1937,1075,265,None,1857,265,MoveLeft
1938,1068,265,MoveLeft,1857,265,None
1938,1068,265,None,1850,265,MoveLeft
1939,1061,265,MoveLeft,1850,265,None
1939,1061,265,None,1843,265,MoveLeft
1940,1054,265,MoveLeft,1843,265,None
1940,1054,265,None,1836,265,MoveLeft
1941,1047,265,MoveLeft,1836,265,None
1941,1047,265,None,1829,265,MoveLeft
1942,1040,265,MoveLeft,1829,265,None
1942,1040,265,None,1822,265,MoveLeft
1943,1033,265,MoveLeft,1822,265,None
1943,1033,265,None,1815,265,MoveLeft
1944,1026,265,MoveLeft,1815,265,None
1944,1026,265,None,1808,265,MoveLeft
1945,1019,265,MoveLeft,1808,265,None
1945,1019,265,None,1801,265,MoveLeft
1946,1012,265,MoveLeft,1801,265,None
1946,1012,265,None,1794,265,MoveLeft
1947,1005,265,MoveLeft,1794,265,None
1947,1005,265,None,1787,265,MoveLeft
1948,998,265,MoveLeft,1787,265,None
1948,998,265,None,1780,265,MoveLeft
1949,991,265,MoveLeft,1780,265,None
1949,991,265,None,1773,265,MoveLeft
1950,984,265,MoveLeft,1773,265,None
1950,984,265,None,1766,265,MoveLeft
1951,977,265,MoveLeft,1766,265,None
1951,977,265,None,1759,265,MoveLeft
1952,970,265,MoveLeft,1759,265,None
1952,970,265,None,1752,265,MoveLeft
1953,963,265,MoveLeft,1752,265,None
1953,963,265,None,1745,265,MoveLeft
1954,956,265,MoveLeft,1745,265,None
1954,956,265,None,1738,265,MoveLeft
1955,949,265,MoveLeft,1738,265,None
1955,949,265,None,1731,265,MoveLeft
1956,942,265,MoveLeft,1731,265,None
1956,942,265,None,1724,265,MoveLeft
1957,935,265,MoveLeft,1724,265,None
1957,935,265,None,1717,265,MoveLeft
1958,928,265,MoveLeft,1717,265,None
1958,928,265,None,1710,265,MoveLeft
1959,921,265,MoveLeft,1710,265,None
1959,921,265,None,1703,265,MoveLeft
1960,914,265,MoveLeft,1703,265,None
1960,914,265,None,1696,265,MoveLeft
1961,323,265,MoveLeft,1670,265,None
1962,316,265,MoveLeft,1670,265,None
1963,309,265,MoveLeft,1670,265,None
1964,302,265,MoveLeft,1670,265,None
1965,295,265,MoveLeft,1670,265,None
1966,288,265,MoveLeft,1670,265,None
1967,281,265,MoveLeft,1670,265,None
1980,288,265,MoveRight,1670,265,None
1981,295,265,MoveRight,1670,265,None
1982,302,265,MoveRight,1670,265,None
1983,309,265,MoveRight,1670,265,None
1984,316,265,MoveRight,1670,265,None
1985,323,265,MoveRight,1670,265,None
1986,330,265,MoveRight,1670,265,None
1987,337,265,MoveRight,1670,265,None
1988,344,265,MoveRight,1670,265,None
1989,351,265,MoveRight,1670,265,None
1990,358,265,MoveRight,1670,265,None
1991,365,265,MoveRight,1670,265,None
1992,372,265,MoveRight,1670,265,None
2007,372,265,None,1670,265,None
2019,372,265,Serve,1670,265,None
2019,372,265,None,1670,265,None
2020,372,265,None,1677,265,MoveRight
2021,372,265,None,1684,265,MoveRight
2022,372,265,None,1691,265,MoveRight
2023,372,265,None,1698,265,MoveRight
2024,372,265,None,1705,265,MoveRight
2025,372,265,None,1712,265,MoveRight
2026,372,265,None,1719,265,MoveRight
2027,372,265,None,1726,265,MoveRight
2028,372,265,None,1733,265,MoveRight
2029,372,265,None,1740,265,MoveRight
2030,372,265,None,1747,265,MoveRight
2031,372,265,None,1754,265,MoveRight
2032,372,265,None,1761,265,MoveRight
2033,372,265,None,1768,265,MoveRight
2034,372,265,None,1775,265,MoveRight
2035,372,265,None,1782,265,MoveRight
2036,372,265,None,1789,265,MoveRight
2037,372,265,None,1796,265,MoveRight
2038,372,265,None,1803,265,MoveRight
2039,379,265,MoveRight,1803,265,None
2039,379,265,None,1810,265,MoveRight
2040,386,265,MoveRight,1810,265,None
2040,386,265,None,1817,265,MoveRight
2041,393,265,MoveRight,1817,265,None
2041,393,265,None,1824,265,MoveRight
2042,400,265,MoveRight,1824,265,None
2042,400,265,None,1831,265,MoveRight
2043,407,265,MoveRight,1831,265,None
2043,407,265,None,1838,265,MoveRight
2044,414,265,MoveRight,1838,265,None
2044,414,265,None,1845,265,MoveRight
2045,421,265,MoveRight,1845,265,None
2045,421,265,None,1852,265,MoveRight
2046,428,265,MoveRight,1852,265,None
2046,428,265,None,1859,265,MoveRight
2047,435,265,MoveRight,1859,265,None
2047,435,265,None,1866,265,MoveRight
2048,442,265,MoveRight,1866,265,None
2048,442,265,None,1873,265,MoveRight
2049,449,265,MoveRight,1873,265,None
2049,449,265,None,1880,265,MoveRight
2050,456,265,MoveRight,1880,265,None
2050,456,265,None,1887,265,MoveRight
2051,463,265,MoveRight,1887,265,None
2051,463,265,None,1894,265,MoveRight
2052,470,265,MoveRight,1894,265,None
2052,470,265,None,1901,265,MoveRight
2053,477,265,MoveRight,1901,265,None
2053,477,265,None,1908,265,MoveRight
2054,484,265,MoveRight,1908,265,None
2054,484,265,None,1915,265,MoveRight
2055,491,265,MoveRight,1915,265,None
2056,498,265,MoveRight,1915,265,None
2057,505,265,MoveRight,1915,265,None
2058,512,265,MoveRight,1915,265,None
2059,519,265,MoveRight,1915,265,None
2060,526,265,MoveRight,1915,265,None
2061,533,265,MoveRight,1915,265,None
2062,540,265,MoveRight,1915,265,None
2063,547,265,MoveRight,1915,265,None
2064,554,265,MoveRight,1915,265,None
2065,561,265,MoveRight,1915,265,None
2066,568,265,MoveRight,1915,265,None
2067,575,265,MoveRight,1915,265,None
2068,582,265,MoveRight,1915,265,None
2069,589,265,MoveRight,1915,265,None
2070,596,265,MoveRight,1915,265,None
2071,603,265,MoveRight,1915,265,None
2072,610,265,MoveRight,1915,265,None
2073,617,265,MoveRight,1915,265,None
2074,624,265,MoveRight,1915,265,None
2075,631,265,MoveRight,1915,265,None
2076,638,265,MoveRight,1915,265,None
2077,645,265,MoveRight,1915,265,None
2078,652,265,MoveRight,1915,265,None
2079,659,265,MoveRight,1915,265,None
2080,666,265,MoveRight,1915,265,None
2081,673,265,MoveRight,1915,265,None
2082,680,265,MoveRight,1915,265,None
2083,687,265,MoveRight,1915,265,None
2084,694,265,MoveRight,1915,265,None
2085,701,265,MoveRight,1915,265,None
2086,708,265,MoveRight,1915,265,None
2087,715,265,MoveRight,1915,265,None
2088,722,265,MoveRight,1915,265,None
2089,729,265,MoveRight,1915,265,None
2090,736,265,MoveRight,1915,265,None
2091,743,265,MoveRight,1915,265,None
2092,750,265,MoveRight,1915,265,None
2093,750,265,None,1915,265,SpikeMedium
2093,757,265,MoveRight,1915,265,None
2093,757,265,None,1915,265,None
2094,764,265,MoveRight,1915,265,None
2095,771,265,MoveRight,1915,265,None
2096,778,265,MoveRight,1915,265,None
2097,785,265,MoveRight,1915,265,None
2098,792,265,MoveRight,1915,265,None
2099,799,265,MoveRight,1915,265,None
2100,806,265,MoveRight,1915,265,None
2101,813,265,MoveRight,1915,265,None
2102,820,265,MoveRight,1915,265,None
2103,827,265,MoveRight,1915,265,None
2143,834,265,MoveRight,1915,265,None
2144,841,265,MoveRight,1915,265,None
2145,848,265,MoveRight,1915,265,None
2146,855,265,MoveRight,1915,265,None
2147,862,265,MoveRight,1915,265,None
2148,869,265,MoveRight,1915,265,None
2149,876,265,MoveRight,1915,265,None
2150,883,265,MoveRight,1915,265,None
2151,890,265,MoveRight,1915,265,None
2152,897,265,MoveRight,1915,265,None
2153,904,265,MoveRight,1915,265,None
2154,911,265,MoveRight,1915,265,None
2155,918,265,MoveRight,1915,265,None
2156,925,265,MoveRight,1915,265,None
2157,928.5,284.62,MoveRight,1915,265,None
2158,932,304.24,MoveRight,1915,265,None
2159,935.5,314.05,MoveRight,1915,265,None
2160,939,323.86,MoveRight,1915,265,None
2161,942.5,333.67,MoveRight,1915,265,None
2162,1153.5,284.62,MoveRight,2410,265,None
2163,1157,304.24,MoveRight,2410,265,None
2164,1160.5,314.05,MoveRight,2410,265,None
2165,1164,323.86,MoveRight,2410,265,None
2166,1167.5,333.67,MoveRight,2410,265,None
2167,1171,343.48,MoveRight,2410,265,None
2168,1174.5,353.29,MoveRight,2410,265,None
2169,1178,363.1,MoveRight,2410,265,None
2170,1181.5,372.91,MoveRight,2410,265,None
2171,1185,382.72,MoveRight,2410,265,None
2172,1188.5,392.53,MoveRight,2410,265,None
2173,1192,402.34,MoveRight,2410,265,None
2174,1195.5,412.15,MoveRight,2410,265,None
2175,1199,421.96,MoveRight,2410,265,None
2176,1202.5,431.77,MoveRight,2410,265,None
2177,1206,441.58,MoveRight,2410,265,None
2212,1206,274.81,None,2410,265,Serve
2212,1206,274.81,None,2410,265,None
2232,1199,265,MoveLeft,2410,265,None
2233,1192,265,MoveLeft,2410,265,None
2234,1185,265,MoveLeft,2410,265,None
2235,1178,265,MoveLeft,2410,265,None
2236,1171,265,MoveLeft,2410,265,None
2237,1164,265,MoveLeft,2410,265,None
2238,1157,265,MoveLeft,2410,265,None
2239,1150,265,MoveLeft,2410,265,None
2240,1143,265,MoveLeft,2410,265,None
2241,1136,265,MoveLeft,2410,265,None
2242,1129,265,MoveLeft,2410,265,None
2243,1122,265,MoveLeft,2410,265,None
2254,1115,265,MoveLeft,2410,265,None
2255,1108,265,MoveLeft,2410,265,None
2256,1101,265,MoveLeft,2410,265,None
2257,1094,265,MoveLeft,2410,265,None
2258,1087,265,MoveLeft,2410,265,None
2259,1080,265,MoveLeft,2410,265,None
2260,1073,265,MoveLeft,2410,265,None
2261,1066,265,MoveLeft,2410,265,None
2262,1059,265,MoveLeft,2410,265,None
2263,1052,265,MoveLeft,2410,265,None
2264,1045,265,MoveLeft,2410,265,None
2265,1038,265,MoveLeft,2410,265,None
2266,1031,265,MoveLeft,2410,265,None
2267,1024,265,MoveLeft,2410,265,None
2268,1017,265,MoveLeft,2410,265,None
2269,1010,265,MoveLeft,2410,265,None
2270,1003,265,MoveLeft,2410,265,None
2271,996,265,MoveLeft,2410,265,None
2272,989,265,MoveLeft,2410,265,None
2273,982,265,MoveLeft,2410,265,None
2274,975,265,MoveLeft,2410,265,None
2275,968,265,MoveLeft,2410,265,None
2276,961,265,MoveLeft,2410,265,None
2277,954,265,MoveLeft,2410,265,None
2278,947,265,MoveLeft,2410,265,None
2279,940,265,MoveLeft,2410,265,None
2280,933,265,MoveLeft,2410,265,None
2281,926,265,MoveLeft,2410,265,None
2282,926,265,Bump,2410,265,None
2282,919,265,MoveLeft,2410,265,None
2283,919,265,None,2403,265,MoveLeft
2284,919,265,None,2396,265,MoveLeft
2285,919,265,None,2389,265,MoveLeft
2286,919,265,None,2382,265,MoveLeft
2287,919,265,None,2375,265,MoveLeft
2288,919,265,None,2368,265,MoveLeft
2289,919,265,None,2361,265,MoveLeft
2290,919,265,None,2354,265,MoveLeft
2291,919,265,None,2347,265,MoveLeft
2292,919,265,None,2340,265,MoveLeft
2293,919,265,None,2333,265,MoveLeft
2294,919,265,None,2326,265,MoveLeft
2295,919,265,None,2319,265,MoveLeft
2296,919,265,None,2312,265,MoveLeft
2297,919,265,None,2305,265,MoveLeft
2298,919,265,None,2298,265,MoveLeft
2299,919,265,None,2291,265,MoveLeft
2300,919,265,None,2284,265,MoveLeft
2301,919,265,None,2277,265,MoveLeft
2302,926,265,MoveRight,2277,265,None
2302,926,265,None,2270,265,MoveLeft
2303,933,265,MoveRight,2270,265,None
2303,933,265,None,2263,265,MoveLeft
2304,940,265,MoveRight,2263,265,None
2304,940,265,None,2256,265,MoveLeft
2305,947,265,MoveRight,2256,265,None
2305,947,265,None,2249,265,MoveLeft
2306,954,265,MoveRight,2249,265,None
2306,954,265,None,2242,265,MoveLeft
2307,961,265,MoveRight,2242,265,None
2307,961,265,None,2235,265,MoveLeft
2308,968,265,MoveRight,2235,265,None
2308,968,265,None,2228,265,MoveLeft
2309,975,265,MoveRight,2228,265,None
2309,975,265,None,2221,265,MoveLeft
2310,982,265,MoveRight,2221,265,None
2310,982,265,None,2214,265,MoveLeft
2311,989,265,MoveRight,2214,265,None
2311,989,265,None,2207,265,MoveLeft
2312,996,265,MoveRight,2207,265,None
2312,996,265,None,2200,265,MoveLeft
2313,1003,265,MoveRight,2200,265,None
2313,1003,265,None,2193,265,MoveLeft
2314,1003,265,None,2186,265,MoveLeft
2315,1003,265,None,2179,265,MoveLeft
2316,1003,265,None,2172,265,MoveLeft
2317,1003,265,None,2165,265,MoveLeft
2318,1003,265,None,2158,265,MoveLeft
2319,1003,265,None,2151,265,MoveLeft
2320,1003,265,None,2144,265,MoveLeft
2321,1003,265,None,2137,265,MoveLeft
2322,1003,265,None,2130,265,MoveLeft
2323,1003,265,None,2123,265,MoveLeft
2324,1003,265,None,2116,265,MoveLeft
2325,1003,265,None,2109,265,MoveLeft
2326,1003,265,None,2102,265,MoveLeft
2327,1003,265,None,2095,265,MoveLeft
2328,1003,265,None,2088,265,MoveLeft
2329,1003,265,None,2081,265,MoveLeft
2330,1003,265,None,2074,265,MoveLeft
2331,1003,265,None,2067,265,MoveLeft
2332,996,265,MoveLeft,2067,265,None
2332,996,265,None,2060,265,MoveLeft
2333,989,265,MoveLeft,2060,265,None
2333,989,265,None,2053,265,MoveLeft
2334,982,265,MoveLeft,2053,265,None
2334,982,265,None,2046,265,MoveLeft
2335,975,265,MoveLeft,2046,265,None
2335,975,265,None,2039,265,MoveLeft
2336,968,265,MoveLeft,2039,265,None
2336,968,265,None,2032,265,MoveLeft
2337,961,265,MoveLeft,2032,265,None
2337,961,265,None,2025,265,MoveLeft
2338,954,265,MoveLeft,2025,265,None
2338,954,265,None,2018,265,MoveLeft
2339,947,265,MoveLeft,2018,265,None
2339,947,265,None,2011,265,MoveLeft
2340,940,265,MoveLeft,2011,265,None
2340,940,265,None,2004,265,MoveLeft
2341,933,265,MoveLeft,2004,265,None
2341,933,265,None,1997,265,MoveLeft
2342,926,265,MoveLeft,1997,265,None
2342,926,265,None,1990,265,MoveLeft
2343,926,265,None,1983,265,MoveLeft
2344,926,265,None,1976,265,MoveLeft
2345,926,265,None,1969,265,MoveLeft
2346,926,265,None,1962,265,MoveLeft
2347,926,265,None,1955,265,MoveLeft
2348,926,265,None,1948,265,MoveLeft
2349,926,265,None,1941,265,MoveLeft
2350,926,265,None,1934,265,MoveLeft
2351,926,265,None,1927,265,MoveLeft
2352,933,265,MoveRight,1927,265,None
2352,933,265,None,1920,265,MoveLeft
2353,940,265,MoveRight,1920,265,None
2353,940,265,None,1913,265,MoveLeft
2354,947,265,MoveRight,1913,265,None
2354,947,265,None,1906,265,MoveLeft
2355,954,265,MoveRight,1906,265,None
2355,954,265,None,1899,265,MoveLeft
2356,961,265,MoveRight,1899,265,None
2356,961,265,None,1892,265,MoveLeft
2357,968,265,MoveRight,1892,265,None
2357,968,265,None,1885,265,MoveLeft
2358,975,265,MoveRight,1885,265,None
2358,975,265,None,1878,265,MoveLeft
2359,982,265,MoveRight,1878,265,None
2359,982,265,None,1871,265,MoveLeft
2360,989,265,MoveRight,1871,265,None
2360,989,265,None,1864,265,MoveLeft
2361,996,265,MoveRight,1864,265,None
2361,996,265,None,1857,265,MoveLeft
2362,1003,265,MoveRight,1857,265,None
2362,1003,265,None,1850,265,MoveLeft
2363,1010,265,MoveRight,1850,265,None
2363,1010,265,None,1843,265,MoveLeft
2364,1017,265,MoveRight,1843,265,None
2364,1017,265,None,1836,265,MoveLeft
2365,1024,265,MoveRight,1836,265,None
2365,1024,265,None,1829,265,MoveLeft
2366,1031,265,MoveRight,1829,265,None
2366,1031,265,None,1822,265,MoveLeft
2367,1038,265,MoveRight,1822,265,None
2367,1038,265,None,1815,265,MoveLeft
2368,1045,265,MoveRight,1815,265,None
2368,1045,265,None,1808,265,MoveLeft
2369,1052,265,MoveRight,1808,265,None
2369,1052,265,None,1801,265,MoveLeft
2370,1059,265,MoveRight,1801,265,None
2370,1059,265,None,1794,265,MoveLeft
2371,1066,265,MoveRight,1794,265,None
2371,1066,265,None,1787,265,MoveLeft
2372,1066,265,None,1780,265,MoveLeft
2373,1066,265,None,1773,265,MoveLeft
2374,1066,265,None,1766,265,MoveLeft
2375,1066,265,None,1759,265,MoveLeft
2376,1066,265,None,1752,265,MoveLeft
2377,1066,265,None,1745,265,MoveLeft
2378,1066,265,None,1738,265,MoveLeft
2379,1066,265,None,1731,265,MoveLeft
2380,1066,265,None,1724,265,MoveLeft
2381,1066,265,None,1717,265,MoveLeft
2382,1066,265,None,1710,265,MoveLeft
2423,330,265,None,1490,265,None
2435,330,265,Serve,1490,265,None
2435,330,265,None,1490,265,None
2436,330,265,None,1497,265,MoveRight
2437,330,265,None,1504,265,MoveRight
2438,330,265,None,1511,265,MoveRight
2439,330,265,None,1518,265,MoveRight
2440,330,265,None,1525,265,MoveRight
2441,330,265,None,1532,265,MoveRight
2442,330,265,None,1539,265,MoveRight
2443,330,265,None,1546,265,MoveRight
2444,330,265,None,1553,265,MoveRight
2445,330,265,None,1560,265,MoveRight
2446,330,265,None,1567,265,MoveRight
2447,330,265,None,1574,265,MoveRight
2448,330,265,None,1581,265,MoveRight
2449,330,265,None,1588,265,MoveRight
2450,330,265,None,1595,265,MoveRight
2451,330,265,None,1602,265,MoveRight
2452,330,265,None,1609,265,MoveRight
2453,330,265,None,1616,265,MoveRight
2454,330,265,None,1623,265,MoveRight
2455,330,265,None,1630,265,MoveRight
2456,330,265,None,1637,265,MoveRight
2457,337,265,MoveRight,1637,265,None
2457,337,265,None,1644,265,MoveRight
2458,344,265,MoveRight,1644,265,None
2458,344,265,None,1651,265,MoveRight
2459,351,265,MoveRight,1651,265,None
2459,351,265,None,1658,265,MoveRight
2460,358,265,MoveRight,1658,265,None
2460,358,265,None,1665,265,MoveRight
2461,365,265,MoveRight,1665,265,None
2461,365,265,None,1672,265,MoveRight
2462,372,265,MoveRight,1672,265,None
2462,372,265,None,1679,265,MoveRight
2463,379,265,MoveRight,1679,265,None
2463,379,265,None,1686,265,MoveRight
2464,386,265,MoveRight,1686,265,None
2464,386,265,None,1693,265,MoveRight
2465,393,265,MoveRight,1693,265,None
2465,393,265,None,1700,265,MoveRight
2466,400,265,MoveRight,1700,265,None
2466,400,265,None,1707,265,MoveRight
2467,407,265,MoveRight,1707,265,None
2467,407,265,None,1714,265,MoveRight
2468,414,265,MoveRight,1714,265,None
2468,414,265,None,1721,265,MoveRight
2469,421,265,MoveRight,1721,265,None
2469,421,265,None,1728,265,MoveRight
2470,428,265,MoveRight,1728,265,None
2470,428,265,None,1735,265,MoveRight
2471,435,265,MoveRight,1735,265,None
2471,435,265,None,1742,265,MoveRight
2472,442,265,MoveRight,1742,265,None
2472,442,265,None,1749,265,MoveRight
2473,449,265,MoveRight,1749,265,None
2473,449,265,None,1756,265,MoveRight
2474,456,265,MoveRight,1756,265,None
2474,456,265,None,1763,265,MoveRight
2475,463,265,MoveRight,1763,265,None
2475,463,265,None,1770,265,MoveRight
2476,470,265,MoveRight,1770,265,None
2476,470,265,None,1777,265,MoveRight
2477,477,265,MoveRight,1777,265,None
2477,477,265,None,1784,265,MoveRight
2478,484,265,MoveRight,1784,265,None
2478,484,265,None,1791,265,MoveRight
2479,491,265,MoveRight,1791,265,None
2479,491,265,None,1798,265,MoveRight
2480,498,265,MoveRight,1798,265,None
2480,498,265,None,1805,265,MoveRight
2481,505,265,MoveRight,1805,265,None
2481,505,265,None,1812,265,MoveRight
2482,512,265,MoveRight,1812,265,None
2482,512,265,None,1819,265,MoveRight
2483,519,265,MoveRight,1819,265,None
2483,519,265,None,1826,265,MoveRight
2484,526,265,MoveRight,1826,265,None
2484,526,265,None,1833,265,MoveRight
2485,533,265,MoveRight,1833,265,None
2485,533,265,None,1840,265,MoveRight
2486,540,265,MoveRight,1840,265,None
2486,540,265,None,1847,265,MoveRight
2487,547,265,MoveRight,1847,265,None
2487,547,265,None,1854,265,MoveRight
2488,554,265,MoveRight,1854,265,None
2488,554,265,None,1861,265,MoveRight
2489,561,265,MoveRight,1861,265,None
2489,561,265,None,1868,265,MoveRight
2490,568,265,MoveRight,1868,265,None
2490,568,265,None,1875,265,MoveRight
2491,575,265,MoveRight,1875,265,None
2492,582,265,MoveRight,1875,265,None
2493,589,265,MoveRight,1875,265,None
2494,596,265,MoveRight,1875,265,None
2495,603,265,MoveRight,1875,265,None
2496,610,265,MoveRight,1875,265,None
2497,617,265,MoveRight,1875,265,None
2498,624,265,MoveRight,1875,265,None
2499,631,265,MoveRight,1875,265,None
2500,638,265,MoveRight,1875,265,None
2501,645,265,MoveRight,1875,265,None
2502,652,265,MoveRight,1875,265,None
2503,659,265,MoveRight,1875,265,None
2504,666,265,MoveRight,1875,265,None
2505,673,265,MoveRight,1875,265,None
2506,680,265,MoveRight,1875,265,None
2507,687,265,MoveRight,1875,265,None
2508,694,265,MoveRight,1875,265,None
2509,694,265,None,1875,265,SpikeMedium
2509,701,265,MoveRight,1875,265,None
2509,701,265,None,1875,265,None
2510,708,265,MoveRight,1875,265,None
2511,715,265,MoveRight,1875,265,None
2512,722,265,MoveRight,1875,265,None
2513,729,265,MoveRight,1875,265,None
2514,736,265,MoveRight,1875,265,None
2515,743,265,MoveRight,1875,265,None
2516,750,265,MoveRight,1875,265,None
2517,757,265,MoveRight,1875,265,None
2518,764,265,MoveRight,1875,265,None
2519,771,265,MoveRight,1875,265,None
2520,778,265,MoveRight,1875,265,None
2521,785,265,MoveRight,1875,265,None
2522,792,265,MoveRight,1875,265,None
2523,799,265,MoveRight,1875,265,None
2524,806,265,MoveRight,1875,265,None
2525,813,265,MoveRight,1875,265,None
2526,820,265,MoveRight,1875,265,None
2527,827,265,MoveRight,1875,265,None
2528,834,265,MoveRight,1875,265,None
2529,841,265,MoveRight,1875,265,None
2530,848,265,MoveRight,1875,265,None
2531,855,265,MoveRight,1875,265,None
2532,862,265,MoveRight,1875,265,None
2533,869,265,MoveRight,1875,265,None
2534,876,265,MoveRight,1875,265,None
2535,883,265,MoveRight,1875,265,None
2536,890,265,MoveRight,1875,265,None
2537,897,265,MoveRight,1875,265,None
2538,904,265,MoveRight,1875,265,None
2539,911,265,MoveRight,1875,265,None
2540,918,265,MoveRight,1875,265,None
2541,925,265,MoveRight,1875,265,None
2571,932,265,MoveRight,1875,265,None
2572,939,265,MoveRight,1875,265,None
2573,939,265,Bump,1875,265,None
2573,946,265,MoveRight,1875,265,None
2574,946,265,None,1868,265,MoveLeft
2575,946,265,None,1861,265,MoveLeft
2576,946,265,None,1854,265,MoveLeft
2577,946,265,None,1847,265,MoveLeft
2578,946,265,None,1840,265,MoveLeft
2579,946,265,None,1833,265,MoveLeft
2580,946,265,None,1826,265,MoveLeft
2581,946,265,None,1819,265,MoveLeft
2582,946,265,None,1812,265,MoveLeft
2583,946,265,None,1805,265,MoveLeft
2584,946,265,None,1798,265,MoveLeft
2585,946,265,None,1791,265,MoveLeft
2586,946,265,None,1784,265,MoveLeft
2587,946,265,None,1777,265,MoveLeft
2588,946,265,None,1770,265,MoveLeft
2589,946,265,None,1763,265,MoveLeft
2590,946,265,None,1756,265,MoveLeft
2591,946,265,None,1749,265,MoveLeft
2592,946,265,None,1742,265,MoveLeft
2593,939,265,MoveLeft,1742,265,None
2593,939,265,None,1735,265,MoveLeft
2594,932,265,MoveLeft,1735,265,None
2594,932,265,None,1728,265,MoveLeft
2595,925,265,MoveLeft,1728,265,None
2595,925,265,None,1721,265,MoveLeft
2596,918,265,MoveLeft,1721,265,None
2596,918,265,None,1714,265,MoveLeft
2597,911,265,MoveLeft,1714,265,None
2597,911,265,None,1707,265,MoveLeft
2598,904,265,MoveLeft,1707,265,None
2598,904,265,None,1700,265,MoveLeft
2599,897,265,MoveLeft,1700,265,None
2599,897,265,None,1693,265,MoveLeft
2600,890,265,MoveLeft,1693,265,None
2600,890,265,None,1686,265,MoveLeft
2601,883,265,MoveLeft,1686,265,None
2601,883,265,None,1679,265,MoveLeft
2602,876,265,MoveLeft,1679,265,None
2602,876,265,None,1672,265,MoveLeft
2603,869,265,MoveLeft,1672,265,None
2603,869,265,None,1665,265,MoveLeft
2604,862,265,MoveLeft,1665,265,None
2604,862,265,None,1658,265,MoveLeft
2605,855,265,MoveLeft,1658,265,None
2605,855,265,None,1651,265,MoveLeft
2606,848,265,MoveLeft,1651,265,None
2606,848,265,None,1644,265,MoveLeft
2607,841,265,MoveLeft,1644,265,None
2607,841,265,None,1637,265,MoveLeft
2608,834,265,MoveLeft,1637,265,None
2608,834,265,None,1630,265,MoveLeft
2609,827,265,MoveLeft,1630,265,None
2609,827,265,None,1623,265,MoveLeft
2610,820,265,MoveLeft,1623,265,None
2610,820,265,None,1616,265,MoveLeft
2611,813,265,MoveLeft,1616,265,None
2611,813,265,None,1609,265,MoveLeft
2612,806,265,MoveLeft,1609,265,None
2612,806,265,None,1602,265,MoveLeft
2613,799,265,MoveLeft,1602,265,None
2613,799,265,None,1595,265,MoveLeft
2614,792,265,MoveLeft,1595,265,None
2614,792,265,None,1588,265,MoveLeft
2615,785,265,MoveLeft,1588,265,None
2615,785,265,None,1581,265,MoveLeft
2616,778,265,MoveLeft,1581,265,None
2616,778,265,None,1574,265,MoveLeft
2617,771,265,MoveLeft,1574,265,None
2617,771,265,None,1567,265,MoveLeft
2618,764,265,MoveLeft,1567,265,None
2618,764,265,None,1560,265,MoveLeft
2619,757,265,MoveLeft,1560,265,None
2619,757,265,None,1553,265,MoveLeft
2620,750,265,MoveLeft,1553,265,None
2620,750,265,None,1546,265,MoveLeft
2621,743,265,MoveLeft,1546,265,None
2632,750,265,MoveRight,1546,265,None
2633,757,265,MoveRight,1546,265,None
2634,764,265,MoveRight,1546,265,None
2635,771,265,MoveRight,1546,265,None
2636,778,265,MoveRight,1546,265,None
2637,785,265,MoveRight,1546,265,None
2638,792,265,MoveRight,1546,265,None
2639,799,265,MoveRight,1546,265,None
2640,806,265,MoveRight,1546,265,None
2641,813,265,MoveRight,1546,265,None
2642,820,265,MoveRight,1546,265,None
2643,827,265,MoveRight,1546,265,None
2677,827,265,None,1546,265,SpikeMedium
2677,827,265,None,1546,265,None
2680,834,265,MoveRight,1546,265,None
2681,841,265,MoveRight,1546,265,None
2682,848,265,MoveRight,1546,265,None
2683,855,265,MoveRight,1546,265,None
2684,862,265,MoveRight,1546,265,None
2685,869,265,MoveRight,1546,265,None
2686,876,265,MoveRight,1546,265,None
2687,883,265,MoveRight,1546,265,None
2688,890,265,MoveRight,1546,265,None
2689,897,265,MoveRight,1546,265,None
2690,904,265,MoveRight,1546,265,None
2691,911,265,MoveRight,1546,265,None
2692,918,265,MoveRight,1546,265,None
2693,925,265,MoveRight,1546,265,None
2694,932,265,MoveRight,1546,265,None
2695,939,265,MoveRight,1546,265,None
2696,946,265,MoveRight,1546,265,None
2697,953,265,MoveRight,1546,265,None
2698,960,265,MoveRight,1546,265,None
2699,967,265,MoveRight,1546,265,None
2700,974,265,MoveRight,1546,265,None
2701,981,265,MoveRight,1546,265,None
2702,988,265,MoveRight,1546,265,None
2709,981,265,MoveLeft,1546,265,None
2710,974,265,MoveLeft,1546,265,None
2711,967,265,MoveLeft,1546,265,None
2712,960,265,MoveLeft,1546,265,None
2713,953,265,MoveLeft,1546,265,None
2714,946,265,MoveLeft,1546,265,None
2715,939,265,MoveLeft,1546,265,None
2716,932,265,MoveLeft,1546,265,None
2717,925,265,MoveLeft,1546,265,None
2718,918,265,MoveLeft,1546,265,None
2719,911,265,MoveLeft,1546,265,None
2720,904,265,MoveLeft,1546,265,None
2721,897,265,MoveLeft,1546,265,None
2722,890,265,MoveLeft,1546,265,None
2723,883,265,MoveLeft,1546,265,None
2724,876,265,MoveLeft,1546,265,None
2725,869,265,MoveLeft,1546,265,None
2726,862,265,MoveLeft,1546,265,None
2727,855,265,MoveLeft,1546,265,None
2728,848,265,MoveLeft,1546,265,None
2729,841,265,MoveLeft,1546,265,None
2730,834,265,MoveLeft,1546,265,None
2731,827,265,MoveLeft,1546,265,None
2732,820,265,MoveLeft,1546,265,None
2733,813,265,MoveLeft,1546,265,None
2734,806,265,MoveLeft,1546,265,None
2735,799,265,MoveLeft,1546,265,None
2736,792,265,MoveLeft,1546,265,None
2737,785,265,MoveLeft,1546,265,None
2738,778,265,MoveLeft,1546,265,None
2739,778,265,Set,1546,265,None
2739,771,265,MoveLeft,1546,265,None
2740,771,265,None,1553,265,MoveRight
2741,771,265,None,1560,265,MoveRight
2742,771,265,None,1567,265,MoveRight
2743,771,265,None,1574,265,MoveRight
2744,771,265,None,1581,265,MoveRight
2745,771,265,None,1588,265,MoveRight
2746,771,265,None,1595,265,MoveRight
2747,771,265,None,1602,265,MoveRight
2748,771,265,None,1609,265,MoveRight
2749,771,265,None,1616,265,MoveRight
2750,771,265,None,1623,265,MoveRight
2751,771,265,None,1630,265,MoveRight
2752,764,265,MoveLeft,1630,265,None
2752,764,265,None,1637,265,MoveRight
2753,764,265,None,1644,265,MoveRight
2754,764,265,None,1651,265,MoveRight
2755,764,265,None,1658,265,MoveRight
2756,764,265,None,1665,265,MoveRight
2757,764,265,None,1672,265,MoveRight
2758,764,265,None,1679,265,MoveRight
2759,764,265,None,1686,265,MoveRight
2760,764,265,None,1693,265,MoveRight
2761,764,265,None,1700,265,MoveRight
2762,764,265,None,1707,265,MoveRight
2763,764,265,None,1714,265,MoveRight
2764,764,265,None,1721,265,MoveRight
2765,764,265,None,1728,265,MoveRight
2775,757,265,MoveLeft,1728,265,None
2776,750,265,MoveLeft,1728,265,None
2777,743,265,MoveLeft,1728,265,None
2778,736,265,MoveLeft,1728,265,None
2779,729,265,MoveLeft,1728,265,None
2780,722,265,MoveLeft,1728,265,None
2781,715,265,MoveLeft,1728,265,None
2782,708,265,MoveLeft,1728,265,None
2783,701,265,MoveLeft,1728,265,None
2784,694,265,MoveLeft,1728,265,None
2811,701,265,MoveRight,1728,265,None
2812,708,265,MoveRight,1728,265,None
2813,715,265,MoveRight,1728,265,None
2814,722,265,MoveRight,1728,265,None
2815,729,265,MoveRight,1728,265,None
2816,736,265,MoveRight,1728,265,None
2817,743,265,MoveRight,1728,265,None
2860,750,265,MoveRight,1728,265,None
2861,757,265,MoveRight,1728,265,None
2862,757,265,None,1728,265,None
2863,757,265,None,1728,265,None
2864,757,265,None,1728,265,None
2865,757,265,None,1728,265,None
2866,757,265,None,1728,265,None
2867,757,265,None,1728,265,None
2868,757,265,Bump,1728,265,None
2868,757,265,None,1728,265,None
2888,764,265,MoveRight,1728,265,None
2889,771,265,MoveRight,1728,265,None
2890,778,265,MoveRight,1728,265,None
2891,785,265,MoveRight,1728,265,None
2892,792,265,MoveRight,1728,265,None
2893,799,265,MoveRight,1728,265,None
2894,806,265,MoveRight,1728,265,None
2895,813,265,MoveRight,1728,265,None
2896,820,265,MoveRight,1728,265,None
2897,827,265,MoveRight,1728,265,None
2898,834,265,MoveRight,1728,265,None
2899,841,265,MoveRight,1728,265,None
2900,848,265,MoveRight,1728,265,None
2901,855,265,MoveRight,1728,265,None
2902,862,265,MoveRight,1728,265,None
2903,869,265,MoveRight,1728,265,None
2904,876,265,MoveRight,1728,265,None
2905,883,265,MoveRight,1728,265,None
2906,890,265,MoveRight,1728,265,None
2907,897,265,MoveRight,1728,265,None
2908,904,265,MoveRight,1728,265,None
2909,911,265,MoveRight,1728,265,None
2910,918,265,MoveRight,1728,265,None
2911,925,265,MoveRight,1728,265,None
2912,932,265,MoveRight,1728,265,None
2913,939,265,MoveRight,1728,265,None
2914,946,265,MoveRight,1728,265,None
2915,953,265,MoveRight,1728,265,None
2916,960,265,MoveRight,1728,265,None
2917,967,265,MoveRight,1728,265,None
2918,974,265,MoveRight,1728,265,None
2919,977.5,284.62,MoveRight,1728,265,None
2920,981,304.24,MoveRight,1728,265,None
2921,984.5,314.05,MoveRight,1728,265,None
2922,988,323.86,MoveRight,1728,265,None
2923,991.5,333.67,MoveRight,1728,265,None
2924,995,343.48,MoveRight,1728,265,None
2925,998.5,353.29,MoveRight,1728,265,None
2926,1002,363.1,MoveRight,1728,265,None
2936,1002,461.2,None,1728,265,None
2969,1337,265,MoveRight,2410,265,None
2970,1344,265,MoveRight,2410,265,None
2971,1351,265,MoveRight,2410,265,None
2972,1358,265,MoveRight,2410,265,None
2973,1365,265,MoveRight,2410,265,None
2974,1372,265,MoveRight,2410,265,None
2975,1379,265,MoveRight,2410,265,None
2976,1386,265,MoveRight,2410,265,None
2977,1393,265,MoveRight,2410,265,None
2978,1400,265,MoveRight,2410,265,None
2979,1407,265,MoveRight,2410,265,None
2980,1414,265,MoveRight,2410,265,None
2981,1421,265,MoveRight,2410,265,None
2982,1428,265,MoveRight,2410,265,None
2993,1428,265,None,2410,265,None
3018,1428,265,None,2410,265,Serve
3018,1428,265,None,2410,265,None
3054,1319,265,MoveLeft,2410,265,None
3055,1312,265,MoveLeft,2410,265,None
3056,1305,265,MoveLeft,2410,265,None
3057,1298,265,MoveLeft,2410,265,None
3058,1291,265,MoveLeft,2410,265,None
3059,1284,265,MoveLeft,2410,265,None
3060,1277,265,MoveLeft,2410,265,None
3061,1270,265,MoveLeft,2410,265,None
3062,1263,265,MoveLeft,2410,265,None
3063,1256,265,MoveLeft,2410,265,None
3064,1249,265,MoveLeft,2410,265,None
3065,1242,265,MoveLeft,2410,265,None
3066,1235,265,MoveLeft,2410,265,None
3067,1228,265,MoveLeft,2410,265,None
3068,1221,265,MoveLeft,2410,265,None
3069,1214,265,MoveLeft,2410,265,None
3070,1207,265,MoveLeft,2410,265,None
3071,1200,265,MoveLeft,2410,265,None
3072,1193,265,MoveLeft,2410,265,None
3073,1186,265,MoveLeft,2410,265,None
3074,1179,265,MoveLeft,2410,265,None
3075,1172,265,MoveLeft,2410,265,None
3076,1165,265,MoveLeft,2410,265,None
3077,1158,265,MoveLeft,2410,265,None
3078,1151,265,MoveLeft,2410,265,None
3079,1144,265,MoveLeft,2410,265,None
3080,1137,265,MoveLeft,2410,265,None
3081,1130,265,MoveLeft,2410,265,None
3082,1123,265,MoveLeft,2410,265,None
3083,1116,265,MoveLeft,2410,265,None
3084,1109,265,MoveLeft,2410,265,None
3085,1102,265,MoveLeft,2410,265,None
3086,1095,265,MoveLeft,2410,265,None
3087,1088,265,MoveLeft,2410,265,None
3088,1081,265,MoveLeft,2410,265,None
3089,1074,265,MoveLeft,2410,265,None
3090,1067,265,MoveLeft,2410,265,None
3091,1060,265,MoveLeft,2410,265,None
3092,1053,265,MoveLeft,2410,265,None
3093,1046,265,MoveLeft,2410,265,None
3094,1039,265,MoveLeft,2410,265,None
3095,1323,265,MoveLeft,2410,265,None
3096,1316,265,MoveLeft,2410,265,None
3097,1309,265,MoveLeft,2410,265,None
3098,1302,265,MoveLeft,2410,265,None
3099,1295,265,MoveLeft,2410,265,None
3100,1288,265,MoveLeft,2410,265,None
3101,1281,265,MoveLeft,2410,265,None
3127,1288,265,MoveRight,2410,265,None
3128,1295,265,MoveRight,2410,265,None
3129,1302,265,MoveRight,2410,265,None
3130,1309,265,MoveRight,2410,265,None
3131,1316,265,MoveRight,2410,265,None
3132,1323,265,MoveRight,2410,265,None
3133,1330,265,MoveRight,2410,265,None
3134,1337,265,MoveRight,2410,265,None
3135,1344,265,MoveRight,2410,265,None
3136,1351,265,MoveRight,2410,265,None
3137,1358,265,MoveRight,2410,265,None
3138,1365,265,MoveRight,2410,265,None
3139,1372,265,MoveRight,2410,265,None
3140,1379,265,MoveRight,2410,265,None
3141,1386,265,MoveRight,2410,265,None
3142,1393,265,MoveRight,2410,265,None
3143,1400,265,MoveRight,2410,265,None
3144,1407,265,MoveRight,2410,265,None
3145,1407,265,None,2410,265,Serve
3145,1326,265,None,2410,265,None
3168,1319,265,MoveLeft,2410,265,None
3169,1312,265,MoveLeft,2410,265,None
3170,1305,265,MoveLeft,2410,265,None
3171,1298,265,MoveLeft,2410,265,None
3172,1291,265,MoveLeft,2410,265,None
3173,1284,265,MoveLeft,2410,265,None
3174,1277,265,MoveLeft,2410,265,None
3175,1270,265,MoveLeft,2410,265,None
3176,1263,265,MoveLeft,2410,265,None
3177,1256,265,MoveLeft,2410,265,None
3178,1249,265,MoveLeft,2410,265,None
3179,1242,265,MoveLeft,2410,265,None
3180,1235,265,MoveLeft,2410,265,None
3181,1228,265,MoveLeft,2410,265,None
3182,1221,265,MoveLeft,2410,265,None
3183,1214,265,MoveLeft,2410,265,None
3184,1207,265,MoveLeft,2410,265,None
3185,1200,265,MoveLeft,2410,265,None
3186,1193,265,MoveLeft,2410,265,None
3187,1186,265,MoveLeft,2410,265,None
3188,1179,265,MoveLeft,2410,265,None
3189,1172,265,MoveLeft,2410,265,None
3190,1165,265,MoveLeft,2410,265,None
3191,1158,265,MoveLeft,2410,265,None
3192,1151,265,MoveLeft,2410,265,None
3193,1144,265,MoveLeft,2410,265,None
3194,1137,265,MoveLeft,2410,265,None
3195,1130,265,MoveLeft,2410,265,None
3196,1123,265,MoveLeft,2410,265,None
3197,1116,265,MoveLeft,2410,265,None
3198,1109,265,MoveLeft,2410,265,None
3199,1102,265,MoveLeft,2410,265,None
3200,1095,265,MoveLeft,2410,265,None
3201,1088,265,MoveLeft,2410,265,None
3202,1081,265,MoveLeft,2410,265,None
3203,1074,265,MoveLeft,2410,265,None
3204,1067,265,MoveLeft,2410,265,None
3205,1060,265,MoveLeft,2410,265,None
3206,1053,265,MoveLeft,2410,265,None
3207,1046,265,MoveLeft,2410,265,None
3208,1039,265,MoveLeft,2410,265,None
3209,1032,265,MoveLeft,2410,265,None
3210,1025,265,MoveLeft,2410,265,None
3211,1018,265,MoveLeft,2410,265,None
3212,1011,265,MoveLeft,2410,265,None
3213,1004,265,MoveLeft,2410,265,None
3214,997,265,MoveLeft,2410,265,None
3215,990,265,MoveLeft,2410,265,None
3216,990,265,Bump,2410,265,None
3216,983,265,MoveLeft,2410,265,None
3217,983,265,None,2403,265,MoveLeft
3218,983,265,None,2396,265,MoveLeft
3219,983,265,None,2389,265,MoveLeft
3220,983,265,None,2382,265,MoveLeft
3221,983,265,None,2375,265,MoveLeft
3222,983,265,None,2368,265,MoveLeft
3223,983,265,None,2361,265,MoveLeft
3224,983,265,None,2354,265,MoveLeft
3225,983,265,None,2347,265,MoveLeft
3226,983,265,None,2340,265,MoveLeft
3227,983,265,None,2333,265,MoveLeft
3228,983,265,None,2326,265,MoveLeft
3229,983,265,None,2319,265,MoveLeft
3230,983,265,None,2312,265,MoveLeft
3231,983,265,None,2305,265,MoveLeft
3232,983,265,None,2298,265,MoveLeft
3233,983,265,None,2291,265,MoveLeft
3234,983,265,None,2284,265,MoveLeft
3235,983,265,None,2277,265,MoveLeft
3236,983,265,None,2270,265,MoveLeft
3237,983,265,None,2263,265,MoveLeft
3238,983,265,None,2256,265,MoveLeft
3239,983,265,None,2249,265,MoveLeft
3240,983,265,None,2242,265,MoveLeft
3241,983,265,None,2235,265,MoveLeft
3242,990,265,MoveRight,2235,265,None
3242,990,265,None,2228,265,MoveLeft
3243,997,265,MoveRight,2228,265,None
3243,997,265,None,2221,265,MoveLeft
3244,1004,265,MoveRight,2221,265,None
3244,1004,265,None,2214,265,MoveLeft
3245,1011,265,MoveRight,2214,265,None
3245,1011,265,None,2207,265,MoveLeft
3246,1018,265,MoveRight,2207,265,None
3246,1018,265,None,2200,265,MoveLeft
3247,1025,265,MoveRight,2200,265,None
3247,1025,265,None,2193,265,MoveLeft
3248,1032,265,MoveRight,2193,265,None
3248,1032,265,None,2186,265,MoveLeft
3249,1039,265,MoveRight,2186,265,None
3249,1039,265,None,2179,265,MoveLeft
3250,1046,265,MoveRight,2179,265,None
3250,1046,265,None,2172,265,MoveLeft
3251,1053,265,MoveRight,2172,265,None
3251,1053,265,None,2165,265,MoveLeft
3252,1060,265,MoveRight,2165,265,None
3252,1060,265,None,2158,265,MoveLeft
3253,1067,265,MoveRight,2158,265,None
3253,1067,265,None,2151,265,MoveLeft
3254,1074,265,MoveRight,2151,265,None
3254,1074,265,None,2144,265,MoveLeft
3255,1081,265,MoveRight,2144,265,None
3255,1081,265,None,2137,265,MoveLeft
3256,1088,265,MoveRight,2137,265,None
3256,1088,265,None,2130,265,MoveLeft
3257,1095,265,MoveRight,2130,265,None
3257,1095,265,None,2123,265,MoveLeft
3258,1102,265,MoveRight,2123,265,None
3258,1102,265,None,2116,265,MoveLeft
3259,1109,265,MoveRight,2116,265,None
3259,1109,265,None,2109,265,MoveLeft
3260,1116,265,MoveRight,2109,265,None
3260,1116,265,None,2102,265,MoveLeft
3261,1123,265,MoveRight,2102,265,None
3261,1123,265,None,2095,265,MoveLeft
3262,1130,265,MoveRight,2095,265,None
3262,1130,265,None,2088,265,MoveLeft
3263,1137,265,MoveRight,2088,265,None
3263,1137,265,None,2081,265,MoveLeft
3264,1144,265,MoveRight,2081,265,None
3264,1144,265,None,2074,265,MoveLeft
3265,1151,265,MoveRight,2074,265,None
3265,1151,265,None,2067,265,MoveLeft
3266,1158,265,MoveRight,2067,265,None
3266,1158,265,None,2060,265,MoveLeft
3267,1165,265,MoveRight,2060,265,None
3267,1165,265,None,2053,265,MoveLeft
3268,1172,265,MoveRight,2053,265,None
3268,1172,265,None,2046,265,MoveLeft
3269,1179,265,MoveRight,2046,265,None
3269,1179,265,None,2039,265,MoveLeft
3270,1186,265,MoveRight,2039,265,None
3270,1186,265,None,2032,265,MoveLeft
3271,1193,265,MoveRight,2032,265,None
3271,1193,265,None,2025,265,MoveLeft
3272,1200,265,MoveRight,2025,265,None
3272,1200,265,None,2018,265,MoveLeft
3273,1207,265,MoveRight,2018,265,None
3273,1207,265,None,2011,265,MoveLeft
3274,1207,265,None,2004,265,MoveLeft
3275,1207,265,None,1997,265,MoveLeft
3276,1207,265,None,1990,265,MoveLeft
3277,1200,265,MoveLeft,1990,265,None
3277,1200,265,None,1983,265,MoveLeft
3278,1193,265,MoveLeft,1983,265,None
3278,1193,265,None,1976,265,MoveLeft
3279,1186,265,MoveLeft,1976,265,None
3279,1186,265,None,1969,265,MoveLeft
3280,1179,265,MoveLeft,1969,265,None
3280,1179,265,None,1962,265,MoveLeft
3281,1172,265,MoveLeft,1962,265,None
3281,1172,265,None,1955,265,MoveLeft
3282,1165,265,MoveLeft,1955,265,None
3282,1165,265,None,1948,265,MoveLeft
3283,1158,265,MoveLeft,1948,265,None
3283,1158,265,None,1941,265,MoveLeft
3284,1151,265,MoveLeft,1941,265,None
3284,1151,265,None,1934,265,MoveLeft
3285,1144,265,MoveLeft,1934,265,None
3285,1144,265,None,1927,265,MoveLeft
3286,1137,265,MoveLeft,1927,265,None
3286,1137,265,None,1920,265,MoveLeft
3287,1130,265,MoveLeft,1920,265,None
3287,1130,265,None,1913,265,MoveLeft
3288,1123,265,MoveLeft,1913,265,None
3288,1123,265,None,1906,265,MoveLeft
3289,1116,265,MoveLeft,1906,265,None
3289,1116,265,None,1899,265,MoveLeft
3290,1109,265,MoveLeft,1899,265,None
3290,1109,265,None,1892,265,MoveLeft
3291,1102,265,MoveLeft,1892,265,None
3291,1102,265,None,1885,265,MoveLeft
3292,1095,265,MoveLeft,1885,265,None
3292,1095,265,None,1878,265,MoveLeft
3293,1088,265,MoveLeft,1878,265,None
3293,1088,265,None,1871,265,MoveLeft
3294,1081,265,MoveLeft,1871,265,None
3294,1081,265,None,1864,265,MoveLeft
3295,1074,265,MoveLeft,1864,265,None
3295,1074,265,None,1857,265,MoveLeft
3296,1067,265,MoveLeft,1857,265,None
3296,1067,265,None,1850,265,MoveLeft
3297,1060,265,MoveLeft,1850,265,None
3297,1060,265,None,1843,265,MoveLeft
3298,1053,265,MoveLeft,1843,265,None
3298,1053,265,None,1836,265,MoveLeft
3299,1046,265,MoveLeft,1836,265,None
3299,1046,265,None,1829,265,MoveLeft
3300,1039,265,MoveLeft,1829,265,None
3300,1039,265,None,1822,265,MoveLeft
3301,1032,265,MoveLeft,1822,265,None
3301,1032,265,None,1815,265,MoveLeft
3302,1025,265,MoveLeft,1815,265,None
3302,1025,265,None,1808,265,MoveLeft
3303,1018,265,MoveLeft,1808,265,None
3303,1018,265,None,1801,265,MoveLeft
3304,1011,265,MoveLeft,1801,265,None
3304,1011,265,None,1794,265,MoveLeft
3305,1004,265,MoveLeft,1794,265,None
3305,1004,265,None,1787,265,MoveLeft
3306,997,265,MoveLeft,1787,265,None
3306,997,265,None,1780,265,MoveLeft
3307,990,265,MoveLeft,1780,265,None
3307,990,265,None,1773,265,MoveLeft
3308,983,265,MoveLeft,1773,265,None
3308,983,265,None,1766,265,MoveLeft
3309,976,265,MoveLeft,1766,265,None
3309,976,265,None,1759,265,MoveLeft
3310,969,265,MoveLeft,1759,265,None
3310,969,265,None,1752,265,MoveLeft
3311,962,265,MoveLeft,1752,265,None
3311,962,265,None,1745,265,MoveLeft
3312,955,265,MoveLeft,1745,265,None
3312,955,265,None,1738,265,MoveLeft
3313,948,265,MoveLeft,1738,265,None
3313,948,265,None,1731,265,MoveLeft
3314,941,265,MoveLeft,1731,265,None
3314,941,265,None,1724,265,MoveLeft
3315,934,265,MoveLeft,1724,265,None
3315,934,265,None,1717,265,MoveLeft
3316,927,265,MoveLeft,1717,265,None
3316,927,265,None,1710,265,MoveLeft
3317,920,265,MoveLeft,1710,265,None
3317,920,265,None,1703,265,MoveLeft
3318,913,265,MoveLeft,1703,265,None
3318,913,265,None,1696,265,MoveLeft
3319,323,265,MoveLeft,1850,265,None
3320,316,265,MoveLeft,1850,265,None
3321,309,265,MoveLeft,1850,265,None
3322,302,265,MoveLeft,1850,265,None
3342,302,265,None,1850,265,None
3373,302,265,Serve,1850,265,None
3373,302,265,None,1850,265,None
3392,309,265,MoveRight,1850,265,None
3393,316,265,MoveRight,1850,265,None
3394,323,265,MoveRight,1850,265,None
3395,330,265,MoveRight,1850,265,None
3396,337,265,MoveRight,1850,265,None
3397,344,265,MoveRight,1850,265,None
3398,351,265,MoveRight,1850,265,None
3399,358,265,MoveRight,1850,265,None
3400,365,265,MoveRight,1850,265,None
3401,372,265,MoveRight,1850,265,None
3402,379,265,MoveRight,1850,265,None
3403,386,265,MoveRight,1850,265,None
3404,393,265,MoveRight,1850,265,None
3405,400,265,MoveRight,1850,265,None
3406,407,265,MoveRight,1850,265,None
3407,414,265,MoveRight,1850,265,None
3408,421,265,MoveRight,1850,265,None
3409,428,265,MoveRight,1850,265,None
3410,435,265,MoveRight,1850,265,None
3411,442,265,MoveRight,1850,265,None
3412,449,265,MoveRight,1850,265,None
3413,456,265,MoveRight,1850,265,None
3414,463,265,MoveRight,1850,265,None
3415,470,265,MoveRight,1850,265,None
3416,477,265,MoveRight,1850,265,None
3417,484,265,MoveRight,1850,265,None
3418,491,265,MoveRight,1850,265,None
3419,498,265,MoveRight,1850,265,None
3420,505,265,MoveRight,1850,265,None
3421,512,265,MoveRight,1850,265,None
3422,519,265,MoveRight,1850,265,None
3423,526,265,MoveRight,1850,265,None
3424,533,265,MoveRight,1850,265,None
3425,540,265,MoveRight,1850,265,None
3426,547,265,MoveRight,1850,265,None
3427,554,265,MoveRight,1850,265,None
3428,561,265,MoveRight,1850,265,None
3429,568,265,MoveRight,1850,265,None
3430,575,265,MoveRight,1850,265,None
3431,582,265,MoveRight,1850,265,None
3432,589,265,MoveRight,1850,265,None
3433,596,265,MoveRight,1850,265,None
3434,603,265,MoveRight,1850,265,None
3435,610,265,MoveRight,1850,265,None
3436,617,265,MoveRight,1850,265,None
3437,624,265,MoveRight,1850,265,None
3438,631,265,MoveRight,1850,265,None
3439,638,265,MoveRight,1850,265,None
3440,645,265,MoveRight,1850,265,None
3445,652,265,MoveRight,1850,265,None
3446,659,265,MoveRight,1850,265,None
3447,659,265,None,1850,265,SpikeMedium
3447,666,265,MoveRight,1850,265,None
3447,666,265,None,1850,265,None
3448,673,265,MoveRight,1850,265,None
3449,680,265,MoveRight,1850,265,None
3450,687,265,MoveRight,1850,265,None
3451,694,265,MoveRight,1850,265,None
3452,701,265,MoveRight,1850,265,None
3453,708,265,MoveRight,1850,265,None
3454,715,265,MoveRight,1850,265,None
3455,722,265,MoveRight,1850,265,None
3456,729,265,MoveRight,1850,265,None
3457,736,265,MoveRight,1850,265,None
3458,743,265,MoveRight,1850,265,None
3459,750,265,MoveRight,1850,265,None
3460,757,265,MoveRight,1850,265,None
3461,764,265,MoveRight,1850,265,None
3462,771,265,MoveRight,1850,265,None
3463,778,265,MoveRight,1850,265,None
3464,785,265,MoveRight,1850,265,None
3465,792,265,MoveRight,1850,265,None
3466,799,265,MoveRight,1850,265,None
3467,806,265,MoveRight,1850,265,None
3468,813,265,MoveRight,1850,265,None
3469,820,265,MoveRight,1850,265,None
3470,827,265,MoveRight,1850,265,None
3471,834,265,MoveRight,1850,265,None
3472,841,265,MoveRight,1850,265,None
3473,848,265,MoveRight,1850,265,None
3474,855,265,MoveRight,1850,265,None
3475,862,265,MoveRight,1850,265,None
3476,869,265,MoveRight,1850,265,None
3477,876,265,MoveRight,1850,265,None
3478,883,265,MoveRight,1850,265,None
3479,890,265,MoveRight,1850,265,None
3480,897,265,MoveRight,1850,265,None
3481,904,265,MoveRight,1850,265,None
3482,911,265,MoveRight,1850,265,None
3483,918,265,MoveRight,1850,265,None
3484,925,265,MoveRight,1850,265,None
3485,932,265,MoveRight,1850,265,None
3486,939,265,MoveRight,1850,265,None
3487,946,265,MoveRight,1850,265,None
3488,953,265,MoveRight,1850,265,None
3489,953,265,None,1850,265,None
3490,953,265,None,1850,265,None
3491,953,265,None,1850,265,None
3492,953,265,None,1850,265,None
3493,953,265,None,1850,265,None
3494,953,265,None,1850,265,None
3495,953,265,None,1850,265,None
3496,953,265,None,1850,265,None
3497,953,265,None,1850,265,None
3498,953,265,None,1850,265,None
3499,953,265,None,1850,265,None
3500,953,265,None,1850,265,None
3501,953,265,None,1850,265,None
3502,953,265,None,1850,265,None
3503,953,265,None,1850,265,None
3504,953,265,None,1850,265,None
3505,953,265,None,1850,265,None
3506,953,265,None,1850,265,None
3507,953,265,None,1850,265,None
3508,953,265,None,1850,265,None
3509,953,265,Bump,1850,265,None
3509,953,265,None,1850,265,None
3510,953,265,None,1843,265,MoveLeft
3511,953,265,None,1836,265,MoveLeft
3512,953,265,None,1829,265,MoveLeft
3513,953,265,None,1822,265,MoveLeft
3514,953,265,None,1815,265,MoveLeft
3515,953,265,None,1808,265,MoveLeft
3516,953,265,None,1801,265,MoveLeft
3517,953,265,None,1794,265,MoveLeft
3518,953,265,None,1787,265,MoveLeft
3519,953,265,None,1780,265,MoveLeft
3520,953,265,None,1773,265,MoveLeft
3521,953,265,None,1766,265,MoveLeft
3522,953,265,None,1759,265,MoveLeft
3523,953,265,None,1752,265,MoveLeft
3524,953,265,None,1745,265,MoveLeft
3525,953,265,None,1738,265,MoveLeft
3526,953,265,None,1731,265,MoveLeft
3527,953,265,None,1724,265,MoveLeft
3528,946,265,MoveLeft,1724,265,None
3528,946,265,None,1717,265,MoveLeft
3529,939,265,MoveLeft,1717,265,None
3529,939,265,None,1710,265,MoveLeft
3530,932,265,MoveLeft,1710,265,None
3530,932,265,None,1703,265,MoveLeft
3531,925,265,MoveLeft,1703,265,None
3531,925,265,None,1696,265,MoveLeft
3532,918,265,MoveLeft,1696,265,None
3532,918,265,None,1689,265,MoveLeft
3533,911,265,MoveLeft,1689,265,None
3533,911,265,None,1682,265,MoveLeft
3534,911,265,None,1675,265,MoveLeft
3535,911,265,None,1668,265,MoveLeft
3536,911,265,None,1661,265,MoveLeft
3537,911,265,None,1654,265,MoveLeft
3538,911,265,None,1647,265,MoveLeft
3539,911,265,None,1640,265,MoveLeft
3540,911,265,None,1633,265,MoveLeft
3541,911,265,None,1626,265,MoveLeft
3542,911,265,None,1619,265,MoveLeft
3543,911,265,None,1612,265,MoveLeft
3544,918,265,MoveRight,1612,265,None
3544,918,265,None,1605,265,MoveLeft
3545,925,265,MoveRight,1605,265,None
3545,925,265,None,1598,265,MoveLeft
3546,932,265,MoveRight,1598,265,None
3546,932,265,None,1591,265,MoveLeft
3547,939,265,MoveRight,1591,265,None
3547,939,265,None,1584,265,MoveLeft
3548,946,265,MoveRight,1584,265,None
3548,946,265,None,1577,265,MoveLeft
3549,953,265,MoveRight,1577,265,None
3549,953,265,None,1570,265,MoveLeft
3550,960,265,MoveRight,1570,265,None
3550,960,265,None,1563,265,MoveLeft
3551,967,265,MoveRight,1563,265,None
3551,967,265,None,1556,265,MoveLeft
3552,974,265,MoveRight,1556,265,None
3552,974,265,None,1549,265,MoveLeft
3553,974,265,None,1542,265,MoveLeft
3554,974,265,None,1535,265,MoveLeft
3555,974,265,None,1528,265,MoveLeft
3574,967,265,MoveLeft,1528,265,None
3575,960,265,MoveLeft,1528,265,None
3576,953,265,MoveLeft,1528,265,None
3577,946,265,MoveLeft,1528,265,None
3578,939,265,MoveLeft,1528,265,None
3579,932,265,MoveLeft,1528,265,None
3580,925,265,MoveLeft,1528,265,None
3581,918,265,MoveLeft,1528,265,None
3582,911,265,MoveLeft,1528,265,None
3583,904,265,MoveLeft,1528,265,None
3584,897,265,MoveLeft,1528,265,None
3585,890,265,MoveLeft,1528,265,None
3586,883,265,MoveLeft,1528,265,None
3587,876,265,MoveLeft,1528,265,None
3588,869,265,MoveLeft,1528,265,None
3589,862,265,MoveLeft,1528,265,None
3590,855,265,MoveLeft,1528,265,None
3591,848,265,MoveLeft,1528,265,None
3592,841,265,MoveLeft,1528,265,None
3593,834,265,MoveLeft,1528,265,None
3594,827,265,MoveLeft,1528,265,None
3595,820,265,MoveLeft,1528,265,None
3596,813,265,MoveLeft,1528,265,None
3597,806,265,MoveLeft,1528,265,None
3598,799,265,MoveLeft,1528,265,None
3599,792,265,MoveLeft,1528,265,None
3608,799,265,MoveRight,1528,265,None
3609,806,265,MoveRight,1528,265,None
3610,806,265,None,1528,265,SpikeLight
3610,813,265,MoveRight,1528,265,None
3610,813,265,None,1528,265,None
3611,820,265,MoveRight,1528,265,None
3612,827,265,MoveRight,1528,265,None
3613,834,265,MoveRight,1528,265,None
3614,841,265,MoveRight,1528,265,None
3615,848,265,MoveRight,1528,265,None
3616,855,265,MoveRight,1528,265,None
3617,862,265,MoveRight,1528,265,None
3618,869,265,MoveRight,1528,265,None
3619,876,265,MoveRight,1528,265,None
3620,883,265,MoveRight,1528,265,None
3621,890,265,MoveRight,1528,265,None
3622,897,265,MoveRight,1528,265,None
3623,904,265,MoveRight,1528,265,None
3624,911,265,MoveRight,1528,265,None
3625,918,265,MoveRight,1528,265,None
3626,925,265,MoveRight,1528,265,None
3627,932,265,MoveRight,1528,265,None
3628,939,265,MoveRight,1528,265,None
3629,946,265,MoveRight,1528,265,None
3630,953,265,MoveRight,1528,265,None
3631,960,265,MoveRight,1528,265,None
3632,967,265,MoveRight,1528,265,None
3633,974,265,MoveRight,1528,265,None
3634,981,265,MoveRight,1528,265,None
3635,988,265,MoveRight,1528,265,None
3636,995,265,MoveRight,1528,265,None
3637,1002,265,MoveRight,1528,265,None
3638,1009,265,MoveRight,1528,265,None
3639,1016,265,MoveRight,1528,265,None
3640,1023,265,MoveRight,1528,265,None
3641,1030,265,MoveRight,1528,265,None
3642,1037,265,MoveRight,1528,265,None
3643,1044,265,MoveRight,1528,265,None
3644,1051,265,MoveRight,1528,265,None
3645,1058,265,MoveRight,1528,265,None
3646,1061.5,284.62,MoveRight,1528,265,None
3647,1065,304.24,MoveRight,1528,265,None
3648,1068.5,314.05,MoveRight,1528,265,None
3649,1072,323.86,MoveRight,1528,265,None
3650,1075.5,333.67,MoveRight,1528,265,None
3651,1079,343.48,MoveRight,1528,265,None
3652,1082.5,353.29,MoveRight,1528,265,None
3653,1086,363.1,MoveRight,1528,265,None
3654,1089.5,372.91,MoveRight,1528,265,None
3655,1093,382.72,MoveRight,1528,265,None
3656,1096.5,392.53,MoveRight,1528,265,None
3657,1100,402.34,MoveRight,1528,265,None
3658,1103.5,412.15,MoveRight,1528,265,None
3664,1103.5,471.01,None,1528,265,None
3705,970,265,None,2410,265,None
3724,970,265,None,2410,265,None
3725,970,265,None,2410,265,Serve
3725,970,265,None,2410,265,None
3738,970,265,None,2410,265,None
3755,963,265,MoveLeft,2410,265,None
3756,956,265,MoveLeft,2410,265,None
3757,949,265,MoveLeft,2410,265,None
3758,942,265,MoveLeft,2410,265,None
3759,935,265,MoveLeft,2410,265,None
3760,928,265,MoveLeft,2410,265,None
3761,921,265,MoveLeft,2410,265,None
3762,914,265,MoveLeft,2410,265,None
3763,907,265,MoveLeft,2410,265,None
3764,900,265,MoveLeft,2410,265,None
3765,893,265,MoveLeft,2410,265,None
3766,886,265,MoveLeft,2410,265,None
3767,879,265,MoveLeft,2410,265,None
3768,872,265,MoveLeft,2410,265,None
3769,872,265,None,2410,265,None
3770,872,265,None,2410,265,None
3771,872,265,None,2410,265,None
3772,872,265,None,2410,265,None
3773,872,265,None,2410,265,None
3774,872,265,None,2410,265,None
3775,872,265,None,2410,265,None
3776,872,265,None,2410,265,None
3777,872,265,None,2410,265,None
3778,872,265,None,2410,265,None
3779,872,265,None,2410,265,None
3780,872,265,None,2410,265,None
3781,872,265,None,2410,265,None
3782,872,265,None,2410,265,None
3783,872,265,None,2410,265,None
3784,872,265,None,2410,265,None
3785,872,265,None,2410,265,None
3786,872,265,None,2410,265,None
3787,872,265,None,2410,265,None
3788,872,265,None,2410,265,None
3789,872,265,None,2410,265,None
3790,872,265,None,2410,265,None
3791,872,265,None,2410,265,None
3792,872,265,None,2410,265,None
3793,872,265,None,2410,265,None
3794,872,265,None,2410,265,None
3795,872,265,None,2410,265,None
3796,872,265,None,2410,265,None
3797,872,265,Bump,2410,265,None
3797,872,265,None,2410,265,None
3798,872,265,None,2403,265,MoveLeft
3799,872,265,None,2396,265,MoveLeft
3800,872,265,None,2389,265,MoveLeft
3801,872,265,None,2382,265,MoveLeft
3802,872,265,None,2375,265,MoveLeft
3803,872,265,None,2368,265,MoveLeft
3804,872,265,None,2361,265,MoveLeft
3805,872,265,None,2354,265,MoveLeft
3806,872,265,None,2347,265,MoveLeft
3807,872,265,None,2340,265,MoveLeft
3808,872,265,None,2333,265,MoveLeft
3809,872,265,None,2326,265,MoveLeft
3810,872,265,None,2319,265,MoveLeft
3811,872,265,None,2312,265,MoveLeft
3812,872,265,None,2305,265,MoveLeft
3813,872,265,None,2298,265,MoveLeft
3814,872,265,None,2291,265,MoveLeft
3815,872,265,None,2284,265,MoveLeft
3816,879,265,MoveRight,2284,265,None
3816,879,265,None,2277,265,MoveLeft
3817,886,265,MoveRight,2277,265,None
3817,886,265,None,2270,265,MoveLeft
3818,893,265,MoveRight,2270,265,None
3818,893,265,None,2263,265,MoveLeft
3819,900,265,MoveRight,2263,265,None
3819,900,265,None,2256,265,MoveLeft
3820,900,265,None,2249,265,MoveLeft
3821,900,265,None,2242,265,MoveLeft
3822,900,265,None,2235,265,MoveLeft
3823,900,265,None,2228,265,MoveLeft
3824,900,265,None,2221,265,MoveLeft
3825,900,265,None,2214,265,MoveLeft
3826,900,265,None,2207,265,MoveLeft
3827,900,265,None,2200,265,MoveLeft
3828,893,265,MoveLeft,2200,265,None
3828,893,265,None,2193,265,MoveLeft
3829,886,265,MoveLeft,2193,265,None
3829,886,265,None,2186,265,MoveLeft
3830,879,265,MoveLeft,2186,265,None
3830,879,265,None,2179,265,MoveLeft
3831,872,265,MoveLeft,2179,265,None
3831,872,265,None,2172,265,MoveLeft
3832,865,265,MoveLeft,2172,265,None
3832,865,265,None,2165,265,MoveLeft
3833,858,265,MoveLeft,2165,265,None
3833,858,265,None,2158,265,MoveLeft
3834,851,265,MoveLeft,2158,265,None
3834,851,265,None,2151,265,MoveLeft
3835,844,265,MoveLeft,2151,265,None
3835,844,265,None,2144,265,MoveLeft
3836,837,265,MoveLeft,2144,265,None
3836,837,265,None,2137,265,MoveLeft
3837,830,265,MoveLeft,2137,265,None
3837,830,265,None,2130,265,MoveLeft
3838,823,265,MoveLeft,2130,265,None
3838,823,265,None,2123,265,MoveLeft
3839,816,265,MoveLeft,2123,265,None
3839,816,265,None,2116,265,MoveLeft
3840,809,265,MoveLeft,2116,265,None
3840,809,265,None,2109,265,MoveLeft
3841,802,265,MoveLeft,2109,265,None
3841,802,265,None,2102,265,MoveLeft
3842,802,265,None,2095,265,MoveLeft
3843,802,265,None,2088,265,MoveLeft
3844,802,265,None,2081,265,MoveLeft
3845,802,265,None,2074,265,MoveLeft
3846,802,265,None,2067,265,MoveLeft
3847,809,265,MoveRight,2067,265,None
3847,809,265,None,2060,265,MoveLeft
3848,816,265,MoveRight,2060,265,None
3848,816,265,None,2053,265,MoveLeft
3849,823,265,MoveRight,2053,265,None
3849,823,265,None,2046,265,MoveLeft
3850,830,265,MoveRight,2046,265,None
3850,830,265,None,2039,265,MoveLeft
3851,837,265,MoveRight,2039,265,None
3851,837,265,None,2032,265,MoveLeft
3852,844,265,MoveRight,2032,265,None
3852,844,265,None,2025,265,MoveLeft
3853,851,265,MoveRight,2025,265,None
3853,851,265,None,2018,265,MoveLeft
3854,858,265,MoveRight,2018,265,None
3854,858,265,None,2011,265,MoveLeft
3855,865,265,MoveRight,2011,265,None
3855,865,265,None,2004,265,MoveLeft
3856,872,265,MoveRight,2004,265,None
3856,872,265,None,1997,265,MoveLeft
3857,879,265,MoveRight,1997,265,None
3857,879,265,None,1990,265,MoveLeft
3858,886,265,MoveRight,1990,265,None
3858,886,265,None,1983,265,MoveLeft
3859,893,265,MoveRight,1983,265,None
3859,893,265,None,1976,265,MoveLeft
3860,900,265,MoveRight,1976,265,None
3860,900,265,None,1969,265,MoveLeft
3861,907,265,MoveRight,1969,265,None
3861,907,265,None,1962,265,MoveLeft
3862,914,265,MoveRight,1962,265,None
3862,914,265,None,1955,265,MoveLeft
3863,921,265,MoveRight,1955,265,None
3863,921,265,None,1948,265,MoveLeft
3864,928,265,MoveRight,1948,265,None
3864,928,265,None,1941,265,MoveLeft
3865,935,265,MoveRight,1941,265,None
3865,935,265,None,1934,265,MoveLeft
3866,942,265,MoveRight,1934,265,None
3866,942,265,None,1927,265,MoveLeft
3867,949,265,MoveRight,1927,265,None
3867,949,265,None,1920,265,MoveLeft
3868,956,265,MoveRight,1920,265,None
3868,956,265,None,1913,265,MoveLeft
3869,963,265,MoveRight,1913,265,None
3869,963,265,None,1906,265,MoveLeft
3870,970,265,MoveRight,1906,265,None
3870,970,265,None,1899,265,MoveLeft
3871,977,265,MoveRight,1899,265,None
3871,977,265,None,1892,265,MoveLeft
3872,984,265,MoveRight,1892,265,None
3872,984,265,None,1885,265,MoveLeft
3873,991,265,MoveRight,1885,265,None
3873,991,265,None,1878,265,MoveLeft
3874,998,265,MoveRight,1878,265,None
3874,998,265,None,1871,265,MoveLeft
3875,1005,265,MoveRight,1871,265,None
3875,1005,265,None,1864,265,MoveLeft
3876,1012,265,MoveRight,1864,265,None
3876,1012,265,None,1857,265,MoveLeft
3877,1019,265,MoveRight,1857,265,None
3877,1019,265,None,1850,265,MoveLeft
3878,1026,265,MoveRight,1850,265,None
3878,1026,265,None,1843,265,MoveLeft
3879,1033,265,MoveRight,1843,265,None
3879,1033,265,None,1836,265,MoveLeft
3880,1040,265,MoveRight,1836,265,None
3880,1040,265,None,1829,265,MoveLeft
3881,1047,265,MoveRight,1829,265,None
3881,1047,265,None,1822,265,MoveLeft
3882,1054,265,MoveRight,1822,265,None
3882,1054,265,None,1815,265,MoveLeft
3883,1061,265,MoveRight,1815,265,None
3883,1061,265,None,1808,265,MoveLeft
3884,1068,265,MoveRight,1808,265,None
3884,1068,265,None,1801,265,MoveLeft
3885,1075,265,MoveRight,1801,265,None
3885,1075,265,None,1794,265,MoveLeft
3886,1082,265,MoveRight,1794,265,None
3886,1082,265,None,1787,265,MoveLeft
3887,1089,265,MoveRight,1787,265,None
3887,1089,265,None,1780,265,MoveLeft
3888,1096,265,MoveRight,1780,265,None
3888,1096,265,None,1773,265,MoveLeft
3889,1096,265,None,1766,265,MoveLeft
3890,1096,265,None,1759,265,MoveLeft
3891,1096,265,None,1752,265,MoveLeft
3892,1096,265,None,1745,265,MoveLeft
3893,1096,265,None,1738,265,MoveLeft
3894,1096,265,None,1731,265,MoveLeft
3918,1089,265,MoveLeft,1731,265,None
3919,1082,265,MoveLeft,1731,265,None
3920,1075,265,MoveLeft,1731,265,None
3921,1068,265,MoveLeft,1731,265,None
3922,1061,265,MoveLeft,1731,265,None
3923,1054,265,MoveLeft,1731,265,None
3924,1047,265,MoveLeft,1731,265,None
3925,1040,265,MoveLeft,1731,265,None
3926,1033,265,MoveLeft,1731,265,None
3927,1026,265,MoveLeft,1731,265,None
3928,1019,265,MoveLeft,1731,265,None
3929,1012,265,MoveLeft,1731,265,None
3930,1005,265,MoveLeft,1731,265,None
3935,1005,265,None,1731,265,None
3936,1005,265,None,1731,265,None
3937,1005,265,None,1731,265,None
3938,1005,265,None,1731,265,None
3939,1005,265,None,1731,265,None
3940,1005,265,None,1731,265,None
3941,1005,265,None,1731,265,None
3961,970,265,Bump,2410,265,None
3961,963,265,MoveLeft,2410,265,None
3962,963,265,Bump,2410,265,None
3962,970,265,MoveRight,2410,265,None
3963,970,265,Bump,2410,265,None
3963,977,265,MoveRight,2410,265,None
3964,977,265,Bump,2410,265,None
3964,984,265,MoveRight,2410,265,None
3965,984,265,Bump,2410,265,None
3965,991,265,MoveRight,2410,265,None
3966,991,265,Bump,2410,265,None
3966,998,265,MoveRight,2410,265,None
3967,998,265,Bump,2410,265,None
3967,1005,265,MoveRight,2410,265,None
3968,1005,265,Bump,2410,265,None
3968,1012,265,MoveRight,2410,265,None
4009,1012,265,None,2410,265,Serve
4009,1012,265,None,2410,265,None
4041,1005,265,MoveLeft,2410,265,None
4042,998,265,MoveLeft,2410,265,None
4043,991,265,MoveLeft,2410,265,None
4044,984,265,MoveLeft,2410,265,None
4045,977,265,MoveLeft,2410,265,None
4046,970,265,MoveLeft,2410,265,None
4047,963,265,MoveLeft,2410,265,None
4048,956,265,MoveLeft,2410,265,None
4049,949,265,MoveLeft,2410,265,None
4050,942,265,MoveLeft,2410,265,None
4051,935,265,MoveLeft,2410,265,None
4052,928,265,MoveLeft,2410,265,None
4053,921,265,MoveLeft,2410,265,None
4054,914,265,MoveLeft,2410,265,None
4055,907,265,MoveLeft,2410,265,None
4056,900,265,MoveLeft,2410,265,None
4057,893,265,MoveLeft,2410,265,None
4058,886,265,MoveLeft,2410,265,None
4059,879,265,MoveLeft,2410,265,None
4060,872,265,MoveLeft,2410,265,None
4061,865,265,MoveLeft,2410,265,None
4062,858,265,MoveLeft,2410,265,None
4063,851,265,MoveLeft,2410,265,None
4064,844,265,MoveLeft,2410,265,None
4065,837,265,MoveLeft,2410,265,None
4066,830,265,MoveLeft,2410,265,None
4067,823,265,MoveLeft,2410,265,None
4068,816,265,MoveLeft,2410,265,None
4069,809,265,MoveLeft,2410,265,None
4081,816,265,MoveRight,2410,265,None
4082,823,265,MoveRight,2410,265,None
4083,823,265,Bump,2410,265,None
4083,830,265,MoveRight,2410,265,None
4084,830,265,None,2403,265,MoveLeft
4085,830,265,None,2396,265,MoveLeft
4086,830,265,None,2389,265,MoveLeft
4087,830,265,None,2382,265,MoveLeft
4088,830,265,None,2375,265,MoveLeft
4089,830,265,None,2368,265,MoveLeft
4090,830,265,None,2361,265,MoveLeft
4091,830,265,None,2354,265,MoveLeft
4092,830,265,None,2347,265,MoveLeft
4093,830,265,None,2340,265,MoveLeft
4094,830,265,None,2333,265,MoveLeft
4095,830,265,None,2326,265,MoveLeft
4096,830,265,None,2319,265,MoveLeft
4097,830,265,None,2312,265,MoveLeft
4098,830,265,None,2305,265,MoveLeft
4099,830,265,None,2298,265,MoveLeft
4100,830,265,None,2291,265,MoveLeft
4101,830,265,None,2284,265,MoveLeft
4102,830,265,None,2277,265,MoveLeft
4103,837,265,MoveRight,2277,265,None
4103,837,265,None,2270,265,MoveLeft
4104,844,265,MoveRight,2270,265,None
4104,844,265,None,2263,265,MoveLeft
4105,851,265,MoveRight,2263,265,None
4105,851,265,None,2256,265,MoveLeft
4106,858,265,MoveRight,2256,265,None
4106,858,265,None,2249,265,MoveLeft
4107,865,265,MoveRight,2249,265,None
4107,865,265,None,2242,265,MoveLeft
4108,872,265,MoveRight,2242,265,None
4108,872,265,None,2235,265,MoveLeft
4109,879,265,MoveRight,2235,265,None
4109,879,265,None,2228,265,MoveLeft
4110,886,265,MoveRight,2228,265,None
4110,886,265,None,2221,265,MoveLeft
4111,893,265,MoveRight,2221,265,None
4111,893,265,None,2214,265,MoveLeft
4112,900,265,MoveRight,2214,265,None
4112,900,265,None,2207,265,MoveLeft
4113,907,265,MoveRight,2207,265,None
4113,907,265,None,2200,265,MoveLeft
4114,914,265,MoveRight,2200,265,None
4114,914,265,None,2193,265,MoveLeft
4115,921,265,MoveRight,2193,265,None
4115,921,265,None,2186,265,MoveLeft
4116,928,265,MoveRight,2186,265,None
4116,928,265,None,2179,265,MoveLeft
4117,935,265,MoveRight,2179,265,None
4117,935,265,None,2172,265,MoveLeft
4118,942,265,MoveRight,2172,265,None
4118,942,265,None,2165,265,MoveLeft
4119,949,265,MoveRight,2165,265,None
4119,949,265,None,2158,265,MoveLeft
4120,956,265,MoveRight,2158,265,None
4120,956,265,None,2151,265,MoveLeft
4121,963,265,MoveRight,2151,265,None
4121,963,265,None,2144,265,MoveLeft
4122,970,265,MoveRight,2144,265,None
4122,970,265,None,2137,265,MoveLeft
4123,977,265,MoveRight,2137,265,None
4123,977,265,None,2130,265,MoveLeft
4124,984,265,MoveRight,2130,265,None
4124,984,265,None,2123,265,MoveLeft
4125,991,265,MoveRight,2123,265,None
4125,991,265,None,2116,265,MoveLeft
4126,998,265,MoveRight,2116,265,None
4126,998,265,None,2109,265,MoveLeft
4127,1005,265,MoveRight,2109,265,None
4127,1005,265,None,2102,265,MoveLeft
4128,1012,265,MoveRight,2102,265,None
4128,1012,265,None,2095,265,MoveLeft
4129,1019,265,MoveRight,2095,265,None
4129,1019,265,None,2088,265,MoveLeft
4130,1026,265,MoveRight,2088,265,None
4130,1026,265,None,2081,265,MoveLeft
4131,1033,265,MoveRight,2081,265,None
4131,1033,265,None,2074,265,MoveLeft
4132,1040,265,MoveRight,2074,265,None
4132,1040,265,None,2067,265,MoveLeft
4133,1047,265,MoveRight,2067,265,None
4133,1047,265,None,2060,265,MoveLeft
4134,1054,265,MoveRight,2060,265,None
4134,1054,265,None,2053,265,MoveLeft
4135,1061,265,MoveRight,2053,265,None
4135,1061,265,None,2046,265,MoveLeft
4136,1068,265,MoveRight,2046,265,None
4136,1068,265,None,2039,265,MoveLeft
4137,1075,265,MoveRight,2039,265,None
4137,1075,265,None,2032,265,MoveLeft
4138,1082,265,MoveRight,2032,265,None
4138,1082,265,None,2025,265,MoveLeft
4139,1089,265,MoveRight,2025,265,None
4139,1089,265,None,2018,265,MoveLeft
4140,1096,265,MoveRight,2018,265,None
4140,1096,265,None,2011,265,MoveLeft
4141,1103,265,MoveRight,2011,265,None
4141,1103,265,None,2004,265,MoveLeft
4142,1110,265,MoveRight,2004,265,None
4142,1110,265,None,1997,265,MoveLeft
4143,1117,265,MoveRight,1997,265,None
4143,1117,265,None,1990,265,MoveLeft
4144,1124,265,MoveRight,1990,265,None
4144,1124,265,None,1983,265,MoveLeft
4145,1131,265,MoveRight,1983,265,None
4145,1131,265,None,1976,265,MoveLeft
4146,1138,265,MoveRight,1976,265,None
4146,1138,265,None,1969,265,MoveLeft
4147,1145,265,MoveRight,1969,265,None
4147,1145,265,None,1962,265,MoveLeft
4148,1152,265,MoveRight,1962,265,None
4148,1152,265,None,1955,265,MoveLeft
4149,1152,265,None,1948,265,MoveLeft
4150,1152,265,None,1941,265,MoveLeft
4151,1152,265,None,1934,265,MoveLeft
4152,1152,265,None,1927,265,MoveLeft
4153,1152,265,None,1920,265,MoveLeft
4154,1152,265,None,1913,265,MoveLeft
4155,1152,265,None,1906,265,MoveLeft
4156,1152,265,None,1899,265,MoveLeft
4157,1152,265,None,1892,265,MoveLeft
4158,1152,265,None,1885,265,MoveLeft
4159,1152,265,None,1878,265,MoveLeft
4160,1152,265,None,1871,265,MoveLeft
4161,1152,265,None,1864,265,MoveLeft
4162,1152,265,None,1857,265,MoveLeft
4163,1152,265,None,1850,265,MoveLeft
4164,1152,265,None,1843,265,MoveLeft
4165,1152,265,None,1836,265,MoveLeft
4166,1152,265,None,1829,265,MoveLeft
4167,1152,265,None,1822,265,MoveLeft
4168,1152,265,None,1815,265,MoveLeft
4169,1152,265,None,1808,265,MoveLeft
4170,1152,265,None,1801,265,MoveLeft
4171,1152,265,None,1794,265,MoveLeft
4172,1152,265,None,1787,265,MoveLeft
4173,1152,265,None,1780,265,MoveLeft
4174,1152,265,None,1773,265,MoveLeft
4175,1152,265,None,1766,265,MoveLeft
4176,1152,265,None,1759,265,MoveLeft
4177,1152,265,None,1752,265,MoveLeft
4178,1152,265,None,1745,265,MoveLeft
4179,1159,265,MoveRight,1745,265,None
4179,1159,265,None,1738,265,MoveLeft
4180,1166,265,MoveRight,1738,265,None
4180,1166,265,None,1731,265,MoveLeft
4181,1173,265,MoveRight,1731,265,None
4181,1173,265,None,1724,265,MoveLeft
4182,1180,265,MoveRight,1724,265,None
4182,1180,265,None,1717,265,MoveLeft
4183,1187,265,MoveRight,1717,265,None
4183,1187,265,None,1710,265,MoveLeft
4184,1194,265,MoveRight,1710,265,None
4185,1201,265,MoveRight,1710,265,None
4186,1208,265,MoveRight,1710,265,None
4187,1215,265,MoveRight,1710,265,None
4188,1222,265,MoveRight,1710,265,None
4189,1229,265,MoveRight,1710,265,None
4190,1236,265,MoveRight,1710,265,None
4191,1243,265,MoveRight,1710,265,None
4192,1250,265,MoveRight,1710,265,None
4193,1257,265,MoveRight,1710,265,None
4214,1250,265,MoveLeft,1710,265,None
4215,1243,265,MoveLeft,1710,265,None
4216,1236,265,MoveLeft,1710,265,None
4217,1229,265,MoveLeft,1710,265,None
4218,1222,265,MoveLeft,1710,265,None
4219,1215,265,MoveLeft,1710,265,None
4220,1208,265,MoveLeft,1710,265,None
4221,1201,265,MoveLeft,1710,265,None
4222,1194,265,MoveLeft,1710,265,None
4223,1187,265,MoveLeft,1710,265,None
4224,1180,265,MoveLeft,1710,265,None
4225,1173,265,MoveLeft,1710,265,None
4226,1166,265,MoveLeft,1710,265,None
4227,1159,265,MoveLeft,1710,265,None
4228,1152,265,MoveLeft,1710,265,None
4229,1145,265,MoveLeft,1710,265,None
4230,1138,265,MoveLeft,1710,265,None
4231,1131,265,MoveLeft,1710,265,None
4240,1138,265,MoveRight,1710,265,None
4241,1145,265,MoveRight,1710,265,None
4242,1152,265,MoveRight,1710,265,None
4243,1159,265,MoveRight,1710,265,None
4244,1166,265,MoveRight,1710,265,None
4245,1173,265,MoveRight,1710,265,None
4246,1180,265,MoveRight,1710,265,None
4247,1187,265,MoveRight,1710,265,None
4248,1194,265,MoveRight,1710,265,None
4249,1201,265,MoveRight,1710,265,None
4250,1208,265,MoveRight,1710,265,None
4251,1215,265,MoveRight,1710,265,None
4252,1222,265,MoveRight,1710,265,None
4253,1229,265,MoveRight,1710,265,None
4254,1236,265,MoveRight,1710,265,None
4255,1243,265,MoveRight,1710,265,None
4256,1250,265,MoveRight,1710,265,None
4257,1257,265,MoveRight,1710,265,None
4258,1264,265,MoveRight,1710,265,None
4259,1271,265,MoveRight,1710,265,None
4260,1278,265,MoveRight,1710,265,None
4261,1285,265,MoveRight,1710,265,None
4280,1278,265,MoveLeft,1710,265,None
4281,1271,265,MoveLeft,1710,265,None
4282,1264,265,MoveLeft,1710,265,None
4283,1257,265,MoveLeft,1710,265,None
4284,1250,265,MoveLeft,1710,265,None
4285,1243,265,MoveLeft,1710,265,None
4286,1236,265,MoveLeft,1710,265,None
4287,1229,265,MoveLeft,1710,265,None
4288,1222,265,MoveLeft,1710,265,None
4289,1215,265,MoveLeft,1710,265,None
4290,1208,265,MoveLeft,1710,265,None
4291,1201,265,MoveLeft,1710,265,None
4292,1194,265,MoveLeft,1710,265,None
4293,1187,265,MoveLeft,1710,265,None
4294,1180,265,MoveLeft,1710,265,None
4295,1173,265,MoveLeft,1710,265,None
4296,1166,265,MoveLeft,1710,265,None
4297,1159,265,MoveLeft,1710,265,None
4298,1152,265,MoveLeft,1710,265,None
4299,1145,265,MoveLeft,1710,265,None
4300,1138,265,MoveLeft,1710,265,None
4301,1131,265,MoveLeft,1710,265,None
4302,1124,265,MoveLeft,1710,265,None
4303,1117,265,MoveLeft,1710,265,None
