Frame,PlayerPosX,PlayerPosY,PlayerEvent,BotPosX,BotPosY,BotEvent
1,970,265,None,1843,265,MoveLeft
2,970,265,None,1836,265,MoveLeft
3,970,265,None,1829,265,MoveLeft
4,970,265,None,1822,265,MoveLeft
5,970,265,None,1815,265,MoveLeft
6,970,265,None,1808,265,MoveLeft
7,970,265,None,1801,265,MoveLeft
8,970,265,None,1794,265,MoveLeft
9,970,265,None,1787,265,MoveLeft
10,970,265,None,1780,265,MoveLeft
11,970,265,None,1773,265,MoveLeft
12,970,265,None,1766,265,MoveLeft
13,970,265,None,1759,265,MoveLeft
14,970,265,None,1752,265,MoveLeft
15,970,265,None,1745,265,MoveLeft
16,970,265,None,1738,265,MoveLeft
17,970,265,None,1731,265,MoveLeft
49,977,265,MoveRight,1731,265,None
50,984,265,MoveRight,1731,265,None
51,991,265,MoveRight,1731,265,None
52,998,265,MoveRight,1731,265,None
53,1005,265,MoveRight,1731,265,None
54,1012,265,MoveRight,1731,265,None
55,1019,265,MoveRight,1731,265,None
56,1026,265,MoveRight,1731,265,None
57,1033,265,MoveRight,1731,265,None
58,1040,265,MoveRight,1731,265,None
59,1047,265,MoveRight,1731,265,None
60,1054,265,MoveRight,1731,265,None
61,1061,265,MoveRight,1731,265,None
62,1068,265,MoveRight,1731,265,None
63,1075,265,MoveRight,1731,265,None
64,1082,265,MoveRight,1731,265,None
65,1089,265,MoveRight,1731,265,None
66,1096,265,MoveRight,1731,265,None
67,1103,265,MoveRight,1731,265,None
68,1110,265,MoveRight,1731,265,None
69,1117,265,MoveRight,1731,265,None
70,1124,265,MoveRight,1731,265,None
71,1131,265,MoveRight,1731,265,None
72,1138,265,MoveRight,1731,265,None
73,1145,265,MoveRight,1731,265,None
74,1152,265,MoveRight,1731,265,None
75,1159,265,MoveRight,1731,265,None
76,1166,265,MoveRight,1731,265,None
77,1173,265,MoveRight,1731,265,None
78,1180,265,MoveRight,1731,265,None
79,1187,265,MoveRight,1731,265,None
80,1194,265,MoveRight,1731,265,None
81,1201,265,MoveRight,1731,265,None
82,1208,265,MoveRight,1731,265,None
83,1215,265,MoveRight,1731,265,None
84,1222,265,MoveRight,1731,265,None
85,1229,265,MoveRight,1731,265,None
86,1236,265,MoveRight,1731,265,None
87,1243,265,MoveRight,1731,265,None
88,1246.5,284.62,MoveRight,1731,265,None
89,1250,304.24,MoveRight,1731,265,None
90,1253.5,314.05,MoveRight,1731,265,None
91,1257,323.86,MoveRight,1731,265,None
112,1260.5,529.87,MoveRight,1731,265,None
113,1264,539.68,MoveRight,1731,265,None
114,1267.5,549.49,MoveRight,1731,265,None
115,1271,559.3,MoveRight,1731,265,None
116,1274.5,569.11,MoveRight,1731,265,None
117,1278,578.92,MoveRight,1731,265,None
118,1281.5,569.11,MoveRight,1731,265,None
119,1285,559.3,MoveRight,1731,265,None
120,1288.5,549.49,MoveRight,1731,265,None
121,1292,539.68,MoveRight,1731,265,None
122,1292,529.87,Spike,1731,265,None
122,1295.5,529.87,MoveRight,1731,265,None
123,1295.5,520.06,None,1724,265,MoveLeft
124,1295.5,510.25,None,1717,265,MoveLeft
125,1295.5,500.44,None,1710,265,MoveLeft
126,1295.5,490.63,None,1703,265,MoveLeft
127,1295.5,480.82,None,1696,265,MoveLeft
128,1295.5,471.01,None,1689,265,MoveLeft
129,1295.5,461.2,None,1682,265,MoveLeft
130,1295.5,451.39,None,1675,265,MoveLeft
131,1295.5,441.58,None,1668,265,MoveLeft
143,323,265,MoveLeft,1850,265,None
144,316,265,MoveLeft,1850,265,None
145,309,265,MoveLeft,1850,265,None
146,302,265,MoveLeft,1850,265,None
147,295,265,MoveLeft,1850,265,None
148,288,265,MoveLeft,1850,265,None
149,281,265,MoveLeft,1850,265,None
150,274,265,MoveLeft,1850,265,None
151,267,265,MoveLeft,1850,265,None
152,260,265,MoveLeft,1850,265,None
153,253,265,MoveLeft,1850,265,None
154,246,265,MoveLeft,1850,265,None
155,239,265,MoveLeft,1850,265,None
159,246,265,MoveRight,1850,265,None
160,253,265,MoveRight,1850,265,None
161,260,265,MoveRight,1850,265,None
162,267,265,MoveRight,1850,265,None
163,274,265,MoveRight,1850,265,None
164,281,265,MoveRight,1850,265,None
165,288,265,MoveRight,1850,265,None
166,295,265,MoveRight,1850,265,None
167,302,265,MoveRight,1850,265,None
168,309,265,MoveRight,1850,265,None
169,316,265,MoveRight,1850,265,None
170,323,265,MoveRight,1850,265,None
171,330,265,MoveRight,1850,265,None
172,337,265,MoveRight,1850,265,None
173,344,265,MoveRight,1850,265,None
174,351,265,MoveRight,1850,265,None
175,358,265,MoveRight,1850,265,None
184,358,265,Serve,1850,265,None
184,358,265,None,1850,265,None
185,358,265,None,1857,265,MoveRight
186,358,265,None,1864,265,MoveRight
187,358,265,None,1871,265,MoveRight
188,358,265,None,1878,265,MoveRight
189,358,265,None,1885,265,MoveRight
190,358,265,None,1892,265,MoveRight
191,358,265,None,1899,265,MoveRight
192,358,265,None,1906,265,MoveRight
206,365,265,MoveRight,1906,265,None
207,372,265,MoveRight,1906,265,None
208,379,265,MoveRight,1906,265,None
209,386,265,MoveRight,1906,265,None
210,393,265,MoveRight,1906,265,None
211,400,265,MoveRight,1906,265,None
212,407,265,MoveRight,1906,265,None
213,414,265,MoveRight,1906,265,None
214,421,265,MoveRight,1906,265,None
215,428,265,MoveRight,1906,265,None
216,435,265,MoveRight,1906,265,None
217,442,265,MoveRight,1906,265,None
218,449,265,MoveRight,1906,265,None
219,456,265,MoveRight,1906,265,None
220,463,265,MoveRight,1906,265,None
221,470,265,MoveRight,1906,265,None
222,477,265,MoveRight,1906,265,None
223,484,265,MoveRight,1906,265,None
224,491,265,MoveRight,1906,265,None
225,498,265,MoveRight,1906,265,None
226,505,265,MoveRight,1906,265,None
227,512,265,MoveRight,1906,265,None
228,519,265,MoveRight,1906,265,None
229,526,265,MoveRight,1906,265,None
230,533,265,MoveRight,1906,265,None
231,540,265,MoveRight,1906,265,None
232,547,265,MoveRight,1906,265,None
233,554,265,MoveRight,1906,265,None
234,561,265,MoveRight,1906,265,None
235,568,265,MoveRight,1906,265,None
236,575,265,MoveRight,1906,265,None
237,582,265,MoveRight,1906,265,None
238,589,265,MoveRight,1906,265,None
239,596,265,MoveRight,1906,265,None
240,603,265,MoveRight,1906,265,None
241,610,265,MoveRight,1906,265,None
242,617,265,MoveRight,1906,265,None
243,624,265,MoveRight,1906,265,None
244,631,265,MoveRight,1906,265,None
245,638,265,MoveRight,1906,265,None
246,645,265,MoveRight,1906,265,None
247,652,265,MoveRight,1906,265,None
248,659,265,MoveRight,1906,265,None
249,666,265,MoveRight,1906,265,None
250,673,265,MoveRight,1906,265,None
251,680,265,MoveRight,1906,265,None
252,687,265,MoveRight,1906,265,None
253,694,265,MoveRight,1906,265,None
254,701,265,MoveRight,1906,265,None
258,701,265,None,1906,265,SpikeMedium
258,701,265,None,1906,265,None
260,708,265,MoveRight,1906,265,None
261,715,265,MoveRight,1906,265,None
262,722,265,MoveRight,1906,265,None
263,729,265,MoveRight,1906,265,None
264,736,265,MoveRight,1906,265,None
265,743,265,MoveRight,1906,265,None
266,750,265,MoveRight,1906,265,None
267,757,265,MoveRight,1906,265,None
268,764,265,MoveRight,1906,265,None
269,771,265,MoveRight,1906,265,None
269,771,265,None,1899,265,MoveLeft
270,778,265,MoveRight,1899,265,None
270,778,265,None,1892,265,MoveLeft
271,785,265,MoveRight,1892,265,None
271,785,265,None,1885,265,MoveLeft
272,792,265,MoveRight,1885,265,None
272,792,265,None,1878,265,MoveLeft
273,799,265,MoveRight,1878,265,None
273,799,265,None,1871,265,MoveLeft
274,806,265,MoveRight,1871,265,None
274,806,265,None,1864,265,MoveLeft
275,813,265,MoveRight,1864,265,None
275,813,265,None,1857,265,MoveLeft
276,820,265,MoveRight,1857,265,None
276,820,265,None,1850,265,MoveLeft
277,827,265,MoveRight,1850,265,None
277,827,265,None,1843,265,MoveLeft
278,834,265,MoveRight,1843,265,None
278,834,265,None,1836,265,MoveLeft
279,841,265,MoveRight,1836,265,None
279,841,265,None,1829,265,MoveLeft
280,848,265,MoveRight,1829,265,None
280,848,265,None,1822,265,MoveLeft
281,855,265,MoveRight,1822,265,None
281,855,265,None,1815,265,MoveLeft
282,862,265,MoveRight,1815,265,None
282,862,265,None,1808,265,MoveLeft
283,869,265,MoveRight,1808,265,None
283,869,265,None,1801,265,MoveLeft
284,876,265,MoveRight,1801,265,None
284,876,265,None,1794,265,MoveLeft
285,883,265,MoveRight,1794,265,None
285,883,265,None,1787,265,MoveLeft
286,890,265,MoveRight,1787,265,None
286,890,265,None,1780,265,MoveLeft
287,897,265,MoveRight,1780,265,None
287,897,265,None,1773,265,MoveLeft
288,904,265,MoveRight,1773,265,None
288,904,265,None,1766,265,MoveLeft
289,911,265,MoveRight,1766,265,None
289,911,265,None,1759,265,MoveLeft
290,918,265,MoveRight,1759,265,None
290,918,265,None,1752,265,MoveLeft
291,925,265,MoveRight,1752,265,None
291,925,265,None,1745,265,MoveLeft
292,932,265,MoveRight,1745,265,None
292,932,265,None,1738,265,MoveLeft
293,939,265,MoveRight,1738,265,None
293,939,265,None,1731,265,MoveLeft
294,946,265,MoveRight,1731,265,None
294,946,265,None,1731,265,None
295,953,265,MoveRight,1731,265,None
295,953,265,None,1731,265,None
296,960,265,MoveRight,1731,265,None
296,960,265,None,1731,265,None
297,967,265,MoveRight,1731,265,None
297,967,265,None,1731,265,None
298,974,265,MoveRight,1731,265,None
298,974,265,None,1731,265,None
299,981,265,MoveRight,1731,265,None
299,981,265,None,1731,265,None
300,988,265,MoveRight,1731,265,None
300,988,265,None,1731,265,None
301,995,265,MoveRight,1731,265,None
301,995,265,None,1731,265,None
302,1002,265,MoveRight,1731,265,None
302,1002,265,None,1731,265,None
303,1009,265,MoveRight,1731,265,None
303,1009,265,None,1731,265,None
304,1009,265,None,1731,265,None
304,1009,265,None,1731,265,None
305,1009,265,None,1731,265,None
305,1009,265,None,1731,265,None
306,1009,265,None,1731,265,None
306,1009,265,None,1731,265,None
307,1009,265,None,1731,265,None
307,1009,265,None,1731,265,None
308,1009,265,None,1731,265,None
308,1009,265,None,1731,265,None
309,1009,265,None,1731,265,None
309,1009,265,None,1731,265,None
310,1009,265,None,1731,265,None
310,1009,265,None,1731,265,None
311,1009,265,None,1731,265,None
311,1009,265,None,1731,265,None
312,1009,265,None,1731,265,None
312,1009,265,None,1731,265,None
313,1009,265,None,1731,265,None
313,1009,265,None,1731,265,None
314,1009,265,None,1731,265,None
314,1009,265,None,1731,265,None
315,1009,265,None,1731,265,None
315,1009,265,None,1731,265,None
316,1009,265,None,1731,265,None
316,1009,265,None,1731,265,None
317,1009,265,None,1731,265,None
317,1009,265,None,1731,265,None
318,1009,265,None,1731,265,None
318,1009,265,None,1731,265,None
319,1009,265,None,1731,265,None
319,1009,265,None,1731,265,None
320,1009,265,None,1731,265,None
321,1009,265,None,1731,265,None
322,1009,265,None,1731,265,None
323,1009,265,None,1731,265,None
324,1009,265,None,1731,265,None
325,1009,265,None,1731,265,None
326,1009,265,None,1731,265,None
334,963,265,MoveLeft,2410,265,None
335,956,265,MoveLeft,2410,265,None
336,949,265,MoveLeft,2410,265,None
337,942,265,MoveLeft,2410,265,None
338,935,265,MoveLeft,2410,265,None
339,928,265,MoveLeft,2410,265,None
340,921,265,MoveLeft,2410,265,None
358,921,265,None,2410,265,None
377,921,265,None,2410,265,Serve
377,921,265,None,2410,265,None
383,921,265,None,2410,265,None
396,921,265,None,2403,265,MoveLeft
397,921,265,None,2396,265,MoveLeft
398,921,265,None,2389,265,MoveLeft
399,921,265,None,2382,265,MoveLeft
400,921,265,None,2375,265,MoveLeft
401,921,265,None,2368,265,MoveLeft
402,921,265,None,2361,265,MoveLeft
403,921,265,None,2354,265,MoveLeft
404,921,265,None,2347,265,MoveLeft
405,921,265,None,2340,265,MoveLeft
406,921,265,None,2333,265,MoveLeft
407,921,265,None,2326,265,MoveLeft
408,921,265,None,2319,265,MoveLeft
409,921,265,None,2312,265,MoveLeft
410,921,265,None,2305,265,MoveLeft
411,921,265,None,2298,265,MoveLeft
412,921,265,None,2291,265,MoveLeft
413,921,265,None,2284,265,MoveLeft
414,921,265,None,2277,265,MoveLeft
415,921,265,None,2270,265,MoveLeft
416,921,265,None,2263,265,MoveLeft
417,921,265,None,2256,265,MoveLeft
418,921,265,None,2249,265,MoveLeft
419,921,265,None,2242,265,MoveLeft
420,921,265,None,2235,265,MoveLeft
421,921,265,None,2228,265,MoveLeft
422,921,265,None,2221,265,MoveLeft
423,921,265,None,2214,265,MoveLeft
424,921,265,None,2207,265,MoveLeft
425,921,265,None,2200,265,MoveLeft
426,921,265,None,2193,265,MoveLeft
427,921,265,None,2186,265,MoveLeft
428,921,265,None,2179,265,MoveLeft
429,921,265,None,2172,265,MoveLeft
430,921,265,None,2165,265,MoveLeft
431,921,265,None,2158,265,MoveLeft
432,921,265,None,2151,265,MoveLeft
433,921,265,None,2144,265,MoveLeft
434,921,265,None,2137,265,MoveLeft
435,921,265,None,2130,265,MoveLeft
436,921,265,None,2123,265,MoveLeft
437,921,265,None,2116,265,MoveLeft
438,921,265,None,2109,265,MoveLeft
439,921,265,None,2102,265,MoveLeft
440,921,265,None,2095,265,MoveLeft
441,921,265,None,2088,265,MoveLeft
442,921,265,None,2081,265,MoveLeft
443,921,265,None,2074,265,MoveLeft
444,921,265,None,2067,265,MoveLeft
445,914,265,MoveLeft,2067,265,None
445,914,265,None,2060,265,MoveLeft
446,907,265,MoveLeft,2060,265,None
446,907,265,None,2053,265,MoveLeft
447,900,265,MoveLeft,2053,265,None
447,900,265,None,2046,265,MoveLeft
448,900,265,Bump,2046,265,None
448,893,265,MoveLeft,2046,265,None
448,893,265,None,2039,265,MoveLeft
449,893,265,None,2032,265,MoveLeft
450,893,265,None,2025,265,MoveLeft
451,893,265,None,2018,265,MoveLeft
452,893,265,None,2011,265,MoveLeft
453,893,265,None,2004,265,MoveLeft
454,893,265,None,1997,265,MoveLeft
455,893,265,None,1990,265,MoveLeft
456,893,265,None,1983,265,MoveLeft
457,893,265,None,1976,265,MoveLeft
458,893,265,None,1969,265,MoveLeft
459,893,265,None,1962,265,MoveLeft
460,893,265,None,1955,265,MoveLeft
461,893,265,None,1948,265,MoveLeft
462,893,265,None,1941,265,MoveLeft
463,893,265,None,1934,265,MoveLeft
464,893,265,None,1927,265,MoveLeft
465,893,265,None,1920,265,MoveLeft
466,893,265,None,1913,265,MoveLeft
467,886,265,MoveLeft,1913,265,None
467,886,265,None,1906,265,MoveLeft
468,879,265,MoveLeft,1906,265,None
468,879,265,None,1899,265,MoveLeft
469,872,265,MoveLeft,1899,265,None
469,872,265,None,1892,265,MoveLeft
470,865,265,MoveLeft,1892,265,None
470,865,265,None,1885,265,MoveLeft
471,858,265,MoveLeft,1885,265,None
471,858,265,None,1878,265,MoveLeft
472,851,265,MoveLeft,1878,265,None
472,851,265,None,1871,265,MoveLeft
473,844,265,MoveLeft,1871,265,None
473,844,265,None,1864,265,MoveLeft
474,837,265,MoveLeft,1864,265,None
474,837,265,None,1857,265,MoveLeft
475,830,265,MoveLeft,1857,265,None
475,830,265,None,1850,265,MoveLeft
476,823,265,MoveLeft,1850,265,None
476,823,265,None,1843,265,MoveLeft
477,816,265,MoveLeft,1843,265,None
477,816,265,None,1836,265,MoveLeft
478,809,265,MoveLeft,1836,265,None
478,809,265,None,1829,265,MoveLeft
479,802,265,MoveLeft,1829,265,None
479,802,265,None,1822,265,MoveLeft
480,795,265,MoveLeft,1822,265,None
480,795,265,None,1815,265,MoveLeft
481,788,265,MoveLeft,1815,265,None
481,788,265,None,1808,265,MoveLeft
482,781,265,MoveLeft,1808,265,None
482,781,265,None,1801,265,MoveLeft
483,774,265,MoveLeft,1801,265,None
483,774,265,None,1794,265,MoveLeft
484,767,265,MoveLeft,1794,265,None
484,767,265,None,1787,265,MoveLeft
485,760,265,MoveLeft,1787,265,None
485,760,265,None,1780,265,MoveLeft
486,753,265,MoveLeft,1780,265,None
486,753,265,None,1773,265,MoveLeft
487,746,265,MoveLeft,1773,265,None
487,746,265,None,1766,265,MoveLeft
488,739,265,MoveLeft,1766,265,None
488,739,265,None,1759,265,MoveLeft
489,739,265,None,1752,265,MoveLeft
490,739,265,None,1745,265,MoveLeft
491,739,265,None,1738,265,MoveLeft
492,739,265,None,1731,265,MoveLeft
493,739,265,None,1724,265,MoveLeft
494,739,265,None,1717,265,MoveLeft
495,739,265,None,1710,265,MoveLeft
496,746,265,MoveRight,1710,265,None
496,746,265,None,1703,265,MoveLeft
497,753,265,MoveRight,1703,265,None
497,753,265,None,1696,265,MoveLeft
498,760,265,MoveRight,1696,265,None
498,760,265,None,1689,265,MoveLeft
499,767,265,MoveRight,1689,265,None
499,767,265,None,1682,265,MoveLeft
500,774,265,MoveRight,1682,265,None
500,774,265,None,1675,265,MoveLeft
501,781,265,MoveRight,1675,265,None
501,781,265,None,1668,265,MoveLeft
502,788,265,MoveRight,1668,265,None
502,788,265,None,1661,265,MoveLeft
503,795,265,MoveRight,1661,265,None
503,795,265,None,1654,265,MoveLeft
504,802,265,MoveRight,1654,265,None
504,802,265,None,1647,265,MoveLeft
505,809,265,MoveRight,1647,265,None
505,809,265,None,1640,265,MoveLeft
506,816,265,MoveRight,1640,265,None
506,816,265,None,1633,265,MoveLeft
507,823,265,MoveRight,1633,265,None
507,823,265,None,1626,265,MoveLeft
508,830,265,MoveRight,1626,265,None
508,830,265,None,1619,265,MoveLeft
509,837,265,MoveRight,1619,265,None
509,837,265,None,1612,265,MoveLeft
510,844,265,MoveRight,1612,265,None
510,844,265,None,1605,265,MoveLeft
511,851,265,MoveRight,1605,265,None
511,851,265,None,1598,265,MoveLeft
512,858,265,MoveRight,1598,265,None
512,858,265,None,1591,265,MoveLeft
513,865,265,MoveRight,1591,265,None
513,865,265,None,1584,265,MoveLeft
514,872,265,MoveRight,1584,265,None
514,872,265,None,1577,265,MoveLeft
515,879,265,MoveRight,1577,265,None
515,879,265,None,1570,265,MoveLeft
516,886,265,MoveRight,1570,265,None
516,886,265,None,1563,265,MoveLeft
517,893,265,MoveRight,1563,265,None
517,893,265,None,1556,265,MoveLeft
518,900,265,MoveRight,1556,265,None
518,900,265,None,1549,265,MoveLeft
519,907,265,MoveRight,1549,265,None
519,907,265,None,1542,265,MoveLeft
520,914,265,MoveRight,1542,265,None
520,914,265,None,1535,265,MoveLeft
521,914,265,None,1528,265,MoveLeft
522,914,265,None,1521,265,MoveLeft
523,914,265,None,1514,265,MoveLeft
524,914,265,None,1507,265,MoveLeft
525,907,265,MoveLeft,1507,265,None
525,907,265,None,1500,265,MoveLeft
526,900,265,MoveLeft,1500,265,None
526,900,265,None,1493,265,MoveLeft
527,893,265,MoveLeft,1493,265,None
527,893,265,None,1486,265,MoveLeft
528,886,265,MoveLeft,1486,265,None
528,886,265,None,1479,265,MoveLeft
529,879,265,MoveLeft,1479,265,None
529,879,265,None,1472,265,MoveLeft
530,872,265,MoveLeft,1472,265,None
530,872,265,None,1465,265,MoveLeft
531,865,265,MoveLeft,1465,265,None
532,858,265,MoveLeft,1465,265,None
533,851,265,MoveLeft,1465,265,None
534,844,265,MoveLeft,1465,265,None
535,837,265,MoveLeft,1465,265,None
536,830,265,MoveLeft,1465,265,None
537,823,265,MoveLeft,1465,265,None
538,816,265,MoveLeft,1465,265,None
539,809,265,MoveLeft,1465,265,None
540,802,265,MoveLeft,1465,265,None
541,795,265,MoveLeft,1465,265,None
542,788,265,MoveLeft,1465,265,None
543,781,265,MoveLeft,1465,265,None
549,781,265,None,1465,265,SpikeLight
549,781,265,None,1465,265,None
551,788,265,MoveRight,1465,265,None
552,795,265,MoveRight,1465,265,None
553,802,265,MoveRight,1465,265,None
554,809,265,MoveRight,1465,265,None
555,816,265,MoveRight,1465,265,None
556,823,265,MoveRight,1465,265,None
557,830,265,MoveRight,1465,265,None
558,837,265,MoveRight,1465,265,None
559,844,265,MoveRight,1465,265,None
559,844,265,None,1472,265,MoveRight
560,851,265,MoveRight,1472,265,None
560,851,265,None,1479,265,MoveRight
561,858,265,MoveRight,1479,265,None
561,858,265,None,1486,265,MoveRight
562,865,265,MoveRight,1486,265,None
562,865,265,None,1493,265,MoveRight
563,872,265,MoveRight,1493,265,None
563,872,265,None,1500,265,MoveRight
564,879,265,MoveRight,1500,265,None
564,879,265,None,1507,265,MoveRight
565,886,265,MoveRight,1507,265,None
565,886,265,None,1514,265,MoveRight
566,893,265,MoveRight,1514,265,None
566,893,265,None,1521,265,MoveRight
567,900,265,MoveRight,1521,265,None
567,900,265,None,1528,265,MoveRight
568,907,265,MoveRight,1528,265,None
568,907,265,None,1535,265,MoveRight
569,914,265,MoveRight,1535,265,None
569,914,265,None,1542,265,MoveRight
570,921,265,MoveRight,1542,265,None
570,921,265,None,1549,265,MoveRight
571,928,265,MoveRight,1549,265,None
571,928,265,None,1556,265,MoveRight
572,935,265,MoveRight,1556,265,None
572,935,265,None,1563,265,MoveRight
573,942,265,MoveRight,1563,265,None
573,942,265,None,1570,265,MoveRight
574,949,265,MoveRight,1570,265,None
574,949,265,None,1577,265,MoveRight
575,956,265,MoveRight,1577,265,None
575,956,265,None,1584,265,MoveRight
576,963,265,MoveRight,1584,265,None
576,963,265,None,1591,265,MoveRight
577,970,265,MoveRight,1591,265,None
577,970,265,None,1598,265,MoveRight
578,977,265,MoveRight,1598,265,None
578,977,265,None,1605,265,MoveRight
579,984,265,MoveRight,1605,265,None
579,984,265,None,1612,265,MoveRight
580,991,265,MoveRight,1612,265,None
580,991,265,None,1619,265,MoveRight
581,998,265,MoveRight,1619,265,None
581,998,265,None,1626,265,MoveRight
582,1005,265,MoveRight,1626,265,None
582,1005,265,None,1633,265,MoveRight
583,1012,265,MoveRight,1633,265,None
583,1012,265,None,1640,265,MoveRight
584,1019,265,MoveRight,1640,265,None
584,1019,265,None,1647,265,MoveRight
585,1026,265,MoveRight,1647,265,None
585,1026,265,None,1654,265,MoveRight
586,1033,265,MoveRight,1654,265,None
586,1033,265,None,1661,265,MoveRight
587,1040,265,MoveRight,1661,265,None
587,1040,265,None,1668,265,MoveRight
588,1047,265,MoveRight,1668,265,None
588,1047,265,None,1675,265,MoveRight
589,1054,265,MoveRight,1675,265,None
589,1054,265,None,1682,265,MoveRight
590,1061,265,MoveRight,1682,265,None
590,1061,265,None,1689,265,MoveRight
591,1068,265,MoveRight,1689,265,None
591,1068,265,None,1696,265,MoveRight
592,1075,265,MoveRight,1696,265,None
592,1075,265,None,1703,265,MoveRight
593,1082,265,MoveRight,1703,265,None
593,1082,265,None,1710,265,MoveRight
594,1082,265,None,1717,265,MoveRight
595,1082,265,None,1724,265,MoveRight
596,1082,265,None,1724,265,None
597,1082,265,None,1724,265,None
598,1082,265,None,1724,265,None
599,1082,265,None,1724,265,None
600,1082,265,None,1724,265,None
601,1082,265,None,1724,265,None
602,1082,265,None,1724,265,None
603,1089,265,MoveRight,1724,265,None
603,1089,265,None,1724,265,None
604,1096,265,MoveRight,1724,265,None
604,1096,265,None,1724,265,None
605,1103,265,MoveRight,1724,265,None
605,1103,265,None,1724,265,None
606,1103,265,Bump,1724,265,None
606,1110,265,MoveRight,1724,265,None
606,1110,265,None,1724,265,None
607,1110,265,None,1717,265,MoveLeft
608,1110,265,None,1710,265,MoveLeft
609,1110,265,None,1703,265,MoveLeft
610,1110,265,None,1696,265,MoveLeft
611,1110,265,None,1689,265,MoveLeft
612,1110,265,None,1682,265,MoveLeft
613,1110,265,None,1675,265,MoveLeft
614,1110,265,None,1668,265,MoveLeft
615,1110,265,None,1661,265,MoveLeft
616,1110,265,None,1654,265,MoveLeft
617,1110,265,None,1647,265,MoveLeft
625,1103,265,MoveLeft,1647,265,None
626,1096,265,MoveLeft,1647,265,None
627,1089,265,MoveLeft,1647,265,None
628,1082,265,MoveLeft,1647,265,None
629,1075,265,MoveLeft,1647,265,None
630,1068,265,MoveLeft,1647,265,None
631,1061,265,MoveLeft,1647,265,None
632,1054,265,MoveLeft,1647,265,None
633,1047,265,MoveLeft,1647,265,None
634,1040,265,MoveLeft,1647,265,None
635,1033,265,MoveLeft,1647,265,None
636,1026,265,MoveLeft,1647,265,None
637,1019,265,MoveLeft,1647,265,None
638,1012,265,MoveLeft,1647,265,None
639,1005,265,MoveLeft,1647,265,None
640,998,265,MoveLeft,1647,265,None
641,991,265,MoveLeft,1647,265,None
642,984,265,MoveLeft,1647,265,None
643,977,265,MoveLeft,1647,265,None
644,970,265,MoveLeft,1647,265,None
645,963,265,MoveLeft,1647,265,None
646,956,265,MoveLeft,1647,265,None
647,949,265,MoveLeft,1647,265,None
648,942,265,MoveLeft,1647,265,None
649,935,265,MoveLeft,1647,265,None
650,928,265,MoveLeft,1647,265,None
651,921,265,MoveLeft,1647,265,None
652,914,265,MoveLeft,1647,265,None
653,907,265,MoveLeft,1647,265,None
654,900,265,MoveLeft,1647,265,None
655,893,265,MoveLeft,1647,265,None
656,886,265,MoveLeft,1647,265,None
657,879,265,MoveLeft,1647,265,None
658,872,265,MoveLeft,1647,265,None
659,865,265,MoveLeft,1647,265,None
674,872,265,MoveRight,1647,265,None
675,879,265,MoveRight,1647,265,None
676,886,265,MoveRight,1647,265,None
677,893,265,MoveRight,1647,265,None
678,900,265,MoveRight,1647,265,None
679,907,265,MoveRight,1647,265,None
680,914,265,MoveRight,1647,265,None
681,921,265,MoveRight,1647,265,None
682,928,265,MoveRight,1647,265,None
683,935,265,MoveRight,1647,265,None
684,942,265,MoveRight,1647,265,None
685,949,265,MoveRight,1647,265,None
686,956,265,MoveRight,1647,265,None
687,963,265,MoveRight,1647,265,None
688,970,265,MoveRight,1647,265,None
689,977,265,MoveRight,1647,265,None
705,977,265,None,1647,265,SpikeLight
705,977,265,None,1647,265,None
715,977,265,None,1654,265,MoveRight
716,984,265,MoveRight,1654,265,None
716,984,265,None,1661,265,MoveRight
717,991,265,MoveRight,1661,265,None
717,991,265,None,1668,265,MoveRight
718,998,265,MoveRight,1668,265,None
718,998,265,None,1675,265,MoveRight
719,1005,265,MoveRight,1675,265,None
719,1005,265,None,1682,265,MoveRight
720,1012,265,MoveRight,1682,265,None
720,1012,265,None,1689,265,MoveRight
721,1019,265,MoveRight,1689,265,None
721,1019,265,None,1696,265,MoveRight
722,1026,265,MoveRight,1696,265,None
722,1026,265,None,1703,265,MoveRight
723,1033,265,MoveRight,1703,265,None
723,1033,265,None,1710,265,MoveRight
724,1040,265,MoveRight,1710,265,None
724,1040,265,None,1717,265,MoveRight
725,1047,265,MoveRight,1717,265,None
725,1047,265,None,1724,265,MoveRight
726,1047,265,None,1724,265,None
727,1047,265,None,1724,265,None
728,1047,265,None,1724,265,None
729,1047,265,None,1724,265,None
730,1047,265,None,1724,265,None
731,1047,265,None,1724,265,None
732,1047,265,None,1724,265,None
733,1047,265,None,1724,265,None
734,1047,265,None,1724,265,None
735,1047,265,None,1724,265,None
736,1047,265,None,1724,265,None
737,1047,265,None,1724,265,None
738,1047,265,None,1724,265,None
739,1047,265,None,1724,265,None
740,1047,265,None,1724,265,None
741,1047,265,None,1724,265,None
742,1047,265,None,1724,265,None
743,1047,265,None,1724,265,None
744,1047,265,None,1724,265,None
745,1047,265,None,1724,265,None
746,1047,265,None,1724,265,None
747,1047,265,None,1724,265,None
748,1047,265,None,1724,265,None
749,1047,265,None,1724,265,None
750,1047,265,None,1724,265,None
751,1047,265,None,1724,265,None
752,1047,265,None,1724,265,None
753,1047,265,None,1724,265,None
754,1047,265,None,1724,265,None
755,1047,265,None,1724,265,None
756,1047,265,None,1724,265,None
757,1047,265,None,1724,265,None
758,1047,265,None,1724,265,None
759,1047,265,None,1724,265,None
760,1047,265,None,1724,265,None
761,1047,265,None,1724,265,None
762,1047,265,None,1724,265,None
763,1047,265,None,1724,265,None
764,1047,265,None,1724,265,None
765,1047,265,None,1724,265,None
766,1047,265,None,1724,265,None
767,1047,265,None,1724,265,None
768,1047,265,None,1724,265,None
769,1047,265,None,1724,265,None
770,1047,265,None,1724,265,None
771,1047,265,None,1724,265,None
772,1047,265,None,1724,265,None
773,1047,265,None,1724,265,None
774,1047,265,None,1724,265,None
775,1047,265,None,1724,265,None
776,1047,265,None,1724,265,None
777,1047,265,None,1724,265,None
778,1047,265,None,1724,265,None
779,1047,265,None,1724,265,None
780,1047,265,None,1724,265,None
781,1047,265,None,1724,265,None
782,1047,265,None,1724,265,None
783,1047,265,None,1724,265,None
784,1047,265,None,1724,265,None
785,1047,265,None,1724,265,None
786,1047,265,None,1724,265,None
787,1047,265,None,1724,265,None
788,1047,265,None,1724,265,None
789,1047,265,None,1724,265,None
790,1047,265,None,1724,265,None
791,1047,265,None,1724,265,None
792,1047,265,None,1724,265,None
793,1047,265,None,1724,265,None
794,1047,265,None,1724,265,None
795,1047,265,None,1724,265,None
796,1047,265,None,1724,265,None
797,1047,265,None,1724,265,None
798,1047,265,None,1724,265,None
799,1047,265,None,1724,265,None
800,1047,265,None,1724,265,None
801,1047,265,None,1724,265,None
802,1047,265,None,1724,265,None
803,1047,265,None,1724,265,None
804,1047,265,None,1724,265,None
805,1047,265,None,1724,265,None
806,1047,265,None,1724,265,None
807,1047,265,None,1724,265,None
808,1047,265,None,1724,265,None
809,1047,265,None,1724,265,None
810,1047,265,None,1724,265,None
811,1040,265,MoveLeft,1724,265,None
811,1040,265,None,1724,265,None
812,1033,265,MoveLeft,1724,265,None
812,1033,265,None,1724,265,None
813,1033,265,Bump,1724,265,None
813,1026,265,MoveLeft,1724,265,None
813,1026,265,None,1724,265,None
814,1026,265,None,1717,265,MoveLeft
815,1026,265,None,1710,265,MoveLeft
816,1026,265,None,1703,265,MoveLeft
817,1026,265,None,1696,265,MoveLeft
818,1026,265,None,1689,265,MoveLeft
819,1026,265,None,1682,265,MoveLeft
820,1026,265,None,1675,265,MoveLeft
821,1026,265,None,1668,265,MoveLeft
822,1026,265,None,1661,265,MoveLeft
823,1026,265,None,1654,265,MoveLeft
824,1026,265,None,1647,265,MoveLeft
825,1026,265,None,1640,265,MoveLeft
826,1026,265,None,1633,265,MoveLeft
827,1026,265,None,1626,265,MoveLeft
828,1026,265,None,1619,265,MoveLeft
829,1026,265,None,1612,265,MoveLeft
830,1026,265,None,1605,265,MoveLeft
831,1026,265,None,1598,265,MoveLeft
832,1026,265,None,1591,265,MoveLeft
833,1026,265,None,1584,265,MoveLeft
834,1026,265,None,1577,265,MoveLeft
835,1026,265,None,1570,265,MoveLeft
836,1026,265,None,1563,265,MoveLeft
855,1033,265,MoveRight,1563,265,None
856,1040,265,MoveRight,1563,265,None
857,1047,265,MoveRight,1563,265,None
858,1054,265,MoveRight,1563,265,None
859,1061,265,MoveRight,1563,265,None
860,1068,265,MoveRight,1563,265,None
861,1075,265,MoveRight,1563,265,None
862,1082,265,MoveRight,1563,265,None
872,1089,265,MoveRight,1563,265,None
873,1096,265,MoveRight,1563,265,None
874,1103,265,MoveRight,1563,265,None
875,1110,265,MoveRight,1563,265,None
876,1117,265,MoveRight,1563,265,None
877,1124,265,MoveRight,1563,265,None
878,1131,265,MoveRight,1563,265,None
879,1138,265,MoveRight,1563,265,None
880,1145,265,MoveRight,1563,265,None
881,1152,265,MoveRight,1563,265,None
882,1159,265,MoveRight,1563,265,None
883,1166,265,MoveRight,1563,265,None
884,1173,265,MoveRight,1563,265,None
887,1166,265,MoveLeft,1563,265,None
888,1159,265,MoveLeft,1563,265,None
889,1152,265,MoveLeft,1563,265,None
890,1145,265,MoveLeft,1563,265,None
891,1138,265,MoveLeft,1563,265,None
892,1131,265,MoveLeft,1563,265,None
893,1124,265,MoveLeft,1563,265,None
894,1117,265,MoveLeft,1563,265,None
895,1110,265,MoveLeft,1563,265,None
896,1103,265,MoveLeft,1563,265,None
897,1096,265,MoveLeft,1563,265,None
898,1089,265,MoveLeft,1563,265,None
899,1082,265,MoveLeft,1563,265,None
900,1075,265,MoveLeft,1563,265,None
901,1068,265,MoveLeft,1563,265,None
902,1061,265,MoveLeft,1563,265,None
903,1054,265,MoveLeft,1563,265,None
904,1047,265,MoveLeft,1563,265,None
905,1040,265,MoveLeft,1563,265,None
906,1033,265,MoveLeft,1563,265,None
907,1026,265,MoveLeft,1563,265,None
908,1019,265,MoveLeft,1563,265,None
909,1012,265,MoveLeft,1563,265,None
910,1005,265,MoveLeft,1563,265,None
911,1005,265,None,1563,265,SpikeLight
911,998,265,MoveLeft,1563,265,None
911,998,265,None,1563,265,None
912,991,265,MoveLeft,1563,265,None
913,984,265,MoveLeft,1563,265,None
921,991,265,MoveRight,1563,265,None
921,991,265,None,1570,265,MoveRight
922,998,265,MoveRight,1570,265,None
922,998,265,None,1577,265,MoveRight
923,1005,265,MoveRight,1577,265,None
923,1005,265,None,1584,265,MoveRight
924,1012,265,MoveRight,1584,265,None
924,1012,265,None,1591,265,MoveRight
925,1019,265,MoveRight,1591,265,None
925,1019,265,None,1598,265,MoveRight
926,1026,265,MoveRight,1598,265,None
926,1026,265,None,1605,265,MoveRight
927,1033,265,MoveRight,1605,265,None
927,1033,265,None,1612,265,MoveRight
928,1040,265,MoveRight,1612,265,None
928,1040,265,None,1619,265,MoveRight
929,1047,265,MoveRight,1619,265,None
929,1047,265,None,1626,265,MoveRight
930,1054,265,MoveRight,1626,265,None
930,1054,265,None,1633,265,MoveRight
931,1061,265,MoveRight,1633,265,None
931,1061,265,None,1640,265,MoveRight
932,1068,265,MoveRight,1640,265,None
932,1068,265,None,1647,265,MoveRight
933,1075,265,MoveRight,1647,265,None
933,1075,265,None,1654,265,MoveRight
934,1082,265,MoveRight,1654,265,None
934,1082,265,None,1661,265,MoveRight
935,1089,265,MoveRight,1661,265,None
935,1089,265,None,1668,265,MoveRight
936,1096,265,MoveRight,1668,265,None
936,1096,265,None,1675,265,MoveRight
937,1103,265,MoveRight,1675,265,None
937,1103,265,None,1682,265,MoveRight
938,1110,265,MoveRight,1682,265,None
938,1110,265,None,1689,265,MoveRight
939,1117,265,MoveRight,1689,265,None
939,1117,265,None,1696,265,MoveRight
940,1124,265,MoveRight,1696,265,None
940,1124,265,None,1703,265,MoveRight
941,1131,265,MoveRight,1703,265,None
941,1131,265,None,1710,265,MoveRight
942,1138,265,MoveRight,1710,265,None
942,1138,265,None,1717,265,MoveRight
943,1145,265,MoveRight,1717,265,None
943,1145,265,None,1724,265,MoveRight
944,1152,265,MoveRight,1724,265,None
944,1152,265,None,1724,265,None
945,1159,265,MoveRight,1724,265,None
945,1159,265,None,1724,265,None
946,1166,265,MoveRight,1724,265,None
946,1166,265,None,1724,265,None
947,1173,265,MoveRight,1724,265,None
947,1173,265,None,1724,265,None
948,1180,265,MoveRight,1724,265,None
948,1180,265,None,1724,265,None
949,1187,265,MoveRight,1724,265,None
949,1187,265,None,1724,265,None
950,1194,265,MoveRight,1724,265,None
950,1194,265,None,1724,265,None
951,1201,265,MoveRight,1724,265,None
951,1201,265,None,1724,265,None
952,1201,265,None,1724,265,None
953,1201,265,None,1724,265,None
954,1201,265,None,1724,265,None
955,1201,265,None,1724,265,None
956,1201,265,None,1724,265,None
957,1201,265,None,1724,265,None
958,1201,265,None,1724,265,None
959,1201,265,None,1724,265,None
960,1201,265,None,1724,265,None
961,1201,265,None,1724,265,None
962,1201,265,None,1724,265,None
963,1201,265,None,1724,265,None
964,1201,265,None,1724,265,None
965,1201,265,None,1724,265,None
966,1201,265,None,1724,265,None
967,1201,265,None,1724,265,None
968,1201,265,None,1724,265,None
969,1201,265,None,1724,265,None
970,1201,265,None,1724,265,None
971,1201,265,None,1724,265,None
972,1201,284.62,None,1724,265,None
972,1201,284.62,None,1724,265,None
973,1201,304.24,None,1724,265,None
974,1201,314.05,None,1724,265,None
975,1201,323.86,None,1724,265,None
1026,970,294.43,None,2410,265,Serve
1026,970,294.43,None,2410,265,None
1030,970,265,None,2410,265,None
1045,970,265,None,2403,265,MoveLeft
1046,970,265,None,2396,265,MoveLeft
1047,970,265,None,2389,265,MoveLeft
1048,970,265,None,2382,265,MoveLeft
1049,970,265,None,2375,265,MoveLeft
1050,970,265,None,2368,265,MoveLeft
1051,970,265,None,2361,265,MoveLeft
1052,970,265,None,2354,265,MoveLeft
1053,970,265,None,2347,265,MoveLeft
1054,970,265,None,2340,265,MoveLeft
1055,970,265,None,2333,265,MoveLeft
1056,970,265,None,2326,265,MoveLeft
1057,970,265,None,2319,265,MoveLeft
1058,970,265,None,2312,265,MoveLeft
1059,970,265,None,2305,265,MoveLeft
1060,970,265,None,2298,265,MoveLeft
1061,970,265,None,2291,265,MoveLeft
1062,970,265,None,2284,265,MoveLeft
1063,970,265,None,2277,265,MoveLeft
1064,970,265,None,2270,265,MoveLeft
1065,970,265,None,2263,265,MoveLeft
1066,970,265,None,2256,265,MoveLeft
1067,970,265,None,2249,265,MoveLeft
1068,970,265,None,2242,265,MoveLeft
1069,970,265,None,2235,265,MoveLeft
1070,977,265,MoveRight,2235,265,None
1070,977,265,None,2228,265,MoveLeft
1071,984,265,MoveRight,2228,265,None
1071,984,265,None,2221,265,MoveLeft
1072,991,265,MoveRight,2221,265,None
1072,991,265,None,2214,265,MoveLeft
1073,998,265,MoveRight,2214,265,None
1073,998,265,None,2207,265,MoveLeft
1074,1005,265,MoveRight,2207,265,None
1074,1005,265,None,2200,265,MoveLeft
1075,1012,265,MoveRight,2200,265,None
1075,1012,265,None,2193,265,MoveLeft
1076,1012,265,None,2186,265,MoveLeft
1077,1012,265,None,2179,265,MoveLeft
1078,1012,265,None,2172,265,MoveLeft
1079,1012,265,None,2165,265,MoveLeft
1080,1012,265,None,2158,265,MoveLeft
1081,1005,265,MoveLeft,2158,265,None
1081,1005,265,None,2151,265,MoveLeft
1082,998,265,MoveLeft,2151,265,None
1082,998,265,None,2144,265,MoveLeft
1083,991,265,MoveLeft,2144,265,None
1083,991,265,None,2137,265,MoveLeft
1084,984,265,MoveLeft,2137,265,None
1084,984,265,None,2130,265,MoveLeft
1085,977,265,MoveLeft,2130,265,None
1085,977,265,None,2123,265,MoveLeft
1086,970,265,MoveLeft,2123,265,None
1086,970,265,None,2116,265,MoveLeft
1087,963,265,MoveLeft,2116,265,None
1087,963,265,None,2109,265,MoveLeft
1088,956,265,MoveLeft,2109,265,None
1088,956,265,None,2102,265,MoveLeft
1089,949,265,MoveLeft,2102,265,None
1089,949,265,None,2095,265,MoveLeft
1090,942,265,MoveLeft,2095,265,None
1090,942,265,None,2088,265,MoveLeft
1091,935,265,MoveLeft,2088,265,None
1091,935,265,None,2081,265,MoveLeft
1092,928,265,MoveLeft,2081,265,None
1092,928,265,None,2074,265,MoveLeft
1093,921,265,MoveLeft,2074,265,None
1093,921,265,None,2067,265,MoveLeft
1094,914,265,MoveLeft,2067,265,None
1094,914,265,None,2060,265,MoveLeft
1095,907,265,MoveLeft,2060,265,None
1095,907,265,None,2053,265,MoveLeft
1096,900,265,MoveLeft,2053,265,None
1096,900,265,None,2046,265,MoveLeft
1097,900,265,Bump,2046,265,None
1097,893,265,MoveLeft,2046,265,None
1097,893,265,None,2039,265,MoveLeft
1098,893,265,None,2032,265,MoveLeft
1099,893,265,None,2025,265,MoveLeft
1100,893,265,None,2018,265,MoveLeft
1101,893,265,None,2011,265,MoveLeft
1102,893,265,None,2004,265,MoveLeft
1103,893,265,None,1997,265,MoveLeft
1104,893,265,None,1990,265,MoveLeft
1105,893,265,None,1983,265,MoveLeft
1106,893,265,None,1976,265,MoveLeft
1107,893,265,None,1969,265,MoveLeft
1108,893,265,None,1962,265,MoveLeft
1109,893,265,None,1955,265,MoveLeft
1110,893,265,None,1948,265,MoveLeft
1111,893,265,None,1941,265,MoveLeft
1112,893,265,None,1934,265,MoveLeft
1113,893,265,None,1927,265,MoveLeft
1114,893,265,None,1920,265,MoveLeft
1115,893,265,None,1913,265,MoveLeft
1116,900,265,MoveRight,1913,265,None
1116,900,265,None,1906,265,MoveLeft
1117,907,265,MoveRight,1906,265,None
1117,907,265,None,1899,265,MoveLeft
1118,914,265,MoveRight,1899,265,None
1118,914,265,None,1892,265,MoveLeft
1119,921,265,MoveRight,1892,265,None
1119,921,265,None,1885,265,MoveLeft
1120,928,265,MoveRight,1885,265,None
1120,928,265,None,1878,265,MoveLeft
1121,935,265,MoveRight,1878,265,None
1121,935,265,None,1871,265,MoveLeft
1122,942,265,MoveRight,1871,265,None
1122,942,265,None,1864,265,MoveLeft
1123,949,265,MoveRight,1864,265,None
1123,949,265,None,1857,265,MoveLeft
1124,956,265,MoveRight,1857,265,None
1124,956,265,None,1850,265,MoveLeft
1125,963,265,MoveRight,1850,265,None
1125,963,265,None,1843,265,MoveLeft
1126,970,265,MoveRight,1843,265,None
1126,970,265,None,1836,265,MoveLeft
1127,977,265,MoveRight,1836,265,None
1127,977,265,None,1829,265,MoveLeft
1128,984,265,MoveRight,1829,265,None
1128,984,265,None,1822,265,MoveLeft
1129,991,265,MoveRight,1822,265,None
1129,991,265,None,1815,265,MoveLeft
1130,998,265,MoveRight,1815,265,None
1130,998,265,None,1808,265,MoveLeft
1131,1005,265,MoveRight,1808,265,None
1131,1005,265,None,1801,265,MoveLeft
1132,1012,265,MoveRight,1801,265,None
1132,1012,265,None,1794,265,MoveLeft
1133,1019,265,MoveRight,1794,265,None
1133,1019,265,None,1787,265,MoveLeft
1134,1019,265,None,1780,265,MoveLeft
1135,1019,265,None,1773,265,MoveLeft
1136,1019,265,None,1766,265,MoveLeft
1137,1019,265,None,1759,265,MoveLeft
1138,1019,265,None,1752,265,MoveLeft
1139,1019,265,None,1745,265,MoveLeft
1140,1019,265,None,1738,265,MoveLeft
1141,1012,265,MoveLeft,1738,265,None
1141,1012,265,None,1731,265,MoveLeft
1142,1005,265,MoveLeft,1731,265,None
1142,1005,265,None,1724,265,MoveLeft
1143,998,265,MoveLeft,1724,265,None
1143,998,265,None,1717,265,MoveLeft
1144,991,265,MoveLeft,1717,265,None
1144,991,265,None,1710,265,MoveLeft
1145,984,265,MoveLeft,1710,265,None
1145,984,265,None,1703,265,MoveLeft
1146,977,265,MoveLeft,1703,265,None
1146,977,265,None,1696,265,MoveLeft
1147,970,265,MoveLeft,1696,265,None
1147,970,265,None,1689,265,MoveLeft
1148,963,265,MoveLeft,1689,265,None
1148,963,265,None,1682,265,MoveLeft
1149,956,265,MoveLeft,1682,265,None
1149,956,265,None,1675,265,MoveLeft
1150,949,265,MoveLeft,1675,265,None
1150,949,265,None,1668,265,MoveLeft
1151,942,265,MoveLeft,1668,265,None
1151,942,265,None,1661,265,MoveLeft
1152,935,265,MoveLeft,1661,265,None
1152,935,265,None,1654,265,MoveLeft
1153,928,265,MoveLeft,1654,265,None
1153,928,265,None,1647,265,MoveLeft
1154,921,265,MoveLeft,1647,265,None
1154,921,265,None,1640,265,MoveLeft
1155,914,265,MoveLeft,1640,265,None
1155,914,265,None,1633,265,MoveLeft
1156,907,265,MoveLeft,1633,265,None
1156,907,265,None,1626,265,MoveLeft
1157,900,265,MoveLeft,1626,265,None
1157,900,265,None,1619,265,MoveLeft
1158,893,265,MoveLeft,1619,265,None
1158,893,265,None,1612,265,MoveLeft
1159,886,265,MoveLeft,1612,265,None
1159,886,265,None,1605,265,MoveLeft
1160,879,265,MoveLeft,1605,265,None
1160,879,265,None,1598,265,MoveLeft
1161,879,265,None,1591,265,MoveLeft
1162,879,265,None,1584,265,MoveLeft
1163,879,265,None,1577,265,MoveLeft
1164,879,265,None,1570,265,MoveLeft
1165,879,265,None,1563,265,MoveLeft
1166,879,265,None,1556,265,MoveLeft
1167,879,265,None,1549,265,MoveLeft
1168,879,265,None,1542,265,MoveLeft
1169,879,265,None,1535,265,MoveLeft
1170,879,265,None,1528,265,MoveLeft
1171,879,265,None,1521,265,MoveLeft
1172,879,265,None,1514,265,MoveLeft
1173,879,265,None,1507,265,MoveLeft
1174,879,265,None,1500,265,MoveLeft
1175,879,265,None,1493,265,MoveLeft
1176,879,265,None,1486,265,MoveLeft
1177,879,265,None,1479,265,MoveLeft
1178,879,265,None,1472,265,MoveLeft
1179,879,265,None,1465,265,MoveLeft
1198,879,265,None,1465,265,SpikeLight
1198,879,265,None,1465,265,None
1205,886,265,MoveRight,1465,265,None
1206,893,265,MoveRight,1465,265,None
1207,900,265,MoveRight,1465,265,None
1208,907,265,MoveRight,1465,265,None
1208,907,265,None,1472,265,MoveRight
1209,914,265,MoveRight,1472,265,None
1209,914,265,None,1479,265,MoveRight
1210,921,265,MoveRight,1479,265,None
1210,921,265,None,1486,265,MoveRight
1211,928,265,MoveRight,1486,265,None
1211,928,265,None,1493,265,MoveRight
1212,935,265,MoveRight,1493,265,None
1212,935,265,None,1500,265,MoveRight
1213,942,265,MoveRight,1500,265,None
1213,942,265,None,1507,265,MoveRight
1214,949,265,MoveRight,1507,265,None
1214,949,265,None,1514,265,MoveRight
1215,956,265,MoveRight,1514,265,None
1215,956,265,None,1521,265,MoveRight
1216,963,265,MoveRight,1521,265,None
1216,963,265,None,1528,265,MoveRight
1217,970,265,MoveRight,1528,265,None
1217,970,265,None,1535,265,MoveRight
1218,977,265,MoveRight,1535,265,None
1218,977,265,None,1542,265,MoveRight
1219,984,265,MoveRight,1542,265,None
1219,984,265,None,1549,265,MoveRight
1220,991,265,MoveRight,1549,265,None
1220,991,265,None,1556,265,MoveRight
1221,998,265,MoveRight,1556,265,None
1221,998,265,None,1563,265,MoveRight
1222,1005,265,MoveRight,1563,265,None
1222,1005,265,None,1570,265,MoveRight
1223,1012,265,MoveRight,1570,265,None
1223,1012,265,None,1577,265,MoveRight
1224,1019,265,MoveRight,1577,265,None
1224,1019,265,None,1584,265,MoveRight
1225,1026,265,MoveRight,1584,265,None
1225,1026,265,None,1591,265,MoveRight
1226,1026,265,None,1598,265,MoveRight
1227,1026,265,None,1605,265,MoveRight
1228,1033,265,MoveRight,1605,265,None
1228,1033,265,None,1612,265,MoveRight
1229,1040,265,MoveRight,1612,265,None
1229,1040,265,None,1619,265,MoveRight
1230,1047,265,MoveRight,1619,265,None
1230,1047,265,None,1626,265,MoveRight
1231,1054,265,MoveRight,1626,265,None
1231,1054,265,None,1633,265,MoveRight
1232,1061,265,MoveRight,1633,265,None
1232,1061,265,None,1640,265,MoveRight
1233,1068,265,MoveRight,1640,265,None
1233,1068,265,None,1647,265,MoveRight
1234,1075,265,MoveRight,1647,265,None
1234,1075,265,None,1654,265,MoveRight
1235,1082,265,MoveRight,1654,265,None
1235,1082,265,None,1661,265,MoveRight
1236,1089,265,MoveRight,1661,265,None
1236,1089,265,None,1668,265,MoveRight
1237,1096,265,MoveRight,1668,265,None
1237,1096,265,None,1675,265,MoveRight
1238,1096,265,None,1682,265,MoveRight
1239,1096,265,None,1689,265,MoveRight
1240,1096,265,None,1696,265,MoveRight
1241,1096,265,None,1703,265,MoveRight
1242,1096,265,None,1710,265,MoveRight
1243,1096,265,None,1717,265,MoveRight
1244,1096,265,None,1724,265,MoveRight
1245,1096,265,None,1724,265,None
1246,1096,265,None,1724,265,None
1247,1096,265,None,1724,265,None
1248,1096,265,None,1724,265,None
1249,1096,265,None,1724,265,None
1250,1096,265,None,1724,265,None
1251,1096,265,None,1724,265,None
1252,1096,265,None,1724,265,None
1253,1096,265,None,1724,265,None
1254,1096,265,None,1724,265,None
1255,1096,265,None,1724,265,None
1256,1096,265,Bump,1724,265,None
1256,1103,265,MoveRight,1724,265,None
1256,1103,265,None,1724,265,None
1257,1103,265,None,1717,265,MoveLeft
1258,1103,265,None,1710,265,MoveLeft
1259,1103,265,None,1703,265,MoveLeft
1260,1103,265,None,1696,265,MoveLeft
1261,1103,265,None,1689,265,MoveLeft
1262,1103,265,None,1682,265,MoveLeft
1263,1103,265,None,1675,265,MoveLeft
1264,1103,265,None,1668,265,MoveLeft
1265,1103,265,None,1661,265,MoveLeft
1266,1103,265,None,1654,265,MoveLeft
1267,1103,265,None,1647,265,MoveLeft
1275,1110,265,MoveRight,1647,265,None
1276,1117,265,MoveRight,1647,265,None
1277,1124,265,MoveRight,1647,265,None
1279,1117,265,MoveLeft,1647,265,None
1280,1110,265,MoveLeft,1647,265,None
1281,1103,265,MoveLeft,1647,265,None
1282,1096,265,MoveLeft,1647,265,None
1283,1089,265,MoveLeft,1647,265,None
1284,1082,265,MoveLeft,1647,265,None
1285,1075,265,MoveLeft,1647,265,None
1286,1068,265,MoveLeft,1647,265,None
1287,1061,265,MoveLeft,1647,265,None
1288,1054,265,MoveLeft,1647,265,None
1289,1047,265,MoveLeft,1647,265,None
1290,1040,265,MoveLeft,1647,265,None
1291,1033,265,MoveLeft,1647,265,None
1292,1026,265,MoveLeft,1647,265,None
1293,1019,265,MoveLeft,1647,265,None
1294,1012,265,MoveLeft,1647,265,None
1295,1005,265,MoveLeft,1647,265,None
1296,998,265,MoveLeft,1647,265,None
1297,991,265,MoveLeft,1647,265,None
1298,984,265,MoveLeft,1647,265,None
1299,977,265,MoveLeft,1647,265,None
1300,970,265,MoveLeft,1647,265,None
1301,963,265,MoveLeft,1647,265,None
1302,956,265,MoveLeft,1647,265,None
1303,949,265,MoveLeft,1647,265,None
1304,942,265,MoveLeft,1647,265,None
1305,935,265,MoveLeft,1647,265,None
1306,928,265,MoveLeft,1647,265,None
1307,921,265,MoveLeft,1647,265,None
1308,914,265,MoveLeft,1647,265,None
1309,907,265,MoveLeft,1647,265,None
1310,900,265,MoveLeft,1647,265,None
1311,893,265,MoveLeft,1647,265,None
1312,886,265,MoveLeft,1647,265,None
1313,879,265,MoveLeft,1647,265,None
1314,872,265,MoveLeft,1647,265,None
1315,865,265,MoveLeft,1647,265,None
1316,858,265,MoveLeft,1647,265,None
1317,851,265,MoveLeft,1647,265,None
1318,844,265,MoveLeft,1647,265,None
1319,837,265,MoveLeft,1647,265,None
1320,830,265,MoveLeft,1647,265,None
1321,823,265,MoveLeft,1647,265,None
1322,816,265,MoveLeft,1647,265,None
1323,809,265,MoveLeft,1647,265,None
1324,802,265,MoveLeft,1647,265,None
1334,809,265,MoveRight,1647,265,None
1335,816,265,MoveRight,1647,265,None
1336,823,265,MoveRight,1647,265,None
1337,830,265,MoveRight,1647,265,None
1338,837,265,MoveRight,1647,265,None
1339,844,265,MoveRight,1647,265,None
1340,851,265,MoveRight,1647,265,None
1341,858,265,MoveRight,1647,265,None
1356,858,265,None,1647,265,SpikeLight
1356,858,265,None,1647,265,None
1358,865,265,MoveRight,1647,265,None
1359,872,265,MoveRight,1647,265,None
1360,879,265,MoveRight,1647,265,None
1361,886,265,MoveRight,1647,265,None
1367,886,265,None,1654,265,MoveRight
1368,886,265,None,1661,265,MoveRight
1369,879,265,MoveLeft,1661,265,None
1369,879,265,None,1668,265,MoveRight
1370,872,265,MoveLeft,1668,265,None
1370,872,265,None,1675,265,MoveRight
1371,865,265,MoveLeft,1675,265,None
1371,865,265,None,1682,265,MoveRight
1372,858,265,MoveLeft,1682,265,None
1372,858,265,None,1689,265,MoveRight
1373,851,265,MoveLeft,1689,265,None
1373,851,265,None,1696,265,MoveRight
1374,844,265,MoveLeft,1696,265,None
1374,844,265,None,1703,265,MoveRight
1375,837,265,MoveLeft,1703,265,None
1375,837,265,None,1710,265,MoveRight
1376,830,265,MoveLeft,1710,265,None
1376,830,265,None,1717,265,MoveRight
1377,823,265,MoveLeft,1717,265,None
1377,823,265,None,1724,265,MoveRight
1378,816,265,MoveLeft,1724,265,None
1378,816,265,None,1724,265,None
1379,809,265,MoveLeft,1724,265,None
1379,809,265,None,1724,265,None
1380,802,265,MoveLeft,1724,265,None
1380,802,265,None,1724,265,None
1381,802,265,None,1724,265,None
1382,809,265,MoveRight,1724,265,None
1382,809,265,None,1724,265,None
1383,816,265,MoveRight,1724,265,None
1383,816,265,None,1724,265,None
1384,823,265,MoveRight,1724,265,None
1384,823,265,None,1724,265,None
1385,830,265,MoveRight,1724,265,None
1385,830,265,None,1724,265,None
1386,837,265,MoveRight,1724,265,None
1386,837,265,None,1724,265,None
1387,844,265,MoveRight,1724,265,None
1387,844,265,None,1724,265,None
1388,851,265,MoveRight,1724,265,None
1388,851,265,None,1724,265,None
1389,858,265,MoveRight,1724,265,None
1389,858,265,None,1724,265,None
1390,865,265,MoveRight,1724,265,None
1390,865,265,None,1724,265,None
1391,872,265,MoveRight,1724,265,None
1391,872,265,None,1724,265,None
1392,879,265,MoveRight,1724,265,None
1392,879,265,None,1724,265,None
1393,886,265,MoveRight,1724,265,None
1393,886,265,None,1724,265,None
1394,893,265,MoveRight,1724,265,None
1394,893,265,None,1724,265,None
1395,900,265,MoveRight,1724,265,None
1395,900,265,None,1724,265,None
1396,907,265,MoveRight,1724,265,None
1396,907,265,None,1724,265,None
1397,914,265,MoveRight,1724,265,None
1397,914,265,None,1724,265,None
1398,921,265,MoveRight,1724,265,None
1398,921,265,None,1724,265,None
1399,928,265,MoveRight,1724,265,None
1399,928,265,None,1724,265,None
1400,935,265,MoveRight,1724,265,None
1400,935,265,None,1724,265,None
1401,942,265,MoveRight,1724,265,None
1401,942,265,None,1724,265,None
1402,949,265,MoveRight,1724,265,None
1402,949,265,None,1724,265,None
1403,956,265,MoveRight,1724,265,None
1403,956,265,None,1724,265,None
1404,963,265,MoveRight,1724,265,None
1404,963,265,None,1724,265,None
1405,970,265,MoveRight,1724,265,None
1405,970,265,None,1724,265,None
1406,977,265,MoveRight,1724,265,None
1406,977,265,None,1724,265,None
1407,984,265,MoveRight,1724,265,None
1407,984,265,None,1724,265,None
1408,991,265,MoveRight,1724,265,None
1408,991,265,None,1724,265,None
1409,998,265,MoveRight,1724,265,None
1409,998,265,None,1724,265,None
1410,1005,265,MoveRight,1724,265,None
1410,1005,265,None,1724,265,None
1411,1012,265,MoveRight,1724,265,None
1411,1012,265,None,1724,265,None
1412,1019,265,MoveRight,1724,265,None
1412,1019,265,None,1724,265,None
1413,1026,265,MoveRight,1724,265,None
1413,1026,265,None,1724,265,None
1414,1033,265,MoveRight,1724,265,None
1414,1033,265,None,1724,265,None
1415,1040,265,MoveRight,1724,265,None
1415,1040,265,None,1724,265,None
1416,1047,265,MoveRight,1724,265,None
1416,1047,265,None,1724,265,None
1417,1054,265,MoveRight,1724,265,None
1417,1054,265,None,1724,265,None
1418,1061,265,MoveRight,1724,265,None
1418,1061,265,None,1724,265,None
1419,1068,265,MoveRight,1724,265,None
1419,1068,265,None,1724,265,None
1420,1075,265,MoveRight,1724,265,None
1420,1075,265,None,1724,265,None
1421,1082,265,MoveRight,1724,265,None
1421,1082,265,None,1724,265,None
1422,1089,265,MoveRight,1724,265,None
1422,1089,265,None,1724,265,None
1423,1096,265,MoveRight,1724,265,None
1423,1096,265,None,1724,265,None
1424,1103,265,MoveRight,1724,265,None
1424,1103,265,None,1724,265,None
1425,1110,265,MoveRight,1724,265,None
1425,1110,265,None,1724,265,None
1426,1117,265,MoveRight,1724,265,None
1426,1117,265,None,1724,265,None
1427,1124,265,MoveRight,1724,265,None
1427,1124,265,None,1724,265,None
1428,1131,265,MoveRight,1724,265,None
1428,1131,265,None,1724,265,None
1429,1138,265,MoveRight,1724,265,None
1429,1138,265,None,1724,265,None
1430,1145,265,MoveRight,1724,265,None
1430,1145,265,None,1724,265,None
1431,1145,265,None,1724,265,None
1432,1145,265,None,1724,265,None
1433,1145,265,None,1724,265,None
1434,1145,265,None,1724,265,None
1435,1145,265,None,1724,265,None
1436,1145,265,None,1724,265,None
1437,1145,265,None,1724,265,None
1438,1145,265,None,1724,265,None
1439,1145,265,None,1724,265,None
1440,1145,265,None,1724,265,None
1441,1145,265,None,1724,265,None
1442,1145,265,None,1724,265,None
1443,1145,265,None,1724,265,None
1444,1145,265,None,1724,265,None
1445,1145,265,None,1724,265,None
1446,1145,265,None,1724,265,None
1447,1145,265,None,1724,265,None
1448,1145,265,None,1724,265,None
1449,1145,265,None,1724,265,None
1450,1145,265,None,1724,265,None
1451,1145,265,None,1724,265,None
1452,1145,265,None,1724,265,None
1453,1145,265,None,1724,265,None
1454,1145,265,None,1724,265,None
1455,1145,265,None,1724,265,None
1456,1145,265,None,1724,265,None
1457,1138,265,MoveLeft,1724,265,None
1457,1138,265,None,1724,265,None
1458,1131,265,MoveLeft,1724,265,None
1458,1131,265,None,1724,265,None
1459,1124,265,MoveLeft,1724,265,None
1459,1124,265,None,1724,265,None
1460,1117,265,MoveLeft,1724,265,None
1460,1117,265,None,1724,265,None
1461,1110,265,MoveLeft,1724,265,None
1461,1110,265,None,1724,265,None
1462,1103,265,MoveLeft,1724,265,None
1462,1103,265,None,1724,265,None
1463,1096,265,MoveLeft,1724,265,None
1463,1096,265,None,1724,265,None
1464,1089,265,MoveLeft,1724,265,None
1464,1089,265,None,1724,265,None
1465,1082,265,MoveLeft,1724,265,None
1465,1082,265,None,1724,265,None
1466,1075,265,MoveLeft,1724,265,None
1466,1075,265,None,1724,265,None
1467,1068,265,MoveLeft,1724,265,None
1467,1068,265,None,1724,265,None
1468,1061,265,MoveLeft,1724,265,None
1468,1061,265,None,1724,265,None
1469,1061,265,None,1724,265,None
1470,1061,265,None,1724,265,None
1471,1061,265,None,1724,265,None
1472,1061,265,None,1724,265,None
1473,1061,265,None,1724,265,None
1474,1061,265,None,1724,265,None
1475,1061,265,None,1724,265,None
1476,1061,265,None,1724,265,None
1477,1061,265,None,1724,265,None
1478,1061,265,None,1724,265,None
1479,1061,265,None,1724,265,None
1503,330,265,None,1670,265,None
1529,330,265,None,1670,265,None
1541,330,265,Serve,1670,265,None
1541,330,265,None,1670,265,None
1542,330,265,None,1677,265,MoveRight
1543,330,265,None,1684,265,MoveRight
1544,330,265,None,1691,265,MoveRight
1545,330,265,None,1698,265,MoveRight
1546,330,265,None,1705,265,MoveRight
1547,330,265,None,1712,265,MoveRight
1548,330,265,None,1719,265,MoveRight
1549,330,265,None,1726,265,MoveRight
1550,330,265,None,1733,265,MoveRight
1551,330,265,None,1740,265,MoveRight
1552,330,265,None,1747,265,MoveRight
1553,330,265,None,1754,265,MoveRight
1554,330,265,None,1761,265,MoveRight
1555,330,265,None,1768,265,MoveRight
1556,330,265,None,1775,265,MoveRight
1557,330,265,None,1782,265,MoveRight
1558,330,265,None,1789,265,MoveRight
1559,330,265,None,1796,265,MoveRight
1560,337,265,MoveRight,1796,265,None
1560,337,265,None,1803,265,MoveRight
1561,344,265,MoveRight,1803,265,None
1561,344,265,None,1810,265,MoveRight
1562,351,265,MoveRight,1810,265,None
1562,351,265,None,1817,265,MoveRight
1563,358,265,MoveRight,1817,265,None
1563,358,265,None,1824,265,MoveRight
1564,365,265,MoveRight,1824,265,None
1564,365,265,None,1831,265,MoveRight
1565,372,265,MoveRight,1831,265,None
1565,372,265,None,1838,265,MoveRight
1566,379,265,MoveRight,1838,265,None
1566,379,265,None,1845,265,MoveRight
1567,386,265,MoveRight,1845,265,None
1567,386,265,None,1852,265,MoveRight
1568,393,265,MoveRight,1852,265,None
1568,393,265,None,1859,265,MoveRight
1569,400,265,MoveRight,1859,265,None
1569,400,265,None,1866,265,MoveRight
1570,407,265,MoveRight,1866,265,None
1570,407,265,None,1873,265,MoveRight
1571,414,265,MoveRight,1873,265,None
1572,421,265,MoveRight,1873,265,None
1573,428,265,MoveRight,1873,265,None
1574,435,265,MoveRight,1873,265,None
1575,442,265,MoveRight,1873,265,None
1576,449,265,MoveRight,1873,265,None
1577,456,265,MoveRight,1873,265,None
1578,463,265,MoveRight,1873,265,None
1579,470,265,MoveRight,1873,265,None
1580,477,265,MoveRight,1873,265,None
1581,484,265,MoveRight,1873,265,None
1582,491,265,MoveRight,1873,265,None
1583,498,265,MoveRight,1873,265,None
1584,505,265,MoveRight,1873,265,None
1585,512,265,MoveRight,1873,265,None
1586,519,265,MoveRight,1873,265,None
1587,526,265,MoveRight,1873,265,None
1588,533,265,MoveRight,1873,265,None
1589,540,265,MoveRight,1873,265,None
1590,547,265,MoveRight,1873,265,None
1591,554,265,MoveRight,1873,265,None
1592,561,265,MoveRight,1873,265,None
1593,568,265,MoveRight,1873,265,None
1594,575,265,MoveRight,1873,265,None
1595,582,265,MoveRight,1873,265,None
1596,589,265,MoveRight,1873,265,None
1597,596,265,MoveRight,1873,265,None
1598,603,265,MoveRight,1873,265,None
1599,610,265,MoveRight,1873,265,None
1600,617,265,MoveRight,1873,265,None
1601,624,265,MoveRight,1873,265,None
1602,631,265,MoveRight,1873,265,None
1603,638,265,MoveRight,1873,265,None
1604,645,265,MoveRight,1873,265,None
1605,652,265,MoveRight,1873,265,None
1606,659,265,MoveRight,1873,265,None
1607,666,265,MoveRight,1873,265,None
1608,673,265,MoveRight,1873,265,None
1609,680,265,MoveRight,1873,265,None
1610,687,265,MoveRight,1873,265,None
1611,694,265,MoveRight,1873,265,None
1612,701,265,MoveRight,1873,265,None
1613,708,265,MoveRight,1873,265,None
1614,715,265,MoveRight,1873,265,None
1615,715,265,None,1873,265,SpikeMedium
1615,722,265,MoveRight,1873,265,None
1615,722,265,None,1873,265,None
1616,729,265,MoveRight,1873,265,None
1625,736,265,MoveRight,1873,265,None
1625,736,265,None,1866,265,MoveLeft
1626,743,265,MoveRight,1866,265,None
1626,743,265,None,1859,265,MoveLeft
1627,750,265,MoveRight,1859,265,None
1627,750,265,None,1852,265,MoveLeft
1628,757,265,MoveRight,1852,265,None
1628,757,265,None,1845,265,MoveLeft
1629,764,265,MoveRight,1845,265,None
1629,764,265,None,1838,265,MoveLeft
1630,771,265,MoveRight,1838,265,None
1630,771,265,None,1831,265,MoveLeft
1631,778,265,MoveRight,1831,265,None
1631,778,265,None,1824,265,MoveLeft
1632,785,265,MoveRight,1824,265,None
1632,785,265,None,1817,265,MoveLeft
1633,792,265,MoveRight,1817,265,None
1633,792,265,None,1810,265,MoveLeft
1634,799,265,MoveRight,1810,265,None
1634,799,265,None,1803,265,MoveLeft
1635,806,265,MoveRight,1803,265,None
1635,806,265,None,1796,265,MoveLeft
1636,813,265,MoveRight,1796,265,None
1636,813,265,None,1789,265,MoveLeft
1637,820,265,MoveRight,1789,265,None
1637,820,265,None,1782,265,MoveLeft
1638,827,265,MoveRight,1782,265,None
1638,827,265,None,1775,265,MoveLeft
1639,834,265,MoveRight,1775,265,None
1639,834,265,None,1768,265,MoveLeft
1640,841,265,MoveRight,1768,265,None
1640,841,265,None,1761,265,MoveLeft
1641,848,265,MoveRight,1761,265,None
1641,848,265,None,1754,265,MoveLeft
1642,855,265,MoveRight,1754,265,None
1642,855,265,None,1747,265,MoveLeft
1643,862,265,MoveRight,1747,265,None
1643,862,265,None,1740,265,MoveLeft
1644,869,265,MoveRight,1740,265,None
1644,869,265,None,1733,265,MoveLeft
1645,876,265,MoveRight,1733,265,None
1645,876,265,None,1733,265,None
1646,883,265,MoveRight,1733,265,None
1646,883,265,None,1733,265,None
1647,890,265,MoveRight,1733,265,None
1647,890,265,None,1733,265,None
1648,897,265,MoveRight,1733,265,None
1648,897,265,None,1733,265,None
1649,904,265,MoveRight,1733,265,None
1649,904,265,None,1733,265,None
1650,911,265,MoveRight,1733,265,None
1650,911,265,None,1733,265,None
1651,918,265,MoveRight,1733,265,None
1651,918,265,None,1733,265,None
1652,925,265,MoveRight,1733,265,None
1652,925,265,None,1733,265,None
1653,932,265,MoveRight,1733,265,None
1653,932,265,None,1733,265,None
1654,939,265,MoveRight,1733,265,None
1654,939,265,None,1733,265,None
1655,946,265,MoveRight,1733,265,None
1655,946,265,None,1733,265,None
1656,953,265,MoveRight,1733,265,None
1656,953,265,None,1733,265,None
1657,960,265,MoveRight,1733,265,None
1657,960,265,None,1733,265,None
1658,967,265,MoveRight,1733,265,None
1658,967,265,None,1733,265,None
1659,974,265,MoveRight,1733,265,None
1659,974,265,None,1733,265,None
1660,981,265,MoveRight,1733,265,None
1660,981,265,None,1733,265,None
1661,981,265,None,1733,265,None
1661,981,265,None,1733,265,None
1662,981,265,None,1733,265,None
1662,981,265,None,1733,265,None
1663,981,265,None,1733,265,None
1663,981,265,None,1733,265,None
1664,981,265,None,1733,265,None
1664,981,265,None,1733,265,None
1665,981,265,None,1733,265,None
1665,981,265,None,1733,265,None
1666,981,265,None,1733,265,None
1666,981,265,None,1733,265,None
1667,981,265,None,1733,265,None
1667,981,265,None,1733,265,None
1668,981,265,None,1733,265,None
1668,981,265,None,1733,265,None
1669,981,265,None,1733,265,None
1669,981,265,None,1733,265,None
1670,981,265,None,1733,265,None
1670,981,265,None,1733,265,None
1671,981,265,None,1733,265,None
1671,981,265,None,1733,265,None
1672,981,265,None,1733,265,None
1672,981,265,None,1733,265,None
1673,981,265,None,1733,265,None
1673,981,265,None,1733,265,None
1674,981,265,None,1733,265,None
1674,981,265,None,1733,265,None
1675,981,265,None,1733,265,None
1675,981,265,None,1733,265,None
1676,981,265,None,1733,265,None
1676,981,265,None,1733,265,None
1677,981,265,Bump,1733,265,None
1677,981,265,None,1733,265,None
1677,981,265,None,1733,265,None
1678,981,265,None,1726,265,MoveLeft
1679,981,265,None,1719,265,MoveLeft
1680,981,265,None,1712,265,MoveLeft
1681,981,265,None,1705,265,MoveLeft
1682,981,265,None,1698,265,MoveLeft
1683,981,265,None,1691,265,MoveLeft
1684,981,265,None,1684,265,MoveLeft
1685,981,265,None,1677,265,MoveLeft
1686,981,265,None,1670,265,MoveLeft
1687,981,265,None,1663,265,MoveLeft
1688,981,265,None,1656,265,MoveLeft
1689,981,265,None,1649,265,MoveLeft
1690,981,265,None,1642,265,MoveLeft
1691,981,265,None,1635,265,MoveLeft
1692,981,265,None,1628,265,MoveLeft
1693,981,265,None,1621,265,MoveLeft
1694,981,265,None,1614,265,MoveLeft
1695,981,265,None,1607,265,MoveLeft
1696,981,265,None,1600,265,MoveLeft
1697,974,265,MoveLeft,1600,265,None
1697,974,265,None,1593,265,MoveLeft
1698,967,265,MoveLeft,1593,265,None
1698,967,265,None,1586,265,MoveLeft
1699,960,265,MoveLeft,1586,265,None
1699,960,265,None,1579,265,MoveLeft
1700,953,265,MoveLeft,1579,265,None
1700,953,265,None,1572,265,MoveLeft
1701,946,265,MoveLeft,1572,265,None
1701,946,265,None,1565,265,MoveLeft
1702,939,265,MoveLeft,1565,265,None
1702,939,265,None,1558,265,MoveLeft
1703,932,265,MoveLeft,1558,265,None
1704,925,265,MoveLeft,1558,265,None
1705,918,265,MoveLeft,1558,265,None
1706,911,265,MoveLeft,1558,265,None
1707,904,265,MoveLeft,1558,265,None
1708,897,265,MoveLeft,1558,265,None
1709,890,265,MoveLeft,1558,265,None
1710,883,265,MoveLeft,1558,265,None
1711,876,265,MoveLeft,1558,265,None
1712,869,265,MoveLeft,1558,265,None
1713,862,265,MoveLeft,1558,265,None
1714,855,265,MoveLeft,1558,265,None
1715,848,265,MoveLeft,1558,265,None
1716,841,265,MoveLeft,1558,265,None
1717,834,265,MoveLeft,1558,265,None
1718,827,265,MoveLeft,1558,265,None
1719,820,265,MoveLeft,1558,265,None
1720,813,265,MoveLeft,1558,265,None
1721,806,265,MoveLeft,1558,265,None
1722,799,265,MoveLeft,1558,265,None
1723,792,265,MoveLeft,1558,265,None
1724,785,265,MoveLeft,1558,265,None
1725,778,265,MoveLeft,1558,265,None
1726,771,265,MoveLeft,1558,265,None
1727,764,265,MoveLeft,1558,265,None
1728,757,265,MoveLeft,1558,265,None
1729,750,265,MoveLeft,1558,265,None
1730,743,265,MoveLeft,1558,265,None
1731,736,265,MoveLeft,1558,265,None
1732,729,265,MoveLeft,1558,265,None
1733,722,265,MoveLeft,1558,265,None
1734,715,265,MoveLeft,1558,265,None
1735,708,265,MoveLeft,1558,265,None
1736,701,265,MoveLeft,1558,265,None
1737,694,265,MoveLeft,1558,265,None
1738,687,265,MoveLeft,1558,265,None
1739,680,265,MoveLeft,1558,265,None
1740,673,265,MoveLeft,1558,265,None
1741,666,265,MoveLeft,1558,265,None
1742,659,265,MoveLeft,1558,265,None
1743,652,265,MoveLeft,1558,265,None
1755,659,265,MoveRight,1558,265,None
1756,666,265,MoveRight,1558,265,None
1757,673,265,MoveRight,1558,265,None
1758,680,265,MoveRight,1558,265,None
1759,687,265,MoveRight,1558,265,None
1760,694,265,MoveRight,1558,265,None
1761,701,265,MoveRight,1558,265,None
1762,708,265,MoveRight,1558,265,None
1763,715,265,MoveRight,1558,265,None
1764,722,265,MoveRight,1558,265,None
1765,729,265,MoveRight,1558,265,None
1766,736,265,MoveRight,1558,265,None
1767,743,265,MoveRight,1558,265,None
1768,750,265,MoveRight,1558,265,None
1769,757,265,MoveRight,1558,265,None
1770,764,265,MoveRight,1558,265,None
1771,771,265,MoveRight,1558,265,None
1772,778,265,MoveRight,1558,265,None
1773,785,265,MoveRight,1558,265,None
1774,792,265,MoveRight,1558,265,None
1775,799,265,MoveRight,1558,265,None
1776,806,265,MoveRight,1558,265,None
1777,813,265,MoveRight,1558,265,None
1778,813,265,None,1558,265,SpikeLight
1778,820,265,MoveRight,1558,265,None
1778,820,265,None,1558,265,None
1779,827,265,MoveRight,1558,265,None
1780,834,265,MoveRight,1558,265,None
1781,841,265,MoveRight,1558,265,None
1782,848,265,MoveRight,1558,265,None
1783,855,265,MoveRight,1558,265,None
1784,862,265,MoveRight,1558,265,None
1785,869,265,MoveRight,1558,265,None
1786,876,265,MoveRight,1558,265,None
1787,883,265,MoveRight,1558,265,None
1788,890,265,MoveRight,1558,265,None
1788,890,265,None,1565,265,MoveRight
1789,897,265,MoveRight,1565,265,None
1789,897,265,None,1572,265,MoveRight
1790,904,265,MoveRight,1572,265,None
1790,904,265,None,1579,265,MoveRight
1791,911,265,MoveRight,1579,265,None
1791,911,265,None,1586,265,MoveRight
1792,918,265,MoveRight,1586,265,None
1792,918,265,None,1593,265,MoveRight
1793,925,265,MoveRight,1593,265,None
1793,925,265,None,1600,265,MoveRight
1794,932,265,MoveRight,1600,265,None
1794,932,265,None,1607,265,MoveRight
1795,939,265,MoveRight,1607,265,None
1795,939,265,None,1614,265,MoveRight
1796,946,265,MoveRight,1614,265,None
1796,946,265,None,1621,265,MoveRight
1797,953,265,MoveRight,1621,265,None
1797,953,265,None,1628,265,MoveRight
1798,960,265,MoveRight,1628,265,None
1798,960,265,None,1635,265,MoveRight
1799,967,265,MoveRight,1635,265,None
1799,967,265,None,1642,265,MoveRight
1800,974,265,MoveRight,1642,265,None
1800,974,265,None,1649,265,MoveRight
1801,981,265,MoveRight,1649,265,None
1801,981,265,None,1656,265,MoveRight
1802,988,265,MoveRight,1656,265,None
1802,988,265,None,1663,265,MoveRight
1803,995,265,MoveRight,1663,265,None
1803,995,265,None,1670,265,MoveRight
1804,1002,265,MoveRight,1670,265,None
1804,1002,265,None,1677,265,MoveRight
1805,1009,265,MoveRight,1677,265,None
1805,1009,265,None,1684,265,MoveRight
1806,1016,265,MoveRight,1684,265,None
1806,1016,265,None,1691,265,MoveRight
1807,1023,265,MoveRight,1691,265,None
1807,1023,265,None,1698,265,MoveRight
1808,1030,265,MoveRight,1698,265,None
1808,1030,265,None,1705,265,MoveRight
1809,1037,265,MoveRight,1705,265,None
1809,1037,265,None,1712,265,MoveRight
1810,1044,265,MoveRight,1712,265,None
1810,1044,265,None,1719,265,MoveRight
1811,1051,265,MoveRight,1719,265,None
1811,1051,265,None,1726,265,MoveRight
1812,1058,265,MoveRight,1726,265,None
1812,1058,265,None,1726,265,None
1813,1065,265,MoveRight,1726,265,None
1813,1065,265,None,1726,265,None
1814,1072,265,MoveRight,1726,265,None
1814,1072,265,None,1726,265,None
1815,1079,265,MoveRight,1726,265,None
1815,1079,265,None,1726,265,None
1816,1086,265,MoveRight,1726,265,None
1816,1086,265,None,1726,265,None
1817,1093,265,MoveRight,1726,265,None
1817,1093,265,None,1726,265,None
1818,1100,265,MoveRight,1726,265,None
1818,1100,265,None,1726,265,None
1819,1107,265,MoveRight,1726,265,None
1819,1107,265,None,1726,265,None
1820,1114,265,MoveRight,1726,265,None
1820,1114,265,None,1726,265,None
1821,1121,265,MoveRight,1726,265,None
1821,1121,265,None,1726,265,None
1822,1128,265,MoveRight,1726,265,None
1822,1128,265,None,1726,265,None
1823,1135,265,MoveRight,1726,265,None
1823,1135,265,None,1726,265,None
1824,1142,265,MoveRight,1726,265,None
1824,1142,265,None,1726,265,None
1825,1149,265,MoveRight,1726,265,None
1825,1149,265,None,1726,265,None
1826,1156,265,MoveRight,1726,265,None
1826,1156,265,None,1726,265,None
1827,1163,265,MoveRight,1726,265,None
1827,1163,265,None,1726,265,None
1828,1170,265,MoveRight,1726,265,None
1828,1170,265,None,1726,265,None
1829,1177,265,MoveRight,1726,265,None
1829,1177,265,None,1726,265,None
1830,1177,265,None,1726,265,None
1831,1177,265,None,1726,265,None
1832,1177,265,None,1726,265,None
1833,1177,265,None,1726,265,None
1834,1177,265,None,1726,265,None
1835,1177,265,None,1726,265,None
1836,1177,265,None,1726,265,None
1837,1177,265,None,1726,265,None
1838,1177,284.62,None,1726,265,None
1838,1177,284.62,None,1726,265,None
1839,1177,304.24,None,1726,265,None
1840,1177,314.05,None,1726,265,None
1841,1177,323.86,None,1726,265,None
1842,1177,333.67,None,1726,265,None
1893,1150,274.81,None,2410,265,Serve
1893,1150,274.81,None,2410,265,None
1908,1150,265,None,2410,265,None
1912,1150,265,None,2403,265,MoveLeft
1913,1150,265,None,2396,265,MoveLeft
1914,1150,265,None,2389,265,MoveLeft
1915,1150,265,None,2382,265,MoveLeft
1916,1150,265,None,2375,265,MoveLeft
1917,1150,265,None,2368,265,MoveLeft
1918,1150,265,None,2361,265,MoveLeft
1919,1150,265,None,2354,265,MoveLeft
1920,1150,265,None,2347,265,MoveLeft
1921,1150,265,None,2340,265,MoveLeft
1922,1150,265,None,2333,265,MoveLeft
1923,1150,265,None,2326,265,MoveLeft
1924,1150,265,None,2319,265,MoveLeft
1925,1150,265,None,2312,265,MoveLeft
1926,1143,265,MoveLeft,2312,265,None
1926,1143,265,None,2305,265,MoveLeft
1927,1136,265,MoveLeft,2305,265,None
1927,1136,265,None,2298,265,MoveLeft
1928,1129,265,MoveLeft,2298,265,None
1928,1129,265,None,2291,265,MoveLeft
1929,1122,265,MoveLeft,2291,265,None
1929,1122,265,None,2284,265,MoveLeft
1930,1115,265,MoveLeft,2284,265,None
1930,1115,265,None,2277,265,MoveLeft
1931,1108,265,MoveLeft,2277,265,None
1931,1108,265,None,2270,265,MoveLeft
1932,1101,265,MoveLeft,2270,265,None
1932,1101,265,None,2263,265,MoveLeft
1933,1094,265,MoveLeft,2263,265,None
1933,1094,265,None,2256,265,MoveLeft
1934,1087,265,MoveLeft,2256,265,None
1934,1087,265,None,2249,265,MoveLeft
1935,1080,265,MoveLeft,2249,265,None
1935,1080,265,None,2242,265,MoveLeft
1936,1073,265,MoveLeft,2242,265,None
1936,1073,265,None,2235,265,MoveLeft
1937,1066,265,MoveLeft,2235,265,None
1937,1066,265,None,2228,265,MoveLeft
1938,1059,265,MoveLeft,2228,265,None
1938,1059,265,None,2221,265,MoveLeft
1939,1052,265,MoveLeft,2221,265,None
1939,1052,265,None,2214,265,MoveLeft
1940,1045,265,MoveLeft,2214,265,None
1940,1045,265,None,2207,265,MoveLeft
1941,1038,265,MoveLeft,2207,265,None
1941,1038,265,None,2200,265,MoveLeft
1942,1031,265,MoveLeft,2200,265,None
1942,1031,265,None,2193,265,MoveLeft
1943,1024,265,MoveLeft,2193,265,None
1943,1024,265,None,2186,265,MoveLeft
1944,1017,265,MoveLeft,2186,265,None
1944,1017,265,None,2179,265,MoveLeft
1945,1017,265,None,2172,265,MoveLeft
1946,1017,265,None,2165,265,MoveLeft
1947,1017,265,None,2158,265,MoveLeft
1948,1017,265,None,2151,265,MoveLeft
1949,1017,265,None,2144,265,MoveLeft
1950,1017,265,None,2137,265,MoveLeft
1951,1017,265,None,2130,265,MoveLeft
1952,1017,265,None,2123,265,MoveLeft
1953,1017,265,None,2116,265,MoveLeft
1954,1017,265,None,2109,265,MoveLeft
1955,1017,265,None,2102,265,MoveLeft
1956,1010,265,MoveLeft,2102,265,None
1956,1010,265,None,2095,265,MoveLeft
1957,1003,265,MoveLeft,2095,265,None
1957,1003,265,None,2088,265,MoveLeft
1958,996,265,MoveLeft,2088,265,None
1958,996,265,None,2081,265,MoveLeft
1959,989,265,MoveLeft,2081,265,None
1959,989,265,None,2074,265,MoveLeft
1960,982,265,MoveLeft,2074,265,None
1960,982,265,None,2067,265,MoveLeft
1961,975,265,MoveLeft,2067,265,None
1961,975,265,None,2060,265,MoveLeft
1962,968,265,MoveLeft,2060,265,None
1962,968,265,None,2053,265,MoveLeft
1963,968,265,Bump,2053,265,None
1963,961,265,MoveLeft,2053,265,None
1963,961,265,None,2046,265,MoveLeft
1964,961,265,None,2039,265,MoveLeft
1965,961,265,None,2032,265,MoveLeft
1966,961,265,None,2025,265,MoveLeft
1967,961,265,None,2018,265,MoveLeft
1968,961,265,None,2011,265,MoveLeft
1969,961,265,None,2004,265,MoveLeft
1970,961,265,None,1997,265,MoveLeft
1971,961,265,None,1990,265,MoveLeft
1972,961,265,None,1983,265,MoveLeft
1973,961,265,None,1976,265,MoveLeft
1974,961,265,None,1969,265,MoveLeft
1975,961,265,None,1962,265,MoveLeft
1976,961,265,None,1955,265,MoveLeft
1977,961,265,None,1948,265,MoveLeft
1978,961,265,None,1941,265,MoveLeft
1979,961,265,None,1934,265,MoveLeft
1980,961,265,None,1927,265,MoveLeft
1981,961,265,None,1920,265,MoveLeft
1982,961,265,None,1913,265,MoveLeft
1983,961,265,None,1906,265,MoveLeft
1984,968,265,MoveRight,1906,265,None
1984,968,265,None,1899,265,MoveLeft
1985,975,265,MoveRight,1899,265,None
1985,975,265,None,1892,265,MoveLeft
1986,982,265,MoveRight,1892,265,None
1986,982,265,None,1885,265,MoveLeft
1987,989,265,MoveRight,1885,265,None
1987,989,265,None,1878,265,MoveLeft
1988,996,265,MoveRight,1878,265,None
1988,996,265,None,1871,265,MoveLeft
1989,1003,265,MoveRight,1871,265,None
1989,1003,265,None,1864,265,MoveLeft
1990,1010,265,MoveRight,1864,265,None
1990,1010,265,None,1857,265,MoveLeft
1991,1017,265,MoveRight,1857,265,None
1991,1017,265,None,1850,265,MoveLeft
1992,1024,265,MoveRight,1850,265,None
1992,1024,265,None,1843,265,MoveLeft
1993,1031,265,MoveRight,1843,265,None
1993,1031,265,None,1836,265,MoveLeft
1994,1038,265,MoveRight,1836,265,None
1994,1038,265,None,1829,265,MoveLeft
1995,1045,265,MoveRight,1829,265,None
1995,1045,265,None,1822,265,MoveLeft
1996,1052,265,MoveRight,1822,265,None
1996,1052,265,None,1815,265,MoveLeft
1997,1059,265,MoveRight,1815,265,None
1997,1059,265,None,1808,265,MoveLeft
1998,1066,265,MoveRight,1808,265,None
1998,1066,265,None,1801,265,MoveLeft
1999,1073,265,MoveRight,1801,265,None
1999,1073,265,None,1794,265,MoveLeft
2000,1080,265,MoveRight,1794,265,None
2000,1080,265,None,1787,265,MoveLeft
2001,1087,265,MoveRight,1787,265,None
2001,1087,265,None,1780,265,MoveLeft
2002,1087,265,None,1773,265,MoveLeft
2003,1087,265,None,1766,265,MoveLeft
2004,1087,265,None,1759,265,MoveLeft
2005,1087,265,None,1752,265,MoveLeft
2006,1087,265,None,1745,265,MoveLeft
2007,1087,265,None,1738,265,MoveLeft
2008,1087,265,None,1731,265,MoveLeft
2009,1087,265,None,1724,265,MoveLeft
2010,1080,265,MoveLeft,1724,265,None
2010,1080,265,None,1717,265,MoveLeft
2011,1073,265,MoveLeft,1717,265,None
2011,1073,265,None,1710,265,MoveLeft
2012,1066,265,MoveLeft,1710,265,None
2012,1066,265,None,1703,265,MoveLeft
2013,1059,265,MoveLeft,1703,265,None
2013,1059,265,None,1696,265,MoveLeft
2014,1052,265,MoveLeft,1696,265,None
2014,1052,265,None,1689,265,MoveLeft
2015,1045,265,MoveLeft,1689,265,None
2015,1045,265,None,1682,265,MoveLeft
2016,1038,265,MoveLeft,1682,265,None
2016,1038,265,None,1675,265,MoveLeft
2017,1031,265,MoveLeft,1675,265,None
2017,1031,265,None,1668,265,MoveLeft
2018,1024,265,MoveLeft,1668,265,None
2018,1024,265,None,1661,265,MoveLeft
2019,1017,265,MoveLeft,1661,265,None
2019,1017,265,None,1654,265,MoveLeft
2020,1010,265,MoveLeft,1654,265,None
2020,1010,265,None,1647,265,MoveLeft
2021,1003,265,MoveLeft,1647,265,None
2021,1003,265,None,1640,265,MoveLeft
2022,996,265,MoveLeft,1640,265,None
2022,996,265,None,1633,265,MoveLeft
2023,989,265,MoveLeft,1633,265,None
2023,989,265,None,1626,265,MoveLeft
2024,982,265,MoveLeft,1626,265,None
2024,982,265,None,1619,265,MoveLeft
2025,975,265,MoveLeft,1619,265,None
2025,975,265,None,1612,265,MoveLeft
2026,968,265,MoveLeft,1612,265,None
2026,968,265,None,1605,265,MoveLeft
2027,961,265,MoveLeft,1605,265,None
2027,961,265,None,1598,265,MoveLeft
2028,954,265,MoveLeft,1598,265,None
2028,954,265,None,1591,265,MoveLeft
2029,947,265,MoveLeft,1591,265,None
2029,947,265,None,1584,265,MoveLeft
2030,940,265,MoveLeft,1584,265,None
2030,940,265,None,1577,265,MoveLeft
2031,933,265,MoveLeft,1577,265,None
2031,933,265,None,1570,265,MoveLeft
2032,926,265,MoveLeft,1570,265,None
2032,926,265,None,1563,265,MoveLeft
2033,919,265,MoveLeft,1563,265,None
2033,919,265,None,1556,265,MoveLeft
2034,912,265,MoveLeft,1556,265,None
2034,912,265,None,1549,265,MoveLeft
2035,905,265,MoveLeft,1549,265,None
2035,905,265,None,1542,265,MoveLeft
2036,898,265,MoveLeft,1542,265,None
2036,898,265,None,1535,265,MoveLeft
2037,898,265,None,1528,265,MoveLeft
2038,898,265,None,1521,265,MoveLeft
2039,898,265,None,1514,265,MoveLeft
2040,898,265,None,1507,265,MoveLeft
2041,898,265,None,1500,265,MoveLeft
2042,898,265,None,1493,265,MoveLeft
2043,898,265,None,1486,265,MoveLeft
2044,898,265,None,1479,265,MoveLeft
2062,898,265,None,1479,265,SpikeLight
2062,898,265,None,1479,265,None
2064,905,265,MoveRight,1479,265,None
2065,912,265,MoveRight,1479,265,None
2066,919,265,MoveRight,1479,265,None
2067,926,265,MoveRight,1479,265,None
2068,933,265,MoveRight,1479,265,None
2069,940,265,MoveRight,1479,265,None
2070,947,265,MoveRight,1479,265,None
2071,954,265,MoveRight,1479,265,None
2072,961,265,MoveRight,1479,265,None
2072,961,265,None,1486,265,MoveRight
2073,968,265,MoveRight,1486,265,None
2073,968,265,None,1493,265,MoveRight
2074,975,265,MoveRight,1493,265,None
2074,975,265,None,1500,265,MoveRight
2075,982,265,MoveRight,1500,265,None
2075,982,265,None,1507,265,MoveRight
2076,989,265,MoveRight,1507,265,None
2076,989,265,None,1514,265,MoveRight
2077,996,265,MoveRight,1514,265,None
2077,996,265,None,1521,265,MoveRight
2078,1003,265,MoveRight,1521,265,None
2078,1003,265,None,1528,265,MoveRight
2079,1010,265,MoveRight,1528,265,None
2079,1010,265,None,1535,265,MoveRight
2080,1017,265,MoveRight,1535,265,None
2080,1017,265,None,1542,265,MoveRight
2081,1024,265,MoveRight,1542,265,None
2081,1024,265,None,1549,265,MoveRight
2082,1031,265,MoveRight,1549,265,None
2082,1031,265,None,1556,265,MoveRight
2083,1038,265,MoveRight,1556,265,None
2083,1038,265,None,1563,265,MoveRight
2084,1045,265,MoveRight,1563,265,None
2084,1045,265,None,1570,265,MoveRight
2085,1052,265,MoveRight,1570,265,None
2085,1052,265,None,1577,265,MoveRight
2086,1059,265,MoveRight,1577,265,None
2086,1059,265,None,1584,265,MoveRight
2087,1066,265,MoveRight,1584,265,None
2087,1066,265,None,1591,265,MoveRight
2088,1073,265,MoveRight,1591,265,None
2088,1073,265,None,1598,265,MoveRight
2089,1080,265,MoveRight,1598,265,None
2089,1080,265,None,1605,265,MoveRight
2090,1087,265,MoveRight,1605,265,None
2090,1087,265,None,1612,265,MoveRight
2091,1094,265,MoveRight,1612,265,None
2091,1094,265,None,1619,265,MoveRight
2092,1101,265,MoveRight,1619,265,None
2092,1101,265,None,1626,265,MoveRight
2093,1108,265,MoveRight,1626,265,None
2093,1108,265,None,1633,265,MoveRight
2094,1115,265,MoveRight,1633,265,None
2094,1115,265,None,1640,265,MoveRight
2095,1122,265,MoveRight,1640,265,None
2095,1122,265,None,1647,265,MoveRight
2096,1129,265,MoveRight,1647,265,None
2096,1129,265,None,1654,265,MoveRight
2097,1136,265,MoveRight,1654,265,None
2097,1136,265,None,1661,265,MoveRight
2098,1143,265,MoveRight,1661,265,None
2098,1143,265,None,1668,265,MoveRight
2099,1150,265,MoveRight,1668,265,None
2099,1150,265,None,1675,265,MoveRight
2100,1157,265,MoveRight,1675,265,None
2100,1157,265,None,1682,265,MoveRight
2101,1164,265,MoveRight,1682,265,None
2101,1164,265,None,1689,265,MoveRight
2102,1171,265,MoveRight,1689,265,None
2102,1171,265,None,1696,265,MoveRight
2103,1171,265,None,1703,265,MoveRight
2104,1171,265,None,1710,265,MoveRight
2105,1171,265,None,1717,265,MoveRight
2106,1171,265,None,1724,265,MoveRight
2107,1171,265,None,1724,265,None
2108,1171,265,None,1724,265,None
2109,1171,265,None,1724,265,None
2110,1171,265,None,1724,265,None
2111,1171,265,None,1724,265,None
2112,1171,265,None,1724,265,None
2113,1171,265,None,1724,265,None
2114,1171,265,None,1724,265,None
2115,1171,265,None,1724,265,None
2116,1171,265,None,1724,265,None
2117,1171,265,None,1724,265,None
2118,1171,265,None,1724,265,None
2119,1171,265,None,1724,265,None
2120,1171,265,Set,1724,265,None
2120,1171,265,None,1724,265,None
2120,1171,265,None,1724,265,None
2144,1164,265,MoveLeft,1724,265,None
2145,1157,265,MoveLeft,1724,265,None
2146,1150,265,MoveLeft,1724,265,None
2147,1143,265,MoveLeft,1724,265,None
2148,1136,265,MoveLeft,1724,265,None
2149,1129,265,MoveLeft,1724,265,None
2150,1122,265,MoveLeft,1724,265,None
2151,1115,265,MoveLeft,1724,265,None
2152,1108,265,MoveLeft,1724,265,None
2153,1101,265,MoveLeft,1724,265,None
2166,1108,265,MoveRight,1724,265,None
2167,1115,265,MoveRight,1724,265,None
2168,1122,265,MoveRight,1724,265,None
2169,1129,265,MoveRight,1724,265,None
2170,1136,265,MoveRight,1724,265,None
2171,1143,265,MoveRight,1724,265,None
2182,1136,265,MoveLeft,1724,265,None
2183,1129,265,MoveLeft,1724,265,None
2184,1122,265,MoveLeft,1724,265,None
2185,1115,265,MoveLeft,1724,265,None
2186,1108,265,MoveLeft,1724,265,None
2187,1101,265,MoveLeft,1724,265,None
2188,1094,265,MoveLeft,1724,265,None
2250,1094,265,None,1724,265,None
2259,1094,265,None,1724,265,None
2300,1150,265,None,2410,265,None
2310,1150,265,None,2410,265,Serve
2310,1150,265,None,2410,265,None
2329,1150,265,None,2403,265,MoveLeft
2330,1150,265,None,2396,265,MoveLeft
2331,1150,265,None,2389,265,MoveLeft
2332,1150,265,None,2382,265,MoveLeft
2333,1150,265,None,2375,265,MoveLeft
2334,1143,265,MoveLeft,2375,265,None
2334,1143,265,None,2368,265,MoveLeft
2335,1136,265,MoveLeft,2368,265,None
2335,1136,265,None,2361,265,MoveLeft
2336,1129,265,MoveLeft,2361,265,None
2336,1129,265,None,2354,265,MoveLeft
2337,1122,265,MoveLeft,2354,265,None
2337,1122,265,None,2347,265,MoveLeft
2338,1115,265,MoveLeft,2347,265,None
2338,1115,265,None,2340,265,MoveLeft
2339,1108,265,MoveLeft,2340,265,None
2339,1108,265,None,2333,265,MoveLeft
2340,1101,265,MoveLeft,2333,265,None
2340,1101,265,None,2326,265,MoveLeft
2341,1094,265,MoveLeft,2326,265,None
2341,1094,265,None,2319,265,MoveLeft
2342,1087,265,MoveLeft,2319,265,None
2342,1087,265,None,2312,265,MoveLeft
2343,1080,265,MoveLeft,2312,265,None
2343,1080,265,None,2305,265,MoveLeft
2344,1073,265,MoveLeft,2305,265,None
2344,1073,265,None,2298,265,MoveLeft
2345,1066,265,MoveLeft,2298,265,None
2345,1066,265,None,2291,265,MoveLeft
2346,1059,265,MoveLeft,2291,265,None
2346,1059,265,None,2284,265,MoveLeft
2347,1052,265,MoveLeft,2284,265,None
2347,1052,265,None,2277,265,MoveLeft
2348,1045,265,MoveLeft,2277,265,None
2348,1045,265,None,2270,265,MoveLeft
2349,1038,265,MoveLeft,2270,265,None
2349,1038,265,None,2263,265,MoveLeft
2350,1031,265,MoveLeft,2263,265,None
2350,1031,265,None,2256,265,MoveLeft
2351,1024,265,MoveLeft,2256,265,None
2351,1024,265,None,2249,265,MoveLeft
2352,1017,265,MoveLeft,2249,265,None
2352,1017,265,None,2242,265,MoveLeft
2353,1010,265,MoveLeft,2242,265,None
2353,1010,265,None,2235,265,MoveLeft
2354,1003,265,MoveLeft,2235,265,None
2354,1003,265,None,2228,265,MoveLeft
2355,996,265,MoveLeft,2228,265,None
2355,996,265,None,2221,265,MoveLeft
2356,989,265,MoveLeft,2221,265,None
2356,989,265,None,2214,265,MoveLeft
2357,982,265,MoveLeft,2214,265,None
2357,982,265,None,2207,265,MoveLeft
2358,982,265,None,2200,265,MoveLeft
2359,982,265,None,2193,265,MoveLeft
2360,982,265,None,2186,265,MoveLeft
2361,982,265,None,2179,265,MoveLeft
2362,982,265,None,2172,265,MoveLeft
2363,982,265,None,2165,265,MoveLeft
2364,982,265,None,2158,265,MoveLeft
2365,982,265,None,2151,265,MoveLeft
2366,982,265,None,2144,265,MoveLeft
2367,982,265,None,2137,265,MoveLeft
2368,982,265,None,2130,265,MoveLeft
2369,982,265,None,2123,265,MoveLeft
2370,982,265,None,2116,265,MoveLeft
2371,982,265,None,2109,265,MoveLeft
2372,982,265,None,2102,265,MoveLeft
2373,982,265,None,2095,265,MoveLeft
2374,982,265,None,2088,265,MoveLeft
2375,982,265,None,2081,265,MoveLeft
2376,982,265,None,2074,265,MoveLeft
2377,982,265,None,2067,265,MoveLeft
2378,982,265,None,2060,265,MoveLeft
2379,982,265,None,2053,265,MoveLeft
2380,982,265,None,2053,265,None
2380,982,265,None,2046,265,MoveLeft
2381,982,265,None,2039,265,MoveLeft
2382,982,265,None,2032,265,MoveLeft
2383,982,265,None,2025,265,MoveLeft
2384,982,265,None,2018,265,MoveLeft
2385,982,265,None,2011,265,MoveLeft
2386,982,265,None,2004,265,MoveLeft
2402,1143,265,MoveLeft,2410,265,None
2403,1136,265,MoveLeft,2410,265,None
2404,1129,265,MoveLeft,2410,265,None
2405,1122,265,MoveLeft,2410,265,None
2406,1115,265,MoveLeft,2410,265,None
2407,1108,265,MoveLeft,2410,265,None
2420,1101,265,MoveLeft,2410,265,None
2421,1094,265,MoveLeft,2410,265,None
2422,1087,265,MoveLeft,2410,265,None
2423,1080,265,MoveLeft,2410,265,None
2424,1073,265,MoveLeft,2410,265,None
2425,1066,265,MoveLeft,2410,265,None
2426,1059,265,MoveLeft,2410,265,None
2427,1052,265,MoveLeft,2410,265,None
2428,1045,265,MoveLeft,2410,265,None
2437,1045,265,None,2410,265,Serve
2437,1045,265,None,2410,265,None
2438,1038,265,MoveLeft,2410,265,None
2439,1031,265,MoveLeft,2410,265,None
2440,1024,265,MoveLeft,2410,265,None
2441,1017,265,MoveLeft,2410,265,None
2442,1010,265,MoveLeft,2410,265,None
2443,1003,265,MoveLeft,2410,265,None
2444,996,265,MoveLeft,2410,265,None
2445,989,265,MoveLeft,2410,265,None
2446,982,265,MoveLeft,2410,265,None
2447,975,265,MoveLeft,2410,265,None
2448,968,265,MoveLeft,2410,265,None
2449,961,265,MoveLeft,2410,265,None
2450,954,265,MoveLeft,2410,265,None
2451,947,265,MoveLeft,2410,265,None
2452,940,265,MoveLeft,2410,265,None
2453,933,265,MoveLeft,2410,265,None
2454,926,265,MoveLeft,2410,265,None
2455,919,265,MoveLeft,2410,265,None
2456,912,265,MoveLeft,2410,265,None
2456,912,265,None,2403,265,MoveLeft
2457,905,265,MoveLeft,2403,265,None
2457,905,265,None,2396,265,MoveLeft
2458,898,265,MoveLeft,2396,265,None
2458,898,265,None,2389,265,MoveLeft
2459,898,265,None,2382,265,MoveLeft
2460,898,265,None,2375,265,MoveLeft
2461,898,265,None,2368,265,MoveLeft
2462,898,265,None,2361,265,MoveLeft
2463,898,265,None,2354,265,MoveLeft
2464,898,265,None,2347,265,MoveLeft
2465,898,265,None,2340,265,MoveLeft
2466,898,265,None,2333,265,MoveLeft
2467,898,265,None,2326,265,MoveLeft
2468,898,265,None,2319,265,MoveLeft
2469,898,265,None,2312,265,MoveLeft
2470,898,265,None,2305,265,MoveLeft
2471,898,265,None,2298,265,MoveLeft
2472,898,265,None,2291,265,MoveLeft
2473,898,265,None,2284,265,MoveLeft
2474,898,265,None,2277,265,MoveLeft
2475,898,265,None,2270,265,MoveLeft
2476,898,265,None,2263,265,MoveLeft
2477,898,265,None,2256,265,MoveLeft
2478,898,265,None,2249,265,MoveLeft
2479,891,265,MoveLeft,2249,265,None
2479,891,265,None,2242,265,MoveLeft
2480,884,265,MoveLeft,2242,265,None
2480,884,265,None,2235,265,MoveLeft
2481,877,265,MoveLeft,2235,265,None
2481,877,265,None,2228,265,MoveLeft
2482,870,265,MoveLeft,2228,265,None
2482,870,265,None,2221,265,MoveLeft
2483,863,265,MoveLeft,2221,265,None
2483,863,265,None,2214,265,MoveLeft
2484,856,265,MoveLeft,2214,265,None
2484,856,265,None,2207,265,MoveLeft
2485,849,265,MoveLeft,2207,265,None
2485,849,265,None,2200,265,MoveLeft
2486,842,265,MoveLeft,2200,265,None
2486,842,265,None,2193,265,MoveLeft
2487,842,265,None,2186,265,MoveLeft
2488,842,265,None,2179,265,MoveLeft
2489,842,265,None,2172,265,MoveLeft
2490,842,265,None,2165,265,MoveLeft
2491,842,265,None,2158,265,MoveLeft
2492,842,265,None,2151,265,MoveLeft
2493,842,265,None,2144,265,MoveLeft
2494,842,265,None,2137,265,MoveLeft
2495,849,265,MoveRight,2137,265,None
2495,849,265,None,2130,265,MoveLeft
2496,856,265,MoveRight,2130,265,None
2496,856,265,None,2123,265,MoveLeft
2497,863,265,MoveRight,2123,265,None
2497,863,265,None,2116,265,MoveLeft
2498,870,265,MoveRight,2116,265,None
2498,870,265,None,2109,265,MoveLeft
2499,877,265,MoveRight,2109,265,None
2499,877,265,None,2102,265,MoveLeft
2500,884,265,MoveRight,2102,265,None
2500,884,265,None,2095,265,MoveLeft
2501,891,265,MoveRight,2095,265,None
2501,891,265,None,2088,265,MoveLeft
2502,898,265,MoveRight,2088,265,None
2502,898,265,None,2081,265,MoveLeft
2503,905,265,MoveRight,2081,265,None
2503,905,265,None,2074,265,MoveLeft
2504,912,265,MoveRight,2074,265,None
2504,912,265,None,2067,265,MoveLeft
2505,912,265,None,2067,265,None
2505,912,265,None,2060,265,MoveLeft
2506,912,265,None,2053,265,MoveLeft
2507,912,265,None,2046,265,MoveLeft
2508,912,265,None,2039,265,MoveLeft
2509,912,265,None,2032,265,MoveLeft
2510,912,265,None,2025,265,MoveLeft
2511,912,265,None,2018,265,MoveLeft
2512,912,265,None,2011,265,MoveLeft
2513,912,265,None,2004,265,MoveLeft
2528,1150,265,None,2410,265,None
2561,1143,265,MoveLeft,2410,265,None
2562,1136,265,MoveLeft,2410,265,None
2563,1129,265,MoveLeft,2410,265,None
2564,1129,265,None,2410,265,Serve
2564,1122,265,MoveLeft,2410,265,None
2564,1122,265,None,2410,265,None
2565,1115,265,MoveLeft,2410,265,None
2566,1108,265,MoveLeft,2410,265,None
2567,1101,265,MoveLeft,2410,265,None
2568,1094,265,MoveLeft,2410,265,None
2569,1087,265,MoveLeft,2410,265,None
2570,1080,265,MoveLeft,2410,265,None
2571,1073,265,MoveLeft,2410,265,None
2572,1066,265,MoveLeft,2410,265,None
2573,1059,265,MoveLeft,2410,265,None
2574,1052,265,MoveLeft,2410,265,None
2575,1045,265,MoveLeft,2410,265,None
2576,1038,265,MoveLeft,2410,265,None
2577,1031,265,MoveLeft,2410,265,None
2578,1024,265,MoveLeft,2410,265,None
2579,1017,265,MoveLeft,2410,265,None
2580,1010,265,MoveLeft,2410,265,None
2581,1003,265,MoveLeft,2410,265,None
2582,996,265,MoveLeft,2410,265,None
2583,989,265,MoveLeft,2410,265,None
2583,989,265,None,2403,265,MoveLeft
2584,982,265,MoveLeft,2403,265,None
2584,982,265,None,2396,265,MoveLeft
2585,975,265,MoveLeft,2396,265,None
2585,975,265,None,2389,265,MoveLeft
2586,968,265,MoveLeft,2389,265,None
2586,968,265,None,2382,265,MoveLeft
2587,961,265,MoveLeft,2382,265,None
2587,961,265,None,2375,265,MoveLeft
2588,954,265,MoveLeft,2375,265,None
2588,954,265,None,2368,265,MoveLeft
2589,947,265,MoveLeft,2368,265,None
2589,947,265,None,2361,265,MoveLeft
2590,940,265,MoveLeft,2361,265,None
2590,940,265,None,2354,265,MoveLeft
2591,933,265,MoveLeft,2354,265,None
2591,933,265,None,2347,265,MoveLeft
2592,926,265,MoveLeft,2347,265,None
2592,926,265,None,2340,265,MoveLeft
2593,919,265,MoveLeft,2340,265,None
2593,919,265,None,2333,265,MoveLeft
2594,912,265,MoveLeft,2333,265,None
2594,912,265,None,2326,265,MoveLeft
2595,905,265,MoveLeft,2326,265,None
2595,905,265,None,2319,265,MoveLeft
2596,898,265,MoveLeft,2319,265,None
2596,898,265,None,2312,265,MoveLeft
2597,891,265,MoveLeft,2312,265,None
2597,891,265,None,2305,265,MoveLeft
2598,884,265,MoveLeft,2305,265,None
2598,884,265,None,2298,265,MoveLeft
2599,877,265,MoveLeft,2298,265,None
2599,877,265,None,2291,265,MoveLeft
2600,870,265,MoveLeft,2291,265,None
2600,870,265,None,2284,265,MoveLeft
2601,870,265,None,2284,265,None
2601,870,265,None,2277,265,MoveLeft
2602,870,265,None,2277,265,None
2602,870,265,None,2270,265,MoveLeft
2603,870,265,None,2270,265,None
2603,870,265,None,2263,265,MoveLeft
2604,870,265,None,2263,265,None
2604,870,265,None,2256,265,MoveLeft
2605,870,265,None,2256,265,None
2605,870,265,None,2249,265,MoveLeft
2606,870,265,None,2249,265,None
2606,870,265,None,2242,265,MoveLeft
2607,870,265,None,2242,265,None
2607,870,265,None,2235,265,MoveLeft
2608,870,265,None,2235,265,None
2608,870,265,None,2228,265,MoveLeft
2609,870,265,None,2228,265,None
2609,870,265,None,2221,265,MoveLeft
2610,870,265,None,2221,265,None
2610,870,265,None,2214,265,MoveLeft
2611,870,265,None,2214,265,None
2611,870,265,None,2207,265,MoveLeft
2612,870,265,None,2207,265,None
2612,870,265,None,2200,265,MoveLeft
2613,870,265,None,2200,265,None
2613,870,265,None,2193,265,MoveLeft
2614,870,265,None,2193,265,None
2614,870,265,None,2186,265,MoveLeft
2615,870,265,None,2186,265,None
2615,870,265,None,2179,265,MoveLeft
2616,870,265,None,2179,265,None
2616,870,265,None,2172,265,MoveLeft
2617,870,265,None,2172,265,None
2617,870,265,None,2165,265,MoveLeft
2618,870,265,None,2165,265,None
2618,870,265,None,2158,265,MoveLeft
2619,870,265,None,2158,265,None
2619,870,265,None,2151,265,MoveLeft
2620,870,265,None,2151,265,None
2620,870,265,None,2144,265,MoveLeft
2621,870,265,None,2144,265,None
2621,870,265,None,2137,265,MoveLeft
2622,870,265,None,2137,265,None
2622,870,265,None,2130,265,MoveLeft
2623,870,265,None,2130,265,None
2623,870,265,None,2123,265,MoveLeft
2624,870,265,None,2123,265,None
2624,870,265,None,2116,265,MoveLeft
2625,870,265,None,2116,265,None
2625,870,265,None,2109,265,MoveLeft
2626,870,265,None,2109,265,None
2626,870,265,None,2102,265,MoveLeft
2627,870,265,None,2102,265,None
2627,870,265,None,2095,265,MoveLeft
2628,870,265,None,2095,265,None
2628,870,265,None,2088,265,MoveLeft
2629,870,265,None,2088,265,None
2629,870,265,None,2081,265,MoveLeft
2630,870,265,None,2081,265,None
2630,870,265,None,2074,265,MoveLeft
2631,870,265,None,2074,265,None
2631,870,265,None,2067,265,MoveLeft
2632,870,265,None,2067,265,None
2632,870,265,None,2060,265,MoveLeft
2633,870,265,None,2060,265,None
2633,870,265,None,2053,265,MoveLeft
2634,870,265,None,2053,265,None
2634,870,265,None,2046,265,MoveLeft
2635,870,265,None,2046,265,None
2635,870,265,None,2039,265,MoveLeft
2636,870,265,Bump,2039,265,None
2636,870,265,None,2039,265,None
2636,870,265,None,2032,265,MoveLeft
2637,870,265,None,2025,265,MoveLeft
2638,870,265,None,2018,265,MoveLeft
2639,870,265,None,2011,265,MoveLeft
2640,870,265,None,2004,265,MoveLeft
2641,870,265,None,1997,265,MoveLeft
2642,870,265,None,1990,265,MoveLeft
2643,870,265,None,1983,265,MoveLeft
2644,870,265,None,1976,265,MoveLeft
2645,870,265,None,1969,265,MoveLeft
2646,870,265,None,1962,265,MoveLeft
2647,870,265,None,1955,265,MoveLeft
2648,870,265,None,1948,265,MoveLeft
2649,870,265,None,1941,265,MoveLeft
2650,870,265,None,1934,265,MoveLeft
2651,870,265,None,1927,265,MoveLeft
2652,870,265,None,1920,265,MoveLeft
2653,870,265,None,1913,265,MoveLeft
2654,870,265,None,1906,265,MoveLeft
2655,877,265,MoveRight,1906,265,None
2655,877,265,None,1899,265,MoveLeft
2656,884,265,MoveRight,1899,265,None
2656,884,265,None,1892,265,MoveLeft
2657,891,265,MoveRight,1892,265,None
2657,891,265,None,1885,265,MoveLeft
2658,898,265,MoveRight,1885,265,None
2658,898,265,None,1878,265,MoveLeft
2659,905,265,MoveRight,1878,265,None
2659,905,265,None,1871,265,MoveLeft
2660,912,265,MoveRight,1871,265,None
2660,912,265,None,1864,265,MoveLeft
2661,919,265,MoveRight,1864,265,None
2661,919,265,None,1857,265,MoveLeft
2662,926,265,MoveRight,1857,265,None
2662,926,265,None,1850,265,MoveLeft
2663,933,265,MoveRight,1850,265,None
2663,933,265,None,1843,265,MoveLeft
2664,940,265,MoveRight,1843,265,None
2664,940,265,None,1836,265,MoveLeft
2665,947,265,MoveRight,1836,265,None
2665,947,265,None,1829,265,MoveLeft
2666,954,265,MoveRight,1829,265,None
2666,954,265,None,1822,265,MoveLeft
2667,961,265,MoveRight,1822,265,None
2667,961,265,None,1815,265,MoveLeft
2668,968,265,MoveRight,1815,265,None
2668,968,265,None,1808,265,MoveLeft
2669,975,265,MoveRight,1808,265,None
2669,975,265,None,1801,265,MoveLeft
2670,982,265,MoveRight,1801,265,None
2670,982,265,None,1794,265,MoveLeft
2671,989,265,MoveRight,1794,265,None
2671,989,265,None,1787,265,MoveLeft
2672,996,265,MoveRight,1787,265,None
2672,996,265,None,1780,265,MoveLeft
2673,1003,265,MoveRight,1780,265,None
2673,1003,265,None,1773,265,MoveLeft
2674,1010,265,MoveRight,1773,265,None
2674,1010,265,None,1766,265,MoveLeft
2675,1017,265,MoveRight,1766,265,None
2675,1017,265,None,1759,265,MoveLeft
2676,1024,265,MoveRight,1759,265,None
2676,1024,265,None,1752,265,MoveLeft
2677,1031,265,MoveRight,1752,265,None
2677,1031,265,None,1745,265,MoveLeft
2678,1038,265,MoveRight,1745,265,None
2678,1038,265,None,1738,265,MoveLeft
2679,1045,265,MoveRight,1738,265,None
2679,1045,265,None,1731,265,MoveLeft
2680,1052,265,MoveRight,1731,265,None
2681,1059,265,MoveRight,1731,265,None
2682,1066,265,MoveRight,1731,265,None
2683,1073,265,MoveRight,1731,265,None
2684,1080,265,MoveRight,1731,265,None
2685,1087,265,MoveRight,1731,265,None
2686,1094,265,MoveRight,1731,265,None
2687,1101,265,MoveRight,1731,265,None
2688,1108,265,MoveRight,1731,265,None
2689,1115,265,MoveRight,1731,265,None
2690,1122,265,MoveRight,1731,265,None
2691,1129,265,MoveRight,1731,265,None
2692,1136,265,MoveRight,1731,265,None
2693,1143,265,MoveRight,1731,265,None
2694,1150,265,MoveRight,1731,265,None
2695,1157,265,MoveRight,1731,265,None
2696,1164,265,MoveRight,1731,265,None
2697,1171,265,MoveRight,1731,265,None
2698,1178,265,MoveRight,1731,265,None
2699,1185,265,MoveRight,1731,265,None
2700,1192,265,MoveRight,1731,265,None
2701,1199,265,MoveRight,1731,265,None
2702,1206,265,MoveRight,1731,265,None
2703,1213,265,MoveRight,1731,265,None
2704,1220,265,MoveRight,1731,265,None
2705,1227,265,MoveRight,1731,265,None
2706,1234,265,MoveRight,1731,265,None
2707,1241,265,MoveRight,1731,265,None
2708,1248,265,MoveRight,1731,265,None
2709,1255,265,MoveRight,1731,265,None
2710,1262,265,MoveRight,1731,265,None
2711,1269,265,MoveRight,1731,265,None
2712,1276,265,MoveRight,1731,265,None
2713,1283,265,MoveRight,1731,265,None
2714,1290,265,MoveRight,1731,265,None
2715,1297,265,MoveRight,1731,265,None
2716,1304,265,MoveRight,1731,265,None
2717,1311,265,MoveRight,1731,265,None
2718,1318,265,MoveRight,1731,265,None
2724,1311,265,MoveLeft,1731,265,None
2724,1311,265,None,1724,265,MoveLeft
2725,1304,265,MoveLeft,1724,265,None
2726,1297,265,MoveLeft,1724,265,None
2727,1290,265,MoveLeft,1724,265,None
2728,1283,265,MoveLeft,1724,265,None
2729,1276,265,MoveLeft,1724,265,None
2730,1269,265,MoveLeft,1724,265,None
2731,1262,265,MoveLeft,1724,265,None
2732,1255,265,MoveLeft,1724,265,None
2733,1248,265,MoveLeft,1724,265,None
2734,1241,265,MoveLeft,1724,265,None
2735,1234,265,MoveLeft,1724,265,None
2736,1227,265,MoveLeft,1724,265,None
2737,1220,265,MoveLeft,1724,265,None
2738,1213,265,MoveLeft,1724,265,None
2739,1206,265,MoveLeft,1724,265,None
2740,1199,265,MoveLeft,1724,265,None
2741,1192,265,MoveLeft,1724,265,None
2742,1185,265,MoveLeft,1724,265,None
2743,1178,265,MoveLeft,1724,265,None
2744,1171,265,MoveLeft,1724,265,None
2745,1164,265,MoveLeft,1724,265,None
2746,1157,265,MoveLeft,1724,265,None
2747,1150,265,MoveLeft,1724,265,None
2748,1143,265,MoveLeft,1724,265,None
2749,1136,265,MoveLeft,1724,265,None
2750,1129,265,MoveLeft,1724,265,None
2751,1122,265,MoveLeft,1724,265,None
2752,1115,265,MoveLeft,1724,265,None
2753,1108,265,MoveLeft,1724,265,None
2754,1101,265,MoveLeft,1724,265,None
2755,1094,265,MoveLeft,1724,265,None
2756,1087,265,MoveLeft,1724,265,None
2757,1080,265,MoveLeft,1724,265,None
2758,1073,265,MoveLeft,1724,265,None
2759,1066,265,MoveLeft,1724,265,None
2760,1059,265,MoveLeft,1724,265,None
2761,1052,265,MoveLeft,1724,265,None
2762,1045,265,MoveLeft,1724,265,None
2763,1038,265,MoveLeft,1724,265,None
2764,1031,265,MoveLeft,1724,265,None
2765,1024,265,MoveLeft,1724,265,None
2766,1017,265,MoveLeft,1724,265,None
2784,1017,265,SpikeStrong,1724,265,None
2784,1017,265,None,1724,265,None
2820,1010,265,MoveLeft,1724,265,None
2821,1003,265,MoveLeft,1724,265,None
2822,996,265,MoveLeft,1724,265,None
2823,989,265,MoveLeft,1724,265,None
2824,982,265,MoveLeft,1724,265,None
2825,975,265,MoveLeft,1724,265,None
2826,968,265,MoveLeft,1724,265,None
2827,961,265,MoveLeft,1724,265,None
2828,954,265,MoveLeft,1724,265,None
2829,947,265,MoveLeft,1724,265,None
2830,1143,265,MoveLeft,2410,265,None
2831,1136,265,MoveLeft,2410,265,None
2832,1129,265,MoveLeft,2410,265,None
2833,1122,265,MoveLeft,2410,265,None
2834,1115,265,MoveLeft,2410,265,None
2863,1108,265,MoveLeft,2410,265,None
2864,1101,265,MoveLeft,2410,265,None
2865,1094,265,MoveLeft,2410,265,None
2866,1087,265,MoveLeft,2410,265,None
2867,1080,265,MoveLeft,2410,265,None
2868,1073,265,MoveLeft,2410,265,None
2869,1066,265,MoveLeft,2410,265,None
2870,1059,265,MoveLeft,2410,265,None
2871,1052,265,MoveLeft,2410,265,None
2872,1045,265,MoveLeft,2410,265,None
2873,1038,265,MoveLeft,2410,265,None
2874,1031,265,MoveLeft,2410,265,None
2875,1024,265,MoveLeft,2410,265,None
2876,1017,265,MoveLeft,2410,265,None
2877,1010,265,MoveLeft,2410,265,None
2878,1003,265,MoveLeft,2410,265,None
2879,996,265,MoveLeft,2410,265,None
2880,996,265,None,2410,265,Serve
2880,989,265,MoveLeft,2410,265,None
2880,989,265,None,2410,265,None
2881,982,265,MoveLeft,2410,265,None
2882,975,265,MoveLeft,2410,265,None
2883,968,265,MoveLeft,2410,265,None
2884,961,265,MoveLeft,2410,265,None
2885,954,265,MoveLeft,2410,265,None
2886,947,265,MoveLeft,2410,265,None
2887,940,265,MoveLeft,2410,265,None
2888,933,265,MoveLeft,2410,265,None
2889,926,265,MoveLeft,2410,265,None
2890,919,265,MoveLeft,2410,265,None
2891,912,265,MoveLeft,2410,265,None
2892,905,265,MoveLeft,2410,265,None
2893,898,265,MoveLeft,2410,265,None
2894,891,265,MoveLeft,2410,265,None
2895,884,265,MoveLeft,2410,265,None
2896,877,265,MoveLeft,2410,265,None
2899,877,265,None,2403,265,MoveLeft
2900,877,265,None,2396,265,MoveLeft
2901,877,265,None,2389,265,MoveLeft
2902,877,265,None,2382,265,MoveLeft
2903,877,265,None,2375,265,MoveLeft
2904,877,265,None,2368,265,MoveLeft
2905,877,265,None,2361,265,MoveLeft
2906,877,265,None,2354,265,MoveLeft
2907,877,265,None,2347,265,MoveLeft
2908,877,265,None,2340,265,MoveLeft
2909,877,265,None,2333,265,MoveLeft
2910,877,265,None,2326,265,MoveLeft
2911,877,265,None,2319,265,MoveLeft
2912,877,265,None,2312,265,MoveLeft
2913,877,265,None,2305,265,MoveLeft
2914,877,265,None,2298,265,MoveLeft
2915,877,265,None,2291,265,MoveLeft
2916,877,265,None,2284,265,MoveLeft
2917,884,265,MoveRight,2284,265,None
2917,884,265,None,2277,265,MoveLeft
2918,891,265,MoveRight,2277,265,None
2918,891,265,None,2270,265,MoveLeft
2919,898,265,MoveRight,2270,265,None
2919,898,265,None,2263,265,MoveLeft
2920,905,265,MoveRight,2263,265,None
2920,905,265,None,2256,265,MoveLeft
2921,912,265,MoveRight,2256,265,None
2921,912,265,None,2249,265,MoveLeft
2922,919,265,MoveRight,2249,265,None
2922,919,265,None,2242,265,MoveLeft
2923,926,265,MoveRight,2242,265,None
2923,926,265,None,2235,265,MoveLeft
2924,933,265,MoveRight,2235,265,None
2924,933,265,None,2228,265,MoveLeft
2925,940,265,MoveRight,2228,265,None
2925,940,265,None,2221,265,MoveLeft
2926,947,265,MoveRight,2221,265,None
2926,947,265,None,2214,265,MoveLeft
2927,954,265,MoveRight,2214,265,None
2927,954,265,None,2207,265,MoveLeft
2928,961,265,MoveRight,2207,265,None
2928,961,265,None,2200,265,MoveLeft
2929,961,265,None,2193,265,MoveLeft
2930,961,265,None,2186,265,MoveLeft
2931,961,265,None,2179,265,MoveLeft
2932,961,265,None,2172,265,MoveLeft
2933,961,265,None,2165,265,MoveLeft
2934,961,265,None,2158,265,MoveLeft
2935,961,265,None,2151,265,MoveLeft
2936,961,265,None,2144,265,MoveLeft
2937,961,265,None,2137,265,MoveLeft
2938,961,265,None,2130,265,MoveLeft
2939,961,265,None,2123,265,MoveLeft
2940,961,265,None,2116,265,MoveLeft
2941,961,265,None,2109,265,MoveLeft
2942,961,265,None,2102,265,MoveLeft
2943,961,265,None,2095,265,MoveLeft
2944,961,265,None,2088,265,MoveLeft
2945,961,265,None,2081,265,MoveLeft
2946,961,265,None,2074,265,MoveLeft
2947,961,265,None,2067,265,MoveLeft
2948,961,265,None,2060,265,MoveLeft
2949,961,265,None,2053,265,MoveLeft
2950,961,265,None,2046,265,MoveLeft
2951,961,265,None,2039,265,MoveLeft
2952,961,265,SpikeMedium,2039,265,None
2952,961,265,None,2039,265,None
2952,961,265,None,2032,265,MoveLeft
2953,961,265,None,2025,265,MoveLeft
2954,961,265,None,2018,265,MoveLeft
2955,961,265,None,2011,265,MoveLeft
2956,961,265,None,2004,265,MoveLeft
2957,961,265,None,1997,265,MoveLeft
2958,961,265,None,1990,265,MoveLeft
2959,961,265,None,1983,265,MoveLeft
2960,961,265,None,1976,265,MoveLeft
2961,961,265,None,1969,265,MoveLeft
2962,961,265,None,1962,265,MoveLeft
2963,961,265,None,1955,265,MoveLeft
2964,961,265,None,1948,265,MoveLeft
2965,961,265,None,1941,265,MoveLeft
2966,961,265,None,1934,265,MoveLeft
2967,961,265,None,1927,265,MoveLeft
2968,961,265,None,1920,265,MoveLeft
2969,961,265,None,1913,265,MoveLeft
2970,961,265,None,1906,265,MoveLeft
2971,961,265,None,1899,265,MoveLeft
2972,961,265,None,1892,265,MoveLeft
2973,961,265,None,1885,265,MoveLeft
2974,961,265,None,1878,265,MoveLeft
2975,961,265,None,1871,265,MoveLeft
2976,961,265,None,1864,265,MoveLeft
2977,961,265,None,1857,265,MoveLeft
2978,961,265,None,1850,265,MoveLeft
2979,961,265,None,1843,265,MoveLeft
2980,961,265,None,1836,265,MoveLeft
2981,961,265,None,1829,265,MoveLeft
2982,961,265,None,1822,265,MoveLeft
2983,954,265,MoveLeft,1822,265,None
2983,954,265,None,1815,265,MoveLeft
2984,947,265,MoveLeft,1815,265,None
2984,947,265,None,1808,265,MoveLeft
2985,940,265,MoveLeft,1808,265,None
2985,940,265,None,1801,265,MoveLeft
2986,933,265,MoveLeft,1801,265,None
2986,933,265,None,1794,265,MoveLeft
2987,926,265,MoveLeft,1794,265,None
2987,926,265,None,1787,265,MoveLeft
2988,919,265,MoveLeft,1787,265,None
2988,919,265,None,1780,265,MoveLeft
2989,912,265,MoveLeft,1780,265,None
2990,905,265,MoveLeft,1780,265,None
2991,898,265,MoveLeft,1780,265,None
2992,891,265,MoveLeft,1780,265,None
2993,884,265,MoveLeft,1780,265,None
2994,877,265,MoveLeft,1780,265,None
2995,870,265,MoveLeft,1780,265,None
2996,863,265,MoveLeft,1780,265,None
2997,856,265,MoveLeft,1780,265,None
3016,856,265,None,1780,265,SpikeMedium
3016,856,265,None,1780,265,None
3022,863,265,MoveRight,1780,265,None
3023,870,265,MoveRight,1780,265,None
3024,877,265,MoveRight,1780,265,None
3025,884,265,MoveRight,1780,265,None
3026,891,265,MoveRight,1780,265,None
3026,891,265,None,1773,265,MoveLeft
3027,898,265,MoveRight,1773,265,None
3027,898,265,None,1766,265,MoveLeft
3028,905,265,MoveRight,1766,265,None
3028,905,265,None,1759,265,MoveLeft
3029,912,265,MoveRight,1759,265,None
3029,912,265,None,1752,265,MoveLeft
3030,919,265,MoveRight,1752,265,None
3030,919,265,None,1745,265,MoveLeft
3031,926,265,MoveRight,1745,265,None
3031,926,265,None,1738,265,MoveLeft
3032,933,265,MoveRight,1738,265,None
3032,933,265,None,1731,265,MoveLeft
3033,940,265,MoveRight,1731,265,None
3033,940,265,None,1731,265,None
3034,947,265,MoveRight,1731,265,None
3034,947,265,None,1731,265,None
3035,954,265,MoveRight,1731,265,None
3035,954,265,None,1731,265,None
3036,961,265,MoveRight,1731,265,None
3036,961,265,None,1731,265,None
3037,968,265,MoveRight,1731,265,None
3037,968,265,None,1731,265,None
3038,975,265,MoveRight,1731,265,None
3038,975,265,None,1731,265,None
3039,982,265,MoveRight,1731,265,None
3039,982,265,None,1731,265,None
3040,989,265,MoveRight,1731,265,None
3040,989,265,None,1731,265,None
3041,996,265,MoveRight,1731,265,None
3041,996,265,None,1731,265,None
3042,996,265,None,1731,265,None
3043,996,265,None,1731,265,None
3044,996,265,None,1731,265,None
3045,996,265,None,1731,265,None
3046,996,265,None,1731,265,None
3047,996,265,None,1731,265,None
3048,996,265,None,1731,265,None
3049,996,265,None,1731,265,None
3050,996,265,None,1731,265,None
3051,996,265,None,1731,265,None
3052,996,265,None,1731,265,None
3053,996,265,None,1731,265,None
3054,996,265,None,1731,265,None
3055,996,265,None,1731,265,None
3056,996,265,None,1731,265,None
3057,996,265,None,1731,265,None
3058,996,265,None,1731,265,None
3059,996,265,None,1731,265,None
3060,996,265,None,1731,265,None
3061,989,265,MoveLeft,1731,265,None
3061,989,265,None,1731,265,None
3062,982,265,MoveLeft,1731,265,None
3062,982,265,None,1731,265,None
3063,975,265,MoveLeft,1731,265,None
3063,975,265,None,1731,265,None
3064,968,265,MoveLeft,1731,265,None
3064,968,265,None,1731,265,None
3065,961,265,MoveLeft,1731,265,None
3065,961,265,None,1731,265,None
3066,954,265,MoveLeft,1731,265,None
3066,954,265,None,1731,265,None
3067,947,265,MoveLeft,1731,265,None
3067,947,265,None,1731,265,None
3068,940,265,MoveLeft,1731,265,None
3068,940,265,None,1731,265,None
3069,933,265,MoveLeft,1731,265,None
3069,933,265,None,1731,265,None
3070,926,265,MoveLeft,1731,265,None
3070,926,265,None,1731,265,None
3071,919,265,MoveLeft,1731,265,None
3071,919,265,None,1731,265,None
3072,912,265,MoveLeft,1731,265,None
3072,912,265,None,1731,265,None
3073,905,265,MoveLeft,1731,265,None
3073,905,265,None,1731,265,None
3074,898,265,MoveLeft,1731,265,None
3074,898,265,None,1731,265,None
3075,898,265,None,1731,265,None
3076,898,265,None,1731,265,None
3077,898,265,None,1731,265,None
3078,898,265,None,1731,265,None
3079,898,265,None,1731,265,None
3080,898,265,None,1731,265,None
3081,898,265,None,1731,265,None
3082,898,265,None,1731,265,None
3083,898,265,None,1731,265,None
3084,898,265,None,1731,265,None
3091,1150,265,None,2410,265,None
3121,1143,265,MoveLeft,2410,265,None
3122,1136,265,MoveLeft,2410,265,None
3123,1129,265,MoveLeft,2410,265,None
3124,1122,265,MoveLeft,2410,265,None
3125,1115,265,MoveLeft,2410,265,None
3126,1108,265,MoveLeft,2410,265,None
3127,1101,265,MoveLeft,2410,265,None
3128,1094,265,MoveLeft,2410,265,None
3135,1094,265,None,2410,265,Serve
3135,1094,265,None,2410,265,None
3148,1087,265,MoveLeft,2410,265,None
3149,1080,265,MoveLeft,2410,265,None
3150,1073,265,MoveLeft,2410,265,None
3151,1066,265,MoveLeft,2410,265,None
3152,1059,265,MoveLeft,2410,265,None
3153,1052,265,MoveLeft,2410,265,None
3154,1045,265,MoveLeft,2410,265,None
3154,1045,265,None,2403,265,MoveLeft
3155,1038,265,MoveLeft,2403,265,None
3155,1038,265,None,2396,265,MoveLeft
3156,1031,265,MoveLeft,2396,265,None
3156,1031,265,None,2389,265,MoveLeft
3157,1024,265,MoveLeft,2389,265,None
3157,1024,265,None,2382,265,MoveLeft
3158,1017,265,MoveLeft,2382,265,None
3158,1017,265,None,2375,265,MoveLeft
3159,1010,265,MoveLeft,2375,265,None
3159,1010,265,None,2368,265,MoveLeft
3160,1010,265,None,2361,265,MoveLeft
3161,1010,265,None,2354,265,MoveLeft
3162,1010,265,None,2347,265,MoveLeft
3163,1010,265,None,2340,265,MoveLeft
3164,1010,265,None,2333,265,MoveLeft
3165,1010,265,None,2326,265,MoveLeft
3166,1010,265,None,2319,265,MoveLeft
3167,1010,265,None,2312,265,MoveLeft
3168,1010,265,None,2305,265,MoveLeft
3169,1010,265,None,2298,265,MoveLeft
3170,1010,265,None,2291,265,MoveLeft
3171,1010,265,None,2284,265,MoveLeft
3172,1010,265,None,2277,265,MoveLeft
3173,1010,265,None,2270,265,MoveLeft
3174,1010,265,None,2263,265,MoveLeft
3175,1010,265,None,2256,265,MoveLeft
3176,1010,265,None,2249,265,MoveLeft
3177,1010,265,None,2242,265,MoveLeft
3178,1010,265,None,2235,265,MoveLeft
3179,1003,265,MoveLeft,2235,265,None
3179,1003,265,None,2228,265,MoveLeft
3180,996,265,MoveLeft,2228,265,None
3180,996,265,None,2221,265,MoveLeft
3181,989,265,MoveLeft,2221,265,None
3181,989,265,None,2214,265,MoveLeft
3182,982,265,MoveLeft,2214,265,None
3182,982,265,None,2207,265,MoveLeft
3183,975,265,MoveLeft,2207,265,None
3183,975,265,None,2200,265,MoveLeft
3184,968,265,MoveLeft,2200,265,None
3184,968,265,None,2193,265,MoveLeft
3185,961,265,MoveLeft,2193,265,None
3185,961,265,None,2186,265,MoveLeft
3186,954,265,MoveLeft,2186,265,None
3186,954,265,None,2179,265,MoveLeft
3187,947,265,MoveLeft,2179,265,None
3187,947,265,None,2172,265,MoveLeft
3188,940,265,MoveLeft,2172,265,None
3188,940,265,None,2165,265,MoveLeft
3189,933,265,MoveLeft,2165,265,None
3189,933,265,None,2158,265,MoveLeft
3190,926,265,MoveLeft,2158,265,None
3190,926,265,None,2151,265,MoveLeft
3191,919,265,MoveLeft,2151,265,None
3191,919,265,None,2144,265,MoveLeft
3192,912,265,MoveLeft,2144,265,None
3192,912,265,None,2137,265,MoveLeft
3193,905,265,MoveLeft,2137,265,None
3193,905,265,None,2130,265,MoveLeft
3194,898,265,MoveLeft,2130,265,None
3194,898,265,None,2123,265,MoveLeft
3195,891,265,MoveLeft,2123,265,None
3195,891,265,None,2116,265,MoveLeft
3196,891,265,None,2109,265,MoveLeft
3197,891,265,None,2102,265,MoveLeft
3198,891,265,None,2095,265,MoveLeft
3199,891,265,None,2088,265,MoveLeft
3200,891,265,None,2081,265,MoveLeft
3201,891,265,None,2074,265,MoveLeft
3202,891,265,None,2067,265,MoveLeft
3203,891,265,None,2060,265,MoveLeft
3204,891,265,None,2053,265,MoveLeft
3205,891,265,None,2046,265,MoveLeft
3206,891,265,None,2039,265,MoveLeft
3207,891,265,None,2032,265,MoveLeft
3208,891,265,SpikeMedium,2032,265,None
3208,891,265,None,2032,265,None
3208,891,265,None,2025,265,MoveLeft
3209,891,265,None,2018,265,MoveLeft
3210,891,265,None,2011,265,MoveLeft
3211,891,265,None,2004,265,MoveLeft
3212,891,265,None,1997,265,MoveLeft
3213,891,265,None,1990,265,MoveLeft
3214,891,265,None,1983,265,MoveLeft
3215,891,265,None,1976,265,MoveLeft
3216,891,265,None,1969,265,MoveLeft
3217,891,265,None,1962,265,MoveLeft
3218,891,265,None,1955,265,MoveLeft
3219,891,265,None,1948,265,MoveLeft
3220,891,265,None,1941,265,MoveLeft
3221,891,265,None,1934,265,MoveLeft
3222,891,265,None,1927,265,MoveLeft
3223,891,265,None,1920,265,MoveLeft
3224,891,265,None,1913,265,MoveLeft
3225,891,265,None,1906,265,MoveLeft
3226,891,265,None,1899,265,MoveLeft
3227,891,265,None,1892,265,MoveLeft
3228,891,265,None,1885,265,MoveLeft
3229,891,265,None,1878,265,MoveLeft
3230,891,265,None,1871,265,MoveLeft
3231,891,265,None,1864,265,MoveLeft
3232,891,265,None,1857,265,MoveLeft
3233,891,265,None,1850,265,MoveLeft
3234,891,265,None,1843,265,MoveLeft
3235,891,265,None,1836,265,MoveLeft
3236,891,265,None,1829,265,MoveLeft
3237,898,265,MoveRight,1829,265,None
3237,898,265,None,1822,265,MoveLeft
3238,905,265,MoveRight,1822,265,None
3238,905,265,None,1815,265,MoveLeft
3239,912,265,MoveRight,1815,265,None
3239,912,265,None,1808,265,MoveLeft
3240,919,265,MoveRight,1808,265,None
3240,919,265,None,1801,265,MoveLeft
3241,926,265,MoveRight,1801,265,None
3241,926,265,None,1794,265,MoveLeft
3242,933,265,MoveRight,1794,265,None
3242,933,265,None,1787,265,MoveLeft
3243,940,265,MoveRight,1787,265,None
3243,940,265,None,1780,265,MoveLeft
3244,947,265,MoveRight,1780,265,None
3245,954,265,MoveRight,1780,265,None
3254,947,265,MoveLeft,1780,265,None
3255,940,265,MoveLeft,1780,265,None
3256,933,265,MoveLeft,1780,265,None
3257,926,265,MoveLeft,1780,265,None
3258,919,265,MoveLeft,1780,265,None
3259,912,265,MoveLeft,1780,265,None
3260,905,265,MoveLeft,1780,265,None
3261,898,265,MoveLeft,1780,265,None
3262,891,265,MoveLeft,1780,265,None
3263,884,265,MoveLeft,1780,265,None
3264,877,265,MoveLeft,1780,265,None
3265,870,265,MoveLeft,1780,265,None
3266,863,265,MoveLeft,1780,265,None
3267,856,265,MoveLeft,1780,265,None
3268,849,265,MoveLeft,1780,265,None
3273,849,265,None,1780,265,SpikeMedium
3273,849,265,None,1780,265,None
3274,856,265,MoveRight,1780,265,None
3275,863,265,MoveRight,1780,265,None
3276,870,265,MoveRight,1780,265,None
3277,877,265,MoveRight,1780,265,None
3278,884,265,MoveRight,1780,265,None
3279,891,265,MoveRight,1780,265,None
3280,898,265,MoveRight,1780,265,None
3281,905,265,MoveRight,1780,265,None
3282,912,265,MoveRight,1780,265,None
3283,919,265,MoveRight,1780,265,None
3284,926,265,MoveRight,1780,265,None
3284,926,265,None,1773,265,MoveLeft
3285,933,265,MoveRight,1773,265,None
3285,933,265,None,1766,265,MoveLeft
3286,940,265,MoveRight,1766,265,None
3286,940,265,None,1759,265,MoveLeft
3287,947,265,MoveRight,1759,265,None
3287,947,265,None,1752,265,MoveLeft
3288,954,265,MoveRight,1752,265,None
3288,954,265,None,1745,265,MoveLeft
3289,961,265,MoveRight,1745,265,None
3289,961,265,None,1738,265,MoveLeft
3290,968,265,MoveRight,1738,265,None
3290,968,265,None,1731,265,MoveLeft
3291,968,265,None,1731,265,None
3292,968,265,None,1731,265,None
3293,968,265,None,1731,265,None
3294,968,265,None,1731,265,None
3295,961,265,MoveLeft,1731,265,None
3295,961,265,None,1731,265,None
3296,954,265,MoveLeft,1731,265,None
3296,954,265,None,1731,265,None
3297,947,265,MoveLeft,1731,265,None
3297,947,265,None,1731,265,None
3298,940,265,MoveLeft,1731,265,None
3298,940,265,None,1731,265,None
3299,933,265,MoveLeft,1731,265,None
3299,933,265,None,1731,265,None
3300,926,265,MoveLeft,1731,265,None
3300,926,265,None,1731,265,None
3301,919,265,MoveLeft,1731,265,None
3301,919,265,None,1731,265,None
3302,912,265,MoveLeft,1731,265,None
3302,912,265,None,1731,265,None
3303,905,265,MoveLeft,1731,265,None
3303,905,265,None,1731,265,None
3304,898,265,MoveLeft,1731,265,None
3304,898,265,None,1731,265,None
3305,891,265,MoveLeft,1731,265,None
3305,891,265,None,1731,265,None
3306,884,265,MoveLeft,1731,265,None
3306,884,265,None,1731,265,None
3307,877,265,MoveLeft,1731,265,None
3307,877,265,None,1731,265,None
3308,870,265,MoveLeft,1731,265,None
3308,870,265,None,1731,265,None
3309,863,265,MoveLeft,1731,265,None
3309,863,265,None,1731,265,None
3310,863,265,None,1731,265,None
3311,863,265,None,1731,265,None
3312,863,265,None,1731,265,None
3313,863,265,None,1731,265,None
3314,863,265,None,1731,265,None
3315,863,265,None,1731,265,None
3316,863,265,None,1731,265,None
3317,863,265,None,1731,265,None
3318,863,265,None,1731,265,None
3319,863,265,None,1731,265,None
3320,863,265,None,1731,265,None
3321,863,265,None,1731,265,None
3322,863,265,None,1731,265,None
3323,863,265,None,1731,265,None
3324,863,265,None,1731,265,None
3325,863,265,None,1731,265,None
3326,863,265,None,1731,265,None
3327,863,265,None,1731,265,None
3328,863,265,None,1731,265,None
3329,863,265,None,1731,265,None
3330,863,265,None,1731,265,None
3331,863,265,None,1731,265,None
3332,863,265,None,1731,265,None
3333,863,265,None,1731,265,None
3333,863,265,None,1731,265,None
3334,863,265,None,1731,265,None
3335,863,265,None,1731,265,None
3336,863,265,None,1731,265,None
3337,863,265,None,1731,265,None
3338,863,265,None,1731,265,None
3339,863,265,None,1731,265,None
3340,863,265,None,1731,265,None
3341,863,265,None,1731,265,None
3347,1150,265,None,2410,265,None
3377,1143,265,MoveLeft,2410,265,None
3378,1136,265,MoveLeft,2410,265,None
3379,1129,265,MoveLeft,2410,265,None
3380,1122,265,MoveLeft,2410,265,None
3381,1115,265,MoveLeft,2410,265,None
3382,1108,265,MoveLeft,2410,265,None
3383,1101,265,MoveLeft,2410,265,None
3392,1101,265,None,2410,265,Serve
3392,1101,265,None,2410,265,None
3393,1108,265,MoveRight,2410,265,None
3394,1115,265,MoveRight,2410,265,None
3395,1122,265,MoveRight,2410,265,None
3396,1129,265,MoveRight,2410,265,None
3397,1136,265,MoveRight,2410,265,None
3409,1129,265,MoveLeft,2410,265,None
3410,1122,265,MoveLeft,2410,265,None
3411,1115,265,MoveLeft,2410,265,None
3411,1115,265,None,2403,265,MoveLeft
3412,1108,265,MoveLeft,2403,265,None
3412,1108,265,None,2396,265,MoveLeft
3413,1101,265,MoveLeft,2396,265,None
3413,1101,265,None,2389,265,MoveLeft
3414,1094,265,MoveLeft,2389,265,None
3414,1094,265,None,2382,265,MoveLeft
3415,1087,265,MoveLeft,2382,265,None
3415,1087,265,None,2375,265,MoveLeft
3416,1080,265,MoveLeft,2375,265,None
3416,1080,265,None,2368,265,MoveLeft
3417,1073,265,MoveLeft,2368,265,None
3417,1073,265,None,2361,265,MoveLeft
3418,1066,265,MoveLeft,2361,265,None
3418,1066,265,None,2354,265,MoveLeft
3419,1059,265,MoveLeft,2354,265,None
3419,1059,265,None,2347,265,MoveLeft
3420,1052,265,MoveLeft,2347,265,None
3420,1052,265,None,2340,265,MoveLeft
3421,1045,265,MoveLeft,2340,265,None
3421,1045,265,None,2333,265,MoveLeft
3422,1045,265,None,2326,265,MoveLeft
3423,1045,265,None,2319,265,MoveLeft
3424,1045,265,None,2312,265,MoveLeft
3425,1045,265,None,2305,265,MoveLeft
3426,1045,265,None,2298,265,MoveLeft
3427,1045,265,None,2291,265,MoveLeft
3428,1045,265,None,2284,265,MoveLeft
3429,1045,265,None,2277,265,MoveLeft
3430,1045,265,None,2270,265,MoveLeft
3431,1045,265,None,2263,265,MoveLeft
3432,1045,265,None,2256,265,MoveLeft
3433,1045,265,None,2249,265,MoveLeft
3434,1045,265,None,2242,265,MoveLeft
3435,1045,265,None,2235,265,MoveLeft
3436,1045,265,None,2228,265,MoveLeft
3437,1045,265,None,2221,265,MoveLeft
3438,1045,265,None,2214,265,MoveLeft
3439,1045,265,None,2207,265,MoveLeft
3440,1045,265,None,2200,265,MoveLeft
3441,1045,265,None,2193,265,MoveLeft
3442,1038,265,MoveLeft,2193,265,None
3442,1038,265,None,2186,265,MoveLeft
3443,1031,265,MoveLeft,2186,265,None
3443,1031,265,None,2179,265,MoveLeft
3444,1024,265,MoveLeft,2179,265,None
3444,1024,265,None,2172,265,MoveLeft
3445,1017,265,MoveLeft,2172,265,None
3445,1017,265,None,2165,265,MoveLeft
3446,1010,265,MoveLeft,2165,265,None
3446,1010,265,None,2158,265,MoveLeft
3447,1003,265,MoveLeft,2158,265,None
3447,1003,265,None,2151,265,MoveLeft
3448,996,265,MoveLeft,2151,265,None
3448,996,265,None,2144,265,MoveLeft
3449,989,265,MoveLeft,2144,265,None
3449,989,265,None,2137,265,MoveLeft
3450,982,265,MoveLeft,2137,265,None
3450,982,265,None,2130,265,MoveLeft
3451,975,265,MoveLeft,2130,265,None
3451,975,265,None,2123,265,MoveLeft
3452,968,265,MoveLeft,2123,265,None
3452,968,265,None,2116,265,MoveLeft
3453,961,265,MoveLeft,2116,265,None
3453,961,265,None,2109,265,MoveLeft
3454,954,265,MoveLeft,2109,265,None
3454,954,265,None,2102,265,MoveLeft
3455,947,265,MoveLeft,2102,265,None
3455,947,265,None,2095,265,MoveLeft
3456,940,265,MoveLeft,2095,265,None
3456,940,265,None,2088,265,MoveLeft
3457,933,265,MoveLeft,2088,265,None
3457,933,265,None,2081,265,MoveLeft
3458,926,265,MoveLeft,2081,265,None
3458,926,265,None,2074,265,MoveLeft
3459,919,265,MoveLeft,2074,265,None
3459,919,265,None,2067,265,MoveLeft
3460,912,265,MoveLeft,2067,265,None
3460,912,265,None,2060,265,MoveLeft
3461,905,265,MoveLeft,2060,265,None
3461,905,265,None,2053,265,MoveLeft
3462,898,265,MoveLeft,2053,265,None
3462,898,265,None,2046,265,MoveLeft
3463,898,265,Bump,2046,265,None
3463,891,265,MoveLeft,2046,265,None
3463,891,265,None,2039,265,MoveLeft
3464,891,265,None,2032,265,MoveLeft
3465,891,265,None,2025,265,MoveLeft
3466,891,265,None,2018,265,MoveLeft
3467,891,265,None,2011,265,MoveLeft
3468,891,265,None,2004,265,MoveLeft
3469,891,265,None,1997,265,MoveLeft
3470,891,265,None,1990,265,MoveLeft
3471,891,265,None,1983,265,MoveLeft
3472,891,265,None,1976,265,MoveLeft
3473,891,265,None,1969,265,MoveLeft
3474,891,265,None,1962,265,MoveLeft
3475,891,265,None,1955,265,MoveLeft
3476,891,265,None,1948,265,MoveLeft
3477,891,265,None,1941,265,MoveLeft
3478,891,265,None,1934,265,MoveLeft
3479,891,265,None,1927,265,MoveLeft
3480,891,265,None,1920,265,MoveLeft
3481,891,265,None,1913,265,MoveLeft
3482,891,265,None,1906,265,MoveLeft
3483,891,265,None,1899,265,MoveLeft
3484,891,265,None,1892,265,MoveLeft
3485,898,265,MoveRight,1892,265,None
3485,898,265,None,1885,265,MoveLeft
3486,905,265,MoveRight,1885,265,None
3486,905,265,None,1878,265,MoveLeft
3487,912,265,MoveRight,1878,265,None
3487,912,265,None,1871,265,MoveLeft
3488,919,265,MoveRight,1871,265,None
3488,919,265,None,1864,265,MoveLeft
3489,926,265,MoveRight,1864,265,None
3489,926,265,None,1857,265,MoveLeft
3490,933,265,MoveRight,1857,265,None
3490,933,265,None,1850,265,MoveLeft
3491,940,265,MoveRight,1850,265,None
3491,940,265,None,1843,265,MoveLeft
3492,947,265,MoveRight,1843,265,None
3492,947,265,None,1836,265,MoveLeft
3493,954,265,MoveRight,1836,265,None
3493,954,265,None,1829,265,MoveLeft
3494,961,265,MoveRight,1829,265,None
3494,961,265,None,1822,265,MoveLeft
3495,968,265,MoveRight,1822,265,None
3495,968,265,None,1815,265,MoveLeft
3496,975,265,MoveRight,1815,265,None
3496,975,265,None,1808,265,MoveLeft
3497,982,265,MoveRight,1808,265,None
3497,982,265,None,1801,265,MoveLeft
3498,989,265,MoveRight,1801,265,None
3498,989,265,None,1794,265,MoveLeft
3499,996,265,MoveRight,1794,265,None
3499,996,265,None,1787,265,MoveLeft
3500,1003,265,MoveRight,1787,265,None
3500,1003,265,None,1780,265,MoveLeft
3501,1010,265,MoveRight,1780,265,None
3501,1010,265,None,1773,265,MoveLeft
3502,1017,265,MoveRight,1773,265,None
3502,1017,265,None,1766,265,MoveLeft
3503,1017,265,None,1759,265,MoveLeft
3504,1017,265,None,1752,265,MoveLeft
3505,1017,265,None,1745,265,MoveLeft
3506,1017,265,None,1738,265,MoveLeft
3507,1017,265,None,1731,265,MoveLeft
3508,1017,265,None,1724,265,MoveLeft
3509,1017,265,None,1717,265,MoveLeft
3510,1017,265,None,1710,265,MoveLeft
3511,1017,265,None,1703,265,MoveLeft
3512,1017,265,None,1696,265,MoveLeft
3513,1017,265,None,1689,265,MoveLeft
3514,1017,265,None,1682,265,MoveLeft
3515,1017,265,None,1675,265,MoveLeft
3516,1017,265,None,1668,265,MoveLeft
3517,1017,265,None,1661,265,MoveLeft
3518,1017,265,None,1654,265,MoveLeft
3519,1017,265,None,1647,265,MoveLeft
3520,1017,265,None,1640,265,MoveLeft
3521,1017,265,None,1633,265,MoveLeft
3522,1017,265,None,1626,265,MoveLeft
3523,1017,265,None,1619,265,MoveLeft
3524,1017,265,None,1612,265,MoveLeft
3525,1017,265,None,1605,265,MoveLeft
3526,1017,265,None,1598,265,MoveLeft
3527,1017,265,None,1591,265,MoveLeft
3528,1017,265,None,1584,265,MoveLeft
3529,1017,265,None,1577,265,MoveLeft
3530,1017,265,None,1570,265,MoveLeft
3531,1017,265,None,1563,265,MoveLeft
3532,1017,265,None,1556,265,MoveLeft
3533,1017,265,None,1549,265,MoveLeft
3534,1017,265,None,1542,265,MoveLeft
3535,1017,265,None,1535,265,MoveLeft
3536,1017,265,None,1528,265,MoveLeft
3537,1017,265,None,1521,265,MoveLeft
3538,1017,265,None,1514,265,MoveLeft
3539,1017,265,None,1507,265,MoveLeft
3540,1017,265,None,1500,265,MoveLeft
3541,1017,265,None,1493,265,MoveLeft
3542,1017,265,None,1486,265,MoveLeft
3543,1017,265,None,1479,265,MoveLeft
3544,1017,265,None,1472,265,MoveLeft
3545,1017,265,None,1465,265,MoveLeft
3564,1017,265,None,1465,265,SpikeLight
3564,1017,265,None,1465,265,None
3569,1024,265,MoveRight,1465,265,None
3570,1031,265,MoveRight,1465,265,None
3571,1038,265,MoveRight,1465,265,None
3572,1045,265,MoveRight,1465,265,None
3573,1052,265,MoveRight,1465,265,None
3574,1059,265,MoveRight,1465,265,None
3574,1059,265,None,1472,265,MoveRight
3575,1066,265,MoveRight,1472,265,None
3575,1066,265,None,1479,265,MoveRight
3576,1073,265,MoveRight,1479,265,None
3576,1073,265,None,1486,265,MoveRight
3577,1080,265,MoveRight,1486,265,None
3577,1080,265,None,1493,265,MoveRight
3578,1087,265,MoveRight,1493,265,None
3578,1087,265,None,1500,265,MoveRight
3579,1094,265,MoveRight,1500,265,None
3579,1094,265,None,1507,265,MoveRight
3580,1101,265,MoveRight,1507,265,None
3580,1101,265,None,1514,265,MoveRight
3581,1108,265,MoveRight,1514,265,None
3581,1108,265,None,1521,265,MoveRight
3582,1115,265,MoveRight,1521,265,None
3582,1115,265,None,1528,265,MoveRight
3583,1122,265,MoveRight,1528,265,None
3583,1122,265,None,1535,265,MoveRight
3584,1122,265,None,1542,265,MoveRight
3585,1122,265,None,1549,265,MoveRight
3586,1122,265,None,1556,265,MoveRight
3587,1122,265,None,1563,265,MoveRight
3588,1122,265,None,1570,265,MoveRight
3589,1122,265,None,1577,265,MoveRight
3590,1122,265,None,1584,265,MoveRight
3591,1122,265,None,1591,265,MoveRight
3592,1122,265,None,1598,265,MoveRight
3593,1122,265,None,1605,265,MoveRight
3594,1122,265,None,1612,265,MoveRight
3595,1122,265,None,1619,265,MoveRight
3596,1122,265,None,1626,265,MoveRight
3597,1122,265,None,1633,265,MoveRight
3598,1122,265,None,1640,265,MoveRight
3599,1122,265,None,1647,265,MoveRight
3600,1122,265,None,1654,265,MoveRight
3601,1122,265,None,1661,265,MoveRight
3602,1122,265,None,1668,265,MoveRight
3603,1122,265,None,1675,265,MoveRight
3604,1122,265,None,1682,265,MoveRight
3605,1122,265,None,1689,265,MoveRight
3606,1122,265,None,1696,265,MoveRight
3607,1122,265,None,1703,265,MoveRight
3608,1122,265,None,1710,265,MoveRight
3609,1122,265,None,1717,265,MoveRight
3610,1122,265,None,1724,265,MoveRight
3611,1122,265,None,1724,265,None
3612,1122,265,None,1724,265,None
3613,1122,265,None,1724,265,None
3614,1122,265,None,1724,265,None
3615,1122,265,None,1724,265,None
3616,1122,265,None,1724,265,None
3617,1122,265,None,1724,265,None
3618,1122,265,None,1724,265,None
3619,1122,265,None,1724,265,None
3620,1122,265,None,1724,265,None
3621,1122,265,None,1724,265,None
3622,1122,265,None,1724,265,None
3623,1122,265,None,1724,265,None
3624,1122,265,None,1724,265,None
3625,1122,265,None,1724,265,None
3626,1122,265,Set,1724,265,None
3626,1122,265,None,1724,265,None
3626,1122,265,None,1724,265,None
3645,1129,265,MoveRight,1724,265,None
3646,1136,265,MoveRight,1724,265,None
3647,1143,265,MoveRight,1724,265,None
3648,1150,265,MoveRight,1724,265,None
3649,1157,265,MoveRight,1724,265,None
3650,1164,265,MoveRight,1724,265,None
3651,1171,265,MoveRight,1724,265,None
3652,1178,265,MoveRight,1724,265,None
3653,1185,265,MoveRight,1724,265,None
3659,1178,265,MoveLeft,1724,265,None
3660,1171,265,MoveLeft,1724,265,None
3661,1164,265,MoveLeft,1724,265,None
3662,1157,265,MoveLeft,1724,265,None
3663,1150,265,MoveLeft,1724,265,None
3664,1143,265,MoveLeft,1724,265,None
3665,1136,265,MoveLeft,1724,265,None
3666,1129,265,MoveLeft,1724,265,None
3667,1122,265,MoveLeft,1724,265,None
3668,1115,265,MoveLeft,1724,265,None
3669,1108,265,MoveLeft,1724,265,None
3685,1101,265,MoveLeft,1724,265,None
3686,1094,265,MoveLeft,1724,265,None
3687,1087,265,MoveLeft,1724,265,None
3688,1080,265,MoveLeft,1724,265,None
3689,1073,265,MoveLeft,1724,265,None
3690,1066,265,MoveLeft,1724,265,None
3711,1073,265,MoveRight,1724,265,None
3712,1080,265,MoveRight,1724,265,None
3713,1087,265,MoveRight,1724,265,None
3714,1094,265,MoveRight,1724,265,None
3715,1101,265,MoveRight,1724,265,None
3725,1101,284.62,None,1724,265,None
3743,1101,471.01,None,1724,265,None
3781,1157,265,MoveRight,2410,265,None
3782,1164,265,MoveRight,2410,265,None
3783,1171,265,MoveRight,2410,265,None
3784,1178,265,MoveRight,2410,265,None
3785,1185,265,MoveRight,2410,265,None
3786,1192,265,MoveRight,2410,265,None
3787,1199,265,MoveRight,2410,265,None
3788,1206,265,MoveRight,2410,265,None
3808,1206,265,None,2410,265,None
3822,1206,265,None,2410,265,Serve
3822,1206,265,None,2410,265,None
3829,1199,265,MoveLeft,2410,265,None
3830,1192,265,MoveLeft,2410,265,None
3831,1185,265,MoveLeft,2410,265,None
3832,1178,265,MoveLeft,2410,265,None
3833,1171,265,MoveLeft,2410,265,None
3834,1164,265,MoveLeft,2410,265,None
3835,1157,265,MoveLeft,2410,265,None
3836,1150,265,MoveLeft,2410,265,None
3837,1143,265,MoveLeft,2410,265,None
3841,1143,265,None,2403,265,MoveLeft
3842,1143,265,None,2396,265,MoveLeft
3843,1143,265,None,2389,265,MoveLeft
3844,1143,265,None,2382,265,MoveLeft
3845,1143,265,None,2375,265,MoveLeft
3846,1143,265,None,2368,265,MoveLeft
3847,1143,265,None,2361,265,MoveLeft
3848,1143,265,None,2354,265,MoveLeft
3849,1136,265,MoveLeft,2354,265,None
3849,1136,265,None,2347,265,MoveLeft
3850,1129,265,MoveLeft,2347,265,None
3850,1129,265,None,2340,265,MoveLeft
3851,1122,265,MoveLeft,2340,265,None
3851,1122,265,None,2333,265,MoveLeft
3852,1115,265,MoveLeft,2333,265,None
3852,1115,265,None,2326,265,MoveLeft
3853,1108,265,MoveLeft,2326,265,None
3853,1108,265,None,2319,265,MoveLeft
3854,1101,265,MoveLeft,2319,265,None
3854,1101,265,None,2312,265,MoveLeft
3855,1094,265,MoveLeft,2312,265,None
3855,1094,265,None,2305,265,MoveLeft
3856,1087,265,MoveLeft,2305,265,None
3856,1087,265,None,2298,265,MoveLeft
3857,1080,265,MoveLeft,2298,265,None
3857,1080,265,None,2291,265,MoveLeft
3858,1073,265,MoveLeft,2291,265,None
3858,1073,265,None,2284,265,MoveLeft
3859,1066,265,MoveLeft,2284,265,None
3859,1066,265,None,2277,265,MoveLeft
3860,1059,265,MoveLeft,2277,265,None
3860,1059,265,None,2270,265,MoveLeft
3861,1052,265,MoveLeft,2270,265,None
3861,1052,265,None,2263,265,MoveLeft
3862,1045,265,MoveLeft,2263,265,None
3862,1045,265,None,2256,265,MoveLeft
3863,1038,265,MoveLeft,2256,265,None
3863,1038,265,None,2249,265,MoveLeft
3864,1031,265,MoveLeft,2249,265,None
3864,1031,265,None,2242,265,MoveLeft
3865,1024,265,MoveLeft,2242,265,None
3865,1024,265,None,2235,265,MoveLeft
3866,1017,265,MoveLeft,2235,265,None
3866,1017,265,None,2228,265,MoveLeft
3867,1010,265,MoveLeft,2228,265,None
3867,1010,265,None,2221,265,MoveLeft
3868,1003,265,MoveLeft,2221,265,None
3868,1003,265,None,2214,265,MoveLeft
3869,996,265,MoveLeft,2214,265,None
3869,996,265,None,2207,265,MoveLeft
3870,989,265,MoveLeft,2207,265,None
3870,989,265,None,2200,265,MoveLeft
3871,982,265,MoveLeft,2200,265,None
3871,982,265,None,2193,265,MoveLeft
3872,975,265,MoveLeft,2193,265,None
3872,975,265,None,2186,265,MoveLeft
3873,968,265,MoveLeft,2186,265,None
3873,968,265,None,2179,265,MoveLeft
3874,961,265,MoveLeft,2179,265,None
3874,961,265,None,2172,265,MoveLeft
3875,954,265,MoveLeft,2172,265,None
3875,954,265,None,2165,265,MoveLeft
3876,947,265,MoveLeft,2165,265,None
3876,947,265,None,2158,265,MoveLeft
3877,940,265,MoveLeft,2158,265,None
3877,940,265,None,2151,265,MoveLeft
3878,933,265,MoveLeft,2151,265,None
3878,933,265,None,2144,265,MoveLeft
3879,926,265,MoveLeft,2144,265,None
3879,926,265,None,2137,265,MoveLeft
3880,919,265,MoveLeft,2137,265,None
3880,919,265,None,2130,265,MoveLeft
3881,912,265,MoveLeft,2130,265,None
3881,912,265,None,2123,265,MoveLeft
3882,905,265,MoveLeft,2123,265,None
3882,905,265,None,2116,265,MoveLeft
3883,898,265,MoveLeft,2116,265,None
3883,898,265,None,2109,265,MoveLeft
3884,891,265,MoveLeft,2109,265,None
3884,891,265,None,2102,265,MoveLeft
3885,884,265,MoveLeft,2102,265,None
3885,884,265,None,2095,265,MoveLeft
3886,877,265,MoveLeft,2095,265,None
3886,877,265,None,2088,265,MoveLeft
3887,870,265,MoveLeft,2088,265,None
3887,870,265,None,2081,265,MoveLeft
3888,870,265,None,2081,265,None
3888,870,265,None,2074,265,MoveLeft
3889,870,265,None,2074,265,None
3889,870,265,None,2067,265,MoveLeft
3890,870,265,None,2067,265,None
3890,870,265,None,2060,265,MoveLeft
3891,870,265,None,2060,265,None
3891,870,265,None,2053,265,MoveLeft
3892,870,265,None,2053,265,None
3892,870,265,None,2046,265,MoveLeft
3893,870,265,None,2046,265,None
3893,870,265,None,2039,265,MoveLeft
3894,870,265,Bump,2039,265,None
3894,870,265,None,2039,265,None
3894,870,265,None,2032,265,MoveLeft
3895,870,265,None,2025,265,MoveLeft
3896,870,265,None,2018,265,MoveLeft
3897,870,265,None,2011,265,MoveLeft
3898,870,265,None,2004,265,MoveLeft
3899,870,265,None,1997,265,MoveLeft
3900,870,265,None,1990,265,MoveLeft
3901,870,265,None,1983,265,MoveLeft
3902,870,265,None,1976,265,MoveLeft
3903,870,265,None,1969,265,MoveLeft
3904,870,265,None,1962,265,MoveLeft
3905,870,265,None,1955,265,MoveLeft
3906,870,265,None,1948,265,MoveLeft
3907,870,265,None,1941,265,MoveLeft
3908,870,265,None,1934,265,MoveLeft
3909,870,265,None,1927,265,MoveLeft
3910,870,265,None,1920,265,MoveLeft
3911,870,265,None,1913,265,MoveLeft
3912,870,265,None,1906,265,MoveLeft
3913,877,265,MoveRight,1906,265,None
3913,877,265,None,1899,265,MoveLeft
3914,884,265,MoveRight,1899,265,None
3914,884,265,None,1892,265,MoveLeft
3915,891,265,MoveRight,1892,265,None
3915,891,265,None,1885,265,MoveLeft
3916,898,265,MoveRight,1885,265,None
3916,898,265,None,1878,265,MoveLeft
3917,905,265,MoveRight,1878,265,None
3917,905,265,None,1871,265,MoveLeft
3918,912,265,MoveRight,1871,265,None
3918,912,265,None,1864,265,MoveLeft
3919,919,265,MoveRight,1864,265,None
3919,919,265,None,1857,265,MoveLeft
3920,926,265,MoveRight,1857,265,None
3920,926,265,None,1850,265,MoveLeft
3921,933,265,MoveRight,1850,265,None
3921,933,265,None,1843,265,MoveLeft
3922,940,265,MoveRight,1843,265,None
3922,940,265,None,1836,265,MoveLeft
3923,947,265,MoveRight,1836,265,None
3923,947,265,None,1829,265,MoveLeft
3924,954,265,MoveRight,1829,265,None
3924,954,265,None,1822,265,MoveLeft
3925,961,265,MoveRight,1822,265,None
3925,961,265,None,1815,265,MoveLeft
3926,968,265,MoveRight,1815,265,None
3926,968,265,None,1808,265,MoveLeft
3927,975,265,MoveRight,1808,265,None
3927,975,265,None,1801,265,MoveLeft
3928,982,265,MoveRight,1801,265,None
3928,982,265,None,1794,265,MoveLeft
3929,989,265,MoveRight,1794,265,None
3929,989,265,None,1787,265,MoveLeft
3930,996,265,MoveRight,1787,265,None
3930,996,265,None,1780,265,MoveLeft
3931,1003,265,MoveRight,1780,265,None
3931,1003,265,None,1773,265,MoveLeft
3932,1010,265,MoveRight,1773,265,None
3932,1010,265,None,1766,265,MoveLeft
3933,1017,265,MoveRight,1766,265,None
3933,1017,265,None,1759,265,MoveLeft
3934,1024,265,MoveRight,1759,265,None
3934,1024,265,None,1752,265,MoveLeft
3935,1031,265,MoveRight,1752,265,None
3935,1031,265,None,1745,265,MoveLeft
3936,1038,265,MoveRight,1745,265,None
3936,1038,265,None,1738,265,MoveLeft
3937,1045,265,MoveRight,1738,265,None
3937,1045,265,None,1731,265,MoveLeft
3938,1052,265,MoveRight,1731,265,None
3939,1059,265,MoveRight,1731,265,None
3940,1066,265,MoveRight,1731,265,None
3941,1073,265,MoveRight,1731,265,None
3942,1080,265,MoveRight,1731,265,None
3943,1087,265,MoveRight,1731,265,None
3944,1094,265,MoveRight,1731,265,None
3945,1101,265,MoveRight,1731,265,None
3946,1108,265,MoveRight,1731,265,None
3947,1115,265,MoveRight,1731,265,None
3948,1122,265,MoveRight,1731,265,None
3949,1129,265,MoveRight,1731,265,None
3950,1136,265,MoveRight,1731,265,None
3951,1143,265,MoveRight,1731,265,None
3952,1150,265,MoveRight,1731,265,None
3953,1157,265,MoveRight,1731,265,None
3954,1164,265,MoveRight,1731,265,None
3955,1171,265,MoveRight,1731,265,None
3956,1178,265,MoveRight,1731,265,None
3957,1185,265,MoveRight,1731,265,None
3958,1192,265,MoveRight,1731,265,None
3959,1199,265,MoveRight,1731,265,None
3960,1206,265,MoveRight,1731,265,None
3961,1213,265,MoveRight,1731,265,None
3962,1220,265,MoveRight,1731,265,None
3963,1227,265,MoveRight,1731,265,None
3964,1234,265,MoveRight,1731,265,None
3965,1241,265,MoveRight,1731,265,None
3966,1248,265,MoveRight,1731,265,None
3967,1255,265,MoveRight,1731,265,None
3982,1255,265,None,1724,265,MoveLeft
3983,1262,265,MoveRight,1724,265,None
3984,1269,265,MoveRight,1724,265,None
3985,1276,265,MoveRight,1724,265,None
3986,1283,265,MoveRight,1724,265,None
3987,1290,265,MoveRight,1724,265,None
3988,1297,265,MoveRight,1724,265,None
3989,1304,265,MoveRight,1724,265,None
3990,1311,265,MoveRight,1724,265,None
4000,1304,265,MoveLeft,1724,265,None
4001,1297,265,MoveLeft,1724,265,None
4002,1290,265,MoveLeft,1724,265,None
4003,1283,265,MoveLeft,1724,265,None
4004,1276,265,MoveLeft,1724,265,None
4005,1269,265,MoveLeft,1724,265,None
4006,1262,265,MoveLeft,1724,265,None
4007,1255,265,MoveLeft,1724,265,None
4008,1248,265,MoveLeft,1724,265,None
4009,1241,265,MoveLeft,1724,265,None
4010,1234,265,MoveLeft,1724,265,None
4011,1227,265,MoveLeft,1724,265,None
4012,1220,265,MoveLeft,1724,265,None
4013,1213,265,MoveLeft,1724,265,None
4014,1206,265,MoveLeft,1724,265,None
4015,1199,265,MoveLeft,1724,265,None
4016,1192,265,MoveLeft,1724,265,None
4017,1185,265,MoveLeft,1724,265,None
4018,1178,265,MoveLeft,1724,265,None
4019,1171,265,MoveLeft,1724,265,None
4020,1164,265,MoveLeft,1724,265,None
4021,1157,265,MoveLeft,1724,265,None
4022,1150,265,MoveLeft,1724,265,None
4023,1143,265,MoveLeft,1724,265,None
4024,1136,265,MoveLeft,1724,265,None
4025,1129,265,MoveLeft,1724,265,None
4026,1122,265,MoveLeft,1724,265,None
4027,1115,265,MoveLeft,1724,265,None
4028,1108,265,MoveLeft,1724,265,None
4029,1101,265,MoveLeft,1724,265,None
4038,1101,265,Set,1724,265,None
4038,1101,265,None,1724,265,None
4055,1108,265,MoveRight,1724,265,None
4056,1115,265,MoveRight,1724,265,None
4057,1122,265,MoveRight,1724,265,None
4058,1129,265,MoveRight,1724,265,None
4059,1136,265,MoveRight,1724,265,None
4060,1143,265,MoveRight,1724,265,None
4061,1150,265,MoveRight,1724,265,None
4062,1157,265,MoveRight,1724,265,None
4063,1164,265,MoveRight,1724,265,None
4070,1157,265,MoveLeft,1724,265,None
4071,1150,265,MoveLeft,1724,265,None
4072,1143,265,MoveLeft,1724,265,None
4073,1136,265,MoveLeft,1724,265,None
4074,1129,265,MoveLeft,1724,265,None
4075,1122,265,MoveLeft,1724,265,None
4076,1115,265,MoveLeft,1724,265,None
4077,1108,265,MoveLeft,1724,265,None
4078,1101,265,MoveLeft,1724,265,None
4079,1094,265,MoveLeft,1724,265,None
4080,1087,265,MoveLeft,1724,265,None
4081,1080,265,MoveLeft,1724,265,None
4082,1073,265,MoveLeft,1724,265,None
4083,1066,265,MoveLeft,1724,265,None
4095,1059,265,MoveLeft,1724,265,None
4096,1052,265,MoveLeft,1724,265,None
4097,1045,265,MoveLeft,1724,265,None
4098,1038,265,MoveLeft,1724,265,None
4099,1031,265,MoveLeft,1724,265,None
4100,1024,265,MoveLeft,1724,265,None
4120,1024,284.62,None,1724,265,None
4149,1024,559.3,Spike,1724,265,None
4149,1024,578.92,None,1724,265,None
4194,1150,265,None,2410,265,None
4211,1150,265,None,2410,265,Serve
4211,1150,265,None,2410,265,None
4230,1150,265,None,2403,265,MoveLeft
4231,1150,265,None,2396,265,MoveLeft
4232,1150,265,None,2389,265,MoveLeft
4233,1150,265,None,2382,265,MoveLeft
4234,1143,265,MoveLeft,2382,265,None
4234,1143,265,None,2375,265,MoveLeft
4235,1136,265,MoveLeft,2375,265,None
4235,1136,265,None,2368,265,MoveLeft
4236,1129,265,MoveLeft,2368,265,None
4236,1129,265,None,2361,265,MoveLeft
4237,1122,265,MoveLeft,2361,265,None
4237,1122,265,None,2354,265,MoveLeft
4238,1115,265,MoveLeft,2354,265,None
4238,1115,265,None,2347,265,MoveLeft
4239,1108,265,MoveLeft,2347,265,None
4239,1108,265,None,2340,265,MoveLeft
4240,1101,265,MoveLeft,2340,265,None
4240,1101,265,None,2333,265,MoveLeft
4241,1094,265,MoveLeft,2333,265,None
4241,1094,265,None,2326,265,MoveLeft
4242,1087,265,MoveLeft,2326,265,None
4242,1087,265,None,2319,265,MoveLeft
4243,1080,265,MoveLeft,2319,265,None
4243,1080,265,None,2312,265,MoveLeft
4244,1073,265,MoveLeft,2312,265,None
4244,1073,265,None,2305,265,MoveLeft
4245,1066,265,MoveLeft,2305,265,None
4245,1066,265,None,2298,265,MoveLeft
4246,1066,265,None,2291,265,MoveLeft
4247,1066,265,None,2284,265,MoveLeft
4248,1066,265,None,2277,265,MoveLeft
4249,1066,265,None,2270,265,MoveLeft
4250,1066,265,None,2263,265,MoveLeft
4251,1066,265,None,2256,265,MoveLeft
4252,1066,265,None,2249,265,MoveLeft
4253,1066,265,None,2242,265,MoveLeft
4254,1066,265,None,2235,265,MoveLeft
4255,1066,265,None,2228,265,MoveLeft
4256,1066,265,None,2221,265,MoveLeft
4257,1066,265,None,2214,265,MoveLeft
4258,1066,265,None,2207,265,MoveLeft
4259,1066,265,None,2200,265,MoveLeft
4260,1066,265,None,2193,265,MoveLeft
4261,1066,265,None,2186,265,MoveLeft
4262,1066,265,None,2179,265,MoveLeft
4263,1066,265,None,2172,265,MoveLeft
4264,1066,265,None,2165,265,MoveLeft
4265,1066,265,None,2158,265,MoveLeft
4266,1066,265,None,2151,265,MoveLeft
4267,1059,265,MoveLeft,2151,265,None
4267,1059,265,None,2144,265,MoveLeft
4268,1052,265,MoveLeft,2144,265,None
4268,1052,265,None,2137,265,MoveLeft
4269,1045,265,MoveLeft,2137,265,None
4269,1045,265,None,2130,265,MoveLeft
4270,1038,265,MoveLeft,2130,265,None
4270,1038,265,None,2123,265,MoveLeft
4271,1031,265,MoveLeft,2123,265,None
4271,1031,265,None,2116,265,MoveLeft
4272,1024,265,MoveLeft,2116,265,None
4272,1024,265,None,2109,265,MoveLeft
4273,1017,265,MoveLeft,2109,265,None
4273,1017,265,None,2102,265,MoveLeft
4274,1010,265,MoveLeft,2102,265,None
4274,1010,265,None,2095,265,MoveLeft
4275,1003,265,MoveLeft,2095,265,None
4275,1003,265,None,2088,265,MoveLeft
4276,996,265,MoveLeft,2088,265,None
4276,996,265,None,2081,265,MoveLeft
4277,989,265,MoveLeft,2081,265,None
4277,989,265,None,2074,265,MoveLeft
4278,982,265,MoveLeft,2074,265,None
4278,982,265,None,2067,265,MoveLeft
4279,975,265,MoveLeft,2067,265,None
4279,975,265,None,2060,265,MoveLeft
4280,968,265,MoveLeft,2060,265,None
4280,968,265,None,2053,265,MoveLeft
4281,968,265,Bump,2053,265,None
4281,961,265,MoveLeft,2053,265,None
4281,961,265,None,2046,265,MoveLeft
4282,961,265,None,2039,265,MoveLeft
4283,961,265,None,2032,265,MoveLeft
4284,961,265,None,2025,265,MoveLeft
4285,961,265,None,2018,265,MoveLeft
4286,961,265,None,2011,265,MoveLeft
4287,961,265,None,2004,265,MoveLeft
4288,961,265,None,1997,265,MoveLeft
4289,961,265,None,1990,265,MoveLeft
4290,961,265,None,1983,265,MoveLeft
4291,961,265,None,1976,265,MoveLeft
4292,961,265,None,1969,265,MoveLeft
4293,961,265,None,1962,265,MoveLeft
4294,961,265,None,1955,265,MoveLeft
4295,961,265,None,1948,265,MoveLeft
4296,961,265,None,1941,265,MoveLeft
4297,961,265,None,1934,265,MoveLeft
4298,961,265,None,1927,265,MoveLeft
4299,961,265,None,1920,265,MoveLeft
4300,968,265,MoveRight,1920,265,None
4300,968,265,None,1913,265,MoveLeft
4301,975,265,MoveRight,1913,265,None
4301,975,265,None,1906,265,MoveLeft
4302,982,265,MoveRight,1906,265,None
4302,982,265,None,1899,265,MoveLeft
4303,989,265,MoveRight,1899,265,None
4303,989,265,None,1892,265,MoveLeft
4304,996,265,MoveRight,1892,265,None
4304,996,265,None,1885,265,MoveLeft
4305,1003,265,MoveRight,1885,265,None
4305,1003,265,None,1878,265,MoveLeft
4306,1010,265,MoveRight,1878,265,None
4306,1010,265,None,1871,265,MoveLeft
4307,1017,265,MoveRight,1871,265,None
4307,1017,265,None,1864,265,MoveLeft
4308,1017,265,None,1857,265,MoveLeft
4309,1017,265,None,1850,265,MoveLeft
4310,1017,265,None,1843,265,MoveLeft
4311,1017,265,None,1836,265,MoveLeft
4312,1017,265,None,1829,265,MoveLeft
4313,1017,265,None,1822,265,MoveLeft
4314,1017,265,None,1815,265,MoveLeft
4315,1017,265,None,1808,265,MoveLeft
4316,1017,265,None,1801,265,MoveLeft
4317,1017,265,None,1794,265,MoveLeft
4318,1017,265,None,1787,265,MoveLeft
4319,1017,265,None,1780,265,MoveLeft
4320,1017,265,None,1773,265,MoveLeft
4321,1017,265,None,1766,265,MoveLeft
4322,1017,265,None,1759,265,MoveLeft
4323,1017,265,None,1752,265,MoveLeft
4324,1017,265,None,1745,265,MoveLeft
4325,1017,265,None,1738,265,MoveLeft
4326,1017,265,None,1731,265,MoveLeft
4327,1017,265,None,1724,265,MoveLeft
4328,1017,265,None,1717,265,MoveLeft
4329,1017,265,None,1710,265,MoveLeft
4330,1017,265,None,1703,265,MoveLeft
4331,1017,265,None,1696,265,MoveLeft
4332,1017,265,None,1689,265,MoveLeft
4333,1017,265,None,1682,265,MoveLeft
4334,1017,265,None,1675,265,MoveLeft
4335,1017,265,None,1668,265,MoveLeft
4336,1017,265,None,1661,265,MoveLeft
4337,1017,265,None,1654,265,MoveLeft
4338,1017,265,None,1647,265,MoveLeft
4339,1017,265,None,1640,265,MoveLeft
4340,1017,265,None,1633,265,MoveLeft
4341,1017,265,None,1626,265,MoveLeft
4342,1017,265,None,1619,265,MoveLeft
4343,1017,265,None,1612,265,MoveLeft
4344,1017,265,None,1605,265,MoveLeft
4345,1017,265,None,1598,265,MoveLeft
4346,1017,265,None,1591,265,MoveLeft
4347,1017,265,None,1584,265,MoveLeft
4348,1017,265,None,1577,265,MoveLeft
4349,1017,265,None,1570,265,MoveLeft
4350,1017,265,None,1563,265,MoveLeft
4351,1017,265,None,1556,265,MoveLeft
4352,1017,265,None,1549,265,MoveLeft
4353,1017,265,None,1542,265,MoveLeft
4354,1017,265,None,1535,265,MoveLeft
4355,1010,265,MoveLeft,1535,265,None
4355,1010,265,None,1528,265,MoveLeft
4356,1003,265,MoveLeft,1528,265,None
4356,1003,265,None,1521,265,MoveLeft
4357,996,265,MoveLeft,1521,265,None
4357,996,265,None,1514,265,MoveLeft
4358,989,265,MoveLeft,1514,265,None
4358,989,265,None,1507,265,MoveLeft
4359,982,265,MoveLeft,1507,265,None
4359,982,265,None,1500,265,MoveLeft
4360,975,265,MoveLeft,1500,265,None
4360,975,265,None,1493,265,MoveLeft
4361,968,265,MoveLeft,1493,265,None
4361,968,265,None,1486,265,MoveLeft
4362,961,265,MoveLeft,1486,265,None
4362,961,265,None,1479,265,MoveLeft
4363,954,265,MoveLeft,1479,265,None
4377,961,265,MoveRight,1479,265,None
4378,968,265,MoveRight,1479,265,None
4379,975,265,MoveRight,1479,265,None
4380,975,265,None,1479,265,SpikeLight
4380,982,265,MoveRight,1479,265,None
4380,982,265,None,1479,265,None
4381,989,265,MoveRight,1479,265,None
4382,996,265,MoveRight,1479,265,None
4383,1003,265,MoveRight,1479,265,None
4384,1010,265,MoveRight,1479,265,None
4385,1017,265,MoveRight,1479,265,None
4386,1024,265,MoveRight,1479,265,None
4387,1031,265,MoveRight,1479,265,None
4388,1038,265,MoveRight,1479,265,None
4389,1045,265,MoveRight,1479,265,None
4390,1052,265,MoveRight,1479,265,None
4390,1052,265,None,1486,265,MoveRight
4391,1059,265,MoveRight,1486,265,None
4391,1059,265,None,1493,265,MoveRight
4392,1066,265,MoveRight,1493,265,None
4392,1066,265,None,1500,265,MoveRight
4393,1073,265,MoveRight,1500,265,None
4393,1073,265,None,1507,265,MoveRight
4394,1073,265,None,1514,265,MoveRight
4395,1073,265,None,1521,265,MoveRight
4396,1073,265,None,1528,265,MoveRight
4397,1073,265,None,1535,265,MoveRight
4398,1073,265,None,1542,265,MoveRight
4399,1073,265,None,1549,265,MoveRight
4400,1073,265,None,1556,265,MoveRight
4401,1073,265,None,1563,265,MoveRight
4402,1073,265,None,1570,265,MoveRight
4403,1073,265,None,1577,265,MoveRight
4404,1073,265,None,1584,265,MoveRight
4405,1073,265,None,1591,265,MoveRight
4406,1073,265,None,1598,265,MoveRight
4407,1073,265,None,1605,265,MoveRight
4408,1073,265,None,1612,265,MoveRight
4409,1073,265,None,1619,265,MoveRight
4410,1073,265,None,1626,265,MoveRight
4411,1080,265,MoveRight,1626,265,None
4411,1080,265,None,1633,265,MoveRight
4412,1087,265,MoveRight,1633,265,None
4412,1087,265,None,1640,265,MoveRight
4413,1094,265,MoveRight,1640,265,None
4413,1094,265,None,1647,265,MoveRight
4414,1101,265,MoveRight,1647,265,None
4414,1101,265,None,1654,265,MoveRight
4415,1108,265,MoveRight,1654,265,None
4415,1108,265,None,1661,265,MoveRight
4416,1115,265,MoveRight,1661,265,None
4416,1115,265,None,1668,265,MoveRight
4417,1122,265,MoveRight,1668,265,None
4417,1122,265,None,1675,265,MoveRight
4418,1129,265,MoveRight,1675,265,None
4418,1129,265,None,1682,265,MoveRight
4419,1129,265,None,1689,265,MoveRight
4420,1129,265,None,1696,265,MoveRight
4421,1129,265,None,1703,265,MoveRight
4422,1129,265,None,1710,265,MoveRight
4423,1129,265,None,1717,265,MoveRight
4424,1129,265,None,1724,265,MoveRight
4425,1129,265,None,1724,265,None
4426,1129,265,None,1724,265,None
4427,1129,265,None,1724,265,None
4428,1129,265,None,1724,265,None
4429,1129,265,None,1724,265,None
4430,1129,265,None,1724,265,None
4431,1129,265,None,1724,265,None
4432,1129,265,None,1724,265,None
4433,1129,265,None,1724,265,None
4434,1129,265,None,1724,265,None
4435,1129,265,None,1724,265,None
4436,1129,265,None,1724,265,None
4437,1129,265,None,1724,265,None
4438,1129,265,Set,1724,265,None
4438,1129,265,None,1724,265,None
4438,1129,265,None,1724,265,None
4455,1136,265,MoveRight,1724,265,None
4456,1143,265,MoveRight,1724,265,None
4457,1150,265,MoveRight,1724,265,None
4458,1157,265,MoveRight,1724,265,None
4459,1164,265,MoveRight,1724,265,None
4460,1171,265,MoveRight,1724,265,None
4461,1178,265,MoveRight,1724,265,None
4462,1185,265,MoveRight,1724,265,None
4463,1192,265,MoveRight,1724,265,None
4468,1185,265,MoveLeft,1724,265,None
4469,1178,265,MoveLeft,1724,265,None
4470,1171,265,MoveLeft,1724,265,None
4471,1164,265,MoveLeft,1724,265,None
4472,1157,265,MoveLeft,1724,265,None
4473,1150,265,MoveLeft,1724,265,None
4474,1143,265,MoveLeft,1724,265,None
4475,1136,265,MoveLeft,1724,265,None
4476,1129,265,MoveLeft,1724,265,None
4477,1122,265,MoveLeft,1724,265,None
4478,1115,265,MoveLeft,1724,265,None
4504,1108,265,MoveLeft,1724,265,None
4505,1101,265,MoveLeft,1724,265,None
4506,1094,265,MoveLeft,1724,265,None
4507,1087,265,MoveLeft,1724,265,None
4541,1094,265,MoveRight,1724,265,None
4542,1101,265,MoveRight,1724,265,None
4543,1108,265,MoveRight,1724,265,None
4544,1115,265,MoveRight,1724,265,None
4545,1122,265,MoveRight,1724,265,None
4567,1122,265,Set,1724,265,None
4567,1122,265,None,1724,265,None
4586,1129,265,MoveRight,1724,265,None
4587,1136,265,MoveRight,1724,265,None
4588,1143,265,MoveRight,1724,265,None
4589,1150,265,MoveRight,1724,265,None
4590,1157,265,MoveRight,1724,265,None
4591,1164,265,MoveRight,1724,265,None
4592,1171,265,MoveRight,1724,265,None
4593,1178,265,MoveRight,1724,265,None
4603,1171,265,MoveLeft,1724,265,None
4604,1164,265,MoveLeft,1724,265,None
4605,1157,265,MoveLeft,1724,265,None
4606,1150,265,MoveLeft,1724,265,None
4607,1143,265,MoveLeft,1724,265,None
4608,1136,265,MoveLeft,1724,265,None
4620,1129,265,MoveLeft,1724,265,None
4621,1122,265,MoveLeft,1724,265,None
4622,1115,265,MoveLeft,1724,265,None
4623,1108,265,MoveLeft,1724,265,None
4624,1101,265,MoveLeft,1724,265,None
4625,1094,265,MoveLeft,1724,265,None
4657,1094,284.62,None,1724,265,None
4678,1094,500.44,None,1724,265,None
4711,1157,265,MoveRight,2410,265,None
4712,1164,265,MoveRight,2410,265,None
4713,1171,265,MoveRight,2410,265,None
4714,1178,265,MoveRight,2410,265,None
4715,1185,265,MoveRight,2410,265,None
4716,1192,265,MoveRight,2410,265,None
4717,1199,265,MoveRight,2410,265,None
4718,1206,265,MoveRight,2410,265,None
4719,1213,265,MoveRight,2410,265,None
4720,1220,265,MoveRight,2410,265,None
4755,1220,265,None,2410,265,Serve
4755,1220,265,None,2410,265,None
4756,1213,265,MoveLeft,2410,265,None
4757,1206,265,MoveLeft,2410,265,None
4758,1199,265,MoveLeft,2410,265,None
4759,1192,265,MoveLeft,2410,265,None
4760,1185,265,MoveLeft,2410,265,None
4761,1178,265,MoveLeft,2410,265,None
4762,1171,265,MoveLeft,2410,265,None
4763,1164,265,MoveLeft,2410,265,None
4764,1157,265,MoveLeft,2410,265,None
4765,1150,265,MoveLeft,2410,265,None
4766,1143,265,MoveLeft,2410,265,None
4767,1136,265,MoveLeft,2410,265,None
4768,1129,265,MoveLeft,2410,265,None
4769,1122,265,MoveLeft,2410,265,None
4770,1115,265,MoveLeft,2410,265,None
4771,1108,265,MoveLeft,2410,265,None
4772,1101,265,MoveLeft,2410,265,None
4773,1094,265,MoveLeft,2410,265,None
4774,1087,265,MoveLeft,2410,265,None
4774,1087,265,None,2403,265,MoveLeft
4775,1080,265,MoveLeft,2403,265,None
4775,1080,265,None,2396,265,MoveLeft
4776,1073,265,MoveLeft,2396,265,None
4776,1073,265,None,2389,265,MoveLeft
4777,1066,265,MoveLeft,2389,265,None
4777,1066,265,None,2382,265,MoveLeft
4778,1059,265,MoveLeft,2382,265,None
4778,1059,265,None,2375,265,MoveLeft
4779,1052,265,MoveLeft,2375,265,None
4779,1052,265,None,2368,265,MoveLeft
4780,1045,265,MoveLeft,2368,265,None
4780,1045,265,None,2361,265,MoveLeft
4781,1038,265,MoveLeft,2361,265,None
4781,1038,265,None,2354,265,MoveLeft
4782,1038,265,None,2347,265,MoveLeft
4783,1038,265,None,2340,265,MoveLeft
4784,1038,265,None,2333,265,MoveLeft
4785,1038,265,None,2326,265,MoveLeft
4786,1038,265,None,2319,265,MoveLeft
4787,1038,265,None,2312,265,MoveLeft
4788,1038,265,None,2305,265,MoveLeft
4789,1038,265,None,2298,265,MoveLeft
4790,1038,265,None,2291,265,MoveLeft
4791,1038,265,None,2284,265,MoveLeft
4792,1038,265,None,2277,265,MoveLeft
4793,1038,265,None,2270,265,MoveLeft
4794,1038,265,None,2263,265,MoveLeft
4795,1038,265,None,2256,265,MoveLeft
4796,1038,265,None,2249,265,MoveLeft
4797,1031,265,MoveLeft,2249,265,None
4797,1031,265,None,2242,265,MoveLeft
4798,1024,265,MoveLeft,2242,265,None
4798,1024,265,None,2235,265,MoveLeft
4799,1017,265,MoveLeft,2235,265,None
4799,1017,265,None,2228,265,MoveLeft
4800,1010,265,MoveLeft,2228,265,None
4800,1010,265,None,2221,265,MoveLeft
4801,1003,265,MoveLeft,2221,265,None
4801,1003,265,None,2214,265,MoveLeft
4802,996,265,MoveLeft,2214,265,None
4802,996,265,None,2207,265,MoveLeft
4803,989,265,MoveLeft,2207,265,None
4803,989,265,None,2200,265,MoveLeft
4804,982,265,MoveLeft,2200,265,None
4804,982,265,None,2193,265,MoveLeft
4805,975,265,MoveLeft,2193,265,None
4805,975,265,None,2186,265,MoveLeft
4806,968,265,MoveLeft,2186,265,None
4806,968,265,None,2179,265,MoveLeft
4807,961,265,MoveLeft,2179,265,None
4807,961,265,None,2172,265,MoveLeft
4808,954,265,MoveLeft,2172,265,None
4808,954,265,None,2165,265,MoveLeft
4809,947,265,MoveLeft,2165,265,None
4809,947,265,None,2158,265,MoveLeft
4810,940,265,MoveLeft,2158,265,None
4810,940,265,None,2151,265,MoveLeft
4811,933,265,MoveLeft,2151,265,None
4811,933,265,None,2144,265,MoveLeft
4812,926,265,MoveLeft,2144,265,None
4812,926,265,None,2137,265,MoveLeft
4813,919,265,MoveLeft,2137,265,None
4813,919,265,None,2130,265,MoveLeft
4814,912,265,MoveLeft,2130,265,None
4814,912,265,None,2123,265,MoveLeft
4815,912,265,None,2116,265,MoveLeft
4816,912,265,None,2109,265,MoveLeft
4817,912,265,None,2102,265,MoveLeft
4818,912,265,None,2095,265,MoveLeft
4819,912,265,None,2088,265,MoveLeft
4820,912,265,None,2081,265,MoveLeft
4821,912,265,None,2074,265,MoveLeft
4822,912,265,None,2067,265,MoveLeft
4823,912,265,None,2060,265,MoveLeft
4824,912,265,None,2053,265,MoveLeft
4825,912,265,None,2046,265,MoveLeft
4826,912,265,None,2039,265,MoveLeft
4827,912,265,None,2032,265,MoveLeft
4828,912,265,Bump,2032,265,None
4828,905,265,MoveLeft,2032,265,None
4828,905,265,None,2025,265,MoveLeft
4829,905,265,None,2018,265,MoveLeft
4830,905,265,None,2011,265,MoveLeft
4831,905,265,None,2004,265,MoveLeft
4832,905,265,None,1997,265,MoveLeft
4833,905,265,None,1990,265,MoveLeft
4834,905,265,None,1983,265,MoveLeft
4835,905,265,None,1976,265,MoveLeft
4836,905,265,None,1969,265,MoveLeft
4837,905,265,None,1962,265,MoveLeft
4838,905,265,None,1955,265,MoveLeft
4839,905,265,None,1948,265,MoveLeft
4840,905,265,None,1941,265,MoveLeft
4841,905,265,None,1934,265,MoveLeft
4842,905,265,None,1927,265,MoveLeft
4843,905,265,None,1920,265,MoveLeft
4844,905,265,None,1913,265,MoveLeft
4845,905,265,None,1906,265,MoveLeft
4846,905,265,None,1899,265,MoveLeft
4847,912,265,MoveRight,1899,265,None
4847,912,265,None,1892,265,MoveLeft
4848,919,265,MoveRight,1892,265,None
4848,919,265,None,1885,265,MoveLeft
4849,926,265,MoveRight,1885,265,None
4849,926,265,None,1878,265,MoveLeft
4850,933,265,MoveRight,1878,265,None
4850,933,265,None,1871,265,MoveLeft
4851,940,265,MoveRight,1871,265,None
4851,940,265,None,1864,265,MoveLeft
4852,947,265,MoveRight,1864,265,None
4852,947,265,None,1857,265,MoveLeft
4853,954,265,MoveRight,1857,265,None
4853,954,265,None,1850,265,MoveLeft
4854,961,265,MoveRight,1850,265,None
4854,961,265,None,1843,265,MoveLeft
4855,968,265,MoveRight,1843,265,None
4855,968,265,None,1836,265,MoveLeft
4856,975,265,MoveRight,1836,265,None
4856,975,265,None,1829,265,MoveLeft
4857,982,265,MoveRight,1829,265,None
4857,982,265,None,1822,265,MoveLeft
4858,989,265,MoveRight,1822,265,None
4858,989,265,None,1815,265,MoveLeft
4859,996,265,MoveRight,1815,265,None
4859,996,265,None,1808,265,MoveLeft
4860,1003,265,MoveRight,1808,265,None
4860,1003,265,None,1801,265,MoveLeft
4861,1010,265,MoveRight,1801,265,None
4861,1010,265,None,1794,265,MoveLeft
4862,1017,265,MoveRight,1794,265,None
4862,1017,265,None,1787,265,MoveLeft
4863,1024,265,MoveRight,1787,265,None
4863,1024,265,None,1780,265,MoveLeft
4864,1031,265,MoveRight,1780,265,None
4864,1031,265,None,1773,265,MoveLeft
4865,1038,265,MoveRight,1773,265,None
4865,1038,265,None,1766,265,MoveLeft
4866,1045,265,MoveRight,1766,265,None
4866,1045,265,None,1759,265,MoveLeft
4867,1052,265,MoveRight,1759,265,None
4867,1052,265,None,1752,265,MoveLeft
4868,1059,265,MoveRight,1752,265,None
4868,1059,265,None,1745,265,MoveLeft
4869,1066,265,MoveRight,1745,265,None
4869,1066,265,None,1738,265,MoveLeft
4870,1073,265,MoveRight,1738,265,None
4870,1073,265,None,1731,265,MoveLeft
4871,1080,265,MoveRight,1731,265,None
4896,1087,265,MoveRight,1731,265,None
4897,1094,265,MoveRight,1731,265,None
4898,1101,265,MoveRight,1731,265,None
4899,1108,265,MoveRight,1731,265,None
4900,1115,265,MoveRight,1731,265,None
4901,1122,265,MoveRight,1731,265,None
4902,1129,265,MoveRight,1731,265,None
4903,1136,265,MoveRight,1731,265,None
4904,1143,265,MoveRight,1731,265,None
4905,1150,265,MoveRight,1731,265,None
4906,1157,265,MoveRight,1731,265,None
4907,1164,265,MoveRight,1731,265,None
4908,1171,265,MoveRight,1731,265,None
4919,1171,265,None,1724,265,MoveLeft
4934,1164,265,MoveLeft,1724,265,None
4935,1157,265,MoveLeft,1724,265,None
4936,1150,265,MoveLeft,1724,265,None
4937,1143,265,MoveLeft,1724,265,None
4938,1136,265,MoveLeft,1724,265,None
4939,1129,265,MoveLeft,1724,265,None
4940,1122,265,MoveLeft,1724,265,None
4941,1115,265,MoveLeft,1724,265,None
4942,1108,265,MoveLeft,1724,265,None
4943,1101,265,MoveLeft,1724,265,None
4944,1094,265,MoveLeft,1724,265,None
4945,1087,265,MoveLeft,1724,265,None
4946,1080,265,MoveLeft,1724,265,None
4947,1073,265,MoveLeft,1724,265,None
4948,1066,265,MoveLeft,1724,265,None
4949,1059,265,MoveLeft,1724,265,None
4950,1052,265,MoveLeft,1724,265,None
4951,1045,265,MoveLeft,1724,265,None
4952,1038,265,MoveLeft,1724,265,None
4977,1038,265,Bump,1724,265,None
4977,1031,265,MoveLeft,1724,265,None
4978,1031,265,None,1717,265,MoveLeft
4979,1031,265,None,1710,265,MoveLeft
4980,1031,265,None,1703,265,MoveLeft
4981,1031,265,None,1696,265,MoveLeft
4982,1031,265,None,1689,265,MoveLeft
4983,1031,265,None,1682,265,MoveLeft
4984,1031,265,None,1675,265,MoveLeft
4985,1031,265,None,1668,265,MoveLeft
4986,1031,265,None,1661,265,MoveLeft
4987,1031,265,None,1654,265,MoveLeft
4988,1031,265,None,1647,265,MoveLeft
4989,1031,265,None,1640,265,MoveLeft
4990,1031,265,None,1633,265,MoveLeft
4991,1031,265,None,1626,265,MoveLeft
4992,1031,265,None,1619,265,MoveLeft
4993,1031,265,None,1612,265,MoveLeft
4994,1031,265,None,1605,265,MoveLeft
4995,1031,265,None,1598,265,MoveLeft
4996,1031,265,None,1591,265,MoveLeft
4997,1031,265,None,1584,265,MoveLeft
4998,1031,265,None,1577,265,MoveLeft
4999,1031,265,None,1570,265,MoveLeft
5000,1031,265,None,1563,265,MoveLeft
5014,1024,265,MoveLeft,1563,265,None
5015,1017,265,MoveLeft,1563,265,None
5016,1010,265,MoveLeft,1563,265,None
5017,1003,265,MoveLeft,1563,265,None
5018,996,265,MoveLeft,1563,265,None
5019,989,265,MoveLeft,1563,265,None
5020,982,265,MoveLeft,1563,265,None
5021,975,265,MoveLeft,1563,265,None
5022,968,265,MoveLeft,1563,265,None
5038,975,265,MoveRight,1563,265,None
5039,982,265,MoveRight,1563,265,None
5040,989,265,MoveRight,1563,265,None
5041,996,265,MoveRight,1563,265,None
5042,1003,265,MoveRight,1563,265,None
5043,1010,265,MoveRight,1563,265,None
5044,1017,265,MoveRight,1563,265,None
5045,1024,265,MoveRight,1563,265,None
5046,1031,265,MoveRight,1563,265,None
5064,1024,265,MoveLeft,1563,265,None
5065,1017,265,MoveLeft,1563,265,None
5066,1010,265,MoveLeft,1563,265,None
5067,1003,265,MoveLeft,1563,265,None
5068,996,265,MoveLeft,1563,265,None
5069,989,265,MoveLeft,1563,265,None
5070,982,265,MoveLeft,1563,265,None
5071,975,265,MoveLeft,1563,265,None
5077,975,265,None,1563,265,SpikeMedium
5077,975,265,None,1563,265,None
5088,975,265,None,1570,265,MoveRight
5089,975,265,None,1577,265,MoveRight
5090,975,265,None,1584,265,MoveRight
5091,975,265,None,1591,265,MoveRight
5092,968,265,MoveLeft,1591,265,None
5092,968,265,None,1598,265,MoveRight
5093,961,265,MoveLeft,1598,265,None
5093,961,265,None,1605,265,MoveRight
5094,954,265,MoveLeft,1605,265,None
5094,954,265,None,1612,265,MoveRight
5095,947,265,MoveLeft,1612,265,None
5095,947,265,None,1619,265,MoveRight
5096,947,265,None,1626,265,MoveRight
5097,947,265,None,1633,265,MoveRight
5098,947,265,None,1640,265,MoveRight
5099,947,265,None,1647,265,MoveRight
5100,947,265,None,1654,265,MoveRight
5101,947,265,None,1661,265,MoveRight
5102,947,265,None,1668,265,MoveRight
5103,940,265,MoveLeft,1668,265,None
5103,940,265,None,1675,265,MoveRight
5104,933,265,MoveLeft,1675,265,None
5104,933,265,None,1682,265,MoveRight
5105,926,265,MoveLeft,1682,265,None
5105,926,265,None,1689,265,MoveRight
5106,919,265,MoveLeft,1689,265,None
5106,919,265,None,1696,265,MoveRight
5107,912,265,MoveLeft,1696,265,None
5107,912,265,None,1703,265,MoveRight
5108,905,265,MoveLeft,1703,265,None
5108,905,265,None,1710,265,MoveRight
5109,898,265,MoveLeft,1710,265,None
5109,898,265,None,1717,265,MoveRight
5110,891,265,MoveLeft,1717,265,None
5110,891,265,None,1724,265,MoveRight
5111,884,265,MoveLeft,1724,265,None
5111,884,265,None,1724,265,None
5112,877,265,MoveLeft,1724,265,None
5112,877,265,None,1724,265,None
5113,870,265,MoveLeft,1724,265,None
5113,870,265,None,1724,265,None
5114,863,265,MoveLeft,1724,265,None
5114,863,265,None,1724,265,None
5115,856,265,MoveLeft,1724,265,None
5115,856,265,None,1724,265,None
5116,849,265,MoveLeft,1724,265,None
5116,849,265,None,1724,265,None
5117,842,265,MoveLeft,1724,265,None
5117,842,265,None,1724,265,None
5118,835,265,MoveLeft,1724,265,None
5118,835,265,None,1724,265,None
5119,828,265,MoveLeft,1724,265,None
5119,828,265,None,1724,265,None
5120,821,265,MoveLeft,1724,265,None
5120,821,265,None,1724,265,None
5121,814,265,MoveLeft,1724,265,None
5121,814,265,None,1724,265,None
5122,807,265,MoveLeft,1724,265,None
5122,807,265,None,1724,265,None
5123,800,265,MoveLeft,1724,265,None
5123,800,265,None,1724,265,None
5124,793,265,MoveLeft,1724,265,None
5124,793,265,None,1724,265,None
5125,786,265,MoveLeft,1724,265,None
5125,786,265,None,1724,265,None
5126,779,265,MoveLeft,1724,265,None
5126,779,265,None,1724,265,None
5127,772,265,MoveLeft,1724,265,None
5127,772,265,None,1724,265,None
5128,765,265,MoveLeft,1724,265,None
5128,765,265,None,1724,265,None
5129,758,265,MoveLeft,1724,265,None
5129,758,265,None,1724,265,None
5130,751,265,MoveLeft,1724,265,None
5130,751,265,None,1724,265,None
5131,744,265,MoveLeft,1724,265,None
5131,744,265,None,1724,265,None
5132,737,265,MoveLeft,1724,265,None
5132,737,265,None,1724,265,None
5133,730,265,MoveLeft,1724,265,None
5133,730,265,None,1724,265,None
5134,723,265,MoveLeft,1724,265,None
5134,723,265,None,1724,265,None
5135,716,265,MoveLeft,1724,265,None
5135,716,265,None,1724,265,None
5136,709,265,MoveLeft,1724,265,None
5136,709,265,None,1724,265,None
5137,709,265,None,1724,265,None
5138,709,265,None,1724,265,None
5139,709,265,None,1724,265,None
5140,709,265,None,1724,265,None
5141,709,265,None,1724,265,None
5142,709,265,None,1724,265,None
5143,709,265,Bump,1724,265,None
5143,702,265,MoveLeft,1724,265,None
5143,702,265,None,1724,265,None
5162,709,265,MoveRight,1724,265,None
5163,716,265,MoveRight,1724,265,None
5164,723,265,MoveRight,1724,265,None
5165,730,265,MoveRight,1724,265,None
5166,737,265,MoveRight,1724,265,None
5167,744,265,MoveRight,1724,265,None
5168,751,265,MoveRight,1724,265,None
5169,758,265,MoveRight,1724,265,None
5170,765,265,MoveRight,1724,265,None
5171,772,265,MoveRight,1724,265,None
5172,779,265,MoveRight,1724,265,None
5173,786,265,MoveRight,1724,265,None
5174,793,265,MoveRight,1724,265,None
5175,800,265,MoveRight,1724,265,None
5176,807,265,MoveRight,1724,265,None
5177,814,265,MoveRight,1724,265,None
5178,821,265,MoveRight,1724,265,None
5179,828,265,MoveRight,1724,265,None
5180,835,265,MoveRight,1724,265,None
5181,842,265,MoveRight,1724,265,None
5182,849,265,MoveRight,1724,265,None
5183,856,265,MoveRight,1724,265,None
5184,863,265,MoveRight,1724,265,None
5185,870,265,MoveRight,1724,265,None
5186,877,265,MoveRight,1724,265,None
5187,884,265,MoveRight,1724,265,None
5188,891,265,MoveRight,1724,265,None
5189,898,265,MoveRight,1724,265,None
5190,905,265,MoveRight,1724,265,None
5191,912,265,MoveRight,1724,265,None
5192,919,265,MoveRight,1724,265,None
5193,926,265,MoveRight,1724,265,None
5194,933,265,MoveRight,1724,265,None
5195,940,265,MoveRight,1724,265,None
5196,947,265,MoveRight,1724,265,None
5197,954,265,MoveRight,1724,265,None
5198,961,265,MoveRight,1724,265,None
5199,968,265,MoveRight,1724,265,None
5200,975,265,MoveRight,1724,265,None
5201,982,265,MoveRight,1724,265,None
5202,989,265,MoveRight,1724,265,None
5203,996,265,MoveRight,1724,265,None
5204,1003,265,MoveRight,1724,265,None
5205,1010,265,MoveRight,1724,265,None
5206,1017,265,MoveRight,1724,265,None
5207,1024,265,MoveRight,1724,265,None
5208,1031,265,MoveRight,1724,265,None
5209,1038,265,MoveRight,1724,265,None
5210,1045,265,MoveRight,1724,265,None
5211,1052,265,MoveRight,1724,265,None
5212,1059,265,MoveRight,1724,265,None
5213,1066,265,MoveRight,1724,265,None
5214,1073,265,MoveRight,1724,265,None
5215,1080,265,MoveRight,1724,265,None
5216,1087,265,MoveRight,1724,265,None
5217,1094,265,MoveRight,1724,265,None
5218,1101,265,MoveRight,1724,265,None
5219,1108,265,MoveRight,1724,265,None
5220,1115,265,MoveRight,1724,265,None
5221,1122,265,MoveRight,1724,265,None
5222,1129,265,MoveRight,1724,265,None
5223,1136,265,MoveRight,1724,265,None
5224,1143,265,MoveRight,1724,265,None
5225,1150,265,MoveRight,1724,265,None
5226,1157,265,MoveRight,1724,265,None
5227,1164,265,MoveRight,1724,265,None
5241,1164,265,Set,1724,265,None
5241,1164,265,None,1724,265,None
5270,1157,265,MoveLeft,1724,265,None
5271,1150,265,MoveLeft,1724,265,None
5272,1143,265,MoveLeft,1724,265,None
5273,1136,265,MoveLeft,1724,265,None
5274,1129,265,MoveLeft,1724,265,None
5275,1122,265,MoveLeft,1724,265,None
5276,1115,265,MoveLeft,1724,265,None
5277,1108,265,MoveLeft,1724,265,None
5278,1101,265,MoveLeft,1724,265,None
5292,1108,265,MoveRight,1724,265,None
5293,1115,265,MoveRight,1724,265,None
5294,1122,265,MoveRight,1724,265,None
5295,1129,265,MoveRight,1724,265,None
5296,1136,265,MoveRight,1724,265,None
5297,1143,265,MoveRight,1724,265,None
5298,1150,265,MoveRight,1724,265,None
5367,1157,265,MoveRight,1724,265,None
5368,1164,265,MoveRight,1724,265,None
5369,1171,265,MoveRight,1724,265,None
5370,1171,265,Bump,1724,265,None
5370,1178,265,MoveRight,1724,265,None
5371,1178,265,None,1717,265,MoveLeft
5372,1178,265,None,1710,265,MoveLeft
5373,1178,265,None,1703,265,MoveLeft
5374,1178,265,None,1696,265,MoveLeft
5375,1178,265,None,1689,265,MoveLeft
5376,1178,265,None,1682,265,MoveLeft
5377,1178,265,None,1675,265,MoveLeft
5395,1171,265,MoveLeft,1675,265,None
5396,1164,265,MoveLeft,1675,265,None
5397,1157,265,MoveLeft,1675,265,None
5398,1150,265,MoveLeft,1675,265,None
5399,1143,265,MoveLeft,1675,265,None
5400,1136,265,MoveLeft,1675,265,None
5401,1129,265,MoveLeft,1675,265,None
5402,1122,265,MoveLeft,1675,265,None
5403,1115,265,MoveLeft,1675,265,None
5404,1108,265,MoveLeft,1675,265,None
5405,1101,265,MoveLeft,1675,265,None
5406,1094,265,MoveLeft,1675,265,None
5407,1087,265,MoveLeft,1675,265,None
5408,1080,265,MoveLeft,1675,265,None
5409,1073,265,MoveLeft,1675,265,None
5410,1066,265,MoveLeft,1675,265,None
5411,1059,265,MoveLeft,1675,265,None
5412,1052,265,MoveLeft,1675,265,None
5413,1045,265,MoveLeft,1675,265,None
5414,1038,265,MoveLeft,1675,265,None
5415,1031,265,MoveLeft,1675,265,None
5416,1024,265,MoveLeft,1675,265,None
5437,1017,265,MoveLeft,1675,265,None
5438,1010,265,MoveLeft,1675,265,None
5439,1003,265,MoveLeft,1675,265,None
5440,996,265,MoveLeft,1675,265,None
5441,989,265,MoveLeft,1675,265,None
5442,982,265,MoveLeft,1675,265,None
5443,975,265,MoveLeft,1675,265,None
5444,968,265,MoveLeft,1675,265,None
5445,961,265,MoveLeft,1675,265,None
5446,954,265,MoveLeft,1675,265,None
5447,947,265,MoveLeft,1675,265,None
5448,940,265,MoveLeft,1675,265,None
5449,933,265,MoveLeft,1675,265,None
5450,926,265,MoveLeft,1675,265,None
5451,919,265,MoveLeft,1675,265,None
5452,912,265,MoveLeft,1675,265,None
5453,905,265,MoveLeft,1675,265,None
5454,898,265,MoveLeft,1675,265,None
5455,891,265,MoveLeft,1675,265,None
5456,884,265,MoveLeft,1675,265,None
5457,877,265,MoveLeft,1675,265,None
5458,870,265,MoveLeft,1675,265,None
5459,863,265,MoveLeft,1675,265,None
5460,856,265,MoveLeft,1675,265,None
5461,849,265,MoveLeft,1675,265,None
5462,842,265,MoveLeft,1675,265,None
5463,835,265,MoveLeft,1675,265,None
5464,828,265,MoveLeft,1675,265,None
5465,821,265,MoveLeft,1675,265,None
5466,814,265,MoveLeft,1675,265,None
5467,807,265,MoveLeft,1675,265,None
5468,807,265,None,1675,265,SpikeMedium
5468,800,265,MoveLeft,1675,265,None
5468,800,265,None,1675,265,None
5478,800,265,None,1682,265,MoveRight
5479,793,265,MoveLeft,1682,265,None
5479,793,265,None,1689,265,MoveRight
5480,786,265,MoveLeft,1689,265,None
5480,786,265,None,1696,265,MoveRight
5481,786,265,None,1696,265,None
5481,786,265,None,1703,265,MoveRight
5482,786,265,None,1703,265,None
5482,786,265,None,1710,265,MoveRight
5483,786,265,None,1710,265,None
5483,786,265,None,1717,265,MoveRight
5484,786,265,None,1717,265,None
5484,786,265,None,1724,265,MoveRight
5485,786,265,None,1724,265,None
5485,786,265,None,1724,265,None
5486,786,265,None,1724,265,None
5486,786,265,None,1724,265,None
5487,786,265,None,1724,265,None
5487,786,265,None,1724,265,None
5488,786,265,None,1724,265,None
5488,786,265,None,1724,265,None
5489,786,265,None,1724,265,None
5489,786,265,None,1724,265,None
5490,786,265,None,1724,265,None
5490,786,265,None,1724,265,None
5491,786,265,None,1724,265,None
5491,786,265,None,1724,265,None
5492,786,265,None,1724,265,None
5492,786,265,None,1724,265,None
5493,786,265,None,1724,265,None
5493,786,265,None,1724,265,None
5494,786,265,None,1724,265,None
5494,786,265,None,1724,265,None
5495,786,265,None,1724,265,None
5495,786,265,None,1724,265,None
5496,786,265,None,1724,265,None
5496,786,265,None,1724,265,None
5497,786,265,None,1724,265,None
5497,786,265,None,1724,265,None
5498,786,265,None,1724,265,None
5498,786,265,None,1724,265,None
5499,786,265,None,1724,265,None
5499,786,265,None,1724,265,None
5500,786,265,None,1724,265,None
5500,786,265,None,1724,265,None
5501,786,265,None,1724,265,None
5501,786,265,None,1724,265,None
5502,786,265,None,1724,265,None
5502,786,265,None,1724,265,None
5503,786,265,None,1724,265,None
5503,786,265,None,1724,265,None
5504,786,265,None,1724,265,None
5504,786,265,None,1724,265,None
5505,786,265,None,1724,265,None
5505,786,265,None,1724,265,None
5506,786,265,None,1724,265,None
5506,786,265,None,1724,265,None
5507,786,265,None,1724,265,None
5507,786,265,None,1724,265,None
5508,786,265,None,1724,265,None
5508,786,265,None,1724,265,None
5509,786,265,None,1724,265,None
5509,786,265,None,1724,265,None
5510,786,265,None,1724,265,None
5510,786,265,None,1724,265,None
5511,786,265,None,1724,265,None
5511,786,265,None,1724,265,None
5512,786,265,None,1724,265,None
5512,786,265,None,1724,265,None
5513,786,265,None,1724,265,None
5513,786,265,None,1724,265,None
5514,786,265,None,1724,265,None
5514,786,265,None,1724,265,None
5515,786,265,None,1724,265,None
5515,786,265,None,1724,265,None
5516,786,265,None,1724,265,None
5516,786,265,None,1724,265,None
5517,786,265,None,1724,265,None
5517,786,265,None,1724,265,None
5518,786,265,None,1724,265,None
5518,786,265,None,1724,265,None
5519,786,265,None,1724,265,None
5519,786,265,None,1724,265,None
5520,786,265,None,1724,265,None
5520,786,265,None,1724,265,None
5521,786,265,None,1724,265,None
5521,786,265,None,1724,265,None
5522,786,265,None,1724,265,None
5522,786,265,None,1724,265,None
5523,786,265,None,1724,265,None
5523,786,265,None,1724,265,None
5524,786,265,None,1724,265,None
5524,786,265,None,1724,265,None
5525,786,265,None,1724,265,None
5525,786,265,None,1724,265,None
5526,786,265,None,1724,265,None
5526,786,265,None,1724,265,None
5527,786,265,None,1724,265,None
5527,786,265,None,1724,265,None
5528,786,265,None,1724,265,None
5528,786,265,None,1724,265,None
5529,786,265,None,1724,265,None
5529,786,265,None,1724,265,None
5530,786,265,None,1724,265,None
5530,786,265,None,1724,265,None
5531,786,265,None,1724,265,None
5532,786,265,None,1724,265,None
5533,786,265,None,1724,265,None
5534,786,265,None,1724,265,None
5535,786,265,None,1724,265,None
5536,786,265,None,1724,265,None
5543,1157,265,MoveRight,2410,265,None
5544,1164,265,MoveRight,2410,265,None
5545,1171,265,MoveRight,2410,265,None
5546,1178,265,MoveRight,2410,265,None
5547,1185,265,MoveRight,2410,265,None
5548,1192,265,MoveRight,2410,265,None
5549,1199,265,MoveRight,2410,265,None
5550,1206,265,MoveRight,2410,265,None
5551,1213,265,MoveRight,2410,265,None
5552,1220,265,MoveRight,2410,265,None
5576,1213,265,MoveLeft,2410,265,None
5577,1206,265,MoveLeft,2410,265,None
5578,1199,265,MoveLeft,2410,265,None
5579,1192,265,MoveLeft,2410,265,None
5580,1185,265,MoveLeft,2410,265,None
5581,1178,265,MoveLeft,2410,265,None
5582,1171,265,MoveLeft,2410,265,None
5583,1164,265,MoveLeft,2410,265,None
5584,1157,265,MoveLeft,2410,265,None
5585,1150,265,MoveLeft,2410,265,None
5586,1143,265,MoveLeft,2410,265,None
5587,1143,265,None,2410,265,Serve
5587,1136,265,MoveLeft,2410,265,None
5587,1136,265,None,2410,265,None
5588,1129,265,MoveLeft,2410,265,None
5589,1122,265,MoveLeft,2410,265,None
5590,1115,265,MoveLeft,2410,265,None
5591,1108,265,MoveLeft,2410,265,None
5592,1101,265,MoveLeft,2410,265,None
5593,1094,265,MoveLeft,2410,265,None
5594,1087,265,MoveLeft,2410,265,None
5595,1080,265,MoveLeft,2410,265,None
5596,1073,265,MoveLeft,2410,265,None
5597,1066,265,MoveLeft,2410,265,None
5598,1059,265,MoveLeft,2410,265,None
5599,1052,265,MoveLeft,2410,265,None
5600,1045,265,MoveLeft,2410,265,None
5601,1038,265,MoveLeft,2410,265,None
5602,1031,265,MoveLeft,2410,265,None
5603,1024,265,MoveLeft,2410,265,None
5604,1017,265,MoveLeft,2410,265,None
5605,1010,265,MoveLeft,2410,265,None
5606,1003,265,MoveLeft,2410,265,None
5606,1003,265,None,2403,265,MoveLeft
5607,996,265,MoveLeft,2403,265,None
5607,996,265,None,2396,265,MoveLeft
5608,989,265,MoveLeft,2396,265,None
5608,989,265,None,2389,265,MoveLeft
5609,982,265,MoveLeft,2389,265,None
5609,982,265,None,2382,265,MoveLeft
5610,975,265,MoveLeft,2382,265,None
5610,975,265,None,2375,265,MoveLeft
5611,968,265,MoveLeft,2375,265,None
5611,968,265,None,2368,265,MoveLeft
5612,961,265,MoveLeft,2368,265,None
5612,961,265,None,2361,265,MoveLeft
5613,954,265,MoveLeft,2361,265,None
5613,954,265,None,2354,265,MoveLeft
5614,947,265,MoveLeft,2354,265,None
5614,947,265,None,2347,265,MoveLeft
5615,940,265,MoveLeft,2347,265,None
5615,940,265,None,2340,265,MoveLeft
5616,940,265,None,2333,265,MoveLeft
5617,940,265,None,2326,265,MoveLeft
5618,940,265,None,2319,265,MoveLeft
5619,940,265,None,2312,265,MoveLeft
5620,940,265,None,2305,265,MoveLeft
5621,940,265,None,2298,265,MoveLeft
5622,940,265,None,2291,265,MoveLeft
5623,940,265,None,2284,265,MoveLeft
5624,940,265,None,2277,265,MoveLeft
5625,940,265,None,2270,265,MoveLeft
5626,933,265,MoveLeft,2270,265,None
5626,933,265,None,2263,265,MoveLeft
5627,926,265,MoveLeft,2263,265,None
5627,926,265,None,2256,265,MoveLeft
5628,919,265,MoveLeft,2256,265,None
5628,919,265,None,2249,265,MoveLeft
5629,912,265,MoveLeft,2249,265,None
5629,912,265,None,2242,265,MoveLeft
5630,905,265,MoveLeft,2242,265,None
5630,905,265,None,2235,265,MoveLeft
5631,898,265,MoveLeft,2235,265,None
5631,898,265,None,2228,265,MoveLeft
5632,891,265,MoveLeft,2228,265,None
5632,891,265,None,2221,265,MoveLeft
5633,884,265,MoveLeft,2221,265,None
5633,884,265,None,2214,265,MoveLeft
5634,877,265,MoveLeft,2214,265,None
5634,877,265,None,2207,265,MoveLeft
5635,870,265,MoveLeft,2207,265,None
5635,870,265,None,2200,265,MoveLeft
5636,870,265,None,2200,265,None
5636,870,265,None,2193,265,MoveLeft
5637,870,265,None,2193,265,None
5637,870,265,None,2186,265,MoveLeft
5638,870,265,None,2186,265,None
5638,870,265,None,2179,265,MoveLeft
5639,870,265,None,2179,265,None
5639,870,265,None,2172,265,MoveLeft
5640,870,265,None,2172,265,None
5640,870,265,None,2165,265,MoveLeft
5641,870,265,None,2165,265,None
5641,870,265,None,2158,265,MoveLeft
5642,870,265,None,2158,265,None
5642,870,265,None,2151,265,MoveLeft
5643,870,265,None,2151,265,None
5643,870,265,None,2144,265,MoveLeft
5644,870,265,None,2144,265,None
5644,870,265,None,2137,265,MoveLeft
5645,870,265,None,2137,265,None
5645,870,265,None,2130,265,MoveLeft
5646,870,265,None,2130,265,None
5646,870,265,None,2123,265,MoveLeft
5647,870,265,None,2123,265,None
5647,870,265,None,2116,265,MoveLeft
5648,870,265,None,2116,265,None
5648,870,265,None,2109,265,MoveLeft
5649,870,265,None,2109,265,None
5649,870,265,None,2102,265,MoveLeft
5650,870,265,None,2102,265,None
5650,870,265,None,2095,265,MoveLeft
5651,870,265,None,2095,265,None
5651,870,265,None,2088,265,MoveLeft
5652,870,265,None,2088,265,None
5652,870,265,None,2081,265,MoveLeft
5653,870,265,None,2081,265,None
5653,870,265,None,2074,265,MoveLeft
5654,870,265,None,2074,265,None
5654,870,265,None,2067,265,MoveLeft
5655,870,265,None,2067,265,None
5655,870,265,None,2060,265,MoveLeft
5656,870,265,None,2060,265,None
5656,870,265,None,2053,265,MoveLeft
5657,870,265,None,2053,265,None
5657,870,265,None,2046,265,MoveLeft
5658,870,265,None,2046,265,None
5658,870,265,None,2039,265,MoveLeft
5659,870,265,Bump,2039,265,None
5659,870,265,None,2039,265,None
5659,870,265,None,2032,265,MoveLeft
5660,870,265,None,2025,265,MoveLeft
5661,870,265,None,2018,265,MoveLeft
5662,870,265,None,2011,265,MoveLeft
5663,870,265,None,2004,265,MoveLeft
5664,870,265,None,1997,265,MoveLeft
5665,870,265,None,1990,265,MoveLeft
5666,870,265,None,1983,265,MoveLeft
5667,870,265,None,1976,265,MoveLeft
5668,870,265,None,1969,265,MoveLeft
5669,870,265,None,1962,265,MoveLeft
5670,870,265,None,1955,265,MoveLeft
5671,870,265,None,1948,265,MoveLeft
5672,870,265,None,1941,265,MoveLeft
5673,870,265,None,1934,265,MoveLeft
5674,870,265,None,1927,265,MoveLeft
5675,870,265,None,1920,265,MoveLeft
5676,870,265,None,1913,265,MoveLeft
5677,870,265,None,1906,265,MoveLeft
5678,877,265,MoveRight,1906,265,None
5678,877,265,None,1899,265,MoveLeft
5679,884,265,MoveRight,1899,265,None
5679,884,265,None,1892,265,MoveLeft
5680,891,265,MoveRight,1892,265,None
5680,891,265,None,1885,265,MoveLeft
5681,898,265,MoveRight,1885,265,None
5681,898,265,None,1878,265,MoveLeft
5682,905,265,MoveRight,1878,265,None
5682,905,265,None,1871,265,MoveLeft
5683,912,265,MoveRight,1871,265,None
5683,912,265,None,1864,265,MoveLeft
5684,919,265,MoveRight,1864,265,None
5684,919,265,None,1857,265,MoveLeft
5685,926,265,MoveRight,1857,265,None
5685,926,265,None,1850,265,MoveLeft
5686,933,265,MoveRight,1850,265,None
5686,933,265,None,1843,265,MoveLeft
5687,940,265,MoveRight,1843,265,None
5687,940,265,None,1836,265,MoveLeft
5688,947,265,MoveRight,1836,265,None
5688,947,265,None,1829,265,MoveLeft
5689,954,265,MoveRight,1829,265,None
5689,954,265,None,1822,265,MoveLeft
5690,961,265,MoveRight,1822,265,None
5690,961,265,None,1815,265,MoveLeft
5691,968,265,MoveRight,1815,265,None
5691,968,265,None,1808,265,MoveLeft
5692,975,265,MoveRight,1808,265,None
5692,975,265,None,1801,265,MoveLeft
5693,982,265,MoveRight,1801,265,None
5693,982,265,None,1794,265,MoveLeft
5694,989,265,MoveRight,1794,265,None
5694,989,265,None,1787,265,MoveLeft
5695,996,265,MoveRight,1787,265,None
5695,996,265,None,1780,265,MoveLeft
5696,1003,265,MoveRight,1780,265,None
5696,1003,265,None,1773,265,MoveLeft
5697,1003,265,None,1766,265,MoveLeft
5698,1003,265,None,1759,265,MoveLeft
5699,1003,265,None,1752,265,MoveLeft
5700,1003,265,None,1745,265,MoveLeft
5701,1003,265,None,1738,265,MoveLeft
5702,1003,265,None,1731,265,MoveLeft
5712,1010,265,MoveRight,1731,265,None
5713,1017,265,MoveRight,1731,265,None
5714,1024,265,MoveRight,1731,265,None
5715,1031,265,MoveRight,1731,265,None
5716,1038,265,MoveRight,1731,265,None
5717,1045,265,MoveRight,1731,265,None
5718,1052,265,MoveRight,1731,265,None
5719,1059,265,MoveRight,1731,265,None
5720,1066,265,MoveRight,1731,265,None
5721,1073,265,MoveRight,1731,265,None
5722,1080,265,MoveRight,1731,265,None
5723,1087,265,MoveRight,1731,265,None
5724,1094,265,MoveRight,1731,265,None
5725,1101,265,MoveRight,1731,265,None
5726,1108,265,MoveRight,1731,265,None
5727,1115,265,MoveRight,1731,265,None
5728,1122,265,MoveRight,1731,265,None
5729,1129,265,MoveRight,1731,265,None
5730,1136,265,MoveRight,1731,265,None
5731,1143,265,MoveRight,1731,265,None
5732,1150,265,MoveRight,1731,265,None
5733,1157,265,MoveRight,1731,265,None
5734,1164,265,MoveRight,1731,265,None
5735,1171,265,MoveRight,1731,265,None
5736,1178,265,MoveRight,1731,265,None
5737,1185,265,MoveRight,1731,265,None
5738,1192,265,MoveRight,1731,265,None
5739,1199,265,MoveRight,1731,265,None
5740,1206,265,MoveRight,1731,265,None
5747,1199,265,MoveLeft,1731,265,None
5747,1199,265,None,1724,265,MoveLeft
5748,1192,265,MoveLeft,1724,265,None
5749,1185,265,MoveLeft,1724,265,None
5750,1178,265,MoveLeft,1724,265,None
5751,1171,265,MoveLeft,1724,265,None
5752,1164,265,MoveLeft,1724,265,None
5753,1157,265,MoveLeft,1724,265,None
5754,1150,265,MoveLeft,1724,265,None
5755,1143,265,MoveLeft,1724,265,None
5756,1136,265,MoveLeft,1724,265,None
5757,1129,265,MoveLeft,1724,265,None
5758,1122,265,MoveLeft,1724,265,None
5759,1115,265,MoveLeft,1724,265,None
5760,1108,265,MoveLeft,1724,265,None
5761,1101,265,MoveLeft,1724,265,None
5762,1094,265,MoveLeft,1724,265,None
5763,1087,265,MoveLeft,1724,265,None
5764,1080,265,MoveLeft,1724,265,None
5765,1073,265,MoveLeft,1724,265,None
5766,1066,265,MoveLeft,1724,265,None
5767,1059,265,MoveLeft,1724,265,None
5768,1052,265,MoveLeft,1724,265,None
5769,1045,265,MoveLeft,1724,265,None
5770,1038,265,MoveLeft,1724,265,None
5771,1031,265,MoveLeft,1724,265,None
5772,1024,265,MoveLeft,1724,265,None
5801,1017,265,MoveLeft,1724,265,None
5802,1010,265,MoveLeft,1724,265,None
5803,1003,265,MoveLeft,1724,265,None
5804,1003,265,Bump,1724,265,None
5804,1003,265,None,1724,265,None
5805,1003,265,None,1717,265,MoveLeft
5806,1003,265,None,1710,265,MoveLeft
5807,1003,265,None,1703,265,MoveLeft
5808,1003,265,None,1696,265,MoveLeft
5809,1003,265,None,1689,265,MoveLeft
5810,1003,265,None,1682,265,MoveLeft
5811,1003,265,None,1675,265,MoveLeft
5812,1003,265,None,1668,265,MoveLeft
5813,1003,265,None,1661,265,MoveLeft
5814,1003,265,None,1654,265,MoveLeft
5815,1003,265,None,1647,265,MoveLeft
5816,1003,265,None,1640,265,MoveLeft
5817,1003,265,None,1633,265,MoveLeft
5818,1003,265,None,1626,265,MoveLeft
5819,1003,265,None,1619,265,MoveLeft
5820,1003,265,None,1612,265,MoveLeft
5821,1003,265,None,1605,265,MoveLeft
5822,1003,265,None,1598,265,MoveLeft
5823,1003,265,None,1591,265,MoveLeft
5824,1003,265,None,1584,265,MoveLeft
5825,1003,265,None,1577,265,MoveLeft
5826,1003,265,None,1570,265,MoveLeft
5859,1010,265,MoveRight,1570,265,None
5860,1017,265,MoveRight,1570,265,None
5861,1024,265,MoveRight,1570,265,None
5862,1031,265,MoveRight,1570,265,None
5863,1038,265,MoveRight,1570,265,None
5864,1045,265,MoveRight,1570,265,None
5865,1052,265,MoveRight,1570,265,None
5866,1059,265,MoveRight,1570,265,None
5867,1066,265,MoveRight,1570,265,None
5868,1073,265,MoveRight,1570,265,None
5869,1080,265,MoveRight,1570,265,None
5870,1087,265,MoveRight,1570,265,None
5871,1094,265,MoveRight,1570,265,None
5872,1101,265,MoveRight,1570,265,None
5883,1094,265,MoveLeft,1570,265,None
5884,1087,265,MoveLeft,1570,265,None
5885,1080,265,MoveLeft,1570,265,None
5886,1073,265,MoveLeft,1570,265,None
5887,1066,265,MoveLeft,1570,265,None
5888,1059,265,MoveLeft,1570,265,None
5889,1052,265,MoveLeft,1570,265,None
5890,1045,265,MoveLeft,1570,265,None
5891,1038,265,MoveLeft,1570,265,None
5892,1031,265,MoveLeft,1570,265,None
5893,1024,265,MoveLeft,1570,265,None
5894,1017,265,MoveLeft,1570,265,None
5895,1010,265,MoveLeft,1570,265,None
5896,1003,265,MoveLeft,1570,265,None
5897,996,265,MoveLeft,1570,265,None
5898,989,265,MoveLeft,1570,265,None
5899,982,265,MoveLeft,1570,265,None
5900,975,265,MoveLeft,1570,265,None
5904,975,265,None,1570,265,SpikeMedium
5904,975,265,None,1570,265,None
5911,968,265,MoveLeft,1570,265,None
5912,961,265,MoveLeft,1570,265,None
5913,954,265,MoveLeft,1570,265,None
5914,947,265,MoveLeft,1570,265,None
5915,940,265,MoveLeft,1570,265,None
5915,940,265,None,1577,265,MoveRight
5916,933,265,MoveLeft,1577,265,None
5916,933,265,None,1584,265,MoveRight
5917,926,265,MoveLeft,1584,265,None
5917,926,265,None,1591,265,MoveRight
5918,919,265,MoveLeft,1591,265,None
5918,919,265,None,1598,265,MoveRight
5919,912,265,MoveLeft,1598,265,None
5919,912,265,None,1605,265,MoveRight
5920,905,265,MoveLeft,1605,265,None
5920,905,265,None,1612,265,MoveRight
5921,898,265,MoveLeft,1612,265,None
5921,898,265,None,1619,265,MoveRight
5922,891,265,MoveLeft,1619,265,None
5922,891,265,None,1626,265,MoveRight
5923,884,265,MoveLeft,1626,265,None
5923,884,265,None,1633,265,MoveRight
5924,877,265,MoveLeft,1633,265,None
5924,877,265,None,1640,265,MoveRight
5925,870,265,MoveLeft,1640,265,None
5925,870,265,None,1647,265,MoveRight
5926,863,265,MoveLeft,1647,265,None
5926,863,265,None,1654,265,MoveRight
5927,856,265,MoveLeft,1654,265,None
5927,856,265,None,1661,265,MoveRight
5928,849,265,MoveLeft,1661,265,None
5928,849,265,None,1668,265,MoveRight
5929,842,265,MoveLeft,1668,265,None
5929,842,265,None,1675,265,MoveRight
5930,835,265,MoveLeft,1675,265,None
5930,835,265,None,1682,265,MoveRight
5931,828,265,MoveLeft,1682,265,None
5931,828,265,None,1689,265,MoveRight
5932,821,265,MoveLeft,1689,265,None
5932,821,265,None,1696,265,MoveRight
5933,814,265,MoveLeft,1696,265,None
5933,814,265,None,1703,265,MoveRight
5934,807,265,MoveLeft,1703,265,None
5934,807,265,None,1710,265,MoveRight
5935,800,265,MoveLeft,1710,265,None
5935,800,265,None,1717,265,MoveRight
5936,793,265,MoveLeft,1717,265,None
5936,793,265,None,1724,265,MoveRight
5937,786,265,MoveLeft,1724,265,None
5937,786,265,None,1724,265,None
5938,779,265,MoveLeft,1724,265,None
5938,779,265,None,1724,265,None
5939,772,265,MoveLeft,1724,265,None
5939,772,265,None,1724,265,None
5940,765,265,MoveLeft,1724,265,None
5940,765,265,None,1724,265,None
5941,758,265,MoveLeft,1724,265,None
5941,758,265,None,1724,265,None
5942,751,265,MoveLeft,1724,265,None
5942,751,265,None,1724,265,None
5943,744,265,MoveLeft,1724,265,None
5943,744,265,None,1724,265,None
5944,737,265,MoveLeft,1724,265,None
5944,737,265,None,1724,265,None
5945,730,265,MoveLeft,1724,265,None
5945,730,265,None,1724,265,None
5946,723,265,MoveLeft,1724,265,None
5946,723,265,None,1724,265,None
5947,716,265,MoveLeft,1724,265,None
5947,716,265,None,1724,265,None
5948,709,265,MoveLeft,1724,265,None
5948,709,265,None,1724,265,None
5949,702,265,MoveLeft,1724,265,None
5949,702,265,None,1724,265,None
5950,695,265,MoveLeft,1724,265,None
5950,695,265,None,1724,265,None
5951,695,265,None,1724,265,None
5952,695,265,None,1724,265,None
5953,695,265,None,1724,265,None
5954,695,265,None,1724,265,None
5955,695,265,None,1724,265,None
5956,695,265,None,1724,265,None
5957,695,265,None,1724,265,None
5958,695,265,None,1724,265,None
5959,695,265,None,1724,265,None
5960,695,265,None,1724,265,None
5961,695,265,None,1724,265,None
5962,688,265,MoveLeft,1724,265,None
5962,688,265,None,1724,265,None
5963,688,265,None,1724,265,None
5963,688,265,None,1724,265,None
5964,688,265,None,1724,265,None
5964,688,265,None,1724,265,None
5965,688,265,None,1724,265,None
5965,688,265,None,1724,265,None
5966,688,265,Bump,1724,265,None
5966,688,265,None,1724,265,None
5966,688,265,None,1724,265,None
5985,695,265,MoveRight,1724,265,None
5986,702,265,MoveRight,1724,265,None
5987,709,265,MoveRight,1724,265,None
5988,716,265,MoveRight,1724,265,None
5989,723,265,MoveRight,1724,265,None
5990,730,265,MoveRight,1724,265,None
5991,737,265,MoveRight,1724,265,None
5992,744,265,MoveRight,1724,265,None
5993,751,265,MoveRight,1724,265,None
5994,758,265,MoveRight,1724,265,None
5995,765,265,MoveRight,1724,265,None
5996,772,265,MoveRight,1724,265,None
5997,779,265,MoveRight,1724,265,None
5998,786,265,MoveRight,1724,265,None
5999,793,265,MoveRight,1724,265,None
6000,800,265,MoveRight,1724,265,None
6001,807,265,MoveRight,1724,265,None
6002,814,265,MoveRight,1724,265,None
6003,821,265,MoveRight,1724,265,None
6004,828,265,MoveRight,1724,265,None
6005,835,265,MoveRight,1724,265,None
6006,842,265,MoveRight,1724,265,None
6007,849,265,MoveRight,1724,265,None
6008,856,265,MoveRight,1724,265,None
6009,863,265,MoveRight,1724,265,None
6010,870,265,MoveRight,1724,265,None
6011,877,265,MoveRight,1724,265,None
6012,884,265,MoveRight,1724,265,None
6013,891,265,MoveRight,1724,265,None
6014,898,265,MoveRight,1724,265,None
6015,905,265,MoveRight,1724,265,None
6016,912,265,MoveRight,1724,265,None
6017,919,265,MoveRight,1724,265,None
6018,926,265,MoveRight,1724,265,None
6019,933,265,MoveRight,1724,265,None
6020,940,265,MoveRight,1724,265,None
6021,947,265,MoveRight,1724,265,None
6022,954,265,MoveRight,1724,265,None
6023,961,265,MoveRight,1724,265,None
6024,968,265,MoveRight,1724,265,None
6025,975,265,MoveRight,1724,265,None
6026,982,265,MoveRight,1724,265,None
6027,989,265,MoveRight,1724,265,None
6028,996,265,MoveRight,1724,265,None
6029,1003,265,MoveRight,1724,265,None
6030,1010,265,MoveRight,1724,265,None
6031,1017,265,MoveRight,1724,265,None
6032,1024,265,MoveRight,1724,265,None
6033,1031,265,MoveRight,1724,265,None
6034,1038,265,MoveRight,1724,265,None
6035,1045,265,MoveRight,1724,265,None
6036,1052,265,MoveRight,1724,265,None
6037,1059,265,MoveRight,1724,265,None
6038,1066,265,MoveRight,1724,265,None
6039,1073,265,MoveRight,1724,265,None
6040,1080,265,MoveRight,1724,265,None
6041,1087,265,MoveRight,1724,265,None
6042,1094,265,MoveRight,1724,265,None
6043,1101,265,MoveRight,1724,265,None
6044,1108,265,MoveRight,1724,265,None
6045,1115,265,MoveRight,1724,265,None
6046,1122,265,MoveRight,1724,265,None
6047,1129,265,MoveRight,1724,265,None
6048,1136,265,MoveRight,1724,265,None
6049,1143,265,MoveRight,1724,265,None
6050,1150,265,MoveRight,1724,265,None
6051,1157,265,MoveRight,1724,265,None
6052,1164,265,MoveRight,1724,265,None
6053,1171,265,MoveRight,1724,265,None
6054,1178,265,MoveRight,1724,265,None
6055,1178,265,Set,1724,265,None
6055,1185,265,MoveRight,1724,265,None
6079,1178,265,MoveLeft,1724,265,None
6080,1171,265,MoveLeft,1724,265,None
6081,1164,265,MoveLeft,1724,265,None
6082,1157,265,MoveLeft,1724,265,None
6083,1150,265,MoveLeft,1724,265,None
6084,1143,265,MoveLeft,1724,265,None
6085,1136,265,MoveLeft,1724,265,None
6106,1129,265,MoveLeft,1724,265,None
6107,1122,265,MoveLeft,1724,265,None
6108,1115,265,MoveLeft,1724,265,None
6109,1108,265,MoveLeft,1724,265,None
6110,1101,265,MoveLeft,1724,265,None
6132,1101,284.62,None,1724,265,None
6162,1101,569.11,None,1724,265,None
6187,1104.5,323.86,MoveRight,1724,265,None
6188,1108,314.05,MoveRight,1724,265,None
6189,1111.5,304.24,MoveRight,1724,265,None
6190,1115,294.43,MoveRight,1724,265,None
6191,1118.5,284.62,MoveRight,1724,265,None
6192,1122,274.81,MoveRight,1724,265,None
6193,1157,265,MoveRight,2410,265,None
6194,1164,265,MoveRight,2410,265,None
6195,1171,265,MoveRight,2410,265,None
6196,1178,265,MoveRight,2410,265,None
6197,1185,265,MoveRight,2410,265,None
6243,1185,265,None,2410,265,Serve
6243,1185,265,None,2410,265,None
6252,1178,265,MoveLeft,2410,265,None
6253,1171,265,MoveLeft,2410,265,None
6254,1164,265,MoveLeft,2410,265,None
6255,1157,265,MoveLeft,2410,265,None
6256,1150,265,MoveLeft,2410,265,None
6257,1143,265,MoveLeft,2410,265,None
6258,1136,265,MoveLeft,2410,265,None
6259,1129,265,MoveLeft,2410,265,None
6260,1122,265,MoveLeft,2410,265,None
6261,1115,265,MoveLeft,2410,265,None
6262,1108,265,MoveLeft,2410,265,None
6262,1108,265,None,2403,265,MoveLeft
6263,1101,265,MoveLeft,2403,265,None
6263,1101,265,None,2396,265,MoveLeft
6264,1094,265,MoveLeft,2396,265,None
6264,1094,265,None,2389,265,MoveLeft
6265,1087,265,MoveLeft,2389,265,None
6265,1087,265,None,2382,265,MoveLeft
6266,1080,265,MoveLeft,2382,265,None
6266,1080,265,None,2375,265,MoveLeft
6267,1073,265,MoveLeft,2375,265,None
6267,1073,265,None,2368,265,MoveLeft
6268,1066,265,MoveLeft,2368,265,None
6268,1066,265,None,2361,265,MoveLeft
6269,1059,265,MoveLeft,2361,265,None
6269,1059,265,None,2354,265,MoveLeft
6270,1052,265,MoveLeft,2354,265,None
6270,1052,265,None,2347,265,MoveLeft
6271,1045,265,MoveLeft,2347,265,None
6271,1045,265,None,2340,265,MoveLeft
6272,1038,265,MoveLeft,2340,265,None
6272,1038,265,None,2333,265,MoveLeft
6273,1031,265,MoveLeft,2333,265,None
6273,1031,265,None,2326,265,MoveLeft
6274,1024,265,MoveLeft,2326,265,None
6274,1024,265,None,2319,265,MoveLeft
6275,1017,265,MoveLeft,2319,265,None
6275,1017,265,None,2312,265,MoveLeft
6276,1010,265,MoveLeft,2312,265,None
6276,1010,265,None,2305,265,MoveLeft
6277,1003,265,MoveLeft,2305,265,None
6277,1003,265,None,2298,265,MoveLeft
6278,996,265,MoveLeft,2298,265,None
6278,996,265,None,2291,265,MoveLeft
6279,989,265,MoveLeft,2291,265,None
6279,989,265,None,2284,265,MoveLeft
6280,982,265,MoveLeft,2284,265,None
6280,982,265,None,2277,265,MoveLeft
6281,975,265,MoveLeft,2277,265,None
6281,975,265,None,2270,265,MoveLeft
6282,968,265,MoveLeft,2270,265,None
6282,968,265,None,2263,265,MoveLeft
6283,961,265,MoveLeft,2263,265,None
6283,961,265,None,2256,265,MoveLeft
6284,954,265,MoveLeft,2256,265,None
6284,954,265,None,2249,265,MoveLeft
6285,947,265,MoveLeft,2249,265,None
6285,947,265,None,2242,265,MoveLeft
6286,940,265,MoveLeft,2242,265,None
6286,940,265,None,2235,265,MoveLeft
6287,933,265,MoveLeft,2235,265,None
6287,933,265,None,2228,265,MoveLeft
6288,926,265,MoveLeft,2228,265,None
6288,926,265,None,2221,265,MoveLeft
6289,919,265,MoveLeft,2221,265,None
6289,919,265,None,2214,265,MoveLeft
6290,912,265,MoveLeft,2214,265,None
6290,912,265,None,2207,265,MoveLeft
6291,905,265,MoveLeft,2207,265,None
6291,905,265,None,2200,265,MoveLeft
6292,898,265,MoveLeft,2200,265,None
6292,898,265,None,2193,265,MoveLeft
6293,891,265,MoveLeft,2193,265,None
6293,891,265,None,2186,265,MoveLeft
6294,884,265,MoveLeft,2186,265,None
6294,884,265,None,2179,265,MoveLeft
6295,877,265,MoveLeft,2179,265,None
6295,877,265,None,2172,265,MoveLeft
6296,870,265,MoveLeft,2172,265,None
6296,870,265,None,2165,265,MoveLeft
6297,863,265,MoveLeft,2165,265,None
6297,863,265,None,2158,265,MoveLeft
6298,856,265,MoveLeft,2158,265,None
6298,856,265,None,2151,265,MoveLeft
6299,849,265,MoveLeft,2151,265,None
6299,849,265,None,2144,265,MoveLeft
6300,849,265,None,2137,265,MoveLeft
6301,849,265,None,2130,265,MoveLeft
6302,849,265,None,2123,265,MoveLeft
6303,849,265,None,2116,265,MoveLeft
6304,849,265,None,2109,265,MoveLeft
6305,849,265,None,2102,265,MoveLeft
6306,849,265,None,2095,265,MoveLeft
6307,849,265,None,2088,265,MoveLeft
6308,849,265,None,2081,265,MoveLeft
6309,849,265,None,2074,265,MoveLeft
6310,849,265,None,2067,265,MoveLeft
6311,849,265,None,2060,265,MoveLeft
6312,849,265,None,2053,265,MoveLeft
6313,849,265,None,2046,265,MoveLeft
6314,849,265,None,2039,265,MoveLeft
6315,849,265,None,2032,265,MoveLeft
6316,849,265,None,2025,265,MoveLeft
6317,849,265,None,2018,265,MoveLeft
6318,849,265,None,2011,265,MoveLeft
6319,849,265,None,2004,265,MoveLeft
