Frame,PlayerPosX,PlayerPosY,PlayerEvent,BotPosX,BotPosY,BotEvent
118,970,265,None,1850,265,None
144,977,265,MoveRight,1850,265,None
145,984,265,MoveRight,1850,265,None
146,991,265,MoveRight,1850,265,None
147,998,265,MoveRight,1850,265,None
148,1005,265,MoveRight,1850,265,None
149,1012,265,MoveRight,1850,265,None
150,1019,265,MoveRight,1850,265,None
151,1026,265,MoveRight,1850,265,None
152,1033,265,MoveRight,1850,265,None
153,1040,265,MoveRight,1850,265,None
154,1047,265,MoveRight,1850,265,None
155,1054,265,MoveRight,1850,265,None
156,1061,265,MoveRight,1850,265,None
157,1068,265,MoveRight,1850,265,None
158,1075,265,MoveRight,1850,265,None
159,1082,265,MoveRight,1850,265,None
160,1089,265,MoveRight,1850,265,None
161,1096,265,MoveRight,1850,265,None
162,1103,265,MoveRight,1850,265,None
163,1110,265,MoveRight,1850,265,None
164,1117,265,MoveRight,1850,265,None
165,1124,265,MoveRight,1850,265,None
166,1131,265,MoveRight,1850,265,None
167,1138,265,MoveRight,1850,265,None
168,1145,265,MoveRight,1850,265,None
169,1152,265,MoveRight,1850,265,None
170,1159,265,MoveRight,1850,265,None
171,1166,265,MoveRight,1850,265,None
172,1169.5,284.62,MoveRight,1850,265,None
173,1173,304.24,MoveRight,1850,265,None
174,1176.5,314.05,MoveRight,1850,265,None
175,1180,323.86,MoveRight,1850,265,None
176,1183.5,333.67,MoveRight,1850,265,None
177,1187,343.48,MoveRight,1850,265,None
178,1190.5,353.29,MoveRight,1850,265,None
179,1194,363.1,MoveRight,1850,265,None
180,1197.5,372.91,MoveRight,1850,265,None
181,1201,382.72,MoveRight,1850,265,None
182,1204.5,392.53,MoveRight,1850,265,None
183,1208,402.34,MoveRight,1850,265,None
184,1211.5,412.15,MoveRight,1850,265,None
185,1215,421.96,MoveRight,1850,265,None
186,1218.5,431.77,MoveRight,1850,265,None
187,1222,441.58,MoveRight,1850,265,None
188,1225.5,451.39,MoveRight,1850,265,None
189,1229,461.2,MoveRight,1850,265,None
190,1232.5,471.01,MoveRight,1850,265,None
191,1236,480.82,MoveRight,1850,265,None
192,1239.5,490.63,MoveRight,1850,265,None
193,1243,500.44,MoveRight,1850,265,None
194,1246.5,510.25,MoveRight,1850,265,None
195,1250,520.06,MoveRight,1850,265,None
196,1253.5,529.87,MoveRight,1850,265,None
197,1257,539.68,MoveRight,1850,265,None
198,1260.5,549.49,MoveRight,1850,265,None
199,1264,559.3,MoveRight,1850,265,None
200,1267.5,569.11,MoveRight,1850,265,None
201,1271,578.92,MoveRight,1850,265,None
202,1274.5,569.11,MoveRight,1850,265,None
203,1278,559.3,MoveRight,1850,265,None
204,1281.5,549.49,MoveRight,1850,265,None
205,1285,539.68,MoveRight,1850,265,None
206,1288.5,529.87,MoveRight,1850,265,None
207,1292,520.06,MoveRight,1850,265,None
208,1295.5,510.25,MoveRight,1850,265,None
209,1299,500.44,MoveRight,1850,265,None
210,1302.5,490.63,MoveRight,1850,265,None
211,1306,480.82,MoveRight,1850,265,None
212,1309.5,471.01,MoveRight,1850,265,None
213,1313,461.2,MoveRight,1850,265,None
229,1309.5,304.24,MoveLeft,1850,265,None
230,1306,294.43,MoveLeft,1850,265,None
231,1302.5,284.62,MoveLeft,1850,265,None
232,1299,274.81,MoveLeft,1850,265,None
233,1292,265,MoveLeft,1850,265,None
234,1285,265,MoveLeft,1850,265,None
235,1278,265,MoveLeft,1850,265,None
236,1271,265,MoveLeft,1850,265,None
237,1264,265,MoveLeft,1850,265,None
238,1257,265,MoveLeft,1850,265,None
242,1264,265,MoveRight,1850,265,None
243,1271,265,MoveRight,1850,265,None
244,1278,265,MoveRight,1850,265,None
245,1285,265,MoveRight,1850,265,None
246,1292,265,MoveRight,1850,265,None
247,1299,265,MoveRight,1850,265,None
248,1306,265,MoveRight,1850,265,None
249,1313,265,MoveRight,1850,265,None
250,1320,265,MoveRight,1850,265,None
261,1326,284.62,None,1850,265,None
288,1326,559.3,None,1850,265,None
307,1322.5,412.15,MoveLeft,1850,265,None
308,1319,402.34,MoveLeft,1850,265,None
309,1315.5,392.53,MoveLeft,1850,265,None
310,1312,382.72,MoveLeft,1850,265,None
311,1308.5,372.91,MoveLeft,1850,265,None
312,1305,363.1,MoveLeft,1850,265,None
313,1301.5,353.29,MoveLeft,1850,265,None
314,1298,343.48,MoveLeft,1850,265,None
315,1294.5,333.67,MoveLeft,1850,265,None
316,1291,323.86,MoveLeft,1850,265,None
317,1287.5,314.05,MoveLeft,1850,265,None
330,1280.5,265,MoveLeft,1850,265,None
331,1273.5,265,MoveLeft,1850,265,None
332,1266.5,265,MoveLeft,1850,265,None
333,1259.5,265,MoveLeft,1850,265,None
334,1252.5,265,MoveLeft,1850,265,None
335,1245.5,265,MoveLeft,1850,265,None
336,1238.5,265,MoveLeft,1850,265,None
337,1231.5,265,MoveLeft,1850,265,None
353,1238.5,265,MoveRight,1850,265,None
354,1245.5,265,MoveRight,1850,265,None
355,1252.5,265,MoveRight,1850,265,None
356,1259.5,265,MoveRight,1850,265,None
357,1266.5,265,MoveRight,1850,265,None
368,1266.5,284.62,None,1850,265,None
387,1270,480.82,MoveRight,1850,265,None
388,1273.5,490.63,MoveRight,1850,265,None
389,1277,500.44,MoveRight,1850,265,None
390,1280.5,510.25,MoveRight,1850,265,None
391,1284,520.06,MoveRight,1850,265,None
392,1287.5,529.87,MoveRight,1850,265,None
393,1291,539.68,MoveRight,1850,265,None
394,1294.5,549.49,MoveRight,1850,265,None
398,1294.5,569.11,None,1850,265,None
441,1294.5,284.62,None,1850,265,None
464,1294.5,500.44,Spike,1850,265,None
464,1294.5,520.06,None,1850,265,None
465,1294.5,529.87,None,1843,265,MoveLeft
466,1294.5,539.68,None,1836,265,MoveLeft
467,1294.5,549.49,None,1829,265,MoveLeft
468,1294.5,559.3,None,1822,265,MoveLeft
469,1294.5,569.11,None,1815,265,MoveLeft
470,1294.5,578.92,None,1808,265,MoveLeft
471,1294.5,569.11,None,1801,265,MoveLeft
472,1294.5,559.3,None,1794,265,MoveLeft
473,1294.5,549.49,None,1787,265,MoveLeft
540,337,265,MoveRight,1850,265,None
541,344,265,MoveRight,1850,265,None
542,351,265,MoveRight,1850,265,None
543,358,265,MoveRight,1850,265,None
544,365,265,MoveRight,1850,265,None
545,372,265,MoveRight,1850,265,None
546,379,265,MoveRight,1850,265,None
547,386,265,MoveRight,1850,265,None
548,393,265,MoveRight,1850,265,None
558,393,265,Serve,1850,265,None
558,393,265,None,1850,265,None
559,393,265,None,1857,265,MoveRight
560,393,265,None,1864,265,MoveRight
561,393,265,None,1871,265,MoveRight
562,393,265,None,1878,265,MoveRight
563,393,265,None,1885,265,MoveRight
564,393,265,None,1892,265,MoveRight
565,393,265,None,1899,265,MoveRight
566,393,265,None,1906,265,MoveRight
567,393,265,None,1913,265,MoveRight
568,393,265,None,1920,265,MoveRight
569,393,265,None,1927,265,MoveRight
570,393,265,None,1934,265,MoveRight
571,393,265,None,1941,265,MoveRight
578,400,265,MoveRight,1941,265,None
579,407,265,MoveRight,1941,265,None
580,414,265,MoveRight,1941,265,None
581,421,265,MoveRight,1941,265,None
582,428,265,MoveRight,1941,265,None
583,435,265,MoveRight,1941,265,None
584,442,265,MoveRight,1941,265,None
585,449,265,MoveRight,1941,265,None
586,456,265,MoveRight,1941,265,None
587,463,265,MoveRight,1941,265,None
588,470,265,MoveRight,1941,265,None
589,477,265,MoveRight,1941,265,None
590,484,265,MoveRight,1941,265,None
591,491,265,MoveRight,1941,265,None
592,498,265,MoveRight,1941,265,None
593,505,265,MoveRight,1941,265,None
594,512,265,MoveRight,1941,265,None
595,519,265,MoveRight,1941,265,None
596,526,265,MoveRight,1941,265,None
597,533,265,MoveRight,1941,265,None
598,540,265,MoveRight,1941,265,None
599,547,265,MoveRight,1941,265,None
600,554,265,MoveRight,1941,265,None
601,561,265,MoveRight,1941,265,None
602,568,265,MoveRight,1941,265,None
603,575,265,MoveRight,1941,265,None
604,582,265,MoveRight,1941,265,None
605,589,265,MoveRight,1941,265,None
606,596,265,MoveRight,1941,265,None
607,603,265,MoveRight,1941,265,None
608,610,265,MoveRight,1941,265,None
609,617,265,MoveRight,1941,265,None
610,624,265,MoveRight,1941,265,None
611,631,265,MoveRight,1941,265,None
612,638,265,MoveRight,1941,265,None
613,645,265,MoveRight,1941,265,None
614,652,265,MoveRight,1941,265,None
615,659,265,MoveRight,1941,265,None
616,666,265,MoveRight,1941,265,None
617,673,265,MoveRight,1941,265,None
618,680,265,MoveRight,1941,265,None
619,687,265,MoveRight,1941,265,None
620,694,265,MoveRight,1941,265,None
621,701,265,MoveRight,1941,265,None
622,708,265,MoveRight,1941,265,None
623,715,265,MoveRight,1941,265,None
624,722,265,MoveRight,1941,265,None
625,729,265,MoveRight,1941,265,None
626,736,265,MoveRight,1941,265,None
627,743,265,MoveRight,1941,265,None
628,750,265,MoveRight,1941,265,None
629,757,265,MoveRight,1941,265,None
630,764,265,MoveRight,1941,265,None
631,771,265,MoveRight,1941,265,None
632,771,265,None,1941,265,SpikeStrong
632,778,265,MoveRight,1941,265,None
632,778,265,None,1941,265,None
633,771,265,MoveLeft,1941,265,None
634,764,265,MoveLeft,1941,265,None
635,757,265,MoveLeft,1941,265,None
636,750,265,MoveLeft,1941,265,None
637,743,265,MoveLeft,1941,265,None
638,736,265,MoveLeft,1941,265,None
639,729,265,MoveLeft,1941,265,None
640,722,265,MoveLeft,1941,265,None
641,715,265,MoveLeft,1941,265,None
642,708,265,MoveLeft,1941,265,None
643,701,265,MoveLeft,1941,265,None
644,694,265,MoveLeft,1941,265,None
645,687,265,MoveLeft,1941,265,None
646,680,265,MoveLeft,1941,265,None
647,673,265,MoveLeft,1941,265,None
648,666,265,MoveLeft,1941,265,None
649,659,265,MoveLeft,1941,265,None
650,652,265,MoveLeft,1941,265,None
651,645,265,MoveLeft,1941,265,None
652,638,265,MoveLeft,1941,265,None
653,631,265,MoveLeft,1941,265,None
654,624,265,MoveLeft,1941,265,None
655,617,265,MoveLeft,1941,265,None
656,610,265,MoveLeft,1941,265,None
657,603,265,MoveLeft,1941,265,None
658,596,265,MoveLeft,1941,265,None
659,589,265,MoveLeft,1941,265,None
660,582,265,MoveLeft,1941,265,None
661,582,265,None,1941,265,None
662,582,265,None,1941,265,None
663,582,265,None,1941,265,None
664,582,265,None,1941,265,None
665,582,265,None,1941,265,None
666,582,265,None,1941,265,None
667,582,265,None,1941,265,None
668,582,265,None,1941,265,None
669,582,265,None,1941,265,None
670,582,265,None,1941,265,None
671,582,265,None,1941,265,None
672,582,265,None,1941,265,None
673,582,265,None,1941,265,None
674,582,265,None,1941,265,None
675,582,265,None,1941,265,None
676,582,265,None,1941,265,None
677,582,265,Bump,1941,265,None
677,582,265,None,1941,265,None
678,582,265,None,1934,265,MoveLeft
679,582,265,None,1927,265,MoveLeft
680,582,265,None,1920,265,MoveLeft
681,582,265,None,1913,265,MoveLeft
682,582,265,None,1906,265,MoveLeft
683,582,265,None,1899,265,MoveLeft
684,582,265,None,1892,265,MoveLeft
685,582,265,None,1885,265,MoveLeft
686,582,265,None,1878,265,MoveLeft
687,582,265,None,1871,265,MoveLeft
688,582,265,None,1864,265,MoveLeft
689,582,265,None,1857,265,MoveLeft
690,582,265,None,1850,265,MoveLeft
691,582,265,None,1843,265,MoveLeft
692,582,265,None,1836,265,MoveLeft
693,582,265,None,1829,265,MoveLeft
694,582,265,None,1822,265,MoveLeft
695,582,265,None,1815,265,MoveLeft
696,582,265,None,1808,265,MoveLeft
697,589,265,MoveRight,1808,265,None
697,589,265,None,1801,265,MoveLeft
698,596,265,MoveRight,1801,265,None
698,596,265,None,1794,265,MoveLeft
699,603,265,MoveRight,1794,265,None
699,603,265,None,1787,265,MoveLeft
700,610,265,MoveRight,1787,265,None
700,610,265,None,1780,265,MoveLeft
701,617,265,MoveRight,1780,265,None
701,617,265,None,1773,265,MoveLeft
702,624,265,MoveRight,1773,265,None
702,624,265,None,1766,265,MoveLeft
703,631,265,MoveRight,1766,265,None
703,631,265,None,1759,265,MoveLeft
704,638,265,MoveRight,1759,265,None
704,638,265,None,1752,265,MoveLeft
705,645,265,MoveRight,1752,265,None
705,645,265,None,1745,265,MoveLeft
706,652,265,MoveRight,1745,265,None
706,652,265,None,1738,265,MoveLeft
707,659,265,MoveRight,1738,265,None
707,659,265,None,1731,265,MoveLeft
708,666,265,MoveRight,1731,265,None
708,666,265,None,1724,265,MoveLeft
709,673,265,MoveRight,1724,265,None
709,673,265,None,1717,265,MoveLeft
710,680,265,MoveRight,1717,265,None
710,680,265,None,1710,265,MoveLeft
711,687,265,MoveRight,1710,265,None
711,687,265,None,1703,265,MoveLeft
712,694,265,MoveRight,1703,265,None
712,694,265,None,1696,265,MoveLeft
713,701,265,MoveRight,1696,265,None
713,701,265,None,1689,265,MoveLeft
714,708,265,MoveRight,1689,265,None
714,708,265,None,1682,265,MoveLeft
715,715,265,MoveRight,1682,265,None
715,715,265,None,1675,265,MoveLeft
716,722,265,MoveRight,1675,265,None
716,722,265,None,1668,265,MoveLeft
717,729,265,MoveRight,1668,265,None
717,729,265,None,1661,265,MoveLeft
718,736,265,MoveRight,1661,265,None
718,736,265,None,1654,265,MoveLeft
719,743,265,MoveRight,1654,265,None
719,743,265,None,1647,265,MoveLeft
720,750,265,MoveRight,1647,265,None
720,750,265,None,1640,265,MoveLeft
721,757,265,MoveRight,1640,265,None
721,757,265,None,1633,265,MoveLeft
722,764,265,MoveRight,1633,265,None
722,764,265,None,1626,265,MoveLeft
723,771,265,MoveRight,1626,265,None
723,771,265,None,1619,265,MoveLeft
724,778,265,MoveRight,1619,265,None
724,778,265,None,1612,265,MoveLeft
725,785,265,MoveRight,1612,265,None
725,785,265,None,1605,265,MoveLeft
726,792,265,MoveRight,1605,265,None
726,792,265,None,1598,265,MoveLeft
727,799,265,MoveRight,1598,265,None
727,799,265,None,1591,265,MoveLeft
728,806,265,MoveRight,1591,265,None
728,806,265,None,1584,265,MoveLeft
729,813,265,MoveRight,1584,265,None
729,813,265,None,1577,265,MoveLeft
730,820,265,MoveRight,1577,265,None
730,820,265,None,1570,265,MoveLeft
731,827,265,MoveRight,1570,265,None
731,827,265,None,1563,265,MoveLeft
732,834,265,MoveRight,1563,265,None
732,834,265,None,1556,265,MoveLeft
733,841,265,MoveRight,1556,265,None
733,841,265,None,1549,265,MoveLeft
734,848,265,MoveRight,1549,265,None
734,848,265,None,1542,265,MoveLeft
735,855,265,MoveRight,1542,265,None
735,855,265,None,1535,265,MoveLeft
736,862,265,MoveRight,1535,265,None
736,862,265,None,1528,265,MoveLeft
737,869,265,MoveRight,1528,265,None
737,869,265,None,1521,265,MoveLeft
738,876,265,MoveRight,1521,265,None
738,876,265,None,1514,265,MoveLeft
739,883,265,MoveRight,1514,265,None
739,883,265,None,1507,265,MoveLeft
740,890,265,MoveRight,1507,265,None
740,890,265,None,1500,265,MoveLeft
741,897,265,MoveRight,1500,265,None
741,897,265,None,1493,265,MoveLeft
742,904,265,MoveRight,1493,265,None
742,904,265,None,1486,265,MoveLeft
743,911,265,MoveRight,1486,265,None
743,911,265,None,1479,265,MoveLeft
744,918,265,MoveRight,1479,265,None
744,918,265,None,1472,265,MoveLeft
745,925,265,MoveRight,1472,265,None
745,925,265,None,1465,265,MoveLeft
746,932,265,MoveRight,1465,265,None
746,932,265,None,1458,265,MoveLeft
747,939,265,MoveRight,1458,265,None
747,939,265,None,1451,265,MoveLeft
748,946,265,MoveRight,1451,265,None
748,946,265,None,1444,265,MoveLeft
749,953,265,MoveRight,1444,265,None
749,953,265,None,1437,265,MoveLeft
750,960,265,MoveRight,1437,265,None
750,960,265,None,1430,265,MoveLeft
751,967,265,MoveRight,1430,265,None
751,967,265,None,1423,265,MoveLeft
752,974,265,MoveRight,1423,265,None
752,974,265,None,1416,265,MoveLeft
753,981,265,MoveRight,1416,265,None
753,981,265,None,1409,265,MoveLeft
754,988,265,MoveRight,1409,265,None
754,988,265,None,1402,265,MoveLeft
755,995,265,MoveRight,1402,265,None
755,995,265,None,1395,265,MoveLeft
756,1002,265,MoveRight,1395,265,None
756,1002,265,None,1388,265,MoveLeft
757,1009,265,MoveRight,1388,265,None
757,1009,265,None,1381,265,MoveLeft
758,1016,265,MoveRight,1381,265,None
758,1016,265,None,1374,265,MoveLeft
759,1023,265,MoveRight,1374,265,None
759,1023,265,None,1367,265,MoveLeft
760,1030,265,MoveRight,1367,265,None
760,1030,265,None,1360,265,MoveLeft
761,1037,265,MoveRight,1360,265,None
761,1037,265,None,1353,265,MoveLeft
762,1044,265,MoveRight,1353,265,None
762,1044,265,None,1346,265,MoveLeft
763,1051,265,MoveRight,1346,265,None
764,1058,265,MoveRight,1346,265,None
765,1065,265,MoveRight,1346,265,None
766,1072,265,MoveRight,1346,265,None
767,1079,265,MoveRight,1346,265,None
768,1079,265,Bump,1346,265,None
768,1086,265,MoveRight,1346,265,None
769,1086,265,None,1353,265,MoveRight
770,1086,265,None,1360,265,MoveRight
771,1086,265,None,1367,265,MoveRight
772,1086,265,None,1374,265,MoveRight
773,1086,265,None,1381,265,MoveRight
774,1086,265,None,1388,265,MoveRight
775,1086,265,None,1395,265,MoveRight
776,1086,265,None,1402,265,MoveRight
777,1086,265,None,1409,265,MoveRight
778,1086,265,None,1416,265,MoveRight
779,1086,265,None,1423,265,MoveRight
780,1086,265,None,1430,265,MoveRight
781,1086,265,None,1437,265,MoveRight
782,1086,265,None,1444,265,MoveRight
783,1086,265,None,1451,265,MoveRight
784,1086,265,None,1458,265,MoveRight
785,1086,265,None,1465,265,MoveRight
786,1086,265,None,1472,265,MoveRight
787,1086,265,None,1479,265,MoveRight
788,1079,265,MoveLeft,1479,265,None
788,1079,265,None,1486,265,MoveRight
789,1072,265,MoveLeft,1486,265,None
789,1072,265,None,1493,265,MoveRight
790,1065,265,MoveLeft,1493,265,None
790,1065,265,None,1500,265,MoveRight
791,1058,265,MoveLeft,1500,265,None
791,1058,265,None,1507,265,MoveRight
792,1051,265,MoveLeft,1507,265,None
792,1051,265,None,1514,265,MoveRight
793,1044,265,MoveLeft,1514,265,None
793,1044,265,None,1521,265,MoveRight
794,1037,265,MoveLeft,1521,265,None
794,1037,265,None,1528,265,MoveRight
795,1030,265,MoveLeft,1528,265,None
795,1030,265,None,1535,265,MoveRight
796,1023,265,MoveLeft,1535,265,None
796,1023,265,None,1542,265,MoveRight
797,1016,265,MoveLeft,1542,265,None
797,1016,265,None,1549,265,MoveRight
798,1009,265,MoveLeft,1549,265,None
798,1009,265,None,1556,265,MoveRight
799,1002,265,MoveLeft,1556,265,None
799,1002,265,None,1563,265,MoveRight
800,995,265,MoveLeft,1563,265,None
800,995,265,None,1570,265,MoveRight
801,988,265,MoveLeft,1570,265,None
802,981,265,MoveLeft,1570,265,None
803,974,265,MoveLeft,1570,265,None
804,967,265,MoveLeft,1570,265,None
805,960,265,MoveLeft,1570,265,None
806,953,265,MoveLeft,1570,265,None
807,946,265,MoveLeft,1570,265,None
808,939,265,MoveLeft,1570,265,None
809,932,265,MoveLeft,1570,265,None
810,925,265,MoveLeft,1570,265,None
811,918,265,MoveLeft,1570,265,None
812,911,265,MoveLeft,1570,265,None
813,904,265,MoveLeft,1570,265,None
814,897,265,MoveLeft,1570,265,None
815,890,265,MoveLeft,1570,265,None
816,883,265,MoveLeft,1570,265,None
817,876,265,MoveLeft,1570,265,None
818,869,265,MoveLeft,1570,265,None
819,862,265,MoveLeft,1570,265,None
820,855,265,MoveLeft,1570,265,None
821,848,265,MoveLeft,1570,265,None
822,841,265,MoveLeft,1570,265,None
823,834,265,MoveLeft,1570,265,None
824,827,265,MoveLeft,1570,265,None
825,820,265,MoveLeft,1570,265,None
826,813,265,MoveLeft,1570,265,None
827,806,265,MoveLeft,1570,265,None
828,799,265,MoveLeft,1570,265,None
829,792,265,MoveLeft,1570,265,None
830,785,265,MoveLeft,1570,265,None
831,778,265,MoveLeft,1570,265,None
832,771,265,MoveLeft,1570,265,None
833,764,265,MoveLeft,1570,265,None
834,757,265,MoveLeft,1570,265,None
835,750,265,MoveLeft,1570,265,None
836,743,265,MoveLeft,1570,265,None
837,736,265,MoveLeft,1570,265,None
838,729,265,MoveLeft,1570,265,None
839,722,265,MoveLeft,1570,265,None
840,715,265,MoveLeft,1570,265,None
841,708,265,MoveLeft,1570,265,None
842,701,265,MoveLeft,1570,265,None
843,694,265,MoveLeft,1570,265,None
844,687,265,MoveLeft,1570,265,None
845,680,265,MoveLeft,1570,265,None
846,673,265,MoveLeft,1570,265,None
847,666,265,MoveLeft,1570,265,None
848,659,265,MoveLeft,1570,265,None
849,652,265,MoveLeft,1570,265,None
850,645,265,MoveLeft,1570,265,None
856,652,265,MoveRight,1570,265,None
857,659,265,MoveRight,1570,265,None
858,666,265,MoveRight,1570,265,None
859,673,265,MoveRight,1570,265,None
860,680,265,MoveRight,1570,265,None
861,687,265,MoveRight,1570,265,None
862,694,265,MoveRight,1570,265,None
863,701,265,MoveRight,1570,265,None
864,708,265,MoveRight,1570,265,None
865,715,265,MoveRight,1570,265,None
866,715,265,None,1570,265,SpikeStrong
866,722,265,MoveRight,1570,265,None
866,722,265,None,1570,265,None
867,715,265,MoveLeft,1570,265,None
868,708,265,MoveLeft,1570,265,None
869,701,265,MoveLeft,1570,265,None
870,694,265,MoveLeft,1570,265,None
871,687,265,MoveLeft,1570,265,None
872,680,265,MoveLeft,1570,265,None
873,673,265,MoveLeft,1570,265,None
874,666,265,MoveLeft,1570,265,None
875,659,265,MoveLeft,1570,265,None
876,652,265,MoveLeft,1570,265,None
877,645,265,MoveLeft,1570,265,None
878,638,265,MoveLeft,1570,265,None
879,631,265,MoveLeft,1570,265,None
880,624,265,MoveLeft,1570,265,None
881,617,265,MoveLeft,1570,265,None
882,610,265,MoveLeft,1570,265,None
883,603,265,MoveLeft,1570,265,None
884,596,265,MoveLeft,1570,265,None
885,589,265,MoveLeft,1570,265,None
886,582,265,MoveLeft,1570,265,None
887,575,265,MoveLeft,1570,265,None
888,568,265,MoveLeft,1570,265,None
889,561,265,MoveLeft,1570,265,None
890,554,265,MoveLeft,1570,265,None
891,547,265,MoveLeft,1570,265,None
892,540,265,MoveLeft,1570,265,None
893,533,265,MoveLeft,1570,265,None
894,526,265,MoveLeft,1570,265,None
895,519,265,MoveLeft,1570,265,None
896,512,265,MoveLeft,1570,265,None
897,505,265,MoveLeft,1570,265,None
898,498,265,MoveLeft,1570,265,None
899,491,265,MoveLeft,1570,265,None
900,484,265,MoveLeft,1570,265,None
901,477,265,MoveLeft,1570,265,None
902,470,265,MoveLeft,1570,265,None
903,463,265,MoveLeft,1570,265,None
904,456,265,MoveLeft,1570,265,None
905,449,265,MoveLeft,1570,265,None
906,442,265,MoveLeft,1570,265,None
907,435,265,MoveLeft,1570,265,None
908,428,265,MoveLeft,1570,265,None
909,421,265,MoveLeft,1570,265,None
910,414,265,MoveLeft,1570,265,None
911,407,265,MoveLeft,1570,265,None
912,400,265,MoveLeft,1570,265,None
913,393,265,MoveLeft,1570,265,None
914,386,265,MoveLeft,1570,265,None
915,323,265,MoveLeft,1850,265,None
916,316,265,MoveLeft,1850,265,None
917,309,265,MoveLeft,1850,265,None
918,302,265,MoveLeft,1850,265,None
919,295,265,MoveLeft,1850,265,None
920,288,265,MoveLeft,1850,265,None
921,281,265,MoveLeft,1850,265,None
922,274,265,MoveLeft,1850,265,None
923,267,265,MoveLeft,1850,265,None
924,260,265,MoveLeft,1850,265,None
925,253,265,MoveLeft,1850,265,None
926,246,265,MoveLeft,1850,265,None
949,253,265,MoveRight,1850,265,None
950,260,265,MoveRight,1850,265,None
951,267,265,MoveRight,1850,265,None
952,274,265,MoveRight,1850,265,None
953,281,265,MoveRight,1850,265,None
954,288,265,MoveRight,1850,265,None
955,295,265,MoveRight,1850,265,None
956,302,265,MoveRight,1850,265,None
957,309,265,MoveRight,1850,265,None
958,316,265,MoveRight,1850,265,None
959,323,265,MoveRight,1850,265,None
960,330,265,MoveRight,1850,265,None
961,337,265,MoveRight,1850,265,None
962,344,265,MoveRight,1850,265,None
963,351,265,MoveRight,1850,265,None
964,358,265,MoveRight,1850,265,None
965,365,265,MoveRight,1850,265,None
966,372,265,MoveRight,1850,265,None
975,372,265,Serve,1850,265,None
975,372,265,None,1850,265,None
976,372,265,None,1857,265,MoveRight
977,372,265,None,1864,265,MoveRight
978,372,265,None,1871,265,MoveRight
979,372,265,None,1878,265,MoveRight
980,372,265,None,1885,265,MoveRight
981,372,265,None,1892,265,MoveRight
982,372,265,None,1899,265,MoveRight
983,372,265,None,1906,265,MoveRight
984,372,265,None,1913,265,MoveRight
985,372,265,None,1920,265,MoveRight
995,379,265,MoveRight,1920,265,None
996,386,265,MoveRight,1920,265,None
997,393,265,MoveRight,1920,265,None
998,400,265,MoveRight,1920,265,None
999,407,265,MoveRight,1920,265,None
1000,414,265,MoveRight,1920,265,None
1001,421,265,MoveRight,1920,265,None
1002,428,265,MoveRight,1920,265,None
1003,435,265,MoveRight,1920,265,None
1004,442,265,MoveRight,1920,265,None
1005,449,265,MoveRight,1920,265,None
1006,456,265,MoveRight,1920,265,None
1007,463,265,MoveRight,1920,265,None
1008,470,265,MoveRight,1920,265,None
1009,477,265,MoveRight,1920,265,None
1010,484,265,MoveRight,1920,265,None
1011,491,265,MoveRight,1920,265,None
1012,498,265,MoveRight,1920,265,None
1013,505,265,MoveRight,1920,265,None
1014,512,265,MoveRight,1920,265,None
1015,519,265,MoveRight,1920,265,None
1016,526,265,MoveRight,1920,265,None
1017,533,265,MoveRight,1920,265,None
1018,540,265,MoveRight,1920,265,None
1019,547,265,MoveRight,1920,265,None
1020,554,265,MoveRight,1920,265,None
1021,561,265,MoveRight,1920,265,None
1022,568,265,MoveRight,1920,265,None
1023,575,265,MoveRight,1920,265,None
1024,582,265,MoveRight,1920,265,None
1025,589,265,MoveRight,1920,265,None
1026,596,265,MoveRight,1920,265,None
1027,603,265,MoveRight,1920,265,None
1028,610,265,MoveRight,1920,265,None
1029,617,265,MoveRight,1920,265,None
1030,624,265,MoveRight,1920,265,None
1031,631,265,MoveRight,1920,265,None
1032,638,265,MoveRight,1920,265,None
1033,645,265,MoveRight,1920,265,None
1034,652,265,MoveRight,1920,265,None
1035,659,265,MoveRight,1920,265,None
1036,666,265,MoveRight,1920,265,None
1037,673,265,MoveRight,1920,265,None
1038,680,265,MoveRight,1920,265,None
1039,687,265,MoveRight,1920,265,None
1040,694,265,MoveRight,1920,265,None
1041,701,265,MoveRight,1920,265,None
1042,708,265,MoveRight,1920,265,None
1043,715,265,MoveRight,1920,265,None
1044,722,265,MoveRight,1920,265,None
1045,729,265,MoveRight,1920,265,None
1046,736,265,MoveRight,1920,265,None
1049,736,265,None,1920,265,SpikeMedium
1049,743,265,MoveRight,1920,265,None
1049,743,265,None,1920,265,None
1050,750,265,MoveRight,1920,265,None
1051,757,265,MoveRight,1920,265,None
1052,764,265,MoveRight,1920,265,None
1053,771,265,MoveRight,1920,265,None
1054,778,265,MoveRight,1920,265,None
1055,785,265,MoveRight,1920,265,None
1056,792,265,MoveRight,1920,265,None
1057,799,265,MoveRight,1920,265,None
1058,806,265,MoveRight,1920,265,None
1059,813,265,MoveRight,1920,265,None
1060,820,265,MoveRight,1920,265,None
1061,827,265,MoveRight,1920,265,None
1062,834,265,MoveRight,1920,265,None
1063,841,265,MoveRight,1920,265,None
1064,848,265,MoveRight,1920,265,None
1065,855,265,MoveRight,1920,265,None
1066,862,265,MoveRight,1920,265,None
1067,869,265,MoveRight,1920,265,None
1068,876,265,MoveRight,1920,265,None
1069,883,265,MoveRight,1920,265,None
1070,890,265,MoveRight,1920,265,None
1071,897,265,MoveRight,1920,265,None
1072,904,265,MoveRight,1920,265,None
1073,911,265,MoveRight,1920,265,None
1074,918,265,MoveRight,1920,265,None
1075,925,265,MoveRight,1920,265,None
1076,932,265,MoveRight,1920,265,None
1077,939,265,MoveRight,1920,265,None
1078,946,265,MoveRight,1920,265,None
1079,953,265,MoveRight,1920,265,None
1080,960,265,MoveRight,1920,265,None
1081,967,265,MoveRight,1920,265,None
1082,974,265,MoveRight,1920,265,None
1083,981,265,MoveRight,1920,265,None
1084,988,265,MoveRight,1920,265,None
1085,995,265,MoveRight,1920,265,None
1086,1002,265,MoveRight,1920,265,None
1087,1009,265,MoveRight,1920,265,None
1088,1016,265,MoveRight,1920,265,None
1089,1023,265,MoveRight,1920,265,None
1090,1023,265,None,1920,265,None
1091,1023,265,None,1920,265,None
1092,1023,265,None,1920,265,None
1093,1023,265,None,1920,265,None
1094,1023,265,None,1920,265,None
1095,1023,265,None,1920,265,None
1096,1023,265,None,1920,265,None
1097,1023,265,None,1920,265,None
1098,1023,265,None,1920,265,None
1099,1023,265,None,1920,265,None
1100,1023,265,None,1920,265,None
1101,1023,265,None,1920,265,None
1102,1023,265,None,1920,265,None
1103,1023,265,None,1920,265,None
1104,1023,265,None,1920,265,None
1105,1023,265,None,1920,265,None
1106,1023,265,None,1920,265,None
1107,1023,265,None,1920,265,None
1108,1023,265,None,1920,265,None
1109,1023,265,None,1920,265,None
1110,1023,265,None,1920,265,None
1111,1023,265,Bump,1920,265,None
1111,1023,265,None,1920,265,None
1112,1023,265,None,1913,265,MoveLeft
1113,1023,265,None,1906,265,MoveLeft
1114,1023,265,None,1899,265,MoveLeft
1115,1023,265,None,1892,265,MoveLeft
1116,1023,265,None,1885,265,MoveLeft
1117,1023,265,None,1878,265,MoveLeft
1118,1023,265,None,1871,265,MoveLeft
1119,1023,265,None,1864,265,MoveLeft
1120,1023,265,None,1857,265,MoveLeft
1121,1023,265,None,1850,265,MoveLeft
1122,1023,265,None,1843,265,MoveLeft
1123,1023,265,None,1836,265,MoveLeft
1124,1023,265,None,1829,265,MoveLeft
1125,1023,265,None,1822,265,MoveLeft
1126,1023,265,None,1815,265,MoveLeft
1127,1023,265,None,1808,265,MoveLeft
1128,1023,265,None,1801,265,MoveLeft
1129,1023,265,None,1794,265,MoveLeft
1130,1023,265,None,1787,265,MoveLeft
1131,1016,265,MoveLeft,1787,265,None
1131,1016,265,None,1780,265,MoveLeft
1132,1009,265,MoveLeft,1780,265,None
1132,1009,265,None,1773,265,MoveLeft
1133,1002,265,MoveLeft,1773,265,None
1133,1002,265,None,1766,265,MoveLeft
1134,995,265,MoveLeft,1766,265,None
1134,995,265,None,1759,265,MoveLeft
1135,988,265,MoveLeft,1759,265,None
1135,988,265,None,1752,265,MoveLeft
1136,981,265,MoveLeft,1752,265,None
1136,981,265,None,1745,265,MoveLeft
1137,974,265,MoveLeft,1745,265,None
1137,974,265,None,1738,265,MoveLeft
1138,967,265,MoveLeft,1738,265,None
1138,967,265,None,1731,265,MoveLeft
1139,960,265,MoveLeft,1731,265,None
1139,960,265,None,1724,265,MoveLeft
1140,953,265,MoveLeft,1724,265,None
1140,953,265,None,1717,265,MoveLeft
1141,946,265,MoveLeft,1717,265,None
1141,946,265,None,1710,265,MoveLeft
1142,939,265,MoveLeft,1710,265,None
1142,939,265,None,1703,265,MoveLeft
1143,932,265,MoveLeft,1703,265,None
1143,932,265,None,1696,265,MoveLeft
1144,925,265,MoveLeft,1696,265,None
1144,925,265,None,1689,265,MoveLeft
1145,918,265,MoveLeft,1689,265,None
1145,918,265,None,1682,265,MoveLeft
1146,911,265,MoveLeft,1682,265,None
1146,911,265,None,1675,265,MoveLeft
1147,904,265,MoveLeft,1675,265,None
1147,904,265,None,1668,265,MoveLeft
1148,897,265,MoveLeft,1668,265,None
1148,897,265,None,1661,265,MoveLeft
1149,890,265,MoveLeft,1661,265,None
1149,890,265,None,1654,265,MoveLeft
1150,883,265,MoveLeft,1654,265,None
1150,883,265,None,1647,265,MoveLeft
1151,876,265,MoveLeft,1647,265,None
1151,876,265,None,1640,265,MoveLeft
1152,869,265,MoveLeft,1640,265,None
1152,869,265,None,1633,265,MoveLeft
1153,862,265,MoveLeft,1633,265,None
1153,862,265,None,1626,265,MoveLeft
1154,855,265,MoveLeft,1626,265,None
1154,855,265,None,1619,265,MoveLeft
1155,848,265,MoveLeft,1619,265,None
1155,848,265,None,1612,265,MoveLeft
1156,841,265,MoveLeft,1612,265,None
1156,841,265,None,1605,265,MoveLeft
1157,834,265,MoveLeft,1605,265,None
1157,834,265,None,1598,265,MoveLeft
1158,827,265,MoveLeft,1598,265,None
1159,820,265,MoveLeft,1598,265,None
1160,813,265,MoveLeft,1598,265,None
1161,806,265,MoveLeft,1598,265,None
1162,799,265,MoveLeft,1598,265,None
1163,792,265,MoveLeft,1598,265,None
1164,785,265,MoveLeft,1598,265,None
1165,778,265,MoveLeft,1598,265,None
1166,771,265,MoveLeft,1598,265,None
1167,764,265,MoveLeft,1598,265,None
1168,757,265,MoveLeft,1598,265,None
1169,750,265,MoveLeft,1598,265,None
1170,743,265,MoveLeft,1598,265,None
1171,736,265,MoveLeft,1598,265,None
1172,729,265,MoveLeft,1598,265,None
1173,722,265,MoveLeft,1598,265,None
1174,715,265,MoveLeft,1598,265,None
1175,708,265,MoveLeft,1598,265,None
1176,701,265,MoveLeft,1598,265,None
1177,694,265,MoveLeft,1598,265,None
1178,687,265,MoveLeft,1598,265,None
1179,680,265,MoveLeft,1598,265,None
1180,673,265,MoveLeft,1598,265,None
1181,666,265,MoveLeft,1598,265,None
1182,659,265,MoveLeft,1598,265,None
1193,666,265,MoveRight,1598,265,None
1194,673,265,MoveRight,1598,265,None
1195,680,265,MoveRight,1598,265,None
1196,687,265,MoveRight,1598,265,None
1197,694,265,MoveRight,1598,265,None
1198,701,265,MoveRight,1598,265,None
1199,708,265,MoveRight,1598,265,None
1200,715,265,MoveRight,1598,265,None
1201,722,265,MoveRight,1598,265,None
1202,729,265,MoveRight,1598,265,None
1203,736,265,MoveRight,1598,265,None
1204,743,265,MoveRight,1598,265,None
1205,750,265,MoveRight,1598,265,None
1206,757,265,MoveRight,1598,265,None
1207,764,265,MoveRight,1598,265,None
1208,771,265,MoveRight,1598,265,None
1209,778,265,MoveRight,1598,265,None
1210,785,265,MoveRight,1598,265,None
1211,792,265,MoveRight,1598,265,None
1212,792,265,None,1598,265,SpikeMedium
1212,799,265,MoveRight,1598,265,None
1212,799,265,None,1598,265,None
1213,792,265,MoveLeft,1598,265,None
1214,785,265,MoveLeft,1598,265,None
1215,778,265,MoveLeft,1598,265,None
1216,771,265,MoveLeft,1598,265,None
1217,764,265,MoveLeft,1598,265,None
1218,757,265,MoveLeft,1598,265,None
1219,750,265,MoveLeft,1598,265,None
1220,743,265,MoveLeft,1598,265,None
1221,736,265,MoveLeft,1598,265,None
1222,729,265,MoveLeft,1598,265,None
1223,722,265,MoveLeft,1598,265,None
1224,715,265,MoveLeft,1598,265,None
1225,715,265,None,1598,265,None
1226,715,265,None,1598,265,None
1227,715,265,None,1598,265,None
1228,715,265,None,1598,265,None
1229,715,265,None,1598,265,None
1230,715,265,None,1598,265,None
1231,715,265,None,1598,265,None
1232,715,265,None,1598,265,None
1233,715,265,None,1598,265,None
1234,715,265,None,1598,265,None
1235,715,265,None,1598,265,None
1236,715,265,None,1598,265,None
1237,715,265,None,1598,265,None
1238,715,265,None,1598,265,None
1239,715,265,None,1598,265,None
1240,715,265,None,1598,265,None
1241,715,265,None,1598,265,None
1242,715,265,None,1598,265,None
1243,715,265,None,1598,265,None
1244,715,265,None,1598,265,None
1245,715,265,None,1598,265,None
1246,715,265,None,1598,265,None
1247,715,265,None,1598,265,None
1248,715,265,None,1598,265,None
1249,715,265,None,1598,265,None
1250,715,265,None,1598,265,None
1251,715,265,None,1598,265,None
1252,715,265,None,1598,265,None
1253,715,265,None,1598,265,None
1254,715,265,None,1598,265,None
1255,715,265,None,1598,265,None
1256,715,265,None,1598,265,None
1257,715,265,None,1598,265,None
1258,715,265,None,1598,265,None
1259,715,265,None,1598,265,None
1260,715,265,None,1598,265,None
1261,715,265,None,1598,265,None
1262,715,265,None,1598,265,None
1263,715,265,None,1598,265,None
1264,715,265,None,1598,265,None
1265,715,265,None,1598,265,None
1266,715,265,None,1598,265,None
1267,715,265,None,1598,265,None
1268,715,265,None,1598,265,None
1269,715,265,None,1598,265,None
1270,715,265,None,1598,265,None
1271,715,265,None,1598,265,None
1272,715,265,None,1598,265,None
1273,715,265,None,1598,265,None
1274,715,265,Bump,1598,265,None
1274,715,265,None,1598,265,None
1275,715,265,None,1591,265,MoveLeft
1276,715,265,None,1584,265,MoveLeft
1277,715,265,None,1577,265,MoveLeft
1278,715,265,None,1570,265,MoveLeft
1279,715,265,None,1563,265,MoveLeft
1280,715,265,None,1556,265,MoveLeft
1281,715,265,None,1549,265,MoveLeft
1282,715,265,None,1542,265,MoveLeft
1283,715,265,None,1535,265,MoveLeft
1284,715,265,None,1528,265,MoveLeft
1285,715,265,None,1521,265,MoveLeft
1286,715,265,None,1514,265,MoveLeft
1287,715,265,None,1507,265,MoveLeft
1288,715,265,None,1500,265,MoveLeft
1289,715,265,None,1493,265,MoveLeft
1290,715,265,None,1486,265,MoveLeft
1291,715,265,None,1479,265,MoveLeft
1292,715,265,None,1472,265,MoveLeft
1293,715,265,None,1465,265,MoveLeft
1294,708,265,MoveLeft,1465,265,None
1294,708,265,None,1458,265,MoveLeft
1295,701,265,MoveLeft,1458,265,None
1295,701,265,None,1451,265,MoveLeft
1296,701,265,None,1444,265,MoveLeft
1297,701,265,None,1437,265,MoveLeft
1298,701,265,None,1430,265,MoveLeft
1299,701,265,None,1423,265,MoveLeft
1300,701,265,None,1416,265,MoveLeft
1301,701,265,None,1409,265,MoveLeft
1302,701,265,None,1402,265,MoveLeft
1303,701,265,None,1395,265,MoveLeft
1304,708,265,MoveRight,1395,265,None
1304,708,265,None,1388,265,MoveLeft
1305,715,265,MoveRight,1388,265,None
1305,715,265,None,1381,265,MoveLeft
1306,722,265,MoveRight,1381,265,None
1306,722,265,None,1374,265,MoveLeft
1307,729,265,MoveRight,1374,265,None
1307,729,265,None,1367,265,MoveLeft
1308,736,265,MoveRight,1367,265,None
1308,736,265,None,1360,265,MoveLeft
1309,743,265,MoveRight,1360,265,None
1309,743,265,None,1353,265,MoveLeft
1310,750,265,MoveRight,1353,265,None
1310,750,265,None,1346,265,MoveLeft
1311,757,265,MoveRight,1346,265,None
1312,764,265,MoveRight,1346,265,None
1313,771,265,MoveRight,1346,265,None
1314,778,265,MoveRight,1346,265,None
1315,785,265,MoveRight,1346,265,None
1316,792,265,MoveRight,1346,265,None
1317,799,265,MoveRight,1346,265,None
1318,806,265,MoveRight,1346,265,None
1319,813,265,MoveRight,1346,265,None
1327,806,265,MoveLeft,1346,265,None
1328,799,265,MoveLeft,1346,265,None
1329,792,265,MoveLeft,1346,265,None
1330,785,265,MoveLeft,1346,265,None
1331,778,265,MoveLeft,1346,265,None
1332,771,265,MoveLeft,1346,265,None
1333,764,265,MoveLeft,1346,265,None
1336,771,265,MoveRight,1346,265,None
1337,778,265,MoveRight,1346,265,None
1338,785,265,MoveRight,1346,265,None
1339,792,265,MoveRight,1346,265,None
1340,799,265,MoveRight,1346,265,None
1341,806,265,MoveRight,1346,265,None
1342,813,265,MoveRight,1346,265,None
1343,820,265,MoveRight,1346,265,None
1344,827,265,MoveRight,1346,265,None
1345,834,265,MoveRight,1346,265,None
1346,841,265,MoveRight,1346,265,None
1347,848,265,MoveRight,1346,265,None
1348,855,265,MoveRight,1346,265,None
1349,862,265,MoveRight,1346,265,None
1350,869,265,MoveRight,1346,265,None
1351,876,265,MoveRight,1346,265,None
1352,883,265,MoveRight,1346,265,None
1353,890,265,MoveRight,1346,265,None
1354,897,265,MoveRight,1346,265,None
1355,904,265,MoveRight,1346,265,None
1356,911,265,MoveRight,1346,265,None
1357,918,265,MoveRight,1346,265,None
1358,925,265,MoveRight,1346,265,None
1359,932,265,MoveRight,1346,265,None
1360,939,265,MoveRight,1346,265,None
1361,946,265,MoveRight,1346,265,None
1362,953,265,MoveRight,1346,265,None
1363,960,265,MoveRight,1346,265,None
1364,967,265,MoveRight,1346,265,None
1365,974,265,MoveRight,1346,265,None
1366,981,265,MoveRight,1346,265,None
1367,988,265,MoveRight,1346,265,None
1368,995,265,MoveRight,1346,265,None
1369,1002,265,MoveRight,1346,265,None
1370,1009,265,MoveRight,1346,265,None
1371,1016,265,MoveRight,1346,265,None
1372,1023,265,MoveRight,1346,265,None
1373,1030,265,MoveRight,1346,265,None
1374,1037,265,MoveRight,1346,265,None
1375,1044,265,MoveRight,1346,265,None
1376,963,265,MoveLeft,2410,265,None
1420,963,265,None,2410,265,None
1426,963,265,None,2410,265,Serve
1426,963,265,None,2410,265,None
1432,963,265,None,2410,265,None
1441,963,265,None,2410,265,None
1472,956,265,MoveLeft,2410,265,None
1473,949,265,MoveLeft,2410,265,None
1474,942,265,MoveLeft,2410,265,None
1475,935,265,MoveLeft,2410,265,None
1476,928,265,MoveLeft,2410,265,None
1477,921,265,MoveLeft,2410,265,None
1478,914,265,MoveLeft,2410,265,None
1479,907,265,MoveLeft,2410,265,None
1480,900,265,MoveLeft,2410,265,None
1481,893,265,MoveLeft,2410,265,None
1482,886,265,MoveLeft,2410,265,None
1483,879,265,MoveLeft,2410,265,None
1484,872,265,MoveLeft,2410,265,None
1485,872,265,None,2410,265,None
1486,872,265,None,2410,265,None
1487,872,265,None,2410,265,None
1488,872,265,None,2410,265,None
1489,872,265,None,2410,265,None
1490,872,265,None,2410,265,None
1491,872,265,None,2410,265,None
1492,872,265,None,2410,265,None
1493,872,265,None,2410,265,None
1494,872,265,None,2410,265,None
1495,872,265,None,2410,265,None
1496,872,265,None,2410,265,None
1497,872,265,None,2410,265,None
1498,872,265,Bump,2410,265,None
1498,872,265,None,2410,265,None
1499,872,265,None,2403,265,MoveLeft
1500,872,265,None,2396,265,MoveLeft
1501,872,265,None,2389,265,MoveLeft
1502,872,265,None,2382,265,MoveLeft
1503,872,265,None,2375,265,MoveLeft
1504,872,265,None,2368,265,MoveLeft
1505,872,265,None,2361,265,MoveLeft
1506,872,265,None,2354,265,MoveLeft
1507,872,265,None,2347,265,MoveLeft
1508,872,265,None,2340,265,MoveLeft
1509,872,265,None,2333,265,MoveLeft
1510,872,265,None,2326,265,MoveLeft
1511,872,265,None,2319,265,MoveLeft
1512,872,265,None,2312,265,MoveLeft
1513,872,265,None,2305,265,MoveLeft
1514,872,265,None,2298,265,MoveLeft
1515,872,265,None,2291,265,MoveLeft
1516,872,265,None,2284,265,MoveLeft
1517,872,265,None,2277,265,MoveLeft
1518,872,265,None,2270,265,MoveLeft
1519,872,265,None,2263,265,MoveLeft
1520,872,265,None,2256,265,MoveLeft
1521,872,265,None,2249,265,MoveLeft
1522,872,265,None,2242,265,MoveLeft
1523,872,265,None,2235,265,MoveLeft
1524,872,265,None,2228,265,MoveLeft
1525,872,265,None,2221,265,MoveLeft
1526,872,265,None,2214,265,MoveLeft
1527,872,265,None,2207,265,MoveLeft
1528,872,265,None,2200,265,MoveLeft
1529,872,265,None,2193,265,MoveLeft
1530,872,265,None,2186,265,MoveLeft
1531,872,265,None,2179,265,MoveLeft
1532,872,265,None,2172,265,MoveLeft
1533,872,265,None,2165,265,MoveLeft
1534,872,265,None,2158,265,MoveLeft
1535,872,265,None,2151,265,MoveLeft
1536,872,265,None,2144,265,MoveLeft
1537,872,265,None,2137,265,MoveLeft
1538,872,265,None,2130,265,MoveLeft
1539,872,265,None,2123,265,MoveLeft
1540,872,265,None,2116,265,MoveLeft
1541,872,265,None,2109,265,MoveLeft
1542,872,265,None,2102,265,MoveLeft
1543,872,265,None,2095,265,MoveLeft
1544,872,265,None,2088,265,MoveLeft
1545,872,265,None,2081,265,MoveLeft
1546,872,265,None,2074,265,MoveLeft
1547,872,265,None,2067,265,MoveLeft
1548,872,265,None,2060,265,MoveLeft
1549,872,265,None,2053,265,MoveLeft
1550,872,265,None,2046,265,MoveLeft
1551,872,265,None,2039,265,MoveLeft
1552,872,265,None,2032,265,MoveLeft
1553,872,265,None,2025,265,MoveLeft
1554,872,265,None,2018,265,MoveLeft
1555,872,265,None,2011,265,MoveLeft
1556,872,265,None,2004,265,MoveLeft
1557,872,265,None,1997,265,MoveLeft
1558,872,265,None,1990,265,MoveLeft
1559,872,265,None,1983,265,MoveLeft
1560,872,265,None,1976,265,MoveLeft
1561,872,265,None,1969,265,MoveLeft
1562,872,265,None,1962,265,MoveLeft
1563,872,265,None,1955,265,MoveLeft
1564,872,265,None,1948,265,MoveLeft
1565,872,265,None,1941,265,MoveLeft
1566,872,265,None,1934,265,MoveLeft
1567,872,265,None,1927,265,MoveLeft
1568,872,265,None,1920,265,MoveLeft
1569,872,265,None,1913,265,MoveLeft
1570,872,265,None,1906,265,MoveLeft
1571,872,265,None,1899,265,MoveLeft
1572,872,265,None,1892,265,MoveLeft
1573,872,265,None,1885,265,MoveLeft
1574,872,265,None,1878,265,MoveLeft
1575,872,265,None,1871,265,MoveLeft
1576,872,265,None,1864,265,MoveLeft
1577,872,265,None,1857,265,MoveLeft
1578,872,265,None,1850,265,MoveLeft
1579,872,265,None,1843,265,MoveLeft
1580,872,265,None,1836,265,MoveLeft
1581,872,265,None,1829,265,MoveLeft
1582,872,265,None,1822,265,MoveLeft
1583,872,265,None,1815,265,MoveLeft
1584,872,265,None,1808,265,MoveLeft
1585,872,265,None,1801,265,MoveLeft
1586,872,265,None,1794,265,MoveLeft
1587,872,265,None,1787,265,MoveLeft
1588,872,265,None,1780,265,MoveLeft
1589,872,265,None,1773,265,MoveLeft
1590,872,265,None,1766,265,MoveLeft
1591,872,265,None,1759,265,MoveLeft
1592,872,265,None,1752,265,MoveLeft
1593,872,265,None,1745,265,MoveLeft
1594,872,265,None,1738,265,MoveLeft
1595,872,265,None,1731,265,MoveLeft
1596,872,265,None,1724,265,MoveLeft
1597,872,265,None,1717,265,MoveLeft
1598,872,265,None,1710,265,MoveLeft
1599,872,265,None,1703,265,MoveLeft
1600,872,265,None,1696,265,MoveLeft
1601,872,265,None,1689,265,MoveLeft
1602,872,265,None,1682,265,MoveLeft
1682,337,265,MoveRight,1670,265,None
1683,344,265,MoveRight,1670,265,None
1684,351,265,MoveRight,1670,265,None
1685,358,265,MoveRight,1670,265,None
1686,365,265,MoveRight,1670,265,None
1687,372,265,MoveRight,1670,265,None
1688,379,265,MoveRight,1670,265,None
1689,386,265,MoveRight,1670,265,None
1700,386,265,Serve,1670,265,None
1700,386,265,None,1670,265,None
1701,386,265,None,1677,265,MoveRight
1702,386,265,None,1684,265,MoveRight
1703,386,265,None,1691,265,MoveRight
1704,386,265,None,1698,265,MoveRight
1705,386,265,None,1705,265,MoveRight
1706,386,265,None,1712,265,MoveRight
1707,386,265,None,1719,265,MoveRight
1708,386,265,None,1726,265,MoveRight
1709,386,265,None,1733,265,MoveRight
1710,386,265,None,1740,265,MoveRight
1711,386,265,None,1747,265,MoveRight
1712,386,265,None,1754,265,MoveRight
1713,386,265,None,1761,265,MoveRight
1714,386,265,None,1768,265,MoveRight
1715,386,265,None,1775,265,MoveRight
1716,386,265,None,1782,265,MoveRight
1717,386,265,None,1789,265,MoveRight
1718,386,265,None,1796,265,MoveRight
1719,386,265,None,1803,265,MoveRight
1720,386,265,None,1810,265,MoveRight
1721,386,265,None,1817,265,MoveRight
1722,386,265,None,1824,265,MoveRight
1723,386,265,None,1831,265,MoveRight
1724,386,265,None,1838,265,MoveRight
1725,386,265,None,1845,265,MoveRight
1726,386,265,None,1852,265,MoveRight
1727,386,265,None,1859,265,MoveRight
1728,386,265,None,1866,265,MoveRight
1729,386,265,None,1873,265,MoveRight
1730,393,265,MoveRight,1873,265,None
1730,393,265,None,1880,265,MoveRight
1731,400,265,MoveRight,1880,265,None
1731,400,265,None,1887,265,MoveRight
1732,407,265,MoveRight,1887,265,None
1732,407,265,None,1894,265,MoveRight
1733,414,265,MoveRight,1894,265,None
1733,414,265,None,1901,265,MoveRight
1734,421,265,MoveRight,1901,265,None
1734,421,265,None,1908,265,MoveRight
1735,428,265,MoveRight,1908,265,None
1735,428,265,None,1915,265,MoveRight
1736,435,265,MoveRight,1915,265,None
1736,435,265,None,1922,265,MoveRight
1737,442,265,MoveRight,1922,265,None
1737,442,265,None,1929,265,MoveRight
1738,449,265,MoveRight,1929,265,None
1739,456,265,MoveRight,1929,265,None
1740,463,265,MoveRight,1929,265,None
1741,470,265,MoveRight,1929,265,None
1742,477,265,MoveRight,1929,265,None
1743,484,265,MoveRight,1929,265,None
1744,491,265,MoveRight,1929,265,None
1745,498,265,MoveRight,1929,265,None
1746,505,265,MoveRight,1929,265,None
1747,512,265,MoveRight,1929,265,None
1748,519,265,MoveRight,1929,265,None
1749,526,265,MoveRight,1929,265,None
1750,533,265,MoveRight,1929,265,None
1751,540,265,MoveRight,1929,265,None
1752,547,265,MoveRight,1929,265,None
1753,554,265,MoveRight,1929,265,None
1754,561,265,MoveRight,1929,265,None
1755,568,265,MoveRight,1929,265,None
1756,575,265,MoveRight,1929,265,None
1757,582,265,MoveRight,1929,265,None
1758,589,265,MoveRight,1929,265,None
1759,596,265,MoveRight,1929,265,None
1760,603,265,MoveRight,1929,265,None
1761,610,265,MoveRight,1929,265,None
1762,617,265,MoveRight,1929,265,None
1763,624,265,MoveRight,1929,265,None
1764,631,265,MoveRight,1929,265,None
1765,638,265,MoveRight,1929,265,None
1766,645,265,MoveRight,1929,265,None
1767,652,265,MoveRight,1929,265,None
1768,659,265,MoveRight,1929,265,None
1769,666,265,MoveRight,1929,265,None
1770,673,265,MoveRight,1929,265,None
1771,680,265,MoveRight,1929,265,None
1772,687,265,MoveRight,1929,265,None
1773,694,265,MoveRight,1929,265,None
1774,694,265,None,1929,265,SpikeStrong
1774,701,265,MoveRight,1929,265,None
1774,701,265,None,1929,265,None
1775,694,265,MoveLeft,1929,265,None
1776,687,265,MoveLeft,1929,265,None
1777,680,265,MoveLeft,1929,265,None
1778,673,265,MoveLeft,1929,265,None
1779,666,265,MoveLeft,1929,265,None
1780,659,265,MoveLeft,1929,265,None
1781,652,265,MoveLeft,1929,265,None
1782,645,265,MoveLeft,1929,265,None
1783,638,265,MoveLeft,1929,265,None
1784,631,265,MoveLeft,1929,265,None
1785,624,265,MoveLeft,1929,265,None
1786,617,265,MoveLeft,1929,265,None
1787,610,265,MoveLeft,1929,265,None
1788,603,265,MoveLeft,1929,265,None
1789,596,265,MoveLeft,1929,265,None
1790,589,265,MoveLeft,1929,265,None
1791,582,265,MoveLeft,1929,265,None
1792,575,265,MoveLeft,1929,265,None
1793,575,265,None,1929,265,None
1794,575,265,None,1929,265,None
1795,575,265,None,1929,265,None
1796,575,265,None,1929,265,None
1797,575,265,None,1929,265,None
1798,575,265,None,1929,265,None
1799,575,265,None,1929,265,None
1800,575,265,None,1929,265,None
1801,575,265,None,1929,265,None
1802,575,265,None,1929,265,None
1803,575,265,None,1929,265,None
1804,575,265,None,1929,265,None
1805,575,265,None,1929,265,None
1806,575,265,None,1929,265,None
1807,575,265,None,1929,265,None
1808,575,265,None,1929,265,None
1809,575,265,None,1929,265,None
1810,575,265,None,1929,265,None
1811,575,265,None,1929,265,None
1812,575,265,None,1929,265,None
1813,575,265,None,1929,265,None
1814,575,265,None,1929,265,None
1815,575,265,None,1929,265,None
1816,575,265,None,1929,265,None
1817,575,265,None,1929,265,None
1818,575,265,None,1929,265,None
1819,575,265,Bump,1929,265,None
1819,575,265,None,1929,265,None
1820,575,265,None,1922,265,MoveLeft
1821,575,265,None,1915,265,MoveLeft
1822,575,265,None,1908,265,MoveLeft
1823,575,265,None,1901,265,MoveLeft
1824,575,265,None,1894,265,MoveLeft
1825,575,265,None,1887,265,MoveLeft
1826,575,265,None,1880,265,MoveLeft
1827,575,265,None,1873,265,MoveLeft
1828,575,265,None,1866,265,MoveLeft
1829,575,265,None,1859,265,MoveLeft
1830,575,265,None,1852,265,MoveLeft
1831,575,265,None,1845,265,MoveLeft
1832,575,265,None,1838,265,MoveLeft
1833,575,265,None,1831,265,MoveLeft
1834,575,265,None,1824,265,MoveLeft
1835,575,265,None,1817,265,MoveLeft
1836,575,265,None,1810,265,MoveLeft
1837,575,265,None,1803,265,MoveLeft
1838,582,265,MoveRight,1803,265,None
1838,582,265,None,1796,265,MoveLeft
1839,589,265,MoveRight,1796,265,None
1839,589,265,None,1789,265,MoveLeft
1840,596,265,MoveRight,1789,265,None
1840,596,265,None,1782,265,MoveLeft
1841,603,265,MoveRight,1782,265,None
1841,603,265,None,1775,265,MoveLeft
1842,603,265,None,1768,265,MoveLeft
1843,603,265,None,1761,265,MoveLeft
1844,603,265,None,1754,265,MoveLeft
1845,603,265,None,1747,265,MoveLeft
1846,603,265,None,1740,265,MoveLeft
1847,603,265,None,1733,265,MoveLeft
1848,603,265,None,1726,265,MoveLeft
1849,603,265,None,1719,265,MoveLeft
1850,603,265,None,1712,265,MoveLeft
1851,603,265,None,1705,265,MoveLeft
1852,603,265,None,1698,265,MoveLeft
1853,603,265,None,1691,265,MoveLeft
1854,603,265,None,1684,265,MoveLeft
1855,610,265,MoveRight,1684,265,None
1855,610,265,None,1677,265,MoveLeft
1856,617,265,MoveRight,1677,265,None
1856,617,265,None,1670,265,MoveLeft
1857,624,265,MoveRight,1670,265,None
1857,624,265,None,1663,265,MoveLeft
1858,631,265,MoveRight,1663,265,None
1858,631,265,None,1656,265,MoveLeft
1859,638,265,MoveRight,1656,265,None
1859,638,265,None,1649,265,MoveLeft
1860,645,265,MoveRight,1649,265,None
1860,645,265,None,1642,265,MoveLeft
1861,652,265,MoveRight,1642,265,None
1861,652,265,None,1635,265,MoveLeft
1862,659,265,MoveRight,1635,265,None
1862,659,265,None,1628,265,MoveLeft
1863,666,265,MoveRight,1628,265,None
1863,666,265,None,1621,265,MoveLeft
1864,673,265,MoveRight,1621,265,None
1864,673,265,None,1614,265,MoveLeft
1865,680,265,MoveRight,1614,265,None
1865,680,265,None,1607,265,MoveLeft
1866,687,265,MoveRight,1607,265,None
1866,687,265,None,1600,265,MoveLeft
1867,694,265,MoveRight,1600,265,None
1867,694,265,None,1593,265,MoveLeft
1868,701,265,MoveRight,1593,265,None
1868,701,265,None,1586,265,MoveLeft
1869,708,265,MoveRight,1586,265,None
1869,708,265,None,1579,265,MoveLeft
1870,715,265,MoveRight,1579,265,None
1870,715,265,None,1572,265,MoveLeft
1871,722,265,MoveRight,1572,265,None
1871,722,265,None,1565,265,MoveLeft
1872,729,265,MoveRight,1565,265,None
1872,729,265,None,1558,265,MoveLeft
1873,736,265,MoveRight,1558,265,None
1873,736,265,None,1551,265,MoveLeft
1874,743,265,MoveRight,1551,265,None
1874,743,265,None,1544,265,MoveLeft
1875,750,265,MoveRight,1544,265,None
1875,750,265,None,1537,265,MoveLeft
1876,757,265,MoveRight,1537,265,None
1876,757,265,None,1530,265,MoveLeft
1877,764,265,MoveRight,1530,265,None
1877,764,265,None,1523,265,MoveLeft
1878,771,265,MoveRight,1523,265,None
1878,771,265,None,1516,265,MoveLeft
1879,778,265,MoveRight,1516,265,None
1879,778,265,None,1509,265,MoveLeft
1880,785,265,MoveRight,1509,265,None
1880,785,265,None,1502,265,MoveLeft
1881,792,265,MoveRight,1502,265,None
1881,792,265,None,1495,265,MoveLeft
1882,799,265,MoveRight,1495,265,None
1882,799,265,None,1488,265,MoveLeft
1883,806,265,MoveRight,1488,265,None
1883,806,265,None,1481,265,MoveLeft
1884,813,265,MoveRight,1481,265,None
1884,813,265,None,1474,265,MoveLeft
1885,820,265,MoveRight,1474,265,None
1885,820,265,None,1467,265,MoveLeft
1886,827,265,MoveRight,1467,265,None
1886,827,265,None,1460,265,MoveLeft
1887,834,265,MoveRight,1460,265,None
1887,834,265,None,1453,265,MoveLeft
1888,841,265,MoveRight,1453,265,None
1888,841,265,None,1446,265,MoveLeft
1889,848,265,MoveRight,1446,265,None
1889,848,265,None,1439,265,MoveLeft
1890,855,265,MoveRight,1439,265,None
1890,855,265,None,1432,265,MoveLeft
1891,862,265,MoveRight,1432,265,None
1891,862,265,None,1425,265,MoveLeft
1892,869,265,MoveRight,1425,265,None
1892,869,265,None,1418,265,MoveLeft
1893,876,265,MoveRight,1418,265,None
1893,876,265,None,1411,265,MoveLeft
1894,883,265,MoveRight,1411,265,None
1894,883,265,None,1404,265,MoveLeft
1895,890,265,MoveRight,1404,265,None
1895,890,265,None,1397,265,MoveLeft
1896,897,265,MoveRight,1397,265,None
1896,897,265,None,1390,265,MoveLeft
1897,904,265,MoveRight,1390,265,None
1897,904,265,None,1383,265,MoveLeft
1898,911,265,MoveRight,1383,265,None
1898,911,265,None,1376,265,MoveLeft
1899,918,265,MoveRight,1376,265,None
1899,918,265,None,1369,265,MoveLeft
1900,925,265,MoveRight,1369,265,None
1900,925,265,None,1362,265,MoveLeft
1901,932,265,MoveRight,1362,265,None
1901,932,265,None,1355,265,MoveLeft
1902,939,265,MoveRight,1355,265,None
1902,939,265,None,1348,265,MoveLeft
1903,946,265,MoveRight,1348,265,None
1904,953,265,MoveRight,1346,265,None
1905,960,265,MoveRight,1346,265,None
1906,967,265,MoveRight,1346,265,None
1907,974,265,MoveRight,1346,265,None
1908,981,265,MoveRight,1346,265,None
1909,988,265,MoveRight,1346,265,None
1910,995,265,MoveRight,1346,265,None
1911,1002,265,MoveRight,1346,265,None
1912,1009,265,MoveRight,1346,265,None
1913,1016,265,MoveRight,1346,265,None
1914,1016,265,Bump,1346,265,None
1914,1023,265,MoveRight,1346,265,None
1915,1023,265,None,1353,265,MoveRight
1916,1023,265,None,1360,265,MoveRight
1917,1023,265,None,1367,265,MoveRight
1918,1023,265,None,1374,265,MoveRight
1919,1023,265,None,1381,265,MoveRight
1920,1023,265,None,1388,265,MoveRight
1921,1023,265,None,1395,265,MoveRight
1922,1023,265,None,1402,265,MoveRight
1923,1023,265,None,1409,265,MoveRight
1924,1023,265,None,1416,265,MoveRight
1925,1023,265,None,1423,265,MoveRight
1926,1023,265,None,1430,265,MoveRight
1927,1023,265,None,1437,265,MoveRight
1928,1023,265,None,1444,265,MoveRight
1929,1023,265,None,1451,265,MoveRight
1930,1023,265,None,1458,265,MoveRight
1931,1023,265,None,1465,265,MoveRight
1932,1023,265,None,1472,265,MoveRight
1933,1023,265,None,1479,265,MoveRight
1934,1030,265,MoveRight,1479,265,None
1934,1030,265,None,1486,265,MoveRight
1935,1030,265,None,1493,265,MoveRight
1936,1030,265,None,1500,265,MoveRight
1937,1030,265,None,1507,265,MoveRight
1938,1030,265,None,1514,265,MoveRight
1939,1030,265,None,1521,265,MoveRight
1940,1030,265,None,1528,265,MoveRight
1941,1030,265,None,1535,265,MoveRight
1942,1030,265,None,1542,265,MoveRight
1943,1030,265,None,1549,265,MoveRight
1944,1023,265,MoveLeft,1549,265,None
1944,1023,265,None,1556,265,MoveRight
1945,1016,265,MoveLeft,1556,265,None
1945,1016,265,None,1563,265,MoveRight
1946,1009,265,MoveLeft,1563,265,None
1946,1009,265,None,1570,265,MoveRight
1947,1002,265,MoveLeft,1570,265,None
1947,1002,265,None,1577,265,MoveRight
1948,995,265,MoveLeft,1577,265,None
1948,995,265,None,1584,265,MoveRight
1949,988,265,MoveLeft,1584,265,None
1949,988,265,None,1591,265,MoveRight
1950,981,265,MoveLeft,1591,265,None
1950,981,265,None,1598,265,MoveRight
1951,974,265,MoveLeft,1598,265,None
1952,967,265,MoveLeft,1598,265,None
1953,960,265,MoveLeft,1598,265,None
1954,953,265,MoveLeft,1598,265,None
1955,946,265,MoveLeft,1598,265,None
1956,939,265,MoveLeft,1598,265,None
1957,932,265,MoveLeft,1598,265,None
1958,925,265,MoveLeft,1598,265,None
1959,918,265,MoveLeft,1598,265,None
1960,911,265,MoveLeft,1598,265,None
1961,904,265,MoveLeft,1598,265,None
1962,897,265,MoveLeft,1598,265,None
1963,890,265,MoveLeft,1598,265,None
1964,883,265,MoveLeft,1598,265,None
1965,876,265,MoveLeft,1598,265,None
1966,869,265,MoveLeft,1598,265,None
1967,862,265,MoveLeft,1598,265,None
1968,855,265,MoveLeft,1598,265,None
1969,848,265,MoveLeft,1598,265,None
1970,841,265,MoveLeft,1598,265,None
1971,834,265,MoveLeft,1598,265,None
1972,827,265,MoveLeft,1598,265,None
1973,820,265,MoveLeft,1598,265,None
1974,813,265,MoveLeft,1598,265,None
1975,806,265,MoveLeft,1598,265,None
1976,799,265,MoveLeft,1598,265,None
1977,792,265,MoveLeft,1598,265,None
1978,785,265,MoveLeft,1598,265,None
1979,778,265,MoveLeft,1598,265,None
1980,771,265,MoveLeft,1598,265,None
1981,764,265,MoveLeft,1598,265,None
1982,757,265,MoveLeft,1598,265,None
1983,750,265,MoveLeft,1598,265,None
1984,743,265,MoveLeft,1598,265,None
1985,736,265,MoveLeft,1598,265,None
1986,729,265,MoveLeft,1598,265,None
1987,722,265,MoveLeft,1598,265,None
1988,715,265,MoveLeft,1598,265,None
1989,708,265,MoveLeft,1598,265,None
1990,701,265,MoveLeft,1598,265,None
1991,694,265,MoveLeft,1598,265,None
1992,687,265,MoveLeft,1598,265,None
1993,680,265,MoveLeft,1598,265,None
1994,673,265,MoveLeft,1598,265,None
1995,666,265,MoveLeft,1598,265,None
1996,659,265,MoveLeft,1598,265,None
1997,652,265,MoveLeft,1598,265,None
1998,645,265,MoveLeft,1598,265,None
1999,638,265,MoveLeft,1598,265,None
2000,631,265,MoveLeft,1598,265,None
2001,624,265,MoveLeft,1598,265,None
2008,631,265,MoveRight,1598,265,None
2009,638,265,MoveRight,1598,265,None
2010,645,265,MoveRight,1598,265,None
2011,652,265,MoveRight,1598,265,None
2012,659,265,MoveRight,1598,265,None
2013,666,265,MoveRight,1598,265,None
2014,673,265,MoveRight,1598,265,None
2015,680,265,MoveRight,1598,265,None
2016,680,265,None,1598,265,SpikeMedium
2016,687,265,MoveRight,1598,265,None
2016,687,265,None,1598,265,None
2017,694,265,MoveRight,1598,265,None
2018,701,265,MoveRight,1598,265,None
2019,708,265,MoveRight,1598,265,None
2020,715,265,MoveRight,1598,265,None
2021,715,265,None,1598,265,None
2022,715,265,None,1598,265,None
2023,715,265,None,1598,265,None
2024,715,265,None,1598,265,None
2025,715,265,None,1598,265,None
2026,715,265,None,1598,265,None
2027,715,265,None,1598,265,None
2028,715,265,None,1598,265,None
2029,715,265,None,1598,265,None
2030,715,265,None,1598,265,None
2031,715,265,None,1598,265,None
2032,715,265,None,1598,265,None
2033,715,265,None,1598,265,None
2034,715,265,None,1598,265,None
2035,715,265,None,1598,265,None
2036,715,265,None,1598,265,None
2037,715,265,None,1598,265,None
2038,715,265,None,1598,265,None
2039,715,265,None,1598,265,None
2040,715,265,None,1598,265,None
2041,715,265,None,1598,265,None
2042,715,265,None,1598,265,None
2043,715,265,None,1598,265,None
2044,715,265,None,1598,265,None
2045,715,265,None,1598,265,None
2046,715,265,None,1598,265,None
2047,715,265,None,1598,265,None
2048,715,265,None,1598,265,None
2049,715,265,None,1598,265,None
2050,715,265,None,1598,265,None
2051,715,265,None,1598,265,None
2052,715,265,None,1598,265,None
2053,715,265,None,1598,265,None
2054,715,265,None,1598,265,None
2055,715,265,None,1598,265,None
2056,715,265,None,1598,265,None
2057,715,265,None,1598,265,None
2058,715,265,None,1598,265,None
2059,715,265,None,1598,265,None
2060,715,265,None,1598,265,None
2061,715,265,None,1598,265,None
2062,715,265,None,1598,265,None
2063,715,265,None,1598,265,None
2064,715,265,None,1598,265,None
2065,715,265,None,1598,265,None
2066,715,265,None,1598,265,None
2067,715,265,None,1598,265,None
2068,715,265,None,1598,265,None
2069,715,265,None,1598,265,None
2070,715,265,None,1598,265,None
2071,715,265,None,1598,265,None
2072,715,265,None,1598,265,None
2073,715,265,None,1598,265,None
2074,715,265,None,1598,265,None
2075,715,265,None,1598,265,None
2076,715,265,None,1598,265,None
2077,715,265,None,1598,265,None
2078,715,265,None,1598,265,None
2079,715,265,Bump,1598,265,None
2079,715,265,None,1598,265,None
2080,715,265,None,1591,265,MoveLeft
2081,715,265,None,1584,265,MoveLeft
2082,715,265,None,1577,265,MoveLeft
2083,715,265,None,1570,265,MoveLeft
2084,715,265,None,1563,265,MoveLeft
2085,715,265,None,1556,265,MoveLeft
2086,715,265,None,1549,265,MoveLeft
2087,715,265,None,1542,265,MoveLeft
2088,715,265,None,1535,265,MoveLeft
2089,715,265,None,1528,265,MoveLeft
2090,715,265,None,1521,265,MoveLeft
2091,715,265,None,1514,265,MoveLeft
2092,715,265,None,1507,265,MoveLeft
2093,715,265,None,1500,265,MoveLeft
2094,715,265,None,1493,265,MoveLeft
2095,715,265,None,1486,265,MoveLeft
2096,715,265,None,1479,265,MoveLeft
2097,715,265,None,1472,265,MoveLeft
2098,715,265,None,1465,265,MoveLeft
2099,715,265,None,1458,265,MoveLeft
2100,715,265,None,1451,265,MoveLeft
2101,715,265,None,1444,265,MoveLeft
2102,715,265,None,1437,265,MoveLeft
2103,722,265,MoveRight,1437,265,None
2103,722,265,None,1430,265,MoveLeft
2104,729,265,MoveRight,1430,265,None
2104,729,265,None,1423,265,MoveLeft
2105,736,265,MoveRight,1423,265,None
2105,736,265,None,1416,265,MoveLeft
2106,743,265,MoveRight,1416,265,None
2106,743,265,None,1409,265,MoveLeft
2107,750,265,MoveRight,1409,265,None
2107,750,265,None,1402,265,MoveLeft
2108,757,265,MoveRight,1402,265,None
2108,757,265,None,1395,265,MoveLeft
2109,764,265,MoveRight,1395,265,None
2109,764,265,None,1388,265,MoveLeft
2110,771,265,MoveRight,1388,265,None
2110,771,265,None,1381,265,MoveLeft
2111,778,265,MoveRight,1381,265,None
2111,778,265,None,1374,265,MoveLeft
2112,785,265,MoveRight,1374,265,None
2112,785,265,None,1367,265,MoveLeft
2113,792,265,MoveRight,1367,265,None
2113,792,265,None,1360,265,MoveLeft
2114,799,265,MoveRight,1360,265,None
2114,799,265,None,1353,265,MoveLeft
2115,806,265,MoveRight,1353,265,None
2115,806,265,None,1346,265,MoveLeft
2116,813,265,MoveRight,1346,265,None
2117,820,265,MoveRight,1346,265,None
2118,827,265,MoveRight,1346,265,None
2119,834,265,MoveRight,1346,265,None
2120,841,265,MoveRight,1346,265,None
2121,848,265,MoveRight,1346,265,None
2122,855,265,MoveRight,1346,265,None
2123,862,265,MoveRight,1346,265,None
2124,869,265,MoveRight,1346,265,None
2125,876,265,MoveRight,1346,265,None
2126,883,265,MoveRight,1346,265,None
2127,890,265,MoveRight,1346,265,None
2128,897,265,MoveRight,1346,265,None
2129,904,265,MoveRight,1346,265,None
2130,911,265,MoveRight,1346,265,None
2131,918,265,MoveRight,1346,265,None
2132,925,265,MoveRight,1346,265,None
2133,932,265,MoveRight,1346,265,None
2134,939,265,MoveRight,1346,265,None
2135,946,265,MoveRight,1346,265,None
2136,953,265,MoveRight,1346,265,None
2137,960,265,MoveRight,1346,265,None
2138,967,265,MoveRight,1346,265,None
2139,974,265,MoveRight,1346,265,None
2140,981,265,MoveRight,1346,265,None
2141,988,265,MoveRight,1346,265,None
2142,995,265,MoveRight,1346,265,None
2143,1002,265,MoveRight,1346,265,None
2144,1009,265,MoveRight,1346,265,None
2145,1016,265,MoveRight,1346,265,None
2146,1023,265,MoveRight,1346,265,None
2147,1030,265,MoveRight,1346,265,None
2148,1037,265,MoveRight,1346,265,None
2149,1044,265,MoveRight,1346,265,None
2150,1051,265,MoveRight,1346,265,None
2151,1058,265,MoveRight,1346,265,None
2152,1065,265,MoveRight,1346,265,None
2153,1072,265,MoveRight,1346,265,None
2154,1079,265,MoveRight,1346,265,None
2155,1086,265,MoveRight,1346,265,None
2156,1093,265,MoveRight,1346,265,None
2157,1100,265,MoveRight,1346,265,None
2158,1107,265,MoveRight,1346,265,None
2169,1114,265,MoveRight,1346,265,None
2170,1121,265,MoveRight,1346,265,None
2171,1128,265,MoveRight,1346,265,None
2172,1135,265,MoveRight,1346,265,None
2173,1142,265,MoveRight,1346,265,None
2174,1149,265,MoveRight,1346,265,None
2175,1156,265,MoveRight,1346,265,None
2176,1156,265,Bump,1346,265,None
2176,1163,265,MoveRight,1346,265,None
2177,1163,265,None,1353,265,MoveRight
2178,1163,265,None,1360,265,MoveRight
2179,1163,265,None,1367,265,MoveRight
2180,1163,265,None,1374,265,MoveRight
2181,1163,265,None,1381,265,MoveRight
2182,1163,265,None,1388,265,MoveRight
2183,1163,265,None,1395,265,MoveRight
2184,1163,265,None,1402,265,MoveRight
2185,1163,265,None,1409,265,MoveRight
2186,1163,265,None,1416,265,MoveRight
2187,1163,265,None,1423,265,MoveRight
2188,1163,265,None,1430,265,MoveRight
2189,1163,265,None,1437,265,MoveRight
2190,1163,265,None,1444,265,MoveRight
2191,1163,265,None,1451,265,MoveRight
2192,1163,265,None,1458,265,MoveRight
2193,1163,265,None,1465,265,MoveRight
2194,1163,265,None,1472,265,MoveRight
2195,1163,265,None,1479,265,MoveRight
2196,1163,265,None,1486,265,MoveRight
2197,1163,265,None,1493,265,MoveRight
2198,1156,265,MoveLeft,1493,265,None
2198,1156,265,None,1500,265,MoveRight
2199,1149,265,MoveLeft,1500,265,None
2199,1149,265,None,1507,265,MoveRight
2200,1142,265,MoveLeft,1507,265,None
2200,1142,265,None,1514,265,MoveRight
2201,1135,265,MoveLeft,1514,265,None
2201,1135,265,None,1521,265,MoveRight
2202,1128,265,MoveLeft,1521,265,None
2202,1128,265,None,1528,265,MoveRight
2203,1121,265,MoveLeft,1528,265,None
2203,1121,265,None,1535,265,MoveRight
2204,1114,265,MoveLeft,1535,265,None
2204,1114,265,None,1542,265,MoveRight
2205,1107,265,MoveLeft,1542,265,None
2205,1107,265,None,1549,265,MoveRight
2206,1100,265,MoveLeft,1549,265,None
2206,1100,265,None,1556,265,MoveRight
2207,1093,265,MoveLeft,1556,265,None
2207,1093,265,None,1563,265,MoveRight
2208,1086,265,MoveLeft,1563,265,None
2208,1086,265,None,1570,265,MoveRight
2209,1079,265,MoveLeft,1570,265,None
2209,1079,265,None,1577,265,MoveRight
2210,1072,265,MoveLeft,1577,265,None
2210,1072,265,None,1584,265,MoveRight
2211,1065,265,MoveLeft,1584,265,None
2211,1065,265,None,1591,265,MoveRight
2212,1058,265,MoveLeft,1591,265,None
2212,1058,265,None,1598,265,MoveRight
2213,1051,265,MoveLeft,1598,265,None
2213,1051,265,None,1605,265,MoveRight
2214,1044,265,MoveLeft,1605,265,None
2214,1044,265,None,1612,265,MoveRight
2215,1037,265,MoveLeft,1612,265,None
2215,1037,265,None,1619,265,MoveRight
2216,1030,265,MoveLeft,1619,265,None
2216,1030,265,None,1626,265,MoveRight
2217,1023,265,MoveLeft,1626,265,None
2217,1023,265,None,1633,265,MoveRight
2218,1016,265,MoveLeft,1633,265,None
2218,1016,265,None,1640,265,MoveRight
2219,1009,265,MoveLeft,1640,265,None
2219,1009,265,None,1647,265,MoveRight
2220,1002,265,MoveLeft,1647,265,None
2220,1002,265,None,1654,265,MoveRight
2221,995,265,MoveLeft,1654,265,None
2221,995,265,None,1661,265,MoveRight
2222,988,265,MoveLeft,1661,265,None
2222,988,265,None,1668,265,MoveRight
2223,981,265,MoveLeft,1668,265,None
2223,981,265,None,1675,265,MoveRight
2224,974,265,MoveLeft,1675,265,None
2224,974,265,None,1682,265,MoveRight
2225,967,265,MoveLeft,1682,265,None
2225,967,265,None,1689,265,MoveRight
2226,960,265,MoveLeft,1689,265,None
2226,960,265,None,1696,265,MoveRight
2227,953,265,MoveLeft,1696,265,None
2227,953,265,None,1703,265,MoveRight
2228,946,265,MoveLeft,1703,265,None
2228,946,265,None,1710,265,MoveRight
2229,939,265,MoveLeft,1710,265,None
2229,939,265,None,1717,265,MoveRight
2230,932,265,MoveLeft,1717,265,None
2230,932,265,None,1724,265,MoveRight
2231,925,265,MoveLeft,1724,265,None
2231,925,265,None,1731,265,MoveRight
2232,918,265,MoveLeft,1731,265,None
2232,918,265,None,1738,265,MoveRight
2233,911,265,MoveLeft,1738,265,None
2233,911,265,None,1745,265,MoveRight
2234,904,265,MoveLeft,1745,265,None
2234,904,265,None,1752,265,MoveRight
2235,897,265,MoveLeft,1752,265,None
2235,897,265,None,1759,265,MoveRight
2236,890,265,MoveLeft,1759,265,None
2237,883,265,MoveLeft,1759,265,None
2238,876,265,MoveLeft,1759,265,None
2239,869,265,MoveLeft,1759,265,None
2240,862,265,MoveLeft,1759,265,None
2241,855,265,MoveLeft,1759,265,None
2242,848,265,MoveLeft,1759,265,None
2243,841,265,MoveLeft,1759,265,None
2244,834,265,MoveLeft,1759,265,None
2245,827,265,MoveLeft,1759,265,None
2246,820,265,MoveLeft,1759,265,None
2247,813,265,MoveLeft,1759,265,None
2248,806,265,MoveLeft,1759,265,None
2249,799,265,MoveLeft,1759,265,None
2250,792,265,MoveLeft,1759,265,None
2251,785,265,MoveLeft,1759,265,None
2252,778,265,MoveLeft,1759,265,None
2253,771,265,MoveLeft,1759,265,None
2254,764,265,MoveLeft,1759,265,None
2255,757,265,MoveLeft,1759,265,None
2256,750,265,MoveLeft,1759,265,None
2257,743,265,MoveLeft,1759,265,None
2258,736,265,MoveLeft,1759,265,None
2259,729,265,MoveLeft,1759,265,None
2260,722,265,MoveLeft,1759,265,None
2261,715,265,MoveLeft,1759,265,None
2262,708,265,MoveLeft,1759,265,None
2263,701,265,MoveLeft,1759,265,None
2264,694,265,MoveLeft,1759,265,None
2265,687,265,MoveLeft,1759,265,None
2266,680,265,MoveLeft,1759,265,None
2267,673,265,MoveLeft,1759,265,None
2268,666,265,MoveLeft,1759,265,None
2269,659,265,MoveLeft,1759,265,None
2270,652,265,MoveLeft,1759,265,None
2271,645,265,MoveLeft,1759,265,None
2272,638,265,MoveLeft,1759,265,None
2273,631,265,MoveLeft,1759,265,None
2274,624,265,MoveLeft,1759,265,None
2275,617,265,MoveLeft,1759,265,None
2276,610,265,MoveLeft,1759,265,None
2277,603,265,MoveLeft,1759,265,None
2278,596,265,MoveLeft,1759,265,None
2279,589,265,MoveLeft,1759,265,None
2280,589,265,None,1759,265,SpikeLight
2280,582,265,MoveLeft,1759,265,None
2280,582,265,None,1759,265,None
2281,575,265,MoveLeft,1759,265,None
2282,568,265,MoveLeft,1759,265,None
2283,561,265,MoveLeft,1759,265,None
2284,554,265,MoveLeft,1759,265,None
2285,547,265,MoveLeft,1759,265,None
2286,540,265,MoveLeft,1759,265,None
2287,533,265,MoveLeft,1759,265,None
2288,526,265,MoveLeft,1759,265,None
2289,519,265,MoveLeft,1759,265,None
2290,512,265,MoveLeft,1759,265,None
2291,505,265,MoveLeft,1759,265,None
2292,498,265,MoveLeft,1759,265,None
2293,491,265,MoveLeft,1759,265,None
2294,484,265,MoveLeft,1759,265,None
2295,477,265,MoveLeft,1759,265,None
2296,470,265,MoveLeft,1759,265,None
2297,463,265,MoveLeft,1759,265,None
2298,456,265,MoveLeft,1759,265,None
2299,449,265,MoveLeft,1759,265,None
2300,442,265,MoveLeft,1759,265,None
2301,435,265,MoveLeft,1759,265,None
2302,428,265,MoveLeft,1759,265,None
2303,421,265,MoveLeft,1759,265,None
2304,414,265,MoveLeft,1759,265,None
2312,421,265,MoveRight,1759,265,None
2313,428,265,MoveRight,1759,265,None
2314,435,265,MoveRight,1759,265,None
2315,442,265,MoveRight,1759,265,None
2316,449,265,MoveRight,1759,265,None
2317,456,265,MoveRight,1759,265,None
2318,463,265,MoveRight,1759,265,None
2319,470,265,MoveRight,1759,265,None
2320,477,265,MoveRight,1759,265,None
2321,484,265,MoveRight,1759,265,None
2322,491,265,MoveRight,1759,265,None
2323,498,265,MoveRight,1759,265,None
2324,505,265,MoveRight,1759,265,None
2325,512,265,MoveRight,1759,265,None
2326,519,265,MoveRight,1759,265,None
2327,526,265,MoveRight,1759,265,None
2328,533,265,MoveRight,1759,265,None
2329,540,265,MoveRight,1759,265,None
2330,547,265,MoveRight,1759,265,None
2331,554,265,MoveRight,1759,265,None
2332,561,265,MoveRight,1759,265,None
2333,568,265,MoveRight,1759,265,None
2334,575,265,MoveRight,1759,265,None
2335,582,265,MoveRight,1759,265,None
2336,589,265,MoveRight,1759,265,None
2337,596,265,MoveRight,1759,265,None
2338,603,265,MoveRight,1759,265,None
2339,610,265,MoveRight,1759,265,None
2340,617,265,MoveRight,1759,265,None
2341,624,265,MoveRight,1759,265,None
2342,631,265,MoveRight,1759,265,None
2343,638,265,MoveRight,1759,265,None
2344,645,265,MoveRight,1759,265,None
2345,337,265,MoveRight,1670,265,None
2346,344,265,MoveRight,1670,265,None
2347,351,265,MoveRight,1670,265,None
2348,358,265,MoveRight,1670,265,None
2349,365,265,MoveRight,1670,265,None
2350,372,265,MoveRight,1670,265,None
2351,379,265,MoveRight,1670,265,None
2367,386,265,MoveRight,1670,265,None
2368,393,265,MoveRight,1670,265,None
2369,400,265,MoveRight,1670,265,None
2370,407,265,MoveRight,1670,265,None
2371,414,265,MoveRight,1670,265,None
2372,421,265,MoveRight,1670,265,None
2373,428,265,MoveRight,1670,265,None
2374,435,265,MoveRight,1670,265,None
2375,442,265,MoveRight,1670,265,None
2376,449,265,MoveRight,1670,265,None
2377,456,265,MoveRight,1670,265,None
2378,463,265,MoveRight,1670,265,None
2379,470,265,MoveRight,1670,265,None
2380,477,265,MoveRight,1670,265,None
2381,484,265,MoveRight,1670,265,None
2382,491,265,MoveRight,1670,265,None
2383,498,265,MoveRight,1670,265,None
2384,505,265,MoveRight,1670,265,None
2385,512,265,MoveRight,1670,265,None
2386,519,265,MoveRight,1670,265,None
2387,526,265,MoveRight,1670,265,None
2388,533,265,MoveRight,1670,265,None
2389,540,265,MoveRight,1670,265,None
2390,547,265,MoveRight,1670,265,None
2391,554,265,MoveRight,1670,265,None
2392,561,265,MoveRight,1670,265,None
2393,568,265,MoveRight,1670,265,None
2409,575,265,MoveRight,1670,265,None
2410,582,265,MoveRight,1670,265,None
2411,589,265,MoveRight,1670,265,None
2412,596,265,MoveRight,1670,265,None
2413,603,265,MoveRight,1670,265,None
2414,610,265,MoveRight,1670,265,None
2415,617,265,MoveRight,1670,265,None
2416,624,265,MoveRight,1670,265,None
2417,631,265,MoveRight,1670,265,None
2418,638,265,MoveRight,1670,265,None
2419,645,265,MoveRight,1670,265,None
2448,650,265,SpikeLight,1670,265,None
2448,650,265,None,1670,265,None
2468,650,265,SpikeLight,1670,265,None
2468,650,265,None,1670,265,None
2496,650,265,Serve,1670,265,None
2496,650,265,None,1670,265,None
2497,650,265,None,1677,265,MoveRight
2498,650,265,None,1684,265,MoveRight
2499,650,265,None,1691,265,MoveRight
2500,650,265,None,1698,265,MoveRight
2501,650,265,None,1705,265,MoveRight
2502,650,265,None,1712,265,MoveRight
2503,650,265,None,1719,265,MoveRight
2504,650,265,None,1726,265,MoveRight
2505,650,265,None,1733,265,MoveRight
2506,650,265,None,1740,265,MoveRight
2507,650,265,None,1747,265,MoveRight
2508,650,265,None,1754,265,MoveRight
2509,650,265,None,1761,265,MoveRight
2510,650,265,None,1768,265,MoveRight
2511,650,265,None,1775,265,MoveRight
2512,650,265,None,1782,265,MoveRight
2513,650,265,None,1789,265,MoveRight
2514,650,265,None,1796,265,MoveRight
2515,650,265,None,1803,265,MoveRight
2516,650,265,None,1810,265,MoveRight
2517,650,265,None,1817,265,MoveRight
2518,650,265,None,1824,265,MoveRight
2519,650,265,None,1831,265,MoveRight
2520,650,265,None,1838,265,MoveRight
2521,650,265,None,1845,265,MoveRight
2522,650,265,None,1852,265,MoveRight
2523,650,265,None,1859,265,MoveRight
2524,650,265,None,1866,265,MoveRight
2525,650,265,None,1873,265,MoveRight
2526,650,265,None,1880,265,MoveRight
2527,650,265,None,1887,265,MoveRight
2528,650,265,None,1887,265,None
2528,650,265,None,1894,265,MoveRight
2529,650,265,None,1901,265,MoveRight
2530,650,265,None,1908,265,MoveRight
2531,650,265,None,1915,265,MoveRight
2532,650,265,None,1922,265,MoveRight
2533,650,265,None,1922,265,None
2533,650,265,None,1929,265,MoveRight
2534,650,265,None,1936,265,MoveRight
2535,650,265,None,1943,265,MoveRight
2536,650,265,None,1950,265,MoveRight
2537,650,265,None,1957,265,MoveRight
2538,650,265,None,1964,265,MoveRight
2539,650,265,None,1971,265,MoveRight
2540,650,265,None,1978,265,MoveRight
2541,650,265,None,1985,265,MoveRight
2542,650,265,None,1992,265,MoveRight
2543,650,265,None,1992,265,None
2543,650,265,None,1999,265,MoveRight
2544,650,265,None,2006,265,MoveRight
2545,650,265,None,2013,265,MoveRight
2546,650,265,None,2020,265,MoveRight
2547,650,265,None,2027,265,MoveRight
2548,650,265,None,2034,265,MoveRight
2549,650,265,None,2041,265,MoveRight
2550,650,265,None,2048,265,MoveRight
2551,650,265,None,2055,265,MoveRight
2552,650,265,None,2062,265,MoveRight
2553,650,265,None,2069,265,MoveRight
2554,657,265,MoveRight,2069,265,None
2554,657,265,None,2076,265,MoveRight
2555,664,265,MoveRight,2076,265,None
2555,664,265,None,2083,265,MoveRight
2556,671,265,MoveRight,2083,265,None
2556,671,265,None,2090,265,MoveRight
2557,678,265,MoveRight,2090,265,None
2557,678,265,None,2097,265,MoveRight
2558,685,265,MoveRight,2097,265,None
2558,685,265,None,2104,265,MoveRight
2559,692,265,MoveRight,2104,265,None
2559,692,265,None,2111,265,MoveRight
2560,699,265,MoveRight,2111,265,None
2560,699,265,None,2118,265,MoveRight
2561,706,265,MoveRight,2118,265,None
2561,706,265,None,2125,265,MoveRight
2562,713,265,MoveRight,2125,265,None
2562,713,265,None,2132,265,MoveRight
2563,720,265,MoveRight,2132,265,None
2563,720,265,None,2139,265,MoveRight
2564,727,265,MoveRight,2139,265,None
2564,727,265,None,2146,265,MoveRight
2565,734,265,MoveRight,2146,265,None
2565,734,265,None,2153,265,MoveRight
2566,741,265,MoveRight,2153,265,None
2566,741,265,None,2160,265,MoveRight
2567,748,265,MoveRight,2160,265,None
2567,748,265,None,2167,265,MoveRight
2568,755,265,MoveRight,2167,265,None
2568,755,265,None,2174,265,MoveRight
2569,762,265,MoveRight,2174,265,None
2569,762,265,None,2181,265,MoveRight
2570,769,265,MoveRight,2181,265,None
2570,769,265,None,2188,265,MoveRight
2571,776,265,MoveRight,2188,265,None
2571,776,265,None,2195,265,MoveRight
2572,1157,265,MoveRight,2410,265,None
2573,1164,265,MoveRight,2410,265,None
2574,1171,265,MoveRight,2410,265,None
2575,1178,265,MoveRight,2410,265,None
2576,1185,265,MoveRight,2410,265,None
2577,1192,265,MoveRight,2410,265,None
2578,1199,265,MoveRight,2410,265,None
2579,1206,265,MoveRight,2410,265,None
2580,1213,265,MoveRight,2410,265,None
2581,1220,265,MoveRight,2410,265,None
2582,1227,265,MoveRight,2410,265,None
2583,1234,265,MoveRight,2410,265,None
2584,1241,265,MoveRight,2410,265,None
2585,1248,265,MoveRight,2410,265,None
2586,1255,265,MoveRight,2410,265,None
2587,1262,265,MoveRight,2410,265,None
2604,1255,265,MoveLeft,2410,265,None
2605,1248,265,MoveLeft,2410,265,None
2606,1241,265,MoveLeft,2410,265,None
2607,1234,265,MoveLeft,2410,265,None
2608,1227,265,MoveLeft,2410,265,None
2609,1220,265,MoveLeft,2410,265,None
2610,1213,265,MoveLeft,2410,265,None
2611,1206,265,MoveLeft,2410,265,None
2612,1199,265,MoveLeft,2410,265,None
2613,1192,265,MoveLeft,2410,265,None
2614,1185,265,MoveLeft,2410,265,None
2615,1178,265,MoveLeft,2410,265,None
2616,1171,265,MoveLeft,2410,265,None
2617,1164,265,MoveLeft,2410,265,None
2618,1157,265,MoveLeft,2410,265,None
2619,1150,265,MoveLeft,2410,265,None
2620,1143,265,MoveLeft,2410,265,None
2621,1136,265,MoveLeft,2410,265,None
2622,1136,265,None,2410,265,Serve
2622,1129,265,MoveLeft,2410,265,None
2622,1129,265,None,2410,265,None
2623,1122,265,MoveLeft,2410,265,None
2624,1115,265,MoveLeft,2410,265,None
2625,1108,265,MoveLeft,2410,265,None
2626,1101,265,MoveLeft,2410,265,None
2627,1094,265,MoveLeft,2410,265,None
2628,1087,265,MoveLeft,2410,265,None
2629,1080,265,MoveLeft,2410,265,None
2630,1073,265,MoveLeft,2410,265,None
2631,1066,265,MoveLeft,2410,265,None
2632,1059,265,MoveLeft,2410,265,None
2633,1052,265,MoveLeft,2410,265,None
2634,1045,265,MoveLeft,2410,265,None
2635,1038,265,MoveLeft,2410,265,None
2636,1031,265,MoveLeft,2410,265,None
2637,1024,265,MoveLeft,2410,265,None
2638,1017,265,MoveLeft,2410,265,None
2639,1010,265,MoveLeft,2410,265,None
2640,1003,265,MoveLeft,2410,265,None
2641,996,265,MoveLeft,2410,265,None
2642,989,265,MoveLeft,2410,265,None
2643,982,265,MoveLeft,2410,265,None
2644,975,265,MoveLeft,2410,265,None
2645,968,265,MoveLeft,2410,265,None
2646,961,265,MoveLeft,2410,265,None
2661,968,265,MoveRight,2410,265,None
2662,975,265,MoveRight,2410,265,None
2663,982,265,MoveRight,2410,265,None
2664,989,265,MoveRight,2410,265,None
2665,996,265,MoveRight,2410,265,None
2666,1003,265,MoveRight,2410,265,None
2667,1010,265,MoveRight,2410,265,None
2668,1017,265,MoveRight,2410,265,None
2669,1024,265,MoveRight,2410,265,None
2670,1031,265,MoveRight,2410,265,None
2671,1038,265,MoveRight,2410,265,None
2672,1045,265,MoveRight,2410,265,None
2673,1052,265,MoveRight,2410,265,None
2674,1059,265,MoveRight,2410,265,None
2675,1066,265,MoveRight,2410,265,None
2676,1073,265,MoveRight,2410,265,None
2686,1066,265,MoveLeft,2410,265,None
2687,1059,265,MoveLeft,2410,265,None
2688,1052,265,MoveLeft,2410,265,None
2689,1045,265,MoveLeft,2410,265,None
2690,1038,265,MoveLeft,2410,265,None
2691,1031,265,MoveLeft,2410,265,None
2692,1024,265,MoveLeft,2410,265,None
2693,1017,265,MoveLeft,2410,265,None
2694,1010,265,MoveLeft,2410,265,None
2695,1003,265,MoveLeft,2410,265,None
2696,996,265,MoveLeft,2410,265,None
2697,989,265,MoveLeft,2410,265,None
2698,982,265,MoveLeft,2410,265,None
2699,1143,265,MoveLeft,2410,265,None
2700,1136,265,MoveLeft,2410,265,None
2701,1129,265,MoveLeft,2410,265,None
2738,1122,265,MoveLeft,2410,265,None
2739,1115,265,MoveLeft,2410,265,None
2740,1108,265,MoveLeft,2410,265,None
2741,1101,265,MoveLeft,2410,265,None
2742,1094,265,MoveLeft,2410,265,None
2743,1087,265,MoveLeft,2410,265,None
2744,1080,265,MoveLeft,2410,265,None
2745,1073,265,MoveLeft,2410,265,None
2746,1066,265,MoveLeft,2410,265,None
2747,1059,265,MoveLeft,2410,265,None
2748,1052,265,MoveLeft,2410,265,None
2749,1052,265,None,2410,265,Serve
2749,1045,265,MoveLeft,2410,265,None
2749,1045,265,None,2410,265,None
2750,1038,265,MoveLeft,2410,265,None
2751,1031,265,MoveLeft,2410,265,None
2752,1024,265,MoveLeft,2410,265,None
2753,1017,265,MoveLeft,2410,265,None
2754,1010,265,MoveLeft,2410,265,None
2755,1003,265,MoveLeft,2410,265,None
2756,996,265,MoveLeft,2410,265,None
2757,989,265,MoveLeft,2410,265,None
2758,982,265,MoveLeft,2410,265,None
2759,975,265,MoveLeft,2410,265,None
2767,982,265,MoveRight,2410,265,None
2768,989,265,MoveRight,2410,265,None
2769,996,265,MoveRight,2410,265,None
2770,1003,265,MoveRight,2410,265,None
2771,1010,265,MoveRight,2410,265,None
2772,1017,265,MoveRight,2410,265,None
2773,1024,265,MoveRight,2410,265,None
2774,1031,265,MoveRight,2410,265,None
2777,1024,265,MoveLeft,2410,265,None
2778,1017,265,MoveLeft,2410,265,None
2779,1010,265,MoveLeft,2410,265,None
2780,1003,265,MoveLeft,2410,265,None
2781,996,265,MoveLeft,2410,265,None
2782,989,265,MoveLeft,2410,265,None
2783,982,265,MoveLeft,2410,265,None
2787,989,265,MoveRight,2410,265,None
2788,996,265,MoveRight,2410,265,None
2789,1003,265,MoveRight,2410,265,None
2790,1010,265,MoveRight,2410,265,None
2791,1017,265,MoveRight,2410,265,None
2792,1024,265,MoveRight,2410,265,None
2793,1031,265,MoveRight,2410,265,None
2794,1038,265,MoveRight,2410,265,None
2795,1045,265,MoveRight,2410,265,None
2796,1052,265,MoveRight,2410,265,None
2797,1059,265,MoveRight,2410,265,None
2798,1066,265,MoveRight,2410,265,None
2799,1073,265,MoveRight,2410,265,None
2800,1080,265,MoveRight,2410,265,None
2809,1073,265,MoveLeft,2410,265,None
2810,1066,265,MoveLeft,2410,265,None
2811,1059,265,MoveLeft,2410,265,None
2812,1052,265,MoveLeft,2410,265,None
2813,1045,265,MoveLeft,2410,265,None
2814,1038,265,MoveLeft,2410,265,None
2815,1031,265,MoveLeft,2410,265,None
2816,1024,265,MoveLeft,2410,265,None
2817,1017,265,MoveLeft,2410,265,None
2818,1010,265,MoveLeft,2410,265,None
2819,1003,265,MoveLeft,2410,265,None
2820,996,265,MoveLeft,2410,265,None
2821,989,265,MoveLeft,2410,265,None
2822,982,265,MoveLeft,2410,265,None
2860,1143,265,MoveLeft,2410,265,None
2861,1136,265,MoveLeft,2410,265,None
2862,1129,265,MoveLeft,2410,265,None
2863,1122,265,MoveLeft,2410,265,None
2864,1115,265,MoveLeft,2410,265,None
2865,1108,265,MoveLeft,2410,265,None
2866,1101,265,MoveLeft,2410,265,None
2867,1094,265,MoveLeft,2410,265,None
2868,1087,265,MoveLeft,2410,265,None
2875,1094,265,MoveRight,2410,265,None
2876,1094,265,None,2410,265,Serve
2876,1101,265,MoveRight,2410,265,None
2876,1101,265,None,2410,265,None
2877,1108,265,MoveRight,2410,265,None
2878,1115,265,MoveRight,2410,265,None
2879,1122,265,MoveRight,2410,265,None
2880,1129,265,MoveRight,2410,265,None
2881,1136,265,MoveRight,2410,265,None
2886,1129,265,MoveLeft,2410,265,None
2887,1122,265,MoveLeft,2410,265,None
2888,1115,265,MoveLeft,2410,265,None
2889,1108,265,MoveLeft,2410,265,None
2890,1101,265,MoveLeft,2410,265,None
2891,1094,265,MoveLeft,2410,265,None
2892,1087,265,MoveLeft,2410,265,None
2893,1080,265,MoveLeft,2410,265,None
2894,1073,265,MoveLeft,2410,265,None
2895,1066,265,MoveLeft,2410,265,None
2896,1059,265,MoveLeft,2410,265,None
2897,1052,265,MoveLeft,2410,265,None
2898,1045,265,MoveLeft,2410,265,None
2903,1052,265,MoveRight,2410,265,None
2904,1059,265,MoveRight,2410,265,None
2905,1066,265,MoveRight,2410,265,None
2906,1073,265,MoveRight,2410,265,None
2907,1080,265,MoveRight,2410,265,None
2908,1087,265,MoveRight,2410,265,None
2909,1094,265,MoveRight,2410,265,None
2914,1087,265,MoveLeft,2410,265,None
2915,1080,265,MoveLeft,2410,265,None
2916,1073,265,MoveLeft,2410,265,None
2917,1066,265,MoveLeft,2410,265,None
2918,1059,265,MoveLeft,2410,265,None
2919,1052,265,MoveLeft,2410,265,None
2920,1045,265,MoveLeft,2410,265,None
2921,1038,265,MoveLeft,2410,265,None
2922,1031,265,MoveLeft,2410,265,None
2923,1024,265,MoveLeft,2410,265,None
2924,1017,265,MoveLeft,2410,265,None
2925,1010,265,MoveLeft,2410,265,None
2926,1003,265,MoveLeft,2410,265,None
2927,996,265,MoveLeft,2410,265,None
2928,989,265,MoveLeft,2410,265,None
2942,982,265,MoveLeft,2410,265,None
2943,975,265,MoveLeft,2410,265,None
2944,968,265,MoveLeft,2410,265,None
2945,961,265,MoveLeft,2410,265,None
2946,954,265,MoveLeft,2410,265,None
2947,947,265,MoveLeft,2410,265,None
2948,940,265,MoveLeft,2410,265,None
2949,933,265,MoveLeft,2410,265,None
2950,926,265,MoveLeft,2410,265,None
2974,1157,265,MoveRight,2410,265,None
2975,1164,265,MoveRight,2410,265,None
2976,1171,265,MoveRight,2410,265,None
2977,1178,265,MoveRight,2410,265,None
2978,1185,265,MoveRight,2410,265,None
2979,1192,265,MoveRight,2410,265,None
2980,1199,265,MoveRight,2410,265,None
2981,1206,265,MoveRight,2410,265,None
2982,1213,265,MoveRight,2410,265,None
2983,1220,265,MoveRight,2410,265,None
2991,1213,265,MoveLeft,2410,265,None
2992,1206,265,MoveLeft,2410,265,None
2993,1199,265,MoveLeft,2410,265,None
2994,1192,265,MoveLeft,2410,265,None
2995,1185,265,MoveLeft,2410,265,None
2996,1178,265,MoveLeft,2410,265,None
2997,1171,265,MoveLeft,2410,265,None
2998,1164,265,MoveLeft,2410,265,None
2999,1157,265,MoveLeft,2410,265,None
3000,1150,265,MoveLeft,2410,265,None
3001,1143,265,MoveLeft,2410,265,None
3002,1136,265,MoveLeft,2410,265,None
3003,1136,265,None,2410,265,Serve
3003,1129,265,MoveLeft,2410,265,None
3003,1129,265,None,2410,265,None
3004,1122,265,MoveLeft,2410,265,None
3005,1115,265,MoveLeft,2410,265,None
3006,1108,265,MoveLeft,2410,265,None
3007,1101,265,MoveLeft,2410,265,None
3008,1094,265,MoveLeft,2410,265,None
3009,1087,265,MoveLeft,2410,265,None
3010,1080,265,MoveLeft,2410,265,None
3011,1073,265,MoveLeft,2410,265,None
3012,1066,265,MoveLeft,2410,265,None
3013,1059,265,MoveLeft,2410,265,None
3014,1052,265,MoveLeft,2410,265,None
3015,1045,265,MoveLeft,2410,265,None
3016,1038,265,MoveLeft,2410,265,None
3017,1031,265,MoveLeft,2410,265,None
3018,1024,265,MoveLeft,2410,265,None
3019,1017,265,MoveLeft,2410,265,None
3020,1010,265,MoveLeft,2410,265,None
3021,1003,265,MoveLeft,2410,265,None
3022,996,265,MoveLeft,2410,265,None
3023,989,265,MoveLeft,2410,265,None
3024,982,265,MoveLeft,2410,265,None
3025,975,265,MoveLeft,2410,265,None
3026,968,265,MoveLeft,2410,265,None
3065,968,265,None,2410,265,None
3077,968,265,SpikeMedium,2410,265,None
3077,968,265,None,2410,265,None
3078,968,265,None,2403,265,MoveLeft
3079,968,265,None,2396,265,MoveLeft
3080,968,265,None,2389,265,MoveLeft
3081,968,265,None,2382,265,MoveLeft
3082,968,265,None,2375,265,MoveLeft
3083,968,265,None,2368,265,MoveLeft
3084,968,265,None,2361,265,MoveLeft
3085,968,265,None,2354,265,MoveLeft
3086,968,265,None,2347,265,MoveLeft
3087,968,265,None,2340,265,MoveLeft
3088,968,265,None,2340,265,None
3088,968,265,None,2333,265,MoveLeft
3089,968,265,None,2326,265,MoveLeft
3090,968,265,None,2319,265,MoveLeft
3091,968,265,None,2312,265,MoveLeft
3092,968,265,None,2305,265,MoveLeft
3093,968,265,None,2298,265,MoveLeft
3094,968,265,None,2291,265,MoveLeft
3095,968,265,None,2284,265,MoveLeft
3096,968,265,None,2277,265,MoveLeft
3097,968,265,None,2270,265,MoveLeft
3098,968,265,None,2263,265,MoveLeft
3099,968,265,None,2256,265,MoveLeft
3100,968,265,None,2249,265,MoveLeft
3101,968,265,None,2242,265,MoveLeft
3102,968,265,None,2235,265,MoveLeft
3103,968,265,None,2228,265,MoveLeft
3104,968,265,None,2221,265,MoveLeft
3105,968,265,None,2214,265,MoveLeft
3106,968,265,None,2207,265,MoveLeft
3107,968,265,None,2200,265,MoveLeft
3108,968,265,None,2193,265,MoveLeft
3109,968,265,None,2186,265,MoveLeft
3110,968,265,None,2179,265,MoveLeft
3111,968,265,None,2172,265,MoveLeft
3112,968,265,None,2165,265,MoveLeft
3113,968,265,None,2158,265,MoveLeft
3114,975,265,MoveRight,2158,265,None
3114,975,265,None,2151,265,MoveLeft
3115,982,265,MoveRight,2151,265,None
3115,982,265,None,2144,265,MoveLeft
3116,989,265,MoveRight,2144,265,None
3116,989,265,None,2137,265,MoveLeft
3117,996,265,MoveRight,2137,265,None
3117,996,265,None,2130,265,MoveLeft
3118,1003,265,MoveRight,2130,265,None
3118,1003,265,None,2123,265,MoveLeft
3119,1010,265,MoveRight,2123,265,None
3119,1010,265,None,2116,265,MoveLeft
3120,1017,265,MoveRight,2116,265,None
3120,1017,265,None,2109,265,MoveLeft
3121,1017,265,None,2102,265,MoveLeft
3122,1017,265,None,2095,265,MoveLeft
3123,1017,265,None,2088,265,MoveLeft
3124,1017,265,None,2081,265,MoveLeft
3125,1017,265,None,2074,265,MoveLeft
3126,1017,265,None,2067,265,MoveLeft
3127,1017,265,None,2060,265,MoveLeft
3128,1017,265,None,2053,265,MoveLeft
3129,1017,265,None,2046,265,MoveLeft
3130,1017,265,None,2039,265,MoveLeft
3131,1017,265,None,2032,265,MoveLeft
3132,1017,265,None,2025,265,MoveLeft
3133,1017,265,None,2018,265,MoveLeft
3134,1017,265,None,2011,265,MoveLeft
3135,1017,265,None,2004,265,MoveLeft
3136,1017,265,None,1997,265,MoveLeft
3137,1017,265,None,1990,265,MoveLeft
3138,1017,265,None,1983,265,MoveLeft
3139,1017,265,None,1976,265,MoveLeft
3140,1017,265,None,1969,265,MoveLeft
3141,1017,265,None,1962,265,MoveLeft
3142,1017,265,None,1955,265,MoveLeft
3143,1017,265,None,1948,265,MoveLeft
3144,1017,265,None,1941,265,MoveLeft
3188,337,265,MoveRight,1490,265,None
3189,344,265,MoveRight,1490,265,None
3190,351,265,MoveRight,1490,265,None
3191,358,265,MoveRight,1490,265,None
3192,365,265,MoveRight,1490,265,None
3193,372,265,MoveRight,1490,265,None
3194,379,265,MoveRight,1490,265,None
3195,386,265,MoveRight,1490,265,None
3196,393,265,MoveRight,1490,265,None
3197,400,265,MoveRight,1490,265,None
3198,407,265,MoveRight,1490,265,None
3199,414,265,MoveRight,1490,265,None
3200,421,265,MoveRight,1490,265,None
3201,428,265,MoveRight,1490,265,None
3202,435,265,MoveRight,1490,265,None
3203,442,265,MoveRight,1490,265,None
3204,449,265,MoveRight,1490,265,None
3205,456,265,MoveRight,1490,265,None
3206,463,265,MoveRight,1490,265,None
3207,470,265,MoveRight,1490,265,None
3208,477,265,MoveRight,1490,265,None
3214,470,265,MoveLeft,1490,265,None
3215,463,265,MoveLeft,1490,265,None
3216,456,265,MoveLeft,1490,265,None
3217,449,265,MoveLeft,1490,265,None
3218,442,265,MoveLeft,1490,265,None
3219,435,265,MoveLeft,1490,265,None
3220,428,265,MoveLeft,1490,265,None
3222,435,265,MoveRight,1490,265,None
3223,442,265,MoveRight,1490,265,None
3224,449,265,MoveRight,1490,265,None
3225,456,265,MoveRight,1490,265,None
3226,463,265,MoveRight,1490,265,None
3227,470,265,MoveRight,1490,265,None
3228,477,265,MoveRight,1490,265,None
3229,484,265,MoveRight,1490,265,None
3230,491,265,MoveRight,1490,265,None
3231,498,265,MoveRight,1490,265,None
3232,505,265,MoveRight,1490,265,None
3233,512,265,MoveRight,1490,265,None
3234,519,265,MoveRight,1490,265,None
3235,526,265,MoveRight,1490,265,None
3236,533,265,MoveRight,1490,265,None
3237,540,265,MoveRight,1490,265,None
3238,547,265,MoveRight,1490,265,None
3239,554,265,MoveRight,1490,265,None
3240,561,265,MoveRight,1490,265,None
3241,568,265,MoveRight,1490,265,None
3242,575,265,MoveRight,1490,265,None
3245,568,265,MoveLeft,1490,265,None
3246,561,265,MoveLeft,1490,265,None
3247,554,265,MoveLeft,1490,265,None
3248,547,265,MoveLeft,1490,265,None
3249,540,265,MoveLeft,1490,265,None
3250,533,265,MoveLeft,1490,265,None
3251,526,265,MoveLeft,1490,265,None
3252,519,265,MoveLeft,1490,265,None
3253,512,265,MoveLeft,1490,265,None
3254,505,265,MoveLeft,1490,265,None
3255,498,265,MoveLeft,1490,265,None
3258,505,265,MoveRight,1490,265,None
3259,512,265,MoveRight,1490,265,None
3260,519,265,MoveRight,1490,265,None
3261,526,265,MoveRight,1490,265,None
3262,533,265,MoveRight,1490,265,None
3263,540,265,MoveRight,1490,265,None
3264,547,265,MoveRight,1490,265,None
3265,554,265,MoveRight,1490,265,None
3266,561,265,MoveRight,1490,265,None
3267,568,265,MoveRight,1490,265,None
3268,575,265,MoveRight,1490,265,None
3269,582,265,MoveRight,1490,265,None
3270,589,265,MoveRight,1490,265,None
3272,582,265,MoveLeft,1490,265,None
3273,575,265,MoveLeft,1490,265,None
3274,568,265,MoveLeft,1490,265,None
3275,561,265,MoveLeft,1490,265,None
3276,554,265,MoveLeft,1490,265,None
3277,547,265,MoveLeft,1490,265,None
3278,540,265,MoveLeft,1490,265,None
3279,533,265,MoveLeft,1490,265,None
3280,526,265,MoveLeft,1490,265,None
3283,533,265,MoveRight,1490,265,None
3284,540,265,MoveRight,1490,265,None
3285,547,265,MoveRight,1490,265,None
3286,554,265,MoveRight,1490,265,None
3287,561,265,MoveRight,1490,265,None
3288,568,265,MoveRight,1490,265,None
3289,575,265,MoveRight,1490,265,None
3290,582,265,MoveRight,1490,265,None
3299,582,265,Serve,1490,265,None
3299,582,265,None,1490,265,None
3300,582,265,None,1497,265,MoveRight
3301,582,265,None,1504,265,MoveRight
3302,582,265,None,1511,265,MoveRight
3303,582,265,None,1518,265,MoveRight
3304,582,265,None,1525,265,MoveRight
3305,582,265,None,1532,265,MoveRight
3306,582,265,None,1539,265,MoveRight
3307,582,265,None,1546,265,MoveRight
3308,582,265,None,1553,265,MoveRight
3309,582,265,None,1560,265,MoveRight
3310,582,265,None,1567,265,MoveRight
3311,582,265,None,1574,265,MoveRight
3312,582,265,None,1581,265,MoveRight
3313,582,265,None,1588,265,MoveRight
3314,582,265,None,1595,265,MoveRight
3315,582,265,None,1602,265,MoveRight
3316,582,265,None,1609,265,MoveRight
3317,582,265,None,1616,265,MoveRight
3318,589,265,MoveRight,1616,265,None
3318,589,265,None,1623,265,MoveRight
3319,596,265,MoveRight,1623,265,None
3319,596,265,None,1630,265,MoveRight
3320,603,265,MoveRight,1630,265,None
3320,603,265,None,1637,265,MoveRight
3321,610,265,MoveRight,1637,265,None
3321,610,265,None,1644,265,MoveRight
3322,617,265,MoveRight,1644,265,None
3322,617,265,None,1651,265,MoveRight
3323,624,265,MoveRight,1651,265,None
3323,624,265,None,1658,265,MoveRight
3324,631,265,MoveRight,1658,265,None
3324,631,265,None,1665,265,MoveRight
3325,638,265,MoveRight,1665,265,None
3325,638,265,None,1672,265,MoveRight
3326,645,265,MoveRight,1672,265,None
3326,645,265,None,1679,265,MoveRight
3327,652,265,MoveRight,1679,265,None
3327,652,265,None,1686,265,MoveRight
3328,659,265,MoveRight,1686,265,None
3328,659,265,None,1693,265,MoveRight
3329,666,265,MoveRight,1693,265,None
3329,666,265,None,1700,265,MoveRight
3330,673,265,MoveRight,1700,265,None
3330,673,265,None,1707,265,MoveRight
3331,680,265,MoveRight,1707,265,None
3331,680,265,None,1714,265,MoveRight
3332,687,265,MoveRight,1714,265,None
3332,687,265,None,1721,265,MoveRight
3333,694,265,MoveRight,1721,265,None
3333,694,265,None,1728,265,MoveRight
3334,701,265,MoveRight,1728,265,None
3334,701,265,None,1735,265,MoveRight
3335,708,265,MoveRight,1735,265,None
3335,708,265,None,1742,265,MoveRight
3336,715,265,MoveRight,1742,265,None
3336,715,265,None,1749,265,MoveRight
3337,722,265,MoveRight,1749,265,None
3337,722,265,None,1756,265,MoveRight
3338,729,265,MoveRight,1756,265,None
3338,729,265,None,1763,265,MoveRight
3339,736,265,MoveRight,1763,265,None
3339,736,265,None,1770,265,MoveRight
3340,743,265,MoveRight,1770,265,None
3340,743,265,None,1777,265,MoveRight
3341,750,265,MoveRight,1777,265,None
3341,750,265,None,1784,265,MoveRight
3342,757,265,MoveRight,1784,265,None
3342,757,265,None,1791,265,MoveRight
3343,764,265,MoveRight,1791,265,None
3343,764,265,None,1798,265,MoveRight
3344,771,265,MoveRight,1798,265,None
3344,771,265,None,1805,265,MoveRight
3345,778,265,MoveRight,1805,265,None
3345,778,265,None,1812,265,MoveRight
3346,785,265,MoveRight,1812,265,None
3346,785,265,None,1819,265,MoveRight
3347,792,265,MoveRight,1819,265,None
3347,792,265,None,1826,265,MoveRight
3348,799,265,MoveRight,1826,265,None
3348,799,265,None,1833,265,MoveRight
3349,806,265,MoveRight,1833,265,None
3349,806,265,None,1840,265,MoveRight
3350,806,265,None,1847,265,MoveRight
3351,806,265,None,1854,265,MoveRight
3352,806,265,None,1861,265,MoveRight
3353,806,265,None,1868,265,MoveRight
3354,806,265,None,1875,265,MoveRight
3355,806,265,None,1882,265,MoveRight
3356,806,265,None,1889,265,MoveRight
3357,806,265,None,1896,265,MoveRight
3358,806,265,None,1903,265,MoveRight
3359,806,265,None,1910,265,MoveRight
3360,806,265,None,1917,265,MoveRight
3361,806,265,None,1924,265,MoveRight
3362,806,265,None,1924,265,None
3362,806,265,None,1931,265,MoveRight
3363,806,265,None,1938,265,MoveRight
3364,806,265,None,1945,265,MoveRight
3365,806,265,None,1952,265,MoveRight
3366,806,265,None,1959,265,MoveRight
3367,806,265,None,1966,265,MoveRight
3368,806,265,None,1973,265,MoveRight
3369,806,265,None,1980,265,MoveRight
3370,806,265,None,1987,265,MoveRight
3371,806,265,None,1994,265,MoveRight
3372,806,265,None,2001,265,MoveRight
3373,806,265,None,2008,265,MoveRight
3374,806,265,None,2015,265,MoveRight
3383,1337,265,MoveRight,2410,265,None
3384,1344,265,MoveRight,2410,265,None
3385,1351,265,MoveRight,2410,265,None
3386,1358,265,MoveRight,2410,265,None
3387,1365,265,MoveRight,2410,265,None
3388,1372,265,MoveRight,2410,265,None
3389,1379,265,MoveRight,2410,265,None
3390,1386,265,MoveRight,2410,265,None
3391,1393,265,MoveRight,2410,265,None
3405,1386,265,MoveLeft,2410,265,None
3406,1379,265,MoveLeft,2410,265,None
3407,1372,265,MoveLeft,2410,265,None
3408,1365,265,MoveLeft,2410,265,None
3409,1358,265,MoveLeft,2410,265,None
3410,1351,265,MoveLeft,2410,265,None
3411,1344,265,MoveLeft,2410,265,None
3412,1337,265,MoveLeft,2410,265,None
3413,1330,265,MoveLeft,2410,265,None
3414,1323,265,MoveLeft,2410,265,None
3415,1316,265,MoveLeft,2410,265,None
3416,1309,265,MoveLeft,2410,265,None
3417,1302,265,MoveLeft,2410,265,None
3418,1295,265,MoveLeft,2410,265,None
3419,1288,265,MoveLeft,2410,265,None
3420,1281,265,MoveLeft,2410,265,None
3421,1274,265,MoveLeft,2410,265,None
3422,1267,265,MoveLeft,2410,265,None
3423,1260,265,MoveLeft,2410,265,None
3424,1253,265,MoveLeft,2410,265,None
3425,1253,265,None,2410,265,Serve
3425,1246,265,MoveLeft,2410,265,None
3425,1246,265,None,2410,265,None
3426,1239,265,MoveLeft,2410,265,None
3427,1232,265,MoveLeft,2410,265,None
3428,1225,265,MoveLeft,2410,265,None
3429,1218,265,MoveLeft,2410,265,None
3430,1211,265,MoveLeft,2410,265,None
3431,1204,265,MoveLeft,2410,265,None
3432,1197,265,MoveLeft,2410,265,None
3433,1190,265,MoveLeft,2410,265,None
3434,1183,265,MoveLeft,2410,265,None
3435,1176,265,MoveLeft,2410,265,None
3436,1169,265,MoveLeft,2410,265,None
3437,1162,265,MoveLeft,2410,265,None
3438,1155,265,MoveLeft,2410,265,None
3439,1148,265,MoveLeft,2410,265,None
3440,1141,265,MoveLeft,2410,265,None
3441,1134,265,MoveLeft,2410,265,None
3442,1127,265,MoveLeft,2410,265,None
3443,1120,265,MoveLeft,2410,265,None
3444,1113,265,MoveLeft,2410,265,None
3445,1106,265,MoveLeft,2410,265,None
3446,1099,265,MoveLeft,2410,265,None
3464,1106,265,MoveRight,2410,265,None
3465,1113,265,MoveRight,2410,265,None
3466,1120,265,MoveRight,2410,265,None
3467,1127,265,MoveRight,2410,265,None
3468,1134,265,MoveRight,2410,265,None
3469,1141,265,MoveRight,2410,265,None
3470,1148,265,MoveRight,2410,265,None
3476,1141,265,MoveLeft,2410,265,None
3477,1134,265,MoveLeft,2410,265,None
3478,1127,265,MoveLeft,2410,265,None
3479,1120,265,MoveLeft,2410,265,None
3480,1113,265,MoveLeft,2410,265,None
3481,1106,265,MoveLeft,2410,265,None
3482,1099,265,MoveLeft,2410,265,None
3483,1092,265,MoveLeft,2410,265,None
3484,1085,265,MoveLeft,2410,265,None
3485,1078,265,MoveLeft,2410,265,None
3486,1071,265,MoveLeft,2410,265,None
3487,1064,265,MoveLeft,2410,265,None
3488,1057,265,MoveLeft,2410,265,None
3489,1050,265,MoveLeft,2410,265,None
3490,1043,265,MoveLeft,2410,265,None
3491,1036,265,MoveLeft,2410,265,None
3492,1029,265,MoveLeft,2410,265,None
3493,1022,265,MoveLeft,2410,265,None
3494,1015,265,MoveLeft,2410,265,None
3495,1008,265,MoveLeft,2410,265,None
3496,1008,265,SpikeMedium,2410,265,None
3496,1001,265,MoveLeft,2410,265,None
3497,1001,265,None,2403,265,MoveLeft
3498,1001,265,None,2396,265,MoveLeft
3499,1001,265,None,2389,265,MoveLeft
3500,1001,265,None,2382,265,MoveLeft
3501,1001,265,None,2375,265,MoveLeft
3502,1001,265,None,2368,265,MoveLeft
3503,1001,265,None,2361,265,MoveLeft
3504,1001,265,None,2354,265,MoveLeft
3505,1001,265,None,2347,265,MoveLeft
3506,1001,265,None,2340,265,MoveLeft
3507,994,265,MoveLeft,2340,265,None
3507,994,265,None,2333,265,MoveLeft
3508,987,265,MoveLeft,2333,265,None
3508,987,265,None,2326,265,MoveLeft
3509,980,265,MoveLeft,2326,265,None
3509,980,265,None,2319,265,MoveLeft
3510,980,265,None,2312,265,MoveLeft
3511,980,265,None,2305,265,MoveLeft
3512,980,265,None,2298,265,MoveLeft
3513,980,265,None,2291,265,MoveLeft
3514,980,265,None,2284,265,MoveLeft
3515,980,265,None,2277,265,MoveLeft
3516,980,265,None,2270,265,MoveLeft
3517,980,265,None,2263,265,MoveLeft
3518,980,265,None,2256,265,MoveLeft
3519,980,265,None,2249,265,MoveLeft
3520,980,265,None,2242,265,MoveLeft
3521,980,265,None,2235,265,MoveLeft
3522,980,265,None,2228,265,MoveLeft
3523,980,265,None,2221,265,MoveLeft
3524,980,265,None,2214,265,MoveLeft
3525,980,265,None,2207,265,MoveLeft
3526,980,265,None,2200,265,MoveLeft
3527,980,265,None,2193,265,MoveLeft
3528,980,265,None,2186,265,MoveLeft
3529,980,265,None,2179,265,MoveLeft
3530,980,265,None,2172,265,MoveLeft
3531,980,265,None,2165,265,MoveLeft
3532,980,265,None,2158,265,MoveLeft
3533,980,265,None,2151,265,MoveLeft
3534,980,265,None,2144,265,MoveLeft
3535,980,265,None,2137,265,MoveLeft
3536,980,265,None,2130,265,MoveLeft
3537,980,265,None,2123,265,MoveLeft
3538,980,265,None,2116,265,MoveLeft
3539,980,265,None,2109,265,MoveLeft
3540,980,265,None,2102,265,MoveLeft
3541,980,265,None,2095,265,MoveLeft
3542,980,265,None,2088,265,MoveLeft
3543,980,265,None,2081,265,MoveLeft
3544,980,265,None,2074,265,MoveLeft
3545,980,265,None,2067,265,MoveLeft
3546,980,265,None,2060,265,MoveLeft
3547,980,265,None,2053,265,MoveLeft
3548,980,265,None,2046,265,MoveLeft
3549,980,265,None,2039,265,MoveLeft
3550,980,265,None,2032,265,MoveLeft
3551,980,265,None,2025,265,MoveLeft
3552,980,265,None,2018,265,MoveLeft
3553,980,265,None,2011,265,MoveLeft
3554,980,265,None,2004,265,MoveLeft
3555,980,265,None,1997,265,MoveLeft
3556,980,265,None,1990,265,MoveLeft
3557,980,265,None,1983,265,MoveLeft
3558,980,265,None,1976,265,MoveLeft
3559,980,265,None,1969,265,MoveLeft
3576,337,265,MoveRight,1850,265,None
3577,344,265,MoveRight,1850,265,None
3578,351,265,MoveRight,1850,265,None
3579,358,265,MoveRight,1850,265,None
3580,365,265,MoveRight,1850,265,None
3581,372,265,MoveRight,1850,265,None
3582,379,265,MoveRight,1850,265,None
3583,386,265,MoveRight,1850,265,None
3584,393,265,MoveRight,1850,265,None
3585,400,265,MoveRight,1850,265,None
3586,407,265,MoveRight,1850,265,None
3587,414,265,MoveRight,1850,265,None
3588,421,265,MoveRight,1850,265,None
3589,428,265,MoveRight,1850,265,None
3590,435,265,MoveRight,1850,265,None
3591,442,265,MoveRight,1850,265,None
3592,449,265,MoveRight,1850,265,None
3600,456,265,MoveRight,1850,265,None
3601,463,265,MoveRight,1850,265,None
3602,470,265,MoveRight,1850,265,None
3603,477,265,MoveRight,1850,265,None
3604,484,265,MoveRight,1850,265,None
3605,491,265,MoveRight,1850,265,None
3606,498,265,MoveRight,1850,265,None
3607,505,265,MoveRight,1850,265,None
3608,512,265,MoveRight,1850,265,None
3609,519,265,MoveRight,1850,265,None
3626,526,265,MoveRight,1850,265,None
3627,533,265,MoveRight,1850,265,None
3628,540,265,MoveRight,1850,265,None
3629,547,265,MoveRight,1850,265,None
3630,554,265,MoveRight,1850,265,None
3631,561,265,MoveRight,1850,265,None
3632,568,265,MoveRight,1850,265,None
3633,575,265,MoveRight,1850,265,None
3634,582,265,MoveRight,1850,265,None
3635,589,265,MoveRight,1850,265,None
3636,596,265,MoveRight,1850,265,None
3637,603,265,MoveRight,1850,265,None
3638,610,265,MoveRight,1850,265,None
3639,617,265,MoveRight,1850,265,None
3640,624,265,MoveRight,1850,265,None
3653,631,265,MoveRight,1850,265,None
3654,638,265,MoveRight,1850,265,None
3655,645,265,MoveRight,1850,265,None
3680,650,265,Serve,1850,265,None
3680,650,265,None,1850,265,None
3681,650,265,None,1857,265,MoveRight
3682,650,265,None,1864,265,MoveRight
3683,650,265,None,1871,265,MoveRight
3684,650,265,None,1878,265,MoveRight
3685,650,265,None,1885,265,MoveRight
3686,650,265,None,1892,265,MoveRight
3687,650,265,None,1899,265,MoveRight
3688,650,265,None,1906,265,MoveRight
3689,650,265,None,1913,265,MoveRight
3690,650,265,None,1920,265,MoveRight
3691,650,265,None,1927,265,MoveRight
3692,650,265,None,1934,265,MoveRight
3693,650,265,None,1941,265,MoveRight
3694,650,265,None,1948,265,MoveRight
3695,650,265,None,1955,265,MoveRight
3696,650,265,None,1962,265,MoveRight
3697,650,265,None,1969,265,MoveRight
3698,650,265,None,1976,265,MoveRight
3699,650,265,None,1983,265,MoveRight
3700,657,265,MoveRight,1983,265,None
3700,657,265,None,1990,265,MoveRight
3701,664,265,MoveRight,1990,265,None
3701,664,265,None,1997,265,MoveRight
3702,671,265,MoveRight,1997,265,None
3702,671,265,None,2004,265,MoveRight
3703,678,265,MoveRight,2004,265,None
3703,678,265,None,2011,265,MoveRight
3704,685,265,MoveRight,2011,265,None
3704,685,265,None,2018,265,MoveRight
3705,692,265,MoveRight,2018,265,None
3705,692,265,None,2025,265,MoveRight
3706,699,265,MoveRight,2025,265,None
3706,699,265,None,2032,265,MoveRight
3707,706,265,MoveRight,2032,265,None
3707,706,265,None,2039,265,MoveRight
3708,713,265,MoveRight,2039,265,None
3708,713,265,None,2046,265,MoveRight
3709,720,265,MoveRight,2046,265,None
3709,720,265,None,2053,265,MoveRight
3710,720,265,None,2060,265,MoveRight
3711,720,265,None,2067,265,MoveRight
3712,720,265,None,2074,265,MoveRight
3713,720,265,None,2081,265,MoveRight
3714,720,265,None,2088,265,MoveRight
3715,720,265,None,2095,265,MoveRight
3716,720,265,None,2102,265,MoveRight
3717,720,265,None,2109,265,MoveRight
3718,720,265,None,2116,265,MoveRight
3719,720,265,None,2123,265,MoveRight
3720,720,265,None,2130,265,MoveRight
3721,727,265,MoveRight,2130,265,None
3721,727,265,None,2137,265,MoveRight
3722,734,265,MoveRight,2137,265,None
3722,734,265,None,2144,265,MoveRight
3723,741,265,MoveRight,2144,265,None
3723,741,265,None,2151,265,MoveRight
3724,748,265,MoveRight,2151,265,None
3724,748,265,None,2158,265,MoveRight
3725,755,265,MoveRight,2158,265,None
3725,755,265,None,2165,265,MoveRight
3726,762,265,MoveRight,2165,265,None
3726,762,265,None,2172,265,MoveRight
3727,769,265,MoveRight,2172,265,None
3727,769,265,None,2179,265,MoveRight
3728,776,265,MoveRight,2179,265,None
3728,776,265,None,2186,265,MoveRight
3729,783,265,MoveRight,2186,265,None
3729,783,265,None,2193,265,MoveRight
3730,790,265,MoveRight,2193,265,None
3731,797,265,MoveRight,2193,265,None
3732,804,265,MoveRight,2193,265,None
3733,811,265,MoveRight,2193,265,None
3734,818,265,MoveRight,2193,265,None
3735,825,265,MoveRight,2193,265,None
3754,825,265,None,2193,265,SpikeLight
3754,825,265,None,2193,265,None
3757,825,265,None,2193,265,None
3782,832,265,MoveRight,2193,265,None
3783,839,265,MoveRight,2193,265,None
3784,846,265,MoveRight,2193,265,None
3785,853,265,MoveRight,2193,265,None
3786,860,265,MoveRight,2193,265,None
3787,867,265,MoveRight,2193,265,None
3788,874,265,MoveRight,2193,265,None
3789,881,265,MoveRight,2193,265,None
3790,888,265,MoveRight,2193,265,None
3791,895,265,MoveRight,2193,265,None
3792,902,265,MoveRight,2193,265,None
3793,909,265,MoveRight,2193,265,None
3794,916,265,MoveRight,2193,265,None
3795,923,265,MoveRight,2193,265,None
3796,930,265,MoveRight,2193,265,None
3797,937,265,MoveRight,2193,265,None
3798,944,265,MoveRight,2193,265,None
3799,951,265,MoveRight,2193,265,None
3800,958,265,MoveRight,2193,265,None
3817,965,265,MoveRight,2193,265,None
3818,337,265,MoveRight,1850,265,None
3819,344,265,MoveRight,1850,265,None
3820,351,265,MoveRight,1850,265,None
3821,358,265,MoveRight,1850,265,None
3822,365,265,MoveRight,1850,265,None
3823,372,265,MoveRight,1850,265,None
3824,379,265,MoveRight,1850,265,None
3825,386,265,MoveRight,1850,265,None
3826,393,265,MoveRight,1850,265,None
3848,393,265,None,1850,265,None
3860,393,265,None,1850,265,None
3871,393,265,Serve,1850,265,None
3871,393,265,None,1850,265,None
3872,393,265,None,1857,265,MoveRight
3873,393,265,None,1864,265,MoveRight
3874,393,265,None,1871,265,MoveRight
3875,393,265,None,1878,265,MoveRight
3876,393,265,None,1885,265,MoveRight
3877,393,265,None,1892,265,MoveRight
3878,393,265,None,1899,265,MoveRight
3879,393,265,None,1906,265,MoveRight
3880,393,265,None,1913,265,MoveRight
3881,393,265,None,1920,265,MoveRight
3882,393,265,None,1927,265,MoveRight
3883,393,265,None,1934,265,MoveRight
3884,393,265,None,1941,265,MoveRight
3894,400,265,MoveRight,1941,265,None
3895,407,265,MoveRight,1941,265,None
3896,414,265,MoveRight,1941,265,None
3897,421,265,MoveRight,1941,265,None
3898,428,265,MoveRight,1941,265,None
3899,435,265,MoveRight,1941,265,None
3900,442,265,MoveRight,1941,265,None
3901,449,265,MoveRight,1941,265,None
3902,456,265,MoveRight,1941,265,None
3903,463,265,MoveRight,1941,265,None
3904,470,265,MoveRight,1941,265,None
3905,477,265,MoveRight,1941,265,None
3906,484,265,MoveRight,1941,265,None
3907,491,265,MoveRight,1941,265,None
3908,498,265,MoveRight,1941,265,None
3909,505,265,MoveRight,1941,265,None
3910,512,265,MoveRight,1941,265,None
3911,519,265,MoveRight,1941,265,None
3912,526,265,MoveRight,1941,265,None
3913,533,265,MoveRight,1941,265,None
3914,540,265,MoveRight,1941,265,None
3915,547,265,MoveRight,1941,265,None
3916,554,265,MoveRight,1941,265,None
3917,561,265,MoveRight,1941,265,None
3918,568,265,MoveRight,1941,265,None
3919,575,265,MoveRight,1941,265,None
3920,582,265,MoveRight,1941,265,None
3921,589,265,MoveRight,1941,265,None
3922,596,265,MoveRight,1941,265,None
3923,603,265,MoveRight,1941,265,None
3924,610,265,MoveRight,1941,265,None
3925,617,265,MoveRight,1941,265,None
3926,624,265,MoveRight,1941,265,None
3927,631,265,MoveRight,1941,265,None
3928,638,265,MoveRight,1941,265,None
3929,645,265,MoveRight,1941,265,None
3930,652,265,MoveRight,1941,265,None
3931,659,265,MoveRight,1941,265,None
3932,666,265,MoveRight,1941,265,None
3933,673,265,MoveRight,1941,265,None
3934,680,265,MoveRight,1941,265,None
3935,687,265,MoveRight,1941,265,None
3936,694,265,MoveRight,1941,265,None
3937,701,265,MoveRight,1941,265,None
3938,708,265,MoveRight,1941,265,None
3939,715,265,MoveRight,1941,265,None
3940,722,265,MoveRight,1941,265,None
3941,729,265,MoveRight,1941,265,None
3942,736,265,MoveRight,1941,265,None
3943,743,265,MoveRight,1941,265,None
3944,750,265,MoveRight,1941,265,None
3945,750,265,None,1941,265,SpikeMedium
3945,757,265,MoveRight,1941,265,None
3945,757,265,None,1941,265,None
3946,764,265,MoveRight,1941,265,None
3947,771,265,MoveRight,1941,265,None
3948,778,265,MoveRight,1941,265,None
3949,785,265,MoveRight,1941,265,None
3950,792,265,MoveRight,1941,265,None
3951,799,265,MoveRight,1941,265,None
3952,806,265,MoveRight,1941,265,None
3953,813,265,MoveRight,1941,265,None
3954,820,265,MoveRight,1941,265,None
3955,827,265,MoveRight,1941,265,None
3956,834,265,MoveRight,1941,265,None
3957,841,265,MoveRight,1941,265,None
3958,848,265,MoveRight,1941,265,None
3959,855,265,MoveRight,1941,265,None
3960,862,265,MoveRight,1941,265,None
3961,869,265,MoveRight,1941,265,None
3962,876,265,MoveRight,1941,265,None
3963,883,265,MoveRight,1941,265,None
3964,890,265,MoveRight,1941,265,None
3965,897,265,MoveRight,1941,265,None
3966,904,265,MoveRight,1941,265,None
3967,911,265,MoveRight,1941,265,None
3968,918,265,MoveRight,1941,265,None
3969,925,265,MoveRight,1941,265,None
3970,932,265,MoveRight,1941,265,None
3971,939,265,MoveRight,1941,265,None
3972,946,265,MoveRight,1941,265,None
3973,953,265,MoveRight,1941,265,None
3974,960,265,MoveRight,1941,265,None
3975,967,265,MoveRight,1941,265,None
3976,974,265,MoveRight,1941,265,None
3977,981,265,MoveRight,1941,265,None
3978,988,265,MoveRight,1941,265,None
3979,995,265,MoveRight,1941,265,None
3980,1002,265,MoveRight,1941,265,None
3981,1009,265,MoveRight,1941,265,None
3982,1016,265,MoveRight,1941,265,None
3983,1023,265,MoveRight,1941,265,None
3984,1030,265,MoveRight,1941,265,None
3985,1037,265,MoveRight,1941,265,None
3986,1044,265,MoveRight,1941,265,None
3987,1051,265,MoveRight,1941,265,None
3988,1058,265,MoveRight,1941,265,None
3989,1065,265,MoveRight,1941,265,None
3990,1072,265,MoveRight,1941,265,None
3991,1079,265,MoveRight,1941,265,None
3992,1086,265,MoveRight,1941,265,None
4003,1086,265,None,1941,265,None
4049,977,265,MoveRight,2410,265,None
4050,984,265,MoveRight,2410,265,None
4051,991,265,MoveRight,2410,265,None
4052,998,265,MoveRight,2410,265,None
4053,1005,265,MoveRight,2410,265,None
4054,1012,265,MoveRight,2410,265,None
4055,1019,265,MoveRight,2410,265,None
4056,1026,265,MoveRight,2410,265,None
4057,1033,265,MoveRight,2410,265,None
4058,1040,265,MoveRight,2410,265,None
4059,1047,265,MoveRight,2410,265,None
4064,1047,265,None,2410,265,Serve
4064,1047,265,None,2410,265,None
4086,1040,265,MoveLeft,2410,265,None
4087,1033,265,MoveLeft,2410,265,None
4088,1026,265,MoveLeft,2410,265,None
4089,1019,265,MoveLeft,2410,265,None
4090,1012,265,MoveLeft,2410,265,None
4091,1005,265,MoveLeft,2410,265,None
4092,998,265,MoveLeft,2410,265,None
4093,991,265,MoveLeft,2410,265,None
4094,984,265,MoveLeft,2410,265,None
4095,977,265,MoveLeft,2410,265,None
4096,970,265,MoveLeft,2410,265,None
4097,963,265,MoveLeft,2410,265,None
4098,956,265,MoveLeft,2410,265,None
4099,949,265,MoveLeft,2410,265,None
4108,956,265,MoveRight,2410,265,None
4109,963,265,MoveRight,2410,265,None
4110,970,265,MoveRight,2410,265,None
4111,977,265,MoveRight,2410,265,None
4112,984,265,MoveRight,2410,265,None
4113,991,265,MoveRight,2410,265,None
4114,998,265,MoveRight,2410,265,None
4115,1005,265,MoveRight,2410,265,None
4116,1012,265,MoveRight,2410,265,None
4117,1019,265,MoveRight,2410,265,None
4119,1019,284.62,None,2410,265,None
4135,1019,451.39,None,2410,265,None
4169,970,265,None,2410,265,None
4191,970,265,None,2410,265,Serve
4191,970,265,None,2410,265,None
4318,970,265,None,2410,265,Serve
4318,970,265,None,2410,265,None
