Frame,PlayerPosX,PlayerPosY,PlayerEvent,BotPosX,BotPosY,BotEvent
6469,970,265,None,1843,265,MoveLeft
6470,970,265,None,1836,265,MoveLeft
6471,970,265,None,1829,265,MoveLeft
6472,970,265,None,1822,265,MoveLeft
6473,970,265,None,1815,265,MoveLeft
6474,970,265,None,1808,265,MoveLeft
6475,970,265,None,1801,265,MoveLeft
6476,970,265,None,1794,265,MoveLeft
6477,970,265,None,1787,265,MoveLeft
6478,970,265,None,1780,265,MoveLeft
6479,970,265,None,1773,265,MoveLeft
6480,970,265,None,1766,265,MoveLeft
6481,970,265,None,1759,265,MoveLeft
6482,970,265,None,1752,265,MoveLeft
6483,970,265,None,1745,265,MoveLeft
6484,970,265,None,1738,265,MoveLeft
6485,970,265,None,1731,265,MoveLeft
7167,977,265,MoveRight,1731,265,None
7168,984,265,MoveRight,1731,265,None
7169,991,265,MoveRight,1731,265,None
7170,998,265,MoveRight,1731,265,None
7171,1005,265,MoveRight,1731,265,None
7172,1012,265,MoveRight,1731,265,None
7173,1019,265,MoveRight,1731,265,None
7174,1026,265,MoveRight,1731,265,None
7175,1033,265,MoveRight,1731,265,None
7176,1040,265,MoveRight,1731,265,None
7177,1047,265,MoveRight,1731,265,None
7178,1054,265,MoveRight,1731,265,None
7179,1061,265,MoveRight,1731,265,None
7180,1068,265,MoveRight,1731,265,None
7181,1075,265,MoveRight,1731,265,None
7182,1082,265,MoveRight,1731,265,None
7183,1089,265,MoveRight,1731,265,None
7184,1096,265,MoveRight,1731,265,None
7185,1103,265,MoveRight,1731,265,None
7186,1110,265,MoveRight,1731,265,None
7187,1117,265,MoveRight,1731,265,None
7188,1124,265,MoveRight,1731,265,None
7189,1131,265,MoveRight,1731,265,None
7190,1138,265,MoveRight,1731,265,None
7191,1145,265,MoveRight,1731,265,None
7192,1152,265,MoveRight,1731,265,None
7193,1159,265,MoveRight,1731,265,None
7194,1166,265,MoveRight,1731,265,None
7195,1173,265,MoveRight,1731,265,None
7196,1180,265,MoveRight,1731,265,None
7197,1187,265,MoveRight,1731,265,None
7198,1194,265,MoveRight,1731,265,None
7199,1201,265,MoveRight,1731,265,None
7200,1208,265,MoveRight,1731,265,None
7201,1215,265,MoveRight,1731,265,None
7202,1222,265,MoveRight,1731,265,None
7203,1229,265,MoveRight,1731,265,None
7204,1236,265,MoveRight,1731,265,None
7205,1243,265,MoveRight,1731,265,None
7206,1250,265,MoveRight,1731,265,None
7207,1257,265,MoveRight,1731,265,None
7208,1260.5,284.62,MoveRight,1731,265,None
7209,1264,304.24,MoveRight,1731,265,None
7210,1267.5,314.05,MoveRight,1731,265,None
7211,1271,323.86,MoveRight,1731,265,None
7212,1274.5,333.67,MoveRight,1731,265,None
7213,1278,343.48,MoveRight,1731,265,None
7214,1281.5,353.29,MoveRight,1731,265,None
7215,1285,363.1,MoveRight,1731,265,None
7216,1288.5,372.91,MoveRight,1731,265,None
7217,1292,382.72,MoveRight,1731,265,None
7218,1295.5,392.53,MoveRight,1731,265,None
7219,1299,402.34,MoveRight,1731,265,None
7220,1302.5,412.15,MoveRight,1731,265,None
7221,1306,421.96,MoveRight,1731,265,None
7222,1309.5,431.77,MoveRight,1731,265,None
7223,1313,441.58,MoveRight,1731,265,None
7224,1316.5,451.39,MoveRight,1731,265,None
7225,1320,461.2,MoveRight,1731,265,None
7235,1320,559.3,None,1731,265,None
7248,1320,471.01,Spike,1731,265,None
7248,1320,471.01,None,1731,265,None
7249,1320,461.2,None,1724,265,MoveLeft
7250,1320,451.39,None,1717,265,MoveLeft
7251,1320,441.58,None,1710,265,MoveLeft
7252,1320,431.77,None,1703,265,MoveLeft
7253,1320,421.96,None,1696,265,MoveLeft
7254,1320,412.15,None,1689,265,MoveLeft
7255,1320,402.34,None,1682,265,MoveLeft
7256,1320,392.53,None,1675,265,MoveLeft
7274,323,265,MoveLeft,1850,265,None
7275,316,265,MoveLeft,1850,265,None
7276,309,265,MoveLeft,1850,265,None
7277,302,265,MoveLeft,1850,265,None
7278,295,265,MoveLeft,1850,265,None
7279,288,265,MoveLeft,1850,265,None
7280,281,265,MoveLeft,1850,265,None
7281,274,265,MoveLeft,1850,265,None
7282,267,265,MoveLeft,1850,265,None
7283,260,265,MoveLeft,1850,265,None
7284,253,265,MoveLeft,1850,265,None
7285,246,265,MoveLeft,1850,265,None
7286,239,265,MoveLeft,1850,265,None
7287,232,265,MoveLeft,1850,265,None
7288,225,265,MoveLeft,1850,265,None
7292,232,265,MoveRight,1850,265,None
7293,239,265,MoveRight,1850,265,None
7294,246,265,MoveRight,1850,265,None
7295,253,265,MoveRight,1850,265,None
7296,260,265,MoveRight,1850,265,None
7297,267,265,MoveRight,1850,265,None
7298,274,265,MoveRight,1850,265,None
7299,281,265,MoveRight,1850,265,None
7300,288,265,MoveRight,1850,265,None
7301,295,265,MoveRight,1850,265,None
7302,302,265,MoveRight,1850,265,None
7303,309,265,MoveRight,1850,265,None
7304,316,265,MoveRight,1850,265,None
7305,323,265,MoveRight,1850,265,None
7306,330,265,MoveRight,1850,265,None
7307,337,265,MoveRight,1850,265,None
7308,344,265,MoveRight,1850,265,None
7309,351,265,MoveRight,1850,265,None
7310,358,265,MoveRight,1850,265,None
7311,365,265,MoveRight,1850,265,None
7312,372,265,MoveRight,1850,265,None
7313,379,265,MoveRight,1850,265,None
7314,386,265,MoveRight,1850,265,None
7315,393,265,MoveRight,1850,265,None
7327,400,265,MoveRight,1850,265,None
7328,407,265,MoveRight,1850,265,None
7329,414,265,MoveRight,1850,265,None
7330,421,265,MoveRight,1850,265,None
7331,428,265,MoveRight,1850,265,None
7332,435,265,MoveRight,1850,265,None
7333,442,265,MoveRight,1850,265,None
7334,449,265,MoveRight,1850,265,None
7335,456,265,MoveRight,1850,265,None
7336,463,265,MoveRight,1850,265,None
7337,470,265,MoveRight,1850,265,None
7338,477,265,MoveRight,1850,265,None
7339,484,265,MoveRight,1850,265,None
7340,491,265,MoveRight,1850,265,None
7341,498,265,MoveRight,1850,265,None
7342,505,265,MoveRight,1850,265,None
7343,512,265,MoveRight,1850,265,None
7344,519,265,MoveRight,1850,265,None
7345,526,265,MoveRight,1850,265,None
7370,533,265,MoveRight,1850,265,None
7371,540,265,MoveRight,1850,265,None
7372,547,265,MoveRight,1850,265,None
7373,554,265,MoveRight,1850,265,None
7374,561,265,MoveRight,1850,265,None
7375,568,265,MoveRight,1850,265,None
7376,575,265,MoveRight,1850,265,None
7377,582,265,MoveRight,1850,265,None
7378,589,265,MoveRight,1850,265,None
7379,596,265,MoveRight,1850,265,None
7388,596,284.62,None,1850,265,None
7409,596,480.82,Serve,1850,265,None
7409,596,500.44,None,1850,265,None
7410,596,510.25,None,1857,265,MoveRight
7411,596,520.06,None,1864,265,MoveRight
7412,596,529.87,None,1871,265,MoveRight
7413,596,539.68,None,1878,265,MoveRight
7414,596,549.49,None,1885,265,MoveRight
7415,596,559.3,None,1892,265,MoveRight
7416,596,569.11,None,1899,265,MoveRight
7417,596,578.92,None,1906,265,MoveRight
7418,596,569.11,None,1913,265,MoveRight
7419,596,559.3,None,1920,265,MoveRight
7420,596,549.49,None,1927,265,MoveRight
7421,596,539.68,None,1934,265,MoveRight
7422,596,529.87,None,1941,265,MoveRight
7423,596,520.06,None,1948,265,MoveRight
7428,599.5,471.01,MoveRight,1948,265,None
7429,603,461.2,MoveRight,1948,265,None
7430,606.5,451.39,MoveRight,1948,265,None
7431,610,441.58,MoveRight,1948,265,None
7432,613.5,431.77,MoveRight,1948,265,None
7433,617,421.96,MoveRight,1948,265,None
7434,620.5,412.15,MoveRight,1948,265,None
7435,624,402.34,MoveRight,1948,265,None
7436,627.5,392.53,MoveRight,1948,265,None
7437,631,382.72,MoveRight,1948,265,None
7438,634.5,372.91,MoveRight,1948,265,None
7439,638,363.1,MoveRight,1948,265,None
7440,641.5,353.29,MoveRight,1948,265,None
7441,645,343.48,MoveRight,1948,265,None
7442,648.5,333.67,MoveRight,1948,265,None
7443,652,323.86,MoveRight,1948,265,None
7444,655.5,314.05,MoveRight,1948,265,None
7445,659,304.24,MoveRight,1948,265,None
7446,662.5,294.43,MoveRight,1948,265,None
7447,666,284.62,MoveRight,1948,265,None
7448,669.5,274.81,MoveRight,1948,265,None
7449,676.5,265,MoveRight,1948,265,None
7450,683.5,265,MoveRight,1948,265,None
7451,690.5,265,MoveRight,1948,265,None
7452,697.5,265,MoveRight,1948,265,None
7453,704.5,265,MoveRight,1948,265,None
7454,711.5,265,MoveRight,1948,265,None
7455,718.5,265,MoveRight,1948,265,None
7456,725.5,265,MoveRight,1948,265,None
7457,732.5,265,MoveRight,1948,265,None
7458,739.5,265,MoveRight,1948,265,None
7459,746.5,265,MoveRight,1948,265,None
7460,753.5,265,MoveRight,1948,265,None
7461,760.5,265,MoveRight,1948,265,None
7462,767.5,265,MoveRight,1948,265,None
7463,774.5,265,MoveRight,1948,265,None
7464,781.5,265,MoveRight,1948,265,None
7465,788.5,265,MoveRight,1948,265,None
7466,795.5,265,MoveRight,1948,265,None
7467,802.5,265,MoveRight,1948,265,None
7468,809.5,265,MoveRight,1948,265,None
7469,816.5,265,MoveRight,1948,265,None
7470,823.5,265,MoveRight,1948,265,None
7471,830.5,265,MoveRight,1948,265,None
7472,837.5,265,MoveRight,1948,265,None
7473,844.5,265,MoveRight,1948,265,None
7474,844.5,265,None,1948,265,SpikeMedium
7474,851.5,265,MoveRight,1948,265,None
7474,851.5,265,None,1948,265,None
7475,858.5,265,MoveRight,1948,265,None
7476,865.5,265,MoveRight,1948,265,None
7477,872.5,265,MoveRight,1948,265,None
7478,879.5,265,MoveRight,1948,265,None
7479,886.5,265,MoveRight,1948,265,None
7480,893.5,265,MoveRight,1948,265,None
7481,900.5,265,MoveRight,1948,265,None
7535,907.5,265,MoveRight,1948,265,None
7536,914.5,265,MoveRight,1948,265,None
7537,921.5,265,MoveRight,1948,265,None
7538,928.5,265,MoveRight,1948,265,None
7539,935.5,265,MoveRight,1948,265,None
7540,942.5,265,MoveRight,1948,265,None
7541,949.5,265,MoveRight,1948,265,None
7542,956.5,265,MoveRight,1948,265,None
7543,973.5,284.62,MoveRight,2410,265,None
7544,977,304.24,MoveRight,2410,265,None
7545,980.5,314.05,MoveRight,2410,265,None
7546,984,323.86,MoveRight,2410,265,None
7547,987.5,333.67,MoveRight,2410,265,None
7548,991,343.48,MoveRight,2410,265,None
7549,994.5,353.29,MoveRight,2410,265,None
7550,998,363.1,MoveRight,2410,265,None
7551,1001.5,372.91,MoveRight,2410,265,None
7552,1005,382.72,MoveRight,2410,265,None
7553,1008.5,392.53,MoveRight,2410,265,None
7554,1012,402.34,MoveRight,2410,265,None
7555,1015.5,412.15,MoveRight,2410,265,None
7579,1012,510.25,MoveLeft,2410,265,None
7580,1008.5,500.44,MoveLeft,2410,265,None
7581,1005,490.63,MoveLeft,2410,265,None
7582,1001.5,480.82,MoveLeft,2410,265,None
7583,998,471.01,MoveLeft,2410,265,None
7584,994.5,461.2,MoveLeft,2410,265,None
7585,991,451.39,MoveLeft,2410,265,None
7586,987.5,441.58,MoveLeft,2410,265,None
7587,984,431.77,MoveLeft,2410,265,None
7588,980.5,421.96,MoveLeft,2410,265,None
7589,977,412.15,MoveLeft,2410,265,None
7590,973.5,402.34,MoveLeft,2410,265,None
7591,970,392.53,MoveLeft,2410,265,None
7593,970,372.91,None,2410,265,Serve
7593,970,372.91,None,2410,265,None
7658,963,265,MoveLeft,2410,265,None
7659,956,265,MoveLeft,2410,265,None
7660,949,265,MoveLeft,2410,265,None
7661,942,265,MoveLeft,2410,265,None
7662,935,265,MoveLeft,2410,265,None
7663,935,265,Bump,2410,265,None
7663,928,265,MoveLeft,2410,265,None
7664,928,265,None,2403,265,MoveLeft
7665,928,265,None,2396,265,MoveLeft
7666,928,265,None,2389,265,MoveLeft
7667,928,265,None,2382,265,MoveLeft
7668,928,265,None,2375,265,MoveLeft
7669,928,265,None,2368,265,MoveLeft
7670,928,265,None,2361,265,MoveLeft
7671,928,265,None,2354,265,MoveLeft
7672,928,265,None,2347,265,MoveLeft
7673,928,265,None,2340,265,MoveLeft
7674,928,265,None,2333,265,MoveLeft
7675,928,265,None,2326,265,MoveLeft
7676,928,265,None,2319,265,MoveLeft
7677,928,265,None,2312,265,MoveLeft
7678,928,265,None,2305,265,MoveLeft
7679,928,265,None,2298,265,MoveLeft
7680,928,265,None,2291,265,MoveLeft
7681,928,265,None,2284,265,MoveLeft
7682,928,265,None,2277,265,MoveLeft
7683,928,265,None,2270,265,MoveLeft
7684,928,265,None,2263,265,MoveLeft
7685,928,265,None,2256,265,MoveLeft
7686,928,265,None,2249,265,MoveLeft
7687,935,265,MoveRight,2249,265,None
7687,935,265,None,2242,265,MoveLeft
7688,942,265,MoveRight,2242,265,None
7688,942,265,None,2235,265,MoveLeft
7689,949,265,MoveRight,2235,265,None
7689,949,265,None,2228,265,MoveLeft
7690,956,265,MoveRight,2228,265,None
7690,956,265,None,2221,265,MoveLeft
7691,963,265,MoveRight,2221,265,None
7691,963,265,None,2214,265,MoveLeft
7692,970,265,MoveRight,2214,265,None
7692,970,265,None,2207,265,MoveLeft
7693,977,265,MoveRight,2207,265,None
7693,977,265,None,2200,265,MoveLeft
7694,984,265,MoveRight,2200,265,None
7694,984,265,None,2193,265,MoveLeft
7695,991,265,MoveRight,2193,265,None
7695,991,265,None,2186,265,MoveLeft
7696,998,265,MoveRight,2186,265,None
7696,998,265,None,2179,265,MoveLeft
7697,1005,265,MoveRight,2179,265,None
7697,1005,265,None,2172,265,MoveLeft
7698,1012,265,MoveRight,2172,265,None
7698,1012,265,None,2165,265,MoveLeft
7699,1019,265,MoveRight,2165,265,None
7699,1019,265,None,2158,265,MoveLeft
7700,1026,265,MoveRight,2158,265,None
7700,1026,265,None,2151,265,MoveLeft
7701,1033,265,MoveRight,2151,265,None
7701,1033,265,None,2144,265,MoveLeft
7702,1040,265,MoveRight,2144,265,None
7702,1040,265,None,2137,265,MoveLeft
7703,1047,265,MoveRight,2137,265,None
7703,1047,265,None,2130,265,MoveLeft
7704,1054,265,MoveRight,2130,265,None
7704,1054,265,None,2123,265,MoveLeft
7705,1061,265,MoveRight,2123,265,None
7705,1061,265,None,2116,265,MoveLeft
7706,1068,265,MoveRight,2116,265,None
7706,1068,265,None,2109,265,MoveLeft
7707,1075,265,MoveRight,2109,265,None
7707,1075,265,None,2102,265,MoveLeft
7708,1082,265,MoveRight,2102,265,None
7708,1082,265,None,2095,265,MoveLeft
7709,1089,265,MoveRight,2095,265,None
7709,1089,265,None,2088,265,MoveLeft
7710,1096,265,MoveRight,2088,265,None
7710,1096,265,None,2081,265,MoveLeft
7711,1103,265,MoveRight,2081,265,None
7711,1103,265,None,2074,265,MoveLeft
7712,1110,265,MoveRight,2074,265,None
7712,1110,265,None,2067,265,MoveLeft
7713,1117,265,MoveRight,2067,265,None
7713,1117,265,None,2060,265,MoveLeft
7714,1124,265,MoveRight,2060,265,None
7714,1124,265,None,2053,265,MoveLeft
7715,1131,265,MoveRight,2053,265,None
7715,1131,265,None,2046,265,MoveLeft
7716,1138,265,MoveRight,2046,265,None
7716,1138,265,None,2039,265,MoveLeft
7717,1145,265,MoveRight,2039,265,None
7717,1145,265,None,2032,265,MoveLeft
7718,1152,265,MoveRight,2032,265,None
7718,1152,265,None,2025,265,MoveLeft
7719,1159,265,MoveRight,2025,265,None
7719,1159,265,None,2018,265,MoveLeft
7720,1166,265,MoveRight,2018,265,None
7720,1166,265,None,2011,265,MoveLeft
7721,1173,265,MoveRight,2011,265,None
7721,1173,265,None,2004,265,MoveLeft
7722,1180,265,MoveRight,2004,265,None
7722,1180,265,None,1997,265,MoveLeft
7723,1187,265,MoveRight,1997,265,None
7723,1187,265,None,1990,265,MoveLeft
7724,1194,265,MoveRight,1990,265,None
7724,1194,265,None,1983,265,MoveLeft
7725,1201,265,MoveRight,1983,265,None
7725,1201,265,None,1976,265,MoveLeft
7726,1208,265,MoveRight,1976,265,None
7726,1208,265,None,1969,265,MoveLeft
7727,1211.5,284.62,MoveRight,1969,265,None
7727,1211.5,284.62,None,1962,265,MoveLeft
7728,1215,304.24,MoveRight,1962,265,None
7728,1215,304.24,None,1955,265,MoveLeft
7729,1218.5,314.05,MoveRight,1955,265,None
7729,1218.5,314.05,None,1948,265,MoveLeft
7730,1222,323.86,MoveRight,1948,265,None
7730,1222,323.86,None,1941,265,MoveLeft
7731,1225.5,333.67,MoveRight,1941,265,None
7731,1225.5,333.67,None,1934,265,MoveLeft
7732,1229,343.48,MoveRight,1934,265,None
7732,1229,343.48,None,1927,265,MoveLeft
7733,1232.5,353.29,MoveRight,1927,265,None
7733,1232.5,353.29,None,1920,265,MoveLeft
7734,1236,363.1,MoveRight,1920,265,None
7734,1236,363.1,None,1913,265,MoveLeft
7735,1239.5,372.91,MoveRight,1913,265,None
7735,1239.5,372.91,None,1906,265,MoveLeft
7736,1243,382.72,MoveRight,1906,265,None
7736,1243,382.72,None,1899,265,MoveLeft
7737,1246.5,392.53,MoveRight,1899,265,None
7737,1246.5,392.53,None,1892,265,MoveLeft
7738,1250,402.34,MoveRight,1892,265,None
7738,1250,402.34,None,1885,265,MoveLeft
7739,1253.5,412.15,MoveRight,1885,265,None
7739,1253.5,412.15,None,1878,265,MoveLeft
7740,1257,421.96,MoveRight,1878,265,None
7740,1257,421.96,None,1871,265,MoveLeft
7741,1260.5,431.77,MoveRight,1871,265,None
7741,1260.5,431.77,None,1864,265,MoveLeft
7742,1264,441.58,MoveRight,1864,265,None
7742,1264,441.58,None,1857,265,MoveLeft
7743,1264,431.77,Set,1857,265,None
7743,1267.5,451.39,MoveRight,1857,265,None
7743,1267.5,451.39,None,1850,265,MoveLeft
7744,1267.5,461.2,None,1843,265,MoveLeft
7745,1267.5,471.01,None,1836,265,MoveLeft
7746,1267.5,480.82,None,1829,265,MoveLeft
7747,1267.5,490.63,None,1822,265,MoveLeft
7748,1267.5,500.44,None,1815,265,MoveLeft
7749,1267.5,510.25,None,1808,265,MoveLeft
7750,1267.5,520.06,None,1801,265,MoveLeft
7751,1267.5,529.87,None,1794,265,MoveLeft
7752,1267.5,539.68,None,1787,265,MoveLeft
7753,1267.5,549.49,None,1780,265,MoveLeft
7754,1267.5,559.3,None,1773,265,MoveLeft
7755,1267.5,569.11,None,1766,265,MoveLeft
7756,1267.5,578.92,None,1759,265,MoveLeft
7757,1267.5,569.11,None,1752,265,MoveLeft
7758,1267.5,559.3,None,1745,265,MoveLeft
7759,1267.5,549.49,None,1738,265,MoveLeft
7760,1267.5,539.68,None,1731,265,MoveLeft
7761,1267.5,529.87,None,1724,265,MoveLeft
7762,1267.5,520.06,None,1717,265,MoveLeft
7763,1267.5,510.25,None,1710,265,MoveLeft
7764,1267.5,500.44,None,1703,265,MoveLeft
7765,1267.5,490.63,None,1696,265,MoveLeft
7766,1267.5,480.82,None,1689,265,MoveLeft
7767,1267.5,471.01,None,1682,265,MoveLeft
7768,1267.5,461.2,None,1675,265,MoveLeft
7769,1267.5,451.39,None,1668,265,MoveLeft
7770,1267.5,441.58,None,1661,265,MoveLeft
7771,1267.5,431.77,None,1654,265,MoveLeft
7772,1267.5,421.96,None,1647,265,MoveLeft
7773,1267.5,412.15,None,1640,265,MoveLeft
7774,1267.5,402.34,None,1633,265,MoveLeft
7775,1267.5,392.53,None,1626,265,MoveLeft
7776,1267.5,382.72,None,1619,265,MoveLeft
7777,1267.5,372.91,None,1612,265,MoveLeft
7778,1267.5,363.1,None,1605,265,MoveLeft
7779,1267.5,353.29,None,1598,265,MoveLeft
7780,1267.5,343.48,None,1591,265,MoveLeft
7781,1267.5,333.67,None,1584,265,MoveLeft
7782,1267.5,323.86,None,1577,265,MoveLeft
7783,1267.5,314.05,None,1570,265,MoveLeft
7784,1267.5,304.24,None,1563,265,MoveLeft
7785,1267.5,294.43,None,1556,265,MoveLeft
7786,1267.5,284.62,None,1549,265,MoveLeft
7787,1267.5,274.81,None,1542,265,MoveLeft
7788,1267.5,265,None,1535,265,MoveLeft
7789,1267.5,265,None,1528,265,MoveLeft
7790,1267.5,265,None,1521,265,MoveLeft
7791,1267.5,265,None,1514,265,MoveLeft
7792,1267.5,284.62,None,1514,265,None
7792,1267.5,284.62,None,1507,265,MoveLeft
7793,1267.5,304.24,None,1500,265,MoveLeft
7794,1267.5,314.05,None,1493,265,MoveLeft
7795,1267.5,323.86,None,1486,265,MoveLeft
7796,1267.5,333.67,None,1479,265,MoveLeft
7797,1267.5,343.48,None,1472,265,MoveLeft
7798,1267.5,353.29,None,1465,265,MoveLeft
7799,1267.5,363.1,None,1458,265,MoveLeft
7800,1267.5,372.91,None,1451,265,MoveLeft
7801,1267.5,382.72,None,1444,265,MoveLeft
7802,1267.5,392.53,None,1437,265,MoveLeft
7803,1267.5,402.34,None,1430,265,MoveLeft
7804,1267.5,412.15,None,1423,265,MoveLeft
7805,1267.5,421.96,None,1416,265,MoveLeft
7806,1267.5,431.77,None,1409,265,MoveLeft
7807,1267.5,441.58,None,1402,265,MoveLeft
7808,1267.5,451.39,None,1395,265,MoveLeft
7809,1267.5,461.2,None,1388,265,MoveLeft
7812,1267.5,490.63,None,1388,265,None
7817,1267.5,539.68,None,1388,265,None
7826,1267.5,529.87,None,1388,265,None
7830,1267.5,490.63,None,1388,265,None
7843,1267.5,363.1,None,1388,265,None
7854,1267.5,265,None,1388,265,None
7855,1267.5,284.62,None,1388,265,None
7864,1267.5,382.72,None,1388,265,None
7867,1267.5,412.15,None,1388,265,None
7873,1267.5,451.39,None,1388,265,SpikeLight
7873,1267.5,471.01,None,1388,265,None
7877,1267.5,510.25,None,1388,265,None
7879,1267.5,529.87,None,1388,265,None
7894,1264,480.82,MoveLeft,1388,265,None
7895,1260.5,471.01,MoveLeft,1388,265,None
7896,1257,461.2,MoveLeft,1388,265,None
7897,1253.5,451.39,MoveLeft,1388,265,None
7898,1250,441.58,MoveLeft,1388,265,None
7899,1246.5,431.77,MoveLeft,1388,265,None
7900,1243,421.96,MoveLeft,1388,265,None
7901,1239.5,412.15,MoveLeft,1388,265,None
7902,1236,402.34,MoveLeft,1388,265,None
7903,1232.5,392.53,MoveLeft,1388,265,None
7924,1239.5,265,MoveRight,1388,265,None
7925,1246.5,265,MoveRight,1388,265,None
7926,1253.5,265,MoveRight,1388,265,None
7927,1260.5,265,MoveRight,1388,265,None
7928,1267.5,265,MoveRight,1388,265,None
7929,1274.5,265,MoveRight,1388,265,None
7930,1281.5,265,MoveRight,1388,265,None
7933,1274.5,265,MoveLeft,1388,265,None
7934,1267.5,265,MoveLeft,1388,265,None
7935,323,265,MoveLeft,1670,265,None
7936,316,265,MoveLeft,1670,265,None
7937,309,265,MoveLeft,1670,265,None
7938,302,265,MoveLeft,1670,265,None
7939,295,265,MoveLeft,1670,265,None
7940,288,265,MoveLeft,1670,265,None
7941,281,265,MoveLeft,1670,265,None
7942,274,265,MoveLeft,1670,265,None
7943,267,265,MoveLeft,1670,265,None
7944,260,265,MoveLeft,1670,265,None
7945,253,265,MoveLeft,1670,265,None
7946,246,265,MoveLeft,1670,265,None
7947,239,265,MoveLeft,1670,265,None
7948,232,265,MoveLeft,1670,265,None
7949,225,265,MoveLeft,1670,265,None
7950,218,265,MoveLeft,1670,265,None
7951,211,265,MoveLeft,1670,265,None
7963,218,265,MoveRight,1670,265,None
7964,225,265,MoveRight,1670,265,None
7965,232,265,MoveRight,1670,265,None
7966,239,265,MoveRight,1670,265,None
7967,246,265,MoveRight,1670,265,None
7968,253,265,MoveRight,1670,265,None
7969,260,265,MoveRight,1670,265,None
7970,267,265,MoveRight,1670,265,None
7971,274,265,MoveRight,1670,265,None
7972,281,265,MoveRight,1670,265,None
7973,288,265,MoveRight,1670,265,None
7974,295,265,MoveRight,1670,265,None
7975,302,265,MoveRight,1670,265,None
7976,309,265,MoveRight,1670,265,None
7977,316,265,MoveRight,1670,265,None
7978,323,265,MoveRight,1670,265,None
7979,330,265,MoveRight,1670,265,None
7980,337,265,MoveRight,1670,265,None
7981,344,265,MoveRight,1670,265,None
7994,351,265,MoveRight,1670,265,None
7995,358,265,MoveRight,1670,265,None
7996,365,265,MoveRight,1670,265,None
7997,372,265,MoveRight,1670,265,None
7998,379,265,MoveRight,1670,265,None
7999,386,265,MoveRight,1670,265,None
8000,393,265,MoveRight,1670,265,None
8001,400,265,MoveRight,1670,265,None
8002,407,265,MoveRight,1670,265,None
8003,414,265,MoveRight,1670,265,None
8004,421,265,MoveRight,1670,265,None
8005,428,265,MoveRight,1670,265,None
8006,435,265,MoveRight,1670,265,None
8007,442,265,MoveRight,1670,265,None
8008,449,265,MoveRight,1670,265,None
8009,456,265,MoveRight,1670,265,None
8010,463,265,MoveRight,1670,265,None
8011,470,265,MoveRight,1670,265,None
8012,477,265,MoveRight,1670,265,None
8013,484,265,MoveRight,1670,265,None
8014,491,265,MoveRight,1670,265,None
8033,498,265,MoveRight,1670,265,None
8034,505,265,MoveRight,1670,265,None
8035,512,265,MoveRight,1670,265,None
8036,519,265,MoveRight,1670,265,None
8037,526,265,MoveRight,1670,265,None
8038,533,265,MoveRight,1670,265,None
8053,533,284.62,None,1670,265,None
8079,533,529.87,Serve,1670,265,None
8079,533,549.49,None,1670,265,None
8080,533,559.3,None,1677,265,MoveRight
8081,533,569.11,None,1684,265,MoveRight
8082,533,578.92,None,1691,265,MoveRight
8083,533,569.11,None,1698,265,MoveRight
8084,533,559.3,None,1705,265,MoveRight
8085,533,549.49,None,1712,265,MoveRight
8086,533,539.68,None,1719,265,MoveRight
8087,533,529.87,None,1726,265,MoveRight
8088,533,520.06,None,1733,265,MoveRight
8089,533,510.25,None,1740,265,MoveRight
8090,533,500.44,None,1747,265,MoveRight
8091,533,490.63,None,1754,265,MoveRight
8092,533,480.82,None,1761,265,MoveRight
8093,533,471.01,None,1768,265,MoveRight
8094,533,461.2,None,1775,265,MoveRight
8095,533,451.39,None,1782,265,MoveRight
8096,533,441.58,None,1789,265,MoveRight
8097,533,431.77,None,1796,265,MoveRight
8098,533,421.96,None,1803,265,MoveRight
8099,536.5,412.15,MoveRight,1803,265,None
8099,536.5,412.15,None,1810,265,MoveRight
8100,540,402.34,MoveRight,1810,265,None
8100,540,402.34,None,1817,265,MoveRight
8101,543.5,392.53,MoveRight,1817,265,None
8101,543.5,392.53,None,1824,265,MoveRight
8102,547,382.72,MoveRight,1824,265,None
8102,547,382.72,None,1831,265,MoveRight
8103,550.5,372.91,MoveRight,1831,265,None
8104,554,363.1,MoveRight,1831,265,None
8105,557.5,353.29,MoveRight,1831,265,None
8106,561,343.48,MoveRight,1831,265,None
8107,564.5,333.67,MoveRight,1831,265,None
8108,568,323.86,MoveRight,1831,265,None
8109,571.5,314.05,MoveRight,1831,265,None
8110,575,304.24,MoveRight,1831,265,None
8111,578.5,294.43,MoveRight,1831,265,None
8112,582,284.62,MoveRight,1831,265,None
8113,585.5,274.81,MoveRight,1831,265,None
8114,592.5,265,MoveRight,1831,265,None
8115,599.5,265,MoveRight,1831,265,None
8116,606.5,265,MoveRight,1831,265,None
8117,613.5,265,MoveRight,1831,265,None
8118,620.5,265,MoveRight,1831,265,None
8119,627.5,265,MoveRight,1831,265,None
8120,634.5,265,MoveRight,1831,265,None
8121,641.5,265,MoveRight,1831,265,None
8122,648.5,265,MoveRight,1831,265,None
8123,655.5,265,MoveRight,1831,265,None
8124,662.5,265,MoveRight,1831,265,None
8125,669.5,265,MoveRight,1831,265,None
8126,676.5,265,MoveRight,1831,265,None
8127,683.5,265,MoveRight,1831,265,None
8128,690.5,265,MoveRight,1831,265,None
8129,697.5,265,MoveRight,1831,265,None
8130,704.5,265,MoveRight,1831,265,None
8131,711.5,265,MoveRight,1831,265,None
8132,718.5,265,MoveRight,1831,265,None
8133,725.5,265,MoveRight,1831,265,None
8134,732.5,265,MoveRight,1831,265,None
8135,739.5,265,MoveRight,1831,265,None
8136,746.5,265,MoveRight,1831,265,None
8137,753.5,265,MoveRight,1831,265,None
8138,760.5,265,MoveRight,1831,265,None
8139,767.5,265,MoveRight,1831,265,None
8140,774.5,265,MoveRight,1831,265,None
8141,774.5,265,None,1831,265,SpikeMedium
8141,781.5,265,MoveRight,1831,265,None
8141,781.5,265,None,1831,265,None
8142,788.5,265,MoveRight,1831,265,None
8143,795.5,265,MoveRight,1831,265,None
8144,802.5,265,MoveRight,1831,265,None
8145,809.5,265,MoveRight,1831,265,None
8146,816.5,265,MoveRight,1831,265,None
8147,823.5,265,MoveRight,1831,265,None
8148,830.5,265,MoveRight,1831,265,None
8149,837.5,265,MoveRight,1831,265,None
8150,844.5,265,MoveRight,1831,265,None
8151,851.5,265,MoveRight,1831,265,None
8152,858.5,265,MoveRight,1831,265,None
8153,865.5,265,MoveRight,1831,265,None
8154,872.5,265,MoveRight,1831,265,None
8155,879.5,265,MoveRight,1831,265,None
8156,886.5,265,MoveRight,1831,265,None
8157,893.5,265,MoveRight,1831,265,None
8158,900.5,265,MoveRight,1831,265,None
8159,907.5,265,MoveRight,1831,265,None
8160,914.5,265,MoveRight,1831,265,None
8161,921.5,265,MoveRight,1831,265,None
8162,928.5,265,MoveRight,1831,265,None
8201,935.5,265,MoveRight,1831,265,None
8202,935.5,265,None,1831,265,None
8203,935.5,265,None,1831,265,None
8204,935.5,265,Bump,1831,265,None
8204,935.5,265,None,1831,265,None
8205,935.5,265,None,1824,265,MoveLeft
8206,935.5,265,None,1817,265,MoveLeft
8207,935.5,265,None,1810,265,MoveLeft
8208,935.5,265,None,1803,265,MoveLeft
8209,935.5,265,None,1796,265,MoveLeft
8210,935.5,265,None,1789,265,MoveLeft
8211,935.5,265,None,1782,265,MoveLeft
8212,935.5,265,None,1775,265,MoveLeft
8213,935.5,265,None,1768,265,MoveLeft
8214,935.5,265,None,1761,265,MoveLeft
8215,935.5,265,None,1754,265,MoveLeft
8216,935.5,265,None,1747,265,MoveLeft
8217,935.5,265,None,1740,265,MoveLeft
8218,935.5,265,None,1733,265,MoveLeft
8219,935.5,265,None,1726,265,MoveLeft
8220,935.5,265,None,1719,265,MoveLeft
8221,935.5,265,None,1712,265,MoveLeft
8222,935.5,265,None,1705,265,MoveLeft
8223,935.5,265,None,1698,265,MoveLeft
8224,935.5,265,None,1691,265,MoveLeft
8225,935.5,265,None,1684,265,MoveLeft
8226,935.5,265,None,1677,265,MoveLeft
8227,935.5,265,None,1670,265,MoveLeft
8228,942.5,265,MoveRight,1670,265,None
8228,942.5,265,None,1663,265,MoveLeft
8229,949.5,265,MoveRight,1663,265,None
8229,949.5,265,None,1656,265,MoveLeft
8230,956.5,265,MoveRight,1656,265,None
8230,956.5,265,None,1649,265,MoveLeft
8231,963.5,265,MoveRight,1649,265,None
8231,963.5,265,None,1642,265,MoveLeft
8232,970.5,265,MoveRight,1642,265,None
8232,970.5,265,None,1635,265,MoveLeft
8233,977.5,265,MoveRight,1635,265,None
8233,977.5,265,None,1628,265,MoveLeft
8234,984.5,265,MoveRight,1628,265,None
8234,984.5,265,None,1621,265,MoveLeft
8235,991.5,265,MoveRight,1621,265,None
8235,991.5,265,None,1614,265,MoveLeft
8236,998.5,265,MoveRight,1614,265,None
8236,998.5,265,None,1607,265,MoveLeft
8237,1005.5,265,MoveRight,1607,265,None
8237,1005.5,265,None,1600,265,MoveLeft
8238,1012.5,265,MoveRight,1600,265,None
8238,1012.5,265,None,1593,265,MoveLeft
8239,1019.5,265,MoveRight,1593,265,None
8239,1019.5,265,None,1586,265,MoveLeft
8240,1026.5,265,MoveRight,1586,265,None
8240,1026.5,265,None,1579,265,MoveLeft
8241,1033.5,265,MoveRight,1579,265,None
8241,1033.5,265,None,1572,265,MoveLeft
8242,1040.5,265,MoveRight,1572,265,None
8242,1040.5,265,None,1565,265,MoveLeft
8243,1047.5,265,MoveRight,1565,265,None
8243,1047.5,265,None,1558,265,MoveLeft
8244,1054.5,265,MoveRight,1558,265,None
8244,1054.5,265,None,1551,265,MoveLeft
8245,1061.5,265,MoveRight,1551,265,None
8245,1061.5,265,None,1544,265,MoveLeft
8246,1068.5,265,MoveRight,1544,265,None
8246,1068.5,265,None,1537,265,MoveLeft
8247,1075.5,265,MoveRight,1537,265,None
8247,1075.5,265,None,1530,265,MoveLeft
8248,1082.5,265,MoveRight,1530,265,None
8248,1082.5,265,None,1523,265,MoveLeft
8249,1089.5,265,MoveRight,1523,265,None
8249,1089.5,265,None,1516,265,MoveLeft
8250,1096.5,265,MoveRight,1516,265,None
8251,1103.5,265,MoveRight,1516,265,None
8252,1110.5,265,MoveRight,1516,265,None
8253,1117.5,265,MoveRight,1516,265,None
8254,1124.5,265,MoveRight,1516,265,None
8255,1131.5,265,MoveRight,1516,265,None
8256,1138.5,265,MoveRight,1516,265,None
8257,1145.5,265,MoveRight,1516,265,None
8258,1152.5,265,MoveRight,1516,265,None
8259,1159.5,265,MoveRight,1516,265,None
8260,1166.5,265,MoveRight,1516,265,None
8261,1173.5,265,MoveRight,1516,265,None
8262,1180.5,265,MoveRight,1516,265,None
8263,1187.5,265,MoveRight,1516,265,None
8264,1194.5,265,MoveRight,1516,265,None
8265,1201.5,265,MoveRight,1516,265,None
8266,1208.5,265,MoveRight,1516,265,None
8267,1215.5,265,MoveRight,1516,265,None
8268,1222.5,265,MoveRight,1516,265,None
8269,1229.5,265,MoveRight,1516,265,None
8270,1233,284.62,MoveRight,1516,265,None
8271,1236.5,304.24,MoveRight,1516,265,None
8272,1240,314.05,MoveRight,1516,265,None
8273,1243.5,323.86,MoveRight,1516,265,None
8274,1247,333.67,MoveRight,1516,265,None
8275,1250.5,343.48,MoveRight,1516,265,None
8276,1254,353.29,MoveRight,1516,265,None
8277,1257.5,363.1,MoveRight,1516,265,None
8278,1261,372.91,MoveRight,1516,265,None
8279,1264.5,382.72,MoveRight,1516,265,None
8280,1268,392.53,MoveRight,1516,265,None
8281,1271.5,402.34,MoveRight,1516,265,None
8282,1275,412.15,MoveRight,1516,265,None
8283,1278.5,421.96,MoveRight,1516,265,None
8284,1282,431.77,MoveRight,1516,265,None
8285,1285.5,441.58,MoveRight,1516,265,None
8286,1289,451.39,MoveRight,1516,265,None
8287,1292.5,461.2,MoveRight,1516,265,None
8288,1296,471.01,MoveRight,1516,265,None
8289,1299.5,480.82,MoveRight,1516,265,None
8293,1299.5,520.06,None,1516,265,None
8303,1296,539.68,MoveLeft,1516,265,None
8304,1292.5,529.87,MoveLeft,1516,265,None
8305,1289,520.06,MoveLeft,1516,265,None
8306,1289,510.25,None,1516,265,SpikeLight
8306,1285.5,510.25,MoveLeft,1516,265,None
8306,1285.5,510.25,None,1516,265,None
8307,1282,500.44,MoveLeft,1516,265,None
8308,1278.5,490.63,MoveLeft,1516,265,None
8309,1275,480.82,MoveLeft,1516,265,None
8310,1271.5,471.01,MoveLeft,1516,265,None
8311,1268,461.2,MoveLeft,1516,265,None
8312,1264.5,451.39,MoveLeft,1516,265,None
8313,1261,441.58,MoveLeft,1516,265,None
8314,1257.5,431.77,MoveLeft,1516,265,None
8315,1254,421.96,MoveLeft,1516,265,None
8316,1250.5,412.15,MoveLeft,1516,265,None
8317,1247,402.34,MoveLeft,1516,265,None
8318,1243.5,392.53,MoveLeft,1516,265,None
8319,1240,382.72,MoveLeft,1516,265,None
8329,1243.5,284.62,MoveRight,1516,265,None
8330,1247,274.81,MoveRight,1516,265,None
8331,1254,265,MoveRight,1516,265,None
8332,1261,265,MoveRight,1516,265,None
8333,1268,265,MoveRight,1516,265,None
8335,1261,265,MoveLeft,1516,265,None
8336,1254,265,MoveLeft,1516,265,None
8337,1247,265,MoveLeft,1516,265,None
8338,1240,265,MoveLeft,1516,265,None
8339,1233,265,MoveLeft,1516,265,None
8340,1226,265,MoveLeft,1516,265,None
8341,1219,265,MoveLeft,1516,265,None
8342,1212,265,MoveLeft,1516,265,None
8343,1205,265,MoveLeft,1516,265,None
8344,1198,265,MoveLeft,1516,265,None
8345,1191,265,MoveLeft,1516,265,None
8346,1184,265,MoveLeft,1516,265,None
8347,1177,265,MoveLeft,1516,265,None
8348,1170,265,MoveLeft,1516,265,None
8349,1163,265,MoveLeft,1516,265,None
8350,1156,265,MoveLeft,1516,265,None
8351,1149,265,MoveLeft,1516,265,None
8352,1142,265,MoveLeft,1516,265,None
8353,1135,265,MoveLeft,1516,265,None
8354,1128,265,MoveLeft,1516,265,None
8355,1121,265,MoveLeft,1516,265,None
8356,1114,265,MoveLeft,1516,265,None
8357,1114,284.62,None,1516,265,None
8367,1114,392.53,None,1516,265,None
8370,1114,421.96,None,1516,265,None
8414,1143,265,MoveLeft,2410,265,None
8415,1136,265,MoveLeft,2410,265,None
8416,1129,265,MoveLeft,2410,265,None
8417,1122,265,MoveLeft,2410,265,None
8418,1115,265,MoveLeft,2410,265,None
8419,1108,265,MoveLeft,2410,265,None
8420,1101,265,MoveLeft,2410,265,None
8421,1101,265,None,2410,265,Serve
8421,1094,265,MoveLeft,2410,265,None
8421,1094,265,None,2410,265,None
8483,1087,265,MoveLeft,2410,265,None
8484,1080,265,MoveLeft,2410,265,None
8485,1073,265,MoveLeft,2410,265,None
8486,1066,265,MoveLeft,2410,265,None
8487,1059,265,MoveLeft,2410,265,None
8488,1052,265,MoveLeft,2410,265,None
8489,1045,265,MoveLeft,2410,265,None
8490,1038,265,MoveLeft,2410,265,None
8491,1038,265,Bump,2410,265,None
8491,1031,265,MoveLeft,2410,265,None
8492,1031,265,None,2403,265,MoveLeft
8493,1031,265,None,2396,265,MoveLeft
8494,1031,265,None,2389,265,MoveLeft
8495,1031,265,None,2382,265,MoveLeft
8496,1031,265,None,2375,265,MoveLeft
8497,1031,265,None,2368,265,MoveLeft
8498,1031,265,None,2361,265,MoveLeft
8499,1031,265,None,2354,265,MoveLeft
8500,1031,265,None,2347,265,MoveLeft
8501,1031,265,None,2340,265,MoveLeft
8502,1031,265,None,2333,265,MoveLeft
8503,1031,265,None,2326,265,MoveLeft
8504,1031,265,None,2319,265,MoveLeft
8505,1031,265,None,2312,265,MoveLeft
8506,1031,265,None,2305,265,MoveLeft
8507,1031,265,None,2298,265,MoveLeft
8508,1031,265,None,2291,265,MoveLeft
8509,1031,265,None,2284,265,MoveLeft
8510,1031,265,None,2277,265,MoveLeft
8511,1031,265,None,2270,265,MoveLeft
8512,1031,265,None,2263,265,MoveLeft
8513,1031,265,None,2256,265,MoveLeft
8514,1031,265,None,2249,265,MoveLeft
8515,1031,265,None,2242,265,MoveLeft
8516,1031,265,None,2235,265,MoveLeft
8517,1031,265,None,2228,265,MoveLeft
8518,1031,265,None,2221,265,MoveLeft
8519,1031,265,None,2214,265,MoveLeft
8520,1031,265,None,2207,265,MoveLeft
8521,1031,265,None,2200,265,MoveLeft
8522,1031,265,None,2193,265,MoveLeft
8523,1038,265,MoveRight,2193,265,None
8523,1038,265,None,2186,265,MoveLeft
8524,1045,265,MoveRight,2186,265,None
8524,1045,265,None,2179,265,MoveLeft
8525,1052,265,MoveRight,2179,265,None
8525,1052,265,None,2172,265,MoveLeft
8526,1059,265,MoveRight,2172,265,None
8526,1059,265,None,2165,265,MoveLeft
8527,1066,265,MoveRight,2165,265,None
8527,1066,265,None,2158,265,MoveLeft
8528,1073,265,MoveRight,2158,265,None
8528,1073,265,None,2151,265,MoveLeft
8529,1080,265,MoveRight,2151,265,None
8529,1080,265,None,2144,265,MoveLeft
8530,1087,265,MoveRight,2144,265,None
8530,1087,265,None,2137,265,MoveLeft
8531,1094,265,MoveRight,2137,265,None
8531,1094,265,None,2130,265,MoveLeft
8532,1101,265,MoveRight,2130,265,None
8532,1101,265,None,2123,265,MoveLeft
8533,1108,265,MoveRight,2123,265,None
8533,1108,265,None,2116,265,MoveLeft
8534,1115,265,MoveRight,2116,265,None
8534,1115,265,None,2109,265,MoveLeft
8535,1122,265,MoveRight,2109,265,None
8535,1122,265,None,2102,265,MoveLeft
8536,1129,265,MoveRight,2102,265,None
8536,1129,265,None,2095,265,MoveLeft
8537,1136,265,MoveRight,2095,265,None
8537,1136,265,None,2088,265,MoveLeft
8538,1143,265,MoveRight,2088,265,None
8538,1143,265,None,2081,265,MoveLeft
8539,1150,265,MoveRight,2081,265,None
8539,1150,265,None,2074,265,MoveLeft
8540,1157,265,MoveRight,2074,265,None
8540,1157,265,None,2067,265,MoveLeft
8541,1164,265,MoveRight,2067,265,None
8541,1164,265,None,2060,265,MoveLeft
8542,1171,265,MoveRight,2060,265,None
8542,1171,265,None,2053,265,MoveLeft
8543,1178,265,MoveRight,2053,265,None
8543,1178,265,None,2046,265,MoveLeft
8544,1185,265,MoveRight,2046,265,None
8544,1185,265,None,2039,265,MoveLeft
8545,1192,265,MoveRight,2039,265,None
8545,1192,265,None,2032,265,MoveLeft
8546,1199,265,MoveRight,2032,265,None
8546,1199,265,None,2025,265,MoveLeft
8547,1206,265,MoveRight,2025,265,None
8547,1206,265,None,2018,265,MoveLeft
8548,1213,265,MoveRight,2018,265,None
8548,1213,265,None,2011,265,MoveLeft
8549,1220,265,MoveRight,2011,265,None
8549,1220,265,None,2004,265,MoveLeft
8550,1227,265,MoveRight,2004,265,None
8550,1227,265,None,1997,265,MoveLeft
8551,1234,265,MoveRight,1997,265,None
8551,1234,265,None,1990,265,MoveLeft
8552,1241,265,MoveRight,1990,265,None
8552,1241,265,None,1983,265,MoveLeft
8553,1248,265,MoveRight,1983,265,None
8553,1248,265,None,1976,265,MoveLeft
8554,1255,265,MoveRight,1976,265,None
8554,1255,265,None,1969,265,MoveLeft
8555,1262,265,MoveRight,1969,265,None
8555,1262,265,None,1962,265,MoveLeft
8556,1269,265,MoveRight,1962,265,None
8556,1269,265,None,1955,265,MoveLeft
8557,1276,265,MoveRight,1955,265,None
8557,1276,265,None,1948,265,MoveLeft
8558,1283,265,MoveRight,1948,265,None
8558,1283,265,None,1941,265,MoveLeft
8559,1290,265,MoveRight,1941,265,None
8559,1290,265,None,1934,265,MoveLeft
8560,1297,265,MoveRight,1934,265,None
8560,1297,265,None,1927,265,MoveLeft
8561,1304,265,MoveRight,1927,265,None
8561,1304,265,None,1920,265,MoveLeft
8562,1311,265,MoveRight,1920,265,None
8562,1311,265,None,1913,265,MoveLeft
8563,1318,265,MoveRight,1913,265,None
8563,1318,265,None,1906,265,MoveLeft
8564,1325,265,MoveRight,1906,265,None
8564,1325,265,None,1899,265,MoveLeft
8565,1326,265,None,1892,265,MoveLeft
8566,1326,265,None,1885,265,MoveLeft
8567,1326,265,None,1878,265,MoveLeft
8568,1326,265,None,1871,265,MoveLeft
8569,1326,265,None,1864,265,MoveLeft
8570,1326,265,None,1857,265,MoveLeft
8571,1326,265,None,1850,265,MoveLeft
8572,1326,265,None,1843,265,MoveLeft
8573,1326,265,None,1836,265,MoveLeft
8574,1326,265,None,1829,265,MoveLeft
8575,1326,265,None,1822,265,MoveLeft
8576,1326,265,None,1815,265,MoveLeft
8577,1326,265,None,1808,265,MoveLeft
8578,1326,265,None,1801,265,MoveLeft
8579,1326,265,None,1794,265,MoveLeft
8580,1326,265,None,1787,265,MoveLeft
8581,1326,265,None,1780,265,MoveLeft
8582,1326,265,None,1773,265,MoveLeft
8583,1326,265,None,1766,265,MoveLeft
8584,1326,265,None,1759,265,MoveLeft
8585,1326,265,None,1752,265,MoveLeft
8586,1326,265,None,1745,265,MoveLeft
8587,1326,265,None,1738,265,MoveLeft
8588,1326,265,None,1731,265,MoveLeft
8589,1326,265,None,1724,265,MoveLeft
8590,1326,265,None,1717,265,MoveLeft
8591,1326,265,None,1710,265,MoveLeft
8604,323,265,MoveLeft,1490,265,None
8605,316,265,MoveLeft,1490,265,None
8606,309,265,MoveLeft,1490,265,None
8607,302,265,MoveLeft,1490,265,None
8608,295,265,MoveLeft,1490,265,None
8609,288,265,MoveLeft,1490,265,None
8610,281,265,MoveLeft,1490,265,None
8611,274,265,MoveLeft,1490,265,None
8612,267,265,MoveLeft,1490,265,None
8613,260,265,MoveLeft,1490,265,None
8614,253,265,MoveLeft,1490,265,None
8615,246,265,MoveLeft,1490,265,None
8622,253,265,MoveRight,1490,265,None
8623,260,265,MoveRight,1490,265,None
8624,267,265,MoveRight,1490,265,None
8625,274,265,MoveRight,1490,265,None
8626,281,265,MoveRight,1490,265,None
8627,288,265,MoveRight,1490,265,None
8628,295,265,MoveRight,1490,265,None
8629,302,265,MoveRight,1490,265,None
8630,309,265,MoveRight,1490,265,None
8631,316,265,MoveRight,1490,265,None
8632,323,265,MoveRight,1490,265,None
8633,330,265,MoveRight,1490,265,None
8634,337,265,MoveRight,1490,265,None
8635,344,265,MoveRight,1490,265,None
8636,351,265,MoveRight,1490,265,None
8637,358,265,MoveRight,1490,265,None
8638,365,265,MoveRight,1490,265,None
8639,372,265,MoveRight,1490,265,None
8640,379,265,MoveRight,1490,265,None
8641,386,265,MoveRight,1490,265,None
8642,393,265,MoveRight,1490,265,None
8643,400,265,MoveRight,1490,265,None
8644,407,265,MoveRight,1490,265,None
8645,414,265,MoveRight,1490,265,None
8646,421,265,MoveRight,1490,265,None
8647,428,265,MoveRight,1490,265,None
8648,435,265,MoveRight,1490,265,None
8649,442,265,MoveRight,1490,265,None
8650,449,265,MoveRight,1490,265,None
8651,456,265,MoveRight,1490,265,None
8652,463,265,MoveRight,1490,265,None
8653,470,265,MoveRight,1490,265,None
8654,477,265,MoveRight,1490,265,None
8655,484,265,MoveRight,1490,265,None
8656,491,265,MoveRight,1490,265,None
8657,498,265,MoveRight,1490,265,None
8669,498,284.62,None,1490,265,None
8691,498,490.63,Serve,1490,265,None
8691,498,510.25,None,1490,265,None
8692,498,520.06,None,1497,265,MoveRight
8693,498,529.87,None,1504,265,MoveRight
8694,498,539.68,None,1511,265,MoveRight
8695,498,549.49,None,1518,265,MoveRight
8696,498,559.3,None,1525,265,MoveRight
8697,498,569.11,None,1532,265,MoveRight
8698,498,578.92,None,1539,265,MoveRight
8699,498,569.11,None,1546,265,MoveRight
8700,498,559.3,None,1553,265,MoveRight
8701,498,549.49,None,1560,265,MoveRight
8702,498,539.68,None,1567,265,MoveRight
8703,498,529.87,None,1574,265,MoveRight
8704,498,520.06,None,1581,265,MoveRight
8705,498,510.25,None,1588,265,MoveRight
8706,498,500.44,None,1595,265,MoveRight
8707,498,490.63,None,1602,265,MoveRight
8708,498,480.82,None,1609,265,MoveRight
8709,498,471.01,None,1616,265,MoveRight
8710,501.5,461.2,MoveRight,1616,265,None
8710,501.5,461.2,None,1623,265,MoveRight
8711,505,451.39,MoveRight,1623,265,None
8711,505,451.39,None,1630,265,MoveRight
8712,508.5,441.58,MoveRight,1630,265,None
8712,508.5,441.58,None,1637,265,MoveRight
8713,512,431.77,MoveRight,1637,265,None
8713,512,431.77,None,1644,265,MoveRight
8714,515.5,421.96,MoveRight,1644,265,None
8714,515.5,421.96,None,1651,265,MoveRight
8715,519,412.15,MoveRight,1651,265,None
8715,519,412.15,None,1658,265,MoveRight
8716,522.5,402.34,MoveRight,1658,265,None
8716,522.5,402.34,None,1665,265,MoveRight
8717,526,392.53,MoveRight,1665,265,None
8717,526,392.53,None,1672,265,MoveRight
8718,529.5,382.72,MoveRight,1672,265,None
8718,529.5,382.72,None,1679,265,MoveRight
8719,533,372.91,MoveRight,1679,265,None
8719,533,372.91,None,1686,265,MoveRight
8720,536.5,363.1,MoveRight,1686,265,None
8720,536.5,363.1,None,1693,265,MoveRight
8721,540,353.29,MoveRight,1693,265,None
8721,540,353.29,None,1700,265,MoveRight
8722,543.5,343.48,MoveRight,1700,265,None
8722,543.5,343.48,None,1707,265,MoveRight
8723,547,333.67,MoveRight,1707,265,None
8723,547,333.67,None,1714,265,MoveRight
8724,550.5,323.86,MoveRight,1714,265,None
8724,550.5,323.86,None,1721,265,MoveRight
8725,554,314.05,MoveRight,1721,265,None
8725,554,314.05,None,1728,265,MoveRight
8726,557.5,304.24,MoveRight,1728,265,None
8726,557.5,304.24,None,1735,265,MoveRight
8727,561,294.43,MoveRight,1735,265,None
8727,561,294.43,None,1742,265,MoveRight
8728,564.5,284.62,MoveRight,1742,265,None
8728,564.5,284.62,None,1749,265,MoveRight
8729,568,274.81,MoveRight,1749,265,None
8729,568,274.81,None,1756,265,MoveRight
8730,575,265,MoveRight,1756,265,None
8730,575,265,None,1763,265,MoveRight
8731,582,265,MoveRight,1763,265,None
8731,582,265,None,1770,265,MoveRight
8732,589,265,MoveRight,1770,265,None
8732,589,265,None,1777,265,MoveRight
8733,596,265,MoveRight,1777,265,None
8733,596,265,None,1784,265,MoveRight
8734,603,265,MoveRight,1784,265,None
8734,603,265,None,1791,265,MoveRight
8735,610,265,MoveRight,1791,265,None
8735,610,265,None,1798,265,MoveRight
8736,617,265,MoveRight,1798,265,None
8736,617,265,None,1805,265,MoveRight
8737,624,265,MoveRight,1805,265,None
8737,624,265,None,1812,265,MoveRight
8738,631,265,MoveRight,1812,265,None
8738,631,265,None,1819,265,MoveRight
8739,638,265,MoveRight,1819,265,None
8739,638,265,None,1826,265,MoveRight
8740,645,265,MoveRight,1826,265,None
8740,645,265,None,1833,265,MoveRight
8741,652,265,MoveRight,1833,265,None
8741,652,265,None,1840,265,MoveRight
8742,659,265,MoveRight,1840,265,None
8743,666,265,MoveRight,1840,265,None
8744,673,265,MoveRight,1840,265,None
8745,680,265,MoveRight,1840,265,None
8746,687,265,MoveRight,1840,265,None
8747,694,265,MoveRight,1840,265,None
8748,701,265,MoveRight,1840,265,None
8749,708,265,MoveRight,1840,265,None
8750,715,265,MoveRight,1840,265,None
8751,722,265,MoveRight,1840,265,None
8752,729,265,MoveRight,1840,265,None
8753,736,265,MoveRight,1840,265,None
8754,743,265,MoveRight,1840,265,None
8755,743,265,None,1840,265,SpikeMedium
8755,750,265,MoveRight,1840,265,None
8755,750,265,None,1840,265,None
8756,757,265,MoveRight,1840,265,None
8757,764,265,MoveRight,1840,265,None
8758,771,265,MoveRight,1840,265,None
8759,778,265,MoveRight,1840,265,None
8760,785,265,MoveRight,1840,265,None
8761,792,265,MoveRight,1840,265,None
8782,799,265,MoveRight,1840,265,None
8783,806,265,MoveRight,1840,265,None
8784,813,265,MoveRight,1840,265,None
8785,820,265,MoveRight,1840,265,None
8786,827,265,MoveRight,1840,265,None
8787,834,265,MoveRight,1840,265,None
8788,841,265,MoveRight,1840,265,None
8789,848,265,MoveRight,1840,265,None
8790,855,265,MoveRight,1840,265,None
8791,862,265,MoveRight,1840,265,None
8792,869,265,MoveRight,1840,265,None
8793,876,265,MoveRight,1840,265,None
8794,883,265,MoveRight,1840,265,None
8795,890,265,MoveRight,1840,265,None
8813,897,265,MoveRight,1840,265,None
8814,904,265,MoveRight,1840,265,None
8815,911,265,MoveRight,1840,265,None
8816,918,265,MoveRight,1840,265,None
8817,925,265,MoveRight,1840,265,None
8818,925,265,Bump,1840,265,None
8818,932,265,MoveRight,1840,265,None
8819,932,265,None,1833,265,MoveLeft
8820,932,265,None,1826,265,MoveLeft
8821,932,265,None,1819,265,MoveLeft
8822,932,265,None,1812,265,MoveLeft
8823,932,265,None,1805,265,MoveLeft
8824,932,265,None,1798,265,MoveLeft
8825,932,265,None,1791,265,MoveLeft
8826,932,265,None,1784,265,MoveLeft
8827,932,265,None,1777,265,MoveLeft
8828,932,265,None,1770,265,MoveLeft
8829,932,265,None,1763,265,MoveLeft
8830,932,265,None,1756,265,MoveLeft
8831,932,265,None,1749,265,MoveLeft
8832,932,265,None,1742,265,MoveLeft
8833,932,265,None,1735,265,MoveLeft
8834,932,265,None,1728,265,MoveLeft
8835,932,265,None,1721,265,MoveLeft
8836,932,265,None,1714,265,MoveLeft
8837,939,265,MoveRight,1714,265,None
8837,939,265,None,1707,265,MoveLeft
8838,946,265,MoveRight,1707,265,None
8838,946,265,None,1700,265,MoveLeft
8839,953,265,MoveRight,1700,265,None
8839,953,265,None,1693,265,MoveLeft
8840,960,265,MoveRight,1693,265,None
8840,960,265,None,1686,265,MoveLeft
8841,967,265,MoveRight,1686,265,None
8841,967,265,None,1679,265,MoveLeft
8842,974,265,MoveRight,1679,265,None
8842,974,265,None,1672,265,MoveLeft
8843,981,265,MoveRight,1672,265,None
8843,981,265,None,1665,265,MoveLeft
8844,988,265,MoveRight,1665,265,None
8844,988,265,None,1658,265,MoveLeft
8845,995,265,MoveRight,1658,265,None
8845,995,265,None,1651,265,MoveLeft
8846,1002,265,MoveRight,1651,265,None
8846,1002,265,None,1644,265,MoveLeft
8847,1009,265,MoveRight,1644,265,None
8847,1009,265,None,1637,265,MoveLeft
8848,1016,265,MoveRight,1637,265,None
8848,1016,265,None,1630,265,MoveLeft
8849,1023,265,MoveRight,1630,265,None
8849,1023,265,None,1623,265,MoveLeft
8850,1030,265,MoveRight,1623,265,None
8850,1030,265,None,1616,265,MoveLeft
8851,1037,265,MoveRight,1616,265,None
8851,1037,265,None,1609,265,MoveLeft
8852,1044,265,MoveRight,1609,265,None
8852,1044,265,None,1602,265,MoveLeft
8853,1051,265,MoveRight,1602,265,None
8853,1051,265,None,1595,265,MoveLeft
8854,1058,265,MoveRight,1595,265,None
8854,1058,265,None,1588,265,MoveLeft
8855,1065,265,MoveRight,1588,265,None
8855,1065,265,None,1581,265,MoveLeft
8856,1072,265,MoveRight,1581,265,None
8856,1072,265,None,1574,265,MoveLeft
8857,1079,265,MoveRight,1574,265,None
8857,1079,265,None,1567,265,MoveLeft
8858,1086,265,MoveRight,1567,265,None
8858,1086,265,None,1560,265,MoveLeft
8859,1093,265,MoveRight,1560,265,None
8859,1093,265,None,1553,265,MoveLeft
8860,1100,265,MoveRight,1553,265,None
8860,1100,265,None,1546,265,MoveLeft
8861,1107,265,MoveRight,1546,265,None
8861,1107,265,None,1539,265,MoveLeft
8862,1114,265,MoveRight,1539,265,None
8862,1114,265,None,1532,265,MoveLeft
8863,1121,265,MoveRight,1532,265,None
8863,1121,265,None,1525,265,MoveLeft
8864,1128,265,MoveRight,1525,265,None
8864,1128,265,None,1518,265,MoveLeft
8865,1135,265,MoveRight,1518,265,None
8866,1142,265,MoveRight,1518,265,None
8867,1149,265,MoveRight,1518,265,None
8868,1156,265,MoveRight,1518,265,None
8869,1163,265,MoveRight,1518,265,None
8870,1170,265,MoveRight,1518,265,None
8871,1177,265,MoveRight,1518,265,None
8872,1184,265,MoveRight,1518,265,None
8873,1191,265,MoveRight,1518,265,None
8874,1198,265,MoveRight,1518,265,None
8883,1198,284.62,None,1518,265,None
8897,1201.5,431.77,MoveRight,1518,265,None
8898,1205,441.58,MoveRight,1518,265,None
8899,1208.5,451.39,MoveRight,1518,265,None
8900,1212,461.2,MoveRight,1518,265,None
8901,1215.5,471.01,MoveRight,1518,265,None
8902,1219,480.82,MoveRight,1518,265,None
8903,1222.5,490.63,MoveRight,1518,265,None
8904,1226,500.44,MoveRight,1518,265,None
8905,1229.5,510.25,MoveRight,1518,265,None
8906,1233,520.06,MoveRight,1518,265,None
8907,1236.5,529.87,MoveRight,1518,265,None
8908,1240,539.68,MoveRight,1518,265,None
8909,1243.5,549.49,MoveRight,1518,265,None
8910,1247,559.3,MoveRight,1518,265,None
8911,1250.5,569.11,MoveRight,1518,265,None
8912,1254,578.92,MoveRight,1518,265,None
8913,1257.5,569.11,MoveRight,1518,265,None
8914,1261,559.3,MoveRight,1518,265,None
8916,1261,539.68,None,1518,265,None
8917,1257.5,529.87,MoveLeft,1518,265,None
8918,1254,520.06,MoveLeft,1518,265,None
8919,1250.5,510.25,MoveLeft,1518,265,None
8920,1250.5,500.44,None,1518,265,SpikeLight
8920,1247,500.44,MoveLeft,1518,265,None
8920,1247,500.44,None,1518,265,None
8921,1243.5,490.63,MoveLeft,1518,265,None
8922,1240,480.82,MoveLeft,1518,265,None
8923,1236.5,471.01,MoveLeft,1518,265,None
8924,1233,461.2,MoveLeft,1518,265,None
8925,1229.5,451.39,MoveLeft,1518,265,None
8926,1226,441.58,MoveLeft,1518,265,None
8927,1222.5,431.77,MoveLeft,1518,265,None
8928,1219,421.96,MoveLeft,1518,265,None
8929,1215.5,412.15,MoveLeft,1518,265,None
8930,1212,402.34,MoveLeft,1518,265,None
8931,1208.5,392.53,MoveLeft,1518,265,None
8932,1205,382.72,MoveLeft,1518,265,None
8933,1201.5,372.91,MoveLeft,1518,265,None
8934,1198,363.1,MoveLeft,1518,265,None
8935,1194.5,353.29,MoveLeft,1518,265,None
8949,1187.5,265,MoveLeft,1518,265,None
8950,1180.5,265,MoveLeft,1518,265,None
8951,1173.5,265,MoveLeft,1518,265,None
8952,1166.5,265,MoveLeft,1518,265,None
8953,1159.5,265,MoveLeft,1518,265,None
8954,1152.5,265,MoveLeft,1518,265,None
8955,1145.5,265,MoveLeft,1518,265,None
8956,1138.5,265,MoveLeft,1518,265,None
8957,1131.5,265,MoveLeft,1518,265,None
8975,1131.5,284.62,None,1518,265,None
9035,1330,265,None,2410,265,Serve
9035,1330,265,None,2410,265,None
9069,1323,265,MoveLeft,2410,265,None
9070,1316,265,MoveLeft,2410,265,None
9071,1309,265,MoveLeft,2410,265,None
9072,1302,265,MoveLeft,2410,265,None
9073,1295,265,MoveLeft,2410,265,None
9074,1288,265,MoveLeft,2410,265,None
9075,1281,265,MoveLeft,2410,265,None
9076,1274,265,MoveLeft,2410,265,None
9077,1267,265,MoveLeft,2410,265,None
9078,1260,265,MoveLeft,2410,265,None
9079,1253,265,MoveLeft,2410,265,None
9080,1246,265,MoveLeft,2410,265,None
9096,1239,265,MoveLeft,2410,265,None
9097,1232,265,MoveLeft,2410,265,None
9098,1225,265,MoveLeft,2410,265,None
9099,1218,265,MoveLeft,2410,265,None
9100,1211,265,MoveLeft,2410,265,None
9101,1204,265,MoveLeft,2410,265,None
9102,1197,265,MoveLeft,2410,265,None
9103,1190,265,MoveLeft,2410,265,None
9104,1183,265,MoveLeft,2410,265,None
9105,1176,265,MoveLeft,2410,265,None
9106,1169,265,MoveLeft,2410,265,None
9107,1162,265,MoveLeft,2410,265,None
9108,1155,265,MoveLeft,2410,265,None
9109,1148,265,MoveLeft,2410,265,None
9110,1141,265,MoveLeft,2410,265,None
9111,1134,265,MoveLeft,2410,265,None
9112,1323,265,MoveLeft,2410,265,None
9113,1316,265,MoveLeft,2410,265,None
9114,1309,265,MoveLeft,2410,265,None
9115,1302,265,MoveLeft,2410,265,None
9116,1295,265,MoveLeft,2410,265,None
9117,1288,265,MoveLeft,2410,265,None
9132,1281,265,MoveLeft,2410,265,None
9133,1274,265,MoveLeft,2410,265,None
9134,1267,265,MoveLeft,2410,265,None
9135,1260,265,MoveLeft,2410,265,None
9136,1253,265,MoveLeft,2410,265,None
9137,1246,265,MoveLeft,2410,265,None
9138,1239,265,MoveLeft,2410,265,None
9139,1232,265,MoveLeft,2410,265,None
9140,1225,265,MoveLeft,2410,265,None
9141,1218,265,MoveLeft,2410,265,None
9142,1211,265,MoveLeft,2410,265,None
9143,1204,265,MoveLeft,2410,265,None
9144,1197,265,MoveLeft,2410,265,None
9145,1190,265,MoveLeft,2410,265,None
9146,1183,265,MoveLeft,2410,265,None
9147,1176,265,MoveLeft,2410,265,None
9148,1169,265,MoveLeft,2410,265,None
9149,1162,265,MoveLeft,2410,265,None
9150,1155,265,MoveLeft,2410,265,None
9151,1148,265,MoveLeft,2410,265,None
9152,1141,265,MoveLeft,2410,265,None
9153,1134,265,MoveLeft,2410,265,None
9154,1127,265,MoveLeft,2410,265,None
9155,1120,265,MoveLeft,2410,265,None
9156,1113,265,MoveLeft,2410,265,None
9157,1106,265,MoveLeft,2410,265,None
9158,1099,265,MoveLeft,2410,265,None
9159,1092,265,MoveLeft,2410,265,None
9160,1085,265,MoveLeft,2410,265,None
9161,1078,265,MoveLeft,2410,265,None
9162,1078,265,None,2410,265,Serve
9162,1071,265,MoveLeft,2410,265,None
9162,1071,265,None,2410,265,None
9163,1064,265,MoveLeft,2410,265,None
9164,1057,265,MoveLeft,2410,265,None
9165,1050,265,MoveLeft,2410,265,None
9166,1043,265,MoveLeft,2410,265,None
9167,1036,265,MoveLeft,2410,265,None
9168,1029,265,MoveLeft,2410,265,None
9169,1022,265,MoveLeft,2410,265,None
9170,1015,265,MoveLeft,2410,265,None
9171,1008,265,MoveLeft,2410,265,None
9172,1001,265,MoveLeft,2410,265,None
9173,994,265,MoveLeft,2410,265,None
9174,987,265,MoveLeft,2410,265,None
9175,980,265,MoveLeft,2410,265,None
9176,973,265,MoveLeft,2410,265,None
9177,966,265,MoveLeft,2410,265,None
9178,959,265,MoveLeft,2410,265,None
9179,952,265,MoveLeft,2410,265,None
9180,945,265,MoveLeft,2410,265,None
9181,938,265,MoveLeft,2410,265,None
9182,931,265,MoveLeft,2410,265,None
9183,924,265,MoveLeft,2410,265,None
9184,917,265,MoveLeft,2410,265,None
9185,910,265,MoveLeft,2410,265,None
9186,903,265,MoveLeft,2410,265,None
9187,896,265,MoveLeft,2410,265,None
9189,903,265,MoveRight,2410,265,None
9190,910,265,MoveRight,2410,265,None
9191,917,265,MoveRight,2410,265,None
9192,924,265,MoveRight,2410,265,None
9193,931,265,MoveRight,2410,265,None
9194,938,265,MoveRight,2410,265,None
9195,945,265,MoveRight,2410,265,None
9196,952,265,MoveRight,2410,265,None
9197,959,265,MoveRight,2410,265,None
9198,966,265,MoveRight,2410,265,None
9199,973,265,MoveRight,2410,265,None
9228,966,265,MoveLeft,2410,265,None
9229,959,265,MoveLeft,2410,265,None
9230,952,265,MoveLeft,2410,265,None
9231,945,265,MoveLeft,2410,265,None
9232,945,265,Bump,2410,265,None
9232,938,265,MoveLeft,2410,265,None
9233,938,265,None,2403,265,MoveLeft
9234,938,265,None,2396,265,MoveLeft
9235,938,265,None,2389,265,MoveLeft
9236,938,265,None,2382,265,MoveLeft
9237,938,265,None,2375,265,MoveLeft
9238,938,265,None,2368,265,MoveLeft
9239,938,265,None,2361,265,MoveLeft
9240,938,265,None,2354,265,MoveLeft
9241,938,265,None,2347,265,MoveLeft
9242,938,265,None,2340,265,MoveLeft
9243,938,265,None,2333,265,MoveLeft
9244,938,265,None,2326,265,MoveLeft
9245,938,265,None,2319,265,MoveLeft
9246,938,265,None,2312,265,MoveLeft
9247,938,265,None,2305,265,MoveLeft
9248,938,265,None,2298,265,MoveLeft
9249,938,265,None,2291,265,MoveLeft
9250,938,265,None,2284,265,MoveLeft
9251,945,265,MoveRight,2284,265,None
9251,945,265,None,2277,265,MoveLeft
9252,952,265,MoveRight,2277,265,None
9252,952,265,None,2270,265,MoveLeft
9253,959,265,MoveRight,2270,265,None
9253,959,265,None,2263,265,MoveLeft
9254,966,265,MoveRight,2263,265,None
9254,966,265,None,2256,265,MoveLeft
9255,973,265,MoveRight,2256,265,None
9255,973,265,None,2249,265,MoveLeft
9256,980,265,MoveRight,2249,265,None
9256,980,265,None,2242,265,MoveLeft
9257,987,265,MoveRight,2242,265,None
9257,987,265,None,2235,265,MoveLeft
9258,994,265,MoveRight,2235,265,None
9258,994,265,None,2228,265,MoveLeft
9259,1001,265,MoveRight,2228,265,None
9259,1001,265,None,2221,265,MoveLeft
9260,1008,265,MoveRight,2221,265,None
9260,1008,265,None,2214,265,MoveLeft
9261,1015,265,MoveRight,2214,265,None
9261,1015,265,None,2207,265,MoveLeft
9262,1022,265,MoveRight,2207,265,None
9262,1022,265,None,2200,265,MoveLeft
9263,1029,265,MoveRight,2200,265,None
9263,1029,265,None,2193,265,MoveLeft
9264,1036,265,MoveRight,2193,265,None
9264,1036,265,None,2186,265,MoveLeft
9265,1043,265,MoveRight,2186,265,None
9265,1043,265,None,2179,265,MoveLeft
9266,1050,265,MoveRight,2179,265,None
9266,1050,265,None,2172,265,MoveLeft
9267,1057,265,MoveRight,2172,265,None
9267,1057,265,None,2165,265,MoveLeft
9268,1064,265,MoveRight,2165,265,None
9268,1064,265,None,2158,265,MoveLeft
9269,1071,265,MoveRight,2158,265,None
9269,1071,265,None,2151,265,MoveLeft
9270,1078,265,MoveRight,2151,265,None
9270,1078,265,None,2144,265,MoveLeft
9271,1085,265,MoveRight,2144,265,None
9271,1085,265,None,2137,265,MoveLeft
9272,1092,265,MoveRight,2137,265,None
9272,1092,265,None,2130,265,MoveLeft
9273,1099,265,MoveRight,2130,265,None
9273,1099,265,None,2123,265,MoveLeft
9274,1106,265,MoveRight,2123,265,None
9274,1106,265,None,2116,265,MoveLeft
9275,1113,265,MoveRight,2116,265,None
9275,1113,265,None,2109,265,MoveLeft
9276,1120,265,MoveRight,2109,265,None
9276,1120,265,None,2102,265,MoveLeft
9277,1127,265,MoveRight,2102,265,None
9277,1127,265,None,2095,265,MoveLeft
9278,1134,265,MoveRight,2095,265,None
9278,1134,265,None,2088,265,MoveLeft
9279,1141,265,MoveRight,2088,265,None
9279,1141,265,None,2081,265,MoveLeft
9280,1148,265,MoveRight,2081,265,None
9280,1148,265,None,2074,265,MoveLeft
9281,1155,265,MoveRight,2074,265,None
9281,1155,265,None,2067,265,MoveLeft
9282,1162,265,MoveRight,2067,265,None
9282,1162,265,None,2060,265,MoveLeft
9283,1169,265,MoveRight,2060,265,None
9283,1169,265,None,2053,265,MoveLeft
9284,1176,265,MoveRight,2053,265,None
9284,1176,265,None,2046,265,MoveLeft
9285,1183,265,MoveRight,2046,265,None
9285,1183,265,None,2039,265,MoveLeft
9286,1190,265,MoveRight,2039,265,None
9286,1190,265,None,2032,265,MoveLeft
9287,1197,265,MoveRight,2032,265,None
9287,1197,265,None,2025,265,MoveLeft
9288,1204,265,MoveRight,2025,265,None
9288,1204,265,None,2018,265,MoveLeft
9289,1211,265,MoveRight,2018,265,None
9289,1211,265,None,2011,265,MoveLeft
9290,1218,265,MoveRight,2011,265,None
9290,1218,265,None,2004,265,MoveLeft
9291,1225,265,MoveRight,2004,265,None
9291,1225,265,None,1997,265,MoveLeft
9292,1232,265,MoveRight,1997,265,None
9292,1232,265,None,1990,265,MoveLeft
9293,1239,265,MoveRight,1990,265,None
9293,1239,265,None,1983,265,MoveLeft
9294,1246,265,MoveRight,1983,265,None
9294,1246,265,None,1976,265,MoveLeft
9295,1253,265,MoveRight,1976,265,None
9295,1253,265,None,1969,265,MoveLeft
9296,1260,265,MoveRight,1969,265,None
9296,1260,265,None,1962,265,MoveLeft
9297,1267,265,MoveRight,1962,265,None
9297,1267,265,None,1955,265,MoveLeft
9298,1274,265,MoveRight,1955,265,None
9298,1274,265,None,1948,265,MoveLeft
9299,1281,265,MoveRight,1948,265,None
9299,1281,265,None,1941,265,MoveLeft
9300,1288,265,MoveRight,1941,265,None
9300,1288,265,None,1934,265,MoveLeft
9301,1295,265,MoveRight,1934,265,None
9301,1295,265,None,1927,265,MoveLeft
9302,1302,265,MoveRight,1927,265,None
9302,1302,265,None,1920,265,MoveLeft
9303,1309,265,MoveRight,1920,265,None
9303,1309,265,None,1913,265,MoveLeft
9304,1309,265,None,1906,265,MoveLeft
9305,1309,265,None,1899,265,MoveLeft
9306,1309,265,None,1892,265,MoveLeft
9307,1309,265,None,1885,265,MoveLeft
9308,1309,265,None,1878,265,MoveLeft
9309,1309,265,None,1871,265,MoveLeft
9310,1309,265,None,1864,265,MoveLeft
9311,1309,265,None,1857,265,MoveLeft
9312,1309,265,None,1850,265,MoveLeft
9313,1309,265,None,1843,265,MoveLeft
9314,1309,265,None,1836,265,MoveLeft
9315,1309,265,None,1829,265,MoveLeft
9316,1309,265,None,1822,265,MoveLeft
9317,1309,265,None,1815,265,MoveLeft
9318,1309,265,None,1808,265,MoveLeft
9319,1309,265,None,1801,265,MoveLeft
9320,1309,265,None,1794,265,MoveLeft
9321,1309,265,None,1787,265,MoveLeft
9322,1309,265,None,1780,265,MoveLeft
9323,1309,265,None,1773,265,MoveLeft
9324,1309,265,None,1766,265,MoveLeft
9325,1309,265,None,1759,265,MoveLeft
9326,1309,265,None,1752,265,MoveLeft
9327,1309,265,None,1745,265,MoveLeft
9328,1309,265,None,1738,265,MoveLeft
9329,1309,265,None,1731,265,MoveLeft
9330,1309,265,None,1724,265,MoveLeft
9331,1309,265,None,1717,265,MoveLeft
9332,1309,265,None,1710,265,MoveLeft
9340,323,265,MoveLeft,1850,265,None
9341,316,265,MoveLeft,1850,265,None
9342,309,265,MoveLeft,1850,265,None
9343,302,265,MoveLeft,1850,265,None
9344,295,265,MoveLeft,1850,265,None
9345,288,265,MoveLeft,1850,265,None
9346,281,265,MoveLeft,1850,265,None
9347,274,265,MoveLeft,1850,265,None
9348,267,265,MoveLeft,1850,265,None
9349,260,265,MoveLeft,1850,265,None
9350,253,265,MoveLeft,1850,265,None
9351,246,265,MoveLeft,1850,265,None
9352,239,265,MoveLeft,1850,265,None
9353,232,265,MoveLeft,1850,265,None
9362,239,265,MoveRight,1850,265,None
9363,246,265,MoveRight,1850,265,None
9364,253,265,MoveRight,1850,265,None
9365,260,265,MoveRight,1850,265,None
9366,267,265,MoveRight,1850,265,None
9367,274,265,MoveRight,1850,265,None
9368,281,265,MoveRight,1850,265,None
9369,288,265,MoveRight,1850,265,None
9370,295,265,MoveRight,1850,265,None
9371,302,265,MoveRight,1850,265,None
9372,309,265,MoveRight,1850,265,None
9373,316,265,MoveRight,1850,265,None
9374,323,265,MoveRight,1850,265,None
9375,330,265,MoveRight,1850,265,None
9376,337,265,MoveRight,1850,265,None
9377,344,265,MoveRight,1850,265,None
9378,351,265,MoveRight,1850,265,None
9379,358,265,MoveRight,1850,265,None
9380,365,265,MoveRight,1850,265,None
9381,358,265,MoveLeft,1850,265,None
9382,351,265,MoveLeft,1850,265,None
9383,351,265,Bump,1850,265,None
9383,344,265,MoveLeft,1850,265,None
9384,344,265,Bump,1850,265,None
9384,337,265,MoveLeft,1850,265,None
9385,337,265,Bump,1850,265,None
9385,330,265,MoveLeft,1850,265,None
9386,330,265,Bump,1850,265,None
9386,323,265,MoveLeft,1850,265,None
9387,323,265,Bump,1850,265,None
9387,316,265,MoveLeft,1850,265,None
9388,316,265,Bump,1850,265,None
9388,309,265,MoveLeft,1850,265,None
9389,309,265,Bump,1850,265,None
9389,302,265,MoveLeft,1850,265,None
9390,302,265,Bump,1850,265,None
9390,295,265,MoveLeft,1850,265,None
9391,295,265,Bump,1850,265,None
9391,288,265,MoveLeft,1850,265,None
9392,288,265,Bump,1850,265,None
9392,281,265,MoveLeft,1850,265,None
9393,281,265,Bump,1850,265,None
9393,274,265,MoveLeft,1850,265,None
9394,274,265,Bump,1850,265,None
9394,267,265,MoveLeft,1850,265,None
9395,267,265,Bump,1850,265,None
9395,260,265,MoveLeft,1850,265,None
9396,260,265,Bump,1850,265,None
9396,253,265,MoveLeft,1850,265,None
9397,253,265,Bump,1850,265,None
9397,246,265,MoveLeft,1850,265,None
9398,246,265,Bump,1850,265,None
9398,239,265,MoveLeft,1850,265,None
9399,239,265,Bump,1850,265,None
9399,232,265,MoveLeft,1850,265,None
9400,232,265,Bump,1850,265,None
9400,225,265,MoveLeft,1850,265,None
9401,225,265,Bump,1850,265,None
9401,218,265,MoveLeft,1850,265,None
9402,218,265,Bump,1850,265,None
9402,211,265,MoveLeft,1850,265,None
9403,211,265,Bump,1850,265,None
9403,204,265,MoveLeft,1850,265,None
9404,204,265,Bump,1850,265,None
9404,197,265,MoveLeft,1850,265,None
9405,197,265,Bump,1850,265,None
9405,190,265,MoveLeft,1850,265,None
9406,190,265,Bump,1850,265,None
9406,183,265,MoveLeft,1850,265,None
9407,183,265,Bump,1850,265,None
9407,176,265,MoveLeft,1850,265,None
9408,176,265,Bump,1850,265,None
9408,169,265,MoveLeft,1850,265,None
9409,169,265,Bump,1850,265,None
9409,162,265,MoveLeft,1850,265,None
9410,162,265,Bump,1850,265,None
9410,155,265,MoveLeft,1850,265,None
9411,155,265,Bump,1850,265,None
9411,148,265,MoveLeft,1850,265,None
9412,148,265,Bump,1850,265,None
9412,141,265,MoveLeft,1850,265,None
9413,141,265,Bump,1850,265,None
9413,134,265,MoveLeft,1850,265,None
9414,141,265,MoveRight,1850,265,None
9415,148,265,MoveRight,1850,265,None
9416,155,265,MoveRight,1850,265,None
9417,162,265,MoveRight,1850,265,None
9418,169,265,MoveRight,1850,265,None
9419,176,265,MoveRight,1850,265,None
9420,183,265,MoveRight,1850,265,None
9421,190,265,MoveRight,1850,265,None
9422,197,265,MoveRight,1850,265,None
9423,204,265,MoveRight,1850,265,None
9424,211,265,MoveRight,1850,265,None
9425,218,265,MoveRight,1850,265,None
9426,225,265,MoveRight,1850,265,None
9427,232,265,MoveRight,1850,265,None
9428,239,265,MoveRight,1850,265,None
9429,246,265,MoveRight,1850,265,None
9430,246,265,Bump,1850,265,None
9430,239,265,MoveLeft,1850,265,None
9431,239,265,Bump,1850,265,None
9431,232,265,MoveLeft,1850,265,None
9432,232,265,Bump,1850,265,None
9432,225,265,MoveLeft,1850,265,None
9433,225,265,Bump,1850,265,None
9433,218,265,MoveLeft,1850,265,None
9434,218,265,Bump,1850,265,None
9434,211,265,MoveLeft,1850,265,None
9435,211,265,Bump,1850,265,None
9435,204,265,MoveLeft,1850,265,None
9436,204,265,Bump,1850,265,None
9436,197,265,MoveLeft,1850,265,None
9437,197,265,Bump,1850,265,None
9437,190,265,MoveLeft,1850,265,None
9438,190,265,Bump,1850,265,None
9438,183,265,MoveLeft,1850,265,None
9439,183,265,Bump,1850,265,None
9439,176,265,MoveLeft,1850,265,None
9440,176,265,Bump,1850,265,None
9440,169,265,MoveLeft,1850,265,None
9441,169,265,Bump,1850,265,None
9441,162,265,MoveLeft,1850,265,None
9442,162,265,Bump,1850,265,None
9442,155,265,MoveLeft,1850,265,None
9443,155,265,Bump,1850,265,None
9443,148,265,MoveLeft,1850,265,None
9444,148,265,Bump,1850,265,None
9444,141,265,MoveLeft,1850,265,None
9445,141,265,Bump,1850,265,None
9445,134,265,MoveLeft,1850,265,None
9446,134,265,Bump,1850,265,None
9446,127,265,MoveLeft,1850,265,None
9447,127,265,Bump,1850,265,None
9447,120,265,MoveLeft,1850,265,None
9448,120,265,Bump,1850,265,None
9448,113,265,MoveLeft,1850,265,None
9449,113,265,Bump,1850,265,None
9449,106,265,MoveLeft,1850,265,None
9450,106,265,Bump,1850,265,None
9450,99,265,MoveLeft,1850,265,None
9451,99,265,Bump,1850,265,None
9451,92,265,MoveLeft,1850,265,None
9452,92,265,Bump,1850,265,None
9452,85,265,MoveLeft,1850,265,None
9453,85,265,Bump,1850,265,None
9453,78,265,MoveLeft,1850,265,None
9454,85,265,MoveRight,1850,265,None
9455,92,265,MoveRight,1850,265,None
9456,99,265,MoveRight,1850,265,None
9457,106,265,MoveRight,1850,265,None
9458,113,265,MoveRight,1850,265,None
9459,120,265,MoveRight,1850,265,None
9460,127,265,MoveRight,1850,265,None
9461,134,265,MoveRight,1850,265,None
9462,141,265,MoveRight,1850,265,None
9463,148,265,MoveRight,1850,265,None
9464,155,265,MoveRight,1850,265,None
9465,162,265,MoveRight,1850,265,None
9466,169,265,MoveRight,1850,265,None
9467,176,265,MoveRight,1850,265,None
9468,183,265,MoveRight,1850,265,None
9469,190,265,MoveRight,1850,265,None
9470,197,265,MoveRight,1850,265,None
9471,204,265,MoveRight,1850,265,None
9472,211,265,MoveRight,1850,265,None
9473,218,265,MoveRight,1850,265,None
9474,225,265,MoveRight,1850,265,None
9475,232,265,MoveRight,1850,265,None
9476,239,265,MoveRight,1850,265,None
9477,246,265,MoveRight,1850,265,None
9478,253,265,MoveRight,1850,265,None
9479,260,265,MoveRight,1850,265,None
9480,267,265,MoveRight,1850,265,None
9481,274,265,MoveRight,1850,265,None
9482,281,265,MoveRight,1850,265,None
9483,288,265,MoveRight,1850,265,None
9484,295,265,MoveRight,1850,265,None
9485,302,265,MoveRight,1850,265,None
9486,309,265,MoveRight,1850,265,None
9487,316,265,MoveRight,1850,265,None
9488,323,265,MoveRight,1850,265,None
9489,330,265,MoveRight,1850,265,None
9490,337,265,MoveRight,1850,265,None
9491,344,265,MoveRight,1850,265,None
9492,351,265,MoveRight,1850,265,None
9493,358,265,MoveRight,1850,265,None
9494,365,265,MoveRight,1850,265,None
9495,372,265,MoveRight,1850,265,None
9496,379,265,MoveRight,1850,265,None
9497,386,265,MoveRight,1850,265,None
9498,393,265,MoveRight,1850,265,None
9499,400,265,MoveRight,1850,265,None
9500,407,265,MoveRight,1850,265,None
9501,414,265,MoveRight,1850,265,None
9502,421,265,MoveRight,1850,265,None
9503,428,265,MoveRight,1850,265,None
9504,435,265,MoveRight,1850,265,None
9505,442,265,MoveRight,1850,265,None
9506,449,265,MoveRight,1850,265,None
9507,456,265,MoveRight,1850,265,None
9508,463,265,MoveRight,1850,265,None
9509,470,265,MoveRight,1850,265,None
9510,470,265,Bump,1850,265,None
9510,463,265,MoveLeft,1850,265,None
9511,463,265,Bump,1850,265,None
9511,456,265,MoveLeft,1850,265,None
9512,456,265,Bump,1850,265,None
9512,449,265,MoveLeft,1850,265,None
9513,449,265,Bump,1850,265,None
9513,442,265,MoveLeft,1850,265,None
9514,442,265,Bump,1850,265,None
9514,435,265,MoveLeft,1850,265,None
9515,435,265,Bump,1850,265,None
9515,428,265,MoveLeft,1850,265,None
9516,428,265,Bump,1850,265,None
9516,421,265,MoveLeft,1850,265,None
9517,421,265,Bump,1850,265,None
9517,414,265,MoveLeft,1850,265,None
9518,414,265,Bump,1850,265,None
9518,407,265,MoveLeft,1850,265,None
9519,407,265,Bump,1850,265,None
9519,400,265,MoveLeft,1850,265,None
9520,400,265,Bump,1850,265,None
9520,393,265,MoveLeft,1850,265,None
9521,393,265,Bump,1850,265,None
9521,386,265,MoveLeft,1850,265,None
9522,386,265,Bump,1850,265,None
9522,379,265,MoveLeft,1850,265,None
9523,379,265,Bump,1850,265,None
9523,372,265,MoveLeft,1850,265,None
9524,372,265,Bump,1850,265,None
9524,365,265,MoveLeft,1850,265,None
9525,365,265,Bump,1850,265,None
9525,358,265,MoveLeft,1850,265,None
9526,358,265,Bump,1850,265,None
9526,351,265,MoveLeft,1850,265,None
9527,351,265,Bump,1850,265,None
9527,344,265,MoveLeft,1850,265,None
9528,344,265,Bump,1850,265,None
9528,337,265,MoveLeft,1850,265,None
9529,337,265,Bump,1850,265,None
9529,330,265,MoveLeft,1850,265,None
9530,330,265,Bump,1850,265,None
9530,323,265,MoveLeft,1850,265,None
9531,323,265,Bump,1850,265,None
9531,316,265,MoveLeft,1850,265,None
9532,316,265,Bump,1850,265,None
9532,309,265,MoveLeft,1850,265,None
9533,309,265,Bump,1850,265,None
9533,302,265,MoveLeft,1850,265,None
9534,302,265,Bump,1850,265,None
9534,295,265,MoveLeft,1850,265,None
9535,295,265,Bump,1850,265,None
9535,288,265,MoveLeft,1850,265,None
9536,288,265,Bump,1850,265,None
9536,281,265,MoveLeft,1850,265,None
9537,281,265,Bump,1850,265,None
9537,274,265,MoveLeft,1850,265,None
9538,274,265,Bump,1850,265,None
9538,267,265,MoveLeft,1850,265,None
9539,267,265,Bump,1850,265,None
9539,260,265,MoveLeft,1850,265,None
9540,260,265,Bump,1850,265,None
9540,253,265,MoveLeft,1850,265,None
9541,253,265,Bump,1850,265,None
9541,246,265,MoveLeft,1850,265,None
9542,246,265,Bump,1850,265,None
9542,239,265,MoveLeft,1850,265,None
9543,239,265,Bump,1850,265,None
9543,232,265,MoveLeft,1850,265,None
9544,232,265,Bump,1850,265,None
9544,225,265,MoveLeft,1850,265,None
9545,225,265,Bump,1850,265,None
9545,218,265,MoveLeft,1850,265,None
9546,218,265,Bump,1850,265,None
9546,211,265,MoveLeft,1850,265,None
9547,211,265,Bump,1850,265,None
9547,204,265,MoveLeft,1850,265,None
9548,204,265,Bump,1850,265,None
9548,197,265,MoveLeft,1850,265,None
9549,197,265,Bump,1850,265,None
9549,190,265,MoveLeft,1850,265,None
9550,190,265,Bump,1850,265,None
9550,183,265,MoveLeft,1850,265,None
9551,183,265,Bump,1850,265,None
9551,176,265,MoveLeft,1850,265,None
9552,176,265,Bump,1850,265,None
9552,169,265,MoveLeft,1850,265,None
9553,169,265,Bump,1850,265,None
9553,162,265,MoveLeft,1850,265,None
9554,162,265,Bump,1850,265,None
9554,155,265,MoveLeft,1850,265,None
9555,155,265,Bump,1850,265,None
9555,148,265,MoveLeft,1850,265,None
9556,148,265,Bump,1850,265,None
9556,141,265,MoveLeft,1850,265,None
9557,141,265,Bump,1850,265,None
9557,134,265,MoveLeft,1850,265,None
9558,134,265,Bump,1850,265,None
9558,127,265,MoveLeft,1850,265,None
9559,127,265,Bump,1850,265,None
9559,120,265,MoveLeft,1850,265,None
9560,120,265,Bump,1850,265,None
9560,113,265,MoveLeft,1850,265,None
9561,113,265,Bump,1850,265,None
9561,106,265,MoveLeft,1850,265,None
9562,106,265,Bump,1850,265,None
9562,99,265,MoveLeft,1850,265,None
9563,99,265,Bump,1850,265,None
9563,92,265,MoveLeft,1850,265,None
9577,99,265,MoveRight,1850,265,None
9578,106,265,MoveRight,1850,265,None
9579,113,265,MoveRight,1850,265,None
9580,120,265,MoveRight,1850,265,None
9581,127,265,MoveRight,1850,265,None
9582,134,265,MoveRight,1850,265,None
9583,141,265,MoveRight,1850,265,None
9584,148,265,MoveRight,1850,265,None
9585,155,265,MoveRight,1850,265,None
9586,162,265,MoveRight,1850,265,None
9587,169,265,MoveRight,1850,265,None
9588,176,265,MoveRight,1850,265,None
9589,183,265,MoveRight,1850,265,None
9590,190,265,MoveRight,1850,265,None
9591,197,265,MoveRight,1850,265,None
9592,204,265,MoveRight,1850,265,None
9593,211,265,MoveRight,1850,265,None
9594,218,265,MoveRight,1850,265,None
9595,225,265,MoveRight,1850,265,None
9596,232,265,MoveRight,1850,265,None
9597,239,265,MoveRight,1850,265,None
9598,246,265,MoveRight,1850,265,None
9599,253,265,MoveRight,1850,265,None
9600,260,265,MoveRight,1850,265,None
9601,267,265,MoveRight,1850,265,None
9602,274,265,MoveRight,1850,265,None
9603,281,265,MoveRight,1850,265,None
9604,288,265,MoveRight,1850,265,None
9605,295,265,MoveRight,1850,265,None
9606,302,265,MoveRight,1850,265,None
9607,309,265,MoveRight,1850,265,None
9608,316,265,MoveRight,1850,265,None
9609,323,265,MoveRight,1850,265,None
9610,330,265,MoveRight,1850,265,None
9611,337,265,MoveRight,1850,265,None
9612,344,265,MoveRight,1850,265,None
9613,351,265,MoveRight,1850,265,None
9614,358,265,MoveRight,1850,265,None
9615,365,265,MoveRight,1850,265,None
9616,372,265,MoveRight,1850,265,None
9617,379,265,MoveRight,1850,265,None
9618,386,265,MoveRight,1850,265,None
9619,393,265,MoveRight,1850,265,None
9620,400,265,MoveRight,1850,265,None
9621,407,265,MoveRight,1850,265,None
9622,414,265,MoveRight,1850,265,None
9623,421,265,MoveRight,1850,265,None
9624,428,265,MoveRight,1850,265,None
9625,435,265,MoveRight,1850,265,None
9626,442,265,MoveRight,1850,265,None
9627,449,265,MoveRight,1850,265,None
9628,456,265,MoveRight,1850,265,None
9629,463,265,MoveRight,1850,265,None
9630,470,265,MoveRight,1850,265,None
9631,477,265,MoveRight,1850,265,None
9632,484,265,MoveRight,1850,265,None
9633,491,265,MoveRight,1850,265,None
9634,498,265,MoveRight,1850,265,None
9635,505,265,MoveRight,1850,265,None
9636,512,265,MoveRight,1850,265,None
9637,519,265,MoveRight,1850,265,None
9638,526,265,MoveRight,1850,265,None
9639,533,265,MoveRight,1850,265,None
9640,540,265,MoveRight,1850,265,None
9641,547,265,MoveRight,1850,265,None
9642,554,265,MoveRight,1850,265,None
9643,561,265,MoveRight,1850,265,None
9676,561,284.62,None,1850,265,None
9702,561,529.87,Serve,1850,265,None
9702,561,549.49,None,1850,265,None
9703,561,559.3,None,1857,265,MoveRight
9704,561,569.11,None,1864,265,MoveRight
9721,564.5,421.96,MoveRight,1864,265,None
9722,568,412.15,MoveRight,1864,265,None
9723,571.5,402.34,MoveRight,1864,265,None
9724,575,392.53,MoveRight,1864,265,None
9725,578.5,382.72,MoveRight,1864,265,None
9726,582,372.91,MoveRight,1864,265,None
9727,585.5,363.1,MoveRight,1864,265,None
9728,589,353.29,MoveRight,1864,265,None
9729,592.5,343.48,MoveRight,1864,265,None
9730,596,333.67,MoveRight,1864,265,None
9731,599.5,323.86,MoveRight,1864,265,None
9732,603,314.05,MoveRight,1864,265,None
9733,606.5,304.24,MoveRight,1864,265,None
9734,610,294.43,MoveRight,1864,265,None
9735,613.5,284.62,MoveRight,1864,265,None
9736,617,274.81,MoveRight,1864,265,None
9737,624,265,MoveRight,1864,265,None
9738,631,265,MoveRight,1864,265,None
9739,638,265,MoveRight,1864,265,None
9740,645,265,MoveRight,1864,265,None
9741,652,265,MoveRight,1864,265,None
9742,659,265,MoveRight,1864,265,None
9743,666,265,MoveRight,1864,265,None
9744,673,265,MoveRight,1864,265,None
9745,680,265,MoveRight,1864,265,None
9746,687,265,MoveRight,1864,265,None
9747,694,265,MoveRight,1864,265,None
9748,701,265,MoveRight,1864,265,None
9749,708,265,MoveRight,1864,265,None
9750,715,265,MoveRight,1864,265,None
9751,722,265,MoveRight,1864,265,None
9752,729,265,MoveRight,1864,265,None
9753,736,265,MoveRight,1864,265,None
9754,743,265,MoveRight,1864,265,None
9755,750,265,MoveRight,1864,265,None
9756,757,265,MoveRight,1864,265,None
9757,764,265,MoveRight,1864,265,None
9758,771,265,MoveRight,1864,265,None
9759,778,265,MoveRight,1864,265,None
9760,785,265,MoveRight,1864,265,None
9761,792,265,MoveRight,1864,265,None
9762,799,265,MoveRight,1864,265,None
9763,806,265,MoveRight,1864,265,None
9764,806,265,None,1864,265,SpikeMedium
9764,813,265,MoveRight,1864,265,None
9764,813,265,None,1864,265,None
9765,820,265,MoveRight,1864,265,None
9766,827,265,MoveRight,1864,265,None
9767,834,265,MoveRight,1864,265,None
9768,841,265,MoveRight,1864,265,None
9769,848,265,MoveRight,1864,265,None
9770,855,265,MoveRight,1864,265,None
9771,862,265,MoveRight,1864,265,None
9772,869,265,MoveRight,1864,265,None
9773,876,265,MoveRight,1864,265,None
9774,883,265,MoveRight,1864,265,None
9775,890,265,MoveRight,1864,265,None
9776,897,265,MoveRight,1864,265,None
9777,904,265,MoveRight,1864,265,None
9778,911,265,MoveRight,1864,265,None
9779,918,265,MoveRight,1864,265,None
9780,925,265,MoveRight,1864,265,None
9781,932,265,MoveRight,1864,265,None
9782,939,265,MoveRight,1864,265,None
9783,946,265,MoveRight,1864,265,None
9784,953,265,MoveRight,1864,265,None
9785,960,265,MoveRight,1864,265,None
9786,967,265,MoveRight,1864,265,None
9787,967,265,None,1864,265,None
9788,967,265,None,1864,265,None
9789,967,265,None,1864,265,None
9790,967,265,None,1864,265,None
9791,967,265,None,1864,265,None
9792,967,265,None,1864,265,None
9793,967,265,None,1864,265,None
9794,967,265,None,1864,265,None
9795,967,265,None,1864,265,None
9796,967,265,None,1864,265,None
9797,967,265,None,1864,265,None
9798,967,265,None,1864,265,None
9799,967,265,None,1864,265,None
9800,967,265,None,1864,265,None
9801,967,265,None,1864,265,None
9802,967,265,None,1864,265,None
9803,967,265,None,1864,265,None
9804,967,265,None,1864,265,None
9805,967,265,None,1864,265,None
9806,967,265,None,1864,265,None
9807,967,265,None,1864,265,None
9808,967,265,None,1864,265,None
9809,967,265,None,1864,265,None
9810,967,265,None,1864,265,None
9811,967,265,None,1864,265,None
9812,967,265,None,1864,265,None
9813,967,265,None,1864,265,None
9814,967,265,None,1864,265,None
9815,967,265,None,1864,265,None
9816,967,265,None,1864,265,None
9817,967,265,None,1864,265,None
9818,967,265,None,1864,265,None
9819,967,265,None,1864,265,None
9820,967,265,None,1864,265,None
9824,967,265,None,1864,265,None
9825,967,265,None,1864,265,None
9826,967,265,None,1864,265,None
9827,967,265,Bump,1864,265,None
9827,967,265,None,1864,265,None
9828,967,265,None,1857,265,MoveLeft
9829,967,265,None,1850,265,MoveLeft
9830,967,265,None,1843,265,MoveLeft
9831,967,265,None,1836,265,MoveLeft
9832,967,265,None,1829,265,MoveLeft
9833,967,265,None,1822,265,MoveLeft
9834,967,265,None,1815,265,MoveLeft
9835,967,265,None,1808,265,MoveLeft
9836,967,265,None,1801,265,MoveLeft
9837,967,265,None,1794,265,MoveLeft
9838,967,265,None,1787,265,MoveLeft
9839,967,265,None,1780,265,MoveLeft
9840,967,265,None,1773,265,MoveLeft
9841,967,265,None,1766,265,MoveLeft
9842,967,265,None,1759,265,MoveLeft
9843,967,265,None,1752,265,MoveLeft
9844,967,265,None,1745,265,MoveLeft
9845,967,265,None,1738,265,MoveLeft
9846,974,265,MoveRight,1738,265,None
9846,974,265,None,1731,265,MoveLeft
9847,981,265,MoveRight,1731,265,None
9847,981,265,None,1724,265,MoveLeft
9848,988,265,MoveRight,1724,265,None
9848,988,265,None,1717,265,MoveLeft
9849,995,265,MoveRight,1717,265,None
9849,995,265,None,1710,265,MoveLeft
9850,1002,265,MoveRight,1710,265,None
9850,1002,265,None,1703,265,MoveLeft
9851,1009,265,MoveRight,1703,265,None
9851,1009,265,None,1696,265,MoveLeft
9852,1016,265,MoveRight,1696,265,None
9852,1016,265,None,1689,265,MoveLeft
9853,1023,265,MoveRight,1689,265,None
9853,1023,265,None,1682,265,MoveLeft
9854,1023,265,None,1675,265,MoveLeft
9855,1023,265,None,1668,265,MoveLeft
9856,1030,265,MoveRight,1668,265,None
9856,1030,265,None,1661,265,MoveLeft
9857,1037,265,MoveRight,1661,265,None
9857,1037,265,None,1654,265,MoveLeft
9858,1044,265,MoveRight,1654,265,None
9858,1044,265,None,1647,265,MoveLeft
9859,1051,265,MoveRight,1647,265,None
9859,1051,265,None,1640,265,MoveLeft
9860,1058,265,MoveRight,1640,265,None
9860,1058,265,None,1633,265,MoveLeft
9861,1065,265,MoveRight,1633,265,None
9861,1065,265,None,1626,265,MoveLeft
9862,1072,265,MoveRight,1626,265,None
9862,1072,265,None,1619,265,MoveLeft
9863,1079,265,MoveRight,1619,265,None
9863,1079,265,None,1612,265,MoveLeft
9864,1086,265,MoveRight,1612,265,None
9864,1086,265,None,1605,265,MoveLeft
9865,1093,265,MoveRight,1605,265,None
9865,1093,265,None,1598,265,MoveLeft
9866,1100,265,MoveRight,1598,265,None
9866,1100,265,None,1591,265,MoveLeft
9867,1107,265,MoveRight,1591,265,None
9867,1107,265,None,1584,265,MoveLeft
9868,1114,265,MoveRight,1584,265,None
9868,1114,265,None,1577,265,MoveLeft
9869,1121,265,MoveRight,1577,265,None
9869,1121,265,None,1570,265,MoveLeft
9870,1128,265,MoveRight,1570,265,None
9870,1128,265,None,1563,265,MoveLeft
9871,1135,265,MoveRight,1563,265,None
9871,1135,265,None,1556,265,MoveLeft
9872,1142,265,MoveRight,1556,265,None
9872,1142,265,None,1549,265,MoveLeft
9873,1149,265,MoveRight,1549,265,None
9873,1149,265,None,1542,265,MoveLeft
9874,1156,265,MoveRight,1542,265,None
9875,1163,265,MoveRight,1542,265,None
9876,1170,265,MoveRight,1542,265,None
9877,1177,265,MoveRight,1542,265,None
9878,1184,265,MoveRight,1542,265,None
9879,1191,265,MoveRight,1542,265,None
9880,1198,265,MoveRight,1542,265,None
9881,1205,265,MoveRight,1542,265,None
9882,1212,265,MoveRight,1542,265,None
9883,1219,265,MoveRight,1542,265,None
9884,1226,265,MoveRight,1542,265,None
9885,1233,265,MoveRight,1542,265,None
9886,1240,265,MoveRight,1542,265,None
9887,1247,265,MoveRight,1542,265,None
9888,1254,265,MoveRight,1542,265,None
9889,1261,265,MoveRight,1542,265,None
9890,1268,265,MoveRight,1542,265,None
9891,1275,265,MoveRight,1542,265,None
9892,1282,265,MoveRight,1542,265,None
9893,1289,265,MoveRight,1542,265,None
9896,1289,265,None,1542,265,None
9925,1282,265,MoveLeft,1542,265,None
9926,1275,265,MoveLeft,1542,265,None
9927,1268,265,MoveLeft,1542,265,None
9928,1261,265,MoveLeft,1542,265,None
9929,1261,265,None,1542,265,SpikeMedium
9929,1254,265,MoveLeft,1542,265,None
9929,1254,265,None,1542,265,None
9930,1247,265,MoveLeft,1542,265,None
9931,1240,265,MoveLeft,1542,265,None
9932,1233,265,MoveLeft,1542,265,None
9933,1226,265,MoveLeft,1542,265,None
9934,1219,265,MoveLeft,1542,265,None
9935,1212,265,MoveLeft,1542,265,None
9936,1205,265,MoveLeft,1542,265,None
9937,1198,265,MoveLeft,1542,265,None
9938,1191,265,MoveLeft,1542,265,None
9952,1184,265,MoveLeft,1542,265,None
9953,1177,265,MoveLeft,1542,265,None
9954,1170,265,MoveLeft,1542,265,None
9955,1163,265,MoveLeft,1542,265,None
9956,1156,265,MoveLeft,1542,265,None
9957,1149,265,MoveLeft,1542,265,None
9958,1142,265,MoveLeft,1542,265,None
9959,1135,265,MoveLeft,1542,265,None
9960,1128,265,MoveLeft,1542,265,None
9961,1121,265,MoveLeft,1542,265,None
9962,1114,265,MoveLeft,1542,265,None
9963,1107,265,MoveLeft,1542,265,None
9964,1100,265,MoveLeft,1542,265,None
9965,1093,265,MoveLeft,1542,265,None
9966,1086,265,MoveLeft,1542,265,None
9967,1079,265,MoveLeft,1542,265,None
9968,1072,265,MoveLeft,1542,265,None
9969,1065,265,MoveLeft,1542,265,None
9970,1058,265,MoveLeft,1542,265,None
9971,1051,265,MoveLeft,1542,265,None
9972,1044,265,MoveLeft,1542,265,None
9973,1037,265,MoveLeft,1542,265,None
9974,1030,265,MoveLeft,1542,265,None
9975,1023,265,MoveLeft,1542,265,None
9976,1016,265,MoveLeft,1542,265,None
9977,1009,265,MoveLeft,1542,265,None
9978,1002,265,MoveLeft,1542,265,None
9979,995,265,MoveLeft,1542,265,None
9980,988,265,MoveLeft,1542,265,None
9981,981,265,MoveLeft,1542,265,None
9982,974,265,MoveLeft,1542,265,None
9983,967,265,MoveLeft,1542,265,None
9984,960,265,MoveLeft,1542,265,None
9985,953,265,MoveLeft,1542,265,None
9986,946,265,MoveLeft,1542,265,None
9987,939,265,MoveLeft,1542,265,None
9988,932,265,MoveLeft,1542,265,None
9989,925,265,MoveLeft,1542,265,None
9990,918,265,MoveLeft,1542,265,None
9991,911,265,MoveLeft,1542,265,None
9992,904,265,MoveLeft,1542,265,None
9993,897,265,MoveLeft,1542,265,None
9994,890,265,MoveLeft,1542,265,None
9995,883,265,MoveLeft,1542,265,None
9996,876,265,MoveLeft,1542,265,None
9997,869,265,MoveLeft,1542,265,None
9998,323,265,MoveLeft,1850,265,None
9999,316,265,MoveLeft,1850,265,None
10000,309,265,MoveLeft,1850,265,None
10149,316,265,MoveRight,1850,265,None
10150,323,265,MoveRight,1850,265,None
10151,330,265,MoveRight,1850,265,None
10152,337,265,MoveRight,1850,265,None
10153,344,265,MoveRight,1850,265,None
10154,351,265,MoveRight,1850,265,None
10155,358,265,MoveRight,1850,265,None
10156,365,265,MoveRight,1850,265,None
10157,372,265,MoveRight,1850,265,None
10158,379,265,MoveRight,1850,265,None
10159,386,265,MoveRight,1850,265,None
10160,393,265,MoveRight,1850,265,None
10161,400,265,MoveRight,1850,265,None
10162,407,265,MoveRight,1850,265,None
10163,414,265,MoveRight,1850,265,None
10164,421,265,MoveRight,1850,265,None
10165,428,265,MoveRight,1850,265,None
10166,435,265,MoveRight,1850,265,None
10167,442,265,MoveRight,1850,265,None
10168,449,265,MoveRight,1850,265,None
10169,456,265,MoveRight,1850,265,None
10170,463,265,MoveRight,1850,265,None
10171,470,265,MoveRight,1850,265,None
10172,477,265,MoveRight,1850,265,None
10173,484,265,MoveRight,1850,265,None
10190,491,265,MoveRight,1850,265,None
10191,498,265,MoveRight,1850,265,None
10192,505,265,MoveRight,1850,265,None
10193,512,265,MoveRight,1850,265,None
10194,519,265,MoveRight,1850,265,None
10195,526,265,MoveRight,1850,265,None
10196,533,265,MoveRight,1850,265,None
10197,540,265,MoveRight,1850,265,None
10198,547,265,MoveRight,1850,265,None
10199,554,265,MoveRight,1850,265,None
10231,554,284.62,None,1850,265,None
10256,554,520.06,Serve,1850,265,None
10256,554,539.68,None,1850,265,None
10257,554,549.49,None,1857,265,MoveRight
10258,554,559.3,None,1864,265,MoveRight
10275,557.5,431.77,MoveRight,1864,265,None
10276,561,421.96,MoveRight,1864,265,None
10277,564.5,412.15,MoveRight,1864,265,None
10278,568,402.34,MoveRight,1864,265,None
10279,571.5,392.53,MoveRight,1864,265,None
10280,575,382.72,MoveRight,1864,265,None
10281,578.5,372.91,MoveRight,1864,265,None
10282,582,363.1,MoveRight,1864,265,None
10283,585.5,353.29,MoveRight,1864,265,None
10284,589,343.48,MoveRight,1864,265,None
10285,592.5,333.67,MoveRight,1864,265,None
10286,596,323.86,MoveRight,1864,265,None
10287,599.5,314.05,MoveRight,1864,265,None
10288,603,304.24,MoveRight,1864,265,None
10289,606.5,294.43,MoveRight,1864,265,None
10290,610,284.62,MoveRight,1864,265,None
10291,613.5,274.81,MoveRight,1864,265,None
10292,620.5,265,MoveRight,1864,265,None
10293,627.5,265,MoveRight,1864,265,None
10294,634.5,265,MoveRight,1864,265,None
10295,641.5,265,MoveRight,1864,265,None
10296,648.5,265,MoveRight,1864,265,None
10297,655.5,265,MoveRight,1864,265,None
10298,662.5,265,MoveRight,1864,265,None
10299,669.5,265,MoveRight,1864,265,None
10300,676.5,265,MoveRight,1864,265,None
10301,683.5,265,MoveRight,1864,265,None
10302,690.5,265,MoveRight,1864,265,None
10303,697.5,265,MoveRight,1864,265,None
10304,704.5,265,MoveRight,1864,265,None
10305,711.5,265,MoveRight,1864,265,None
10306,718.5,265,MoveRight,1864,265,None
10307,725.5,265,MoveRight,1864,265,None
10308,732.5,265,MoveRight,1864,265,None
10309,739.5,265,MoveRight,1864,265,None
10310,746.5,265,MoveRight,1864,265,None
10311,753.5,265,MoveRight,1864,265,None
10312,760.5,265,MoveRight,1864,265,None
10313,767.5,265,MoveRight,1864,265,None
10314,774.5,265,MoveRight,1864,265,None
10315,781.5,265,MoveRight,1864,265,None
10316,788.5,265,MoveRight,1864,265,None
10317,795.5,265,MoveRight,1864,265,None
10318,802.5,265,MoveRight,1864,265,None
10319,802.5,265,None,1864,265,SpikeMedium
10319,809.5,265,MoveRight,1864,265,None
10319,809.5,265,None,1864,265,None
10320,816.5,265,MoveRight,1864,265,None
10321,823.5,265,MoveRight,1864,265,None
10322,830.5,265,MoveRight,1864,265,None
10323,837.5,265,MoveRight,1864,265,None
10324,844.5,265,MoveRight,1864,265,None
10325,851.5,265,MoveRight,1864,265,None
10326,858.5,265,MoveRight,1864,265,None
10327,865.5,265,MoveRight,1864,265,None
10328,872.5,265,MoveRight,1864,265,None
10329,879.5,265,MoveRight,1864,265,None
10330,886.5,265,MoveRight,1864,265,None
10331,893.5,265,MoveRight,1864,265,None
10332,900.5,265,MoveRight,1864,265,None
10333,907.5,265,MoveRight,1864,265,None
10334,914.5,265,MoveRight,1864,265,None
10335,921.5,265,MoveRight,1864,265,None
10336,928.5,265,MoveRight,1864,265,None
10337,935.5,265,MoveRight,1864,265,None
10338,942.5,265,MoveRight,1864,265,None
10339,949.5,265,MoveRight,1864,265,None
10340,956.5,265,MoveRight,1864,265,None
10341,963.5,265,MoveRight,1864,265,None
10342,970.5,265,MoveRight,1864,265,None
10343,977.5,265,MoveRight,1864,265,None
10369,977.5,265,None,1864,265,None
10370,977.5,265,None,1864,265,None
10371,977.5,265,None,1864,265,None
10372,977.5,265,None,1864,265,None
10373,977.5,265,None,1864,265,None
10374,977.5,265,None,1864,265,None
10375,977.5,265,None,1864,265,None
10376,977.5,265,None,1864,265,None
10377,977.5,265,None,1864,265,None
10378,977.5,265,None,1864,265,None
10379,977.5,265,None,1864,265,None
10380,977.5,265,None,1864,265,None
10381,977.5,265,None,1864,265,None
10382,977.5,265,Bump,1864,265,None
10382,977.5,265,None,1864,265,None
10383,977.5,265,None,1857,265,MoveLeft
10384,977.5,265,None,1850,265,MoveLeft
10385,977.5,265,None,1843,265,MoveLeft
10386,977.5,265,None,1836,265,MoveLeft
10387,977.5,265,None,1829,265,MoveLeft
10388,977.5,265,None,1822,265,MoveLeft
10389,977.5,265,None,1815,265,MoveLeft
10390,977.5,265,None,1808,265,MoveLeft
10391,977.5,265,None,1801,265,MoveLeft
10392,977.5,265,None,1794,265,MoveLeft
10393,977.5,265,None,1787,265,MoveLeft
10394,977.5,265,None,1780,265,MoveLeft
10395,977.5,265,None,1773,265,MoveLeft
10396,977.5,265,None,1766,265,MoveLeft
10397,977.5,265,None,1759,265,MoveLeft
10398,977.5,265,None,1752,265,MoveLeft
10399,977.5,265,None,1745,265,MoveLeft
10400,977.5,265,None,1738,265,MoveLeft
10401,984.5,265,MoveRight,1738,265,None
10401,984.5,265,None,1731,265,MoveLeft
10402,991.5,265,MoveRight,1731,265,None
10402,991.5,265,None,1724,265,MoveLeft
10403,998.5,265,MoveRight,1724,265,None
10403,998.5,265,None,1717,265,MoveLeft
10404,1005.5,265,MoveRight,1717,265,None
10404,1005.5,265,None,1710,265,MoveLeft
10405,1012.5,265,MoveRight,1710,265,None
10405,1012.5,265,None,1703,265,MoveLeft
10406,1019.5,265,MoveRight,1703,265,None
10406,1019.5,265,None,1696,265,MoveLeft
10407,1026.5,265,MoveRight,1696,265,None
10407,1026.5,265,None,1689,265,MoveLeft
10408,1033.5,265,MoveRight,1689,265,None
10408,1033.5,265,None,1682,265,MoveLeft
10409,1040.5,265,MoveRight,1682,265,None
10409,1040.5,265,None,1675,265,MoveLeft
10410,1047.5,265,MoveRight,1675,265,None
10410,1047.5,265,None,1668,265,MoveLeft
10411,1054.5,265,MoveRight,1668,265,None
10411,1054.5,265,None,1661,265,MoveLeft
10412,1061.5,265,MoveRight,1661,265,None
10412,1061.5,265,None,1654,265,MoveLeft
10413,1068.5,265,MoveRight,1654,265,None
10413,1068.5,265,None,1647,265,MoveLeft
10414,1075.5,265,MoveRight,1647,265,None
10414,1075.5,265,None,1640,265,MoveLeft
10415,1082.5,265,MoveRight,1640,265,None
10415,1082.5,265,None,1633,265,MoveLeft
10416,1089.5,265,MoveRight,1633,265,None
10416,1089.5,265,None,1626,265,MoveLeft
10417,1096.5,265,MoveRight,1626,265,None
10417,1096.5,265,None,1619,265,MoveLeft
10418,1103.5,265,MoveRight,1619,265,None
10418,1103.5,265,None,1612,265,MoveLeft
10419,1110.5,265,MoveRight,1612,265,None
10419,1110.5,265,None,1605,265,MoveLeft
10420,1117.5,265,MoveRight,1605,265,None
10420,1117.5,265,None,1598,265,MoveLeft
10421,1124.5,265,MoveRight,1598,265,None
10421,1124.5,265,None,1591,265,MoveLeft
10422,1131.5,265,MoveRight,1591,265,None
10422,1131.5,265,None,1584,265,MoveLeft
10423,1138.5,265,MoveRight,1584,265,None
10423,1138.5,265,None,1577,265,MoveLeft
10424,1145.5,265,MoveRight,1577,265,None
10424,1145.5,265,None,1570,265,MoveLeft
10425,1152.5,265,MoveRight,1570,265,None
10425,1152.5,265,None,1563,265,MoveLeft
10426,1159.5,265,MoveRight,1563,265,None
10426,1159.5,265,None,1556,265,MoveLeft
10427,1166.5,265,MoveRight,1556,265,None
10427,1166.5,265,None,1549,265,MoveLeft
10428,1173.5,265,MoveRight,1549,265,None
10429,1180.5,265,MoveRight,1549,265,None
10430,1187.5,265,MoveRight,1549,265,None
10431,1194.5,265,MoveRight,1549,265,None
10432,1201.5,265,MoveRight,1549,265,None
10433,1208.5,265,MoveRight,1549,265,None
10434,1215.5,265,MoveRight,1549,265,None
10435,1222.5,265,MoveRight,1549,265,None
10436,1229.5,265,MoveRight,1549,265,None
10437,1236.5,265,MoveRight,1549,265,None
10438,1243.5,265,MoveRight,1549,265,None
10439,1250.5,265,MoveRight,1549,265,None
10440,1257.5,265,MoveRight,1549,265,None
10441,1264.5,265,MoveRight,1549,265,None
10457,1257.5,265,MoveLeft,1549,265,None
10458,1250.5,265,MoveLeft,1549,265,None
10459,1243.5,265,MoveLeft,1549,265,None
10460,1236.5,265,MoveLeft,1549,265,None
10461,1229.5,265,MoveLeft,1549,265,None
10462,1222.5,265,MoveLeft,1549,265,None
10463,1215.5,265,MoveLeft,1549,265,None
10464,1208.5,265,MoveLeft,1549,265,None
10465,1201.5,265,MoveLeft,1549,265,None
10466,1194.5,265,MoveLeft,1549,265,None
10467,1187.5,265,MoveLeft,1549,265,None
10468,1180.5,265,MoveLeft,1549,265,None
10469,1173.5,265,MoveLeft,1549,265,None
10470,1166.5,265,MoveLeft,1549,265,None
10471,1159.5,265,MoveLeft,1549,265,None
10472,1152.5,265,MoveLeft,1549,265,None
10473,1145.5,265,MoveLeft,1549,265,None
10474,1138.5,265,MoveLeft,1549,265,None
10475,1131.5,265,MoveLeft,1549,265,None
10476,1124.5,265,MoveLeft,1549,265,None
10477,1117.5,265,MoveLeft,1549,265,None
10478,1110.5,265,MoveLeft,1549,265,None
10479,1103.5,265,MoveLeft,1549,265,None
10480,1096.5,265,MoveLeft,1549,265,None
10481,1089.5,265,MoveLeft,1549,265,None
10482,1082.5,265,MoveLeft,1549,265,None
10483,1082.5,265,None,1549,265,SpikeMedium
10483,1075.5,265,MoveLeft,1549,265,None
10483,1075.5,265,None,1549,265,None
10484,1068.5,265,MoveLeft,1549,265,None
10485,1061.5,265,MoveLeft,1549,265,None
10486,1054.5,265,MoveLeft,1549,265,None
10487,1047.5,265,MoveLeft,1549,265,None
10488,1040.5,265,MoveLeft,1549,265,None
10489,1033.5,265,MoveLeft,1549,265,None
10490,1026.5,265,MoveLeft,1549,265,None
10491,1019.5,265,MoveLeft,1549,265,None
10492,1012.5,265,MoveLeft,1549,265,None
10493,1005.5,265,MoveLeft,1549,265,None
10494,998.5,265,MoveLeft,1549,265,None
10495,991.5,265,MoveLeft,1549,265,None
10496,984.5,265,MoveLeft,1549,265,None
10497,977.5,265,MoveLeft,1549,265,None
10498,970.5,265,MoveLeft,1549,265,None
10499,963.5,265,MoveLeft,1549,265,None
10500,956.5,265,MoveLeft,1549,265,None
10501,949.5,265,MoveLeft,1549,265,None
10502,942.5,265,MoveLeft,1549,265,None
10503,935.5,265,MoveLeft,1549,265,None
10504,928.5,265,MoveLeft,1549,265,None
10505,921.5,265,MoveLeft,1549,265,None
10506,914.5,265,MoveLeft,1549,265,None
10507,907.5,265,MoveLeft,1549,265,None
10508,900.5,265,MoveLeft,1549,265,None
10509,893.5,265,MoveLeft,1549,265,None
10510,886.5,265,MoveLeft,1549,265,None
10511,879.5,265,MoveLeft,1549,265,None
10512,872.5,265,MoveLeft,1549,265,None
10513,865.5,265,MoveLeft,1549,265,None
10514,858.5,265,MoveLeft,1549,265,None
10515,851.5,265,MoveLeft,1549,265,None
10516,844.5,265,MoveLeft,1549,265,None
10517,837.5,265,MoveLeft,1549,265,None
10518,830.5,265,MoveLeft,1549,265,None
10519,823.5,265,MoveLeft,1549,265,None
10520,816.5,265,MoveLeft,1549,265,None
10521,809.5,265,MoveLeft,1549,265,None
10522,802.5,265,MoveLeft,1549,265,None
10523,795.5,265,MoveLeft,1549,265,None
10524,788.5,265,MoveLeft,1549,265,None
10525,781.5,265,MoveLeft,1549,265,None
10526,774.5,265,MoveLeft,1549,265,None
10527,767.5,265,MoveLeft,1549,265,None
10528,760.5,265,MoveLeft,1549,265,None
10529,753.5,265,MoveLeft,1549,265,None
10530,746.5,265,MoveLeft,1549,265,None
10531,739.5,265,MoveLeft,1549,265,None
10532,732.5,265,MoveLeft,1549,265,None
10533,725.5,265,MoveLeft,1549,265,None
10534,718.5,265,MoveLeft,1549,265,None
10535,711.5,265,MoveLeft,1549,265,None
10536,704.5,265,MoveLeft,1549,265,None
10537,697.5,265,MoveLeft,1549,265,None
10538,690.5,265,MoveLeft,1549,265,None
10539,683.5,265,MoveLeft,1549,265,None
10546,683.5,265,Bump,1549,265,None
10546,676.5,265,MoveLeft,1549,265,None
10547,676.5,265,None,1556,265,MoveRight
10548,676.5,265,None,1563,265,MoveRight
10549,676.5,265,None,1570,265,MoveRight
10550,676.5,265,None,1577,265,MoveRight
10551,676.5,265,None,1584,265,MoveRight
10552,676.5,265,None,1591,265,MoveRight
10553,676.5,265,None,1598,265,MoveRight
10554,676.5,265,None,1605,265,MoveRight
10555,676.5,265,None,1612,265,MoveRight
10556,676.5,265,None,1619,265,MoveRight
10557,676.5,265,None,1626,265,MoveRight
10558,676.5,265,None,1633,265,MoveRight
10559,676.5,265,None,1640,265,MoveRight
10560,676.5,265,None,1647,265,MoveRight
10561,676.5,265,None,1654,265,MoveRight
10562,676.5,265,None,1661,265,MoveRight
10563,676.5,265,None,1668,265,MoveRight
10564,676.5,265,None,1675,265,MoveRight
10565,683.5,265,MoveRight,1675,265,None
10565,683.5,265,None,1682,265,MoveRight
10566,690.5,265,MoveRight,1682,265,None
10566,690.5,265,None,1689,265,MoveRight
10567,697.5,265,MoveRight,1689,265,None
10567,697.5,265,None,1696,265,MoveRight
10568,704.5,265,MoveRight,1696,265,None
10568,704.5,265,None,1703,265,MoveRight
10569,711.5,265,MoveRight,1703,265,None
10569,711.5,265,None,1710,265,MoveRight
10570,718.5,265,MoveRight,1710,265,None
10570,718.5,265,None,1717,265,MoveRight
10571,725.5,265,MoveRight,1717,265,None
10571,725.5,265,None,1724,265,MoveRight
10572,732.5,265,MoveRight,1724,265,None
10573,739.5,265,MoveRight,1724,265,None
10574,746.5,265,MoveRight,1724,265,None
10575,753.5,265,MoveRight,1724,265,None
10576,760.5,265,MoveRight,1724,265,None
10577,767.5,265,MoveRight,1724,265,None
10578,774.5,265,MoveRight,1724,265,None
10579,781.5,265,MoveRight,1724,265,None
10580,788.5,265,MoveRight,1724,265,None
10581,795.5,265,MoveRight,1724,265,None
10582,802.5,265,MoveRight,1724,265,None
10583,809.5,265,MoveRight,1724,265,None
10584,816.5,265,MoveRight,1724,265,None
10585,823.5,265,MoveRight,1724,265,None
10586,830.5,265,MoveRight,1724,265,None
10587,837.5,265,MoveRight,1724,265,None
10588,844.5,265,MoveRight,1724,265,None
10589,851.5,265,MoveRight,1724,265,None
10590,858.5,265,MoveRight,1724,265,None
10591,865.5,265,MoveRight,1724,265,None
10592,872.5,265,MoveRight,1724,265,None
10593,879.5,265,MoveRight,1724,265,None
10594,886.5,265,MoveRight,1724,265,None
10595,893.5,265,MoveRight,1724,265,None
10596,900.5,265,MoveRight,1724,265,None
10597,907.5,265,MoveRight,1724,265,None
10598,914.5,265,MoveRight,1724,265,None
10599,921.5,265,MoveRight,1724,265,None
10600,928.5,265,MoveRight,1724,265,None
10601,935.5,265,MoveRight,1724,265,None
10602,942.5,265,MoveRight,1724,265,None
10603,949.5,265,MoveRight,1724,265,None
10604,956.5,265,MoveRight,1724,265,None
10605,963.5,265,MoveRight,1724,265,None
10606,970.5,265,MoveRight,1724,265,None
10607,977.5,265,MoveRight,1724,265,None
10608,984.5,265,MoveRight,1724,265,None
10609,991.5,265,MoveRight,1724,265,None
10610,998.5,265,MoveRight,1724,265,None
10611,1005.5,265,MoveRight,1724,265,None
10612,1012.5,265,MoveRight,1724,265,None
10613,1019.5,265,MoveRight,1724,265,None
10614,1026.5,265,MoveRight,1724,265,None
10615,1033.5,265,MoveRight,1724,265,None
10616,1040.5,265,MoveRight,1724,265,None
10617,1047.5,265,MoveRight,1724,265,None
10618,1054.5,265,MoveRight,1724,265,None
10619,1061.5,265,MoveRight,1724,265,None
10620,1068.5,265,MoveRight,1724,265,None
10621,1075.5,265,MoveRight,1724,265,None
10622,1082.5,265,MoveRight,1724,265,None
10623,1089.5,265,MoveRight,1724,265,None
10624,1096.5,265,MoveRight,1724,265,None
10625,1103.5,265,MoveRight,1724,265,None
10630,1103.5,265,None,1724,265,None
10661,970,265,None,2410,265,None
10700,970,265,None,2410,265,Serve
10700,970,265,None,2410,265,None
10736,963,265,MoveLeft,2410,265,None
10737,956,265,MoveLeft,2410,265,None
10738,949,265,MoveLeft,2410,265,None
10739,942,265,MoveLeft,2410,265,None
10740,935,265,MoveLeft,2410,265,None
10741,928,265,MoveLeft,2410,265,None
10742,921,265,MoveLeft,2410,265,None
10743,914,265,MoveLeft,2410,265,None
10770,907,265,MoveLeft,2410,265,None
10771,907,265,Bump,2410,265,None
10771,900,265,MoveLeft,2410,265,None
10772,900,265,None,2403,265,MoveLeft
10773,900,265,None,2396,265,MoveLeft
10774,900,265,None,2389,265,MoveLeft
10775,900,265,None,2382,265,MoveLeft
10776,900,265,None,2375,265,MoveLeft
10777,900,265,None,2368,265,MoveLeft
10778,900,265,None,2361,265,MoveLeft
10779,900,265,None,2354,265,MoveLeft
10780,900,265,None,2347,265,MoveLeft
10781,900,265,None,2340,265,MoveLeft
10782,900,265,None,2333,265,MoveLeft
10783,900,265,None,2326,265,MoveLeft
10784,900,265,None,2319,265,MoveLeft
10785,900,265,None,2312,265,MoveLeft
10786,900,265,None,2305,265,MoveLeft
10787,900,265,None,2298,265,MoveLeft
10788,900,265,None,2291,265,MoveLeft
10789,900,265,None,2284,265,MoveLeft
10790,907,265,MoveRight,2284,265,None
10790,907,265,None,2277,265,MoveLeft
10791,914,265,MoveRight,2277,265,None
10791,914,265,None,2270,265,MoveLeft
10792,921,265,MoveRight,2270,265,None
10792,921,265,None,2263,265,MoveLeft
10793,928,265,MoveRight,2263,265,None
10793,928,265,None,2256,265,MoveLeft
10794,935,265,MoveRight,2256,265,None
10794,935,265,None,2249,265,MoveLeft
10795,942,265,MoveRight,2249,265,None
10795,942,265,None,2242,265,MoveLeft
10796,949,265,MoveRight,2242,265,None
10796,949,265,None,2235,265,MoveLeft
10797,956,265,MoveRight,2235,265,None
10797,956,265,None,2228,265,MoveLeft
10798,963,265,MoveRight,2228,265,None
10798,963,265,None,2221,265,MoveLeft
10799,970,265,MoveRight,2221,265,None
10799,970,265,None,2214,265,MoveLeft
10800,977,265,MoveRight,2214,265,None
10800,977,265,None,2207,265,MoveLeft
10801,984,265,MoveRight,2207,265,None
10801,984,265,None,2200,265,MoveLeft
10802,991,265,MoveRight,2200,265,None
10802,991,265,None,2193,265,MoveLeft
10803,998,265,MoveRight,2193,265,None
10803,998,265,None,2186,265,MoveLeft
10804,1005,265,MoveRight,2186,265,None
10804,1005,265,None,2179,265,MoveLeft
10805,1012,265,MoveRight,2179,265,None
10805,1012,265,None,2172,265,MoveLeft
10806,1019,265,MoveRight,2172,265,None
10806,1019,265,None,2165,265,MoveLeft
10807,1026,265,MoveRight,2165,265,None
10807,1026,265,None,2158,265,MoveLeft
10808,1033,265,MoveRight,2158,265,None
10808,1033,265,None,2151,265,MoveLeft
10809,1040,265,MoveRight,2151,265,None
10809,1040,265,None,2144,265,MoveLeft
10810,1047,265,MoveRight,2144,265,None
10810,1047,265,None,2137,265,MoveLeft
10811,1054,265,MoveRight,2137,265,None
10811,1054,265,None,2130,265,MoveLeft
10812,1061,265,MoveRight,2130,265,None
10812,1061,265,None,2123,265,MoveLeft
10813,1068,265,MoveRight,2123,265,None
10813,1068,265,None,2116,265,MoveLeft
10814,1075,265,MoveRight,2116,265,None
10814,1075,265,None,2109,265,MoveLeft
10815,1082,265,MoveRight,2109,265,None
10815,1082,265,None,2102,265,MoveLeft
10816,1089,265,MoveRight,2102,265,None
10816,1089,265,None,2095,265,MoveLeft
10817,1096,265,MoveRight,2095,265,None
10817,1096,265,None,2088,265,MoveLeft
10818,1103,265,MoveRight,2088,265,None
10818,1103,265,None,2081,265,MoveLeft
10819,1110,265,MoveRight,2081,265,None
10819,1110,265,None,2074,265,MoveLeft
10820,1117,265,MoveRight,2074,265,None
10820,1117,265,None,2067,265,MoveLeft
10821,1124,265,MoveRight,2067,265,None
10821,1124,265,None,2060,265,MoveLeft
10822,1131,265,MoveRight,2060,265,None
10822,1131,265,None,2053,265,MoveLeft
10823,1138,265,MoveRight,2053,265,None
10823,1138,265,None,2046,265,MoveLeft
10824,1145,265,MoveRight,2046,265,None
10824,1145,265,None,2039,265,MoveLeft
10825,1152,265,MoveRight,2039,265,None
10825,1152,265,None,2032,265,MoveLeft
10826,1159,265,MoveRight,2032,265,None
10826,1159,265,None,2025,265,MoveLeft
10827,1166,265,MoveRight,2025,265,None
10827,1166,265,None,2018,265,MoveLeft
10828,1173,265,MoveRight,2018,265,None
10828,1173,265,None,2011,265,MoveLeft
10829,1180,265,MoveRight,2011,265,None
10829,1180,265,None,2004,265,MoveLeft
10830,1187,265,MoveRight,2004,265,None
10830,1187,265,None,1997,265,MoveLeft
10831,1194,265,MoveRight,1997,265,None
10831,1194,265,None,1990,265,MoveLeft
10832,1201,265,MoveRight,1990,265,None
10832,1201,265,None,1983,265,MoveLeft
10833,1208,265,MoveRight,1983,265,None
10833,1208,265,None,1976,265,MoveLeft
10834,1215,265,MoveRight,1976,265,None
10834,1215,265,None,1969,265,MoveLeft
10835,1222,265,MoveRight,1969,265,None
10835,1222,265,None,1962,265,MoveLeft
10836,1229,265,MoveRight,1962,265,None
10836,1229,265,None,1955,265,MoveLeft
10837,1236,265,MoveRight,1955,265,None
10837,1236,265,None,1948,265,MoveLeft
10838,1243,265,MoveRight,1948,265,None
10838,1243,265,None,1941,265,MoveLeft
10839,1250,265,MoveRight,1941,265,None
10839,1250,265,None,1934,265,MoveLeft
10840,1257,265,MoveRight,1934,265,None
10840,1257,265,None,1927,265,MoveLeft
10841,1264,265,MoveRight,1927,265,None
10841,1264,265,None,1920,265,MoveLeft
10842,1271,265,MoveRight,1920,265,None
10842,1271,265,None,1913,265,MoveLeft
10843,1278,265,MoveRight,1913,265,None
10843,1278,265,None,1906,265,MoveLeft
10844,1285,265,MoveRight,1906,265,None
10844,1285,265,None,1899,265,MoveLeft
10845,1292,265,MoveRight,1899,265,None
10845,1292,265,None,1892,265,MoveLeft
10846,1299,265,MoveRight,1892,265,None
10846,1299,265,None,1885,265,MoveLeft
10847,1306,265,MoveRight,1885,265,None
10847,1306,265,None,1878,265,MoveLeft
10848,1313,265,MoveRight,1878,265,None
10848,1313,265,None,1871,265,MoveLeft
10849,1320,265,MoveRight,1871,265,None
10849,1320,265,None,1864,265,MoveLeft
10850,1326,265,None,1857,265,MoveLeft
10851,1326,265,None,1850,265,MoveLeft
10852,1326,265,None,1843,265,MoveLeft
10853,1326,265,None,1836,265,MoveLeft
10854,1326,265,None,1829,265,MoveLeft
10855,1326,265,None,1822,265,MoveLeft
10856,1326,265,None,1815,265,MoveLeft
10857,1326,265,None,1808,265,MoveLeft
10858,1326,265,None,1801,265,MoveLeft
10859,1326,265,None,1794,265,MoveLeft
10860,1326,265,None,1787,265,MoveLeft
10861,1326,265,None,1780,265,MoveLeft
10862,1326,265,None,1773,265,MoveLeft
10863,1326,265,None,1766,265,MoveLeft
10864,1326,265,None,1759,265,MoveLeft
10865,1326,265,None,1752,265,MoveLeft
10866,1326,265,None,1745,265,MoveLeft
10867,1326,265,None,1738,265,MoveLeft
10868,1326,265,None,1731,265,MoveLeft
10869,1326,265,None,1724,265,MoveLeft
10870,1326,265,None,1717,265,MoveLeft
10871,1326,265,None,1710,265,MoveLeft
10872,1326,265,None,1703,265,MoveLeft
10873,1326,265,None,1696,265,MoveLeft
10880,323,265,MoveLeft,1670,265,None
10881,316,265,MoveLeft,1670,265,None
10882,309,265,MoveLeft,1670,265,None
10883,302,265,MoveLeft,1670,265,None
10884,295,265,MoveLeft,1670,265,None
10885,288,265,MoveLeft,1670,265,None
10886,281,265,MoveLeft,1670,265,None
10887,274,265,MoveLeft,1670,265,None
10888,267,265,MoveLeft,1670,265,None
10889,260,265,MoveLeft,1670,265,None
10890,253,265,MoveLeft,1670,265,None
10891,246,265,MoveLeft,1670,265,None
10892,239,265,MoveLeft,1670,265,None
10893,232,265,MoveLeft,1670,265,None
10894,225,265,MoveLeft,1670,265,None
10895,218,265,MoveLeft,1670,265,None
10905,225,265,MoveRight,1670,265,None
10906,232,265,MoveRight,1670,265,None
10907,239,265,MoveRight,1670,265,None
10908,246,265,MoveRight,1670,265,None
10909,253,265,MoveRight,1670,265,None
10910,260,265,MoveRight,1670,265,None
10911,267,265,MoveRight,1670,265,None
10912,274,265,MoveRight,1670,265,None
10913,281,265,MoveRight,1670,265,None
10914,288,265,MoveRight,1670,265,None
10915,295,265,MoveRight,1670,265,None
10916,302,265,MoveRight,1670,265,None
10917,309,265,MoveRight,1670,265,None
10918,316,265,MoveRight,1670,265,None
10919,323,265,MoveRight,1670,265,None
10920,330,265,MoveRight,1670,265,None
10921,337,265,MoveRight,1670,265,None
10922,344,265,MoveRight,1670,265,None
10923,351,265,MoveRight,1670,265,None
10924,358,265,MoveRight,1670,265,None
10925,365,265,MoveRight,1670,265,None
10926,372,265,MoveRight,1670,265,None
10927,379,265,MoveRight,1670,265,None
10928,386,265,MoveRight,1670,265,None
10929,393,265,MoveRight,1670,265,None
10930,400,265,MoveRight,1670,265,None
10931,407,265,MoveRight,1670,265,None
10932,414,265,MoveRight,1670,265,None
10933,421,265,MoveRight,1670,265,None
10946,428,265,MoveRight,1670,265,None
10947,435,265,MoveRight,1670,265,None
10948,442,265,MoveRight,1670,265,None
10949,449,265,MoveRight,1670,265,None
10950,456,265,MoveRight,1670,265,None
10951,463,265,MoveRight,1670,265,None
10952,470,265,MoveRight,1670,265,None
10953,477,265,MoveRight,1670,265,None
10954,484,265,MoveRight,1670,265,None
10955,491,265,MoveRight,1670,265,None
10956,498,265,MoveRight,1670,265,None
10957,505,265,MoveRight,1670,265,None
10958,512,265,MoveRight,1670,265,None
10966,512,284.62,None,1670,265,None
11004,512,490.63,Serve,1670,265,None
11004,512,490.63,None,1670,265,None
11005,512,480.82,None,1677,265,MoveRight
11006,512,471.01,None,1684,265,MoveRight
11007,512,461.2,None,1691,265,MoveRight
11008,512,451.39,None,1698,265,MoveRight
11009,512,441.58,None,1705,265,MoveRight
11010,512,431.77,None,1712,265,MoveRight
11011,512,421.96,None,1719,265,MoveRight
11012,512,412.15,None,1726,265,MoveRight
11013,512,402.34,None,1733,265,MoveRight
11014,512,392.53,None,1740,265,MoveRight
11015,512,382.72,None,1747,265,MoveRight
11016,512,372.91,None,1754,265,MoveRight
11017,512,363.1,None,1761,265,MoveRight
11018,512,353.29,None,1768,265,MoveRight
11019,512,343.48,None,1775,265,MoveRight
11020,512,333.67,None,1782,265,MoveRight
11021,512,323.86,None,1789,265,MoveRight
11022,512,314.05,None,1796,265,MoveRight
11023,512,304.24,None,1803,265,MoveRight
11024,515.5,294.43,MoveRight,1803,265,None
11024,515.5,294.43,None,1810,265,MoveRight
11025,519,284.62,MoveRight,1810,265,None
11025,519,284.62,None,1817,265,MoveRight
11026,522.5,274.81,MoveRight,1817,265,None
11026,522.5,274.81,None,1824,265,MoveRight
11027,529.5,265,MoveRight,1824,265,None
11027,529.5,265,None,1831,265,MoveRight
11028,536.5,265,MoveRight,1831,265,None
11028,536.5,265,None,1838,265,MoveRight
11029,543.5,265,MoveRight,1838,265,None
11029,543.5,265,None,1845,265,MoveRight
11030,550.5,265,MoveRight,1845,265,None
11030,550.5,265,None,1852,265,MoveRight
11031,557.5,265,MoveRight,1852,265,None
11031,557.5,265,None,1859,265,MoveRight
11032,564.5,265,MoveRight,1859,265,None
11033,571.5,265,MoveRight,1859,265,None
11034,578.5,265,MoveRight,1859,265,None
11035,585.5,265,MoveRight,1859,265,None
11036,592.5,265,MoveRight,1859,265,None
11037,599.5,265,MoveRight,1859,265,None
11038,606.5,265,MoveRight,1859,265,None
11039,613.5,265,MoveRight,1859,265,None
11040,620.5,265,MoveRight,1859,265,None
11041,627.5,265,MoveRight,1859,265,None
11042,634.5,265,MoveRight,1859,265,None
11043,641.5,265,MoveRight,1859,265,None
11044,648.5,265,MoveRight,1859,265,None
11045,655.5,265,MoveRight,1859,265,None
11046,662.5,265,MoveRight,1859,265,None
11047,669.5,265,MoveRight,1859,265,None
11048,676.5,265,MoveRight,1859,265,None
11049,683.5,265,MoveRight,1859,265,None
11050,690.5,265,MoveRight,1859,265,None
11051,697.5,265,MoveRight,1859,265,None
11052,704.5,265,MoveRight,1859,265,None
11053,711.5,265,MoveRight,1859,265,None
11054,718.5,265,MoveRight,1859,265,None
11055,725.5,265,MoveRight,1859,265,None
11056,732.5,265,MoveRight,1859,265,None
11057,739.5,265,MoveRight,1859,265,None
11058,746.5,265,MoveRight,1859,265,None
11059,753.5,265,MoveRight,1859,265,None
11060,760.5,265,MoveRight,1859,265,None
11061,767.5,265,MoveRight,1859,265,None
11062,774.5,265,MoveRight,1859,265,None
11063,781.5,265,MoveRight,1859,265,None
11064,788.5,265,MoveRight,1859,265,None
11065,795.5,265,MoveRight,1859,265,None
11066,802.5,265,MoveRight,1859,265,None
11067,809.5,265,MoveRight,1859,265,None
11068,809.5,265,None,1859,265,SpikeMedium
11068,816.5,265,MoveRight,1859,265,None
11068,816.5,265,None,1859,265,None
11069,823.5,265,MoveRight,1859,265,None
11070,830.5,265,MoveRight,1859,265,None
11071,837.5,265,MoveRight,1859,265,None
11072,844.5,265,MoveRight,1859,265,None
11073,851.5,265,MoveRight,1859,265,None
11074,858.5,265,MoveRight,1859,265,None
11075,865.5,265,MoveRight,1859,265,None
11076,872.5,265,MoveRight,1859,265,None
11077,879.5,265,MoveRight,1859,265,None
11078,886.5,265,MoveRight,1859,265,None
11079,893.5,265,MoveRight,1859,265,None
11080,900.5,265,MoveRight,1859,265,None
11081,907.5,265,MoveRight,1859,265,None
11082,914.5,265,MoveRight,1859,265,None
11083,921.5,265,MoveRight,1859,265,None
11084,928.5,265,MoveRight,1859,265,None
11125,935.5,265,MoveRight,1859,265,None
11126,942.5,265,MoveRight,1859,265,None
11127,949.5,265,MoveRight,1859,265,None
11128,956.5,265,MoveRight,1859,265,None
11129,956.5,265,None,1859,265,None
11130,956.5,265,Bump,1859,265,None
11130,956.5,265,None,1859,265,None
11131,956.5,265,None,1852,265,MoveLeft
11132,956.5,265,None,1845,265,MoveLeft
11133,956.5,265,None,1838,265,MoveLeft
11134,956.5,265,None,1831,265,MoveLeft
11135,956.5,265,None,1824,265,MoveLeft
11136,956.5,265,None,1817,265,MoveLeft
11137,956.5,265,None,1810,265,MoveLeft
11138,956.5,265,None,1803,265,MoveLeft
11139,956.5,265,None,1796,265,MoveLeft
11140,956.5,265,None,1789,265,MoveLeft
11141,956.5,265,None,1782,265,MoveLeft
11142,956.5,265,None,1775,265,MoveLeft
11143,956.5,265,None,1768,265,MoveLeft
11144,956.5,265,None,1761,265,MoveLeft
11145,956.5,265,None,1754,265,MoveLeft
11146,956.5,265,None,1747,265,MoveLeft
11147,956.5,265,None,1740,265,MoveLeft
11148,956.5,265,None,1733,265,MoveLeft
11149,963.5,265,MoveRight,1733,265,None
11149,963.5,265,None,1726,265,MoveLeft
11150,970.5,265,MoveRight,1726,265,None
11150,970.5,265,None,1719,265,MoveLeft
11151,977.5,265,MoveRight,1719,265,None
11151,977.5,265,None,1712,265,MoveLeft
11152,984.5,265,MoveRight,1712,265,None
11152,984.5,265,None,1705,265,MoveLeft
11153,991.5,265,MoveRight,1705,265,None
11153,991.5,265,None,1698,265,MoveLeft
11154,998.5,265,MoveRight,1698,265,None
11154,998.5,265,None,1691,265,MoveLeft
11155,1005.5,265,MoveRight,1691,265,None
11155,1005.5,265,None,1684,265,MoveLeft
11156,1012.5,265,MoveRight,1684,265,None
11156,1012.5,265,None,1677,265,MoveLeft
11157,1019.5,265,MoveRight,1677,265,None
11157,1019.5,265,None,1670,265,MoveLeft
11158,1026.5,265,MoveRight,1670,265,None
11158,1026.5,265,None,1663,265,MoveLeft
11159,1033.5,265,MoveRight,1663,265,None
11159,1033.5,265,None,1656,265,MoveLeft
11160,1040.5,265,MoveRight,1656,265,None
11160,1040.5,265,None,1649,265,MoveLeft
11161,1047.5,265,MoveRight,1649,265,None
11161,1047.5,265,None,1642,265,MoveLeft
11162,1054.5,265,MoveRight,1642,265,None
11162,1054.5,265,None,1635,265,MoveLeft
11163,1061.5,265,MoveRight,1635,265,None
11163,1061.5,265,None,1628,265,MoveLeft
11164,1068.5,265,MoveRight,1628,265,None
11164,1068.5,265,None,1621,265,MoveLeft
11165,1075.5,265,MoveRight,1621,265,None
11165,1075.5,265,None,1614,265,MoveLeft
11166,1082.5,265,MoveRight,1614,265,None
11166,1082.5,265,None,1607,265,MoveLeft
11167,1089.5,265,MoveRight,1607,265,None
11167,1089.5,265,None,1600,265,MoveLeft
11168,1096.5,265,MoveRight,1600,265,None
11168,1096.5,265,None,1593,265,MoveLeft
11169,1103.5,265,MoveRight,1593,265,None
11169,1103.5,265,None,1586,265,MoveLeft
11170,1110.5,265,MoveRight,1586,265,None
11170,1110.5,265,None,1579,265,MoveLeft
11171,1117.5,265,MoveRight,1579,265,None
11171,1117.5,265,None,1572,265,MoveLeft
11172,1124.5,265,MoveRight,1572,265,None
11172,1124.5,265,None,1565,265,MoveLeft
11173,1131.5,265,MoveRight,1565,265,None
11173,1131.5,265,None,1558,265,MoveLeft
11174,1138.5,265,MoveRight,1558,265,None
11174,1138.5,265,None,1551,265,MoveLeft
11175,1145.5,265,MoveRight,1551,265,None
11175,1145.5,265,None,1544,265,MoveLeft
11176,1152.5,265,MoveRight,1544,265,None
11176,1152.5,265,None,1537,265,MoveLeft
11177,1159.5,265,MoveRight,1537,265,None
11178,1166.5,265,MoveRight,1537,265,None
11179,1173.5,265,MoveRight,1537,265,None
11180,1180.5,265,MoveRight,1537,265,None
11181,1187.5,265,MoveRight,1537,265,None
11182,1194.5,265,MoveRight,1537,265,None
11183,1201.5,265,MoveRight,1537,265,None
11184,1208.5,265,MoveRight,1537,265,None
11185,1215.5,265,MoveRight,1537,265,None
11186,1222.5,265,MoveRight,1537,265,None
11187,1229.5,265,MoveRight,1537,265,None
11188,1236.5,265,MoveRight,1537,265,None
11189,1243.5,265,MoveRight,1537,265,None
11190,1250.5,265,MoveRight,1537,265,None
11191,1257.5,265,MoveRight,1537,265,None
11201,1250.5,265,MoveLeft,1537,265,None
11202,1243.5,265,MoveLeft,1537,265,None
11203,1236.5,265,MoveLeft,1537,265,None
11204,1229.5,265,MoveLeft,1537,265,None
11205,1222.5,265,MoveLeft,1537,265,None
11206,1215.5,265,MoveLeft,1537,265,None
11207,1208.5,265,MoveLeft,1537,265,None
11208,1201.5,265,MoveLeft,1537,265,None
11209,1194.5,265,MoveLeft,1537,265,None
11210,1187.5,265,MoveLeft,1537,265,None
11211,1180.5,265,MoveLeft,1537,265,None
11212,1173.5,265,MoveLeft,1537,265,None
11213,1166.5,265,MoveLeft,1537,265,None
11214,1159.5,265,MoveLeft,1537,265,None
11215,1152.5,265,MoveLeft,1537,265,None
11216,1145.5,265,MoveLeft,1537,265,None
11217,1138.5,265,MoveLeft,1537,265,None
11218,1131.5,265,MoveLeft,1537,265,None
11219,1124.5,265,MoveLeft,1537,265,None
11220,1117.5,265,MoveLeft,1537,265,None
11221,1110.5,265,MoveLeft,1537,265,None
11222,1103.5,265,MoveLeft,1537,265,None
11223,1096.5,265,MoveLeft,1537,265,None
11224,1089.5,265,MoveLeft,1537,265,None
11225,1082.5,265,MoveLeft,1537,265,None
11226,1075.5,265,MoveLeft,1537,265,None
11227,1068.5,265,MoveLeft,1537,265,None
11228,1061.5,265,MoveLeft,1537,265,None
11229,1054.5,265,MoveLeft,1537,265,None
11230,1047.5,265,MoveLeft,1537,265,None
11231,1047.5,265,None,1537,265,SpikeLight
11231,1040.5,265,MoveLeft,1537,265,None
11231,1040.5,265,None,1537,265,None
11232,1033.5,265,MoveLeft,1537,265,None
11233,1026.5,265,MoveLeft,1537,265,None
11234,1019.5,265,MoveLeft,1537,265,None
11235,1012.5,265,MoveLeft,1537,265,None
11236,1005.5,265,MoveLeft,1537,265,None
11237,998.5,265,MoveLeft,1537,265,None
11238,991.5,265,MoveLeft,1537,265,None
11239,984.5,265,MoveLeft,1537,265,None
11240,977.5,265,MoveLeft,1537,265,None
11241,970.5,265,MoveLeft,1537,265,None
11242,963.5,265,MoveLeft,1537,265,None
11243,956.5,265,MoveLeft,1537,265,None
11244,949.5,265,MoveLeft,1537,265,None
11245,942.5,265,MoveLeft,1537,265,None
11246,935.5,265,MoveLeft,1537,265,None
11247,928.5,265,MoveLeft,1537,265,None
11248,921.5,265,MoveLeft,1537,265,None
11249,914.5,265,MoveLeft,1537,265,None
11250,907.5,265,MoveLeft,1537,265,None
11251,900.5,265,MoveLeft,1537,265,None
11252,893.5,265,MoveLeft,1537,265,None
11253,886.5,265,MoveLeft,1537,265,None
11254,879.5,265,MoveLeft,1537,265,None
11255,872.5,265,MoveLeft,1537,265,None
11256,865.5,265,MoveLeft,1537,265,None
11257,858.5,265,MoveLeft,1537,265,None
11260,865.5,265,MoveRight,1537,265,None
11261,872.5,265,MoveRight,1537,265,None
11262,879.5,265,MoveRight,1537,265,None
11263,886.5,265,MoveRight,1537,265,None
11264,893.5,265,MoveRight,1537,265,None
11265,900.5,265,MoveRight,1537,265,None
11266,907.5,265,MoveRight,1537,265,None
11267,914.5,265,MoveRight,1537,265,None
11268,921.5,265,MoveRight,1537,265,None
11269,928.5,265,MoveRight,1537,265,None
11270,935.5,265,MoveRight,1537,265,None
11271,942.5,265,MoveRight,1537,265,None
11272,949.5,265,MoveRight,1537,265,None
11273,956.5,265,MoveRight,1537,265,None
11274,963.5,265,MoveRight,1537,265,None
11275,970.5,265,MoveRight,1537,265,None
11276,977.5,265,MoveRight,1537,265,None
11277,984.5,265,MoveRight,1537,265,None
11278,991.5,265,MoveRight,1537,265,None
11279,998.5,265,MoveRight,1537,265,None
11280,1005.5,265,MoveRight,1537,265,None
11281,1012.5,265,MoveRight,1537,265,None
11282,1019.5,265,MoveRight,1537,265,None
11283,1026.5,265,MoveRight,1537,265,None
11284,1033.5,265,MoveRight,1537,265,None
11285,1040.5,265,MoveRight,1537,265,None
11286,1047.5,265,MoveRight,1537,265,None
11287,1054.5,265,MoveRight,1537,265,None
11288,1061.5,265,MoveRight,1537,265,None
11289,1068.5,265,MoveRight,1537,265,None
11290,1075.5,265,MoveRight,1537,265,None
11291,1082.5,265,MoveRight,1537,265,None
11292,1089.5,265,MoveRight,1537,265,None
11293,1096.5,265,MoveRight,1537,265,None
11294,1103.5,265,MoveRight,1537,265,None
11295,1110.5,265,MoveRight,1537,265,None
11296,1150,265,Bump,2410,265,None
11296,1143,265,MoveLeft,2410,265,None
11297,1143,265,Bump,2410,265,None
11297,1150,265,MoveRight,2410,265,None
11298,1150,265,Bump,2410,265,None
11298,1157,265,MoveRight,2410,265,None
11299,1157,265,Bump,2410,265,None
11299,1164,265,MoveRight,2410,265,None
11300,1164,265,Bump,2410,265,None
11300,1171,265,MoveRight,2410,265,None
11301,1171,265,Bump,2410,265,None
11301,1178,265,MoveRight,2410,265,None
11302,1178,265,Bump,2410,265,None
11302,1185,265,MoveRight,2410,265,None
11303,1192,265,MoveRight,2410,265,None
11304,1199,265,MoveRight,2410,265,None
11305,1206,265,MoveRight,2410,265,None
11306,1213,265,MoveRight,2410,265,None
11307,1220,265,MoveRight,2410,265,None
11308,1227,265,MoveRight,2410,265,None
11309,1234,265,MoveRight,2410,265,None
11310,1241,265,MoveRight,2410,265,None
11311,1248,265,MoveRight,2410,265,None
11312,1255,265,MoveRight,2410,265,None
11313,1262,265,MoveRight,2410,265,None
11329,1255,265,MoveLeft,2410,265,None
11330,1248,265,MoveLeft,2410,265,None
11331,1241,265,MoveLeft,2410,265,None
11332,1234,265,MoveLeft,2410,265,None
11333,1227,265,MoveLeft,2410,265,None
11334,1220,265,MoveLeft,2410,265,None
11335,1213,265,MoveLeft,2410,265,None
11336,1206,265,MoveLeft,2410,265,None
11337,1199,265,MoveLeft,2410,265,None
11338,1192,265,MoveLeft,2410,265,None
11339,1185,265,MoveLeft,2410,265,None
11340,1178,265,MoveLeft,2410,265,None
11341,1171,265,MoveLeft,2410,265,None
11342,1164,265,MoveLeft,2410,265,None
11343,1157,265,MoveLeft,2410,265,None
11346,1157,265,None,2410,265,Serve
11346,1157,265,None,2410,265,None
11391,1150,265,MoveLeft,2410,265,None
11392,1143,265,MoveLeft,2410,265,None
11393,1136,265,MoveLeft,2410,265,None
11394,1129,265,MoveLeft,2410,265,None
11395,1122,265,MoveLeft,2410,265,None
11396,1115,265,MoveLeft,2410,265,None
11397,1108,265,MoveLeft,2410,265,None
11398,1101,265,MoveLeft,2410,265,None
11399,1094,265,MoveLeft,2410,265,None
11400,1087,265,MoveLeft,2410,265,None
11401,1080,265,MoveLeft,2410,265,None
11402,1073,265,MoveLeft,2410,265,None
11403,1066,265,MoveLeft,2410,265,None
11404,1059,265,MoveLeft,2410,265,None
11405,1052,265,MoveLeft,2410,265,None
11406,1045,265,MoveLeft,2410,265,None
11407,1038,265,MoveLeft,2410,265,None
11408,1031,265,MoveLeft,2410,265,None
11409,1024,265,MoveLeft,2410,265,None
11410,1017,265,MoveLeft,2410,265,None
11411,1010,265,MoveLeft,2410,265,None
11412,1003,265,MoveLeft,2410,265,None
11413,996,265,MoveLeft,2410,265,None
11414,989,265,MoveLeft,2410,265,None
11415,982,265,MoveLeft,2410,265,None
11416,982,265,Bump,2410,265,None
11416,975,265,MoveLeft,2410,265,None
11417,975,265,None,2403,265,MoveLeft
11418,975,265,None,2396,265,MoveLeft
11419,975,265,None,2389,265,MoveLeft
11420,975,265,None,2382,265,MoveLeft
11421,975,265,None,2375,265,MoveLeft
11422,975,265,None,2368,265,MoveLeft
11423,975,265,None,2361,265,MoveLeft
11424,975,265,None,2354,265,MoveLeft
11425,975,265,None,2347,265,MoveLeft
11426,975,265,None,2340,265,MoveLeft
11427,975,265,None,2333,265,MoveLeft
11428,975,265,None,2326,265,MoveLeft
11429,975,265,None,2319,265,MoveLeft
11430,975,265,None,2312,265,MoveLeft
11431,975,265,None,2305,265,MoveLeft
11432,975,265,None,2298,265,MoveLeft
11433,975,265,None,2291,265,MoveLeft
11434,975,265,None,2284,265,MoveLeft
11435,982,265,MoveRight,2284,265,None
11435,982,265,None,2277,265,MoveLeft
11436,989,265,MoveRight,2277,265,None
11436,989,265,None,2270,265,MoveLeft
11437,989,265,None,2263,265,MoveLeft
11438,989,265,None,2256,265,MoveLeft
11439,989,265,None,2249,265,MoveLeft
11440,989,265,None,2242,265,MoveLeft
11441,989,265,None,2235,265,MoveLeft
11442,996,265,MoveRight,2235,265,None
11442,996,265,None,2228,265,MoveLeft
11443,1003,265,MoveRight,2228,265,None
11443,1003,265,None,2221,265,MoveLeft
11444,1010,265,MoveRight,2221,265,None
11444,1010,265,None,2214,265,MoveLeft
11445,1017,265,MoveRight,2214,265,None
11445,1017,265,None,2207,265,MoveLeft
11446,1024,265,MoveRight,2207,265,None
11446,1024,265,None,2200,265,MoveLeft
11447,1031,265,MoveRight,2200,265,None
11447,1031,265,None,2193,265,MoveLeft
11448,1038,265,MoveRight,2193,265,None
11448,1038,265,None,2186,265,MoveLeft
11449,1045,265,MoveRight,2186,265,None
11449,1045,265,None,2179,265,MoveLeft
11450,1052,265,MoveRight,2179,265,None
11450,1052,265,None,2172,265,MoveLeft
11451,1059,265,MoveRight,2172,265,None
11451,1059,265,None,2165,265,MoveLeft
11452,1066,265,MoveRight,2165,265,None
11452,1066,265,None,2158,265,MoveLeft
11453,1073,265,MoveRight,2158,265,None
11453,1073,265,None,2151,265,MoveLeft
11454,1080,265,MoveRight,2151,265,None
11454,1080,265,None,2144,265,MoveLeft
11455,1087,265,MoveRight,2144,265,None
11455,1087,265,None,2137,265,MoveLeft
11456,1094,265,MoveRight,2137,265,None
11456,1094,265,None,2130,265,MoveLeft
11457,1101,265,MoveRight,2130,265,None
11457,1101,265,None,2123,265,MoveLeft
11458,1108,265,MoveRight,2123,265,None
11458,1108,265,None,2116,265,MoveLeft
11459,1115,265,MoveRight,2116,265,None
11459,1115,265,None,2109,265,MoveLeft
11460,1122,265,MoveRight,2109,265,None
11460,1122,265,None,2102,265,MoveLeft
11461,1129,265,MoveRight,2102,265,None
11461,1129,265,None,2095,265,MoveLeft
11462,1136,265,MoveRight,2095,265,None
11462,1136,265,None,2088,265,MoveLeft
11463,1143,265,MoveRight,2088,265,None
11463,1143,265,None,2081,265,MoveLeft
11464,1150,265,MoveRight,2081,265,None
11464,1150,265,None,2074,265,MoveLeft
11465,1157,265,MoveRight,2074,265,None
11465,1157,265,None,2067,265,MoveLeft
11466,1164,265,MoveRight,2067,265,None
11466,1164,265,None,2060,265,MoveLeft
11467,1171,265,MoveRight,2060,265,None
11467,1171,265,None,2053,265,MoveLeft
11468,1178,265,MoveRight,2053,265,None
11468,1178,265,None,2046,265,MoveLeft
11469,1185,265,MoveRight,2046,265,None
11469,1185,265,None,2039,265,MoveLeft
11470,1192,265,MoveRight,2039,265,None
11470,1192,265,None,2032,265,MoveLeft
11471,1199,265,MoveRight,2032,265,None
11471,1199,265,None,2025,265,MoveLeft
11472,1206,265,MoveRight,2025,265,None
11472,1206,265,None,2018,265,MoveLeft
11473,1213,265,MoveRight,2018,265,None
11473,1213,265,None,2011,265,MoveLeft
11474,1220,265,MoveRight,2011,265,None
11474,1220,265,None,2004,265,MoveLeft
11475,1227,265,MoveRight,2004,265,None
11475,1227,265,None,1997,265,MoveLeft
11476,1234,265,MoveRight,1997,265,None
11476,1234,265,None,1990,265,MoveLeft
11477,1241,265,MoveRight,1990,265,None
11477,1241,265,None,1983,265,MoveLeft
11478,1248,265,MoveRight,1983,265,None
11478,1248,265,None,1976,265,MoveLeft
11479,1255,265,MoveRight,1976,265,None
11479,1255,265,None,1969,265,MoveLeft
11480,1262,265,MoveRight,1969,265,None
11480,1262,265,None,1962,265,MoveLeft
11481,1269,265,MoveRight,1962,265,None
11481,1269,265,None,1955,265,MoveLeft
11482,1276,265,MoveRight,1955,265,None
11482,1276,265,None,1948,265,MoveLeft
11483,1283,265,MoveRight,1948,265,None
11483,1283,265,None,1941,265,MoveLeft
11484,1290,265,MoveRight,1941,265,None
11484,1290,265,None,1934,265,MoveLeft
11485,1297,265,MoveRight,1934,265,None
11485,1297,265,None,1927,265,MoveLeft
11486,1304,265,MoveRight,1927,265,None
11486,1304,265,None,1920,265,MoveLeft
11487,1311,265,MoveRight,1920,265,None
11487,1311,265,None,1913,265,MoveLeft
11488,1318,265,MoveRight,1913,265,None
11488,1318,265,None,1906,265,MoveLeft
11489,1325,265,MoveRight,1906,265,None
11489,1325,265,None,1899,265,MoveLeft
11490,1325,265,None,1892,265,MoveLeft
11491,1325,265,None,1885,265,MoveLeft
11492,1325,265,None,1878,265,MoveLeft
11493,1325,265,None,1871,265,MoveLeft
11494,1325,265,None,1864,265,MoveLeft
11495,1318,265,MoveLeft,1864,265,None
11495,1318,265,None,1857,265,MoveLeft
11496,1311,265,MoveLeft,1857,265,None
11496,1311,265,None,1850,265,MoveLeft
11497,1304,265,MoveLeft,1850,265,None
11497,1304,265,None,1843,265,MoveLeft
11498,1297,265,MoveLeft,1843,265,None
11498,1297,265,None,1836,265,MoveLeft
11499,1290,265,MoveLeft,1836,265,None
11499,1290,265,None,1829,265,MoveLeft
11500,1283,265,MoveLeft,1829,265,None
11500,1283,265,None,1822,265,MoveLeft
11501,1276,265,MoveLeft,1822,265,None
11501,1276,265,None,1815,265,MoveLeft
11502,1269,265,MoveLeft,1815,265,None
11502,1269,265,None,1808,265,MoveLeft
11503,1262,265,MoveLeft,1808,265,None
11503,1262,265,None,1801,265,MoveLeft
11504,1255,265,MoveLeft,1801,265,None
11504,1255,265,None,1794,265,MoveLeft
11505,1248,265,MoveLeft,1794,265,None
11505,1248,265,None,1787,265,MoveLeft
11506,1241,265,MoveLeft,1787,265,None
11506,1241,265,None,1780,265,MoveLeft
11507,1234,265,MoveLeft,1780,265,None
11507,1234,265,None,1773,265,MoveLeft
11508,1227,265,MoveLeft,1773,265,None
11508,1227,265,None,1766,265,MoveLeft
11509,1220,265,MoveLeft,1766,265,None
11509,1220,265,None,1759,265,MoveLeft
11510,1213,265,MoveLeft,1759,265,None
11510,1213,265,None,1752,265,MoveLeft
11511,1206,265,MoveLeft,1752,265,None
11511,1206,265,None,1745,265,MoveLeft
11512,1199,265,MoveLeft,1745,265,None
11512,1199,265,None,1738,265,MoveLeft
11513,1192,265,MoveLeft,1738,265,None
11513,1192,265,None,1731,265,MoveLeft
11514,1185,265,MoveLeft,1731,265,None
11514,1185,265,None,1724,265,MoveLeft
11515,1178,265,MoveLeft,1724,265,None
11515,1178,265,None,1717,265,MoveLeft
11516,1171,265,MoveLeft,1717,265,None
11516,1171,265,None,1710,265,MoveLeft
11517,323,265,MoveLeft,1490,265,None
11518,316,265,MoveLeft,1490,265,None
11519,309,265,MoveLeft,1490,265,None
11520,302,265,MoveLeft,1490,265,None
11521,295,265,MoveLeft,1490,265,None
11522,288,265,MoveLeft,1490,265,None
11523,281,265,MoveLeft,1490,265,None
11524,274,265,MoveLeft,1490,265,None
11525,267,265,MoveLeft,1490,265,None
11526,260,265,MoveLeft,1490,265,None
11541,267,265,MoveRight,1490,265,None
11542,274,265,MoveRight,1490,265,None
11543,281,265,MoveRight,1490,265,None
11544,288,265,MoveRight,1490,265,None
11545,295,265,MoveRight,1490,265,None
11546,302,265,MoveRight,1490,265,None
11547,309,265,MoveRight,1490,265,None
11548,316,265,MoveRight,1490,265,None
11549,323,265,MoveRight,1490,265,None
11550,330,265,MoveRight,1490,265,None
11551,337,265,MoveRight,1490,265,None
11552,344,265,MoveRight,1490,265,None
11553,351,265,MoveRight,1490,265,None
11554,358,265,MoveRight,1490,265,None
11555,365,265,MoveRight,1490,265,None
11556,372,265,MoveRight,1490,265,None
11557,379,265,MoveRight,1490,265,None
11558,386,265,MoveRight,1490,265,None
11559,393,265,MoveRight,1490,265,None
11560,400,265,MoveRight,1490,265,None
11600,407,265,MoveRight,1490,265,None
11601,414,265,MoveRight,1490,265,None
11602,421,265,MoveRight,1490,265,None
11603,428,265,MoveRight,1490,265,None
11604,435,265,MoveRight,1490,265,None
11605,442,265,MoveRight,1490,265,None
11606,449,265,MoveRight,1490,265,None
11607,456,265,MoveRight,1490,265,None
11608,463,265,MoveRight,1490,265,None
11609,470,265,MoveRight,1490,265,None
11610,477,265,MoveRight,1490,265,None
11611,484,265,MoveRight,1490,265,None
11612,491,265,MoveRight,1490,265,None
11618,491,284.62,None,1490,265,None
11649,491,559.3,Serve,1490,265,None
11649,491,559.3,None,1490,265,None
11650,491,549.49,None,1497,265,MoveRight
11651,491,539.68,None,1504,265,MoveRight
11652,491,529.87,None,1511,265,MoveRight
11653,491,520.06,None,1518,265,MoveRight
11654,491,510.25,None,1525,265,MoveRight
11655,491,500.44,None,1532,265,MoveRight
11656,491,490.63,None,1539,265,MoveRight
11657,491,480.82,None,1546,265,MoveRight
11658,491,471.01,None,1553,265,MoveRight
11659,491,461.2,None,1560,265,MoveRight
11660,491,451.39,None,1567,265,MoveRight
11661,491,441.58,None,1574,265,MoveRight
11662,491,431.77,None,1581,265,MoveRight
11663,491,421.96,None,1588,265,MoveRight
11664,491,412.15,None,1595,265,MoveRight
11665,491,402.34,None,1602,265,MoveRight
11666,491,392.53,None,1609,265,MoveRight
11667,491,382.72,None,1616,265,MoveRight
11668,491,372.91,None,1623,265,MoveRight
11669,494.5,363.1,MoveRight,1623,265,None
11669,494.5,363.1,None,1630,265,MoveRight
11670,498,353.29,MoveRight,1630,265,None
11670,498,353.29,None,1637,265,MoveRight
11671,501.5,343.48,MoveRight,1637,265,None
11671,501.5,343.48,None,1644,265,MoveRight
11672,505,333.67,MoveRight,1644,265,None
11672,505,333.67,None,1651,265,MoveRight
11673,508.5,323.86,MoveRight,1651,265,None
11673,508.5,323.86,None,1658,265,MoveRight
11674,512,314.05,MoveRight,1658,265,None
11674,512,314.05,None,1665,265,MoveRight
11675,515.5,304.24,MoveRight,1665,265,None
11675,515.5,304.24,None,1672,265,MoveRight
11676,519,294.43,MoveRight,1672,265,None
11676,519,294.43,None,1679,265,MoveRight
11677,522.5,284.62,MoveRight,1679,265,None
11677,522.5,284.62,None,1686,265,MoveRight
11678,526,274.81,MoveRight,1686,265,None
11678,526,274.81,None,1693,265,MoveRight
11679,533,265,MoveRight,1693,265,None
11679,533,265,None,1700,265,MoveRight
11680,540,265,MoveRight,1700,265,None
11680,540,265,None,1707,265,MoveRight
11681,547,265,MoveRight,1707,265,None
11681,547,265,None,1714,265,MoveRight
11682,554,265,MoveRight,1714,265,None
11682,554,265,None,1721,265,MoveRight
11683,561,265,MoveRight,1721,265,None
11683,561,265,None,1728,265,MoveRight
11684,568,265,MoveRight,1728,265,None
11684,568,265,None,1735,265,MoveRight
11685,575,265,MoveRight,1735,265,None
11685,575,265,None,1742,265,MoveRight
11686,582,265,MoveRight,1742,265,None
11686,582,265,None,1749,265,MoveRight
11687,589,265,MoveRight,1749,265,None
11687,589,265,None,1756,265,MoveRight
11688,596,265,MoveRight,1756,265,None
11689,603,265,MoveRight,1756,265,None
11690,610,265,MoveRight,1756,265,None
11691,617,265,MoveRight,1756,265,None
11692,624,265,MoveRight,1756,265,None
11693,631,265,MoveRight,1756,265,None
11694,638,265,MoveRight,1756,265,None
11695,645,265,MoveRight,1756,265,None
11696,652,265,MoveRight,1756,265,None
11697,659,265,MoveRight,1756,265,None
11698,666,265,MoveRight,1756,265,None
11699,673,265,MoveRight,1756,265,None
11700,680,265,MoveRight,1756,265,None
11701,687,265,MoveRight,1756,265,None
11702,694,265,MoveRight,1756,265,None
11703,701,265,MoveRight,1756,265,None
11704,708,265,MoveRight,1756,265,None
11705,715,265,MoveRight,1756,265,None
11706,722,265,MoveRight,1756,265,None
11707,729,265,MoveRight,1756,265,None
11708,736,265,MoveRight,1756,265,None
11709,736,265,None,1756,265,SpikeMedium
11709,743,265,MoveRight,1756,265,None
11709,743,265,None,1756,265,None
11710,750,265,MoveRight,1756,265,None
11711,757,265,MoveRight,1756,265,None
11712,764,265,MoveRight,1756,265,None
11713,771,265,MoveRight,1756,265,None
11714,778,265,MoveRight,1756,265,None
11715,785,265,MoveRight,1756,265,None
11716,792,265,MoveRight,1756,265,None
11717,799,265,MoveRight,1756,265,None
11718,806,265,MoveRight,1756,265,None
11719,813,265,MoveRight,1756,265,None
11720,820,265,MoveRight,1756,265,None
11721,827,265,MoveRight,1756,265,None
11722,834,265,MoveRight,1756,265,None
11723,841,265,MoveRight,1756,265,None
11724,848,265,MoveRight,1756,265,None
11725,855,265,MoveRight,1756,265,None
11726,862,265,MoveRight,1756,265,None
11727,869,265,MoveRight,1756,265,None
11728,876,265,MoveRight,1756,265,None
11729,883,265,MoveRight,1756,265,None
11736,876,265,MoveLeft,1756,265,None
11737,869,265,MoveLeft,1756,265,None
11738,862,265,MoveLeft,1756,265,None
11739,855,265,MoveLeft,1756,265,None
11740,848,265,MoveLeft,1756,265,None
11741,841,265,MoveLeft,1756,265,None
11742,834,265,MoveLeft,1756,265,None
11743,827,265,MoveLeft,1756,265,None
11744,820,265,MoveLeft,1756,265,None
11745,813,265,MoveLeft,1756,265,None
11746,806,265,MoveLeft,1756,265,None
11751,813,265,MoveRight,1756,265,None
11752,820,265,MoveRight,1756,265,None
11753,827,265,MoveRight,1756,265,None
11754,834,265,MoveRight,1756,265,None
11755,841,265,MoveRight,1756,265,None
11756,848,265,MoveRight,1756,265,None
11757,855,265,MoveRight,1756,265,None
11758,862,265,MoveRight,1756,265,None
11759,869,265,MoveRight,1756,265,None
11760,876,265,MoveRight,1756,265,None
11761,883,265,MoveRight,1756,265,None
11762,890,265,MoveRight,1756,265,None
11763,897,265,MoveRight,1756,265,None
11764,904,265,MoveRight,1756,265,None
11765,911,265,MoveRight,1756,265,None
11766,904,265,MoveLeft,1756,265,None
11767,897,265,MoveLeft,1756,265,None
11768,890,265,MoveLeft,1756,265,None
11769,883,265,MoveLeft,1756,265,None
11770,876,265,MoveLeft,1756,265,None
11771,876,265,Bump,1756,265,None
11771,869,265,MoveLeft,1756,265,None
11772,869,265,None,1749,265,MoveLeft
11773,869,265,None,1742,265,MoveLeft
11774,869,265,None,1735,265,MoveLeft
11790,876,265,MoveRight,1735,265,None
11791,883,265,MoveRight,1735,265,None
11792,890,265,MoveRight,1735,265,None
11793,897,265,MoveRight,1735,265,None
11794,904,265,MoveRight,1735,265,None
11795,911,265,MoveRight,1735,265,None
11796,918,265,MoveRight,1735,265,None
11797,925,265,MoveRight,1735,265,None
11798,932,265,MoveRight,1735,265,None
11799,939,265,MoveRight,1735,265,None
11800,946,265,MoveRight,1735,265,None
11801,953,265,MoveRight,1735,265,None
11802,960,265,MoveRight,1735,265,None
11803,967,265,MoveRight,1735,265,None
11804,974,265,MoveRight,1735,265,None
11810,981,265,MoveRight,1735,265,None
11811,988,265,MoveRight,1735,265,None
11812,995,265,MoveRight,1735,265,None
11813,1002,265,MoveRight,1735,265,None
11814,1009,265,MoveRight,1735,265,None
11815,1016,265,MoveRight,1735,265,None
11816,1023,265,MoveRight,1735,265,None
11817,1030,265,MoveRight,1735,265,None
11818,1037,265,MoveRight,1735,265,None
11819,1044,265,MoveRight,1735,265,None
11820,1051,265,MoveRight,1735,265,None
11821,1058,265,MoveRight,1735,265,None
11822,1065,265,MoveRight,1735,265,None
11823,1072,265,MoveRight,1735,265,None
11824,1079,265,MoveRight,1735,265,None
11825,1086,265,MoveRight,1735,265,None
11826,1093,265,MoveRight,1735,265,None
11827,1100,265,MoveRight,1735,265,None
11828,1107,265,MoveRight,1735,265,None
11829,1114,265,MoveRight,1735,265,None
11830,1121,265,MoveRight,1735,265,None
11831,1128,265,MoveRight,1735,265,None
11832,1135,265,MoveRight,1735,265,None
11833,1142,265,MoveRight,1735,265,None
11834,1149,265,MoveRight,1735,265,None
11835,1156,265,MoveRight,1735,265,None
11836,1163,265,MoveRight,1735,265,None
11837,1170,265,MoveRight,1735,265,None
11838,1177,265,MoveRight,1735,265,None
11839,1184,265,MoveRight,1735,265,None
11840,1191,265,MoveRight,1735,265,None
11841,1198,265,MoveRight,1735,265,None
11842,1205,265,MoveRight,1735,265,None
11843,1212,265,MoveRight,1735,265,None
11844,1219,265,MoveRight,1735,265,None
11845,1226,265,MoveRight,1735,265,None
11846,1233,265,MoveRight,1735,265,None
11847,1240,265,MoveRight,1735,265,None
11848,1247,265,MoveRight,1735,265,None
11849,1254,265,MoveRight,1735,265,None
11850,1261,265,MoveRight,1735,265,None
11851,1268,265,MoveRight,1735,265,None
11852,1275,265,MoveRight,1735,265,None
11853,1282,265,MoveRight,1735,265,None
11854,1289,265,MoveRight,1735,265,None
11855,1296,265,MoveRight,1735,265,None
11856,1303,265,MoveRight,1735,265,None
11857,1310,265,MoveRight,1735,265,None
11858,1317,265,MoveRight,1735,265,None
11859,1324,265,MoveRight,1735,265,None
11859,1324,265,None,1728,265,MoveLeft
11860,1324,265,Set,1728,265,None
11889,1319,265,MoveLeft,1728,265,None
11890,1312,265,MoveLeft,1728,265,None
11891,1305,265,MoveLeft,1728,265,None
11892,1298,265,MoveLeft,1728,265,None
11893,1291,265,MoveLeft,1728,265,None
11894,1284,265,MoveLeft,1728,265,None
11895,1277,265,MoveLeft,1728,265,None
11913,1277,284.62,None,1728,265,None
11953,1277,471.01,None,1728,265,None
11970,1277,304.24,None,1728,265,None
11981,1277,265,None,1721,265,MoveLeft
11982,1277,265,None,1728,265,MoveRight
11985,1277,284.62,None,1728,265,None
12013,1277,569.11,None,1728,265,None
12014,1277,578.92,None,1728,265,None
12032,1273.5,402.34,MoveLeft,1728,265,None
12033,1273.5,392.53,SpikeStrong,1728,265,None
12033,1270,392.53,MoveLeft,1728,265,None
12046,1270,265,None,1728,265,None
12048,1270,284.62,None,1728,265,None
12063,1266.5,441.58,MoveLeft,1728,265,None
12064,1263,451.39,MoveLeft,1728,265,None
12065,1259.5,461.2,MoveLeft,1728,265,None
12066,1256,471.01,MoveLeft,1728,265,None
12067,1252.5,480.82,MoveLeft,1728,265,None
12068,1249,490.63,MoveLeft,1728,265,None
12069,1245.5,500.44,MoveLeft,1728,265,None
12070,1242,510.25,MoveLeft,1728,265,None
12071,1238.5,520.06,MoveLeft,1728,265,None
12072,1235,529.87,MoveLeft,1728,265,None
12073,1231.5,539.68,MoveLeft,1728,265,None
12074,1228,549.49,MoveLeft,1728,265,None
12075,1224.5,559.3,MoveLeft,1728,265,None
12076,1221,569.11,MoveLeft,1728,265,None
12077,1326.5,284.62,MoveLeft,2410,265,None
12078,1323,284.62,MoveLeft,2410,265,None
12079,1319.5,274.81,MoveLeft,2410,265,None
12080,1312.5,265,MoveLeft,2410,265,None
12081,1305.5,265,MoveLeft,2410,265,None
12082,1298.5,265,MoveLeft,2410,265,None
12083,1291.5,265,MoveLeft,2410,265,None
12084,1284.5,265,MoveLeft,2410,265,None
12085,1277.5,265,MoveLeft,2410,265,None
12086,1270.5,265,MoveLeft,2410,265,None
12087,1263.5,265,MoveLeft,2410,265,None
12088,1256.5,265,MoveLeft,2410,265,None
12089,1249.5,265,MoveLeft,2410,265,None
12090,1242.5,265,MoveLeft,2410,265,None
12091,1235.5,265,MoveLeft,2410,265,None
12092,1228.5,265,MoveLeft,2410,265,None
12093,1221.5,265,MoveLeft,2410,265,None
12094,1214.5,265,MoveLeft,2410,265,None
12095,1207.5,265,MoveLeft,2410,265,None
12096,1200.5,265,MoveLeft,2410,265,None
12097,1193.5,265,MoveLeft,2410,265,None
12098,1186.5,265,MoveLeft,2410,265,None
12099,1179.5,265,MoveLeft,2410,265,None
12127,1179.5,265,None,2410,265,Serve
12127,1179.5,265,None,2410,265,None
12168,1172.5,265,MoveLeft,2410,265,None
12169,1165.5,265,MoveLeft,2410,265,None
12170,1158.5,265,MoveLeft,2410,265,None
12171,1151.5,265,MoveLeft,2410,265,None
12172,1144.5,265,MoveLeft,2410,265,None
12173,1137.5,265,MoveLeft,2410,265,None
12174,1130.5,265,MoveLeft,2410,265,None
12175,1123.5,265,MoveLeft,2410,265,None
12176,1116.5,265,MoveLeft,2410,265,None
12177,1109.5,265,MoveLeft,2410,265,None
12178,1102.5,265,MoveLeft,2410,265,None
12179,1095.5,265,MoveLeft,2410,265,None
12180,1088.5,265,MoveLeft,2410,265,None
12181,1081.5,265,MoveLeft,2410,265,None
12182,1074.5,265,MoveLeft,2410,265,None
12183,1067.5,265,MoveLeft,2410,265,None
12192,1060.5,265,MoveLeft,2410,265,None
12193,1053.5,265,MoveLeft,2410,265,None
12194,1046.5,265,MoveLeft,2410,265,None
12195,1039.5,265,MoveLeft,2410,265,None
12196,1032.5,265,MoveLeft,2410,265,None
12197,1032.5,265,Bump,2410,265,None
12197,1025.5,265,MoveLeft,2410,265,None
12198,1025.5,265,None,2403,265,MoveLeft
12199,1025.5,265,None,2396,265,MoveLeft
12200,1025.5,265,None,2389,265,MoveLeft
12201,1025.5,265,None,2382,265,MoveLeft
12202,1025.5,265,None,2375,265,MoveLeft
12203,1025.5,265,None,2368,265,MoveLeft
12204,1025.5,265,None,2361,265,MoveLeft
12205,1025.5,265,None,2354,265,MoveLeft
12206,1025.5,265,None,2347,265,MoveLeft
12207,1025.5,265,None,2340,265,MoveLeft
12208,1025.5,265,None,2333,265,MoveLeft
12209,1025.5,265,None,2326,265,MoveLeft
12210,1025.5,265,None,2319,265,MoveLeft
12211,1025.5,265,None,2312,265,MoveLeft
12212,1025.5,265,None,2305,265,MoveLeft
12213,1025.5,265,None,2298,265,MoveLeft
12214,1025.5,265,None,2291,265,MoveLeft
12215,1025.5,265,None,2284,265,MoveLeft
12216,1025.5,265,None,2277,265,MoveLeft
12217,1025.5,265,None,2270,265,MoveLeft
12218,1025.5,265,None,2263,265,MoveLeft
12219,1025.5,265,None,2256,265,MoveLeft
12220,1025.5,265,None,2249,265,MoveLeft
12221,1025.5,265,None,2242,265,MoveLeft
12222,1025.5,265,None,2235,265,MoveLeft
12223,1025.5,265,None,2228,265,MoveLeft
12224,1025.5,265,None,2221,265,MoveLeft
12225,1025.5,265,None,2214,265,MoveLeft
12226,1025.5,265,None,2207,265,MoveLeft
12227,1025.5,265,None,2200,265,MoveLeft
12228,1025.5,265,None,2193,265,MoveLeft
12229,1025.5,265,None,2186,265,MoveLeft
12230,1025.5,265,None,2179,265,MoveLeft
12231,1025.5,265,None,2172,265,MoveLeft
12232,1025.5,265,None,2165,265,MoveLeft
12233,1025.5,265,None,2158,265,MoveLeft
12234,1025.5,265,None,2151,265,MoveLeft
12235,1025.5,265,None,2144,265,MoveLeft
12236,1025.5,265,None,2137,265,MoveLeft
12237,1025.5,265,None,2130,265,MoveLeft
12238,1025.5,265,None,2123,265,MoveLeft
12239,1025.5,265,None,2116,265,MoveLeft
12240,1025.5,265,None,2109,265,MoveLeft
12241,1025.5,265,None,2102,265,MoveLeft
12242,1025.5,265,None,2095,265,MoveLeft
12243,1025.5,265,None,2088,265,MoveLeft
12244,1025.5,265,None,2081,265,MoveLeft
12245,1025.5,265,None,2074,265,MoveLeft
12246,1025.5,265,None,2067,265,MoveLeft
12247,1025.5,265,None,2060,265,MoveLeft
12248,1025.5,265,None,2053,265,MoveLeft
12249,1032.5,265,MoveRight,2053,265,None
12249,1032.5,265,None,2046,265,MoveLeft
12250,1039.5,265,MoveRight,2046,265,None
12250,1039.5,265,None,2039,265,MoveLeft
12251,1046.5,265,MoveRight,2039,265,None
12251,1046.5,265,None,2032,265,MoveLeft
12252,1053.5,265,MoveRight,2032,265,None
12252,1053.5,265,None,2025,265,MoveLeft
12253,1060.5,265,MoveRight,2025,265,None
12253,1060.5,265,None,2018,265,MoveLeft
12254,1067.5,265,MoveRight,2018,265,None
12254,1067.5,265,None,2011,265,MoveLeft
12255,1074.5,265,MoveRight,2011,265,None
12255,1074.5,265,None,2004,265,MoveLeft
12256,1081.5,265,MoveRight,2004,265,None
12256,1081.5,265,None,1997,265,MoveLeft
12257,1088.5,265,MoveRight,1997,265,None
12257,1088.5,265,None,1990,265,MoveLeft
12258,1095.5,265,MoveRight,1990,265,None
12258,1095.5,265,None,1983,265,MoveLeft
12259,1102.5,265,MoveRight,1983,265,None
12259,1102.5,265,None,1976,265,MoveLeft
12260,1109.5,265,MoveRight,1976,265,None
12260,1109.5,265,None,1969,265,MoveLeft
12261,1116.5,265,MoveRight,1969,265,None
12261,1116.5,265,None,1962,265,MoveLeft
12262,1123.5,265,MoveRight,1962,265,None
12262,1123.5,265,None,1955,265,MoveLeft
12263,1130.5,265,MoveRight,1955,265,None
12263,1130.5,265,None,1948,265,MoveLeft
12264,1137.5,265,MoveRight,1948,265,None
12264,1137.5,265,None,1941,265,MoveLeft
12265,1144.5,265,MoveRight,1941,265,None
12265,1144.5,265,None,1934,265,MoveLeft
12266,1151.5,265,MoveRight,1934,265,None
12266,1151.5,265,None,1927,265,MoveLeft
12267,1158.5,265,MoveRight,1927,265,None
12267,1158.5,265,None,1920,265,MoveLeft
12268,1165.5,265,MoveRight,1920,265,None
12268,1165.5,265,None,1913,265,MoveLeft
12269,1172.5,265,MoveRight,1913,265,None
12269,1172.5,265,None,1906,265,MoveLeft
12270,1179.5,265,MoveRight,1906,265,None
12270,1179.5,265,None,1899,265,MoveLeft
12271,1186.5,265,MoveRight,1899,265,None
12271,1186.5,265,None,1892,265,MoveLeft
12272,1193.5,265,MoveRight,1892,265,None
12272,1193.5,265,None,1885,265,MoveLeft
12273,1200.5,265,MoveRight,1885,265,None
12273,1200.5,265,None,1878,265,MoveLeft
12274,1207.5,265,MoveRight,1878,265,None
12274,1207.5,265,None,1871,265,MoveLeft
12275,1214.5,265,MoveRight,1871,265,None
12275,1214.5,265,None,1864,265,MoveLeft
12276,1221.5,265,MoveRight,1864,265,None
12276,1221.5,265,None,1857,265,MoveLeft
12277,1228.5,265,MoveRight,1857,265,None
12277,1228.5,265,None,1850,265,MoveLeft
12278,1235.5,265,MoveRight,1850,265,None
12278,1235.5,265,None,1843,265,MoveLeft
12279,1242.5,265,MoveRight,1843,265,None
12279,1242.5,265,None,1836,265,MoveLeft
12280,1249.5,265,MoveRight,1836,265,None
12280,1249.5,265,None,1829,265,MoveLeft
12281,1256.5,265,MoveRight,1829,265,None
12281,1256.5,265,None,1822,265,MoveLeft
12282,1263.5,265,MoveRight,1822,265,None
12282,1263.5,265,None,1815,265,MoveLeft
12283,1270.5,265,MoveRight,1815,265,None
12283,1270.5,265,None,1808,265,MoveLeft
12284,1277.5,265,MoveRight,1808,265,None
12284,1277.5,265,None,1801,265,MoveLeft
12285,1284.5,265,MoveRight,1801,265,None
12285,1284.5,265,None,1794,265,MoveLeft
12286,1284.5,265,None,1787,265,MoveLeft
12287,1284.5,265,None,1780,265,MoveLeft
12288,1284.5,265,None,1773,265,MoveLeft
12289,1284.5,265,None,1766,265,MoveLeft
12290,1284.5,265,None,1759,265,MoveLeft
12291,1284.5,265,None,1752,265,MoveLeft
12292,1284.5,265,None,1745,265,MoveLeft
12293,1277.5,265,MoveLeft,1745,265,None
12293,1277.5,265,None,1738,265,MoveLeft
12294,1270.5,265,MoveLeft,1738,265,None
12294,1270.5,265,None,1731,265,MoveLeft
12295,1263.5,265,MoveLeft,1731,265,None
12295,1263.5,265,None,1724,265,MoveLeft
12296,1256.5,265,MoveLeft,1724,265,None
12296,1256.5,265,None,1717,265,MoveLeft
12297,1249.5,265,MoveLeft,1717,265,None
12297,1249.5,265,None,1710,265,MoveLeft
12298,323,265,MoveLeft,1850,265,None
12299,316,265,MoveLeft,1850,265,None
12300,309,265,MoveLeft,1850,265,None
12301,302,265,MoveLeft,1850,265,None
12302,295,265,MoveLeft,1850,265,None
12303,288,265,MoveLeft,1850,265,None
12304,281,265,MoveLeft,1850,265,None
12305,274,265,MoveLeft,1850,265,None
12306,267,265,MoveLeft,1850,265,None
12307,260,265,MoveLeft,1850,265,None
12308,253,265,MoveLeft,1850,265,None
12309,246,265,MoveLeft,1850,265,None
12310,239,265,MoveLeft,1850,265,None
12311,232,265,MoveLeft,1850,265,None
12312,225,265,MoveLeft,1850,265,None
12339,232,265,MoveRight,1850,265,None
12340,239,265,MoveRight,1850,265,None
12341,246,265,MoveRight,1850,265,None
12342,253,265,MoveRight,1850,265,None
12343,260,265,MoveRight,1850,265,None
12344,267,265,MoveRight,1850,265,None
12345,274,265,MoveRight,1850,265,None
12346,281,265,MoveRight,1850,265,None
12347,288,265,MoveRight,1850,265,None
12348,295,265,MoveRight,1850,265,None
12349,302,265,MoveRight,1850,265,None
12350,309,265,MoveRight,1850,265,None
12351,316,265,MoveRight,1850,265,None
12368,323,265,MoveRight,1850,265,None
12369,330,265,MoveRight,1850,265,None
12370,337,265,MoveRight,1850,265,None
12371,344,265,MoveRight,1850,265,None
12372,351,265,MoveRight,1850,265,None
12373,358,265,MoveRight,1850,265,None
12374,365,265,MoveRight,1850,265,None
12375,372,265,MoveRight,1850,265,None
12376,379,265,MoveRight,1850,265,None
12377,386,265,MoveRight,1850,265,None
12378,393,265,MoveRight,1850,265,None
12379,400,265,MoveRight,1850,265,None
12380,407,265,MoveRight,1850,265,None
12381,414,265,MoveRight,1850,265,None
12382,421,265,MoveRight,1850,265,None
12383,428,265,MoveRight,1850,265,None
12384,435,265,MoveRight,1850,265,None
12385,442,265,MoveRight,1850,265,None
12386,449,265,MoveRight,1850,265,None
12387,456,265,MoveRight,1850,265,None
12388,463,265,MoveRight,1850,265,None
12389,470,265,MoveRight,1850,265,None
12390,477,265,MoveRight,1850,265,None
12391,484,265,MoveRight,1850,265,None
12473,484,284.62,None,1850,265,None
12505,484,549.49,Serve,1850,265,None
12505,484,549.49,None,1850,265,None
12506,484,539.68,None,1843,265,MoveLeft
12507,484,529.87,None,1836,265,MoveLeft
12508,484,520.06,None,1829,265,MoveLeft
12509,484,510.25,None,1822,265,MoveLeft
12510,484,500.44,None,1815,265,MoveLeft
12511,484,490.63,None,1808,265,MoveLeft
12512,484,480.82,None,1801,265,MoveLeft
12513,484,471.01,None,1794,265,MoveLeft
12514,484,461.2,None,1787,265,MoveLeft
12515,484,451.39,None,1780,265,MoveLeft
12516,484,441.58,None,1773,265,MoveLeft
12517,484,431.77,None,1766,265,MoveLeft
12524,487.5,363.1,MoveRight,1766,265,None
12525,491,353.29,MoveRight,1766,265,None
12526,494.5,343.48,MoveRight,1766,265,None
12527,498,333.67,MoveRight,1766,265,None
12528,501.5,323.86,MoveRight,1766,265,None
12529,505,314.05,MoveRight,1766,265,None
12530,508.5,304.24,MoveRight,1766,265,None
12531,512,294.43,MoveRight,1766,265,None
12532,515.5,284.62,MoveRight,1766,265,None
12533,519,274.81,MoveRight,1766,265,None
12534,526,265,MoveRight,1766,265,None
12535,533,265,MoveRight,1766,265,None
12536,540,265,MoveRight,1766,265,None
12537,547,265,MoveRight,1766,265,None
12538,554,265,MoveRight,1766,265,None
12539,561,265,MoveRight,1766,265,None
12540,568,265,MoveRight,1766,265,None
12541,575,265,MoveRight,1766,265,None
12542,582,265,MoveRight,1766,265,None
12543,589,265,MoveRight,1766,265,None
12544,596,265,MoveRight,1766,265,None
12545,603,265,MoveRight,1766,265,None
12546,610,265,MoveRight,1766,265,None
12547,617,265,MoveRight,1766,265,None
12548,624,265,MoveRight,1766,265,None
12549,631,265,MoveRight,1766,265,None
12550,638,265,MoveRight,1766,265,None
12551,645,265,MoveRight,1766,265,None
12552,652,265,MoveRight,1766,265,None
12553,659,265,MoveRight,1766,265,None
12554,666,265,MoveRight,1766,265,None
12555,673,265,MoveRight,1766,265,None
12556,680,265,MoveRight,1766,265,None
12557,687,265,MoveRight,1766,265,None
12558,694,265,MoveRight,1766,265,None
12559,701,265,MoveRight,1766,265,None
12560,708,265,MoveRight,1766,265,None
12561,715,265,MoveRight,1766,265,None
12562,722,265,MoveRight,1766,265,None
12563,729,265,MoveRight,1766,265,None
12564,736,265,MoveRight,1766,265,None
12565,743,265,MoveRight,1766,265,None
12566,743,265,None,1766,265,SpikeMedium
12566,750,265,MoveRight,1766,265,None
12566,750,265,None,1766,265,None
12567,757,265,MoveRight,1766,265,None
12568,764,265,MoveRight,1766,265,None
12569,771,265,MoveRight,1766,265,None
12570,778,265,MoveRight,1766,265,None
12571,785,265,MoveRight,1766,265,None
12572,792,265,MoveRight,1766,265,None
12573,799,265,MoveRight,1766,265,None
12574,806,265,MoveRight,1766,265,None
12575,813,265,MoveRight,1766,265,None
12576,820,265,MoveRight,1766,265,None
12577,827,265,MoveRight,1766,265,None
12578,834,265,MoveRight,1766,265,None
12579,841,265,MoveRight,1766,265,None
12580,848,265,MoveRight,1766,265,None
12581,855,265,MoveRight,1766,265,None
12582,862,265,MoveRight,1766,265,None
12583,869,265,MoveRight,1766,265,None
12584,876,265,MoveRight,1766,265,None
12585,883,265,MoveRight,1766,265,None
12586,890,265,MoveRight,1766,265,None
12587,897,265,MoveRight,1766,265,None
12593,890,265,MoveLeft,1766,265,None
12594,883,265,MoveLeft,1766,265,None
12595,876,265,MoveLeft,1766,265,None
12596,869,265,MoveLeft,1766,265,None
12597,862,265,MoveLeft,1766,265,None
12598,855,265,MoveLeft,1766,265,None
12599,848,265,MoveLeft,1766,265,None
12600,841,265,MoveLeft,1766,265,None
12604,848,265,MoveRight,1766,265,None
12605,855,265,MoveRight,1766,265,None
12606,862,265,MoveRight,1766,265,None
12607,869,265,MoveRight,1766,265,None
12608,876,265,MoveRight,1766,265,None
12609,883,265,MoveRight,1766,265,None
12610,890,265,MoveRight,1766,265,None
12611,897,265,MoveRight,1766,265,None
12612,904,265,MoveRight,1766,265,None
12613,911,265,MoveRight,1766,265,None
12614,918,265,MoveRight,1766,265,None
12615,925,265,MoveRight,1766,265,None
12616,932,265,MoveRight,1766,265,None
12617,939,265,MoveRight,1766,265,None
12618,946,265,MoveRight,1766,265,None
12619,953,265,MoveRight,1766,265,None
12620,960,265,MoveRight,1766,265,None
12621,953,265,MoveLeft,1766,265,None
12622,946,265,MoveLeft,1766,265,None
12623,939,265,MoveLeft,1766,265,None
12624,932,265,MoveLeft,1766,265,None
12625,925,265,MoveLeft,1766,265,None
12626,918,265,MoveLeft,1766,265,None
12627,918,265,Bump,1766,265,None
12627,911,265,MoveLeft,1766,265,None
12628,911,265,None,1759,265,MoveLeft
12629,911,265,None,1752,265,MoveLeft
12630,911,265,None,1745,265,MoveLeft
12631,911,265,None,1738,265,MoveLeft
12632,911,265,None,1731,265,MoveLeft
12646,918,265,MoveRight,1731,265,None
12647,925,265,MoveRight,1731,265,None
12648,932,265,MoveRight,1731,265,None
12649,939,265,MoveRight,1731,265,None
12650,946,265,MoveRight,1731,265,None
12651,953,265,MoveRight,1731,265,None
12652,960,265,MoveRight,1731,265,None
12653,967,265,MoveRight,1731,265,None
12654,974,265,MoveRight,1731,265,None
12655,981,265,MoveRight,1731,265,None
12656,988,265,MoveRight,1731,265,None
12657,995,265,MoveRight,1731,265,None
12658,1002,265,MoveRight,1731,265,None
12659,1009,265,MoveRight,1731,265,None
12660,1016,265,MoveRight,1731,265,None
12661,1023,265,MoveRight,1731,265,None
12662,1030,265,MoveRight,1731,265,None
12663,1037,265,MoveRight,1731,265,None
12664,1044,265,MoveRight,1731,265,None
12665,1051,265,MoveRight,1731,265,None
12666,1058,265,MoveRight,1731,265,None
12667,1065,265,MoveRight,1731,265,None
12668,1072,265,MoveRight,1731,265,None
12669,1079,265,MoveRight,1731,265,None
12670,1086,265,MoveRight,1731,265,None
12671,1093,265,MoveRight,1731,265,None
12672,1100,265,MoveRight,1731,265,None
12673,1107,265,MoveRight,1731,265,None
12674,1114,265,MoveRight,1731,265,None
12675,1121,265,MoveRight,1731,265,None
12676,1128,265,MoveRight,1731,265,None
12677,1135,265,MoveRight,1731,265,None
12678,1142,265,MoveRight,1731,265,None
12679,1149,265,MoveRight,1731,265,None
12680,1156,265,MoveRight,1731,265,None
12681,1163,265,MoveRight,1731,265,None
12682,1170,265,MoveRight,1731,265,None
12683,1177,265,MoveRight,1731,265,None
12684,1184,265,MoveRight,1731,265,None
12685,1191,265,MoveRight,1731,265,None
12686,1198,265,MoveRight,1731,265,None
12687,1205,265,MoveRight,1731,265,None
12688,1212,265,MoveRight,1731,265,None
12689,1219,265,MoveRight,1731,265,None
12690,1226,265,MoveRight,1731,265,None
12691,1233,265,MoveRight,1731,265,None
12692,1240,265,MoveRight,1731,265,None
12693,1247,265,MoveRight,1731,265,None
12694,1254,265,MoveRight,1731,265,None
12695,1261,265,MoveRight,1731,265,None
12696,1268,265,MoveRight,1731,265,None
12697,1275,265,MoveRight,1731,265,None
12698,1282,265,MoveRight,1731,265,None
12699,1289,265,MoveRight,1731,265,None
12700,1296,265,MoveRight,1731,265,None
12701,1303,265,MoveRight,1731,265,None
12702,1310,265,MoveRight,1731,265,None
12703,1317,265,MoveRight,1731,265,None
12704,1324,265,MoveRight,1731,265,None
12712,1324,265,None,1731,265,None
12724,1324,265,None,1731,265,None
12743,1317,265,MoveLeft,1731,265,None
12744,1310,265,MoveLeft,1731,265,None
12745,1303,265,MoveLeft,1731,265,None
12746,1296,265,MoveLeft,1731,265,None
12747,1289,265,MoveLeft,1731,265,None
12748,1282,265,MoveLeft,1731,265,None
12749,1275,265,MoveLeft,1731,265,None
12750,1268,265,MoveLeft,1731,265,None
12751,1261,265,MoveLeft,1731,265,None
12752,1254,265,MoveLeft,1731,265,None
12753,1247,265,MoveLeft,1731,265,None
12754,1240,265,MoveLeft,1731,265,None
12755,1233,265,MoveLeft,1731,265,None
12756,1226,265,MoveLeft,1731,265,None
12757,1219,265,MoveLeft,1731,265,None
12758,1212,265,MoveLeft,1731,265,None
12759,1205,265,MoveLeft,1731,265,None
12760,1198,265,MoveLeft,1731,265,None
12761,1191,265,MoveLeft,1731,265,None
12762,1184,265,MoveLeft,1731,265,None
12763,1177,265,MoveLeft,1731,265,None
12764,1170,265,MoveLeft,1731,265,None
12765,1163,265,MoveLeft,1731,265,None
12766,1156,265,MoveLeft,1731,265,None
12767,1149,265,MoveLeft,1731,265,None
12768,1142,265,MoveLeft,1731,265,None
12769,1135,265,MoveLeft,1731,265,None
12770,1128,265,MoveLeft,1731,265,None
12771,1121,265,MoveLeft,1731,265,None
12772,1114,265,MoveLeft,1731,265,None
12773,1107,265,MoveLeft,1731,265,None
12774,1100,265,MoveLeft,1731,265,None
12775,1093,265,MoveLeft,1731,265,None
12776,1086,265,MoveLeft,1731,265,None
12777,1079,265,MoveLeft,1731,265,None
12778,1072,265,MoveLeft,1731,265,None
12779,1065,265,MoveLeft,1731,265,None
12780,1058,265,MoveLeft,1731,265,None
12781,1051,265,MoveLeft,1731,265,None
12782,1044,265,MoveLeft,1731,265,None
12783,1037,265,MoveLeft,1731,265,None
12784,1030,265,MoveLeft,1731,265,None
12785,1023,265,MoveLeft,1731,265,None
12786,1016,265,MoveLeft,1731,265,None
12787,1016,265,None,1731,265,SpikeMedium
12787,1009,265,MoveLeft,1731,265,None
12787,1009,265,None,1731,265,None
12788,1002,265,MoveLeft,1731,265,None
12789,995,265,MoveLeft,1731,265,None
12790,988,265,MoveLeft,1731,265,None
12791,981,265,MoveLeft,1731,265,None
12792,974,265,MoveLeft,1731,265,None
12793,967,265,MoveLeft,1731,265,None
12794,960,265,MoveLeft,1731,265,None
12795,953,265,MoveLeft,1731,265,None
12796,946,265,MoveLeft,1731,265,None
12797,939,265,MoveLeft,1731,265,None
12798,932,265,MoveLeft,1731,265,None
12799,925,265,MoveLeft,1731,265,None
12800,918,265,MoveLeft,1731,265,None
12801,911,265,MoveLeft,1731,265,None
12802,904,265,MoveLeft,1731,265,None
12803,897,265,MoveLeft,1731,265,None
12804,890,265,MoveLeft,1731,265,None
12805,883,265,MoveLeft,1731,265,None
12806,876,265,MoveLeft,1731,265,None
12807,869,265,MoveLeft,1731,265,None
12808,862,265,MoveLeft,1731,265,None
12809,855,265,MoveLeft,1731,265,None
12810,848,265,MoveLeft,1731,265,None
12811,841,265,MoveLeft,1731,265,None
12812,834,265,MoveLeft,1731,265,None
12813,827,265,MoveLeft,1731,265,None
12814,820,265,MoveLeft,1731,265,None
12815,813,265,MoveLeft,1731,265,None
12816,806,265,MoveLeft,1731,265,None
12817,799,265,MoveLeft,1731,265,None
12818,792,265,MoveLeft,1731,265,None
12819,785,265,MoveLeft,1731,265,None
12823,792,265,MoveRight,1731,265,None
12824,799,265,MoveRight,1731,265,None
12825,806,265,MoveRight,1731,265,None
12826,813,265,MoveRight,1731,265,None
12827,820,265,MoveRight,1731,265,None
12828,827,265,MoveRight,1731,265,None
12829,834,265,MoveRight,1731,265,None
12830,841,265,MoveRight,1731,265,None
12831,848,265,MoveRight,1731,265,None
12832,855,265,MoveRight,1731,265,None
12833,862,265,MoveRight,1731,265,None
12834,869,265,MoveRight,1731,265,None
12835,876,265,MoveRight,1731,265,None
12836,883,265,MoveRight,1731,265,None
12837,890,265,MoveRight,1731,265,None
12838,897,265,MoveRight,1731,265,None
12839,904,265,MoveRight,1731,265,None
12840,911,265,MoveRight,1731,265,None
12841,918,265,MoveRight,1731,265,None
12842,925,265,MoveRight,1731,265,None
12843,932,265,MoveRight,1731,265,None
12844,939,265,MoveRight,1731,265,None
12846,932,265,MoveLeft,1731,265,None
12847,932,265,Bump,1731,265,None
12847,925,265,MoveLeft,1731,265,None
12866,932,265,MoveRight,1731,265,None
12867,939,265,MoveRight,1731,265,None
12868,946,265,MoveRight,1731,265,None
12869,953,265,MoveRight,1731,265,None
12870,960,265,MoveRight,1731,265,None
12871,967,265,MoveRight,1731,265,None
12872,974,265,MoveRight,1731,265,None
12873,981,265,MoveRight,1731,265,None
12874,988,265,MoveRight,1731,265,None
12875,995,265,MoveRight,1731,265,None
12876,1002,265,MoveRight,1731,265,None
12877,1009,265,MoveRight,1731,265,None
12878,1016,265,MoveRight,1731,265,None
12879,1023,265,MoveRight,1731,265,None
12880,1030,265,MoveRight,1731,265,None
12881,1037,265,MoveRight,1731,265,None
12882,1044,265,MoveRight,1731,265,None
12883,1051,265,MoveRight,1731,265,None
12884,1058,265,MoveRight,1731,265,None
12885,1065,265,MoveRight,1731,265,None
12886,1072,265,MoveRight,1731,265,None
12887,1079,265,MoveRight,1731,265,None
12888,1086,265,MoveRight,1731,265,None
12889,1093,265,MoveRight,1731,265,None
12890,1100,265,MoveRight,1731,265,None
12891,1107,265,MoveRight,1731,265,None
12892,1114,265,MoveRight,1731,265,None
12893,1121,265,MoveRight,1731,265,None
12894,1128,265,MoveRight,1731,265,None
12895,1135,265,MoveRight,1731,265,None
12896,1142,265,MoveRight,1731,265,None
12897,1149,265,MoveRight,1731,265,None
12898,1156,265,MoveRight,1731,265,None
12899,1163,265,MoveRight,1731,265,None
12900,1170,265,MoveRight,1731,265,None
12901,1177,265,MoveRight,1731,265,None
12902,1184,265,MoveRight,1731,265,None
12903,1191,265,MoveRight,1731,265,None
12904,1198,265,MoveRight,1731,265,None
12905,1205,265,MoveRight,1731,265,None
12906,1212,265,MoveRight,1731,265,None
12907,1219,265,MoveRight,1731,265,None
12908,1226,265,MoveRight,1731,265,None
12909,1233,265,MoveRight,1731,265,None
12910,1240,265,MoveRight,1731,265,None
12911,1247,265,MoveRight,1731,265,None
12912,1254,265,MoveRight,1731,265,None
12913,1261,265,MoveRight,1731,265,None
12918,1261,265,None,1731,265,None
12931,1261,265,Set,1731,265,None
12931,1261,265,None,1731,265,None
12970,1261,265,Set,1731,265,None
12970,1261,265,None,1731,265,None
13014,1261,284.62,None,1731,265,None
13056,1261,451.39,None,1731,265,None
13068,1261,333.67,None,1731,265,None
13080,1261,284.62,None,1731,265,None
13089,1261,382.72,None,1731,265,None
13090,1261,392.53,None,1731,265,None
13092,1261,412.15,None,1724,265,MoveLeft
13103,1261,520.06,None,1724,265,None
13138,1261,294.43,None,1724,265,None
13149,1261,284.62,None,1724,265,None
13153,1261,333.67,None,1724,265,None
13161,1261,392.53,Spike,1724,265,None
13161,1261,412.15,None,1724,265,None
13212,970,265,None,2410,265,Serve
13212,970,265,None,2410,265,None
13244,963,265,MoveLeft,2410,265,None
13245,956,265,MoveLeft,2410,265,None
13246,949,265,MoveLeft,2410,265,None
13247,942,265,MoveLeft,2410,265,None
13248,935,265,MoveLeft,2410,265,None
13249,928,265,MoveLeft,2410,265,None
13250,921,265,MoveLeft,2410,265,None
13256,928,265,MoveRight,2410,265,None
13257,935,265,MoveRight,2410,265,None
13258,942,265,MoveRight,2410,265,None
13259,949,265,MoveRight,2410,265,None
13260,956,265,MoveRight,2410,265,None
13261,963,265,MoveRight,2410,265,None
13262,970,265,MoveRight,2410,265,None
13263,977,265,MoveRight,2410,265,None
13264,984,265,MoveRight,2410,265,None
13265,991,265,MoveRight,2410,265,None
13266,998,265,MoveRight,2410,265,None
13267,1005,265,MoveRight,2410,265,None
13268,1012,265,MoveRight,2410,265,None
13269,1019,265,MoveRight,2410,265,None
13270,1026,265,MoveRight,2410,265,None
13271,1033,265,MoveRight,2410,265,None
13272,1040,265,MoveRight,2410,265,None
13280,1033,265,MoveLeft,2410,265,None
13281,1026,265,MoveLeft,2410,265,None
13282,1026,265,Bump,2410,265,None
13282,1019,265,MoveLeft,2410,265,None
13283,1019,265,None,2403,265,MoveLeft
13284,1019,265,None,2396,265,MoveLeft
13285,1019,265,None,2389,265,MoveLeft
13286,1019,265,None,2382,265,MoveLeft
13287,1019,265,None,2375,265,MoveLeft
13288,1019,265,None,2368,265,MoveLeft
13289,1019,265,None,2361,265,MoveLeft
13290,1019,265,None,2354,265,MoveLeft
13291,1019,265,None,2347,265,MoveLeft
13292,1019,265,None,2340,265,MoveLeft
13293,1019,265,None,2333,265,MoveLeft
13294,1019,265,None,2326,265,MoveLeft
13295,1019,265,None,2319,265,MoveLeft
13296,1019,265,None,2312,265,MoveLeft
13297,1019,265,None,2305,265,MoveLeft
13298,1019,265,None,2298,265,MoveLeft
13299,1019,265,None,2291,265,MoveLeft
13300,1019,265,None,2284,265,MoveLeft
13301,1019,265,None,2277,265,MoveLeft
13302,1012,265,MoveLeft,2277,265,None
13302,1012,265,None,2270,265,MoveLeft
13303,1005,265,MoveLeft,2270,265,None
13303,1005,265,None,2263,265,MoveLeft
13304,998,265,MoveLeft,2263,265,None
13304,998,265,None,2256,265,MoveLeft
13305,991,265,MoveLeft,2256,265,None
13305,991,265,None,2249,265,MoveLeft
13306,984,265,MoveLeft,2249,265,None
13306,984,265,None,2242,265,MoveLeft
13307,977,265,MoveLeft,2242,265,None
13307,977,265,None,2235,265,MoveLeft
13308,970,265,MoveLeft,2235,265,None
13308,970,265,None,2228,265,MoveLeft
13309,970,265,None,2221,265,MoveLeft
13310,977,265,MoveRight,2221,265,None
13310,977,265,None,2214,265,MoveLeft
13311,984,265,MoveRight,2214,265,None
13311,984,265,None,2207,265,MoveLeft
13312,991,265,MoveRight,2207,265,None
13312,991,265,None,2200,265,MoveLeft
13313,998,265,MoveRight,2200,265,None
13313,998,265,None,2193,265,MoveLeft
13314,1005,265,MoveRight,2193,265,None
13314,1005,265,None,2186,265,MoveLeft
13315,1012,265,MoveRight,2186,265,None
13315,1012,265,None,2179,265,MoveLeft
13316,1019,265,MoveRight,2179,265,None
13316,1019,265,None,2172,265,MoveLeft
13317,1026,265,MoveRight,2172,265,None
13317,1026,265,None,2165,265,MoveLeft
13318,1033,265,MoveRight,2165,265,None
13318,1033,265,None,2158,265,MoveLeft
13319,1040,265,MoveRight,2158,265,None
13319,1040,265,None,2151,265,MoveLeft
13320,1047,265,MoveRight,2151,265,None
13320,1047,265,None,2144,265,MoveLeft
13321,1054,265,MoveRight,2144,265,None
13321,1054,265,None,2137,265,MoveLeft
13322,1061,265,MoveRight,2137,265,None
13322,1061,265,None,2130,265,MoveLeft
13323,1068,265,MoveRight,2130,265,None
13323,1068,265,None,2123,265,MoveLeft
13324,1075,265,MoveRight,2123,265,None
13324,1075,265,None,2116,265,MoveLeft
13325,1082,265,MoveRight,2116,265,None
13325,1082,265,None,2109,265,MoveLeft
13326,1089,265,MoveRight,2109,265,None
13326,1089,265,None,2102,265,MoveLeft
13327,1096,265,MoveRight,2102,265,None
13327,1096,265,None,2095,265,MoveLeft
13328,1103,265,MoveRight,2095,265,None
13328,1103,265,None,2088,265,MoveLeft
13329,1110,265,MoveRight,2088,265,None
13329,1110,265,None,2081,265,MoveLeft
13330,1117,265,MoveRight,2081,265,None
13330,1117,265,None,2074,265,MoveLeft
13331,1124,265,MoveRight,2074,265,None
13331,1124,265,None,2067,265,MoveLeft
13332,1131,265,MoveRight,2067,265,None
13332,1131,265,None,2060,265,MoveLeft
13333,1138,265,MoveRight,2060,265,None
13333,1138,265,None,2053,265,MoveLeft
13334,1145,265,MoveRight,2053,265,None
13334,1145,265,None,2046,265,MoveLeft
13335,1152,265,MoveRight,2046,265,None
13335,1152,265,None,2039,265,MoveLeft
13336,1159,265,MoveRight,2039,265,None
13336,1159,265,None,2032,265,MoveLeft
13337,1166,265,MoveRight,2032,265,None
13337,1166,265,None,2025,265,MoveLeft
13338,1173,265,MoveRight,2025,265,None
13338,1173,265,None,2018,265,MoveLeft
13339,1180,265,MoveRight,2018,265,None
13339,1180,265,None,2011,265,MoveLeft
13340,1187,265,MoveRight,2011,265,None
13340,1187,265,None,2004,265,MoveLeft
13341,1194,265,MoveRight,2004,265,None
13341,1194,265,None,1997,265,MoveLeft
13342,1201,265,MoveRight,1997,265,None
13342,1201,265,None,1990,265,MoveLeft
13343,1208,265,MoveRight,1990,265,None
13343,1208,265,None,1983,265,MoveLeft
13344,1215,265,MoveRight,1983,265,None
13344,1215,265,None,1976,265,MoveLeft
13345,1222,265,MoveRight,1976,265,None
13345,1222,265,None,1969,265,MoveLeft
13346,1229,265,MoveRight,1969,265,None
13346,1229,265,None,1962,265,MoveLeft
13347,1236,265,MoveRight,1962,265,None
13347,1236,265,None,1955,265,MoveLeft
13348,1243,265,MoveRight,1955,265,None
13348,1243,265,None,1948,265,MoveLeft
13349,1250,265,MoveRight,1948,265,None
13349,1250,265,None,1941,265,MoveLeft
13350,1257,265,MoveRight,1941,265,None
13350,1257,265,None,1934,265,MoveLeft
13351,1264,265,MoveRight,1934,265,None
13351,1264,265,None,1927,265,MoveLeft
13352,1271,265,MoveRight,1927,265,None
13352,1271,265,None,1920,265,MoveLeft
13353,1278,265,MoveRight,1920,265,None
13353,1278,265,None,1913,265,MoveLeft
13354,1285,265,MoveRight,1913,265,None
13354,1285,265,None,1906,265,MoveLeft
13355,1292,265,MoveRight,1906,265,None
13355,1292,265,None,1899,265,MoveLeft
13356,1299,265,MoveRight,1899,265,None
13356,1299,265,None,1892,265,MoveLeft
13357,1306,265,MoveRight,1892,265,None
13357,1306,265,None,1885,265,MoveLeft
13358,1313,265,MoveRight,1885,265,None
13358,1313,265,None,1878,265,MoveLeft
13359,1320,265,MoveRight,1878,265,None
13359,1320,265,None,1871,265,MoveLeft
13360,1326,265,None,1864,265,MoveLeft
13361,1326,265,None,1857,265,MoveLeft
13362,1326,265,None,1850,265,MoveLeft
13363,1326,265,None,1843,265,MoveLeft
13364,1326,265,None,1836,265,MoveLeft
13365,1319,265,MoveLeft,1836,265,None
13365,1319,265,None,1829,265,MoveLeft
13366,1312,265,MoveLeft,1829,265,None
13366,1312,265,None,1822,265,MoveLeft
13367,1305,265,MoveLeft,1822,265,None
13367,1305,265,None,1815,265,MoveLeft
13368,1298,265,MoveLeft,1815,265,None
13368,1298,265,None,1808,265,MoveLeft
13369,1291,265,MoveLeft,1808,265,None
13369,1291,265,None,1801,265,MoveLeft
13370,1284,265,MoveLeft,1801,265,None
13370,1284,265,None,1794,265,MoveLeft
13371,1277,265,MoveLeft,1794,265,None
13371,1277,265,None,1787,265,MoveLeft
13372,1270,265,MoveLeft,1787,265,None
13372,1270,265,None,1780,265,MoveLeft
13373,1263,265,MoveLeft,1780,265,None
13373,1263,265,None,1773,265,MoveLeft
13374,1256,265,MoveLeft,1773,265,None
13374,1256,265,None,1766,265,MoveLeft
13375,1249,265,MoveLeft,1766,265,None
13375,1249,265,None,1759,265,MoveLeft
13376,1242,265,MoveLeft,1759,265,None
13376,1242,265,None,1752,265,MoveLeft
13377,1235,265,MoveLeft,1752,265,None
13377,1235,265,None,1745,265,MoveLeft
13378,1228,265,MoveLeft,1745,265,None
13378,1228,265,None,1738,265,MoveLeft
13379,1221,265,MoveLeft,1738,265,None
13379,1221,265,None,1731,265,MoveLeft
13380,1214,265,MoveLeft,1731,265,None
13380,1214,265,None,1724,265,MoveLeft
13381,1207,265,MoveLeft,1724,265,None
13381,1207,265,None,1717,265,MoveLeft
13382,1200,265,MoveLeft,1717,265,None
13382,1200,265,None,1710,265,MoveLeft
13383,323,265,MoveLeft,1670,265,None
13384,316,265,MoveLeft,1670,265,None
13385,309,265,MoveLeft,1670,265,None
13386,302,265,MoveLeft,1670,265,None
13387,295,265,MoveLeft,1670,265,None
13388,288,265,MoveLeft,1670,265,None
13389,281,265,MoveLeft,1670,265,None
13390,274,265,MoveLeft,1670,265,None
13391,267,265,MoveLeft,1670,265,None
13392,260,265,MoveLeft,1670,265,None
13393,253,265,MoveLeft,1670,265,None
13394,246,265,MoveLeft,1670,265,None
13395,239,265,MoveLeft,1670,265,None
13396,232,265,MoveLeft,1670,265,None
13397,225,265,MoveLeft,1670,265,None
13398,218,265,MoveLeft,1670,265,None
13399,211,265,MoveLeft,1670,265,None
13400,204,265,MoveLeft,1670,265,None
13407,211,265,MoveRight,1670,265,None
13408,218,265,MoveRight,1670,265,None
13409,225,265,MoveRight,1670,265,None
13410,232,265,MoveRight,1670,265,None
13411,239,265,MoveRight,1670,265,None
13412,246,265,MoveRight,1670,265,None
13413,253,265,MoveRight,1670,265,None
13414,260,265,MoveRight,1670,265,None
13415,267,265,MoveRight,1670,265,None
13416,274,265,MoveRight,1670,265,None
13417,281,265,MoveRight,1670,265,None
13418,288,265,MoveRight,1670,265,None
13419,295,265,MoveRight,1670,265,None
13420,302,265,MoveRight,1670,265,None
13421,309,265,MoveRight,1670,265,None
13422,316,265,MoveRight,1670,265,None
13423,323,265,MoveRight,1670,265,None
13424,330,265,MoveRight,1670,265,None
13425,337,265,MoveRight,1670,265,None
13426,344,265,MoveRight,1670,265,None
13427,351,265,MoveRight,1670,265,None
13428,358,265,MoveRight,1670,265,None
13429,365,265,MoveRight,1670,265,None
13430,372,265,MoveRight,1670,265,None
13431,379,265,MoveRight,1670,265,None
13432,386,265,MoveRight,1670,265,None
13433,393,265,MoveRight,1670,265,None
13453,400,265,MoveRight,1670,265,None
13454,407,265,MoveRight,1670,265,None
13455,414,265,MoveRight,1670,265,None
13456,421,265,MoveRight,1670,265,None
13457,428,265,MoveRight,1670,265,None
13458,435,265,MoveRight,1670,265,None
13459,442,265,MoveRight,1670,265,None
13460,449,265,MoveRight,1670,265,None
13461,456,265,MoveRight,1670,265,None
13462,463,265,MoveRight,1670,265,None
13463,470,265,MoveRight,1670,265,None
13464,477,265,MoveRight,1670,265,None
13465,484,265,MoveRight,1670,265,None
13466,491,265,MoveRight,1670,265,None
13467,498,265,MoveRight,1670,265,None
13468,505,265,MoveRight,1670,265,None
13469,512,265,MoveRight,1670,265,None
13470,519,265,MoveRight,1670,265,None
13471,526,265,MoveRight,1670,265,None
13477,526,284.62,None,1670,265,None
13508,526,559.3,Serve,1670,265,None
13508,526,559.3,None,1670,265,None
13509,526,549.49,None,1677,265,MoveRight
13510,526,539.68,None,1684,265,MoveRight
13511,526,529.87,None,1691,265,MoveRight
13512,526,520.06,None,1698,265,MoveRight
13513,526,510.25,None,1705,265,MoveRight
13514,526,500.44,None,1712,265,MoveRight
13515,526,490.63,None,1719,265,MoveRight
13516,526,480.82,None,1726,265,MoveRight
13517,526,471.01,None,1733,265,MoveRight
13518,526,461.2,None,1740,265,MoveRight
13519,526,451.39,None,1747,265,MoveRight
13520,526,441.58,None,1754,265,MoveRight
13521,526,431.77,None,1761,265,MoveRight
13522,526,421.96,None,1768,265,MoveRight
13523,526,412.15,None,1775,265,MoveRight
13524,526,402.34,None,1782,265,MoveRight
13525,526,392.53,None,1789,265,MoveRight
13527,529.5,372.91,MoveRight,1789,265,None
13528,533,363.1,MoveRight,1789,265,None
13529,536.5,353.29,MoveRight,1789,265,None
13530,540,343.48,MoveRight,1789,265,None
13531,543.5,333.67,MoveRight,1789,265,None
13532,547,323.86,MoveRight,1789,265,None
13533,550.5,314.05,MoveRight,1789,265,None
13534,554,304.24,MoveRight,1789,265,None
13535,557.5,294.43,MoveRight,1789,265,None
13536,561,284.62,MoveRight,1789,265,None
13537,564.5,274.81,MoveRight,1789,265,None
13538,571.5,265,MoveRight,1789,265,None
13539,578.5,265,MoveRight,1789,265,None
13540,585.5,265,MoveRight,1789,265,None
13541,592.5,265,MoveRight,1789,265,None
13542,599.5,265,MoveRight,1789,265,None
13543,606.5,265,MoveRight,1789,265,None
13544,613.5,265,MoveRight,1789,265,None
13545,620.5,265,MoveRight,1789,265,None
13546,627.5,265,MoveRight,1789,265,None
13547,634.5,265,MoveRight,1789,265,None
13548,641.5,265,MoveRight,1789,265,None
13549,648.5,265,MoveRight,1789,265,None
13550,655.5,265,MoveRight,1789,265,None
13551,662.5,265,MoveRight,1789,265,None
13552,669.5,265,MoveRight,1789,265,None
13553,676.5,265,MoveRight,1789,265,None
13554,683.5,265,MoveRight,1789,265,None
13555,690.5,265,MoveRight,1789,265,None
13556,697.5,265,MoveRight,1789,265,None
13557,704.5,265,MoveRight,1789,265,None
13558,711.5,265,MoveRight,1789,265,None
13559,718.5,265,MoveRight,1789,265,None
13560,725.5,265,MoveRight,1789,265,None
13561,732.5,265,MoveRight,1789,265,None
13562,739.5,265,MoveRight,1789,265,None
13563,746.5,265,MoveRight,1789,265,None
13564,753.5,265,MoveRight,1789,265,None
13565,760.5,265,MoveRight,1789,265,None
13566,767.5,265,MoveRight,1789,265,None
13567,774.5,265,MoveRight,1789,265,None
13568,774.5,265,None,1789,265,SpikeMedium
13568,781.5,265,MoveRight,1789,265,None
13568,781.5,265,None,1789,265,None
13569,788.5,265,MoveRight,1789,265,None
13570,795.5,265,MoveRight,1789,265,None
13571,802.5,265,MoveRight,1789,265,None
13572,809.5,265,MoveRight,1789,265,None
13573,816.5,265,MoveRight,1789,265,None
13574,823.5,265,MoveRight,1789,265,None
13589,830.5,265,MoveRight,1789,265,None
13590,837.5,265,MoveRight,1789,265,None
13591,844.5,265,MoveRight,1789,265,None
13592,851.5,265,MoveRight,1789,265,None
13593,858.5,265,MoveRight,1789,265,None
13594,865.5,265,MoveRight,1789,265,None
13595,872.5,265,MoveRight,1789,265,None
13596,879.5,265,MoveRight,1789,265,None
13597,886.5,265,MoveRight,1789,265,None
13598,893.5,265,MoveRight,1789,265,None
13599,900.5,265,MoveRight,1789,265,None
13600,907.5,265,MoveRight,1789,265,None
13601,914.5,265,MoveRight,1789,265,None
13602,921.5,265,MoveRight,1789,265,None
13603,928.5,265,MoveRight,1789,265,None
13614,935.5,265,MoveRight,1789,265,None
13615,942.5,265,MoveRight,1789,265,None
13616,949.5,265,MoveRight,1789,265,None
13617,956.5,265,MoveRight,1789,265,None
13618,963.5,265,MoveRight,1789,265,None
13619,970.5,265,MoveRight,1789,265,None
13620,977.5,265,MoveRight,1789,265,None
13621,984.5,265,MoveRight,1789,265,None
13622,991.5,265,MoveRight,1789,265,None
13623,998.5,265,MoveRight,1789,265,None
13624,991.5,265,MoveLeft,1789,265,None
13625,984.5,265,MoveLeft,1789,265,None
13626,977.5,265,MoveLeft,1789,265,None
13627,970.5,265,MoveLeft,1789,265,None
13628,970.5,265,Bump,1789,265,None
13628,963.5,265,MoveLeft,1789,265,None
13629,963.5,265,None,1782,265,MoveLeft
13630,963.5,265,None,1775,265,MoveLeft
13631,963.5,265,None,1768,265,MoveLeft
13632,963.5,265,None,1761,265,MoveLeft
13633,963.5,265,None,1754,265,MoveLeft
13634,963.5,265,None,1747,265,MoveLeft
13635,963.5,265,None,1740,265,MoveLeft
13636,963.5,265,None,1733,265,MoveLeft
13637,963.5,265,None,1726,265,MoveLeft
13638,963.5,265,None,1719,265,MoveLeft
13639,963.5,265,None,1712,265,MoveLeft
13640,963.5,265,None,1705,265,MoveLeft
13641,963.5,265,None,1698,265,MoveLeft
13642,963.5,265,None,1691,265,MoveLeft
13643,963.5,265,None,1684,265,MoveLeft
13644,963.5,265,None,1677,265,MoveLeft
13645,963.5,265,None,1670,265,MoveLeft
13646,963.5,265,None,1663,265,MoveLeft
13647,970.5,265,MoveRight,1663,265,None
13647,970.5,265,None,1656,265,MoveLeft
13648,977.5,265,MoveRight,1656,265,None
13648,977.5,265,None,1649,265,MoveLeft
13649,984.5,265,MoveRight,1649,265,None
13649,984.5,265,None,1642,265,MoveLeft
13650,991.5,265,MoveRight,1642,265,None
13650,991.5,265,None,1635,265,MoveLeft
13651,998.5,265,MoveRight,1635,265,None
13651,998.5,265,None,1628,265,MoveLeft
13652,1005.5,265,MoveRight,1628,265,None
13652,1005.5,265,None,1621,265,MoveLeft
13653,1012.5,265,MoveRight,1621,265,None
13653,1012.5,265,None,1614,265,MoveLeft
13654,1019.5,265,MoveRight,1614,265,None
13654,1019.5,265,None,1607,265,MoveLeft
13655,1026.5,265,MoveRight,1607,265,None
13655,1026.5,265,None,1600,265,MoveLeft
13656,1033.5,265,MoveRight,1600,265,None
13656,1033.5,265,None,1593,265,MoveLeft
13657,1040.5,265,MoveRight,1593,265,None
13657,1040.5,265,None,1586,265,MoveLeft
13658,1047.5,265,MoveRight,1586,265,None
13658,1047.5,265,None,1579,265,MoveLeft
13659,1054.5,265,MoveRight,1579,265,None
13659,1054.5,265,None,1572,265,MoveLeft
13660,1061.5,265,MoveRight,1572,265,None
13660,1061.5,265,None,1565,265,MoveLeft
13661,1068.5,265,MoveRight,1565,265,None
13661,1068.5,265,None,1558,265,MoveLeft
13662,1075.5,265,MoveRight,1558,265,None
13662,1075.5,265,None,1551,265,MoveLeft
13663,1082.5,265,MoveRight,1551,265,None
13663,1082.5,265,None,1544,265,MoveLeft
13664,1089.5,265,MoveRight,1544,265,None
13664,1089.5,265,None,1537,265,MoveLeft
13665,1096.5,265,MoveRight,1537,265,None
13665,1096.5,265,None,1530,265,MoveLeft
13666,1103.5,265,MoveRight,1530,265,None
13666,1103.5,265,None,1523,265,MoveLeft
13667,1110.5,265,MoveRight,1523,265,None
13667,1110.5,265,None,1516,265,MoveLeft
13668,1117.5,265,MoveRight,1516,265,None
13668,1117.5,265,None,1509,265,MoveLeft
13669,1124.5,265,MoveRight,1509,265,None
13669,1124.5,265,None,1502,265,MoveLeft
13670,1131.5,265,MoveRight,1502,265,None
13670,1131.5,265,None,1495,265,MoveLeft
13671,1138.5,265,MoveRight,1495,265,None
13671,1138.5,265,None,1488,265,MoveLeft
13672,1145.5,265,MoveRight,1488,265,None
13672,1145.5,265,None,1481,265,MoveLeft
13673,1152.5,265,MoveRight,1481,265,None
13674,1159.5,265,MoveRight,1481,265,None
13675,1166.5,265,MoveRight,1481,265,None
13676,1173.5,265,MoveRight,1481,265,None
13677,1180.5,265,MoveRight,1481,265,None
13678,1187.5,265,MoveRight,1481,265,None
13679,1194.5,265,MoveRight,1481,265,None
13680,1201.5,265,MoveRight,1481,265,None
13681,1208.5,265,MoveRight,1481,265,None
13682,1215.5,265,MoveRight,1481,265,None
13683,1222.5,265,MoveRight,1481,265,None
13684,1229.5,265,MoveRight,1481,265,None
13685,1236.5,265,MoveRight,1481,265,None
13686,1243.5,265,MoveRight,1481,265,None
13687,1250.5,265,MoveRight,1481,265,None
13688,1257.5,265,MoveRight,1481,265,None
13689,1264.5,265,MoveRight,1481,265,None
13690,1271.5,265,MoveRight,1481,265,None
13691,1278.5,265,MoveRight,1481,265,None
13692,1285.5,265,MoveRight,1481,265,None
13693,1292.5,265,MoveRight,1481,265,None
13694,1299.5,265,MoveRight,1481,265,None
13695,1306.5,265,MoveRight,1481,265,None
13698,1299.5,265,MoveLeft,1481,265,None
13699,1292.5,265,MoveLeft,1481,265,None
13700,1285.5,265,MoveLeft,1481,265,None
13701,1278.5,265,MoveLeft,1481,265,None
13702,1271.5,265,MoveLeft,1481,265,None
13703,1264.5,265,MoveLeft,1481,265,None
13704,1257.5,265,MoveLeft,1481,265,None
13705,1250.5,265,MoveLeft,1481,265,None
13706,1243.5,265,MoveLeft,1481,265,None
13707,1236.5,265,MoveLeft,1481,265,None
13708,1229.5,265,MoveLeft,1481,265,None
13709,1222.5,265,MoveLeft,1481,265,None
13710,1215.5,265,MoveLeft,1481,265,None
13711,1208.5,265,MoveLeft,1481,265,None
13712,1201.5,265,MoveLeft,1481,265,None
13713,1194.5,265,MoveLeft,1481,265,None
13714,1187.5,265,MoveLeft,1481,265,None
13715,1180.5,265,MoveLeft,1481,265,None
13716,1173.5,265,MoveLeft,1481,265,None
13717,1166.5,265,MoveLeft,1481,265,None
13718,1159.5,265,MoveLeft,1481,265,None
13719,1152.5,265,MoveLeft,1481,265,None
13720,1145.5,265,MoveLeft,1481,265,None
13721,1138.5,265,MoveLeft,1481,265,None
13722,1131.5,265,MoveLeft,1481,265,None
13723,1124.5,265,MoveLeft,1481,265,None
13724,1117.5,265,MoveLeft,1481,265,None
13725,1110.5,265,MoveLeft,1481,265,None
13726,1110.5,265,None,1481,265,SpikeLight
13726,1103.5,265,MoveLeft,1481,265,None
13726,1103.5,265,None,1481,265,None
13727,1096.5,265,MoveLeft,1481,265,None
13728,1089.5,265,MoveLeft,1481,265,None
13729,1082.5,265,MoveLeft,1481,265,None
13730,1075.5,265,MoveLeft,1481,265,None
13731,1068.5,265,MoveLeft,1481,265,None
13732,1061.5,265,MoveLeft,1481,265,None
13733,1054.5,265,MoveLeft,1481,265,None
13734,1047.5,265,MoveLeft,1481,265,None
13735,1040.5,265,MoveLeft,1481,265,None
13736,1033.5,265,MoveLeft,1481,265,None
13737,1026.5,265,MoveLeft,1481,265,None
13738,1019.5,265,MoveLeft,1481,265,None
13739,1012.5,265,MoveLeft,1481,265,None
13740,1005.5,265,MoveLeft,1481,265,None
13741,998.5,265,MoveLeft,1481,265,None
13742,991.5,265,MoveLeft,1481,265,None
13743,984.5,265,MoveLeft,1481,265,None
13744,977.5,265,MoveLeft,1481,265,None
13745,970.5,265,MoveLeft,1481,265,None
13746,963.5,265,MoveLeft,1481,265,None
13747,956.5,265,MoveLeft,1481,265,None
13748,949.5,265,MoveLeft,1481,265,None
13749,942.5,265,MoveLeft,1481,265,None
13750,935.5,265,MoveLeft,1481,265,None
13751,928.5,265,MoveLeft,1481,265,None
13752,921.5,265,MoveLeft,1481,265,None
13753,914.5,265,MoveLeft,1481,265,None
13754,907.5,265,MoveLeft,1481,265,None
13755,900.5,265,MoveLeft,1481,265,None
13757,907.5,265,MoveRight,1481,265,None
13758,914.5,265,MoveRight,1481,265,None
13759,921.5,265,MoveRight,1481,265,None
13760,928.5,265,MoveRight,1481,265,None
13761,935.5,265,MoveRight,1481,265,None
13762,942.5,265,MoveRight,1481,265,None
13763,949.5,265,MoveRight,1481,265,None
13764,956.5,265,MoveRight,1481,265,None
13765,963.5,265,MoveRight,1481,265,None
13766,970.5,265,MoveRight,1481,265,None
13767,977.5,265,MoveRight,1481,265,None
13768,984.5,265,MoveRight,1481,265,None
13769,991.5,265,MoveRight,1481,265,None
13770,998.5,265,MoveRight,1481,265,None
13771,1005.5,265,MoveRight,1481,265,None
13772,1012.5,265,MoveRight,1481,265,None
13773,1019.5,265,MoveRight,1481,265,None
13774,1026.5,265,MoveRight,1481,265,None
13775,1033.5,265,MoveRight,1481,265,None
13776,1040.5,265,MoveRight,1481,265,None
13777,1047.5,265,MoveRight,1481,265,None
13778,1054.5,265,MoveRight,1481,265,None
13779,1061.5,265,MoveRight,1481,265,None
13780,1068.5,265,MoveRight,1481,265,None
13781,1075.5,265,MoveRight,1481,265,None
13782,1082.5,265,MoveRight,1481,265,None
13783,1089.5,265,MoveRight,1481,265,None
13784,1096.5,265,MoveRight,1481,265,None
13785,1103.5,265,MoveRight,1481,265,None
13786,1103.5,265,Bump,1481,265,None
13786,1110.5,265,MoveRight,1481,265,None
13787,1110.5,265,None,1488,265,MoveRight
13788,1110.5,265,None,1495,265,MoveRight
13789,1110.5,265,None,1502,265,MoveRight
13790,1110.5,265,None,1509,265,MoveRight
13791,1110.5,265,None,1516,265,MoveRight
13792,1110.5,265,None,1523,265,MoveRight
13793,1110.5,265,None,1530,265,MoveRight
13794,1110.5,265,None,1537,265,MoveRight
13795,1110.5,265,None,1544,265,MoveRight
13796,1110.5,265,None,1551,265,MoveRight
13797,1110.5,265,None,1558,265,MoveRight
13798,1110.5,265,None,1565,265,MoveRight
13799,1110.5,265,None,1572,265,MoveRight
13800,1110.5,265,None,1579,265,MoveRight
13801,1110.5,265,None,1586,265,MoveRight
13802,1110.5,265,None,1593,265,MoveRight
13803,1110.5,265,None,1600,265,MoveRight
13804,1110.5,265,None,1607,265,MoveRight
13805,1110.5,265,None,1614,265,MoveRight
13806,1117.5,265,MoveRight,1614,265,None
13806,1117.5,265,None,1621,265,MoveRight
13807,1124.5,265,MoveRight,1621,265,None
13807,1124.5,265,None,1628,265,MoveRight
13808,1131.5,265,MoveRight,1628,265,None
13808,1131.5,265,None,1635,265,MoveRight
13809,1138.5,265,MoveRight,1635,265,None
13809,1138.5,265,None,1642,265,MoveRight
13810,1145.5,265,MoveRight,1642,265,None
13810,1145.5,265,None,1649,265,MoveRight
13811,1152.5,265,MoveRight,1649,265,None
13811,1152.5,265,None,1656,265,MoveRight
13812,1159.5,265,MoveRight,1656,265,None
13812,1159.5,265,None,1663,265,MoveRight
13813,1166.5,265,MoveRight,1663,265,None
13814,1173.5,265,MoveRight,1663,265,None
13815,1180.5,265,MoveRight,1663,265,None
13816,1187.5,265,MoveRight,1663,265,None
13817,1194.5,265,MoveRight,1663,265,None
13818,1201.5,265,MoveRight,1663,265,None
13819,1208.5,265,MoveRight,1663,265,None
13820,1215.5,265,MoveRight,1663,265,None
13821,1222.5,265,MoveRight,1663,265,None
13822,1229.5,265,MoveRight,1663,265,None
13823,1236.5,265,MoveRight,1663,265,None
13824,1243.5,265,MoveRight,1663,265,None
13825,1250.5,265,MoveRight,1663,265,None
13826,1257.5,265,MoveRight,1663,265,None
13827,1250.5,265,MoveLeft,1663,265,None
13828,1243.5,265,MoveLeft,1663,265,None
13829,1236.5,265,MoveLeft,1663,265,None
13830,1229.5,265,MoveLeft,1663,265,None
13831,1222.5,265,MoveLeft,1663,265,None
13832,1215.5,265,MoveLeft,1663,265,None
13833,1208.5,265,MoveLeft,1663,265,None
13834,1201.5,265,MoveLeft,1663,265,None
13835,1194.5,265,MoveLeft,1663,265,None
13836,1187.5,265,MoveLeft,1663,265,None
13837,1180.5,265,MoveLeft,1663,265,None
13838,1173.5,265,MoveLeft,1663,265,None
13839,1166.5,265,MoveLeft,1663,265,None
13840,1159.5,265,MoveLeft,1663,265,None
13841,1152.5,265,MoveLeft,1663,265,None
13842,1145.5,265,MoveLeft,1663,265,None
13843,1138.5,265,MoveLeft,1663,265,None
13844,1131.5,265,MoveLeft,1663,265,None
13845,1124.5,265,MoveLeft,1663,265,None
13846,1117.5,265,MoveLeft,1663,265,None
13852,1124.5,265,MoveRight,1663,265,None
13853,1131.5,265,MoveRight,1663,265,None
13854,1138.5,265,MoveRight,1663,265,None
13855,1145.5,265,MoveRight,1663,265,None
13856,1152.5,265,MoveRight,1663,265,None
13857,1159.5,265,MoveRight,1663,265,None
13858,1166.5,265,MoveRight,1663,265,None
13859,1173.5,265,MoveRight,1663,265,None
13860,1180.5,265,MoveRight,1663,265,None
13861,1173.5,265,MoveLeft,1663,265,None
13862,1166.5,265,MoveLeft,1663,265,None
13863,1159.5,265,MoveLeft,1663,265,None
13864,1152.5,265,MoveLeft,1663,265,None
13865,1145.5,265,MoveLeft,1663,265,None
13866,1138.5,265,MoveLeft,1663,265,None
13867,1131.5,265,MoveLeft,1663,265,None
13868,1124.5,265,MoveLeft,1663,265,None
13869,1117.5,265,MoveLeft,1663,265,None
13880,1110.5,265,MoveLeft,1663,265,None
13881,1103.5,265,MoveLeft,1663,265,None
13882,1096.5,265,MoveLeft,1663,265,None
13883,1089.5,265,MoveLeft,1663,265,None
13884,1082.5,265,MoveLeft,1663,265,None
13885,1075.5,265,MoveLeft,1663,265,None
13886,1068.5,265,MoveLeft,1663,265,None
13887,1061.5,265,MoveLeft,1663,265,None
13888,1054.5,265,MoveLeft,1663,265,None
13889,1054.5,265,None,1663,265,SpikeMedium
13889,1047.5,265,MoveLeft,1663,265,None
13889,1047.5,265,None,1663,265,None
13890,1040.5,265,MoveLeft,1663,265,None
13891,1033.5,265,MoveLeft,1663,265,None
13892,1026.5,265,MoveLeft,1663,265,None
13893,1019.5,265,MoveLeft,1663,265,None
13894,1012.5,265,MoveLeft,1663,265,None
13895,1005.5,265,MoveLeft,1663,265,None
13896,998.5,265,MoveLeft,1663,265,None
13897,991.5,265,MoveLeft,1663,265,None
13898,984.5,265,MoveLeft,1663,265,None
13899,977.5,265,MoveLeft,1663,265,None
13908,970.5,265,MoveLeft,1663,265,None
13909,963.5,265,MoveLeft,1663,265,None
13910,956.5,265,MoveLeft,1663,265,None
13911,949.5,265,MoveLeft,1663,265,None
13912,942.5,265,MoveLeft,1663,265,None
13913,935.5,265,MoveLeft,1663,265,None
13914,928.5,265,MoveLeft,1663,265,None
13915,921.5,265,MoveLeft,1663,265,None
13916,914.5,265,MoveLeft,1663,265,None
13917,907.5,265,MoveLeft,1663,265,None
13918,900.5,265,MoveLeft,1663,265,None
13919,893.5,265,MoveLeft,1663,265,None
13920,886.5,265,MoveLeft,1663,265,None
13921,879.5,265,MoveLeft,1663,265,None
13922,872.5,265,MoveLeft,1663,265,None
13926,879.5,265,MoveRight,1663,265,None
13927,886.5,265,MoveRight,1663,265,None
13928,893.5,265,MoveRight,1663,265,None
13929,900.5,265,MoveRight,1663,265,None
13930,907.5,265,MoveRight,1663,265,None
13931,914.5,265,MoveRight,1663,265,None
13932,921.5,265,MoveRight,1663,265,None
13933,928.5,265,MoveRight,1663,265,None
13934,935.5,265,MoveRight,1663,265,None
13935,942.5,265,MoveRight,1663,265,None
13936,949.5,265,MoveRight,1663,265,None
13937,956.5,265,MoveRight,1663,265,None
13938,963.5,265,MoveRight,1663,265,None
13939,970.5,265,MoveRight,1663,265,None
13940,963.5,265,MoveLeft,1663,265,None
13941,956.5,265,MoveLeft,1663,265,None
13942,949.5,265,MoveLeft,1663,265,None
13943,942.5,265,MoveLeft,1663,265,None
13944,935.5,265,MoveLeft,1663,265,None
13945,928.5,265,MoveLeft,1663,265,None
13946,921.5,265,MoveLeft,1663,265,None
13947,914.5,265,MoveLeft,1663,265,None
13948,907.5,265,MoveLeft,1663,265,None
13949,900.5,265,MoveLeft,1663,265,None
13950,900.5,265,Bump,1663,265,None
13950,893.5,265,MoveLeft,1663,265,None
13951,893.5,265,None,1670,265,MoveRight
13952,893.5,265,None,1677,265,MoveRight
13953,893.5,265,None,1684,265,MoveRight
13954,893.5,265,None,1691,265,MoveRight
13955,893.5,265,None,1698,265,MoveRight
13956,893.5,265,None,1705,265,MoveRight
13957,893.5,265,None,1712,265,MoveRight
13958,893.5,265,None,1719,265,MoveRight
13959,893.5,265,None,1726,265,MoveRight
13969,886.5,265,MoveLeft,1726,265,None
13970,879.5,265,MoveLeft,1726,265,None
13971,872.5,265,MoveLeft,1726,265,None
13975,879.5,265,MoveRight,1726,265,None
13976,886.5,265,MoveRight,1726,265,None
13977,893.5,265,MoveRight,1726,265,None
13978,900.5,265,MoveRight,1726,265,None
13979,907.5,265,MoveRight,1726,265,None
13980,914.5,265,MoveRight,1726,265,None
13981,921.5,265,MoveRight,1726,265,None
13982,928.5,265,MoveRight,1726,265,None
13983,935.5,265,MoveRight,1726,265,None
13984,942.5,265,MoveRight,1726,265,None
13985,949.5,265,MoveRight,1726,265,None
13986,956.5,265,MoveRight,1726,265,None
13987,963.5,265,MoveRight,1726,265,None
13988,970.5,265,MoveRight,1726,265,None
13989,977.5,265,MoveRight,1726,265,None
13990,984.5,265,MoveRight,1726,265,None
13991,991.5,265,MoveRight,1726,265,None
13992,998.5,265,MoveRight,1726,265,None
13993,1005.5,265,MoveRight,1726,265,None
13994,1012.5,265,MoveRight,1726,265,None
13995,1019.5,265,MoveRight,1726,265,None
13996,1026.5,265,MoveRight,1726,265,None
13997,1033.5,265,MoveRight,1726,265,None
13998,1040.5,265,MoveRight,1726,265,None
13999,1047.5,265,MoveRight,1726,265,None
14000,1054.5,265,MoveRight,1726,265,None
14001,1061.5,265,MoveRight,1726,265,None
14002,1068.5,265,MoveRight,1726,265,None
14003,1075.5,265,MoveRight,1726,265,None
14004,1082.5,265,MoveRight,1726,265,None
14005,1089.5,265,MoveRight,1726,265,None
14006,1096.5,265,MoveRight,1726,265,None
14007,1103.5,265,MoveRight,1726,265,None
14008,1110.5,265,MoveRight,1726,265,None
14009,1117.5,265,MoveRight,1726,265,None
14010,1124.5,265,MoveRight,1726,265,None
14011,1131.5,265,MoveRight,1726,265,None
14012,1138.5,265,MoveRight,1726,265,None
14013,1145.5,265,MoveRight,1726,265,None
14014,1152.5,265,MoveRight,1726,265,None
14015,1159.5,265,MoveRight,1726,265,None
14016,1166.5,265,MoveRight,1726,265,None
14017,1173.5,265,MoveRight,1726,265,None
14018,1180.5,265,MoveRight,1726,265,None
14019,1187.5,265,MoveRight,1726,265,None
14020,1194.5,265,MoveRight,1726,265,None
14021,1201.5,265,MoveRight,1726,265,None
14022,1208.5,265,MoveRight,1726,265,None
14023,1215.5,265,MoveRight,1726,265,None
14024,1222.5,265,MoveRight,1726,265,None
14025,1229.5,265,MoveRight,1726,265,None
14026,1236.5,265,MoveRight,1726,265,None
14037,1236.5,265,Set,1726,265,None
14037,1236.5,265,None,1726,265,None
14066,1236.5,284.62,None,1726,265,None
14108,1236.5,451.39,None,1726,265,None
14109,1236.5,441.58,None,1726,265,None
14131,1236.5,284.62,None,1726,265,None
14152,1236.5,480.82,SpikeMedium,1726,265,None
14152,1236.5,500.44,None,1726,265,None
14153,1236.5,510.25,None,1733,265,MoveRight
14154,1236.5,520.06,None,1740,265,MoveRight
14155,1236.5,529.87,None,1747,265,MoveRight
14156,1236.5,539.68,None,1754,265,MoveRight
14157,1236.5,549.49,None,1761,265,MoveRight
14158,1236.5,559.3,None,1768,265,MoveRight
14159,1236.5,569.11,None,1775,265,MoveRight
14160,1236.5,578.92,None,1782,265,MoveRight
14161,1236.5,569.11,None,1789,265,MoveRight
14162,1236.5,559.3,None,1796,265,MoveRight
14163,1236.5,549.49,None,1803,265,MoveRight
14164,1236.5,539.68,None,1810,265,MoveRight
14165,1236.5,529.87,None,1817,265,MoveRight
14166,1236.5,520.06,None,1824,265,MoveRight
14167,1236.5,510.25,None,1831,265,MoveRight
14168,1236.5,500.44,None,1838,265,MoveRight
14169,1236.5,490.63,None,1845,265,MoveRight
14170,1236.5,480.82,None,1852,265,MoveRight
14171,1236.5,471.01,None,1859,265,MoveRight
14172,1236.5,461.2,None,1866,265,MoveRight
14173,1236.5,451.39,None,1873,265,MoveRight
14174,1236.5,441.58,None,1880,265,MoveRight
14175,1236.5,431.77,None,1887,265,MoveRight
14176,1236.5,421.96,None,1894,265,MoveRight
14177,1236.5,412.15,None,1901,265,MoveRight
14178,1236.5,402.34,None,1908,265,MoveRight
14179,1236.5,392.53,None,1915,265,MoveRight
14180,1236.5,382.72,None,1922,265,MoveRight
14181,1233,372.91,MoveLeft,1922,265,None
14181,1233,372.91,None,1929,265,MoveRight
14182,1229.5,363.1,MoveLeft,1929,265,None
14182,1229.5,363.1,None,1936,265,MoveRight
14183,1226,353.29,MoveLeft,1936,265,None
14183,1226,353.29,None,1943,265,MoveRight
14184,1222.5,343.48,MoveLeft,1943,265,None
14184,1222.5,343.48,None,1950,265,MoveRight
14185,1219,333.67,MoveLeft,1950,265,None
14185,1219,333.67,None,1957,265,MoveRight
14186,1215.5,323.86,MoveLeft,1957,265,None
14186,1215.5,323.86,None,1964,265,MoveRight
14187,1212,314.05,MoveLeft,1964,265,None
14187,1212,314.05,None,1971,265,MoveRight
14188,1208.5,304.24,MoveLeft,1971,265,None
14189,1205,294.43,MoveLeft,1971,265,None
14190,1201.5,284.62,MoveLeft,1971,265,None
14191,1198,274.81,MoveLeft,1971,265,None
14192,1191,265,MoveLeft,1971,265,None
14193,1184,265,MoveLeft,1971,265,None
14194,1177,265,MoveLeft,1971,265,None
14195,1170,265,MoveLeft,1971,265,None
14196,1163,265,MoveLeft,1971,265,None
14197,1156,265,MoveLeft,1971,265,None
14198,1149,265,MoveLeft,1971,265,None
14199,1142,265,MoveLeft,1971,265,None
14200,1135,265,MoveLeft,1971,265,None
14201,1128,265,MoveLeft,1971,265,None
14202,1121,265,MoveLeft,1971,265,None
14203,1121,265,None,1971,265,SpikeMedium
14203,1114,265,MoveLeft,1971,265,None
14203,1114,265,None,1971,265,None
14204,1107,265,MoveLeft,1971,265,None
14205,1100,265,MoveLeft,1971,265,None
14206,1093,265,MoveLeft,1971,265,None
14207,1086,265,MoveLeft,1971,265,None
14208,1079,265,MoveLeft,1971,265,None
14209,1072,265,MoveLeft,1971,265,None
14210,1065,265,MoveLeft,1971,265,None
14211,1058,265,MoveLeft,1971,265,None
14212,1051,265,MoveLeft,1971,265,None
14213,1044,265,MoveLeft,1971,265,None
14214,1037,265,MoveLeft,1971,265,None
14215,1030,265,MoveLeft,1971,265,None
14216,1023,265,MoveLeft,1971,265,None
14217,1016,265,MoveLeft,1971,265,None
14218,1009,265,MoveLeft,1971,265,None
14219,1002,265,MoveLeft,1971,265,None
14220,995,265,MoveLeft,1971,265,None
14221,988,265,MoveLeft,1971,265,None
14222,981,265,MoveLeft,1971,265,None
14223,974,265,MoveLeft,1971,265,None
14224,967,265,MoveLeft,1971,265,None
14225,960,265,MoveLeft,1971,265,None
14226,953,265,MoveLeft,1971,265,None
14227,946,265,MoveLeft,1971,265,None
14228,939,265,MoveLeft,1971,265,None
14229,932,265,MoveLeft,1971,265,None
14230,925,265,MoveLeft,1971,265,None
14231,918,265,MoveLeft,1971,265,None
14232,911,265,MoveLeft,1971,265,None
14233,904,265,MoveLeft,1971,265,None
14234,897,265,MoveLeft,1971,265,None
14235,890,265,MoveLeft,1971,265,None
14236,883,265,MoveLeft,1971,265,None
14237,890,265,MoveRight,1971,265,None
14238,897,265,MoveRight,1971,265,None
14239,904,265,MoveRight,1971,265,None
14240,911,265,MoveRight,1971,265,None
14241,918,265,MoveRight,1971,265,None
14242,925,265,MoveRight,1971,265,None
14243,932,265,MoveRight,1971,265,None
14244,939,265,MoveRight,1971,265,None
14245,946,265,MoveRight,1971,265,None
14246,953,265,MoveRight,1971,265,None
14247,960,265,MoveRight,1971,265,None
14248,967,265,MoveRight,1971,265,None
14249,974,265,MoveRight,1971,265,None
14250,981,265,MoveRight,1971,265,None
14251,988,265,MoveRight,1971,265,None
14252,995,265,MoveRight,1971,265,None
14253,1002,265,MoveRight,1971,265,None
14254,1009,265,MoveRight,1971,265,None
14255,1016,265,MoveRight,1971,265,None
14256,1023,265,MoveRight,1971,265,None
14257,1030,265,MoveRight,1971,265,None
14258,1037,265,MoveRight,1971,265,None
14259,1044,265,MoveRight,1971,265,None
14260,1051,265,MoveRight,1971,265,None
14261,1058,265,MoveRight,1971,265,None
14262,1065,265,MoveRight,1971,265,None
14263,1072,265,MoveRight,1971,265,None
14264,1079,265,MoveRight,1971,265,None
14265,1079,265,None,1971,265,None
14266,1079,265,Bump,1971,265,None
14266,1079,265,None,1971,265,None
14267,1079,265,None,1964,265,MoveLeft
14268,1079,265,None,1957,265,MoveLeft
14269,1079,265,None,1950,265,MoveLeft
14270,1079,265,None,1943,265,MoveLeft
14271,1079,265,None,1936,265,MoveLeft
14272,1079,265,None,1929,265,MoveLeft
14273,1079,265,None,1922,265,MoveLeft
14274,1079,265,None,1915,265,MoveLeft
14275,1079,265,None,1908,265,MoveLeft
14276,1079,265,None,1901,265,MoveLeft
14277,1079,265,None,1894,265,MoveLeft
14278,1079,265,None,1887,265,MoveLeft
14279,1079,265,None,1880,265,MoveLeft
14280,1079,265,None,1873,265,MoveLeft
14281,1079,265,None,1866,265,MoveLeft
14282,1079,265,None,1859,265,MoveLeft
14283,1079,265,None,1852,265,MoveLeft
14284,1079,265,None,1845,265,MoveLeft
14285,1079,265,None,1838,265,MoveLeft
14286,1086,265,MoveRight,1838,265,None
14286,1086,265,None,1831,265,MoveLeft
14287,1093,265,MoveRight,1831,265,None
14287,1093,265,None,1824,265,MoveLeft
14288,1100,265,MoveRight,1824,265,None
14288,1100,265,None,1817,265,MoveLeft
14289,1107,265,MoveRight,1817,265,None
14289,1107,265,None,1810,265,MoveLeft
14290,1114,265,MoveRight,1810,265,None
14290,1114,265,None,1803,265,MoveLeft
14291,1121,265,MoveRight,1803,265,None
14291,1121,265,None,1796,265,MoveLeft
14292,1128,265,MoveRight,1796,265,None
14292,1128,265,None,1789,265,MoveLeft
14293,1135,265,MoveRight,1789,265,None
14293,1135,265,None,1782,265,MoveLeft
14294,1142,265,MoveRight,1782,265,None
14294,1142,265,None,1775,265,MoveLeft
14295,1149,265,MoveRight,1775,265,None
14295,1149,265,None,1768,265,MoveLeft
14296,1156,265,MoveRight,1768,265,None
14296,1156,265,None,1761,265,MoveLeft
14297,1163,265,MoveRight,1761,265,None
14297,1163,265,None,1754,265,MoveLeft
14298,1170,265,MoveRight,1754,265,None
14298,1170,265,None,1747,265,MoveLeft
14299,1177,265,MoveRight,1747,265,None
14299,1177,265,None,1740,265,MoveLeft
14300,1184,265,MoveRight,1740,265,None
14300,1184,265,None,1733,265,MoveLeft
14301,1191,265,MoveRight,1733,265,None
14301,1191,265,None,1726,265,MoveLeft
14302,1198,265,MoveRight,1726,265,None
14302,1198,265,None,1719,265,MoveLeft
14303,1205,265,MoveRight,1719,265,None
14303,1205,265,None,1712,265,MoveLeft
14304,1212,265,MoveRight,1712,265,None
14304,1212,265,None,1705,265,MoveLeft
14305,1219,265,MoveRight,1705,265,None
14305,1219,265,None,1698,265,MoveLeft
14306,1226,265,MoveRight,1698,265,None
14306,1226,265,None,1691,265,MoveLeft
14307,1233,265,MoveRight,1691,265,None
14307,1233,265,None,1684,265,MoveLeft
14308,1233,265,None,1677,265,MoveLeft
14309,1233,265,None,1670,265,MoveLeft
14310,1226,265,MoveLeft,1670,265,None
14310,1226,265,None,1663,265,MoveLeft
14311,1219,265,MoveLeft,1663,265,None
14311,1219,265,None,1656,265,MoveLeft
14312,1212,265,MoveLeft,1656,265,None
14313,1205,265,MoveLeft,1656,265,None
14314,1198,265,MoveLeft,1656,265,None
14315,1191,265,MoveLeft,1656,265,None
14316,1184,265,MoveLeft,1656,265,None
14317,1177,265,MoveLeft,1656,265,None
14318,1170,265,MoveLeft,1656,265,None
14319,1163,265,MoveLeft,1656,265,None
14320,1156,265,MoveLeft,1656,265,None
14321,1149,265,MoveLeft,1656,265,None
14322,1142,265,MoveLeft,1656,265,None
14323,1135,265,MoveLeft,1656,265,None
14324,1128,265,MoveLeft,1656,265,None
14325,1121,265,MoveLeft,1656,265,None
14326,1114,265,MoveLeft,1656,265,None
14327,1107,265,MoveLeft,1656,265,None
14328,1100,265,MoveLeft,1656,265,None
14329,1093,265,MoveLeft,1656,265,None
14330,1086,265,MoveLeft,1656,265,None
14331,1079,265,MoveLeft,1656,265,None
14332,1072,265,MoveLeft,1656,265,None
14333,1065,265,MoveLeft,1656,265,None
14334,1058,265,MoveLeft,1656,265,None
14335,1051,265,MoveLeft,1656,265,None
14336,1044,265,MoveLeft,1656,265,None
14337,1037,265,MoveLeft,1656,265,None
14338,1030,265,MoveLeft,1656,265,None
14339,1023,265,MoveLeft,1656,265,None
14340,1016,265,MoveLeft,1656,265,None
14341,1009,265,MoveLeft,1656,265,None
14342,1002,265,MoveLeft,1656,265,None
14346,1009,265,MoveRight,1656,265,None
14347,1016,265,MoveRight,1656,265,None
14348,1023,265,MoveRight,1656,265,None
14349,1030,265,MoveRight,1656,265,None
14350,1037,265,MoveRight,1656,265,None
14351,1044,265,MoveRight,1656,265,None
14352,1051,265,MoveRight,1656,265,None
14353,1058,265,MoveRight,1656,265,None
14354,1065,265,MoveRight,1656,265,None
14355,1072,265,MoveRight,1656,265,None
14356,1079,265,MoveRight,1656,265,None
14357,1086,265,MoveRight,1656,265,None
14358,1093,265,MoveRight,1656,265,None
14360,1086,265,MoveLeft,1656,265,None
14361,1079,265,MoveLeft,1656,265,None
14362,1072,265,MoveLeft,1656,265,None
14363,1065,265,MoveLeft,1656,265,None
14364,1058,265,MoveLeft,1656,265,None
14365,1051,265,MoveLeft,1656,265,None
14366,1044,265,MoveLeft,1656,265,None
14367,1044,265,None,1656,265,SpikeLight
14367,1037,265,MoveLeft,1656,265,None
14367,1037,265,None,1656,265,None
14368,1030,265,MoveLeft,1656,265,None
14369,1023,265,MoveLeft,1656,265,None
14370,1016,265,MoveLeft,1656,265,None
14371,1009,265,MoveLeft,1656,265,None
14372,1002,265,MoveLeft,1656,265,None
14373,995,265,MoveLeft,1656,265,None
14374,988,265,MoveLeft,1656,265,None
14375,981,265,MoveLeft,1656,265,None
14376,974,265,MoveLeft,1656,265,None
14377,967,265,MoveLeft,1656,265,None
14378,960,265,MoveLeft,1656,265,None
14379,953,265,MoveLeft,1656,265,None
14380,946,265,MoveLeft,1656,265,None
14381,939,265,MoveLeft,1656,265,None
14382,932,265,MoveLeft,1656,265,None
14383,925,265,MoveLeft,1656,265,None
14384,918,265,MoveLeft,1656,265,None
14385,911,265,MoveLeft,1656,265,None
14386,904,265,MoveLeft,1656,265,None
14387,897,265,MoveLeft,1656,265,None
14388,890,265,MoveLeft,1656,265,None
14389,883,265,MoveLeft,1656,265,None
14390,876,265,MoveLeft,1656,265,None
14391,869,265,MoveLeft,1656,265,None
14393,876,265,MoveRight,1656,265,None
14394,883,265,MoveRight,1656,265,None
14395,890,265,MoveRight,1656,265,None
14396,897,265,MoveRight,1656,265,None
14397,904,265,MoveRight,1656,265,None
14398,911,265,MoveRight,1656,265,None
14399,918,265,MoveRight,1656,265,None
14400,925,265,MoveRight,1656,265,None
14401,932,265,MoveRight,1656,265,None
14402,939,265,MoveRight,1656,265,None
14403,946,265,MoveRight,1656,265,None
14404,953,265,MoveRight,1656,265,None
14405,960,265,MoveRight,1656,265,None
14406,967,265,MoveRight,1656,265,None
14407,974,265,MoveRight,1656,265,None
14408,981,265,MoveRight,1656,265,None
14409,988,265,MoveRight,1656,265,None
14410,995,265,MoveRight,1656,265,None
14411,1002,265,MoveRight,1656,265,None
14412,1009,265,MoveRight,1656,265,None
14413,1016,265,MoveRight,1656,265,None
14414,1023,265,MoveRight,1656,265,None
14415,1030,265,MoveRight,1656,265,None
14416,1037,265,MoveRight,1656,265,None
14417,1044,265,MoveRight,1656,265,None
14418,1051,265,MoveRight,1656,265,None
14419,1058,265,MoveRight,1656,265,None
14420,1065,265,MoveRight,1656,265,None
14421,1072,265,MoveRight,1656,265,None
14422,1079,265,MoveRight,1656,265,None
14423,1086,265,MoveRight,1656,265,None
14424,1093,265,MoveRight,1656,265,None
14425,1100,265,MoveRight,1656,265,None
14426,1107,265,MoveRight,1656,265,None
14427,1114,265,MoveRight,1656,265,None
14428,1121,265,MoveRight,1656,265,None
14429,1128,265,MoveRight,1656,265,None
14430,1135,265,MoveRight,1656,265,None
14431,1142,265,MoveRight,1656,265,None
14432,1149,265,MoveRight,1656,265,None
14433,1156,265,MoveRight,1656,265,None
14434,1163,265,MoveRight,1656,265,None
14435,1170,265,MoveRight,1656,265,None
14436,1177,265,MoveRight,1656,265,None
14437,1184,265,MoveRight,1656,265,None
14445,1177,265,MoveLeft,1656,265,None
14446,1170,265,MoveLeft,1656,265,None
14447,1163,265,MoveLeft,1656,265,None
14448,1156,265,MoveLeft,1656,265,None
14449,1149,265,MoveLeft,1656,265,None
14450,1142,265,MoveLeft,1656,265,None
14451,1135,265,MoveLeft,1656,265,None
14452,1128,265,MoveLeft,1656,265,None
14453,1121,265,MoveLeft,1656,265,None
14454,1114,265,MoveLeft,1656,265,None
14455,1107,265,MoveLeft,1656,265,None
14456,1100,265,MoveLeft,1656,265,None
14457,1093,265,MoveLeft,1656,265,None
14458,1086,265,MoveLeft,1656,265,None
14459,1079,265,MoveLeft,1656,265,None
14460,1072,265,MoveLeft,1656,265,None
14461,1065,265,MoveLeft,1656,265,None
14462,1058,265,MoveLeft,1656,265,None
14463,1051,265,MoveLeft,1656,265,None
14464,1044,265,MoveLeft,1656,265,None
14465,1037,265,MoveLeft,1656,265,None
14466,1030,265,MoveLeft,1656,265,None
14467,1023,265,MoveLeft,1656,265,None
14468,1016,265,MoveLeft,1656,265,None
14469,1009,265,MoveLeft,1656,265,None
14470,1002,265,MoveLeft,1656,265,None
14471,995,265,MoveLeft,1656,265,None
14472,988,265,MoveLeft,1656,265,None
14473,981,265,MoveLeft,1656,265,None
14494,337,265,MoveRight,1670,265,None
14495,344,265,MoveRight,1670,265,None
14496,351,265,MoveRight,1670,265,None
14497,358,265,MoveRight,1670,265,None
14498,365,265,MoveRight,1670,265,None
14499,372,265,MoveRight,1670,265,None
14500,379,265,MoveRight,1670,265,None
14501,386,265,MoveRight,1670,265,None
14502,393,265,MoveRight,1670,265,None
14539,400,265,MoveRight,1670,265,None
14540,407,265,MoveRight,1670,265,None
14541,414,265,MoveRight,1670,265,None
14542,421,265,MoveRight,1670,265,None
14543,428,265,MoveRight,1670,265,None
14544,435,265,MoveRight,1670,265,None
14545,442,265,MoveRight,1670,265,None
14546,449,265,MoveRight,1670,265,None
14547,456,265,MoveRight,1670,265,None
14548,463,265,MoveRight,1670,265,None
14549,470,265,MoveRight,1670,265,None
14550,477,265,MoveRight,1670,265,None
14551,484,265,MoveRight,1670,265,None
14552,491,265,MoveRight,1670,265,None
14553,498,265,MoveRight,1670,265,None
14567,498,284.62,None,1670,265,None
14589,498,490.63,Serve,1670,265,None
14589,498,510.25,None,1670,265,None
14590,498,520.06,None,1677,265,MoveRight
14591,498,529.87,None,1684,265,MoveRight
14592,498,539.68,None,1691,265,MoveRight
14593,498,549.49,None,1698,265,MoveRight
14594,498,559.3,None,1705,265,MoveRight
14595,498,569.11,None,1712,265,MoveRight
14596,498,578.92,None,1719,265,MoveRight
14597,498,569.11,None,1726,265,MoveRight
14598,498,559.3,None,1733,265,MoveRight
14599,498,549.49,None,1740,265,MoveRight
14600,498,539.68,None,1747,265,MoveRight
14601,498,529.87,None,1754,265,MoveRight
14602,498,520.06,None,1761,265,MoveRight
14603,498,510.25,None,1768,265,MoveRight
14604,498,500.44,None,1775,265,MoveRight
14605,498,490.63,None,1782,265,MoveRight
14606,498,480.82,None,1789,265,MoveRight
14607,498,471.01,None,1796,265,MoveRight
14608,501.5,461.2,MoveRight,1796,265,None
14608,501.5,461.2,None,1803,265,MoveRight
14609,505,451.39,MoveRight,1803,265,None
14609,505,451.39,None,1810,265,MoveRight
14610,508.5,441.58,MoveRight,1810,265,None
14610,508.5,441.58,None,1817,265,MoveRight
14611,512,431.77,MoveRight,1817,265,None
14611,512,431.77,None,1824,265,MoveRight
14612,515.5,421.96,MoveRight,1824,265,None
14612,515.5,421.96,None,1831,265,MoveRight
14613,519,412.15,MoveRight,1831,265,None
14613,519,412.15,None,1838,265,MoveRight
14614,522.5,402.34,MoveRight,1838,265,None
14614,522.5,402.34,None,1845,265,MoveRight
14615,526,392.53,MoveRight,1845,265,None
14616,529.5,382.72,MoveRight,1845,265,None
14617,533,372.91,MoveRight,1845,265,None
14618,536.5,363.1,MoveRight,1845,265,None
14619,540,353.29,MoveRight,1845,265,None
14620,543.5,343.48,MoveRight,1845,265,None
14621,547,333.67,MoveRight,1845,265,None
14622,550.5,323.86,MoveRight,1845,265,None
14623,554,314.05,MoveRight,1845,265,None
14624,557.5,304.24,MoveRight,1845,265,None
14625,561,294.43,MoveRight,1845,265,None
14626,564.5,284.62,MoveRight,1845,265,None
14627,568,274.81,MoveRight,1845,265,None
14628,575,265,MoveRight,1845,265,None
14629,582,265,MoveRight,1845,265,None
14630,589,265,MoveRight,1845,265,None
14631,596,265,MoveRight,1845,265,None
14632,603,265,MoveRight,1845,265,None
14633,610,265,MoveRight,1845,265,None
14634,617,265,MoveRight,1845,265,None
14635,624,265,MoveRight,1845,265,None
14636,631,265,MoveRight,1845,265,None
14637,638,265,MoveRight,1845,265,None
14638,645,265,MoveRight,1845,265,None
14639,652,265,MoveRight,1845,265,None
14640,659,265,MoveRight,1845,265,None
14641,666,265,MoveRight,1845,265,None
14642,673,265,MoveRight,1845,265,None
14643,680,265,MoveRight,1845,265,None
14644,687,265,MoveRight,1845,265,None
14645,694,265,MoveRight,1845,265,None
14646,701,265,MoveRight,1845,265,None
14647,708,265,MoveRight,1845,265,None
14648,715,265,MoveRight,1845,265,None
14649,722,265,MoveRight,1845,265,None
14650,729,265,MoveRight,1845,265,None
14651,736,265,MoveRight,1845,265,None
14652,743,265,MoveRight,1845,265,None
14653,743,265,None,1845,265,SpikeMedium
14653,750,265,MoveRight,1845,265,None
14653,750,265,None,1845,265,None
14654,757,265,MoveRight,1845,265,None
14655,764,265,MoveRight,1845,265,None
14656,771,265,MoveRight,1845,265,None
14657,778,265,MoveRight,1845,265,None
14658,785,265,MoveRight,1845,265,None
14659,792,265,MoveRight,1845,265,None
14660,799,265,MoveRight,1845,265,None
14661,806,265,MoveRight,1845,265,None
14662,813,265,MoveRight,1845,265,None
14663,820,265,MoveRight,1845,265,None
14664,827,265,MoveRight,1845,265,None
14665,834,265,MoveRight,1845,265,None
14666,841,265,MoveRight,1845,265,None
14667,848,265,MoveRight,1845,265,None
14668,855,265,MoveRight,1845,265,None
14669,862,265,MoveRight,1845,265,None
14670,869,265,MoveRight,1845,265,None
14671,876,265,MoveRight,1845,265,None
14672,883,265,MoveRight,1845,265,None
14678,876,265,MoveLeft,1845,265,None
14679,869,265,MoveLeft,1845,265,None
14680,862,265,MoveLeft,1845,265,None
14681,855,265,MoveLeft,1845,265,None
14682,848,265,MoveLeft,1845,265,None
14683,841,265,MoveLeft,1845,265,None
14684,834,265,MoveLeft,1845,265,None
14685,827,265,MoveLeft,1845,265,None
14686,820,265,MoveLeft,1845,265,None
14688,827,265,MoveRight,1845,265,None
14689,834,265,MoveRight,1845,265,None
14690,841,265,MoveRight,1845,265,None
14691,848,265,MoveRight,1845,265,None
14692,855,265,MoveRight,1845,265,None
14693,862,265,MoveRight,1845,265,None
14694,869,265,MoveRight,1845,265,None
14695,876,265,MoveRight,1845,265,None
14696,883,265,MoveRight,1845,265,None
14697,890,265,MoveRight,1845,265,None
14698,897,265,MoveRight,1845,265,None
14699,904,265,MoveRight,1845,265,None
14700,911,265,MoveRight,1845,265,None
14701,918,265,MoveRight,1845,265,None
14702,925,265,MoveRight,1845,265,None
14703,932,265,MoveRight,1845,265,None
14704,939,265,MoveRight,1845,265,None
14705,946,265,MoveRight,1845,265,None
14706,953,265,MoveRight,1845,265,None
14707,960,265,MoveRight,1845,265,None
14708,967,265,MoveRight,1845,265,None
14709,974,265,MoveRight,1845,265,None
14710,981,265,MoveRight,1845,265,None
14711,988,265,MoveRight,1845,265,None
14712,981,265,MoveLeft,1845,265,None
14713,974,265,MoveLeft,1845,265,None
14714,974,265,Bump,1845,265,None
14714,967,265,MoveLeft,1845,265,None
14715,967,265,None,1838,265,MoveLeft
14716,967,265,None,1831,265,MoveLeft
14717,967,265,None,1824,265,MoveLeft
14718,967,265,None,1817,265,MoveLeft
14719,967,265,None,1810,265,MoveLeft
14720,967,265,None,1803,265,MoveLeft
14721,967,265,None,1796,265,MoveLeft
14722,967,265,None,1789,265,MoveLeft
14723,967,265,None,1782,265,MoveLeft
14724,967,265,None,1775,265,MoveLeft
14725,967,265,None,1768,265,MoveLeft
14726,967,265,None,1761,265,MoveLeft
14727,967,265,None,1754,265,MoveLeft
14728,967,265,None,1747,265,MoveLeft
14729,967,265,None,1740,265,MoveLeft
14730,967,265,None,1733,265,MoveLeft
14731,967,265,None,1726,265,MoveLeft
14732,967,265,None,1719,265,MoveLeft
14733,967,265,None,1712,265,MoveLeft
14734,974,265,MoveRight,1712,265,None
14734,974,265,None,1705,265,MoveLeft
14735,981,265,MoveRight,1705,265,None
14735,981,265,None,1698,265,MoveLeft
14736,988,265,MoveRight,1698,265,None
14736,988,265,None,1691,265,MoveLeft
14737,995,265,MoveRight,1691,265,None
14737,995,265,None,1684,265,MoveLeft
14738,1002,265,MoveRight,1684,265,None
14738,1002,265,None,1677,265,MoveLeft
14739,1009,265,MoveRight,1677,265,None
14739,1009,265,None,1670,265,MoveLeft
14740,1016,265,MoveRight,1670,265,None
14740,1016,265,None,1663,265,MoveLeft
14741,1023,265,MoveRight,1663,265,None
14741,1023,265,None,1656,265,MoveLeft
14742,1030,265,MoveRight,1656,265,None
14742,1030,265,None,1649,265,MoveLeft
14743,1037,265,MoveRight,1649,265,None
14743,1037,265,None,1642,265,MoveLeft
14744,1044,265,MoveRight,1642,265,None
14744,1044,265,None,1635,265,MoveLeft
14745,1051,265,MoveRight,1635,265,None
14745,1051,265,None,1628,265,MoveLeft
14746,1058,265,MoveRight,1628,265,None
14746,1058,265,None,1621,265,MoveLeft
14747,1065,265,MoveRight,1621,265,None
14747,1065,265,None,1614,265,MoveLeft
14748,1072,265,MoveRight,1614,265,None
14748,1072,265,None,1607,265,MoveLeft
14749,1079,265,MoveRight,1607,265,None
14749,1079,265,None,1600,265,MoveLeft
14750,1086,265,MoveRight,1600,265,None
14750,1086,265,None,1593,265,MoveLeft
14751,1086,265,None,1586,265,MoveLeft
14752,1086,265,None,1579,265,MoveLeft
14753,1086,265,None,1572,265,MoveLeft
14754,1086,265,None,1565,265,MoveLeft
14755,1086,265,None,1558,265,MoveLeft
14756,1093,265,MoveRight,1558,265,None
14756,1093,265,None,1551,265,MoveLeft
14757,1100,265,MoveRight,1551,265,None
14757,1100,265,None,1544,265,MoveLeft
14758,1107,265,MoveRight,1544,265,None
14758,1107,265,None,1537,265,MoveLeft
14759,1114,265,MoveRight,1537,265,None
14759,1114,265,None,1530,265,MoveLeft
14760,1121,265,MoveRight,1530,265,None
14761,1128,265,MoveRight,1530,265,None
14762,1135,265,MoveRight,1530,265,None
14763,1142,265,MoveRight,1530,265,None
14764,1149,265,MoveRight,1530,265,None
14765,1156,265,MoveRight,1530,265,None
14766,1163,265,MoveRight,1530,265,None
14767,1170,265,MoveRight,1530,265,None
14768,1177,265,MoveRight,1530,265,None
14769,1184,265,MoveRight,1530,265,None
14770,1191,265,MoveRight,1530,265,None
14771,1198,265,MoveRight,1530,265,None
14772,1205,265,MoveRight,1530,265,None
14773,1212,265,MoveRight,1530,265,None
14774,1219,265,MoveRight,1530,265,None
14775,1226,265,MoveRight,1530,265,None
14776,1233,265,MoveRight,1530,265,None
14777,1240,265,MoveRight,1530,265,None
14778,1247,265,MoveRight,1530,265,None
14779,1254,265,MoveRight,1530,265,None
14780,1261,265,MoveRight,1530,265,None
14782,1254,265,MoveLeft,1530,265,None
14783,1247,265,MoveLeft,1530,265,None
14784,1240,265,MoveLeft,1530,265,None
14785,1233,265,MoveLeft,1530,265,None
14786,1226,265,MoveLeft,1530,265,None
14787,1219,265,MoveLeft,1530,265,None
14788,1212,265,MoveLeft,1530,265,None
14789,1205,265,MoveLeft,1530,265,None
14790,1198,265,MoveLeft,1530,265,None
14791,1191,265,MoveLeft,1530,265,None
14792,1184,265,MoveLeft,1530,265,None
14793,1177,265,MoveLeft,1530,265,None
14794,1170,265,MoveLeft,1530,265,None
14795,1163,265,MoveLeft,1530,265,None
14796,1156,265,MoveLeft,1530,265,None
14797,1149,265,MoveLeft,1530,265,None
14798,1142,265,MoveLeft,1530,265,None
14799,1135,265,MoveLeft,1530,265,None
14804,1142,265,MoveRight,1530,265,None
14805,1149,265,MoveRight,1530,265,None
14806,1156,265,MoveRight,1530,265,None
14807,1163,265,MoveRight,1530,265,None
14808,1170,265,MoveRight,1530,265,None
14809,1177,265,MoveRight,1530,265,None
14810,1184,265,MoveRight,1530,265,None
14811,1191,265,MoveRight,1530,265,None
14812,1198,265,MoveRight,1530,265,None
14813,1198,265,None,1530,265,SpikeLight
14813,1205,265,MoveRight,1530,265,None
14813,1205,265,None,1530,265,None
14814,1212,265,MoveRight,1530,265,None
14815,1219,265,MoveRight,1530,265,None
14817,1212,265,MoveLeft,1530,265,None
14818,1205,265,MoveLeft,1530,265,None
14819,1198,265,MoveLeft,1530,265,None
14820,1191,265,MoveLeft,1530,265,None
14821,1184,265,MoveLeft,1530,265,None
14822,1177,265,MoveLeft,1530,265,None
14823,1170,265,MoveLeft,1530,265,None
14824,1163,265,MoveLeft,1530,265,None
14825,1156,265,MoveLeft,1530,265,None
14826,1149,265,MoveLeft,1530,265,None
14827,1142,265,MoveLeft,1530,265,None
14828,1135,265,MoveLeft,1530,265,None
14829,1128,265,MoveLeft,1530,265,None
14830,1121,265,MoveLeft,1530,265,None
14831,1114,265,MoveLeft,1530,265,None
14832,1107,265,MoveLeft,1530,265,None
14833,1100,265,MoveLeft,1530,265,None
14834,1093,265,MoveLeft,1530,265,None
14835,1086,265,MoveLeft,1530,265,None
14836,1079,265,MoveLeft,1530,265,None
14837,1072,265,MoveLeft,1530,265,None
14838,1065,265,MoveLeft,1530,265,None
14839,1058,265,MoveLeft,1530,265,None
14840,1051,265,MoveLeft,1530,265,None
14841,1044,265,MoveLeft,1530,265,None
14842,1037,265,MoveLeft,1530,265,None
14844,1044,265,MoveRight,1530,265,None
14845,1051,265,MoveRight,1530,265,None
14846,1058,265,MoveRight,1530,265,None
14847,1065,265,MoveRight,1530,265,None
14848,1072,265,MoveRight,1530,265,None
14849,1079,265,MoveRight,1530,265,None
14850,1086,265,MoveRight,1530,265,None
14851,1093,265,MoveRight,1530,265,None
14852,1100,265,MoveRight,1530,265,None
14853,1107,265,MoveRight,1530,265,None
14854,1114,265,MoveRight,1530,265,None
14855,1121,265,MoveRight,1530,265,None
14856,1128,265,MoveRight,1530,265,None
14857,1135,265,MoveRight,1530,265,None
14858,1142,265,MoveRight,1530,265,None
14859,1149,265,MoveRight,1530,265,None
14860,1156,265,MoveRight,1530,265,None
14861,1163,265,MoveRight,1530,265,None
14872,1163,265,Bump,1530,265,None
14872,1170,265,MoveRight,1530,265,None
14873,1170,265,None,1537,265,MoveRight
14874,1170,265,None,1544,265,MoveRight
14875,1170,265,None,1551,265,MoveRight
14876,1170,265,None,1558,265,MoveRight
14877,1170,265,None,1565,265,MoveRight
14878,1170,265,None,1572,265,MoveRight
14879,1170,265,None,1579,265,MoveRight
14880,1170,265,None,1586,265,MoveRight
14881,1170,265,None,1593,265,MoveRight
14882,1170,265,None,1600,265,MoveRight
14883,1170,265,None,1607,265,MoveRight
14884,1170,265,None,1614,265,MoveRight
14885,1170,265,None,1621,265,MoveRight
14886,1170,265,None,1628,265,MoveRight
14887,1170,265,None,1635,265,MoveRight
14888,1170,265,None,1642,265,MoveRight
14889,1170,265,None,1649,265,MoveRight
14890,1170,265,None,1656,265,MoveRight
14891,1170,265,None,1663,265,MoveRight
14892,1170,265,None,1670,265,MoveRight
14893,1177,265,MoveRight,1670,265,None
14893,1177,265,None,1677,265,MoveRight
14894,1184,265,MoveRight,1677,265,None
14894,1184,265,None,1684,265,MoveRight
14895,1191,265,MoveRight,1684,265,None
14895,1191,265,None,1691,265,MoveRight
14896,1198,265,MoveRight,1691,265,None
14896,1198,265,None,1698,265,MoveRight
14897,1205,265,MoveRight,1698,265,None
14897,1205,265,None,1705,265,MoveRight
14898,1212,265,MoveRight,1705,265,None
14898,1212,265,None,1712,265,MoveRight
14899,1219,265,MoveRight,1712,265,None
14900,1226,265,MoveRight,1712,265,None
14901,1233,265,MoveRight,1712,265,None
14902,1240,265,MoveRight,1712,265,None
14903,1247,265,MoveRight,1712,265,None
14904,1254,265,MoveRight,1712,265,None
14908,1247,265,MoveLeft,1712,265,None
14909,1240,265,MoveLeft,1712,265,None
14910,1233,265,MoveLeft,1712,265,None
14911,1226,265,MoveLeft,1712,265,None
14912,1219,265,MoveLeft,1712,265,None
14913,1212,265,MoveLeft,1712,265,None
14914,1205,265,MoveLeft,1712,265,None
14915,1198,265,MoveLeft,1712,265,None
14916,1191,265,MoveLeft,1712,265,None
14917,1184,265,MoveLeft,1712,265,None
14918,1177,265,MoveLeft,1712,265,None
14919,1170,265,MoveLeft,1712,265,None
14920,1163,265,MoveLeft,1712,265,None
14921,1156,265,MoveLeft,1712,265,None
14922,1149,265,MoveLeft,1712,265,None
14923,1142,265,MoveLeft,1712,265,None
14924,1135,265,MoveLeft,1712,265,None
14925,1128,265,MoveLeft,1712,265,None
14926,1121,265,MoveLeft,1712,265,None
14927,1114,265,MoveLeft,1712,265,None
14928,1107,265,MoveLeft,1712,265,None
14929,1100,265,MoveLeft,1712,265,None
14930,1093,265,MoveLeft,1712,265,None
14931,1086,265,MoveLeft,1712,265,None
14932,1079,265,MoveLeft,1712,265,None
14933,1072,265,MoveLeft,1712,265,None
14934,1065,265,MoveLeft,1712,265,None
14935,1058,265,MoveLeft,1712,265,None
14936,1051,265,MoveLeft,1712,265,None
14937,1044,265,MoveLeft,1712,265,None
14938,1037,265,MoveLeft,1712,265,None
14939,1030,265,MoveLeft,1712,265,None
14940,1023,265,MoveLeft,1712,265,None
14941,1016,265,MoveLeft,1712,265,None
14942,1009,265,MoveLeft,1712,265,None
14974,1009,265,None,1712,265,SpikeMedium
14974,1009,265,None,1712,265,None
14990,1002,265,MoveLeft,1712,265,None
14991,995,265,MoveLeft,1712,265,None
14992,988,265,MoveLeft,1712,265,None
14993,981,265,MoveLeft,1712,265,None
14994,974,265,MoveLeft,1712,265,None
14995,967,265,MoveLeft,1712,265,None
14996,960,265,MoveLeft,1712,265,None
14997,953,265,MoveLeft,1712,265,None
14998,946,265,MoveLeft,1712,265,None
14999,939,265,MoveLeft,1712,265,None
15000,932,265,MoveLeft,1712,265,None
15001,925,265,MoveLeft,1712,265,None
15002,918,265,MoveLeft,1712,265,None
15003,911,265,MoveLeft,1712,265,None
15004,904,265,MoveLeft,1712,265,None
15005,897,265,MoveLeft,1712,265,None
15006,890,265,MoveLeft,1712,265,None
15007,883,265,MoveLeft,1712,265,None
15008,876,265,MoveLeft,1712,265,None
15009,869,265,MoveLeft,1712,265,None
15015,876,265,MoveRight,1712,265,None
15016,883,265,MoveRight,1712,265,None
15017,890,265,MoveRight,1712,265,None
15018,897,265,MoveRight,1712,265,None
15019,904,265,MoveRight,1712,265,None
15020,911,265,MoveRight,1712,265,None
15021,918,265,MoveRight,1712,265,None
15022,925,265,MoveRight,1712,265,None
15023,932,265,MoveRight,1712,265,None
15024,939,265,MoveRight,1712,265,None
15025,946,265,MoveRight,1712,265,None
15026,953,265,MoveRight,1712,265,None
15028,946,265,MoveLeft,1712,265,None
15029,939,265,MoveLeft,1712,265,None
15030,932,265,MoveLeft,1712,265,None
15031,925,265,MoveLeft,1712,265,None
15032,918,265,MoveLeft,1712,265,None
15033,911,265,MoveLeft,1712,265,None
15034,904,265,MoveLeft,1712,265,None
15035,904,265,Bump,1712,265,None
15035,897,265,MoveLeft,1712,265,None
15036,897,265,None,1719,265,MoveRight
15037,897,265,None,1726,265,MoveRight
15055,904,265,MoveRight,1726,265,None
15056,911,265,MoveRight,1726,265,None
15057,918,265,MoveRight,1726,265,None
15058,925,265,MoveRight,1726,265,None
15059,932,265,MoveRight,1726,265,None
15060,939,265,MoveRight,1726,265,None
15061,946,265,MoveRight,1726,265,None
15062,953,265,MoveRight,1726,265,None
15063,960,265,MoveRight,1726,265,None
15064,967,265,MoveRight,1726,265,None
15065,974,265,MoveRight,1726,265,None
15066,981,265,MoveRight,1726,265,None
15067,988,265,MoveRight,1726,265,None
15068,995,265,MoveRight,1726,265,None
15069,1002,265,MoveRight,1726,265,None
15070,1009,265,MoveRight,1726,265,None
15071,1016,265,MoveRight,1726,265,None
15072,1023,265,MoveRight,1726,265,None
15073,1030,265,MoveRight,1726,265,None
15074,1037,265,MoveRight,1726,265,None
15075,1044,265,MoveRight,1726,265,None
15076,1051,265,MoveRight,1726,265,None
15077,1058,265,MoveRight,1726,265,None
15078,1065,265,MoveRight,1726,265,None
15079,1072,265,MoveRight,1726,265,None
15080,1079,265,MoveRight,1726,265,None
15081,1086,265,MoveRight,1726,265,None
15082,1093,265,MoveRight,1726,265,None
15083,1100,265,MoveRight,1726,265,None
15084,1107,265,MoveRight,1726,265,None
15085,1114,265,MoveRight,1726,265,None
15086,1121,265,MoveRight,1726,265,None
15087,1128,265,MoveRight,1726,265,None
15088,1135,265,MoveRight,1726,265,None
15089,1142,265,MoveRight,1726,265,None
15090,1149,265,MoveRight,1726,265,None
15091,1156,265,MoveRight,1726,265,None
15092,1163,265,MoveRight,1726,265,None
15093,1170,265,MoveRight,1726,265,None
15094,1177,265,MoveRight,1726,265,None
15095,1184,265,MoveRight,1726,265,None
15096,1191,265,MoveRight,1726,265,None
15097,1198,265,MoveRight,1726,265,None
15098,1205,265,MoveRight,1726,265,None
15099,1212,265,MoveRight,1726,265,None
15100,1219,265,MoveRight,1726,265,None
15101,1226,265,MoveRight,1726,265,None
15102,1233,265,MoveRight,1726,265,None
15103,1240,265,MoveRight,1726,265,None
15104,1247,265,MoveRight,1726,265,None
15105,1254,265,MoveRight,1726,265,None
15106,1261,265,MoveRight,1726,265,None
15107,1268,265,MoveRight,1726,265,None
15108,1275,265,MoveRight,1726,265,None
15109,1282,265,MoveRight,1726,265,None
15110,1289,265,MoveRight,1726,265,None
15111,1296,265,MoveRight,1726,265,None
15114,1296,265,None,1726,265,None
15124,1296,265,Set,1726,265,None
15124,1296,265,None,1726,265,None
15126,1296,265,None,1719,265,MoveLeft
15127,1296,265,None,1712,265,MoveLeft
15128,1296,265,None,1705,265,MoveLeft
15129,1296,265,None,1698,265,MoveLeft
15160,1289,265,MoveLeft,1698,265,None
15161,1282,265,MoveLeft,1698,265,None
15162,1275,265,MoveLeft,1698,265,None
15163,1268,265,MoveLeft,1698,265,None
15164,1261,265,MoveLeft,1698,265,None
15165,1254,265,MoveLeft,1698,265,None
15166,1247,265,MoveLeft,1698,265,None
15167,1240,265,MoveLeft,1698,265,None
15168,1233,265,MoveLeft,1698,265,None
15169,1226,265,MoveLeft,1698,265,None
15170,1219,265,MoveLeft,1698,265,None
15171,1212,265,MoveLeft,1698,265,None
15172,1205,265,MoveLeft,1698,265,None
15173,1198,265,MoveLeft,1698,265,None
15174,1191,265,MoveLeft,1698,265,None
15175,1184,265,MoveLeft,1698,265,None
15176,1177,265,MoveLeft,1698,265,None
15177,1170,265,MoveLeft,1698,265,None
15178,1163,265,MoveLeft,1698,265,None
15253,1170,265,MoveRight,1698,265,None
15254,1177,265,MoveRight,1698,265,None
15255,1184,265,MoveRight,1698,265,None
15256,1191,265,MoveRight,1698,265,None
15257,1198,265,MoveRight,1698,265,None
15258,1205,265,MoveRight,1698,265,None
15259,1212,265,MoveRight,1698,265,None
15260,1219,265,MoveRight,1698,265,None
15261,1226,265,MoveRight,1698,265,None
15262,1233,265,MoveRight,1698,265,None
15263,1240,265,MoveRight,1698,265,None
15264,1247,265,MoveRight,1698,265,None
15265,1254,265,MoveRight,1698,265,None
15266,1261,265,MoveRight,1698,265,None
15267,1268,265,MoveRight,1698,265,None
15268,1275,265,MoveRight,1698,265,None
15269,1282,265,MoveRight,1698,265,None
15270,1289,265,MoveRight,1698,265,None
15271,1296,265,MoveRight,1698,265,None
15272,1303,265,MoveRight,1698,265,None
15273,1310,265,MoveRight,1698,265,None
15277,1310,284.62,None,1698,265,None
15290,1310,421.96,None,1698,265,None
15292,1313.5,441.58,MoveRight,1698,265,None
15293,1317,451.39,MoveRight,1698,265,None
15294,1320.5,461.2,MoveRight,1698,265,None
15295,1324,471.01,MoveRight,1698,265,None
15315,1326,490.63,None,1698,265,None
15330,1326,343.48,Spike,1698,265,None
15330,1326,343.48,None,1698,265,None
15331,1326,333.67,None,1691,265,MoveLeft
15332,1326,323.86,None,1684,265,MoveLeft
15333,1326,314.05,None,1677,265,MoveLeft
15343,330,284.62,None,1670,265,None
15355,326.5,412.15,MoveLeft,1670,265,None
15356,323,421.96,MoveLeft,1670,265,None
15357,319.5,431.77,MoveLeft,1670,265,None
15358,316,441.58,MoveLeft,1670,265,None
15359,312.5,451.39,MoveLeft,1670,265,None
15360,309,461.2,MoveLeft,1670,265,None
15361,305.5,471.01,MoveLeft,1670,265,None
15362,302,480.82,MoveLeft,1670,265,None
15363,298.5,490.63,MoveLeft,1670,265,None
15364,295,500.44,MoveLeft,1670,265,None
15365,291.5,510.25,MoveLeft,1670,265,None
15366,288,520.06,MoveLeft,1670,265,None
15371,291.5,569.11,MoveRight,1670,265,None
15372,295,578.92,MoveRight,1670,265,None
15373,298.5,569.11,MoveRight,1670,265,None
15374,302,559.3,MoveRight,1670,265,None
15375,305.5,549.49,MoveRight,1670,265,None
15376,309,539.68,MoveRight,1670,265,None
15377,312.5,529.87,MoveRight,1670,265,None
15378,316,520.06,MoveRight,1670,265,None
15379,319.5,510.25,MoveRight,1670,265,None
15380,323,500.44,MoveRight,1670,265,None
15381,326.5,490.63,MoveRight,1670,265,None
15382,330,480.82,MoveRight,1670,265,None
15383,333.5,471.01,MoveRight,1670,265,None
15384,337,461.2,MoveRight,1670,265,None
15385,340.5,451.39,MoveRight,1670,265,None
15386,344,441.58,MoveRight,1670,265,None
15387,347.5,431.77,MoveRight,1670,265,None
15388,351,421.96,MoveRight,1670,265,None
15389,354.5,412.15,MoveRight,1670,265,None
15390,358,402.34,MoveRight,1670,265,None
15391,361.5,392.53,MoveRight,1670,265,None
15392,365,382.72,MoveRight,1670,265,None
15393,368.5,372.91,MoveRight,1670,265,None
15394,372,363.1,MoveRight,1670,265,None
15395,375.5,353.29,MoveRight,1670,265,None
15396,379,343.48,MoveRight,1670,265,None
15397,382.5,333.67,MoveRight,1670,265,None
15398,386,323.86,MoveRight,1670,265,None
15402,382.5,284.62,MoveLeft,1670,265,None
15403,379,274.81,MoveLeft,1670,265,None
15404,372,265,MoveLeft,1670,265,None
15405,365,265,MoveLeft,1670,265,None
15406,358,265,MoveLeft,1670,265,None
15407,351,265,MoveLeft,1670,265,None
15408,344,265,MoveLeft,1670,265,None
15409,337,265,MoveLeft,1670,265,None
15410,330,265,MoveLeft,1670,265,None
15411,323,265,MoveLeft,1670,265,None
15418,330,265,MoveRight,1670,265,None
15419,337,265,MoveRight,1670,265,None
15420,344,265,MoveRight,1670,265,None
15421,351,265,MoveRight,1670,265,None
15422,358,265,MoveRight,1670,265,None
15423,365,265,MoveRight,1670,265,None
15424,372,265,MoveRight,1670,265,None
15425,379,265,MoveRight,1670,265,None
15426,386,265,MoveRight,1670,265,None
15427,393,265,MoveRight,1670,265,None
15428,400,265,MoveRight,1670,265,None
15429,407,265,MoveRight,1670,265,None
15430,414,265,MoveRight,1670,265,None
15431,421,265,MoveRight,1670,265,None
15449,428,265,MoveRight,1670,265,None
15450,435,265,MoveRight,1670,265,None
15451,442,265,MoveRight,1670,265,None
15452,449,265,MoveRight,1670,265,None
15453,456,265,MoveRight,1670,265,None
15454,463,265,MoveRight,1670,265,None
15455,470,265,MoveRight,1670,265,None
15456,477,265,MoveRight,1670,265,None
15457,484,265,MoveRight,1670,265,None
15458,491,265,MoveRight,1670,265,None
15459,498,265,MoveRight,1670,265,None
15460,505,265,MoveRight,1670,265,None
15461,512,265,MoveRight,1670,265,None
15463,512,284.62,None,1670,265,None
15488,512,520.06,Serve,1670,265,None
15488,512,539.68,None,1670,265,None
15489,512,549.49,None,1677,265,MoveRight
15490,512,559.3,None,1684,265,MoveRight
15491,512,569.11,None,1691,265,MoveRight
15492,512,578.92,None,1698,265,MoveRight
15493,512,569.11,None,1705,265,MoveRight
15494,512,559.3,None,1712,265,MoveRight
15495,512,549.49,None,1719,265,MoveRight
15496,512,539.68,None,1726,265,MoveRight
15497,512,529.87,None,1733,265,MoveRight
15498,512,520.06,None,1740,265,MoveRight
15499,512,510.25,None,1747,265,MoveRight
15500,512,500.44,None,1754,265,MoveRight
15501,512,490.63,None,1761,265,MoveRight
15502,512,480.82,None,1768,265,MoveRight
15503,512,471.01,None,1775,265,MoveRight
15504,512,461.2,None,1782,265,MoveRight
15505,512,451.39,None,1789,265,MoveRight
15506,512,441.58,None,1796,265,MoveRight
15507,515.5,431.77,MoveRight,1796,265,None
15507,515.5,431.77,None,1803,265,MoveRight
15508,519,421.96,MoveRight,1803,265,None
15508,519,421.96,None,1810,265,MoveRight
15509,522.5,412.15,MoveRight,1810,265,None
15509,522.5,412.15,None,1817,265,MoveRight
15510,526,402.34,MoveRight,1817,265,None
15510,526,402.34,None,1824,265,MoveRight
15511,529.5,392.53,MoveRight,1824,265,None
15512,533,382.72,MoveRight,1824,265,None
15513,536.5,372.91,MoveRight,1824,265,None
15514,540,363.1,MoveRight,1824,265,None
15515,543.5,353.29,MoveRight,1824,265,None
15516,547,343.48,MoveRight,1824,265,None
15517,550.5,333.67,MoveRight,1824,265,None
15518,554,323.86,MoveRight,1824,265,None
15519,557.5,314.05,MoveRight,1824,265,None
15520,561,304.24,MoveRight,1824,265,None
15521,564.5,294.43,MoveRight,1824,265,None
15522,568,284.62,MoveRight,1824,265,None
15523,571.5,274.81,MoveRight,1824,265,None
15524,578.5,265,MoveRight,1824,265,None
15525,585.5,265,MoveRight,1824,265,None
15526,592.5,265,MoveRight,1824,265,None
15527,599.5,265,MoveRight,1824,265,None
15528,606.5,265,MoveRight,1824,265,None
15529,613.5,265,MoveRight,1824,265,None
15530,620.5,265,MoveRight,1824,265,None
15531,627.5,265,MoveRight,1824,265,None
15532,634.5,265,MoveRight,1824,265,None
15533,641.5,265,MoveRight,1824,265,None
15534,648.5,265,MoveRight,1824,265,None
15535,655.5,265,MoveRight,1824,265,None
15536,662.5,265,MoveRight,1824,265,None
15537,669.5,265,MoveRight,1824,265,None
15538,676.5,265,MoveRight,1824,265,None
15539,683.5,265,MoveRight,1824,265,None
15540,690.5,265,MoveRight,1824,265,None
15541,697.5,265,MoveRight,1824,265,None
15542,704.5,265,MoveRight,1824,265,None
15543,711.5,265,MoveRight,1824,265,None
15544,718.5,265,MoveRight,1824,265,None
15545,725.5,265,MoveRight,1824,265,None
15546,732.5,265,MoveRight,1824,265,None
15547,739.5,265,MoveRight,1824,265,None
15548,746.5,265,MoveRight,1824,265,None
15549,753.5,265,MoveRight,1824,265,None
15550,760.5,265,MoveRight,1824,265,None
15551,760.5,265,None,1824,265,SpikeMedium
15551,767.5,265,MoveRight,1824,265,None
15551,767.5,265,None,1824,265,None
15552,774.5,265,MoveRight,1824,265,None
15553,781.5,265,MoveRight,1824,265,None
15554,788.5,265,MoveRight,1824,265,None
15555,795.5,265,MoveRight,1824,265,None
15556,802.5,265,MoveRight,1824,265,None
15557,809.5,265,MoveRight,1824,265,None
15558,816.5,265,MoveRight,1824,265,None
15559,823.5,265,MoveRight,1824,265,None
15560,830.5,265,MoveRight,1824,265,None
15561,837.5,265,MoveRight,1824,265,None
15562,844.5,265,MoveRight,1824,265,None
15563,851.5,265,MoveRight,1824,265,None
15564,858.5,265,MoveRight,1824,265,None
15565,865.5,265,MoveRight,1824,265,None
15566,872.5,265,MoveRight,1824,265,None
15567,879.5,265,MoveRight,1824,265,None
15568,886.5,265,MoveRight,1824,265,None
15569,893.5,265,MoveRight,1824,265,None
15570,900.5,265,MoveRight,1824,265,None
15582,907.5,265,MoveRight,1824,265,None
15583,914.5,265,MoveRight,1824,265,None
15584,921.5,265,MoveRight,1824,265,None
15585,928.5,265,MoveRight,1824,265,None
15586,935.5,265,MoveRight,1824,265,None
15587,942.5,265,MoveRight,1824,265,None
15588,949.5,265,MoveRight,1824,265,None
15589,956.5,265,MoveRight,1824,265,None
15590,963.5,265,MoveRight,1824,265,None
15591,970.5,265,MoveRight,1824,265,None
15592,977.5,265,MoveRight,1824,265,None
15593,984.5,265,MoveRight,1824,265,None
15594,991.5,265,MoveRight,1824,265,None
15595,998.5,265,MoveRight,1824,265,None
15596,1005.5,265,MoveRight,1824,265,None
15597,1012.5,265,MoveRight,1824,265,None
15598,1019.5,265,MoveRight,1824,265,None
15608,1012.5,265,MoveLeft,1824,265,None
15609,1005.5,265,MoveLeft,1824,265,None
15610,998.5,265,MoveLeft,1824,265,None
15611,991.5,265,MoveLeft,1824,265,None
15612,991.5,265,Bump,1824,265,None
15612,984.5,265,MoveLeft,1824,265,None
15613,984.5,265,None,1817,265,MoveLeft
15614,984.5,265,None,1810,265,MoveLeft
15615,984.5,265,None,1803,265,MoveLeft
15616,984.5,265,None,1796,265,MoveLeft
15617,984.5,265,None,1789,265,MoveLeft
15618,984.5,265,None,1782,265,MoveLeft
15619,984.5,265,None,1775,265,MoveLeft
15620,984.5,265,None,1768,265,MoveLeft
15621,984.5,265,None,1761,265,MoveLeft
15622,984.5,265,None,1754,265,MoveLeft
15623,984.5,265,None,1747,265,MoveLeft
15624,984.5,265,None,1740,265,MoveLeft
15625,984.5,265,None,1733,265,MoveLeft
15626,984.5,265,None,1726,265,MoveLeft
15627,984.5,265,None,1719,265,MoveLeft
15628,984.5,265,None,1712,265,MoveLeft
15629,984.5,265,None,1705,265,MoveLeft
15630,984.5,265,None,1698,265,MoveLeft
15631,991.5,265,MoveRight,1698,265,None
15631,991.5,265,None,1691,265,MoveLeft
15632,998.5,265,MoveRight,1691,265,None
15632,998.5,265,None,1684,265,MoveLeft
15633,1005.5,265,MoveRight,1684,265,None
15633,1005.5,265,None,1677,265,MoveLeft
15634,1012.5,265,MoveRight,1677,265,None
15634,1012.5,265,None,1670,265,MoveLeft
15635,1019.5,265,MoveRight,1670,265,None
15635,1019.5,265,None,1663,265,MoveLeft
15636,1026.5,265,MoveRight,1663,265,None
15636,1026.5,265,None,1656,265,MoveLeft
15637,1033.5,265,MoveRight,1656,265,None
15637,1033.5,265,None,1649,265,MoveLeft
15638,1040.5,265,MoveRight,1649,265,None
15638,1040.5,265,None,1642,265,MoveLeft
15639,1047.5,265,MoveRight,1642,265,None
15639,1047.5,265,None,1635,265,MoveLeft
15640,1054.5,265,MoveRight,1635,265,None
15640,1054.5,265,None,1628,265,MoveLeft
15641,1061.5,265,MoveRight,1628,265,None
15641,1061.5,265,None,1621,265,MoveLeft
15642,1068.5,265,MoveRight,1621,265,None
15642,1068.5,265,None,1614,265,MoveLeft
15643,1075.5,265,MoveRight,1614,265,None
15643,1075.5,265,None,1607,265,MoveLeft
15644,1082.5,265,MoveRight,1607,265,None
15644,1082.5,265,None,1600,265,MoveLeft
15645,1089.5,265,MoveRight,1600,265,None
15645,1089.5,265,None,1593,265,MoveLeft
15646,1096.5,265,MoveRight,1593,265,None
15646,1096.5,265,None,1586,265,MoveLeft
15647,1103.5,265,MoveRight,1586,265,None
15647,1103.5,265,None,1579,265,MoveLeft
15648,1110.5,265,MoveRight,1579,265,None
15648,1110.5,265,None,1572,265,MoveLeft
15649,1117.5,265,MoveRight,1572,265,None
15649,1117.5,265,None,1565,265,MoveLeft
15650,1124.5,265,MoveRight,1565,265,None
15650,1124.5,265,None,1558,265,MoveLeft
15651,1131.5,265,MoveRight,1558,265,None
15651,1131.5,265,None,1551,265,MoveLeft
15652,1138.5,265,MoveRight,1551,265,None
15652,1138.5,265,None,1544,265,MoveLeft
15653,1145.5,265,MoveRight,1544,265,None
15653,1145.5,265,None,1537,265,MoveLeft
15654,1152.5,265,MoveRight,1537,265,None
15654,1152.5,265,None,1530,265,MoveLeft
15655,1159.5,265,MoveRight,1530,265,None
15655,1159.5,265,None,1523,265,MoveLeft
15656,1166.5,265,MoveRight,1523,265,None
15656,1166.5,265,None,1516,265,MoveLeft
15657,1173.5,265,MoveRight,1516,265,None
15658,1180.5,265,MoveRight,1516,265,None
15659,1187.5,265,MoveRight,1516,265,None
15660,1194.5,265,MoveRight,1516,265,None
15661,1201.5,265,MoveRight,1516,265,None
15662,1208.5,265,MoveRight,1516,265,None
15663,1215.5,265,MoveRight,1516,265,None
15664,1222.5,265,MoveRight,1516,265,None
15665,1229.5,265,MoveRight,1516,265,None
15666,1236.5,265,MoveRight,1516,265,None
15667,1243.5,265,MoveRight,1516,265,None
15668,1250.5,265,MoveRight,1516,265,None
15669,1257.5,265,MoveRight,1516,265,None
15670,1264.5,265,MoveRight,1516,265,None
15671,1271.5,265,MoveRight,1516,265,None
15672,1278.5,265,MoveRight,1516,265,None
15673,1271.5,265,MoveLeft,1516,265,None
15674,1264.5,265,MoveLeft,1516,265,None
15675,1257.5,265,MoveLeft,1516,265,None
15676,1250.5,265,MoveLeft,1516,265,None
15677,1243.5,265,MoveLeft,1516,265,None
15678,1236.5,265,MoveLeft,1516,265,None
15679,1229.5,265,MoveLeft,1516,265,None
15680,1222.5,265,MoveLeft,1516,265,None
15681,1215.5,265,MoveLeft,1516,265,None
15682,1208.5,265,MoveLeft,1516,265,None
15683,1201.5,265,MoveLeft,1516,265,None
15684,1194.5,265,MoveLeft,1516,265,None
15685,1187.5,265,MoveLeft,1516,265,None
15686,1180.5,265,MoveLeft,1516,265,None
15687,1173.5,265,MoveLeft,1516,265,None
15688,1166.5,265,MoveLeft,1516,265,None
15689,1159.5,265,MoveLeft,1516,265,None
15690,1152.5,265,MoveLeft,1516,265,None
15691,1145.5,265,MoveLeft,1516,265,None
15692,1138.5,265,MoveLeft,1516,265,None
15693,1131.5,265,MoveLeft,1516,265,None
15694,1124.5,265,MoveLeft,1516,265,None
15695,1117.5,265,MoveLeft,1516,265,None
15696,1110.5,265,MoveLeft,1516,265,None
15697,1103.5,265,MoveLeft,1516,265,None
15710,1103.5,265,None,1516,265,SpikeLight
15710,1103.5,265,None,1516,265,None
15724,1096.5,265,MoveLeft,1516,265,None
15725,1089.5,265,MoveLeft,1516,265,None
15726,1082.5,265,MoveLeft,1516,265,None
15727,1075.5,265,MoveLeft,1516,265,None
15728,1068.5,265,MoveLeft,1516,265,None
15729,1061.5,265,MoveLeft,1516,265,None
15730,1054.5,265,MoveLeft,1516,265,None
15731,1047.5,265,MoveLeft,1516,265,None
15732,1040.5,265,MoveLeft,1516,265,None
15733,1033.5,265,MoveLeft,1516,265,None
15734,1026.5,265,MoveLeft,1516,265,None
15739,1033.5,265,MoveRight,1516,265,None
15740,1040.5,265,MoveRight,1516,265,None
15741,1047.5,265,MoveRight,1516,265,None
15742,1054.5,265,MoveRight,1516,265,None
15743,1061.5,265,MoveRight,1516,265,None
15744,1068.5,265,MoveRight,1516,265,None
15745,1075.5,265,MoveRight,1516,265,None
15746,1082.5,265,MoveRight,1516,265,None
15747,1089.5,265,MoveRight,1516,265,None
15748,1096.5,265,MoveRight,1516,265,None
15749,1103.5,265,MoveRight,1516,265,None
15750,1110.5,265,MoveRight,1516,265,None
15751,1117.5,265,MoveRight,1516,265,None
15766,1124.5,265,MoveRight,1516,265,None
15767,1131.5,265,MoveRight,1516,265,None
15768,1131.5,265,Bump,1516,265,None
15768,1138.5,265,MoveRight,1516,265,None
15769,1138.5,265,None,1523,265,MoveRight
15770,1138.5,265,None,1530,265,MoveRight
15771,1138.5,265,None,1537,265,MoveRight
15772,1138.5,265,None,1544,265,MoveRight
15773,1138.5,265,None,1551,265,MoveRight
15774,1138.5,265,None,1558,265,MoveRight
15775,1138.5,265,None,1565,265,MoveRight
15776,1138.5,265,None,1572,265,MoveRight
15777,1138.5,265,None,1579,265,MoveRight
15778,1138.5,265,None,1586,265,MoveRight
15779,1138.5,265,None,1593,265,MoveRight
15780,1138.5,265,None,1600,265,MoveRight
15781,1138.5,265,None,1607,265,MoveRight
15782,1138.5,265,None,1614,265,MoveRight
15783,1138.5,265,None,1621,265,MoveRight
15784,1138.5,265,None,1628,265,MoveRight
15785,1138.5,265,None,1635,265,MoveRight
15786,1138.5,265,None,1642,265,MoveRight
15787,1145.5,265,MoveRight,1642,265,None
15787,1145.5,265,None,1649,265,MoveRight
15788,1152.5,265,MoveRight,1649,265,None
15788,1152.5,265,None,1656,265,MoveRight
15789,1159.5,265,MoveRight,1656,265,None
15789,1159.5,265,None,1663,265,MoveRight
15790,1166.5,265,MoveRight,1663,265,None
15790,1166.5,265,None,1670,265,MoveRight
15791,1173.5,265,MoveRight,1670,265,None
15791,1173.5,265,None,1677,265,MoveRight
15792,1180.5,265,MoveRight,1677,265,None
15792,1180.5,265,None,1684,265,MoveRight
15793,1187.5,265,MoveRight,1684,265,None
15793,1187.5,265,None,1691,265,MoveRight
15794,1194.5,265,MoveRight,1691,265,None
15794,1194.5,265,None,1698,265,MoveRight
15795,1201.5,265,MoveRight,1698,265,None
15796,1208.5,265,MoveRight,1698,265,None
15797,1215.5,265,MoveRight,1698,265,None
15798,1222.5,265,MoveRight,1698,265,None
15812,1215.5,265,MoveLeft,1698,265,None
15813,1208.5,265,MoveLeft,1698,265,None
15814,1201.5,265,MoveLeft,1698,265,None
15815,1194.5,265,MoveLeft,1698,265,None
15816,1187.5,265,MoveLeft,1698,265,None
15817,1180.5,265,MoveLeft,1698,265,None
15818,1173.5,265,MoveLeft,1698,265,None
15819,1166.5,265,MoveLeft,1698,265,None
15820,1159.5,265,MoveLeft,1698,265,None
15821,1152.5,265,MoveLeft,1698,265,None
15822,1145.5,265,MoveLeft,1698,265,None
15823,1138.5,265,MoveLeft,1698,265,None
15824,1131.5,265,MoveLeft,1698,265,None
15825,1124.5,265,MoveLeft,1698,265,None
15826,1117.5,265,MoveLeft,1698,265,None
15827,1110.5,265,MoveLeft,1698,265,None
15828,1103.5,265,MoveLeft,1698,265,None
15829,1096.5,265,MoveLeft,1698,265,None
15830,1089.5,265,MoveLeft,1698,265,None
15838,1096.5,265,MoveRight,1698,265,None
15839,1103.5,265,MoveRight,1698,265,None
15840,1110.5,265,MoveRight,1698,265,None
15841,1117.5,265,MoveRight,1698,265,None
15842,1124.5,265,MoveRight,1698,265,None
15843,1131.5,265,MoveRight,1698,265,None
15844,1138.5,265,MoveRight,1698,265,None
15845,1145.5,265,MoveRight,1698,265,None
15846,1152.5,265,MoveRight,1698,265,None
15847,1159.5,265,MoveRight,1698,265,None
15868,1159.5,265,None,1698,265,SpikeLight
15868,1159.5,265,None,1698,265,None
15898,1166.5,265,MoveRight,1698,265,None
15899,1173.5,265,MoveRight,1698,265,None
15900,1180.5,265,MoveRight,1698,265,None
15901,1187.5,265,MoveRight,1698,265,None
15902,1194.5,265,MoveRight,1698,265,None
15903,1201.5,265,MoveRight,1698,265,None
15904,1208.5,265,MoveRight,1698,265,None
15905,1215.5,265,MoveRight,1698,265,None
15906,1222.5,265,MoveRight,1698,265,None
15907,1229.5,265,MoveRight,1698,265,None
15908,1236.5,265,MoveRight,1698,265,None
15909,1243.5,265,MoveRight,1698,265,None
15919,1236.5,265,MoveLeft,1698,265,None
15920,1229.5,265,MoveLeft,1698,265,None
15921,1222.5,265,MoveLeft,1698,265,None
15922,1215.5,265,MoveLeft,1698,265,None
15923,1208.5,265,MoveLeft,1698,265,None
15924,1201.5,265,MoveLeft,1698,265,None
15925,1194.5,265,MoveLeft,1698,265,None
15926,1187.5,265,MoveLeft,1698,265,None
15927,1180.5,265,MoveLeft,1698,265,None
15928,1173.5,265,MoveLeft,1698,265,None
15929,1166.5,265,MoveLeft,1698,265,None
15930,1159.5,265,MoveLeft,1698,265,None
15931,1152.5,265,MoveLeft,1698,265,None
15932,1145.5,265,MoveLeft,1698,265,None
15933,323,265,MoveLeft,1670,265,None
15934,316,265,MoveLeft,1670,265,None
15935,309,265,MoveLeft,1670,265,None
15936,302,265,MoveLeft,1670,265,None
15937,295,265,MoveLeft,1670,265,None
15938,288,265,MoveLeft,1670,265,None
15939,281,265,MoveLeft,1670,265,None
15940,274,265,MoveLeft,1670,265,None
15965,281,265,MoveRight,1670,265,None
15966,288,265,MoveRight,1670,265,None
15967,295,265,MoveRight,1670,265,None
15968,302,265,MoveRight,1670,265,None
15969,309,265,MoveRight,1670,265,None
15970,316,265,MoveRight,1670,265,None
15971,323,265,MoveRight,1670,265,None
15972,330,265,MoveRight,1670,265,None
15973,337,265,MoveRight,1670,265,None
15974,344,265,MoveRight,1670,265,None
16008,344,284.62,None,1670,265,None
16033,344,520.06,Serve,1670,265,None
16033,344,539.68,None,1670,265,None
16034,344,549.49,None,1663,265,MoveLeft
16053,347.5,421.96,MoveRight,1663,265,None
16054,351,412.15,MoveRight,1663,265,None
16055,354.5,402.34,MoveRight,1663,265,None
16056,358,392.53,MoveRight,1663,265,None
16057,361.5,382.72,MoveRight,1663,265,None
16058,365,372.91,MoveRight,1663,265,None
16059,368.5,363.1,MoveRight,1663,265,None
16060,372,353.29,MoveRight,1663,265,None
16061,375.5,343.48,MoveRight,1663,265,None
16062,379,333.67,MoveRight,1663,265,None
16063,382.5,323.86,MoveRight,1663,265,None
16064,386,314.05,MoveRight,1663,265,None
16065,389.5,304.24,MoveRight,1663,265,None
16066,393,294.43,MoveRight,1663,265,None
16067,396.5,284.62,MoveRight,1663,265,None
16068,400,274.81,MoveRight,1663,265,None
16069,407,265,MoveRight,1663,265,None
16070,414,265,MoveRight,1663,265,None
16071,421,265,MoveRight,1663,265,None
16072,428,265,MoveRight,1663,265,None
16073,435,265,MoveRight,1663,265,None
16074,442,265,MoveRight,1663,265,None
16075,449,265,MoveRight,1663,265,None
16076,456,265,MoveRight,1663,265,None
16077,463,265,MoveRight,1663,265,None
16078,470,265,MoveRight,1663,265,None
16079,477,265,MoveRight,1663,265,None
16080,484,265,MoveRight,1663,265,None
16081,491,265,MoveRight,1663,265,None
16082,498,265,MoveRight,1663,265,None
16083,505,265,MoveRight,1663,265,None
16084,512,265,MoveRight,1663,265,None
16085,519,265,MoveRight,1663,265,None
16086,526,265,MoveRight,1663,265,None
16087,533,265,MoveRight,1663,265,None
16088,540,265,MoveRight,1663,265,None
16089,547,265,MoveRight,1663,265,None
16090,554,265,MoveRight,1663,265,None
16091,561,265,MoveRight,1663,265,None
16092,568,265,MoveRight,1663,265,None
16093,575,265,MoveRight,1663,265,None
16094,582,265,MoveRight,1663,265,None
16095,589,265,MoveRight,1663,265,None
16096,589,265,None,1663,265,SpikeMedium
16096,596,265,MoveRight,1663,265,None
16096,596,265,None,1663,265,None
16097,603,265,MoveRight,1663,265,None
16098,610,265,MoveRight,1663,265,None
16099,617,265,MoveRight,1663,265,None
16100,624,265,MoveRight,1663,265,None
16101,631,265,MoveRight,1663,265,None
16102,638,265,MoveRight,1663,265,None
16103,645,265,MoveRight,1663,265,None
16104,652,265,MoveRight,1663,265,None
16105,659,265,MoveRight,1663,265,None
16106,666,265,MoveRight,1663,265,None
16107,673,265,MoveRight,1663,265,None
16108,680,265,MoveRight,1663,265,None
16109,687,265,MoveRight,1663,265,None
16110,694,265,MoveRight,1663,265,None
16111,701,265,MoveRight,1663,265,None
16112,708,265,MoveRight,1663,265,None
16113,715,265,MoveRight,1663,265,None
16114,722,265,MoveRight,1663,265,None
16115,729,265,MoveRight,1663,265,None
16116,736,265,MoveRight,1663,265,None
16117,743,265,MoveRight,1663,265,None
16118,750,265,MoveRight,1663,265,None
16119,757,265,MoveRight,1663,265,None
16120,764,265,MoveRight,1663,265,None
16121,771,265,MoveRight,1663,265,None
16122,778,265,MoveRight,1663,265,None
16123,785,265,MoveRight,1663,265,None
16124,792,265,MoveRight,1663,265,None
16125,799,265,MoveRight,1663,265,None
16126,806,265,MoveRight,1663,265,None
16127,813,265,MoveRight,1663,265,None
16128,820,265,MoveRight,1663,265,None
16129,827,265,MoveRight,1663,265,None
16130,834,265,MoveRight,1663,265,None
16131,841,265,MoveRight,1663,265,None
16132,848,265,MoveRight,1663,265,None
16133,855,265,MoveRight,1663,265,None
16134,862,265,MoveRight,1663,265,None
16135,869,265,MoveRight,1663,265,None
16152,862,265,MoveLeft,1663,265,None
16153,855,265,MoveLeft,1663,265,None
16154,848,265,MoveLeft,1663,265,None
16155,841,265,MoveLeft,1663,265,None
16156,834,265,MoveLeft,1663,265,None
16157,834,265,Bump,1663,265,None
16157,827,265,MoveLeft,1663,265,None
16158,827,265,None,1670,265,MoveRight
16159,827,265,None,1677,265,MoveRight
16160,827,265,None,1684,265,MoveRight
16161,827,265,None,1691,265,MoveRight
16162,827,265,None,1698,265,MoveRight
16163,827,265,None,1705,265,MoveRight
16164,827,265,None,1712,265,MoveRight
16165,827,265,None,1719,265,MoveRight
16166,827,265,None,1726,265,MoveRight
16176,834,265,MoveRight,1726,265,None
16177,841,265,MoveRight,1726,265,None
16178,848,265,MoveRight,1726,265,None
16179,855,265,MoveRight,1726,265,None
16180,862,265,MoveRight,1726,265,None
16181,869,265,MoveRight,1726,265,None
16182,876,265,MoveRight,1726,265,None
16183,883,265,MoveRight,1726,265,None
16184,890,265,MoveRight,1726,265,None
16185,897,265,MoveRight,1726,265,None
16186,904,265,MoveRight,1726,265,None
16187,911,265,MoveRight,1726,265,None
16188,918,265,MoveRight,1726,265,None
16189,925,265,MoveRight,1726,265,None
16190,932,265,MoveRight,1726,265,None
16191,939,265,MoveRight,1726,265,None
16192,946,265,MoveRight,1726,265,None
16193,953,265,MoveRight,1726,265,None
16194,960,265,MoveRight,1726,265,None
16195,967,265,MoveRight,1726,265,None
16196,974,265,MoveRight,1726,265,None
16197,981,265,MoveRight,1726,265,None
16198,988,265,MoveRight,1726,265,None
16199,995,265,MoveRight,1726,265,None
16200,1002,265,MoveRight,1726,265,None
16201,1009,265,MoveRight,1726,265,None
16202,1016,265,MoveRight,1726,265,None
16203,1023,265,MoveRight,1726,265,None
16204,1030,265,MoveRight,1726,265,None
16205,1037,265,MoveRight,1726,265,None
16206,1044,265,MoveRight,1726,265,None
16207,1051,265,MoveRight,1726,265,None
16208,1058,265,MoveRight,1726,265,None
16209,1065,265,MoveRight,1726,265,None
16210,1072,265,MoveRight,1726,265,None
16211,1079,265,MoveRight,1726,265,None
16212,1086,265,MoveRight,1726,265,None
16213,1093,265,MoveRight,1726,265,None
16214,1100,265,MoveRight,1726,265,None
16215,1107,265,MoveRight,1726,265,None
16216,1114,265,MoveRight,1726,265,None
16217,1121,265,MoveRight,1726,265,None
16218,1128,265,MoveRight,1726,265,None
16219,1135,265,MoveRight,1726,265,None
16220,1142,265,MoveRight,1726,265,None
16221,1149,265,MoveRight,1726,265,None
16222,1156,265,MoveRight,1726,265,None
16223,1163,265,MoveRight,1726,265,None
16224,1170,265,MoveRight,1726,265,None
16225,1177,265,MoveRight,1726,265,None
16226,1184,265,MoveRight,1726,265,None
16227,1191,265,MoveRight,1726,265,None
16228,1198,265,MoveRight,1726,265,None
16229,1205,265,MoveRight,1726,265,None
16230,1212,265,MoveRight,1726,265,None
16231,1219,265,MoveRight,1726,265,None
16232,1226,265,MoveRight,1726,265,None
16233,1233,265,MoveRight,1726,265,None
16234,1240,265,MoveRight,1726,265,None
16235,1247,265,MoveRight,1726,265,None
16236,1254,265,MoveRight,1726,265,None
16237,1261,265,MoveRight,1726,265,None
16238,1268,265,MoveRight,1726,265,None
16239,1275,265,MoveRight,1726,265,None
16240,1282,265,MoveRight,1726,265,None
16241,1289,265,MoveRight,1726,265,None
16242,1296,265,MoveRight,1726,265,None
16257,1150,265,None,2410,265,None
16307,1150,265,None,2410,265,Serve
16307,1150,265,None,2410,265,None
16335,1143,265,MoveLeft,2410,265,None
16336,1136,265,MoveLeft,2410,265,None
16337,1129,265,MoveLeft,2410,265,None
16338,1122,265,MoveLeft,2410,265,None
16339,1115,265,MoveLeft,2410,265,None
16340,1108,265,MoveLeft,2410,265,None
16341,1101,265,MoveLeft,2410,265,None
16342,1094,265,MoveLeft,2410,265,None
16343,1087,265,MoveLeft,2410,265,None
16344,1080,265,MoveLeft,2410,265,None
16345,1073,265,MoveLeft,2410,265,None
16346,1066,265,MoveLeft,2410,265,None
16347,1059,265,MoveLeft,2410,265,None
16365,1052,265,MoveLeft,2410,265,None
16366,1045,265,MoveLeft,2410,265,None
16367,1038,265,MoveLeft,2410,265,None
16368,1031,265,MoveLeft,2410,265,None
16369,1024,265,MoveLeft,2410,265,None
16370,1017,265,MoveLeft,2410,265,None
16371,1010,265,MoveLeft,2410,265,None
16372,1003,265,MoveLeft,2410,265,None
16373,996,265,MoveLeft,2410,265,None
16374,989,265,MoveLeft,2410,265,None
16375,982,265,MoveLeft,2410,265,None
16376,975,265,MoveLeft,2410,265,None
16377,975,265,Bump,2410,265,None
16377,968,265,MoveLeft,2410,265,None
16378,968,265,None,2403,265,MoveLeft
16379,968,265,None,2396,265,MoveLeft
16380,968,265,None,2389,265,MoveLeft
16381,968,265,None,2382,265,MoveLeft
16382,968,265,None,2375,265,MoveLeft
16383,968,265,None,2368,265,MoveLeft
16384,968,265,None,2361,265,MoveLeft
16385,968,265,None,2354,265,MoveLeft
16386,968,265,None,2347,265,MoveLeft
16387,968,265,None,2340,265,MoveLeft
16388,968,265,None,2333,265,MoveLeft
16389,968,265,None,2326,265,MoveLeft
16390,968,265,None,2319,265,MoveLeft
16391,968,265,None,2312,265,MoveLeft
16392,968,265,None,2305,265,MoveLeft
16393,968,265,None,2298,265,MoveLeft
16394,968,265,None,2291,265,MoveLeft
16395,968,265,None,2284,265,MoveLeft
16396,968,265,None,2277,265,MoveLeft
16397,968,265,None,2270,265,MoveLeft
16398,975,265,MoveRight,2270,265,None
16398,975,265,None,2263,265,MoveLeft
16399,982,265,MoveRight,2263,265,None
16399,982,265,None,2256,265,MoveLeft
16400,989,265,MoveRight,2256,265,None
16400,989,265,None,2249,265,MoveLeft
16401,996,265,MoveRight,2249,265,None
16401,996,265,None,2242,265,MoveLeft
16402,1003,265,MoveRight,2242,265,None
16402,1003,265,None,2235,265,MoveLeft
16403,1010,265,MoveRight,2235,265,None
16403,1010,265,None,2228,265,MoveLeft
16404,1017,265,MoveRight,2228,265,None
16404,1017,265,None,2221,265,MoveLeft
16405,1024,265,MoveRight,2221,265,None
16405,1024,265,None,2214,265,MoveLeft
16406,1031,265,MoveRight,2214,265,None
16406,1031,265,None,2207,265,MoveLeft
16407,1038,265,MoveRight,2207,265,None
16407,1038,265,None,2200,265,MoveLeft
16408,1045,265,MoveRight,2200,265,None
16408,1045,265,None,2193,265,MoveLeft
16409,1052,265,MoveRight,2193,265,None
16409,1052,265,None,2186,265,MoveLeft
16410,1059,265,MoveRight,2186,265,None
16410,1059,265,None,2179,265,MoveLeft
16411,1066,265,MoveRight,2179,265,None
16411,1066,265,None,2172,265,MoveLeft
16412,1073,265,MoveRight,2172,265,None
16412,1073,265,None,2165,265,MoveLeft
16413,1080,265,MoveRight,2165,265,None
16413,1080,265,None,2158,265,MoveLeft
16414,1087,265,MoveRight,2158,265,None
16414,1087,265,None,2151,265,MoveLeft
16415,1094,265,MoveRight,2151,265,None
16415,1094,265,None,2144,265,MoveLeft
16416,1101,265,MoveRight,2144,265,None
16416,1101,265,None,2137,265,MoveLeft
16417,1108,265,MoveRight,2137,265,None
16417,1108,265,None,2130,265,MoveLeft
16418,1115,265,MoveRight,2130,265,None
16418,1115,265,None,2123,265,MoveLeft
16419,1122,265,MoveRight,2123,265,None
16419,1122,265,None,2116,265,MoveLeft
16420,1129,265,MoveRight,2116,265,None
16420,1129,265,None,2109,265,MoveLeft
16421,1136,265,MoveRight,2109,265,None
16421,1136,265,None,2102,265,MoveLeft
16422,1143,265,MoveRight,2102,265,None
16422,1143,265,None,2095,265,MoveLeft
16423,1150,265,MoveRight,2095,265,None
16423,1150,265,None,2088,265,MoveLeft
16424,1157,265,MoveRight,2088,265,None
16424,1157,265,None,2081,265,MoveLeft
16425,1164,265,MoveRight,2081,265,None
16425,1164,265,None,2074,265,MoveLeft
16426,1171,265,MoveRight,2074,265,None
16426,1171,265,None,2067,265,MoveLeft
16427,1178,265,MoveRight,2067,265,None
16427,1178,265,None,2060,265,MoveLeft
16428,1185,265,MoveRight,2060,265,None
16428,1185,265,None,2053,265,MoveLeft
16429,1192,265,MoveRight,2053,265,None
16429,1192,265,None,2046,265,MoveLeft
16430,1199,265,MoveRight,2046,265,None
16430,1199,265,None,2039,265,MoveLeft
16431,1206,265,MoveRight,2039,265,None
16431,1206,265,None,2032,265,MoveLeft
16432,1213,265,MoveRight,2032,265,None
16432,1213,265,None,2025,265,MoveLeft
16433,1220,265,MoveRight,2025,265,None
16433,1220,265,None,2018,265,MoveLeft
16434,1227,265,MoveRight,2018,265,None
16434,1227,265,None,2011,265,MoveLeft
16435,1234,265,MoveRight,2011,265,None
16435,1234,265,None,2004,265,MoveLeft
16436,1241,265,MoveRight,2004,265,None
16436,1241,265,None,1997,265,MoveLeft
16437,1248,265,MoveRight,1997,265,None
16437,1248,265,None,1990,265,MoveLeft
16438,1255,265,MoveRight,1990,265,None
16438,1255,265,None,1983,265,MoveLeft
16439,1262,265,MoveRight,1983,265,None
16439,1262,265,None,1976,265,MoveLeft
16440,1269,265,MoveRight,1976,265,None
16440,1269,265,None,1969,265,MoveLeft
16441,1276,265,MoveRight,1969,265,None
16441,1276,265,None,1962,265,MoveLeft
16442,1276,265,None,1955,265,MoveLeft
16443,1276,265,None,1948,265,MoveLeft
16444,1269,265,MoveLeft,1948,265,None
16444,1269,265,None,1941,265,MoveLeft
16445,1262,265,MoveLeft,1941,265,None
16445,1262,265,None,1934,265,MoveLeft
16446,1255,265,MoveLeft,1934,265,None
16446,1255,265,None,1927,265,MoveLeft
16447,1248,265,MoveLeft,1927,265,None
16447,1248,265,None,1920,265,MoveLeft
16448,1241,265,MoveLeft,1920,265,None
16448,1241,265,None,1913,265,MoveLeft
16449,1234,265,MoveLeft,1913,265,None
16449,1234,265,None,1906,265,MoveLeft
16450,1227,265,MoveLeft,1906,265,None
16450,1227,265,None,1899,265,MoveLeft
16451,1220,265,MoveLeft,1899,265,None
16451,1220,265,None,1892,265,MoveLeft
16452,1213,265,MoveLeft,1892,265,None
16452,1213,265,None,1885,265,MoveLeft
16453,1206,265,MoveLeft,1885,265,None
16453,1206,265,None,1878,265,MoveLeft
16454,1199,265,MoveLeft,1878,265,None
16454,1199,265,None,1871,265,MoveLeft
16455,1192,265,MoveLeft,1871,265,None
16455,1192,265,None,1864,265,MoveLeft
16456,1185,265,MoveLeft,1864,265,None
16456,1185,265,None,1857,265,MoveLeft
16457,1178,265,MoveLeft,1857,265,None
16457,1178,265,None,1850,265,MoveLeft
16458,1171,265,MoveLeft,1850,265,None
16458,1171,265,None,1843,265,MoveLeft
16459,1164,265,MoveLeft,1843,265,None
16459,1164,265,None,1836,265,MoveLeft
16460,1157,265,MoveLeft,1836,265,None
16460,1157,265,None,1829,265,MoveLeft
16461,1150,265,MoveLeft,1829,265,None
16461,1150,265,None,1822,265,MoveLeft
16462,1143,265,MoveLeft,1822,265,None
16462,1143,265,None,1815,265,MoveLeft
16463,1136,265,MoveLeft,1815,265,None
16463,1136,265,None,1808,265,MoveLeft
16464,1129,265,MoveLeft,1808,265,None
16464,1129,265,None,1801,265,MoveLeft
16465,1129,265,None,1794,265,MoveLeft
16466,1129,265,None,1787,265,MoveLeft
16467,1129,265,None,1780,265,MoveLeft
16468,1129,265,None,1773,265,MoveLeft
16469,1129,265,None,1766,265,MoveLeft
16470,1129,265,None,1759,265,MoveLeft
16471,1129,265,None,1752,265,MoveLeft
16472,1129,265,None,1745,265,MoveLeft
16473,1129,265,None,1738,265,MoveLeft
16474,1129,265,None,1731,265,MoveLeft
16475,1129,265,None,1724,265,MoveLeft
16476,1129,265,None,1717,265,MoveLeft
16477,1129,265,None,1710,265,MoveLeft
16487,323,265,MoveLeft,1490,265,None
16488,316,265,MoveLeft,1490,265,None
16489,309,265,MoveLeft,1490,265,None
16490,302,265,MoveLeft,1490,265,None
16491,295,265,MoveLeft,1490,265,None
16492,288,265,MoveLeft,1490,265,None
16493,281,265,MoveLeft,1490,265,None
16494,274,265,MoveLeft,1490,265,None
16495,267,265,MoveLeft,1490,265,None
16496,260,265,MoveLeft,1490,265,None
16511,267,265,MoveRight,1490,265,None
16512,274,265,MoveRight,1490,265,None
16513,281,265,MoveRight,1490,265,None
16514,288,265,MoveRight,1490,265,None
16515,295,265,MoveRight,1490,265,None
16516,302,265,MoveRight,1490,265,None
16517,309,265,MoveRight,1490,265,None
16518,316,265,MoveRight,1490,265,None
16519,323,265,MoveRight,1490,265,None
16520,330,265,MoveRight,1490,265,None
16521,337,265,MoveRight,1490,265,None
16522,344,265,MoveRight,1490,265,None
16540,351,265,MoveRight,1490,265,None
16541,358,265,MoveRight,1490,265,None
16542,365,265,MoveRight,1490,265,None
16543,372,265,MoveRight,1490,265,None
16544,379,265,MoveRight,1490,265,None
16545,386,265,MoveRight,1490,265,None
16546,393,265,MoveRight,1490,265,None
16547,400,265,MoveRight,1490,265,None
16548,407,265,MoveRight,1490,265,None
16549,414,265,MoveRight,1490,265,None
16550,421,265,MoveRight,1490,265,None
16551,428,265,MoveRight,1490,265,None
16552,435,265,MoveRight,1490,265,None
16599,435,284.62,None,1490,265,None
16631,435,549.49,Serve,1490,265,None
16631,435,549.49,None,1490,265,None
16632,435,539.68,None,1497,265,MoveRight
16633,435,529.87,None,1504,265,MoveRight
16634,435,520.06,None,1511,265,MoveRight
16635,435,510.25,None,1518,265,MoveRight
16636,435,500.44,None,1525,265,MoveRight
16637,435,490.63,None,1532,265,MoveRight
16638,435,480.82,None,1539,265,MoveRight
16639,435,471.01,None,1546,265,MoveRight
16640,435,461.2,None,1553,265,MoveRight
16641,435,451.39,None,1560,265,MoveRight
16642,435,441.58,None,1567,265,MoveRight
16643,435,431.77,None,1574,265,MoveRight
16644,435,421.96,None,1581,265,MoveRight
16645,435,412.15,None,1588,265,MoveRight
16646,435,402.34,None,1595,265,MoveRight
16647,435,392.53,None,1602,265,MoveRight
16648,435,382.72,None,1609,265,MoveRight
16649,435,372.91,None,1616,265,MoveRight
16650,438.5,363.1,MoveRight,1616,265,None
16650,438.5,363.1,None,1623,265,MoveRight
16651,442,353.29,MoveRight,1623,265,None
16651,442,353.29,None,1630,265,MoveRight
16652,445.5,343.48,MoveRight,1630,265,None
16652,445.5,343.48,None,1637,265,MoveRight
16653,449,333.67,MoveRight,1637,265,None
16653,449,333.67,None,1644,265,MoveRight
16654,452.5,323.86,MoveRight,1644,265,None
16654,452.5,323.86,None,1651,265,MoveRight
16655,456,314.05,MoveRight,1651,265,None
16655,456,314.05,None,1658,265,MoveRight
16656,459.5,304.24,MoveRight,1658,265,None
16656,459.5,304.24,None,1665,265,MoveRight
16657,463,294.43,MoveRight,1665,265,None
16657,463,294.43,None,1672,265,MoveRight
16658,466.5,284.62,MoveRight,1672,265,None
16658,466.5,284.62,None,1679,265,MoveRight
16659,470,274.81,MoveRight,1679,265,None
16659,470,274.81,None,1686,265,MoveRight
16660,477,265,MoveRight,1686,265,None
16660,477,265,None,1693,265,MoveRight
16661,484,265,MoveRight,1693,265,None
16661,484,265,None,1700,265,MoveRight
16662,491,265,MoveRight,1700,265,None
16662,491,265,None,1707,265,MoveRight
16663,498,265,MoveRight,1707,265,None
16663,498,265,None,1714,265,MoveRight
16664,505,265,MoveRight,1714,265,None
16665,512,265,MoveRight,1714,265,None
16666,519,265,MoveRight,1714,265,None
16667,526,265,MoveRight,1714,265,None
16668,533,265,MoveRight,1714,265,None
16669,540,265,MoveRight,1714,265,None
16670,547,265,MoveRight,1714,265,None
16671,554,265,MoveRight,1714,265,None
16672,561,265,MoveRight,1714,265,None
16673,568,265,MoveRight,1714,265,None
16674,575,265,MoveRight,1714,265,None
16675,582,265,MoveRight,1714,265,None
16676,589,265,MoveRight,1714,265,None
16677,596,265,MoveRight,1714,265,None
16678,603,265,MoveRight,1714,265,None
16679,610,265,MoveRight,1714,265,None
16680,617,265,MoveRight,1714,265,None
16681,624,265,MoveRight,1714,265,None
16682,631,265,MoveRight,1714,265,None
16683,638,265,MoveRight,1714,265,None
16684,645,265,MoveRight,1714,265,None
16685,652,265,MoveRight,1714,265,None
16686,659,265,MoveRight,1714,265,None
16687,666,265,MoveRight,1714,265,None
16688,673,265,MoveRight,1714,265,None
16689,680,265,MoveRight,1714,265,None
16690,687,265,MoveRight,1714,265,None
16691,694,265,MoveRight,1714,265,None
16692,694,265,None,1714,265,SpikeMedium
16692,701,265,MoveRight,1714,265,None
16692,701,265,None,1714,265,None
16693,708,265,MoveRight,1714,265,None
16694,715,265,MoveRight,1714,265,None
16695,722,265,MoveRight,1714,265,None
16696,729,265,MoveRight,1714,265,None
16697,736,265,MoveRight,1714,265,None
16698,743,265,MoveRight,1714,265,None
16699,750,265,MoveRight,1714,265,None
16700,757,265,MoveRight,1714,265,None
16701,764,265,MoveRight,1714,265,None
16702,771,265,MoveRight,1714,265,None
16703,778,265,MoveRight,1714,265,None
16704,785,265,MoveRight,1714,265,None
16705,792,265,MoveRight,1714,265,None
16706,799,265,MoveRight,1714,265,None
16707,806,265,MoveRight,1714,265,None
16708,813,265,MoveRight,1714,265,None
16709,820,265,MoveRight,1714,265,None
16710,827,265,MoveRight,1714,265,None
16711,834,265,MoveRight,1714,265,None
16712,841,265,MoveRight,1714,265,None
16713,848,265,MoveRight,1714,265,None
16714,855,265,MoveRight,1714,265,None
16715,862,265,MoveRight,1714,265,None
16716,869,265,MoveRight,1714,265,None
16717,876,265,MoveRight,1714,265,None
16718,883,265,MoveRight,1714,265,None
16729,890,265,MoveRight,1714,265,None
16730,897,265,MoveRight,1714,265,None
16731,904,265,MoveRight,1714,265,None
16732,911,265,MoveRight,1714,265,None
16733,918,265,MoveRight,1714,265,None
16734,925,265,MoveRight,1714,265,None
16735,932,265,MoveRight,1714,265,None
16736,939,265,MoveRight,1714,265,None
16737,946,265,MoveRight,1714,265,None
16745,939,265,MoveLeft,1714,265,None
16746,932,265,MoveLeft,1714,265,None
16747,925,265,MoveLeft,1714,265,None
16748,918,265,MoveLeft,1714,265,None
16749,911,265,MoveLeft,1714,265,None
16750,904,265,MoveLeft,1714,265,None
16751,897,265,MoveLeft,1714,265,None
16752,890,265,MoveLeft,1714,265,None
16753,890,265,Bump,1714,265,None
16753,883,265,MoveLeft,1714,265,None
16754,883,265,None,1721,265,MoveRight
16755,883,265,None,1728,265,MoveRight
16772,890,265,MoveRight,1728,265,None
16773,897,265,MoveRight,1728,265,None
16774,904,265,MoveRight,1728,265,None
16775,911,265,MoveRight,1728,265,None
16776,918,265,MoveRight,1728,265,None
16777,925,265,MoveRight,1728,265,None
16778,932,265,MoveRight,1728,265,None
16779,939,265,MoveRight,1728,265,None
16780,946,265,MoveRight,1728,265,None
16781,953,265,MoveRight,1728,265,None
16782,960,265,MoveRight,1728,265,None
16783,967,265,MoveRight,1728,265,None
16784,974,265,MoveRight,1728,265,None
16785,981,265,MoveRight,1728,265,None
16786,988,265,MoveRight,1728,265,None
16787,995,265,MoveRight,1728,265,None
16788,1002,265,MoveRight,1728,265,None
16789,1009,265,MoveRight,1728,265,None
16790,1016,265,MoveRight,1728,265,None
16791,1023,265,MoveRight,1728,265,None
16792,1030,265,MoveRight,1728,265,None
16793,1037,265,MoveRight,1728,265,None
16794,1044,265,MoveRight,1728,265,None
16795,1051,265,MoveRight,1728,265,None
16796,1058,265,MoveRight,1728,265,None
16797,1065,265,MoveRight,1728,265,None
16798,1072,265,MoveRight,1728,265,None
16799,1079,265,MoveRight,1728,265,None
16800,1086,265,MoveRight,1728,265,None
16801,1093,265,MoveRight,1728,265,None
16802,1100,265,MoveRight,1728,265,None
16803,1107,265,MoveRight,1728,265,None
16804,1114,265,MoveRight,1728,265,None
16805,1121,265,MoveRight,1728,265,None
16806,1128,265,MoveRight,1728,265,None
16807,1135,265,MoveRight,1728,265,None
16808,1142,265,MoveRight,1728,265,None
16809,1149,265,MoveRight,1728,265,None
16810,1156,265,MoveRight,1728,265,None
16811,1163,265,MoveRight,1728,265,None
16812,1170,265,MoveRight,1728,265,None
16813,1177,265,MoveRight,1728,265,None
16814,1184,265,MoveRight,1728,265,None
16815,1191,265,MoveRight,1728,265,None
16816,1198,265,MoveRight,1728,265,None
16817,1205,265,MoveRight,1728,265,None
16818,1212,265,MoveRight,1728,265,None
16819,1219,265,MoveRight,1728,265,None
16820,1226,265,MoveRight,1728,265,None
16821,1233,265,MoveRight,1728,265,None
16822,1240,265,MoveRight,1728,265,None
16823,1247,265,MoveRight,1728,265,None
16824,1254,265,MoveRight,1728,265,None
16825,1261,265,MoveRight,1728,265,None
16826,1268,265,MoveRight,1728,265,None
16827,1275,265,MoveRight,1728,265,None
16828,1282,265,MoveRight,1728,265,None
16829,1289,265,MoveRight,1728,265,None
16830,1296,265,MoveRight,1728,265,None
16831,1303,265,MoveRight,1728,265,None
16842,1303,265,Set,1728,265,None
16842,1303,265,None,1728,265,None
16912,1303,284.62,None,1728,265,None
16945,1303,539.68,None,1728,265,None
17224,1296,265,MoveLeft,1728,265,None
17225,1289,265,MoveLeft,1728,265,None
17226,1282,265,MoveLeft,1728,265,None
17227,1275,265,MoveLeft,1728,265,None
17228,1268,265,MoveLeft,1728,265,None
17229,1261,265,MoveLeft,1728,265,None
17230,1254,265,MoveLeft,1728,265,None
17231,1247,265,MoveLeft,1728,265,None
17232,1240,265,MoveLeft,1728,265,None
17233,1233,265,MoveLeft,1728,265,None
17234,1226,265,MoveLeft,1728,265,None
17235,1219,265,MoveLeft,1728,265,None
17236,1212,265,MoveLeft,1728,265,None
17237,1205,265,MoveLeft,1728,265,None
17238,1198,265,MoveLeft,1728,265,None
17239,1191,265,MoveLeft,1728,265,None
17240,1184,265,MoveLeft,1728,265,None
17241,1177,265,MoveLeft,1728,265,None
17242,1170,265,MoveLeft,1728,265,None
17243,1163,265,MoveLeft,1728,265,None
17244,1156,265,MoveLeft,1728,265,None
17245,1149,265,MoveLeft,1728,265,None
17246,1142,265,MoveLeft,1728,265,None
17247,1135,265,MoveLeft,1728,265,None
17248,1128,265,MoveLeft,1728,265,None
17249,1121,265,MoveLeft,1728,265,None
17250,1114,265,MoveLeft,1728,265,None
17251,1107,265,MoveLeft,1728,265,None
17270,1114,265,MoveRight,1728,265,None
17271,1121,265,MoveRight,1728,265,None
17272,1128,265,MoveRight,1728,265,None
17273,1135,265,MoveRight,1728,265,None
17274,1142,265,MoveRight,1728,265,None
17275,1149,265,MoveRight,1728,265,None
17276,1156,265,MoveRight,1728,265,None
17277,1163,265,MoveRight,1728,265,None
17278,1170,265,MoveRight,1728,265,None
17279,1177,265,MoveRight,1728,265,None
17280,1184,265,MoveRight,1728,265,None
17281,1191,265,MoveRight,1728,265,None
17282,1198,265,MoveRight,1728,265,None
17283,1205,265,MoveRight,1728,265,None
17284,1212,265,MoveRight,1728,265,None
17285,1219,265,MoveRight,1728,265,None
17286,1226,265,MoveRight,1728,265,None
17287,1233,265,MoveRight,1728,265,None
17340,1233,284.62,None,1728,265,None
17364,1233,529.87,None,1728,265,None
17379,1233,480.82,None,1728,265,None
17417,1240,265,MoveRight,1728,265,None
17418,1247,265,MoveRight,1728,265,None
17419,1254,265,MoveRight,1728,265,None
17420,1261,265,MoveRight,1728,265,None
17421,1268,265,MoveRight,1728,265,None
17445,1268,284.62,None,1728,265,None
17466,1268,500.44,None,1728,265,None
17522,1268,284.62,None,1728,265,None
17564,1268,451.39,None,1728,265,None
17605,1268,284.62,None,1728,265,None
17652,1268,402.34,None,1728,265,None
17678,1268,284.62,None,1728,265,None
17691,1268,421.96,None,1728,265,None
17703,1268,539.68,None,1728,265,None
17704,1268,549.49,None,1728,265,None
17714,1268,510.25,None,1728,265,None
17715,1268,500.44,None,1728,265,None
17725,1268,402.34,None,1728,265,None
17726,1268,392.53,None,1728,265,None
17737,1268,284.62,None,1728,265,None
17740,1268,284.62,None,1728,265,None
17772,1268,549.49,None,1728,265,None
17827,1268,284.62,None,1728,265,None
17865,1268,490.63,None,1728,265,None
17952,1268,284.62,None,1728,265,None
17984,1268,549.49,None,1728,265,None
18052,1268,284.62,None,1728,265,None
18072,1268,490.63,None,1728,265,None
18079,1268,559.3,None,1728,265,None
18084,1268,549.49,None,1728,265,None
18090,1268,490.63,None,1728,265,None
18094,1268,451.39,None,1728,265,None
18104,1268,353.29,None,1728,265,None
18129,1275,265,MoveRight,1728,265,None
18130,1282,265,MoveRight,1728,265,None
18131,1289,265,MoveRight,1728,265,None
18132,1296,265,MoveRight,1728,265,None
18133,1303,265,MoveRight,1728,265,None
18134,1310,265,MoveRight,1728,265,None
18135,1317,265,MoveRight,1728,265,None
18136,1324,265,MoveRight,1728,265,None
18164,1326,284.62,None,1728,265,None
18176,1326,412.15,None,1728,265,None
18177,1326,421.96,None,1728,265,None
18187,1326,500.44,SpikeMedium,1728,265,None
18187,1326,520.06,None,1728,265,None
18188,1326,529.87,None,1735,265,MoveRight
18189,1326,539.68,None,1742,265,MoveRight
18190,1326,549.49,None,1749,265,MoveRight
18191,1326,559.3,None,1756,265,MoveRight
18192,1326,569.11,None,1763,265,MoveRight
18193,1326,578.92,None,1770,265,MoveRight
18194,1326,569.11,None,1777,265,MoveRight
18195,1326,559.3,None,1784,265,MoveRight
18196,1326,549.49,None,1791,265,MoveRight
18197,1326,539.68,None,1798,265,MoveRight
18198,1326,529.87,None,1805,265,MoveRight
18199,1326,520.06,None,1812,265,MoveRight
18200,1326,510.25,None,1819,265,MoveRight
18201,1326,500.44,None,1826,265,MoveRight
18202,1326,490.63,None,1833,265,MoveRight
18203,1326,480.82,None,1840,265,MoveRight
18204,1326,471.01,None,1847,265,MoveRight
18205,1326,461.2,None,1854,265,MoveRight
18206,1326,451.39,None,1861,265,MoveRight
18207,1326,441.58,None,1868,265,MoveRight
18208,1326,431.77,None,1875,265,MoveRight
18209,1326,421.96,None,1882,265,MoveRight
18210,1326,412.15,None,1889,265,MoveRight
18211,1326,402.34,None,1896,265,MoveRight
18212,1326,392.53,None,1903,265,MoveRight
18213,1326,382.72,None,1910,265,MoveRight
18214,1326,372.91,None,1917,265,MoveRight
18215,1326,363.1,None,1924,265,MoveRight
18216,1326,353.29,None,1931,265,MoveRight
18217,1326,343.48,None,1938,265,MoveRight
18218,1326,333.67,None,1945,265,MoveRight
18219,1326,323.86,None,1952,265,MoveRight
18220,1322.5,314.05,MoveLeft,1952,265,None
18220,1322.5,314.05,None,1959,265,MoveRight
18221,1319,304.24,MoveLeft,1959,265,None
18221,1319,304.24,None,1966,265,MoveRight
18222,1315.5,294.43,MoveLeft,1966,265,None
18222,1315.5,294.43,None,1973,265,MoveRight
18223,1312,284.62,MoveLeft,1973,265,None
18223,1312,284.62,None,1980,265,MoveRight
18224,1308.5,274.81,MoveLeft,1980,265,None
18224,1308.5,274.81,None,1987,265,MoveRight
18225,1301.5,265,MoveLeft,1987,265,None
18225,1301.5,265,None,1994,265,MoveRight
18226,1294.5,265,MoveLeft,1994,265,None
18226,1294.5,265,None,2001,265,MoveRight
18227,1287.5,265,MoveLeft,2001,265,None
18227,1287.5,265,None,2008,265,MoveRight
18228,1280.5,265,MoveLeft,2008,265,None
18228,1280.5,265,None,2015,265,MoveRight
18229,1273.5,265,MoveLeft,2015,265,None
18229,1273.5,265,None,2022,265,MoveRight
18230,1266.5,265,MoveLeft,2022,265,None
18230,1266.5,265,None,2029,265,MoveRight
18231,1259.5,265,MoveLeft,2029,265,None
18231,1259.5,265,None,2036,265,MoveRight
18232,1252.5,265,MoveLeft,2036,265,None
18232,1252.5,265,None,2043,265,MoveRight
18233,1245.5,265,MoveLeft,2043,265,None
18233,1245.5,265,None,2050,265,MoveRight
18234,1238.5,265,MoveLeft,2050,265,None
18234,1238.5,265,None,2057,265,MoveRight
18235,1231.5,265,MoveLeft,2057,265,None
18235,1231.5,265,None,2064,265,MoveRight
18236,1224.5,265,MoveLeft,2064,265,None
18236,1224.5,265,None,2071,265,MoveRight
18237,1217.5,265,MoveLeft,2071,265,None
18238,1210.5,265,MoveLeft,2071,265,None
18239,1203.5,265,MoveLeft,2071,265,None
18240,1196.5,265,MoveLeft,2071,265,None
18241,1189.5,265,MoveLeft,2071,265,None
18242,1189.5,265,None,2071,265,SpikeMedium
18242,1182.5,265,MoveLeft,2071,265,None
18242,1182.5,265,None,2071,265,None
18243,1175.5,265,MoveLeft,2071,265,None
18244,1168.5,265,MoveLeft,2071,265,None
18245,1161.5,265,MoveLeft,2071,265,None
18246,1154.5,265,MoveLeft,2071,265,None
18247,1147.5,265,MoveLeft,2071,265,None
18248,1140.5,265,MoveLeft,2071,265,None
18249,1133.5,265,MoveLeft,2071,265,None
18250,1126.5,265,MoveLeft,2071,265,None
18251,1119.5,265,MoveLeft,2071,265,None
18252,1112.5,265,MoveLeft,2071,265,None
18253,1105.5,265,MoveLeft,2071,265,None
18254,1098.5,265,MoveLeft,2071,265,None
18255,1091.5,265,MoveLeft,2071,265,None
18256,1084.5,265,MoveLeft,2071,265,None
18257,1077.5,265,MoveLeft,2071,265,None
18258,1070.5,265,MoveLeft,2071,265,None
18259,1063.5,265,MoveLeft,2071,265,None
18260,1056.5,265,MoveLeft,2071,265,None
18261,1049.5,265,MoveLeft,2071,265,None
18262,1042.5,265,MoveLeft,2071,265,None
18263,1035.5,265,MoveLeft,2071,265,None
18264,1028.5,265,MoveLeft,2071,265,None
18265,1021.5,265,MoveLeft,2071,265,None
18266,1014.5,265,MoveLeft,2071,265,None
18267,1007.5,265,MoveLeft,2071,265,None
18268,1000.5,265,MoveLeft,2071,265,None
18269,993.5,265,MoveLeft,2071,265,None
18270,986.5,265,MoveLeft,2071,265,None
18271,979.5,265,MoveLeft,2071,265,None
18274,986.5,265,MoveRight,2071,265,None
18275,993.5,265,MoveRight,2071,265,None
18276,1000.5,265,MoveRight,2071,265,None
18277,1007.5,265,MoveRight,2071,265,None
18278,1014.5,265,MoveRight,2071,265,None
18279,1021.5,265,MoveRight,2071,265,None
18280,1028.5,265,MoveRight,2071,265,None
18281,1035.5,265,MoveRight,2071,265,None
18282,1042.5,265,MoveRight,2071,265,None
18283,1049.5,265,MoveRight,2071,265,None
18284,1056.5,265,MoveRight,2071,265,None
18285,1063.5,265,MoveRight,2071,265,None
18286,1070.5,265,MoveRight,2071,265,None
18287,1077.5,265,MoveRight,2071,265,None
18288,1084.5,265,MoveRight,2071,265,None
18289,1091.5,265,MoveRight,2071,265,None
18290,1098.5,265,MoveRight,2071,265,None
18291,1105.5,265,MoveRight,2071,265,None
18292,1112.5,265,MoveRight,2071,265,None
18302,1119.5,265,MoveRight,2071,265,None
18303,1126.5,265,MoveRight,2071,265,None
18304,1133.5,265,MoveRight,2071,265,None
18305,1140.5,265,MoveRight,2071,265,None
18306,1147.5,265,MoveRight,2071,265,None
18307,1154.5,265,MoveRight,2071,265,None
18308,1161.5,265,MoveRight,2071,265,None
18309,1168.5,265,MoveRight,2071,265,None
18310,1175.5,265,MoveRight,2071,265,None
18311,1323,265,MoveLeft,2410,265,None
18312,1316,265,MoveLeft,2410,265,None
18313,1309,265,MoveLeft,2410,265,None
18314,1302,265,MoveLeft,2410,265,None
18315,1295,265,MoveLeft,2410,265,None
18316,1288,265,MoveLeft,2410,265,None
18317,1281,265,MoveLeft,2410,265,None
18318,1274,265,MoveLeft,2410,265,None
18344,1267,265,MoveLeft,2410,265,None
18345,1260,265,MoveLeft,2410,265,None
18346,1253,265,MoveLeft,2410,265,None
18347,1246,265,MoveLeft,2410,265,None
18348,1239,265,MoveLeft,2410,265,None
18349,1232,265,MoveLeft,2410,265,None
18350,1225,265,MoveLeft,2410,265,None
18351,1218,265,MoveLeft,2410,265,None
18352,1211,265,MoveLeft,2410,265,None
18353,1204,265,MoveLeft,2410,265,None
18354,1197,265,MoveLeft,2410,265,None
18355,1190,265,MoveLeft,2410,265,None
18356,1183,265,MoveLeft,2410,265,None
18357,1176,265,MoveLeft,2410,265,None
18358,1169,265,MoveLeft,2410,265,None
18359,1162,265,MoveLeft,2410,265,None
18360,1155,265,MoveLeft,2410,265,None
18361,1155,265,None,2410,265,Serve
18361,1148,265,MoveLeft,2410,265,None
18361,1148,265,None,2410,265,None
18362,1141,265,MoveLeft,2410,265,None
18363,1134,265,MoveLeft,2410,265,None
18364,1127,265,MoveLeft,2410,265,None
18365,1120,265,MoveLeft,2410,265,None
18366,1113,265,MoveLeft,2410,265,None
18367,1106,265,MoveLeft,2410,265,None
18368,1099,265,MoveLeft,2410,265,None
18391,1092,265,MoveLeft,2410,265,None
18392,1085,265,MoveLeft,2410,265,None
18393,1078,265,MoveLeft,2410,265,None
18394,1071,265,MoveLeft,2410,265,None
18395,1064,265,MoveLeft,2410,265,None
18396,1057,265,MoveLeft,2410,265,None
18397,1050,265,MoveLeft,2410,265,None
18398,1043,265,MoveLeft,2410,265,None
18408,1036,265,MoveLeft,2410,265,None
18409,1029,265,MoveLeft,2410,265,None
18410,1022,265,MoveLeft,2410,265,None
18411,1015,265,MoveLeft,2410,265,None
18412,1008,265,MoveLeft,2410,265,None
18424,1001,265,MoveLeft,2410,265,None
18425,994,265,MoveLeft,2410,265,None
18426,987,265,MoveLeft,2410,265,None
18427,980,265,MoveLeft,2410,265,None
18428,973,265,MoveLeft,2410,265,None
18429,966,265,MoveLeft,2410,265,None
18430,959,265,MoveLeft,2410,265,None
18431,959,265,Bump,2410,265,None
18431,952,265,MoveLeft,2410,265,None
18432,952,265,None,2403,265,MoveLeft
18433,952,265,None,2396,265,MoveLeft
18434,952,265,None,2389,265,MoveLeft
18435,952,265,None,2382,265,MoveLeft
18436,952,265,None,2375,265,MoveLeft
18437,952,265,None,2368,265,MoveLeft
18438,952,265,None,2361,265,MoveLeft
18439,952,265,None,2354,265,MoveLeft
18440,952,265,None,2347,265,MoveLeft
18441,952,265,None,2340,265,MoveLeft
18442,952,265,None,2333,265,MoveLeft
18443,952,265,None,2326,265,MoveLeft
18444,952,265,None,2319,265,MoveLeft
18445,952,265,None,2312,265,MoveLeft
18446,952,265,None,2305,265,MoveLeft
18447,952,265,None,2298,265,MoveLeft
18448,952,265,None,2291,265,MoveLeft
18449,952,265,None,2284,265,MoveLeft
18450,959,265,MoveRight,2284,265,None
18450,959,265,None,2277,265,MoveLeft
18451,966,265,MoveRight,2277,265,None
18451,966,265,None,2270,265,MoveLeft
18452,973,265,MoveRight,2270,265,None
18452,973,265,None,2263,265,MoveLeft
18453,980,265,MoveRight,2263,265,None
18453,980,265,None,2256,265,MoveLeft
18454,987,265,MoveRight,2256,265,None
18454,987,265,None,2249,265,MoveLeft
18455,994,265,MoveRight,2249,265,None
18455,994,265,None,2242,265,MoveLeft
18456,1001,265,MoveRight,2242,265,None
18456,1001,265,None,2235,265,MoveLeft
18457,1008,265,MoveRight,2235,265,None
18457,1008,265,None,2228,265,MoveLeft
18458,1015,265,MoveRight,2228,265,None
18458,1015,265,None,2221,265,MoveLeft
18459,1022,265,MoveRight,2221,265,None
18459,1022,265,None,2214,265,MoveLeft
18460,1029,265,MoveRight,2214,265,None
18460,1029,265,None,2207,265,MoveLeft
18461,1036,265,MoveRight,2207,265,None
18461,1036,265,None,2200,265,MoveLeft
18462,1043,265,MoveRight,2200,265,None
18462,1043,265,None,2193,265,MoveLeft
18463,1050,265,MoveRight,2193,265,None
18463,1050,265,None,2186,265,MoveLeft
18464,1057,265,MoveRight,2186,265,None
18464,1057,265,None,2179,265,MoveLeft
18465,1064,265,MoveRight,2179,265,None
18465,1064,265,None,2172,265,MoveLeft
18466,1071,265,MoveRight,2172,265,None
18466,1071,265,None,2165,265,MoveLeft
18467,1078,265,MoveRight,2165,265,None
18467,1078,265,None,2158,265,MoveLeft
18468,1085,265,MoveRight,2158,265,None
18468,1085,265,None,2151,265,MoveLeft
18469,1092,265,MoveRight,2151,265,None
18469,1092,265,None,2144,265,MoveLeft
18470,1099,265,MoveRight,2144,265,None
18470,1099,265,None,2137,265,MoveLeft
18471,1106,265,MoveRight,2137,265,None
18471,1106,265,None,2130,265,MoveLeft
18472,1113,265,MoveRight,2130,265,None
18472,1113,265,None,2123,265,MoveLeft
18473,1120,265,MoveRight,2123,265,None
18473,1120,265,None,2116,265,MoveLeft
18474,1127,265,MoveRight,2116,265,None
18474,1127,265,None,2109,265,MoveLeft
18475,1134,265,MoveRight,2109,265,None
18475,1134,265,None,2102,265,MoveLeft
18476,1141,265,MoveRight,2102,265,None
18476,1141,265,None,2095,265,MoveLeft
18477,1148,265,MoveRight,2095,265,None
18477,1148,265,None,2088,265,MoveLeft
18478,1155,265,MoveRight,2088,265,None
18478,1155,265,None,2081,265,MoveLeft
18479,1162,265,MoveRight,2081,265,None
18479,1162,265,None,2074,265,MoveLeft
18480,1169,265,MoveRight,2074,265,None
18480,1169,265,None,2067,265,MoveLeft
18481,1176,265,MoveRight,2067,265,None
18481,1176,265,None,2060,265,MoveLeft
18482,1183,265,MoveRight,2060,265,None
18482,1183,265,None,2053,265,MoveLeft
18483,1190,265,MoveRight,2053,265,None
18483,1190,265,None,2046,265,MoveLeft
18484,1197,265,MoveRight,2046,265,None
18484,1197,265,None,2039,265,MoveLeft
18485,1204,265,MoveRight,2039,265,None
18485,1204,265,None,2032,265,MoveLeft
18486,1211,265,MoveRight,2032,265,None
18486,1211,265,None,2025,265,MoveLeft
18487,1218,265,MoveRight,2025,265,None
18487,1218,265,None,2018,265,MoveLeft
18488,1225,265,MoveRight,2018,265,None
18488,1225,265,None,2011,265,MoveLeft
18489,1232,265,MoveRight,2011,265,None
18489,1232,265,None,2004,265,MoveLeft
18490,1239,265,MoveRight,2004,265,None
18490,1239,265,None,1997,265,MoveLeft
18491,1246,265,MoveRight,1997,265,None
18491,1246,265,None,1990,265,MoveLeft
18492,1253,265,MoveRight,1990,265,None
18492,1253,265,None,1983,265,MoveLeft
18493,1260,265,MoveRight,1983,265,None
18493,1260,265,None,1976,265,MoveLeft
18494,1267,265,MoveRight,1976,265,None
18494,1267,265,None,1969,265,MoveLeft
18495,1274,265,MoveRight,1969,265,None
18495,1274,265,None,1962,265,MoveLeft
18496,1281,265,MoveRight,1962,265,None
18496,1281,265,None,1955,265,MoveLeft
18497,1288,265,MoveRight,1955,265,None
18497,1288,265,None,1948,265,MoveLeft
18498,1295,265,MoveRight,1948,265,None
18498,1295,265,None,1941,265,MoveLeft
18499,1302,265,MoveRight,1941,265,None
18499,1302,265,None,1934,265,MoveLeft
18500,1309,265,MoveRight,1934,265,None
18500,1309,265,None,1927,265,MoveLeft
18501,1316,265,MoveRight,1927,265,None
18501,1316,265,None,1920,265,MoveLeft
18502,1323,265,MoveRight,1920,265,None
18502,1323,265,None,1913,265,MoveLeft
18503,1326,265,None,1906,265,MoveLeft
18504,1326,265,None,1899,265,MoveLeft
18505,1326,265,None,1892,265,MoveLeft
18506,1326,265,None,1885,265,MoveLeft
18507,1326,265,None,1878,265,MoveLeft
18508,1326,265,None,1871,265,MoveLeft
18509,1326,265,None,1864,265,MoveLeft
18510,1319,265,MoveLeft,1864,265,None
18510,1319,265,None,1857,265,MoveLeft
18511,1312,265,MoveLeft,1857,265,None
18511,1312,265,None,1850,265,MoveLeft
18512,1305,265,MoveLeft,1850,265,None
18512,1305,265,None,1843,265,MoveLeft
18513,1298,265,MoveLeft,1843,265,None
18513,1298,265,None,1836,265,MoveLeft
18514,1291,265,MoveLeft,1836,265,None
18514,1291,265,None,1829,265,MoveLeft
18515,1284,265,MoveLeft,1829,265,None
18515,1284,265,None,1822,265,MoveLeft
18516,1277,265,MoveLeft,1822,265,None
18516,1277,265,None,1815,265,MoveLeft
18517,1270,265,MoveLeft,1815,265,None
18517,1270,265,None,1808,265,MoveLeft
18518,1263,265,MoveLeft,1808,265,None
18518,1263,265,None,1801,265,MoveLeft
18519,1256,265,MoveLeft,1801,265,None
18519,1256,265,None,1794,265,MoveLeft
18520,1249,265,MoveLeft,1794,265,None
18520,1249,265,None,1787,265,MoveLeft
18521,1242,265,MoveLeft,1787,265,None
18521,1242,265,None,1780,265,MoveLeft
18522,1235,265,MoveLeft,1780,265,None
18522,1235,265,None,1773,265,MoveLeft
18523,1228,265,MoveLeft,1773,265,None
18523,1228,265,None,1766,265,MoveLeft
18524,1221,265,MoveLeft,1766,265,None
18524,1221,265,None,1759,265,MoveLeft
18525,1214,265,MoveLeft,1759,265,None
18525,1214,265,None,1752,265,MoveLeft
18526,1207,265,MoveLeft,1752,265,None
18526,1207,265,None,1745,265,MoveLeft
18527,1200,265,MoveLeft,1745,265,None
18527,1200,265,None,1738,265,MoveLeft
18528,1193,265,MoveLeft,1738,265,None
18528,1193,265,None,1731,265,MoveLeft
18529,1186,265,MoveLeft,1731,265,None
18529,1186,265,None,1724,265,MoveLeft
18530,1179,265,MoveLeft,1724,265,None
18530,1179,265,None,1717,265,MoveLeft
18531,1172,265,MoveLeft,1717,265,None
18531,1172,265,None,1710,265,MoveLeft
18532,323,265,MoveLeft,1850,265,None
18533,316,265,MoveLeft,1850,265,None
18534,309,265,MoveLeft,1850,265,None
18535,302,265,MoveLeft,1850,265,None
18536,295,265,MoveLeft,1850,265,None
18537,288,265,MoveLeft,1850,265,None
18538,281,265,MoveLeft,1850,265,None
18539,274,265,MoveLeft,1850,265,None
18540,267,265,MoveLeft,1850,265,None
18541,260,265,MoveLeft,1850,265,None
18542,253,265,MoveLeft,1850,265,None
18543,246,265,MoveLeft,1850,265,None
18544,239,265,MoveLeft,1850,265,None
18545,232,265,MoveLeft,1850,265,None
18546,225,265,MoveLeft,1850,265,None
18547,218,265,MoveLeft,1850,265,None
18558,225,265,MoveRight,1850,265,None
18559,232,265,MoveRight,1850,265,None
18560,239,265,MoveRight,1850,265,None
18561,246,265,MoveRight,1850,265,None
18562,253,265,MoveRight,1850,265,None
18563,260,265,MoveRight,1850,265,None
18564,267,265,MoveRight,1850,265,None
18565,274,265,MoveRight,1850,265,None
18566,281,265,MoveRight,1850,265,None
18567,288,265,MoveRight,1850,265,None
18568,295,265,MoveRight,1850,265,None
18569,302,265,MoveRight,1850,265,None
18570,309,265,MoveRight,1850,265,None
18571,316,265,MoveRight,1850,265,None
18572,323,265,MoveRight,1850,265,None
18573,330,265,MoveRight,1850,265,None
18574,337,265,MoveRight,1850,265,None
18575,344,265,MoveRight,1850,265,None
18576,351,265,MoveRight,1850,265,None
18577,358,265,MoveRight,1850,265,None
18578,365,265,MoveRight,1850,265,None
18579,372,265,MoveRight,1850,265,None
18580,379,265,MoveRight,1850,265,None
18581,386,265,MoveRight,1850,265,None
18582,393,265,MoveRight,1850,265,None
18583,400,265,MoveRight,1850,265,None
18584,407,265,MoveRight,1850,265,None
18585,414,265,MoveRight,1850,265,None
18603,421,265,MoveRight,1850,265,None
18604,428,265,MoveRight,1850,265,None
18605,435,265,MoveRight,1850,265,None
18606,442,265,MoveRight,1850,265,None
18607,449,265,MoveRight,1850,265,None
18608,456,265,MoveRight,1850,265,None
18609,463,265,MoveRight,1850,265,None
18610,470,265,MoveRight,1850,265,None
18611,477,265,MoveRight,1850,265,None
18612,484,265,MoveRight,1850,265,None
18648,484,284.62,None,1850,265,None
18674,484,529.87,Serve,1850,265,None
18674,484,549.49,None,1850,265,None
18675,484,559.3,None,1843,265,MoveLeft
18676,484,569.11,None,1836,265,MoveLeft
18677,484,578.92,None,1829,265,MoveLeft
18678,484,569.11,None,1822,265,MoveLeft
18679,484,559.3,None,1815,265,MoveLeft
18680,484,549.49,None,1808,265,MoveLeft
18681,484,539.68,None,1801,265,MoveLeft
18682,484,529.87,None,1794,265,MoveLeft
18693,487.5,421.96,MoveRight,1794,265,None
18694,491,412.15,MoveRight,1794,265,None
18695,494.5,402.34,MoveRight,1794,265,None
18696,498,392.53,MoveRight,1794,265,None
18697,501.5,382.72,MoveRight,1794,265,None
18698,505,372.91,MoveRight,1794,265,None
18699,508.5,363.1,MoveRight,1794,265,None
18700,512,353.29,MoveRight,1794,265,None
18701,515.5,343.48,MoveRight,1794,265,None
18702,519,333.67,MoveRight,1794,265,None
18703,522.5,323.86,MoveRight,1794,265,None
18704,526,314.05,MoveRight,1794,265,None
18705,529.5,304.24,MoveRight,1794,265,None
18706,533,294.43,MoveRight,1794,265,None
18707,536.5,284.62,MoveRight,1794,265,None
18708,540,274.81,MoveRight,1794,265,None
18709,547,265,MoveRight,1794,265,None
18710,554,265,MoveRight,1794,265,None
18711,561,265,MoveRight,1794,265,None
18712,568,265,MoveRight,1794,265,None
18713,575,265,MoveRight,1794,265,None
18714,582,265,MoveRight,1794,265,None
18715,589,265,MoveRight,1794,265,None
18716,596,265,MoveRight,1794,265,None
18717,603,265,MoveRight,1794,265,None
18718,610,265,MoveRight,1794,265,None
18719,617,265,MoveRight,1794,265,None
18720,624,265,MoveRight,1794,265,None
18721,631,265,MoveRight,1794,265,None
18722,638,265,MoveRight,1794,265,None
18723,645,265,MoveRight,1794,265,None
18724,652,265,MoveRight,1794,265,None
18725,659,265,MoveRight,1794,265,None
18726,666,265,MoveRight,1794,265,None
18727,673,265,MoveRight,1794,265,None
18728,680,265,MoveRight,1794,265,None
18729,687,265,MoveRight,1794,265,None
18730,694,265,MoveRight,1794,265,None
18731,701,265,MoveRight,1794,265,None
18732,708,265,MoveRight,1794,265,None
18733,715,265,MoveRight,1794,265,None
18734,722,265,MoveRight,1794,265,None
18735,729,265,MoveRight,1794,265,None
18736,729,265,None,1794,265,SpikeMedium
18736,736,265,MoveRight,1794,265,None
18736,736,265,None,1794,265,None
18737,743,265,MoveRight,1794,265,None
18738,750,265,MoveRight,1794,265,None
18739,757,265,MoveRight,1794,265,None
18740,764,265,MoveRight,1794,265,None
18741,771,265,MoveRight,1794,265,None
18742,778,265,MoveRight,1794,265,None
18743,785,265,MoveRight,1794,265,None
18744,792,265,MoveRight,1794,265,None
18745,799,265,MoveRight,1794,265,None
18746,806,265,MoveRight,1794,265,None
18747,813,265,MoveRight,1794,265,None
18748,820,265,MoveRight,1794,265,None
18749,827,265,MoveRight,1794,265,None
18750,834,265,MoveRight,1794,265,None
18751,841,265,MoveRight,1794,265,None
18752,848,265,MoveRight,1794,265,None
18753,855,265,MoveRight,1794,265,None
18754,862,265,MoveRight,1794,265,None
18755,869,265,MoveRight,1794,265,None
18756,876,265,MoveRight,1794,265,None
18757,883,265,MoveRight,1794,265,None
18758,890,265,MoveRight,1794,265,None
18759,897,265,MoveRight,1794,265,None
18760,904,265,MoveRight,1794,265,None
18761,911,265,MoveRight,1794,265,None
18762,918,265,MoveRight,1794,265,None
18763,925,265,MoveRight,1794,265,None
18764,932,265,MoveRight,1794,265,None
18765,939,265,MoveRight,1794,265,None
18766,946,265,MoveRight,1794,265,None
18767,953,265,MoveRight,1794,265,None
18768,960,265,MoveRight,1794,265,None
18769,967,265,MoveRight,1794,265,None
18770,974,265,MoveRight,1794,265,None
18771,981,265,MoveRight,1794,265,None
18772,988,265,MoveRight,1794,265,None
18773,995,265,MoveRight,1794,265,None
18774,1002,265,MoveRight,1794,265,None
18775,1009,265,MoveRight,1794,265,None
18776,1016,265,MoveRight,1794,265,None
18777,1023,265,MoveRight,1794,265,None
18792,1016,265,MoveLeft,1794,265,None
18793,1009,265,MoveLeft,1794,265,None
18794,1002,265,MoveLeft,1794,265,None
18795,995,265,MoveLeft,1794,265,None
18796,995,265,Bump,1794,265,None
18796,988,265,MoveLeft,1794,265,None
18797,988,265,None,1787,265,MoveLeft
18798,988,265,None,1780,265,MoveLeft
18799,988,265,None,1773,265,MoveLeft
18800,988,265,None,1766,265,MoveLeft
18801,988,265,None,1759,265,MoveLeft
18802,988,265,None,1752,265,MoveLeft
18803,988,265,None,1745,265,MoveLeft
18804,988,265,None,1738,265,MoveLeft
18805,988,265,None,1731,265,MoveLeft
18806,988,265,None,1724,265,MoveLeft
18807,988,265,None,1717,265,MoveLeft
18808,988,265,None,1710,265,MoveLeft
18809,988,265,None,1703,265,MoveLeft
18810,988,265,None,1696,265,MoveLeft
18811,988,265,None,1689,265,MoveLeft
18812,988,265,None,1682,265,MoveLeft
18813,988,265,None,1675,265,MoveLeft
18814,988,265,None,1668,265,MoveLeft
18815,995,265,MoveRight,1668,265,None
18815,995,265,None,1661,265,MoveLeft
18816,1002,265,MoveRight,1661,265,None
18816,1002,265,None,1654,265,MoveLeft
18817,1009,265,MoveRight,1654,265,None
18817,1009,265,None,1647,265,MoveLeft
18818,1016,265,MoveRight,1647,265,None
18818,1016,265,None,1640,265,MoveLeft
18819,1023,265,MoveRight,1640,265,None
18819,1023,265,None,1633,265,MoveLeft
18820,1030,265,MoveRight,1633,265,None
18820,1030,265,None,1626,265,MoveLeft
18821,1037,265,MoveRight,1626,265,None
18821,1037,265,None,1619,265,MoveLeft
18822,1044,265,MoveRight,1619,265,None
18822,1044,265,None,1612,265,MoveLeft
18823,1051,265,MoveRight,1612,265,None
18823,1051,265,None,1605,265,MoveLeft
18824,1058,265,MoveRight,1605,265,None
18824,1058,265,None,1598,265,MoveLeft
18825,1065,265,MoveRight,1598,265,None
18825,1065,265,None,1591,265,MoveLeft
18826,1072,265,MoveRight,1591,265,None
18826,1072,265,None,1584,265,MoveLeft
18827,1079,265,MoveRight,1584,265,None
18827,1079,265,None,1577,265,MoveLeft
18828,1086,265,MoveRight,1577,265,None
18828,1086,265,None,1570,265,MoveLeft
18829,1093,265,MoveRight,1570,265,None
18829,1093,265,None,1563,265,MoveLeft
18830,1100,265,MoveRight,1563,265,None
18830,1100,265,None,1556,265,MoveLeft
18831,1107,265,MoveRight,1556,265,None
18831,1107,265,None,1549,265,MoveLeft
18832,1114,265,MoveRight,1549,265,None
18832,1114,265,None,1542,265,MoveLeft
18833,1121,265,MoveRight,1542,265,None
18833,1121,265,None,1535,265,MoveLeft
18834,1128,265,MoveRight,1535,265,None
18834,1128,265,None,1528,265,MoveLeft
18835,1135,265,MoveRight,1528,265,None
18835,1135,265,None,1521,265,MoveLeft
18836,1142,265,MoveRight,1521,265,None
18836,1142,265,None,1514,265,MoveLeft
18837,1149,265,MoveRight,1514,265,None
18837,1149,265,None,1507,265,MoveLeft
18838,1156,265,MoveRight,1507,265,None
18838,1156,265,None,1500,265,MoveLeft
18839,1163,265,MoveRight,1500,265,None
18839,1163,265,None,1493,265,MoveLeft
18840,1170,265,MoveRight,1493,265,None
18840,1170,265,None,1486,265,MoveLeft
18841,1177,265,MoveRight,1486,265,None
18841,1177,265,None,1479,265,MoveLeft
18842,1184,265,MoveRight,1479,265,None
18843,1191,265,MoveRight,1479,265,None
18844,1198,265,MoveRight,1479,265,None
18845,1205,265,MoveRight,1479,265,None
18846,1212,265,MoveRight,1479,265,None
18847,1219,265,MoveRight,1479,265,None
18848,1226,265,MoveRight,1479,265,None
18849,1233,265,MoveRight,1479,265,None
18850,1240,265,MoveRight,1479,265,None
18851,1247,265,MoveRight,1479,265,None
18852,1254,265,MoveRight,1479,265,None
18853,1261,265,MoveRight,1479,265,None
18854,1268,265,MoveRight,1479,265,None
18855,1275,265,MoveRight,1479,265,None
18856,1282,265,MoveRight,1479,265,None
18858,1275,265,MoveLeft,1479,265,None
18859,1268,265,MoveLeft,1479,265,None
18860,1261,265,MoveLeft,1479,265,None
18861,1254,265,MoveLeft,1479,265,None
18862,1247,265,MoveLeft,1479,265,None
18863,1240,265,MoveLeft,1479,265,None
18864,1233,265,MoveLeft,1479,265,None
18865,1226,265,MoveLeft,1479,265,None
18866,1219,265,MoveLeft,1479,265,None
18867,1212,265,MoveLeft,1479,265,None
18868,1205,265,MoveLeft,1479,265,None
18869,1198,265,MoveLeft,1479,265,None
18870,1191,265,MoveLeft,1479,265,None
18871,1184,265,MoveLeft,1479,265,None
18872,1177,265,MoveLeft,1479,265,None
18873,1170,265,MoveLeft,1479,265,None
18874,1163,265,MoveLeft,1479,265,None
18875,1156,265,MoveLeft,1479,265,None
18876,1149,265,MoveLeft,1479,265,None
18877,1142,265,MoveLeft,1479,265,None
18878,1135,265,MoveLeft,1479,265,None
18879,1128,265,MoveLeft,1479,265,None
18880,1121,265,MoveLeft,1479,265,None
18881,1114,265,MoveLeft,1479,265,None
18882,1107,265,MoveLeft,1479,265,None
18883,1100,265,MoveLeft,1479,265,None
18884,1093,265,MoveLeft,1479,265,None
18885,1086,265,MoveLeft,1479,265,None
18886,1079,265,MoveLeft,1479,265,None
18887,1072,265,MoveLeft,1479,265,None
18888,1065,265,MoveLeft,1479,265,None
18889,1058,265,MoveLeft,1479,265,None
18890,1051,265,MoveLeft,1479,265,None
18891,1044,265,MoveLeft,1479,265,None
18892,1037,265,MoveLeft,1479,265,None
18893,1037,265,None,1479,265,SpikeLight
18893,1030,265,MoveLeft,1479,265,None
18893,1030,265,None,1479,265,None
18894,1023,265,MoveLeft,1479,265,None
18895,1016,265,MoveLeft,1479,265,None
18896,1009,265,MoveLeft,1479,265,None
18897,1002,265,MoveLeft,1479,265,None
18898,995,265,MoveLeft,1479,265,None
18899,988,265,MoveLeft,1479,265,None
18900,981,265,MoveLeft,1479,265,None
18901,974,265,MoveLeft,1479,265,None
18902,967,265,MoveLeft,1479,265,None
18903,960,265,MoveLeft,1479,265,None
18904,953,265,MoveLeft,1479,265,None
18905,946,265,MoveLeft,1479,265,None
18906,939,265,MoveLeft,1479,265,None
18907,932,265,MoveLeft,1479,265,None
18908,925,265,MoveLeft,1479,265,None
18909,918,265,MoveLeft,1479,265,None
18910,911,265,MoveLeft,1479,265,None
18911,904,265,MoveLeft,1479,265,None
18912,897,265,MoveLeft,1479,265,None
18913,890,265,MoveLeft,1479,265,None
18914,883,265,MoveLeft,1479,265,None
18915,876,265,MoveLeft,1479,265,None
18916,869,265,MoveLeft,1479,265,None
18917,862,265,MoveLeft,1479,265,None
18918,855,265,MoveLeft,1479,265,None
18919,848,265,MoveLeft,1479,265,None
18920,841,265,MoveLeft,1479,265,None
18923,848,265,MoveRight,1479,265,None
18924,855,265,MoveRight,1479,265,None
18925,862,265,MoveRight,1479,265,None
18926,869,265,MoveRight,1479,265,None
18927,876,265,MoveRight,1479,265,None
18928,883,265,MoveRight,1479,265,None
18929,890,265,MoveRight,1479,265,None
18930,897,265,MoveRight,1479,265,None
18931,904,265,MoveRight,1479,265,None
18932,911,265,MoveRight,1479,265,None
18933,918,265,MoveRight,1479,265,None
18934,925,265,MoveRight,1479,265,None
18935,932,265,MoveRight,1479,265,None
18936,939,265,MoveRight,1479,265,None
18937,946,265,MoveRight,1479,265,None
18938,953,265,MoveRight,1479,265,None
18939,960,265,MoveRight,1479,265,None
18940,967,265,MoveRight,1479,265,None
18941,974,265,MoveRight,1479,265,None
18942,981,265,MoveRight,1479,265,None
18943,988,265,MoveRight,1479,265,None
18944,995,265,MoveRight,1479,265,None
18945,1002,265,MoveRight,1479,265,None
18946,1009,265,MoveRight,1479,265,None
18947,1016,265,MoveRight,1479,265,None
18948,1023,265,MoveRight,1479,265,None
18949,1030,265,MoveRight,1479,265,None
18950,1037,265,MoveRight,1479,265,None
18951,1044,265,MoveRight,1479,265,None
18952,1051,265,MoveRight,1479,265,None
18953,1058,265,MoveRight,1479,265,None
18954,1058,265,Bump,1479,265,None
18954,1065,265,MoveRight,1479,265,None
18955,1065,265,None,1486,265,MoveRight
18956,1065,265,None,1493,265,MoveRight
18957,1065,265,None,1500,265,MoveRight
18958,1065,265,None,1507,265,MoveRight
18959,1065,265,None,1514,265,MoveRight
18960,1065,265,None,1521,265,MoveRight
18961,1065,265,None,1528,265,MoveRight
18962,1065,265,None,1535,265,MoveRight
18963,1065,265,None,1542,265,MoveRight
18964,1065,265,None,1549,265,MoveRight
18965,1065,265,None,1556,265,MoveRight
18966,1065,265,None,1563,265,MoveRight
18967,1065,265,None,1570,265,MoveRight
18968,1065,265,None,1577,265,MoveRight
18969,1065,265,None,1584,265,MoveRight
18970,1065,265,None,1591,265,MoveRight
18971,1065,265,None,1598,265,MoveRight
18972,1065,265,None,1605,265,MoveRight
18973,1072,265,MoveRight,1605,265,None
18973,1072,265,None,1612,265,MoveRight
18974,1079,265,MoveRight,1612,265,None
18974,1079,265,None,1619,265,MoveRight
18975,1086,265,MoveRight,1619,265,None
18975,1086,265,None,1626,265,MoveRight
18976,1093,265,MoveRight,1626,265,None
18976,1093,265,None,1633,265,MoveRight
18977,1100,265,MoveRight,1633,265,None
18977,1100,265,None,1640,265,MoveRight
18978,1107,265,MoveRight,1640,265,None
18978,1107,265,None,1647,265,MoveRight
18979,1114,265,MoveRight,1647,265,None
18979,1114,265,None,1654,265,MoveRight
18980,1121,265,MoveRight,1654,265,None
18980,1121,265,None,1661,265,MoveRight
18981,1128,265,MoveRight,1661,265,None
18981,1128,265,None,1668,265,MoveRight
18982,1135,265,MoveRight,1668,265,None
18983,1142,265,MoveRight,1668,265,None
18984,1149,265,MoveRight,1668,265,None
18985,1156,265,MoveRight,1668,265,None
18986,1163,265,MoveRight,1668,265,None
18994,1170,265,MoveRight,1668,265,None
18995,1177,265,MoveRight,1668,265,None
18996,1184,265,MoveRight,1668,265,None
18998,1177,265,MoveLeft,1668,265,None
18999,1170,265,MoveLeft,1668,265,None
19000,1163,265,MoveLeft,1668,265,None
19001,1156,265,MoveLeft,1668,265,None
19002,1149,265,MoveLeft,1668,265,None
19003,1142,265,MoveLeft,1668,265,None
19004,1135,265,MoveLeft,1668,265,None
19005,1128,265,MoveLeft,1668,265,None
19006,1121,265,MoveLeft,1668,265,None
19007,1114,265,MoveLeft,1668,265,None
19008,1107,265,MoveLeft,1668,265,None
19009,1100,265,MoveLeft,1668,265,None
19010,1093,265,MoveLeft,1668,265,None
19011,1086,265,MoveLeft,1668,265,None
19013,1093,265,MoveRight,1668,265,None
19014,1100,265,MoveRight,1668,265,None
19015,1107,265,MoveRight,1668,265,None
19016,1114,265,MoveRight,1668,265,None
19017,1121,265,MoveRight,1668,265,None
19018,1128,265,MoveRight,1668,265,None
19019,1135,265,MoveRight,1668,265,None
19020,1142,265,MoveRight,1668,265,None
19022,1135,265,MoveLeft,1668,265,None
19023,1128,265,MoveLeft,1668,265,None
19024,1121,265,MoveLeft,1668,265,None
19025,1114,265,MoveLeft,1668,265,None
19026,1107,265,MoveLeft,1668,265,None
19027,1100,265,MoveLeft,1668,265,None
19028,1093,265,MoveLeft,1668,265,None
19029,1086,265,MoveLeft,1668,265,None
19030,1079,265,MoveLeft,1668,265,None
19031,1072,265,MoveLeft,1668,265,None
19032,1065,265,MoveLeft,1668,265,None
19033,1058,265,MoveLeft,1668,265,None
19034,1051,265,MoveLeft,1668,265,None
19035,1044,265,MoveLeft,1668,265,None
19058,1037,265,MoveLeft,1668,265,None
19059,1037,265,None,1668,265,SpikeMedium
19059,1030,265,MoveLeft,1668,265,None
19059,1030,265,None,1668,265,None
19060,1023,265,MoveLeft,1668,265,None
19061,1016,265,MoveLeft,1668,265,None
19062,1009,265,MoveLeft,1668,265,None
19063,1002,265,MoveLeft,1668,265,None
19064,995,265,MoveLeft,1668,265,None
19065,988,265,MoveLeft,1668,265,None
19066,981,265,MoveLeft,1668,265,None
19067,974,265,MoveLeft,1668,265,None
19068,967,265,MoveLeft,1668,265,None
19069,960,265,MoveLeft,1668,265,None
19070,953,265,MoveLeft,1668,265,None
19074,960,265,MoveRight,1668,265,None
19075,967,265,MoveRight,1668,265,None
19076,974,265,MoveRight,1668,265,None
19077,981,265,MoveRight,1668,265,None
19078,988,265,MoveRight,1668,265,None
19079,995,265,MoveRight,1668,265,None
19080,1002,265,MoveRight,1668,265,None
19081,1009,265,MoveRight,1668,265,None
19082,1016,265,MoveRight,1668,265,None
19083,1023,265,MoveRight,1668,265,None
19084,1030,265,MoveRight,1668,265,None
19085,1037,265,MoveRight,1668,265,None
19086,1044,265,MoveRight,1668,265,None
19087,1051,265,MoveRight,1668,265,None
19088,1058,265,MoveRight,1668,265,None
19092,1051,265,MoveLeft,1668,265,None
19093,1044,265,MoveLeft,1668,265,None
19094,1037,265,MoveLeft,1668,265,None
19095,1030,265,MoveLeft,1668,265,None
19096,1023,265,MoveLeft,1668,265,None
19097,1016,265,MoveLeft,1668,265,None
19098,1009,265,MoveLeft,1668,265,None
19099,1002,265,MoveLeft,1668,265,None
19100,995,265,MoveLeft,1668,265,None
19101,988,265,MoveLeft,1668,265,None
19102,981,265,MoveLeft,1668,265,None
19103,974,265,MoveLeft,1668,265,None
19104,967,265,MoveLeft,1668,265,None
19105,960,265,MoveLeft,1668,265,None
19106,953,265,MoveLeft,1668,265,None
19107,946,265,MoveLeft,1668,265,None
19108,939,265,MoveLeft,1668,265,None
19109,932,265,MoveLeft,1668,265,None
19110,925,265,MoveLeft,1668,265,None
19111,918,265,MoveLeft,1668,265,None
19112,911,265,MoveLeft,1668,265,None
19113,904,265,MoveLeft,1668,265,None
19114,897,265,MoveLeft,1668,265,None
19115,890,265,MoveLeft,1668,265,None
19116,883,265,MoveLeft,1668,265,None
19117,876,265,MoveLeft,1668,265,None
19118,869,265,MoveLeft,1668,265,None
19119,869,265,Bump,1668,265,None
19119,862,265,MoveLeft,1668,265,None
19120,862,265,None,1675,265,MoveRight
19121,862,265,None,1682,265,MoveRight
19122,862,265,None,1689,265,MoveRight
19123,862,265,None,1696,265,MoveRight
19124,862,265,None,1703,265,MoveRight
19125,862,265,None,1710,265,MoveRight
19126,862,265,None,1717,265,MoveRight
19127,862,265,None,1724,265,MoveRight
19138,869,265,MoveRight,1724,265,None
19139,876,265,MoveRight,1724,265,None
19140,883,265,MoveRight,1724,265,None
19141,890,265,MoveRight,1724,265,None
19142,897,265,MoveRight,1724,265,None
19143,904,265,MoveRight,1724,265,None
19144,911,265,MoveRight,1724,265,None
19145,918,265,MoveRight,1724,265,None
19146,925,265,MoveRight,1724,265,None
19147,932,265,MoveRight,1724,265,None
19148,939,265,MoveRight,1724,265,None
19149,946,265,MoveRight,1724,265,None
19150,953,265,MoveRight,1724,265,None
19151,960,265,MoveRight,1724,265,None
19152,967,265,MoveRight,1724,265,None
19153,974,265,MoveRight,1724,265,None
19154,981,265,MoveRight,1724,265,None
19155,988,265,MoveRight,1724,265,None
19156,995,265,MoveRight,1724,265,None
19157,1002,265,MoveRight,1724,265,None
19158,1009,265,MoveRight,1724,265,None
19159,1016,265,MoveRight,1724,265,None
19160,1023,265,MoveRight,1724,265,None
19161,1030,265,MoveRight,1724,265,None
19162,1037,265,MoveRight,1724,265,None
19163,1044,265,MoveRight,1724,265,None
19164,1051,265,MoveRight,1724,265,None
19165,1058,265,MoveRight,1724,265,None
19166,1065,265,MoveRight,1724,265,None
19167,1072,265,MoveRight,1724,265,None
19168,1079,265,MoveRight,1724,265,None
19169,1086,265,MoveRight,1724,265,None
19170,1093,265,MoveRight,1724,265,None
19171,1100,265,MoveRight,1724,265,None
19172,1107,265,MoveRight,1724,265,None
19173,1114,265,MoveRight,1724,265,None
19174,1121,265,MoveRight,1724,265,None
19175,1128,265,MoveRight,1724,265,None
19176,1135,265,MoveRight,1724,265,None
19177,1142,265,MoveRight,1724,265,None
19178,1149,265,MoveRight,1724,265,None
19179,1156,265,MoveRight,1724,265,None
19180,1163,265,MoveRight,1724,265,None
19181,1170,265,MoveRight,1724,265,None
19182,1177,265,MoveRight,1724,265,None
19183,1184,265,MoveRight,1724,265,None
19184,1191,265,MoveRight,1724,265,None
19185,1198,265,MoveRight,1724,265,None
19186,1205,265,MoveRight,1724,265,None
19187,1212,265,MoveRight,1724,265,None
19188,1219,265,MoveRight,1724,265,None
19189,1226,265,MoveRight,1724,265,None
19190,1233,265,MoveRight,1724,265,None
19191,1240,265,MoveRight,1724,265,None
19192,1247,265,MoveRight,1724,265,None
19193,1254,265,MoveRight,1724,265,None
19194,1261,265,MoveRight,1724,265,None
19195,1268,265,MoveRight,1724,265,None
19196,1275,265,MoveRight,1724,265,None
19197,1282,265,MoveRight,1724,265,None
19198,1289,265,MoveRight,1724,265,None
19210,1289,265,Set,1724,265,None
19210,1289,265,None,1724,265,None
19275,1289,284.62,None,1724,265,None
19315,1289,471.01,None,1724,265,None
19330,1289,323.86,None,1724,265,None
19335,1289,274.81,None,1724,265,None
19344,1289,265,SpikeMedium,1724,265,None
19344,1289,265,None,1724,265,None
19358,1289,284.62,None,1724,265,None
19375,966.5,343.48,MoveLeft,2410,265,None
19376,963,353.29,MoveLeft,2410,265,None
19377,959.5,363.1,MoveLeft,2410,265,None
19378,956,372.91,MoveLeft,2410,265,None
19379,952.5,382.72,MoveLeft,2410,265,None
19380,949,392.53,MoveLeft,2410,265,None
19381,945.5,402.34,MoveLeft,2410,265,None
19382,942,412.15,MoveLeft,2410,265,None
19383,938.5,421.96,MoveLeft,2410,265,None
19384,935,431.77,MoveLeft,2410,265,None
19385,931.5,441.58,MoveLeft,2410,265,None
19386,928,451.39,MoveLeft,2410,265,None
19420,928,265,None,2410,265,Serve
19420,928,265,None,2410,265,None
19463,935,265,MoveRight,2410,265,None
19464,942,265,MoveRight,2410,265,None
19465,949,265,MoveRight,2410,265,None
19466,956,265,MoveRight,2410,265,None
19467,963,265,MoveRight,2410,265,None
19468,970,265,MoveRight,2410,265,None
19469,977,265,MoveRight,2410,265,None
19470,984,265,MoveRight,2410,265,None
19471,991,265,MoveRight,2410,265,None
19472,998,265,MoveRight,2410,265,None
19473,1005,265,MoveRight,2410,265,None
19474,1012,265,MoveRight,2410,265,None
19475,1019,265,MoveRight,2410,265,None
19487,1012,265,MoveLeft,2410,265,None
19488,1005,265,MoveLeft,2410,265,None
19489,998,265,MoveLeft,2410,265,None
19490,998,265,Bump,2410,265,None
19490,991,265,MoveLeft,2410,265,None
19491,991,265,None,2403,265,MoveLeft
19492,991,265,None,2396,265,MoveLeft
19493,991,265,None,2389,265,MoveLeft
19494,991,265,None,2382,265,MoveLeft
19495,991,265,None,2375,265,MoveLeft
19496,991,265,None,2368,265,MoveLeft
19497,991,265,None,2361,265,MoveLeft
19498,991,265,None,2354,265,MoveLeft
19499,991,265,None,2347,265,MoveLeft
19500,991,265,None,2340,265,MoveLeft
19501,991,265,None,2333,265,MoveLeft
19502,991,265,None,2326,265,MoveLeft
19503,991,265,None,2319,265,MoveLeft
19504,991,265,None,2312,265,MoveLeft
19505,991,265,None,2305,265,MoveLeft
19506,991,265,None,2298,265,MoveLeft
19507,991,265,None,2291,265,MoveLeft
19508,991,265,None,2284,265,MoveLeft
19509,998,265,MoveRight,2284,265,None
19509,998,265,None,2277,265,MoveLeft
19510,1005,265,MoveRight,2277,265,None
19510,1005,265,None,2270,265,MoveLeft
19511,1012,265,MoveRight,2270,265,None
19511,1012,265,None,2263,265,MoveLeft
19512,1019,265,MoveRight,2263,265,None
19512,1019,265,None,2256,265,MoveLeft
19513,1026,265,MoveRight,2256,265,None
19513,1026,265,None,2249,265,MoveLeft
19514,1033,265,MoveRight,2249,265,None
19514,1033,265,None,2242,265,MoveLeft
19515,1040,265,MoveRight,2242,265,None
19515,1040,265,None,2235,265,MoveLeft
19516,1047,265,MoveRight,2235,265,None
19516,1047,265,None,2228,265,MoveLeft
19517,1054,265,MoveRight,2228,265,None
19517,1054,265,None,2221,265,MoveLeft
19518,1061,265,MoveRight,2221,265,None
19518,1061,265,None,2214,265,MoveLeft
19519,1068,265,MoveRight,2214,265,None
19519,1068,265,None,2207,265,MoveLeft
19520,1075,265,MoveRight,2207,265,None
19520,1075,265,None,2200,265,MoveLeft
19521,1082,265,MoveRight,2200,265,None
19521,1082,265,None,2193,265,MoveLeft
19522,1089,265,MoveRight,2193,265,None
19522,1089,265,None,2186,265,MoveLeft
19523,1096,265,MoveRight,2186,265,None
19523,1096,265,None,2179,265,MoveLeft
19524,1103,265,MoveRight,2179,265,None
19524,1103,265,None,2172,265,MoveLeft
19525,1110,265,MoveRight,2172,265,None
19525,1110,265,None,2165,265,MoveLeft
19526,1117,265,MoveRight,2165,265,None
19526,1117,265,None,2158,265,MoveLeft
19527,1124,265,MoveRight,2158,265,None
19527,1124,265,None,2151,265,MoveLeft
19528,1131,265,MoveRight,2151,265,None
19528,1131,265,None,2144,265,MoveLeft
19529,1138,265,MoveRight,2144,265,None
19529,1138,265,None,2137,265,MoveLeft
19530,1145,265,MoveRight,2137,265,None
19530,1145,265,None,2130,265,MoveLeft
19531,1152,265,MoveRight,2130,265,None
19531,1152,265,None,2123,265,MoveLeft
19532,1159,265,MoveRight,2123,265,None
19532,1159,265,None,2116,265,MoveLeft
19533,1166,265,MoveRight,2116,265,None
19533,1166,265,None,2109,265,MoveLeft
19534,1173,265,MoveRight,2109,265,None
19534,1173,265,None,2102,265,MoveLeft
19535,1180,265,MoveRight,2102,265,None
19535,1180,265,None,2095,265,MoveLeft
19536,1187,265,MoveRight,2095,265,None
19536,1187,265,None,2088,265,MoveLeft
19537,1194,265,MoveRight,2088,265,None
19537,1194,265,None,2081,265,MoveLeft
19538,1201,265,MoveRight,2081,265,None
19538,1201,265,None,2074,265,MoveLeft
19539,1208,265,MoveRight,2074,265,None
19539,1208,265,None,2067,265,MoveLeft
19540,1215,265,MoveRight,2067,265,None
19540,1215,265,None,2060,265,MoveLeft
19541,1222,265,MoveRight,2060,265,None
19541,1222,265,None,2053,265,MoveLeft
19542,1229,265,MoveRight,2053,265,None
19542,1229,265,None,2046,265,MoveLeft
19543,1236,265,MoveRight,2046,265,None
19543,1236,265,None,2039,265,MoveLeft
19544,1243,265,MoveRight,2039,265,None
19544,1243,265,None,2032,265,MoveLeft
19545,1250,265,MoveRight,2032,265,None
19545,1250,265,None,2025,265,MoveLeft
19546,1257,265,MoveRight,2025,265,None
19546,1257,265,None,2018,265,MoveLeft
19547,1264,265,MoveRight,2018,265,None
19547,1264,265,None,2011,265,MoveLeft
19548,1271,265,MoveRight,2011,265,None
19548,1271,265,None,2004,265,MoveLeft
19549,1278,265,MoveRight,2004,265,None
19549,1278,265,None,1997,265,MoveLeft
19550,1285,265,MoveRight,1997,265,None
19550,1285,265,None,1990,265,MoveLeft
19551,1292,265,MoveRight,1990,265,None
19551,1292,265,None,1983,265,MoveLeft
19552,1299,265,MoveRight,1983,265,None
19552,1299,265,None,1976,265,MoveLeft
19553,1292,265,MoveLeft,1976,265,None
19553,1292,265,None,1969,265,MoveLeft
19554,1285,265,MoveLeft,1969,265,None
19554,1285,265,None,1962,265,MoveLeft
19555,1278,265,MoveLeft,1962,265,None
19555,1278,265,None,1955,265,MoveLeft
19556,1271,265,MoveLeft,1955,265,None
19556,1271,265,None,1948,265,MoveLeft
19557,1264,265,MoveLeft,1948,265,None
19557,1264,265,None,1941,265,MoveLeft
19558,1257,265,MoveLeft,1941,265,None
19558,1257,265,None,1934,265,MoveLeft
19559,1250,265,MoveLeft,1934,265,None
19559,1250,265,None,1927,265,MoveLeft
19560,1243,265,MoveLeft,1927,265,None
19560,1243,265,None,1920,265,MoveLeft
19561,1236,265,MoveLeft,1920,265,None
19561,1236,265,None,1913,265,MoveLeft
19562,1229,265,MoveLeft,1913,265,None
19562,1229,265,None,1906,265,MoveLeft
19563,1222,265,MoveLeft,1906,265,None
19563,1222,265,None,1899,265,MoveLeft
19564,1215,265,MoveLeft,1899,265,None
19564,1215,265,None,1892,265,MoveLeft
19565,1208,265,MoveLeft,1892,265,None
19565,1208,265,None,1885,265,MoveLeft
19566,1201,265,MoveLeft,1885,265,None
19566,1201,265,None,1878,265,MoveLeft
19567,1194,265,MoveLeft,1878,265,None
19567,1194,265,None,1871,265,MoveLeft
19568,1187,265,MoveLeft,1871,265,None
19568,1187,265,None,1864,265,MoveLeft
19569,1180,265,MoveLeft,1864,265,None
19569,1180,265,None,1857,265,MoveLeft
19570,1173,265,MoveLeft,1857,265,None
19570,1173,265,None,1850,265,MoveLeft
19571,1166,265,MoveLeft,1850,265,None
19571,1166,265,None,1843,265,MoveLeft
19572,1159,265,MoveLeft,1843,265,None
19572,1159,265,None,1836,265,MoveLeft
19573,1152,265,MoveLeft,1836,265,None
19573,1152,265,None,1829,265,MoveLeft
19574,1145,265,MoveLeft,1829,265,None
19574,1145,265,None,1822,265,MoveLeft
19575,1138,265,MoveLeft,1822,265,None
19575,1138,265,None,1815,265,MoveLeft
19576,1131,265,MoveLeft,1815,265,None
19576,1131,265,None,1808,265,MoveLeft
19577,1124,265,MoveLeft,1808,265,None
19577,1124,265,None,1801,265,MoveLeft
19578,1117,265,MoveLeft,1801,265,None
19578,1117,265,None,1794,265,MoveLeft
19579,1110,265,MoveLeft,1794,265,None
19579,1110,265,None,1787,265,MoveLeft
19580,1103,265,MoveLeft,1787,265,None
19580,1103,265,None,1780,265,MoveLeft
19581,1096,265,MoveLeft,1780,265,None
19581,1096,265,None,1773,265,MoveLeft
19582,1089,265,MoveLeft,1773,265,None
19582,1089,265,None,1766,265,MoveLeft
19583,1082,265,MoveLeft,1766,265,None
19583,1082,265,None,1759,265,MoveLeft
19584,1075,265,MoveLeft,1759,265,None
19584,1075,265,None,1752,265,MoveLeft
19585,1068,265,MoveLeft,1752,265,None
19585,1068,265,None,1745,265,MoveLeft
19586,1061,265,MoveLeft,1745,265,None
19586,1061,265,None,1738,265,MoveLeft
19587,1054,265,MoveLeft,1738,265,None
19587,1054,265,None,1731,265,MoveLeft
19588,1054,265,None,1724,265,MoveLeft
19589,1054,265,None,1717,265,MoveLeft
19590,1054,265,None,1710,265,MoveLeft
