Frame,PlayerPosX,PlayerPosY,PlayerEvent,BotPosX,BotPosY,BotEvent
32,977,265,MoveRight,1850,265,None
33,984,265,MoveRight,1850,265,None
34,991,265,MoveRight,1850,265,None
35,998,265,MoveRight,1850,265,None
36,1005,265,MoveRight,1850,265,None
37,1012,265,MoveRight,1850,265,None
38,1019,265,MoveRight,1850,265,None
39,1026,265,MoveRight,1850,265,None
40,1033,265,MoveRight,1850,265,None
41,1040,265,MoveRight,1850,265,None
42,1047,265,MoveRight,1850,265,None
43,1054,265,MoveRight,1850,265,None
44,1061,265,MoveRight,1850,265,None
45,1068,265,MoveRight,1850,265,None
46,1075,265,MoveRight,1850,265,None
47,1082,265,MoveRight,1850,265,None
48,1089,265,MoveRight,1850,265,None
49,1096,265,MoveRight,1850,265,None
50,1103,265,MoveRight,1850,265,None
51,1110,265,MoveRight,1850,265,None
52,1117,265,MoveRight,1850,265,None
53,1124,265,MoveRight,1850,265,None
54,1131,265,MoveRight,1850,265,None
55,1138,265,MoveRight,1850,265,None
56,1145,265,MoveRight,1850,265,None
57,1152,265,MoveRight,1850,265,None
58,1159,265,MoveRight,1850,265,None
59,1166,265,MoveRight,1850,265,None
60,1173,265,MoveRight,1850,265,None
61,1180,265,MoveRight,1850,265,None
62,1187,265,MoveRight,1850,265,None
63,1194,265,MoveRight,1850,265,None
64,1201,265,MoveRight,1850,265,None
65,1208,265,MoveRight,1850,265,None
66,1215,265,MoveRight,1850,265,None
67,1222,265,MoveRight,1850,265,None
68,1225.5,284.62,MoveRight,1850,265,None
69,1229,304.24,MoveRight,1850,265,None
70,1232.5,314.05,MoveRight,1850,265,None
71,1236,323.86,MoveRight,1850,265,None
72,1239.5,333.67,MoveRight,1850,265,None
73,1243,343.48,MoveRight,1850,265,None
74,1246.5,353.29,MoveRight,1850,265,None
75,1250,363.1,MoveRight,1850,265,None
76,1253.5,372.91,MoveRight,1850,265,None
95,1253.5,559.3,None,1850,265,None
113,1257,421.96,MoveRight,1850,265,None
114,1260.5,412.15,MoveRight,1850,265,None
115,1264,402.34,MoveRight,1850,265,None
116,1267.5,392.53,MoveRight,1850,265,None
117,1271,382.72,MoveRight,1850,265,None
118,1274.5,372.91,MoveRight,1850,265,None
119,1278,363.1,MoveRight,1850,265,None
120,1281.5,353.29,MoveRight,1850,265,None
121,1285,343.48,MoveRight,1850,265,None
122,1288.5,333.67,MoveRight,1850,265,None
123,1292,323.86,MoveRight,1850,265,None
124,1295.5,314.05,MoveRight,1850,265,None
134,1295.5,284.62,None,1850,265,None
161,1295.5,539.68,Spike,1850,265,None
161,1295.5,559.3,None,1850,265,None
162,1295.5,569.11,None,1843,265,MoveLeft
163,1295.5,578.92,None,1836,265,MoveLeft
164,1295.5,569.11,None,1829,265,MoveLeft
165,1295.5,559.3,None,1822,265,MoveLeft
166,1295.5,549.49,None,1815,265,MoveLeft
167,1295.5,539.68,None,1808,265,MoveLeft
168,1295.5,529.87,None,1801,265,MoveLeft
169,1295.5,520.06,None,1794,265,MoveLeft
170,1295.5,510.25,None,1787,265,MoveLeft
171,1295.5,500.44,None,1780,265,MoveLeft
198,323,265,MoveLeft,1850,265,None
199,316,265,MoveLeft,1850,265,None
200,309,265,MoveLeft,1850,265,None
202,316,265,MoveRight,1850,265,None
203,323,265,MoveRight,1850,265,None
204,330,265,MoveRight,1850,265,None
205,337,265,MoveRight,1850,265,None
206,344,265,MoveRight,1850,265,None
207,351,265,MoveRight,1850,265,None
208,358,265,MoveRight,1850,265,None
209,365,265,MoveRight,1850,265,None
210,372,265,MoveRight,1850,265,None
211,379,265,MoveRight,1850,265,None
212,386,265,MoveRight,1850,265,None
213,393,265,MoveRight,1850,265,None
214,400,265,MoveRight,1850,265,None
215,407,265,MoveRight,1850,265,None
216,414,265,MoveRight,1850,265,None
217,421,265,MoveRight,1850,265,None
218,428,265,MoveRight,1850,265,None
219,435,265,MoveRight,1850,265,None
220,442,265,MoveRight,1850,265,None
221,449,265,MoveRight,1850,265,None
222,456,265,MoveRight,1850,265,None
223,463,265,MoveRight,1850,265,None
224,470,265,MoveRight,1850,265,None
225,477,265,MoveRight,1850,265,None
226,484,265,MoveRight,1850,265,None
227,491,265,MoveRight,1850,265,None
228,498,265,MoveRight,1850,265,None
229,505,265,MoveRight,1850,265,None
230,512,265,MoveRight,1850,265,None
231,519,265,MoveRight,1850,265,None
232,526,265,MoveRight,1850,265,None
233,533,265,MoveRight,1850,265,None
234,540,265,MoveRight,1850,265,None
235,547,265,MoveRight,1850,265,None
236,554,265,MoveRight,1850,265,None
243,554,265,Serve,1850,265,None
243,554,265,None,1850,265,None
244,554,265,None,1857,265,MoveRight
245,554,265,None,1864,265,MoveRight
246,554,265,None,1871,265,MoveRight
247,554,265,None,1878,265,MoveRight
248,554,265,None,1885,265,MoveRight
249,554,265,None,1892,265,MoveRight
250,554,265,None,1899,265,MoveRight
251,554,265,None,1906,265,MoveRight
252,554,265,None,1913,265,MoveRight
253,554,265,None,1920,265,MoveRight
254,554,265,None,1927,265,MoveRight
255,554,265,None,1934,265,MoveRight
256,554,265,None,1941,265,MoveRight
257,554,265,None,1948,265,MoveRight
258,554,265,None,1955,265,MoveRight
259,554,265,None,1962,265,MoveRight
260,554,265,None,1969,265,MoveRight
261,554,265,None,1976,265,MoveRight
262,554,265,None,1983,265,MoveRight
263,554,265,None,1990,265,MoveRight
264,554,265,None,1997,265,MoveRight
265,554,265,None,2004,265,MoveRight
266,554,265,None,2011,265,MoveRight
267,554,265,None,2018,265,MoveRight
268,554,265,None,2025,265,MoveRight
269,554,265,None,2032,265,MoveRight
270,554,265,None,2039,265,MoveRight
271,554,265,None,2046,265,MoveRight
272,554,265,None,2053,265,MoveRight
273,554,265,None,2060,265,MoveRight
274,554,265,None,2067,265,MoveRight
275,554,265,None,2074,265,MoveRight
276,554,265,None,2081,265,MoveRight
277,554,265,None,2088,265,MoveRight
278,554,265,None,2095,265,MoveRight
279,554,265,None,2102,265,MoveRight
317,554,265,None,2102,265,SpikeStrong
317,561,265,MoveRight,2102,265,None
317,561,265,None,2102,265,None
318,568,265,MoveRight,2102,265,None
319,575,265,MoveRight,2102,265,None
320,582,265,MoveRight,2102,265,None
321,589,265,MoveRight,2102,265,None
322,596,265,MoveRight,2102,265,None
323,603,265,MoveRight,2102,265,None
324,610,265,MoveRight,2102,265,None
326,617,265,MoveRight,2102,265,None
327,624,265,MoveRight,2102,265,None
328,631,265,MoveRight,2102,265,None
329,638,265,MoveRight,2102,265,None
330,645,265,MoveRight,2102,265,None
331,652,265,MoveRight,2102,265,None
332,659,265,MoveRight,2102,265,None
333,666,265,MoveRight,2102,265,None
334,673,265,MoveRight,2102,265,None
335,680,265,MoveRight,2102,265,None
336,687,265,MoveRight,2102,265,None
337,694,265,MoveRight,2102,265,None
338,701,265,MoveRight,2102,265,None
339,708,265,MoveRight,2102,265,None
340,715,265,MoveRight,2102,265,None
341,722,265,MoveRight,2102,265,None
342,729,265,MoveRight,2102,265,None
343,736,265,MoveRight,2102,265,None
344,743,265,MoveRight,2102,265,None
345,750,265,MoveRight,2102,265,None
346,757,265,MoveRight,2102,265,None
347,764,265,MoveRight,2102,265,None
348,771,265,MoveRight,2102,265,None
354,764,265,MoveLeft,2102,265,None
355,757,265,MoveLeft,2102,265,None
356,750,265,MoveLeft,2102,265,None
357,743,265,MoveLeft,2102,265,None
358,743,265,None,2102,265,None
359,743,265,None,2102,265,None
360,743,265,None,2102,265,None
361,743,265,None,2102,265,None
362,743,265,Bump,2102,265,None
362,743,265,None,2102,265,None
363,743,265,None,2095,265,MoveLeft
364,743,265,None,2088,265,MoveLeft
365,743,265,None,2081,265,MoveLeft
366,743,265,None,2074,265,MoveLeft
367,743,265,None,2067,265,MoveLeft
368,743,265,None,2060,265,MoveLeft
369,743,265,None,2053,265,MoveLeft
370,743,265,None,2046,265,MoveLeft
371,743,265,None,2039,265,MoveLeft
372,743,265,None,2032,265,MoveLeft
373,743,265,None,2025,265,MoveLeft
374,743,265,None,2018,265,MoveLeft
375,743,265,None,2011,265,MoveLeft
376,743,265,None,2004,265,MoveLeft
377,743,265,None,1997,265,MoveLeft
378,743,265,None,1990,265,MoveLeft
379,743,265,None,1983,265,MoveLeft
380,743,265,None,1976,265,MoveLeft
381,750,265,MoveRight,1976,265,None
381,750,265,None,1969,265,MoveLeft
382,757,265,MoveRight,1969,265,None
382,757,265,None,1962,265,MoveLeft
383,764,265,MoveRight,1962,265,None
383,764,265,None,1955,265,MoveLeft
384,771,265,MoveRight,1955,265,None
384,771,265,None,1948,265,MoveLeft
385,778,265,MoveRight,1948,265,None
385,778,265,None,1941,265,MoveLeft
386,785,265,MoveRight,1941,265,None
386,785,265,None,1934,265,MoveLeft
387,792,265,MoveRight,1934,265,None
387,792,265,None,1927,265,MoveLeft
388,799,265,MoveRight,1927,265,None
388,799,265,None,1920,265,MoveLeft
389,806,265,MoveRight,1920,265,None
389,806,265,None,1913,265,MoveLeft
390,813,265,MoveRight,1913,265,None
390,813,265,None,1906,265,MoveLeft
391,820,265,MoveRight,1906,265,None
391,820,265,None,1899,265,MoveLeft
392,827,265,MoveRight,1899,265,None
392,827,265,None,1892,265,MoveLeft
393,834,265,MoveRight,1892,265,None
393,834,265,None,1885,265,MoveLeft
394,841,265,MoveRight,1885,265,None
394,841,265,None,1878,265,MoveLeft
395,848,265,MoveRight,1878,265,None
395,848,265,None,1871,265,MoveLeft
396,855,265,MoveRight,1871,265,None
396,855,265,None,1864,265,MoveLeft
397,862,265,MoveRight,1864,265,None
397,862,265,None,1857,265,MoveLeft
398,869,265,MoveRight,1857,265,None
398,869,265,None,1850,265,MoveLeft
399,876,265,MoveRight,1850,265,None
399,876,265,None,1843,265,MoveLeft
400,883,265,MoveRight,1843,265,None
400,883,265,None,1836,265,MoveLeft
401,890,265,MoveRight,1836,265,None
401,890,265,None,1829,265,MoveLeft
402,897,265,MoveRight,1829,265,None
402,897,265,None,1822,265,MoveLeft
403,904,265,MoveRight,1822,265,None
403,904,265,None,1815,265,MoveLeft
404,911,265,MoveRight,1815,265,None
404,911,265,None,1808,265,MoveLeft
405,918,265,MoveRight,1808,265,None
405,918,265,None,1801,265,MoveLeft
406,925,265,MoveRight,1801,265,None
406,925,265,None,1794,265,MoveLeft
407,932,265,MoveRight,1794,265,None
407,932,265,None,1787,265,MoveLeft
408,939,265,MoveRight,1787,265,None
408,939,265,None,1780,265,MoveLeft
409,946,265,MoveRight,1780,265,None
409,946,265,None,1773,265,MoveLeft
410,953,265,MoveRight,1773,265,None
410,953,265,None,1766,265,MoveLeft
411,960,265,MoveRight,1766,265,None
411,960,265,None,1759,265,MoveLeft
412,967,265,MoveRight,1759,265,None
412,967,265,None,1752,265,MoveLeft
413,974,265,MoveRight,1752,265,None
413,974,265,None,1745,265,MoveLeft
414,981,265,MoveRight,1745,265,None
414,981,265,None,1738,265,MoveLeft
415,988,265,MoveRight,1738,265,None
415,988,265,None,1731,265,MoveLeft
416,995,265,MoveRight,1731,265,None
416,995,265,None,1724,265,MoveLeft
417,1002,265,MoveRight,1724,265,None
417,1002,265,None,1717,265,MoveLeft
418,1009,265,MoveRight,1717,265,None
418,1009,265,None,1710,265,MoveLeft
419,1016,265,MoveRight,1710,265,None
419,1016,265,None,1703,265,MoveLeft
420,1023,265,MoveRight,1703,265,None
420,1023,265,None,1696,265,MoveLeft
421,1030,265,MoveRight,1696,265,None
421,1030,265,None,1689,265,MoveLeft
422,1037,265,MoveRight,1689,265,None
422,1037,265,None,1682,265,MoveLeft
423,1044,265,MoveRight,1682,265,None
423,1044,265,None,1675,265,MoveLeft
424,1051,265,MoveRight,1675,265,None
424,1051,265,None,1668,265,MoveLeft
425,1058,265,MoveRight,1668,265,None
425,1058,265,None,1661,265,MoveLeft
426,1065,265,MoveRight,1661,265,None
426,1065,265,None,1654,265,MoveLeft
427,1072,265,MoveRight,1654,265,None
427,1072,265,None,1647,265,MoveLeft
428,1079,265,MoveRight,1647,265,None
428,1079,265,None,1640,265,MoveLeft
429,1086,265,MoveRight,1640,265,None
429,1086,265,None,1633,265,MoveLeft
430,1093,265,MoveRight,1633,265,None
430,1093,265,None,1626,265,MoveLeft
431,1100,265,MoveRight,1626,265,None
431,1100,265,None,1619,265,MoveLeft
432,1107,265,MoveRight,1619,265,None
432,1107,265,None,1612,265,MoveLeft
433,1114,265,MoveRight,1612,265,None
433,1114,265,None,1605,265,MoveLeft
434,1121,265,MoveRight,1605,265,None
434,1121,265,None,1598,265,MoveLeft
435,1128,265,MoveRight,1598,265,None
435,1128,265,None,1591,265,MoveLeft
436,1135,265,MoveRight,1591,265,None
436,1135,265,None,1584,265,MoveLeft
437,1142,265,MoveRight,1584,265,None
437,1142,265,None,1577,265,MoveLeft
438,1149,265,MoveRight,1577,265,None
438,1149,265,None,1570,265,MoveLeft
439,1156,265,MoveRight,1570,265,None
439,1156,265,None,1563,265,MoveLeft
440,1163,265,MoveRight,1563,265,None
440,1163,265,None,1556,265,MoveLeft
441,1170,265,MoveRight,1556,265,None
441,1170,265,None,1549,265,MoveLeft
442,1177,265,MoveRight,1549,265,None
442,1177,265,None,1542,265,MoveLeft
443,1184,265,MoveRight,1542,265,None
443,1184,265,None,1535,265,MoveLeft
444,1191,265,MoveRight,1535,265,None
444,1191,265,None,1528,265,MoveLeft
445,1198,265,MoveRight,1528,265,None
445,1198,265,None,1521,265,MoveLeft
446,1198,265,None,1514,265,MoveLeft
447,1198,265,None,1507,265,MoveLeft
448,1198,265,None,1500,265,MoveLeft
449,1198,265,None,1493,265,MoveLeft
450,1205,265,MoveRight,1493,265,None
450,1205,265,None,1486,265,MoveLeft
451,1212,265,MoveRight,1486,265,None
451,1212,265,None,1479,265,MoveLeft
452,1219,265,MoveRight,1479,265,None
452,1219,265,None,1472,265,MoveLeft
453,1219,265,Bump,1472,265,None
453,1226,265,MoveRight,1472,265,None
453,1226,265,None,1465,265,MoveLeft
454,1226,265,None,1472,265,MoveRight
455,1226,265,None,1479,265,MoveRight
456,1226,265,None,1486,265,MoveRight
457,1226,265,None,1493,265,MoveRight
458,1226,265,None,1500,265,MoveRight
459,1226,265,None,1507,265,MoveRight
460,1226,265,None,1514,265,MoveRight
461,1226,265,None,1521,265,MoveRight
462,1226,265,None,1528,265,MoveRight
463,1226,265,None,1535,265,MoveRight
464,1226,265,None,1542,265,MoveRight
465,1226,265,None,1549,265,MoveRight
466,1226,265,None,1556,265,MoveRight
467,1226,265,None,1563,265,MoveRight
468,1226,265,None,1570,265,MoveRight
469,1226,265,None,1577,265,MoveRight
470,1226,265,None,1584,265,MoveRight
471,1226,265,None,1591,265,MoveRight
472,1226,265,None,1598,265,MoveRight
473,1219,265,MoveLeft,1598,265,None
473,1219,265,None,1605,265,MoveRight
474,1212,265,MoveLeft,1605,265,None
474,1212,265,None,1612,265,MoveRight
475,1205,265,MoveLeft,1612,265,None
475,1205,265,None,1619,265,MoveRight
476,1198,265,MoveLeft,1619,265,None
476,1198,265,None,1626,265,MoveRight
477,1191,265,MoveLeft,1626,265,None
477,1191,265,None,1633,265,MoveRight
478,1184,265,MoveLeft,1633,265,None
478,1184,265,None,1640,265,MoveRight
479,1177,265,MoveLeft,1640,265,None
479,1177,265,None,1647,265,MoveRight
480,1170,265,MoveLeft,1647,265,None
480,1170,265,None,1654,265,MoveRight
481,1163,265,MoveLeft,1654,265,None
481,1163,265,None,1661,265,MoveRight
482,1156,265,MoveLeft,1661,265,None
482,1156,265,None,1668,265,MoveRight
483,1149,265,MoveLeft,1668,265,None
483,1149,265,None,1675,265,MoveRight
484,1142,265,MoveLeft,1675,265,None
484,1142,265,None,1682,265,MoveRight
485,1135,265,MoveLeft,1682,265,None
485,1135,265,None,1689,265,MoveRight
486,1128,265,MoveLeft,1689,265,None
486,1128,265,None,1696,265,MoveRight
487,1121,265,MoveLeft,1696,265,None
487,1121,265,None,1703,265,MoveRight
488,1114,265,MoveLeft,1703,265,None
488,1114,265,None,1710,265,MoveRight
489,1107,265,MoveLeft,1710,265,None
489,1107,265,None,1717,265,MoveRight
490,1100,265,MoveLeft,1717,265,None
490,1100,265,None,1724,265,MoveRight
491,1093,265,MoveLeft,1724,265,None
491,1093,265,None,1731,265,MoveRight
492,1086,265,MoveLeft,1731,265,None
493,1079,265,MoveLeft,1731,265,None
494,1072,265,MoveLeft,1731,265,None
495,1065,265,MoveLeft,1731,265,None
496,1058,265,MoveLeft,1731,265,None
497,1051,265,MoveLeft,1731,265,None
498,1044,265,MoveLeft,1731,265,None
499,1037,265,MoveLeft,1731,265,None
500,1030,265,MoveLeft,1731,265,None
501,1023,265,MoveLeft,1731,265,None
502,1016,265,MoveLeft,1731,265,None
503,1009,265,MoveLeft,1731,265,None
504,1002,265,MoveLeft,1731,265,None
505,995,265,MoveLeft,1731,265,None
506,988,265,MoveLeft,1731,265,None
507,981,265,MoveLeft,1731,265,None
508,974,265,MoveLeft,1731,265,None
509,967,265,MoveLeft,1731,265,None
510,960,265,MoveLeft,1731,265,None
511,953,265,MoveLeft,1731,265,None
512,946,265,MoveLeft,1731,265,None
513,939,265,MoveLeft,1731,265,None
514,932,265,MoveLeft,1731,265,None
515,925,265,MoveLeft,1731,265,None
516,918,265,MoveLeft,1731,265,None
517,911,265,MoveLeft,1731,265,None
518,904,265,MoveLeft,1731,265,None
519,897,265,MoveLeft,1731,265,None
520,890,265,MoveLeft,1731,265,None
521,883,265,MoveLeft,1731,265,None
522,876,265,MoveLeft,1731,265,None
523,869,265,MoveLeft,1731,265,None
524,862,265,MoveLeft,1731,265,None
525,855,265,MoveLeft,1731,265,None
526,848,265,MoveLeft,1731,265,None
527,841,265,MoveLeft,1731,265,None
528,834,265,MoveLeft,1731,265,None
529,827,265,MoveLeft,1731,265,None
530,820,265,MoveLeft,1731,265,None
531,813,265,MoveLeft,1731,265,None
532,806,265,MoveLeft,1731,265,None
533,799,265,MoveLeft,1731,265,None
534,792,265,MoveLeft,1731,265,None
535,785,265,MoveLeft,1731,265,None
536,778,265,MoveLeft,1731,265,None
537,771,265,MoveLeft,1731,265,None
538,764,265,MoveLeft,1731,265,None
551,764,265,None,1731,265,SpikeStrong
551,771,265,MoveRight,1731,265,None
551,771,265,None,1731,265,None
552,764,265,MoveLeft,1731,265,None
553,757,265,MoveLeft,1731,265,None
554,750,265,MoveLeft,1731,265,None
555,743,265,MoveLeft,1731,265,None
556,736,265,MoveLeft,1731,265,None
557,729,265,MoveLeft,1731,265,None
558,722,265,MoveLeft,1731,265,None
559,715,265,MoveLeft,1731,265,None
560,708,265,MoveLeft,1731,265,None
561,701,265,MoveLeft,1731,265,None
562,694,265,MoveLeft,1731,265,None
563,687,265,MoveLeft,1731,265,None
564,680,265,MoveLeft,1731,265,None
565,673,265,MoveLeft,1731,265,None
566,666,265,MoveLeft,1731,265,None
567,659,265,MoveLeft,1731,265,None
568,652,265,MoveLeft,1731,265,None
569,645,265,MoveLeft,1731,265,None
570,638,265,MoveLeft,1731,265,None
571,631,265,MoveLeft,1731,265,None
572,624,265,MoveLeft,1731,265,None
573,617,265,MoveLeft,1731,265,None
574,610,265,MoveLeft,1731,265,None
575,603,265,MoveLeft,1731,265,None
576,596,265,MoveLeft,1731,265,None
577,589,265,MoveLeft,1731,265,None
578,582,265,MoveLeft,1731,265,None
579,575,265,MoveLeft,1731,265,None
580,568,265,MoveLeft,1731,265,None
581,561,265,MoveLeft,1731,265,None
582,554,265,MoveLeft,1731,265,None
583,547,265,MoveLeft,1731,265,None
584,540,265,MoveLeft,1731,265,None
585,533,265,MoveLeft,1731,265,None
586,526,265,MoveLeft,1731,265,None
587,519,265,MoveLeft,1731,265,None
588,512,265,MoveLeft,1731,265,None
589,505,265,MoveLeft,1731,265,None
590,498,265,MoveLeft,1731,265,None
591,491,265,MoveLeft,1731,265,None
592,484,265,MoveLeft,1731,265,None
593,477,265,MoveLeft,1731,265,None
594,470,265,MoveLeft,1731,265,None
595,470,265,Bump,1731,265,None
595,463,265,MoveLeft,1731,265,None
596,463,265,None,1724,265,MoveLeft
597,463,265,None,1717,265,MoveLeft
598,463,265,None,1710,265,MoveLeft
599,463,265,None,1703,265,MoveLeft
600,463,265,None,1696,265,MoveLeft
601,463,265,None,1689,265,MoveLeft
602,463,265,None,1682,265,MoveLeft
603,463,265,None,1675,265,MoveLeft
604,463,265,None,1668,265,MoveLeft
605,463,265,None,1661,265,MoveLeft
606,463,265,None,1654,265,MoveLeft
607,463,265,None,1647,265,MoveLeft
608,463,265,None,1640,265,MoveLeft
609,463,265,None,1633,265,MoveLeft
610,463,265,None,1626,265,MoveLeft
611,463,265,None,1619,265,MoveLeft
612,463,265,None,1612,265,MoveLeft
613,463,265,None,1605,265,MoveLeft
614,470,265,MoveRight,1605,265,None
614,470,265,None,1598,265,MoveLeft
615,477,265,MoveRight,1598,265,None
615,477,265,None,1591,265,MoveLeft
616,484,265,MoveRight,1591,265,None
616,484,265,None,1584,265,MoveLeft
617,491,265,MoveRight,1584,265,None
617,491,265,None,1577,265,MoveLeft
618,498,265,MoveRight,1577,265,None
618,498,265,None,1570,265,MoveLeft
619,505,265,MoveRight,1570,265,None
619,505,265,None,1563,265,MoveLeft
620,512,265,MoveRight,1563,265,None
620,512,265,None,1556,265,MoveLeft
621,519,265,MoveRight,1556,265,None
621,519,265,None,1549,265,MoveLeft
622,526,265,MoveRight,1549,265,None
622,526,265,None,1542,265,MoveLeft
623,533,265,MoveRight,1542,265,None
623,533,265,None,1535,265,MoveLeft
624,540,265,MoveRight,1535,265,None
624,540,265,None,1528,265,MoveLeft
625,547,265,MoveRight,1528,265,None
625,547,265,None,1521,265,MoveLeft
626,554,265,MoveRight,1521,265,None
626,554,265,None,1514,265,MoveLeft
627,561,265,MoveRight,1514,265,None
627,561,265,None,1507,265,MoveLeft
628,568,265,MoveRight,1507,265,None
628,568,265,None,1500,265,MoveLeft
629,575,265,MoveRight,1500,265,None
629,575,265,None,1493,265,MoveLeft
630,582,265,MoveRight,1493,265,None
630,582,265,None,1486,265,MoveLeft
631,589,265,MoveRight,1486,265,None
631,589,265,None,1479,265,MoveLeft
632,596,265,MoveRight,1479,265,None
632,596,265,None,1472,265,MoveLeft
633,603,265,MoveRight,1472,265,None
633,603,265,None,1465,265,MoveLeft
634,610,265,MoveRight,1465,265,None
634,610,265,None,1458,265,MoveLeft
635,617,265,MoveRight,1458,265,None
635,617,265,None,1451,265,MoveLeft
636,624,265,MoveRight,1451,265,None
636,624,265,None,1444,265,MoveLeft
637,631,265,MoveRight,1444,265,None
637,631,265,None,1437,265,MoveLeft
638,638,265,MoveRight,1437,265,None
638,638,265,None,1430,265,MoveLeft
639,645,265,MoveRight,1430,265,None
639,645,265,None,1423,265,MoveLeft
640,652,265,MoveRight,1423,265,None
640,652,265,None,1416,265,MoveLeft
641,659,265,MoveRight,1416,265,None
641,659,265,None,1409,265,MoveLeft
642,666,265,MoveRight,1409,265,None
642,666,265,None,1402,265,MoveLeft
643,673,265,MoveRight,1402,265,None
643,673,265,None,1395,265,MoveLeft
644,680,265,MoveRight,1395,265,None
644,680,265,None,1388,265,MoveLeft
645,687,265,MoveRight,1388,265,None
645,687,265,None,1381,265,MoveLeft
646,694,265,MoveRight,1381,265,None
646,694,265,None,1374,265,MoveLeft
647,701,265,MoveRight,1374,265,None
647,701,265,None,1367,265,MoveLeft
648,708,265,MoveRight,1367,265,None
648,708,265,None,1360,265,MoveLeft
649,715,265,MoveRight,1360,265,None
649,715,265,None,1353,265,MoveLeft
650,722,265,MoveRight,1353,265,None
650,722,265,None,1346,265,MoveLeft
651,729,265,MoveRight,1346,265,None
652,736,265,MoveRight,1346,265,None
653,743,265,MoveRight,1346,265,None
654,750,265,MoveRight,1346,265,None
655,757,265,MoveRight,1346,265,None
656,764,265,MoveRight,1346,265,None
657,771,265,MoveRight,1346,265,None
658,778,265,MoveRight,1346,265,None
659,785,265,MoveRight,1346,265,None
660,792,265,MoveRight,1346,265,None
661,799,265,MoveRight,1346,265,None
662,806,265,MoveRight,1346,265,None
663,813,265,MoveRight,1346,265,None
664,820,265,MoveRight,1346,265,None
665,827,265,MoveRight,1346,265,None
666,834,265,MoveRight,1346,265,None
667,841,265,MoveRight,1346,265,None
680,848,265,MoveRight,1346,265,None
681,855,265,MoveRight,1346,265,None
682,862,265,MoveRight,1346,265,None
683,862,265,Bump,1346,265,None
683,869,265,MoveRight,1346,265,None
684,869,265,None,1353,265,MoveRight
685,869,265,None,1360,265,MoveRight
686,869,265,None,1367,265,MoveRight
687,869,265,None,1374,265,MoveRight
688,869,265,None,1381,265,MoveRight
689,869,265,None,1388,265,MoveRight
690,869,265,None,1395,265,MoveRight
703,876,265,MoveRight,1395,265,None
704,883,265,MoveRight,1395,265,None
705,890,265,MoveRight,1395,265,None
706,897,265,MoveRight,1395,265,None
707,904,265,MoveRight,1395,265,None
716,911,265,MoveRight,1395,265,None
717,918,265,MoveRight,1395,265,None
718,925,265,MoveRight,1395,265,None
719,932,265,MoveRight,1395,265,None
720,939,265,MoveRight,1395,265,None
721,946,265,MoveRight,1395,265,None
722,953,265,MoveRight,1395,265,None
723,960,265,MoveRight,1395,265,None
724,967,265,MoveRight,1395,265,None
725,974,265,MoveRight,1395,265,None
726,981,265,MoveRight,1395,265,None
727,988,265,MoveRight,1395,265,None
728,995,265,MoveRight,1395,265,None
729,1002,265,MoveRight,1395,265,None
730,1009,265,MoveRight,1395,265,None
731,1016,265,MoveRight,1395,265,None
737,1009,265,MoveLeft,1395,265,None
738,1002,265,MoveLeft,1395,265,None
739,995,265,MoveLeft,1395,265,None
740,988,265,MoveLeft,1395,265,None
741,981,265,MoveLeft,1395,265,None
742,974,265,MoveLeft,1395,265,None
743,967,265,MoveLeft,1395,265,None
744,960,265,MoveLeft,1395,265,None
745,953,265,MoveLeft,1395,265,None
746,946,265,MoveLeft,1395,265,None
747,939,265,MoveLeft,1395,265,None
748,932,265,MoveLeft,1395,265,None
749,925,265,MoveLeft,1395,265,None
750,918,265,MoveLeft,1395,265,None
751,911,265,MoveLeft,1395,265,None
752,904,265,MoveLeft,1395,265,None
753,897,265,MoveLeft,1395,265,None
754,890,265,MoveLeft,1395,265,None
755,883,265,MoveLeft,1395,265,None
756,876,265,MoveLeft,1395,265,None
757,869,265,MoveLeft,1395,265,None
758,862,265,MoveLeft,1395,265,None
759,855,265,MoveLeft,1395,265,None
760,848,265,MoveLeft,1395,265,None
761,841,265,MoveLeft,1395,265,None
762,834,265,MoveLeft,1395,265,None
763,827,265,MoveLeft,1395,265,None
764,820,265,MoveLeft,1395,265,None
765,813,265,MoveLeft,1395,265,None
766,806,265,MoveLeft,1395,265,None
767,799,265,MoveLeft,1395,265,None
768,792,265,MoveLeft,1395,265,None
769,785,265,MoveLeft,1395,265,None
770,778,265,MoveLeft,1395,265,None
771,771,265,MoveLeft,1395,265,None
772,764,265,MoveLeft,1395,265,None
773,757,265,MoveLeft,1395,265,None
774,750,265,MoveLeft,1395,265,None
775,743,265,MoveLeft,1395,265,None
775,743,265,None,1388,265,MoveLeft
776,736,265,MoveLeft,1388,265,None
776,736,265,None,1381,265,MoveLeft
777,729,265,MoveLeft,1381,265,None
777,729,265,None,1374,265,MoveLeft
778,722,265,MoveLeft,1374,265,None
778,722,265,None,1367,265,MoveLeft
779,715,265,MoveLeft,1367,265,None
779,715,265,None,1360,265,MoveLeft
780,708,265,MoveLeft,1360,265,None
780,708,265,None,1353,265,MoveLeft
781,701,265,MoveLeft,1353,265,None
782,694,265,MoveLeft,1353,265,None
783,687,265,MoveLeft,1353,265,None
783,687,265,None,1353,265,None
784,680,265,MoveLeft,1353,265,None
784,680,265,None,1353,265,None
785,673,265,MoveLeft,1353,265,None
785,673,265,None,1353,265,None
786,963,265,MoveLeft,2410,265,None
787,956,265,MoveLeft,2410,265,None
836,956,265,None,2410,265,Serve
836,956,265,None,2410,265,None
865,963,265,MoveRight,2410,265,None
866,970,265,MoveRight,2410,265,None
867,977,265,MoveRight,2410,265,None
868,984,265,MoveRight,2410,265,None
869,991,265,MoveRight,2410,265,None
870,998,265,MoveRight,2410,265,None
871,1005,265,MoveRight,2410,265,None
872,1012,265,MoveRight,2410,265,None
873,1019,265,MoveRight,2410,265,None
874,1026,265,MoveRight,2410,265,None
884,1019,265,MoveLeft,2410,265,None
885,1012,265,MoveLeft,2410,265,None
886,1005,265,MoveLeft,2410,265,None
887,998,265,MoveLeft,2410,265,None
888,991,265,MoveLeft,2410,265,None
889,984,265,MoveLeft,2410,265,None
890,977,265,MoveLeft,2410,265,None
891,970,265,MoveLeft,2410,265,None
892,963,265,MoveLeft,2410,265,None
893,956,265,MoveLeft,2410,265,None
894,949,265,MoveLeft,2410,265,None
895,942,265,MoveLeft,2410,265,None
896,935,265,MoveLeft,2410,265,None
897,928,265,MoveLeft,2410,265,None
898,921,265,MoveLeft,2410,265,None
899,914,265,MoveLeft,2410,265,None
900,907,265,MoveLeft,2410,265,None
901,900,265,MoveLeft,2410,265,None
902,893,265,MoveLeft,2410,265,None
903,886,265,MoveLeft,2410,265,None
904,879,265,MoveLeft,2410,265,None
905,872,265,MoveLeft,2410,265,None
906,872,265,None,2410,265,None
907,872,265,None,2410,265,None
921,977,265,MoveRight,2410,265,None
922,984,265,MoveRight,2410,265,None
923,991,265,MoveRight,2410,265,None
924,998,265,MoveRight,2410,265,None
925,1005,265,MoveRight,2410,265,None
926,1012,265,MoveRight,2410,265,None
927,1019,265,MoveRight,2410,265,None
928,1026,265,MoveRight,2410,265,None
929,1033,265,MoveRight,2410,265,None
930,1040,265,MoveRight,2410,265,None
931,1047,265,MoveRight,2410,265,None
949,1040,265,MoveLeft,2410,265,None
950,1033,265,MoveLeft,2410,265,None
951,1026,265,MoveLeft,2410,265,None
952,1019,265,MoveLeft,2410,265,None
953,1012,265,MoveLeft,2410,265,None
954,1005,265,MoveLeft,2410,265,None
955,998,265,MoveLeft,2410,265,None
956,991,265,MoveLeft,2410,265,None
957,984,265,MoveLeft,2410,265,None
958,977,265,MoveLeft,2410,265,None
959,970,265,MoveLeft,2410,265,None
960,963,265,MoveLeft,2410,265,None
963,963,265,None,2410,265,Serve
963,963,265,None,2410,265,None
993,956,265,MoveLeft,2410,265,None
994,949,265,MoveLeft,2410,265,None
995,942,265,MoveLeft,2410,265,None
996,935,265,MoveLeft,2410,265,None
997,928,265,MoveLeft,2410,265,None
998,921,265,MoveLeft,2410,265,None
999,914,265,MoveLeft,2410,265,None
1000,907,265,MoveLeft,2410,265,None
1001,900,265,MoveLeft,2410,265,None
1002,893,265,MoveLeft,2410,265,None
1003,886,265,MoveLeft,2410,265,None
1004,879,265,MoveLeft,2410,265,None
1005,872,265,MoveLeft,2410,265,None
1006,872,265,None,2410,265,None
1007,872,265,None,2410,265,None
1008,872,265,None,2410,265,None
1009,872,265,None,2410,265,None
1010,872,265,None,2410,265,None
1011,872,265,None,2410,265,None
1012,872,265,None,2410,265,None
1013,872,265,None,2410,265,None
1014,872,265,None,2410,265,None
1015,872,265,None,2410,265,None
1016,872,265,None,2410,265,None
1017,872,265,None,2410,265,None
1018,872,265,None,2410,265,None
1019,872,265,None,2410,265,None
1020,872,265,None,2410,265,None
1021,872,265,None,2410,265,None
1022,872,265,None,2410,265,None
1023,872,265,None,2410,265,None
1024,872,265,None,2410,265,None
1025,872,265,None,2410,265,None
1026,872,265,None,2410,265,None
1027,872,265,None,2410,265,None
1028,872,265,None,2410,265,None
1029,872,265,None,2410,265,None
1030,872,265,None,2410,265,None
1031,872,265,None,2410,265,None
1032,872,265,None,2410,265,None
1033,872,265,None,2410,265,None
1034,872,265,None,2410,265,None
1035,872,265,Bump,2410,265,None
1035,872,265,None,2410,265,None
1036,872,265,None,2403,265,MoveLeft
1037,872,265,None,2396,265,MoveLeft
1038,872,265,None,2389,265,MoveLeft
1039,872,265,None,2382,265,MoveLeft
1040,872,265,None,2375,265,MoveLeft
1041,872,265,None,2368,265,MoveLeft
1042,872,265,None,2361,265,MoveLeft
1043,872,265,None,2354,265,MoveLeft
1044,872,265,None,2347,265,MoveLeft
1045,872,265,None,2340,265,MoveLeft
1046,872,265,None,2333,265,MoveLeft
1047,872,265,None,2326,265,MoveLeft
1048,872,265,None,2319,265,MoveLeft
1049,872,265,None,2312,265,MoveLeft
1050,872,265,None,2305,265,MoveLeft
1051,872,265,None,2298,265,MoveLeft
1052,872,265,None,2291,265,MoveLeft
1053,872,265,None,2284,265,MoveLeft
1054,872,265,None,2277,265,MoveLeft
1055,879,265,MoveRight,2277,265,None
1055,879,265,None,2270,265,MoveLeft
1056,886,265,MoveRight,2270,265,None
1056,886,265,None,2263,265,MoveLeft
1057,893,265,MoveRight,2263,265,None
1057,893,265,None,2256,265,MoveLeft
1058,900,265,MoveRight,2256,265,None
1058,900,265,None,2249,265,MoveLeft
1059,907,265,MoveRight,2249,265,None
1059,907,265,None,2242,265,MoveLeft
1060,914,265,MoveRight,2242,265,None
1060,914,265,None,2235,265,MoveLeft
1061,921,265,MoveRight,2235,265,None
1061,921,265,None,2228,265,MoveLeft
1062,928,265,MoveRight,2228,265,None
1062,928,265,None,2221,265,MoveLeft
1063,935,265,MoveRight,2221,265,None
1063,935,265,None,2214,265,MoveLeft
1064,942,265,MoveRight,2214,265,None
1064,942,265,None,2207,265,MoveLeft
1065,949,265,MoveRight,2207,265,None
1065,949,265,None,2200,265,MoveLeft
1066,956,265,MoveRight,2200,265,None
1066,956,265,None,2193,265,MoveLeft
1067,963,265,MoveRight,2193,265,None
1067,963,265,None,2186,265,MoveLeft
1068,970,265,MoveRight,2186,265,None
1068,970,265,None,2179,265,MoveLeft
1069,977,265,MoveRight,2179,265,None
1069,977,265,None,2172,265,MoveLeft
1070,984,265,MoveRight,2172,265,None
1070,984,265,None,2165,265,MoveLeft
1071,991,265,MoveRight,2165,265,None
1071,991,265,None,2158,265,MoveLeft
1072,998,265,MoveRight,2158,265,None
1072,998,265,None,2151,265,MoveLeft
1073,1005,265,MoveRight,2151,265,None
1073,1005,265,None,2144,265,MoveLeft
1074,1012,265,MoveRight,2144,265,None
1074,1012,265,None,2137,265,MoveLeft
1075,1019,265,MoveRight,2137,265,None
1075,1019,265,None,2130,265,MoveLeft
1076,1026,265,MoveRight,2130,265,None
1076,1026,265,None,2123,265,MoveLeft
1077,1033,265,MoveRight,2123,265,None
1077,1033,265,None,2116,265,MoveLeft
1078,1040,265,MoveRight,2116,265,None
1078,1040,265,None,2109,265,MoveLeft
1079,1047,265,MoveRight,2109,265,None
1079,1047,265,None,2102,265,MoveLeft
1080,1054,265,MoveRight,2102,265,None
1080,1054,265,None,2095,265,MoveLeft
1081,1061,265,MoveRight,2095,265,None
1081,1061,265,None,2088,265,MoveLeft
1082,1068,265,MoveRight,2088,265,None
1082,1068,265,None,2081,265,MoveLeft
1083,1075,265,MoveRight,2081,265,None
1083,1075,265,None,2074,265,MoveLeft
1084,1082,265,MoveRight,2074,265,None
1084,1082,265,None,2067,265,MoveLeft
1085,1089,265,MoveRight,2067,265,None
1085,1089,265,None,2060,265,MoveLeft
1086,1096,265,MoveRight,2060,265,None
1086,1096,265,None,2053,265,MoveLeft
1087,1103,265,MoveRight,2053,265,None
1087,1103,265,None,2046,265,MoveLeft
1088,1110,265,MoveRight,2046,265,None
1088,1110,265,None,2039,265,MoveLeft
1089,1117,265,MoveRight,2039,265,None
1089,1117,265,None,2032,265,MoveLeft
1090,1124,265,MoveRight,2032,265,None
1090,1124,265,None,2025,265,MoveLeft
1091,1131,265,MoveRight,2025,265,None
1091,1131,265,None,2018,265,MoveLeft
1092,1138,265,MoveRight,2018,265,None
1092,1138,265,None,2011,265,MoveLeft
1093,1145,265,MoveRight,2011,265,None
1093,1145,265,None,2004,265,MoveLeft
1094,1152,265,MoveRight,2004,265,None
1094,1152,265,None,1997,265,MoveLeft
1095,1159,265,MoveRight,1997,265,None
1095,1159,265,None,1990,265,MoveLeft
1096,1166,265,MoveRight,1990,265,None
1096,1166,265,None,1983,265,MoveLeft
1097,1173,265,MoveRight,1983,265,None
1097,1173,265,None,1976,265,MoveLeft
1098,1180,265,MoveRight,1976,265,None
1098,1180,265,None,1969,265,MoveLeft
1099,1187,265,MoveRight,1969,265,None
1099,1187,265,None,1962,265,MoveLeft
1100,1194,265,MoveRight,1962,265,None
1100,1194,265,None,1955,265,MoveLeft
1101,1201,265,MoveRight,1955,265,None
1101,1201,265,None,1948,265,MoveLeft
1102,1208,265,MoveRight,1948,265,None
1102,1208,265,None,1941,265,MoveLeft
1103,1215,265,MoveRight,1941,265,None
1103,1215,265,None,1934,265,MoveLeft
1104,1215,265,None,1927,265,MoveLeft
1105,1215,265,None,1920,265,MoveLeft
1106,1215,265,None,1913,265,MoveLeft
1107,1215,265,None,1906,265,MoveLeft
1108,1215,265,None,1899,265,MoveLeft
1109,1215,265,None,1892,265,MoveLeft
1110,1215,265,None,1885,265,MoveLeft
1111,1215,265,None,1878,265,MoveLeft
1112,1215,265,None,1871,265,MoveLeft
1113,1215,265,None,1864,265,MoveLeft
1114,1215,265,None,1857,265,MoveLeft
1115,1215,265,None,1850,265,MoveLeft
1116,1215,265,None,1843,265,MoveLeft
1117,1215,265,None,1836,265,MoveLeft
1118,1215,265,None,1829,265,MoveLeft
1119,1215,265,None,1822,265,MoveLeft
1120,1208,265,MoveLeft,1822,265,None
1120,1208,265,None,1815,265,MoveLeft
1121,1201,265,MoveLeft,1815,265,None
1121,1201,265,None,1808,265,MoveLeft
1122,1194,265,MoveLeft,1808,265,None
1122,1194,265,None,1801,265,MoveLeft
1123,1187,265,MoveLeft,1801,265,None
1123,1187,265,None,1794,265,MoveLeft
1124,1180,265,MoveLeft,1794,265,None
1124,1180,265,None,1787,265,MoveLeft
1125,1173,265,MoveLeft,1787,265,None
1125,1173,265,None,1780,265,MoveLeft
1126,1166,265,MoveLeft,1780,265,None
1126,1166,265,None,1773,265,MoveLeft
1127,1159,265,MoveLeft,1773,265,None
1127,1159,265,None,1766,265,MoveLeft
1128,1152,265,MoveLeft,1766,265,None
1128,1152,265,None,1759,265,MoveLeft
1129,1145,265,MoveLeft,1759,265,None
1129,1145,265,None,1752,265,MoveLeft
1130,1138,265,MoveLeft,1752,265,None
1130,1138,265,None,1745,265,MoveLeft
1131,1131,265,MoveLeft,1745,265,None
1131,1131,265,None,1738,265,MoveLeft
1132,1124,265,MoveLeft,1738,265,None
1132,1124,265,None,1731,265,MoveLeft
1133,1117,265,MoveLeft,1731,265,None
1133,1117,265,None,1724,265,MoveLeft
1134,1110,265,MoveLeft,1724,265,None
1134,1110,265,None,1717,265,MoveLeft
1135,1103,265,MoveLeft,1717,265,None
1135,1103,265,None,1710,265,MoveLeft
1136,1096,265,MoveLeft,1710,265,None
1136,1096,265,None,1703,265,MoveLeft
1137,1089,265,MoveLeft,1703,265,None
1137,1089,265,None,1696,265,MoveLeft
1138,1082,265,MoveLeft,1696,265,None
1138,1082,265,None,1689,265,MoveLeft
1139,1075,265,MoveLeft,1689,265,None
1139,1075,265,None,1682,265,MoveLeft
1140,1068,265,MoveLeft,1682,265,None
1140,1068,265,None,1675,265,MoveLeft
1141,1061,265,MoveLeft,1675,265,None
1141,1061,265,None,1668,265,MoveLeft
1142,1054,265,MoveLeft,1668,265,None
1142,1054,265,None,1661,265,MoveLeft
1143,1047,265,MoveLeft,1661,265,None
1143,1047,265,None,1654,265,MoveLeft
1144,1040,265,MoveLeft,1654,265,None
1144,1040,265,None,1647,265,MoveLeft
1145,1033,265,MoveLeft,1647,265,None
1145,1033,265,None,1640,265,MoveLeft
1146,1026,265,MoveLeft,1640,265,None
1146,1026,265,None,1633,265,MoveLeft
1147,1019,265,MoveLeft,1633,265,None
1147,1019,265,None,1626,265,MoveLeft
1148,1012,265,MoveLeft,1626,265,None
1148,1012,265,None,1619,265,MoveLeft
1149,1005,265,MoveLeft,1619,265,None
1149,1005,265,None,1612,265,MoveLeft
1150,998,265,MoveLeft,1612,265,None
1150,998,265,None,1605,265,MoveLeft
1151,991,265,MoveLeft,1605,265,None
1151,991,265,None,1598,265,MoveLeft
1152,984,265,MoveLeft,1598,265,None
1152,984,265,None,1591,265,MoveLeft
1153,977,265,MoveLeft,1591,265,None
1153,977,265,None,1584,265,MoveLeft
1154,970,265,MoveLeft,1584,265,None
1154,970,265,None,1577,265,MoveLeft
1155,963,265,MoveLeft,1577,265,None
1155,963,265,None,1570,265,MoveLeft
1156,963,265,None,1563,265,MoveLeft
1157,963,265,None,1556,265,MoveLeft
1158,963,265,None,1549,265,MoveLeft
1159,963,265,None,1542,265,MoveLeft
1160,963,265,None,1535,265,MoveLeft
1161,963,265,None,1528,265,MoveLeft
1162,963,265,None,1521,265,MoveLeft
1163,963,265,None,1514,265,MoveLeft
1164,963,265,None,1507,265,MoveLeft
1165,963,265,None,1500,265,MoveLeft
1166,963,265,None,1493,265,MoveLeft
1167,963,265,None,1486,265,MoveLeft
1168,963,265,None,1479,265,MoveLeft
1169,963,265,None,1472,265,MoveLeft
1170,963,265,None,1465,265,MoveLeft
1171,963,265,None,1458,265,MoveLeft
1172,963,265,None,1451,265,MoveLeft
1173,963,265,None,1444,265,MoveLeft
1174,963,265,None,1437,265,MoveLeft
1175,970,265,MoveRight,1437,265,None
1175,970,265,None,1430,265,MoveLeft
1176,977,265,MoveRight,1430,265,None
1176,977,265,None,1423,265,MoveLeft
1177,984,265,MoveRight,1423,265,None
1177,984,265,None,1416,265,MoveLeft
1178,991,265,MoveRight,1416,265,None
1178,991,265,None,1409,265,MoveLeft
1179,998,265,MoveRight,1409,265,None
1179,998,265,None,1402,265,MoveLeft
1180,998,265,None,1402,265,None
1180,998,265,None,1395,265,MoveLeft
1181,998,265,Bump,1395,265,None
1181,998,265,None,1395,265,None
1181,998,265,None,1388,265,MoveLeft
1182,998,265,None,1395,265,MoveRight
1183,998,265,None,1402,265,MoveRight
1184,998,265,None,1409,265,MoveRight
1185,998,265,None,1416,265,MoveRight
1186,998,265,None,1423,265,MoveRight
1187,998,265,None,1430,265,MoveRight
1188,998,265,None,1437,265,MoveRight
1189,998,265,None,1444,265,MoveRight
1190,998,265,None,1451,265,MoveRight
1191,998,265,None,1458,265,MoveRight
1192,998,265,None,1465,265,MoveRight
1193,998,265,None,1472,265,MoveRight
1194,998,265,None,1479,265,MoveRight
1195,998,265,None,1486,265,MoveRight
1196,998,265,None,1493,265,MoveRight
1197,998,265,None,1500,265,MoveRight
1198,998,265,None,1507,265,MoveRight
1199,998,265,None,1514,265,MoveRight
1200,998,265,None,1521,265,MoveRight
1201,998,265,None,1528,265,MoveRight
1202,998,265,None,1535,265,MoveRight
1203,998,265,None,1542,265,MoveRight
1204,998,265,None,1549,265,MoveRight
1205,998,265,None,1556,265,MoveRight
1206,998,265,None,1563,265,MoveRight
1212,991,265,MoveLeft,1563,265,None
1213,984,265,MoveLeft,1563,265,None
1214,977,265,MoveLeft,1563,265,None
1215,970,265,MoveLeft,1563,265,None
1216,963,265,MoveLeft,1563,265,None
1217,956,265,MoveLeft,1563,265,None
1218,949,265,MoveLeft,1563,265,None
1219,942,265,MoveLeft,1563,265,None
1220,935,265,MoveLeft,1563,265,None
1221,928,265,MoveLeft,1563,265,None
1222,921,265,MoveLeft,1563,265,None
1223,914,265,MoveLeft,1563,265,None
1224,907,265,MoveLeft,1563,265,None
1225,900,265,MoveLeft,1563,265,None
1226,893,265,MoveLeft,1563,265,None
1227,886,265,MoveLeft,1563,265,None
1228,879,265,MoveLeft,1563,265,None
1229,872,265,MoveLeft,1563,265,None
1230,865,265,MoveLeft,1563,265,None
1231,858,265,MoveLeft,1563,265,None
1232,851,265,MoveLeft,1563,265,None
1233,844,265,MoveLeft,1563,265,None
1234,837,265,MoveLeft,1563,265,None
1235,830,265,MoveLeft,1563,265,None
1236,823,265,MoveLeft,1563,265,None
1237,816,265,MoveLeft,1563,265,None
1238,809,265,MoveLeft,1563,265,None
1239,802,265,MoveLeft,1563,265,None
1240,795,265,MoveLeft,1563,265,None
1241,788,265,MoveLeft,1563,265,None
1242,781,265,MoveLeft,1563,265,None
1243,774,265,MoveLeft,1563,265,None
1244,767,265,MoveLeft,1563,265,None
1245,760,265,MoveLeft,1563,265,None
1246,753,265,MoveLeft,1563,265,None
1247,746,265,MoveLeft,1563,265,None
1248,739,265,MoveLeft,1563,265,None
1249,732,265,MoveLeft,1563,265,None
1250,725,265,MoveLeft,1563,265,None
1251,718,265,MoveLeft,1563,265,None
1264,725,265,MoveRight,1563,265,None
1265,732,265,MoveRight,1563,265,None
1266,739,265,MoveRight,1563,265,None
1267,746,265,MoveRight,1563,265,None
1268,753,265,MoveRight,1563,265,None
1269,760,265,MoveRight,1563,265,None
1270,767,265,MoveRight,1563,265,None
1271,774,265,MoveRight,1563,265,None
1279,781,265,MoveRight,1563,265,None
1280,788,265,MoveRight,1563,265,None
1281,788,265,None,1563,265,SpikeMedium
1281,795,265,MoveRight,1563,265,None
1281,795,265,None,1563,265,None
1282,788,265,MoveLeft,1563,265,None
1283,781,265,MoveLeft,1563,265,None
1284,774,265,MoveLeft,1563,265,None
1285,767,265,MoveLeft,1563,265,None
1286,760,265,MoveLeft,1563,265,None
1287,753,265,MoveLeft,1563,265,None
1288,746,265,MoveLeft,1563,265,None
1289,739,265,MoveLeft,1563,265,None
1290,732,265,MoveLeft,1563,265,None
1291,725,265,MoveLeft,1563,265,None
1292,718,265,MoveLeft,1563,265,None
1293,711,265,MoveLeft,1563,265,None
1294,704,265,MoveLeft,1563,265,None
1295,697,265,MoveLeft,1563,265,None
1296,690,265,MoveLeft,1563,265,None
1297,683,265,MoveLeft,1563,265,None
1298,683,265,None,1563,265,None
1299,683,265,None,1563,265,None
1300,683,265,None,1563,265,None
1301,683,265,None,1563,265,None
1302,683,265,None,1563,265,None
1303,683,265,None,1563,265,None
1304,683,265,None,1563,265,None
1305,683,265,None,1563,265,None
1306,683,265,None,1563,265,None
1307,683,265,None,1563,265,None
1308,683,265,None,1563,265,None
1309,683,265,None,1563,265,None
1310,683,265,None,1563,265,None
1311,683,265,None,1563,265,None
1312,683,265,None,1563,265,None
1313,683,265,None,1563,265,None
1314,683,265,None,1563,265,None
1315,683,265,None,1563,265,None
1316,683,265,None,1563,265,None
1317,683,265,None,1563,265,None
1318,683,265,None,1563,265,None
1319,683,265,None,1563,265,None
1320,683,265,None,1563,265,None
1321,683,265,None,1563,265,None
1322,683,265,None,1563,265,None
1323,683,265,None,1563,265,None
1324,683,265,None,1563,265,None
1325,683,265,None,1563,265,None
1326,683,265,None,1563,265,None
1327,683,265,None,1563,265,None
1328,683,265,None,1563,265,None
1329,683,265,None,1563,265,None
1330,683,265,None,1563,265,None
1331,683,265,None,1563,265,None
1332,683,265,None,1563,265,None
1333,683,265,None,1563,265,None
1334,683,265,None,1563,265,None
1335,683,265,None,1563,265,None
1336,683,265,None,1563,265,None
1337,683,265,None,1563,265,None
1338,683,265,None,1563,265,None
1339,683,265,None,1563,265,None
1340,683,265,None,1563,265,None
1341,683,265,None,1563,265,None
1342,683,265,None,1563,265,None
1343,683,265,Bump,1563,265,None
1343,683,265,None,1563,265,None
1344,683,265,None,1556,265,MoveLeft
1345,683,265,None,1549,265,MoveLeft
1346,683,265,None,1542,265,MoveLeft
1347,683,265,None,1535,265,MoveLeft
1348,683,265,None,1528,265,MoveLeft
1349,683,265,None,1521,265,MoveLeft
1350,683,265,None,1514,265,MoveLeft
1351,683,265,None,1507,265,MoveLeft
1352,683,265,None,1500,265,MoveLeft
1353,683,265,None,1493,265,MoveLeft
1354,683,265,None,1486,265,MoveLeft
1355,683,265,None,1479,265,MoveLeft
1356,683,265,None,1472,265,MoveLeft
1357,683,265,None,1465,265,MoveLeft
1358,683,265,None,1458,265,MoveLeft
1359,683,265,None,1451,265,MoveLeft
1360,683,265,None,1444,265,MoveLeft
1361,683,265,None,1437,265,MoveLeft
1362,683,265,None,1430,265,MoveLeft
1363,690,265,MoveRight,1430,265,None
1363,690,265,None,1423,265,MoveLeft
1364,697,265,MoveRight,1423,265,None
1364,697,265,None,1416,265,MoveLeft
1365,704,265,MoveRight,1416,265,None
1365,704,265,None,1409,265,MoveLeft
1366,711,265,MoveRight,1409,265,None
1366,711,265,None,1402,265,MoveLeft
1367,718,265,MoveRight,1402,265,None
1367,718,265,None,1395,265,MoveLeft
1368,725,265,MoveRight,1395,265,None
1368,725,265,None,1388,265,MoveLeft
1369,732,265,MoveRight,1388,265,None
1369,732,265,None,1381,265,MoveLeft
1370,739,265,MoveRight,1381,265,None
1370,739,265,None,1374,265,MoveLeft
1371,746,265,MoveRight,1374,265,None
1371,746,265,None,1367,265,MoveLeft
1372,753,265,MoveRight,1367,265,None
1372,753,265,None,1360,265,MoveLeft
1373,760,265,MoveRight,1360,265,None
1373,760,265,None,1353,265,MoveLeft
1374,767,265,MoveRight,1353,265,None
1374,767,265,None,1346,265,MoveLeft
1375,774,265,MoveRight,1346,265,None
1376,781,265,MoveRight,1346,265,None
1377,788,265,MoveRight,1346,265,None
1378,795,265,MoveRight,1346,265,None
1379,802,265,MoveRight,1346,265,None
1380,809,265,MoveRight,1346,265,None
1381,816,265,MoveRight,1346,265,None
1382,823,265,MoveRight,1346,265,None
1383,830,265,MoveRight,1346,265,None
1384,837,265,MoveRight,1346,265,None
1385,844,265,MoveRight,1346,265,None
1386,851,265,MoveRight,1346,265,None
1387,858,265,MoveRight,1346,265,None
1388,865,265,MoveRight,1346,265,None
1389,872,265,MoveRight,1346,265,None
1390,879,265,MoveRight,1346,265,None
1391,886,265,MoveRight,1346,265,None
1392,893,265,MoveRight,1346,265,None
1393,900,265,MoveRight,1346,265,None
1394,907,265,MoveRight,1346,265,None
1395,914,265,MoveRight,1346,265,None
1396,921,265,MoveRight,1346,265,None
1397,928,265,MoveRight,1346,265,None
1398,935,265,MoveRight,1346,265,None
1399,942,265,MoveRight,1346,265,None
1400,949,265,MoveRight,1346,265,None
1401,956,265,MoveRight,1346,265,None
1402,963,265,MoveRight,1346,265,None
1403,970,265,MoveRight,1346,265,None
1404,977,265,MoveRight,1346,265,None
1405,984,265,MoveRight,1346,265,None
1406,991,265,MoveRight,1346,265,None
1407,998,265,MoveRight,1346,265,None
1408,1005,265,MoveRight,1346,265,None
1409,1012,265,MoveRight,1346,265,None
1410,1019,265,MoveRight,1346,265,None
1411,1026,265,MoveRight,1346,265,None
1412,1033,265,MoveRight,1346,265,None
1413,1040,265,MoveRight,1346,265,None
1414,1047,265,MoveRight,1346,265,None
1415,1054,265,MoveRight,1346,265,None
1416,1061,265,MoveRight,1346,265,None
1417,1068,265,MoveRight,1346,265,None
1418,1075,265,MoveRight,1346,265,None
1419,1082,265,MoveRight,1346,265,None
1420,1089,265,MoveRight,1346,265,None
1421,1096,265,MoveRight,1346,265,None
1422,1103,265,MoveRight,1346,265,None
1423,1110,265,MoveRight,1346,265,None
1424,1117,265,MoveRight,1346,265,None
1425,1124,265,MoveRight,1346,265,None
1433,1131,265,MoveRight,1346,265,None
1434,1131,265,Bump,1346,265,None
1434,1138,265,MoveRight,1346,265,None
1435,1138,265,None,1353,265,MoveRight
1436,1138,265,None,1360,265,MoveRight
1437,1138,265,None,1367,265,MoveRight
1438,1138,265,None,1374,265,MoveRight
1439,1138,265,None,1381,265,MoveRight
1440,1138,265,None,1388,265,MoveRight
1441,1138,265,None,1395,265,MoveRight
1442,1138,265,None,1402,265,MoveRight
1443,1138,265,None,1409,265,MoveRight
1444,1138,265,None,1416,265,MoveRight
1445,1138,265,None,1423,265,MoveRight
1446,1138,265,None,1430,265,MoveRight
1447,1138,265,None,1437,265,MoveRight
1448,1138,265,None,1444,265,MoveRight
1449,1138,265,None,1451,265,MoveRight
1450,1138,265,None,1458,265,MoveRight
1451,1138,265,None,1465,265,MoveRight
1452,1138,265,None,1472,265,MoveRight
1453,1138,265,None,1479,265,MoveRight
1454,1138,265,None,1486,265,MoveRight
1455,1138,265,None,1493,265,MoveRight
1456,1138,265,None,1500,265,MoveRight
1457,1138,265,None,1507,265,MoveRight
1458,1138,265,None,1514,265,MoveRight
1459,1138,265,None,1521,265,MoveRight
1460,1131,265,MoveLeft,1521,265,None
1460,1131,265,None,1528,265,MoveRight
1461,1124,265,MoveLeft,1528,265,None
1461,1124,265,None,1535,265,MoveRight
1462,1117,265,MoveLeft,1535,265,None
1462,1117,265,None,1542,265,MoveRight
1463,1110,265,MoveLeft,1542,265,None
1463,1110,265,None,1549,265,MoveRight
1464,1103,265,MoveLeft,1549,265,None
1464,1103,265,None,1556,265,MoveRight
1465,1096,265,MoveLeft,1556,265,None
1465,1096,265,None,1563,265,MoveRight
1466,1089,265,MoveLeft,1563,265,None
1466,1089,265,None,1570,265,MoveRight
1467,1082,265,MoveLeft,1570,265,None
1467,1082,265,None,1577,265,MoveRight
1468,1075,265,MoveLeft,1577,265,None
1468,1075,265,None,1584,265,MoveRight
1469,1068,265,MoveLeft,1584,265,None
1469,1068,265,None,1591,265,MoveRight
1470,1061,265,MoveLeft,1591,265,None
1470,1061,265,None,1598,265,MoveRight
1471,1054,265,MoveLeft,1598,265,None
1471,1054,265,None,1605,265,MoveRight
1472,1047,265,MoveLeft,1605,265,None
1472,1047,265,None,1612,265,MoveRight
1473,1040,265,MoveLeft,1612,265,None
1473,1040,265,None,1619,265,MoveRight
1474,1033,265,MoveLeft,1619,265,None
1474,1033,265,None,1626,265,MoveRight
1475,1026,265,MoveLeft,1626,265,None
1475,1026,265,None,1633,265,MoveRight
1476,1019,265,MoveLeft,1633,265,None
1476,1019,265,None,1640,265,MoveRight
1477,1012,265,MoveLeft,1640,265,None
1477,1012,265,None,1647,265,MoveRight
1478,1005,265,MoveLeft,1647,265,None
1478,1005,265,None,1654,265,MoveRight
1479,998,265,MoveLeft,1654,265,None
1479,998,265,None,1661,265,MoveRight
1480,991,265,MoveLeft,1661,265,None
1480,991,265,None,1668,265,MoveRight
1481,984,265,MoveLeft,1668,265,None
1481,984,265,None,1675,265,MoveRight
1482,977,265,MoveLeft,1675,265,None
1482,977,265,None,1682,265,MoveRight
1483,970,265,MoveLeft,1682,265,None
1484,963,265,MoveLeft,1682,265,None
1485,956,265,MoveLeft,1682,265,None
1486,949,265,MoveLeft,1682,265,None
1487,942,265,MoveLeft,1682,265,None
1488,935,265,MoveLeft,1682,265,None
1489,928,265,MoveLeft,1682,265,None
1490,921,265,MoveLeft,1682,265,None
1491,914,265,MoveLeft,1682,265,None
1492,907,265,MoveLeft,1682,265,None
1493,900,265,MoveLeft,1682,265,None
1494,893,265,MoveLeft,1682,265,None
1495,886,265,MoveLeft,1682,265,None
1496,879,265,MoveLeft,1682,265,None
1497,872,265,MoveLeft,1682,265,None
1498,865,265,MoveLeft,1682,265,None
1499,858,265,MoveLeft,1682,265,None
1500,851,265,MoveLeft,1682,265,None
1501,844,265,MoveLeft,1682,265,None
1502,837,265,MoveLeft,1682,265,None
1503,830,265,MoveLeft,1682,265,None
1504,823,265,MoveLeft,1682,265,None
1505,816,265,MoveLeft,1682,265,None
1506,809,265,MoveLeft,1682,265,None
1507,802,265,MoveLeft,1682,265,None
1508,795,265,MoveLeft,1682,265,None
1509,788,265,MoveLeft,1682,265,None
1510,781,265,MoveLeft,1682,265,None
1511,774,265,MoveLeft,1682,265,None
1512,767,265,MoveLeft,1682,265,None
1513,760,265,MoveLeft,1682,265,None
1514,753,265,MoveLeft,1682,265,None
1515,746,265,MoveLeft,1682,265,None
1516,739,265,MoveLeft,1682,265,None
1517,732,265,MoveLeft,1682,265,None
1518,725,265,MoveLeft,1682,265,None
1519,718,265,MoveLeft,1682,265,None
1520,711,265,MoveLeft,1682,265,None
1521,704,265,MoveLeft,1682,265,None
1522,697,265,MoveLeft,1682,265,None
1523,690,265,MoveLeft,1682,265,None
1524,683,265,MoveLeft,1682,265,None
1525,676,265,MoveLeft,1682,265,None
1526,669,265,MoveLeft,1682,265,None
1533,669,265,None,1682,265,SpikeLight
1533,669,265,None,1682,265,None
1539,676,265,MoveRight,1682,265,None
1540,683,265,MoveRight,1682,265,None
1541,690,265,MoveRight,1682,265,None
1542,697,265,MoveRight,1682,265,None
1543,704,265,MoveRight,1682,265,None
1544,711,265,MoveRight,1682,265,None
1545,718,265,MoveRight,1682,265,None
1546,725,265,MoveRight,1682,265,None
1547,732,265,MoveRight,1682,265,None
1548,739,265,MoveRight,1682,265,None
1549,746,265,MoveRight,1682,265,None
1550,753,265,MoveRight,1682,265,None
1551,760,265,MoveRight,1682,265,None
1552,767,265,MoveRight,1682,265,None
1553,774,265,MoveRight,1682,265,None
1554,781,265,MoveRight,1682,265,None
1555,788,265,MoveRight,1682,265,None
1556,795,265,MoveRight,1682,265,None
1557,802,265,MoveRight,1682,265,None
1558,809,265,MoveRight,1682,265,None
1559,816,265,MoveRight,1682,265,None
1560,823,265,MoveRight,1682,265,None
1561,830,265,MoveRight,1682,265,None
1562,837,265,MoveRight,1682,265,None
1563,844,265,MoveRight,1682,265,None
1564,851,265,MoveRight,1682,265,None
1565,858,265,MoveRight,1682,265,None
1566,865,265,MoveRight,1682,265,None
1567,872,265,MoveRight,1682,265,None
1568,879,265,MoveRight,1682,265,None
1569,886,265,MoveRight,1682,265,None
1570,893,265,MoveRight,1682,265,None
1571,900,265,MoveRight,1682,265,None
1572,907,265,MoveRight,1682,265,None
1573,914,265,MoveRight,1682,265,None
1574,921,265,MoveRight,1682,265,None
1575,928,265,MoveRight,1682,265,None
1576,935,265,MoveRight,1682,265,None
1577,942,265,MoveRight,1682,265,None
1578,949,265,MoveRight,1682,265,None
1579,956,265,MoveRight,1682,265,None
1580,963,265,MoveRight,1682,265,None
1581,970,265,MoveRight,1682,265,None
1582,977,265,MoveRight,1682,265,None
1583,984,265,MoveRight,1682,265,None
1584,991,265,MoveRight,1682,265,None
1585,998,265,MoveRight,1682,265,None
1586,1005,265,MoveRight,1682,265,None
1587,1012,265,MoveRight,1682,265,None
1588,1019,265,MoveRight,1682,265,None
1589,1026,265,MoveRight,1682,265,None
1590,1033,265,MoveRight,1682,265,None
1591,1040,265,MoveRight,1682,265,None
1592,1047,265,MoveRight,1682,265,None
1593,1054,265,MoveRight,1682,265,None
1594,1061,265,MoveRight,1682,265,None
1595,1068,265,MoveRight,1682,265,None
1596,1075,265,MoveRight,1682,265,None
1597,1082,265,MoveRight,1682,265,None
1598,337,265,MoveRight,1670,265,None
1599,344,265,MoveRight,1670,265,None
1600,351,265,MoveRight,1670,265,None
1601,358,265,MoveRight,1670,265,None
1602,365,265,MoveRight,1670,265,None
1603,372,265,MoveRight,1670,265,None
1604,379,265,MoveRight,1670,265,None
1605,386,265,MoveRight,1670,265,None
1606,393,265,MoveRight,1670,265,None
1607,400,265,MoveRight,1670,265,None
1608,407,265,MoveRight,1670,265,None
1609,414,265,MoveRight,1670,265,None
1610,421,265,MoveRight,1670,265,None
1611,428,265,MoveRight,1670,265,None
1612,435,265,MoveRight,1670,265,None
1613,442,265,MoveRight,1670,265,None
1630,449,265,MoveRight,1670,265,None
1631,456,265,MoveRight,1670,265,None
1632,463,265,MoveRight,1670,265,None
1633,470,265,MoveRight,1670,265,None
1634,477,265,MoveRight,1670,265,None
1635,484,265,MoveRight,1670,265,None
1636,491,265,MoveRight,1670,265,None
1637,498,265,MoveRight,1670,265,None
1638,505,265,MoveRight,1670,265,None
1639,512,265,MoveRight,1670,265,None
1640,519,265,MoveRight,1670,265,None
1641,526,265,MoveRight,1670,265,None
1642,533,265,MoveRight,1670,265,None
1643,540,265,MoveRight,1670,265,None
1656,540,265,Serve,1670,265,None
1656,540,265,None,1670,265,None
1657,540,265,None,1677,265,MoveRight
1658,540,265,None,1684,265,MoveRight
1659,540,265,None,1691,265,MoveRight
1660,540,265,None,1698,265,MoveRight
1661,540,265,None,1705,265,MoveRight
1662,540,265,None,1712,265,MoveRight
1663,540,265,None,1719,265,MoveRight
1664,540,265,None,1726,265,MoveRight
1665,540,265,None,1733,265,MoveRight
1666,540,265,None,1740,265,MoveRight
1667,540,265,None,1747,265,MoveRight
1668,540,265,None,1754,265,MoveRight
1669,540,265,None,1761,265,MoveRight
1670,540,265,None,1768,265,MoveRight
1671,540,265,None,1775,265,MoveRight
1672,540,265,None,1782,265,MoveRight
1673,540,265,None,1789,265,MoveRight
1674,540,265,None,1796,265,MoveRight
1675,540,265,None,1803,265,MoveRight
1676,547,265,MoveRight,1803,265,None
1676,547,265,None,1810,265,MoveRight
1677,554,265,MoveRight,1810,265,None
1677,554,265,None,1817,265,MoveRight
1678,561,265,MoveRight,1817,265,None
1678,561,265,None,1824,265,MoveRight
1679,568,265,MoveRight,1824,265,None
1679,568,265,None,1831,265,MoveRight
1680,575,265,MoveRight,1831,265,None
1680,575,265,None,1838,265,MoveRight
1681,582,265,MoveRight,1838,265,None
1681,582,265,None,1845,265,MoveRight
1682,589,265,MoveRight,1845,265,None
1682,589,265,None,1852,265,MoveRight
1683,596,265,MoveRight,1852,265,None
1683,596,265,None,1859,265,MoveRight
1684,603,265,MoveRight,1859,265,None
1684,603,265,None,1866,265,MoveRight
1685,610,265,MoveRight,1866,265,None
1685,610,265,None,1873,265,MoveRight
1686,617,265,MoveRight,1873,265,None
1686,617,265,None,1880,265,MoveRight
1687,624,265,MoveRight,1880,265,None
1687,624,265,None,1887,265,MoveRight
1688,631,265,MoveRight,1887,265,None
1688,631,265,None,1894,265,MoveRight
1689,638,265,MoveRight,1894,265,None
1689,638,265,None,1901,265,MoveRight
1690,645,265,MoveRight,1901,265,None
1690,645,265,None,1908,265,MoveRight
1691,652,265,MoveRight,1908,265,None
1691,652,265,None,1915,265,MoveRight
1692,659,265,MoveRight,1915,265,None
1692,659,265,None,1922,265,MoveRight
1693,666,265,MoveRight,1922,265,None
1693,666,265,None,1929,265,MoveRight
1694,673,265,MoveRight,1929,265,None
1694,673,265,None,1936,265,MoveRight
1695,680,265,MoveRight,1936,265,None
1695,680,265,None,1943,265,MoveRight
1696,687,265,MoveRight,1943,265,None
1696,687,265,None,1950,265,MoveRight
1697,694,265,MoveRight,1950,265,None
1697,694,265,None,1957,265,MoveRight
1698,701,265,MoveRight,1957,265,None
1698,701,265,None,1964,265,MoveRight
1699,708,265,MoveRight,1964,265,None
1699,708,265,None,1971,265,MoveRight
1700,715,265,MoveRight,1971,265,None
1700,715,265,None,1978,265,MoveRight
1701,722,265,MoveRight,1978,265,None
1701,722,265,None,1985,265,MoveRight
1702,729,265,MoveRight,1985,265,None
1702,729,265,None,1992,265,MoveRight
1703,729,265,None,1999,265,MoveRight
1704,729,265,None,2006,265,MoveRight
1705,729,265,None,2013,265,MoveRight
1706,729,265,None,2020,265,MoveRight
1707,729,265,None,2027,265,MoveRight
1708,729,265,None,2034,265,MoveRight
1709,729,265,None,2041,265,MoveRight
1710,722,265,MoveLeft,2041,265,None
1710,722,265,None,2048,265,MoveRight
1711,715,265,MoveLeft,2048,265,None
1711,715,265,None,2055,265,MoveRight
1712,708,265,MoveLeft,2055,265,None
1712,708,265,None,2062,265,MoveRight
1713,701,265,MoveLeft,2062,265,None
1713,701,265,None,2069,265,MoveRight
1714,694,265,MoveLeft,2069,265,None
1714,694,265,None,2076,265,MoveRight
1715,687,265,MoveLeft,2076,265,None
1715,687,265,None,2083,265,MoveRight
1716,680,265,MoveLeft,2083,265,None
1717,673,265,MoveLeft,2083,265,None
1718,666,265,MoveLeft,2083,265,None
1719,659,265,MoveLeft,2083,265,None
1720,652,265,MoveLeft,2083,265,None
1721,645,265,MoveLeft,2083,265,None
1722,638,265,MoveLeft,2083,265,None
1723,631,265,MoveLeft,2083,265,None
1729,638,265,MoveRight,2083,265,None
1730,638,265,None,2083,265,SpikeLight
1730,645,265,MoveRight,2083,265,None
1730,645,265,None,2083,265,None
1731,652,265,MoveRight,2083,265,None
1732,659,265,MoveRight,2083,265,None
1733,666,265,MoveRight,2083,265,None
1734,673,265,MoveRight,2083,265,None
1735,680,265,MoveRight,2083,265,None
1736,687,265,MoveRight,2083,265,None
1737,694,265,MoveRight,2083,265,None
1738,701,265,MoveRight,2083,265,None
1739,708,265,MoveRight,2083,265,None
1740,715,265,MoveRight,2083,265,None
1741,722,265,MoveRight,2083,265,None
1742,729,265,MoveRight,2083,265,None
1743,736,265,MoveRight,2083,265,None
1744,743,265,MoveRight,2083,265,None
1745,750,265,MoveRight,2083,265,None
1746,757,265,MoveRight,2083,265,None
1747,764,265,MoveRight,2083,265,None
1748,771,265,MoveRight,2083,265,None
1749,778,265,MoveRight,2083,265,None
1750,785,265,MoveRight,2083,265,None
1751,792,265,MoveRight,2083,265,None
1752,799,265,MoveRight,2083,265,None
1753,806,265,MoveRight,2083,265,None
1754,813,265,MoveRight,2083,265,None
1755,820,265,MoveRight,2083,265,None
1756,827,265,MoveRight,2083,265,None
1757,834,265,MoveRight,2083,265,None
1758,841,265,MoveRight,2083,265,None
1759,848,265,MoveRight,2083,265,None
1760,855,265,MoveRight,2083,265,None
1761,862,265,MoveRight,2083,265,None
1762,869,265,MoveRight,2083,265,None
1763,876,265,MoveRight,2083,265,None
1764,883,265,MoveRight,2083,265,None
1765,890,265,MoveRight,2083,265,None
1766,897,265,MoveRight,2083,265,None
1767,904,265,MoveRight,2083,265,None
1768,911,265,MoveRight,2083,265,None
1769,918,265,MoveRight,2083,265,None
1770,925,265,MoveRight,2083,265,None
1771,932,265,MoveRight,2083,265,None
1772,939,265,MoveRight,2083,265,None
1773,946,265,MoveRight,2083,265,None
1774,953,265,MoveRight,2083,265,None
1775,960,265,MoveRight,2083,265,None
1776,967,265,MoveRight,2083,265,None
1777,974,265,MoveRight,2083,265,None
1778,981,265,MoveRight,2083,265,None
1779,988,265,MoveRight,2083,265,None
1780,995,265,MoveRight,2083,265,None
1781,1002,265,MoveRight,2083,265,None
1782,1009,265,MoveRight,2083,265,None
1783,1016,265,MoveRight,2083,265,None
1784,1023,265,MoveRight,2083,265,None
1785,1030,265,MoveRight,2083,265,None
1797,330,265,None,1670,265,None
1816,330,265,None,1670,265,None
1836,337,265,MoveRight,1670,265,None
1837,344,265,MoveRight,1670,265,None
1838,351,265,MoveRight,1670,265,None
1839,358,265,MoveRight,1670,265,None
1840,365,265,MoveRight,1670,265,None
1841,372,265,MoveRight,1670,265,None
1842,379,265,MoveRight,1670,265,None
1843,386,265,MoveRight,1670,265,None
1844,393,265,MoveRight,1670,265,None
1845,400,265,MoveRight,1670,265,None
1846,407,265,MoveRight,1670,265,None
1847,414,265,MoveRight,1670,265,None
1848,421,265,MoveRight,1670,265,None
1849,428,265,MoveRight,1670,265,None
1850,435,265,MoveRight,1670,265,None
1851,442,265,MoveRight,1670,265,None
1852,449,265,MoveRight,1670,265,None
1853,456,265,MoveRight,1670,265,None
1854,463,265,MoveRight,1670,265,None
1855,470,265,MoveRight,1670,265,None
1856,477,265,MoveRight,1670,265,None
1857,484,265,MoveRight,1670,265,None
1858,491,265,MoveRight,1670,265,None
1859,498,265,MoveRight,1670,265,None
1860,505,265,MoveRight,1670,265,None
1871,512,265,MoveRight,1670,265,None
1872,519,265,MoveRight,1670,265,None
1873,526,265,MoveRight,1670,265,None
1874,533,265,MoveRight,1670,265,None
1875,540,265,MoveRight,1670,265,None
1876,547,265,MoveRight,1670,265,None
1877,554,265,MoveRight,1670,265,None
1878,561,265,MoveRight,1670,265,None
1879,568,265,MoveRight,1670,265,None
1880,575,265,MoveRight,1670,265,None
1881,582,265,MoveRight,1670,265,None
1882,589,265,MoveRight,1670,265,None
1883,596,265,MoveRight,1670,265,None
1884,603,265,MoveRight,1670,265,None
1885,610,265,MoveRight,1670,265,None
1886,617,265,MoveRight,1670,265,None
1887,624,265,MoveRight,1670,265,None
1888,631,265,MoveRight,1670,265,None
1889,638,265,MoveRight,1670,265,None
1890,638,265,Serve,1670,265,None
1890,645,265,MoveRight,1670,265,None
1891,645,265,None,1677,265,MoveRight
1892,645,265,None,1684,265,MoveRight
1893,645,265,None,1691,265,MoveRight
1894,645,265,None,1698,265,MoveRight
1895,645,265,None,1705,265,MoveRight
1896,645,265,None,1712,265,MoveRight
1897,645,265,None,1719,265,MoveRight
1898,645,265,None,1726,265,MoveRight
1899,645,265,None,1733,265,MoveRight
1900,645,265,None,1740,265,MoveRight
1901,645,265,None,1747,265,MoveRight
1902,645,265,None,1754,265,MoveRight
1903,645,265,None,1761,265,MoveRight
1904,645,265,None,1768,265,MoveRight
1905,645,265,None,1775,265,MoveRight
1906,645,265,None,1782,265,MoveRight
1907,645,265,None,1789,265,MoveRight
1908,645,265,None,1796,265,MoveRight
1909,645,265,None,1803,265,MoveRight
1910,645,265,None,1810,265,MoveRight
1911,652,265,MoveRight,1810,265,None
1911,652,265,None,1817,265,MoveRight
1912,659,265,MoveRight,1817,265,None
1912,659,265,None,1824,265,MoveRight
1913,666,265,MoveRight,1824,265,None
1913,666,265,None,1831,265,MoveRight
1914,673,265,MoveRight,1831,265,None
1914,673,265,None,1838,265,MoveRight
1915,680,265,MoveRight,1838,265,None
1915,680,265,None,1845,265,MoveRight
1916,687,265,MoveRight,1845,265,None
1916,687,265,None,1852,265,MoveRight
1917,694,265,MoveRight,1852,265,None
1917,694,265,None,1859,265,MoveRight
1918,701,265,MoveRight,1859,265,None
1918,701,265,None,1866,265,MoveRight
1919,708,265,MoveRight,1866,265,None
1919,708,265,None,1873,265,MoveRight
1920,715,265,MoveRight,1873,265,None
1920,715,265,None,1880,265,MoveRight
1921,722,265,MoveRight,1880,265,None
1921,722,265,None,1887,265,MoveRight
1922,729,265,MoveRight,1887,265,None
1922,729,265,None,1894,265,MoveRight
1923,736,265,MoveRight,1894,265,None
1923,736,265,None,1901,265,MoveRight
1924,743,265,MoveRight,1901,265,None
1924,743,265,None,1908,265,MoveRight
1925,750,265,MoveRight,1908,265,None
1925,750,265,None,1915,265,MoveRight
1926,757,265,MoveRight,1915,265,None
1926,757,265,None,1922,265,MoveRight
1927,764,265,MoveRight,1922,265,None
1927,764,265,None,1929,265,MoveRight
1928,771,265,MoveRight,1929,265,None
1928,771,265,None,1936,265,MoveRight
1929,778,265,MoveRight,1936,265,None
1929,778,265,None,1943,265,MoveRight
1930,785,265,MoveRight,1943,265,None
1930,785,265,None,1950,265,MoveRight
1931,792,265,MoveRight,1950,265,None
1931,792,265,None,1957,265,MoveRight
1932,799,265,MoveRight,1957,265,None
1932,799,265,None,1964,265,MoveRight
1933,806,265,MoveRight,1964,265,None
1933,806,265,None,1971,265,MoveRight
1934,813,265,MoveRight,1971,265,None
1934,813,265,None,1978,265,MoveRight
1935,820,265,MoveRight,1978,265,None
1935,820,265,None,1985,265,MoveRight
1936,827,265,MoveRight,1985,265,None
1936,827,265,None,1992,265,MoveRight
1937,834,265,MoveRight,1992,265,None
1937,834,265,None,1999,265,MoveRight
1938,841,265,MoveRight,1999,265,None
1938,841,265,None,2006,265,MoveRight
1939,848,265,MoveRight,2006,265,None
1939,848,265,None,2013,265,MoveRight
1940,855,265,MoveRight,2013,265,None
1940,855,265,None,2020,265,MoveRight
1941,862,265,MoveRight,2020,265,None
1941,862,265,None,2027,265,MoveRight
1942,869,265,MoveRight,2027,265,None
1942,869,265,None,2034,265,MoveRight
1943,876,265,MoveRight,2034,265,None
1943,876,265,None,2041,265,MoveRight
1944,883,265,MoveRight,2041,265,None
1944,883,265,None,2048,265,MoveRight
1945,890,265,MoveRight,2048,265,None
1945,890,265,None,2055,265,MoveRight
1946,897,265,MoveRight,2055,265,None
1946,897,265,None,2062,265,MoveRight
1947,904,265,MoveRight,2062,265,None
1947,904,265,None,2069,265,MoveRight
1948,904,265,None,2076,265,MoveRight
1949,904,265,None,2083,265,MoveRight
1950,904,265,None,2090,265,MoveRight
1951,904,265,None,2097,265,MoveRight
1952,904,265,None,2104,265,MoveRight
1953,904,265,None,2111,265,MoveRight
1954,904,265,None,2118,265,MoveRight
1955,904,265,None,2125,265,MoveRight
1956,904,265,None,2132,265,MoveRight
1957,897,265,MoveLeft,2132,265,None
1957,897,265,None,2139,265,MoveRight
1958,890,265,MoveLeft,2139,265,None
1958,890,265,None,2146,265,MoveRight
1959,883,265,MoveLeft,2146,265,None
1959,883,265,None,2153,265,MoveRight
1960,876,265,MoveLeft,2153,265,None
1960,876,265,None,2160,265,MoveRight
1961,869,265,MoveLeft,2160,265,None
1961,869,265,None,2167,265,MoveRight
1962,862,265,MoveLeft,2167,265,None
1962,862,265,None,2174,265,MoveRight
1963,855,265,MoveLeft,2174,265,None
1963,855,265,None,2181,265,MoveRight
1964,855,265,None,2181,265,SpikeMedium
1964,848,265,MoveLeft,2181,265,None
1964,848,265,None,2181,265,None
1965,841,265,MoveLeft,2181,265,None
1966,834,265,MoveLeft,2181,265,None
1967,827,265,MoveLeft,2181,265,None
1968,820,265,MoveLeft,2181,265,None
1979,827,265,MoveRight,2181,265,None
1980,834,265,MoveRight,2181,265,None
1981,841,265,MoveRight,2181,265,None
1982,848,265,MoveRight,2181,265,None
1983,855,265,MoveRight,2181,265,None
1984,862,265,MoveRight,2181,265,None
1985,869,265,MoveRight,2181,265,None
1986,876,265,MoveRight,2181,265,None
1987,883,265,MoveRight,2181,265,None
1988,890,265,MoveRight,2181,265,None
1989,897,265,MoveRight,2181,265,None
1990,904,265,MoveRight,2181,265,None
1991,911,265,MoveRight,2181,265,None
1992,918,265,MoveRight,2181,265,None
1993,925,265,MoveRight,2181,265,None
1994,932,265,MoveRight,2181,265,None
1995,939,265,MoveRight,2181,265,None
1996,946,265,MoveRight,2181,265,None
1997,953,265,MoveRight,2181,265,None
1998,960,265,MoveRight,2181,265,None
1999,967,265,MoveRight,2181,265,None
2000,974,265,MoveRight,2181,265,None
2001,981,265,MoveRight,2181,265,None
2002,988,265,MoveRight,2181,265,None
2003,995,265,MoveRight,2181,265,None
2004,1002,265,MoveRight,2181,265,None
2005,1009,265,MoveRight,2181,265,None
2006,1016,265,MoveRight,2181,265,None
2007,1023,265,MoveRight,2181,265,None
2008,1030,265,MoveRight,2181,265,None
2009,1037,265,MoveRight,2181,265,None
2010,1044,265,MoveRight,2181,265,None
2011,1051,265,MoveRight,2181,265,None
2012,1058,265,MoveRight,2181,265,None
2013,1065,265,MoveRight,2181,265,None
2014,1072,265,MoveRight,2181,265,None
2015,1079,265,MoveRight,2181,265,None
2016,1086,265,MoveRight,2181,265,None
2017,1093,265,MoveRight,2181,265,None
2018,1100,265,MoveRight,2181,265,None
2019,1107,265,MoveRight,2181,265,None
2020,1114,265,MoveRight,2181,265,None
2021,1121,265,MoveRight,2181,265,None
2022,1128,265,MoveRight,2181,265,None
2023,1135,265,MoveRight,2181,265,None
2024,1142,265,MoveRight,2181,265,None
2025,1149,265,MoveRight,2181,265,None
2026,1156,265,MoveRight,2181,265,None
2027,1149,265,MoveLeft,2181,265,None
2028,1142,265,MoveLeft,2181,265,None
2029,1135,265,MoveLeft,2181,265,None
2030,1128,265,MoveLeft,2181,265,None
2031,1121,265,MoveLeft,2181,265,None
2032,1114,265,MoveLeft,2181,265,None
2033,323,265,MoveLeft,1670,265,None
2034,316,265,MoveLeft,1670,265,None
2035,309,265,MoveLeft,1670,265,None
2036,302,265,MoveLeft,1670,265,None
2037,295,265,MoveLeft,1670,265,None
2038,288,265,MoveLeft,1670,265,None
2051,295,265,MoveRight,1670,265,None
2052,302,265,MoveRight,1670,265,None
2053,309,265,MoveRight,1670,265,None
2054,316,265,MoveRight,1670,265,None
2055,323,265,MoveRight,1670,265,None
2056,330,265,MoveRight,1670,265,None
2057,337,265,MoveRight,1670,265,None
2058,344,265,MoveRight,1670,265,None
2059,351,265,MoveRight,1670,265,None
2060,358,265,MoveRight,1670,265,None
2061,365,265,MoveRight,1670,265,None
2062,372,265,MoveRight,1670,265,None
2063,379,265,MoveRight,1670,265,None
2064,386,265,MoveRight,1670,265,None
2065,393,265,MoveRight,1670,265,None
2066,400,265,MoveRight,1670,265,None
2067,407,265,MoveRight,1670,265,None
2068,414,265,MoveRight,1670,265,None
2069,421,265,MoveRight,1670,265,None
2070,428,265,MoveRight,1670,265,None
2071,435,265,MoveRight,1670,265,None
2072,442,265,MoveRight,1670,265,None
2073,449,265,MoveRight,1670,265,None
2074,456,265,MoveRight,1670,265,None
2075,463,265,MoveRight,1670,265,None
2076,470,265,MoveRight,1670,265,None
2077,477,265,MoveRight,1670,265,None
2078,484,265,MoveRight,1670,265,None
2079,491,265,MoveRight,1670,265,None
2080,498,265,MoveRight,1670,265,None
2081,505,265,MoveRight,1670,265,None
2082,512,265,MoveRight,1670,265,None
2083,519,265,MoveRight,1670,265,None
2084,526,265,MoveRight,1670,265,None
2085,533,265,MoveRight,1670,265,None
2086,540,265,MoveRight,1670,265,None
2087,547,265,MoveRight,1670,265,None
2088,554,265,MoveRight,1670,265,None
2089,561,265,MoveRight,1670,265,None
2090,568,265,MoveRight,1670,265,None
2091,575,265,MoveRight,1670,265,None
2092,582,265,MoveRight,1670,265,None
2093,582,265,Serve,1670,265,None
2093,589,265,MoveRight,1670,265,None
2094,589,265,None,1677,265,MoveRight
2095,589,265,None,1684,265,MoveRight
2096,589,265,None,1691,265,MoveRight
2097,589,265,None,1698,265,MoveRight
2098,589,265,None,1705,265,MoveRight
2099,589,265,None,1712,265,MoveRight
2100,589,265,None,1719,265,MoveRight
2101,589,265,None,1726,265,MoveRight
2102,589,265,None,1733,265,MoveRight
2103,589,265,None,1740,265,MoveRight
2104,589,265,None,1747,265,MoveRight
2105,589,265,None,1754,265,MoveRight
2106,589,265,None,1761,265,MoveRight
2107,589,265,None,1768,265,MoveRight
2108,589,265,None,1775,265,MoveRight
2109,589,265,None,1782,265,MoveRight
2110,589,265,None,1789,265,MoveRight
2111,589,265,None,1796,265,MoveRight
2112,589,265,None,1803,265,MoveRight
2113,596,265,MoveRight,1803,265,None
2113,596,265,None,1810,265,MoveRight
2114,603,265,MoveRight,1810,265,None
2114,603,265,None,1817,265,MoveRight
2115,610,265,MoveRight,1817,265,None
2115,610,265,None,1824,265,MoveRight
2116,617,265,MoveRight,1824,265,None
2116,617,265,None,1831,265,MoveRight
2117,624,265,MoveRight,1831,265,None
2117,624,265,None,1838,265,MoveRight
2118,624,265,None,1845,265,MoveRight
2119,624,265,None,1852,265,MoveRight
2120,624,265,None,1859,265,MoveRight
2121,624,265,None,1866,265,MoveRight
2122,624,265,None,1873,265,MoveRight
2123,624,265,None,1880,265,MoveRight
2124,631,265,MoveRight,1880,265,None
2124,631,265,None,1887,265,MoveRight
2125,638,265,MoveRight,1887,265,None
2125,638,265,None,1894,265,MoveRight
2126,645,265,MoveRight,1894,265,None
2126,645,265,None,1901,265,MoveRight
2127,652,265,MoveRight,1901,265,None
2127,652,265,None,1908,265,MoveRight
2128,659,265,MoveRight,1908,265,None
2128,659,265,None,1915,265,MoveRight
2129,666,265,MoveRight,1915,265,None
2129,666,265,None,1922,265,MoveRight
2130,673,265,MoveRight,1922,265,None
2130,673,265,None,1929,265,MoveRight
2131,680,265,MoveRight,1929,265,None
2131,680,265,None,1936,265,MoveRight
2132,687,265,MoveRight,1936,265,None
2132,687,265,None,1943,265,MoveRight
2133,694,265,MoveRight,1943,265,None
2133,694,265,None,1950,265,MoveRight
2134,701,265,MoveRight,1950,265,None
2134,701,265,None,1957,265,MoveRight
2135,708,265,MoveRight,1957,265,None
2135,708,265,None,1964,265,MoveRight
2136,715,265,MoveRight,1964,265,None
2136,715,265,None,1971,265,MoveRight
2137,722,265,MoveRight,1971,265,None
2137,722,265,None,1978,265,MoveRight
2138,729,265,MoveRight,1978,265,None
2138,729,265,None,1985,265,MoveRight
2139,736,265,MoveRight,1985,265,None
2139,736,265,None,1992,265,MoveRight
2140,743,265,MoveRight,1992,265,None
2140,743,265,None,1999,265,MoveRight
2141,750,265,MoveRight,1999,265,None
2141,750,265,None,2006,265,MoveRight
2142,757,265,MoveRight,2006,265,None
2142,757,265,None,2013,265,MoveRight
2143,764,265,MoveRight,2013,265,None
2143,764,265,None,2020,265,MoveRight
2144,771,265,MoveRight,2020,265,None
2144,771,265,None,2027,265,MoveRight
2145,778,265,MoveRight,2027,265,None
2145,778,265,None,2034,265,MoveRight
2146,785,265,MoveRight,2034,265,None
2146,785,265,None,2041,265,MoveRight
2147,792,265,MoveRight,2041,265,None
2147,792,265,None,2048,265,MoveRight
2148,799,265,MoveRight,2048,265,None
2148,799,265,None,2055,265,MoveRight
2149,806,265,MoveRight,2055,265,None
2149,806,265,None,2062,265,MoveRight
2150,813,265,MoveRight,2062,265,None
2150,813,265,None,2069,265,MoveRight
2151,820,265,MoveRight,2069,265,None
2151,820,265,None,2076,265,MoveRight
2152,827,265,MoveRight,2076,265,None
2152,827,265,None,2083,265,MoveRight
2153,834,265,MoveRight,2083,265,None
2153,834,265,None,2090,265,MoveRight
2154,841,265,MoveRight,2090,265,None
2154,841,265,None,2097,265,MoveRight
2155,848,265,MoveRight,2097,265,None
2155,848,265,None,2104,265,MoveRight
2156,855,265,MoveRight,2104,265,None
2156,855,265,None,2111,265,MoveRight
2157,862,265,MoveRight,2111,265,None
2157,862,265,None,2118,265,MoveRight
2158,869,265,MoveRight,2118,265,None
2158,869,265,None,2125,265,MoveRight
2159,876,265,MoveRight,2125,265,None
2160,883,265,MoveRight,2125,265,None
2161,890,265,MoveRight,2125,265,None
2162,897,265,MoveRight,2125,265,None
2163,904,265,MoveRight,2125,265,None
2164,911,265,MoveRight,2125,265,None
2165,918,265,MoveRight,2125,265,None
2166,925,265,MoveRight,2125,265,None
2167,925,265,None,2125,265,SpikeStrong
2167,932,265,MoveRight,2125,265,None
2167,932,265,None,2125,265,None
2168,939,265,MoveRight,2125,265,None
2169,946,265,MoveRight,2125,265,None
2170,953,265,MoveRight,2125,265,None
2171,960,265,MoveRight,2125,265,None
2172,967,265,MoveRight,2125,265,None
2173,974,265,MoveRight,2125,265,None
2174,981,265,MoveRight,2125,265,None
2175,988,265,MoveRight,2125,265,None
2176,995,265,MoveRight,2125,265,None
2177,1002,265,MoveRight,2125,265,None
2178,1009,265,MoveRight,2125,265,None
2179,1016,265,MoveRight,2125,265,None
2180,1023,265,MoveRight,2125,265,None
2181,1030,265,MoveRight,2125,265,None
2182,1037,265,MoveRight,2125,265,None
2183,1044,265,MoveRight,2125,265,None
2184,1051,265,MoveRight,2125,265,None
2189,1044,265,MoveLeft,2125,265,None
2190,1037,265,MoveLeft,2125,265,None
2191,1030,265,MoveLeft,2125,265,None
2192,1023,265,MoveLeft,2125,265,None
2193,1016,265,MoveLeft,2125,265,None
2194,1009,265,MoveLeft,2125,265,None
2195,1002,265,MoveLeft,2125,265,None
2196,995,265,MoveLeft,2125,265,None
2197,988,265,MoveLeft,2125,265,None
2198,981,265,MoveLeft,2125,265,None
2199,974,265,MoveLeft,2125,265,None
2200,967,265,MoveLeft,2125,265,None
2201,960,265,MoveLeft,2125,265,None
2202,953,265,MoveLeft,2125,265,None
2203,946,265,MoveLeft,2125,265,None
2204,939,265,MoveLeft,2125,265,None
2205,932,265,MoveLeft,2125,265,None
2206,925,265,MoveLeft,2125,265,None
2207,918,265,MoveLeft,2125,265,None
2208,911,265,MoveLeft,2125,265,None
2209,904,265,MoveLeft,2125,265,None
2210,897,265,MoveLeft,2125,265,None
2211,897,265,Bump,2125,265,None
2211,890,265,MoveLeft,2125,265,None
2212,890,265,None,2118,265,MoveLeft
2213,890,265,None,2111,265,MoveLeft
2214,890,265,None,2104,265,MoveLeft
2215,890,265,None,2097,265,MoveLeft
2216,890,265,None,2090,265,MoveLeft
2217,890,265,None,2083,265,MoveLeft
2218,890,265,None,2076,265,MoveLeft
2219,890,265,None,2069,265,MoveLeft
2220,890,265,None,2062,265,MoveLeft
2221,890,265,None,2055,265,MoveLeft
2222,890,265,None,2048,265,MoveLeft
2223,890,265,None,2041,265,MoveLeft
2224,890,265,None,2034,265,MoveLeft
2225,890,265,None,2027,265,MoveLeft
2226,890,265,None,2020,265,MoveLeft
2227,890,265,None,2013,265,MoveLeft
2228,890,265,None,2006,265,MoveLeft
2229,890,265,None,1999,265,MoveLeft
2230,890,265,None,1992,265,MoveLeft
2231,890,265,None,1985,265,MoveLeft
2232,890,265,None,1978,265,MoveLeft
2233,883,265,MoveLeft,1978,265,None
2233,883,265,None,1971,265,MoveLeft
2234,876,265,MoveLeft,1971,265,None
2234,876,265,None,1964,265,MoveLeft
2235,869,265,MoveLeft,1964,265,None
2235,869,265,None,1957,265,MoveLeft
2236,862,265,MoveLeft,1957,265,None
2236,862,265,None,1950,265,MoveLeft
2237,862,265,None,1943,265,MoveLeft
2238,862,265,None,1936,265,MoveLeft
2239,862,265,None,1929,265,MoveLeft
2240,869,265,MoveRight,1929,265,None
2240,869,265,None,1922,265,MoveLeft
2241,876,265,MoveRight,1922,265,None
2241,876,265,None,1915,265,MoveLeft
2242,883,265,MoveRight,1915,265,None
2242,883,265,None,1908,265,MoveLeft
2243,890,265,MoveRight,1908,265,None
2243,890,265,None,1901,265,MoveLeft
2244,897,265,MoveRight,1901,265,None
2244,897,265,None,1894,265,MoveLeft
2245,904,265,MoveRight,1894,265,None
2245,904,265,None,1887,265,MoveLeft
2246,911,265,MoveRight,1887,265,None
2246,911,265,None,1880,265,MoveLeft
2247,918,265,MoveRight,1880,265,None
2247,918,265,None,1873,265,MoveLeft
2248,925,265,MoveRight,1873,265,None
2248,925,265,None,1866,265,MoveLeft
2249,932,265,MoveRight,1866,265,None
2249,932,265,None,1859,265,MoveLeft
2250,939,265,MoveRight,1859,265,None
2250,939,265,None,1852,265,MoveLeft
2251,946,265,MoveRight,1852,265,None
2251,946,265,None,1845,265,MoveLeft
2252,953,265,MoveRight,1845,265,None
2252,953,265,None,1838,265,MoveLeft
2253,960,265,MoveRight,1838,265,None
2253,960,265,None,1831,265,MoveLeft
2254,967,265,MoveRight,1831,265,None
2254,967,265,None,1824,265,MoveLeft
2255,974,265,MoveRight,1824,265,None
2255,974,265,None,1817,265,MoveLeft
2256,981,265,MoveRight,1817,265,None
2256,981,265,None,1810,265,MoveLeft
2257,988,265,MoveRight,1810,265,None
2257,988,265,None,1803,265,MoveLeft
2258,995,265,MoveRight,1803,265,None
2258,995,265,None,1796,265,MoveLeft
2259,1002,265,MoveRight,1796,265,None
2259,1002,265,None,1789,265,MoveLeft
2260,1009,265,MoveRight,1789,265,None
2260,1009,265,None,1782,265,MoveLeft
2261,1016,265,MoveRight,1782,265,None
2261,1016,265,None,1775,265,MoveLeft
2262,1023,265,MoveRight,1775,265,None
2262,1023,265,None,1768,265,MoveLeft
2263,1030,265,MoveRight,1768,265,None
2263,1030,265,None,1761,265,MoveLeft
2264,1037,265,MoveRight,1761,265,None
2264,1037,265,None,1754,265,MoveLeft
2265,1044,265,MoveRight,1754,265,None
2265,1044,265,None,1747,265,MoveLeft
2266,1051,265,MoveRight,1747,265,None
2266,1051,265,None,1740,265,MoveLeft
2267,1058,265,MoveRight,1740,265,None
2267,1058,265,None,1733,265,MoveLeft
2268,1065,265,MoveRight,1733,265,None
2268,1065,265,None,1726,265,MoveLeft
2269,1072,265,MoveRight,1726,265,None
2269,1072,265,None,1719,265,MoveLeft
2270,1079,265,MoveRight,1719,265,None
2270,1079,265,None,1712,265,MoveLeft
2271,1086,265,MoveRight,1712,265,None
2271,1086,265,None,1705,265,MoveLeft
2272,1093,265,MoveRight,1705,265,None
2272,1093,265,None,1698,265,MoveLeft
2273,1100,265,MoveRight,1698,265,None
2273,1100,265,None,1691,265,MoveLeft
2274,1107,265,MoveRight,1691,265,None
2274,1107,265,None,1684,265,MoveLeft
2275,1114,265,MoveRight,1684,265,None
2275,1114,265,None,1677,265,MoveLeft
2276,1121,265,MoveRight,1677,265,None
2276,1121,265,None,1670,265,MoveLeft
2277,1128,265,MoveRight,1670,265,None
2277,1128,265,None,1663,265,MoveLeft
2278,1135,265,MoveRight,1663,265,None
2278,1135,265,None,1656,265,MoveLeft
2279,1142,265,MoveRight,1656,265,None
2279,1142,265,None,1649,265,MoveLeft
2280,1149,265,MoveRight,1649,265,None
2280,1149,265,None,1642,265,MoveLeft
2281,1156,265,MoveRight,1642,265,None
2281,1156,265,None,1635,265,MoveLeft
2282,1163,265,MoveRight,1635,265,None
2282,1163,265,None,1628,265,MoveLeft
2283,1170,265,MoveRight,1628,265,None
2283,1170,265,None,1621,265,MoveLeft
2284,1177,265,MoveRight,1621,265,None
2284,1177,265,None,1614,265,MoveLeft
2285,1184,265,MoveRight,1614,265,None
2285,1184,265,None,1607,265,MoveLeft
2286,1191,265,MoveRight,1607,265,None
2286,1191,265,None,1600,265,MoveLeft
2287,1198,265,MoveRight,1600,265,None
2287,1198,265,None,1593,265,MoveLeft
2288,1205,265,MoveRight,1593,265,None
2288,1205,265,None,1586,265,MoveLeft
2289,1212,265,MoveRight,1586,265,None
2289,1212,265,None,1579,265,MoveLeft
2290,1219,265,MoveRight,1579,265,None
2290,1219,265,None,1572,265,MoveLeft
2291,1226,265,MoveRight,1572,265,None
2291,1226,265,None,1565,265,MoveLeft
2292,1233,265,MoveRight,1565,265,None
2292,1233,265,None,1558,265,MoveLeft
2293,1240,265,MoveRight,1558,265,None
2293,1240,265,None,1551,265,MoveLeft
2294,1247,265,MoveRight,1551,265,None
2294,1247,265,None,1544,265,MoveLeft
2295,1254,265,MoveRight,1544,265,None
2295,1254,265,None,1537,265,MoveLeft
2296,1261,265,MoveRight,1537,265,None
2296,1261,265,None,1530,265,MoveLeft
2297,1268,265,MoveRight,1530,265,None
2297,1268,265,None,1523,265,MoveLeft
2298,1275,265,MoveRight,1523,265,None
2298,1275,265,None,1516,265,MoveLeft
2299,1275,265,Bump,1516,265,None
2299,1282,265,MoveRight,1516,265,None
2299,1282,265,None,1509,265,MoveLeft
2300,1282,265,None,1516,265,MoveRight
2301,1282,265,None,1523,265,MoveRight
2302,1282,265,None,1530,265,MoveRight
2303,1282,265,None,1537,265,MoveRight
2304,1282,265,None,1544,265,MoveRight
2305,1282,265,None,1551,265,MoveRight
2306,1282,265,None,1558,265,MoveRight
2307,1282,265,None,1565,265,MoveRight
2308,1282,265,None,1572,265,MoveRight
2309,1282,265,None,1579,265,MoveRight
2310,1282,265,None,1586,265,MoveRight
2311,1282,265,None,1593,265,MoveRight
2312,1282,265,None,1600,265,MoveRight
2313,1282,265,None,1607,265,MoveRight
2314,1282,265,None,1614,265,MoveRight
2315,1282,265,None,1621,265,MoveRight
2316,1282,265,None,1628,265,MoveRight
2317,1282,265,None,1635,265,MoveRight
2318,1282,265,None,1642,265,MoveRight
2319,1275,265,MoveLeft,1642,265,None
2319,1275,265,None,1649,265,MoveRight
2320,1268,265,MoveLeft,1649,265,None
2320,1268,265,None,1656,265,MoveRight
2321,1261,265,MoveLeft,1656,265,None
2321,1261,265,None,1663,265,MoveRight
2322,1254,265,MoveLeft,1663,265,None
2322,1254,265,None,1670,265,MoveRight
2323,1247,265,MoveLeft,1670,265,None
2323,1247,265,None,1677,265,MoveRight
2324,1240,265,MoveLeft,1677,265,None
2324,1240,265,None,1684,265,MoveRight
2325,1233,265,MoveLeft,1684,265,None
2325,1233,265,None,1691,265,MoveRight
2326,1226,265,MoveLeft,1691,265,None
2326,1226,265,None,1698,265,MoveRight
2327,1219,265,MoveLeft,1698,265,None
2327,1219,265,None,1705,265,MoveRight
2328,1212,265,MoveLeft,1705,265,None
2328,1212,265,None,1712,265,MoveRight
2329,1205,265,MoveLeft,1712,265,None
2329,1205,265,None,1719,265,MoveRight
2330,1198,265,MoveLeft,1719,265,None
2330,1198,265,None,1726,265,MoveRight
2331,1191,265,MoveLeft,1726,265,None
2331,1191,265,None,1733,265,MoveRight
2332,1184,265,MoveLeft,1733,265,None
2332,1184,265,None,1740,265,MoveRight
2333,1177,265,MoveLeft,1740,265,None
2333,1177,265,None,1747,265,MoveRight
2334,1170,265,MoveLeft,1747,265,None
2334,1170,265,None,1754,265,MoveRight
2335,1163,265,MoveLeft,1754,265,None
2335,1163,265,None,1761,265,MoveRight
2336,1156,265,MoveLeft,1761,265,None
2336,1156,265,None,1768,265,MoveRight
2337,1149,265,MoveLeft,1768,265,None
2337,1149,265,None,1775,265,MoveRight
2338,1142,265,MoveLeft,1775,265,None
2339,1135,265,MoveLeft,1775,265,None
2340,1128,265,MoveLeft,1775,265,None
2341,1121,265,MoveLeft,1775,265,None
2342,1114,265,MoveLeft,1775,265,None
2343,1107,265,MoveLeft,1775,265,None
2344,1100,265,MoveLeft,1775,265,None
2345,1093,265,MoveLeft,1775,265,None
2346,1086,265,MoveLeft,1775,265,None
2347,1079,265,MoveLeft,1775,265,None
2348,1072,265,MoveLeft,1775,265,None
2349,1065,265,MoveLeft,1775,265,None
2350,1058,265,MoveLeft,1775,265,None
2351,1051,265,MoveLeft,1775,265,None
2352,1044,265,MoveLeft,1775,265,None
2353,1037,265,MoveLeft,1775,265,None
2354,1030,265,MoveLeft,1775,265,None
2355,1023,265,MoveLeft,1775,265,None
2356,1016,265,MoveLeft,1775,265,None
2357,1009,265,MoveLeft,1775,265,None
2358,1002,265,MoveLeft,1775,265,None
2359,995,265,MoveLeft,1775,265,None
2360,988,265,MoveLeft,1775,265,None
2361,981,265,MoveLeft,1775,265,None
2362,974,265,MoveLeft,1775,265,None
2363,967,265,MoveLeft,1775,265,None
2364,960,265,MoveLeft,1775,265,None
2365,953,265,MoveLeft,1775,265,None
2366,946,265,MoveLeft,1775,265,None
2367,939,265,MoveLeft,1775,265,None
2368,932,265,MoveLeft,1775,265,None
2369,925,265,MoveLeft,1775,265,None
2370,918,265,MoveLeft,1775,265,None
2371,911,265,MoveLeft,1775,265,None
2372,904,265,MoveLeft,1775,265,None
2373,897,265,MoveLeft,1775,265,None
2374,890,265,MoveLeft,1775,265,None
2375,883,265,MoveLeft,1775,265,None
2376,876,265,MoveLeft,1775,265,None
2377,869,265,MoveLeft,1775,265,None
2378,862,265,MoveLeft,1775,265,None
2379,855,265,MoveLeft,1775,265,None
2380,848,265,MoveLeft,1775,265,None
2381,841,265,MoveLeft,1775,265,None
2390,848,265,MoveRight,1775,265,None
2391,855,265,MoveRight,1775,265,None
2392,862,265,MoveRight,1775,265,None
2393,869,265,MoveRight,1775,265,None
2394,876,265,MoveRight,1775,265,None
2395,883,265,MoveRight,1775,265,None
2396,890,265,MoveRight,1775,265,None
2397,890,265,None,1775,265,SpikeStrong
2397,897,265,MoveRight,1775,265,None
2397,897,265,None,1775,265,None
2398,890,265,MoveLeft,1775,265,None
2399,883,265,MoveLeft,1775,265,None
2400,876,265,MoveLeft,1775,265,None
2401,869,265,MoveLeft,1775,265,None
2402,862,265,MoveLeft,1775,265,None
2403,855,265,MoveLeft,1775,265,None
2404,848,265,MoveLeft,1775,265,None
2405,841,265,MoveLeft,1775,265,None
2406,834,265,MoveLeft,1775,265,None
2407,827,265,MoveLeft,1775,265,None
2408,820,265,MoveLeft,1775,265,None
2409,813,265,MoveLeft,1775,265,None
2410,806,265,MoveLeft,1775,265,None
2411,799,265,MoveLeft,1775,265,None
2412,792,265,MoveLeft,1775,265,None
2413,785,265,MoveLeft,1775,265,None
2414,778,265,MoveLeft,1775,265,None
2415,771,265,MoveLeft,1775,265,None
2416,764,265,MoveLeft,1775,265,None
2417,757,265,MoveLeft,1775,265,None
2418,750,265,MoveLeft,1775,265,None
2419,743,265,MoveLeft,1775,265,None
2420,736,265,MoveLeft,1775,265,None
2421,729,265,MoveLeft,1775,265,None
2422,722,265,MoveLeft,1775,265,None
2423,715,265,MoveLeft,1775,265,None
2424,708,265,MoveLeft,1775,265,None
2425,701,265,MoveLeft,1775,265,None
2426,694,265,MoveLeft,1775,265,None
2427,687,265,MoveLeft,1775,265,None
2428,680,265,MoveLeft,1775,265,None
2429,673,265,MoveLeft,1775,265,None
2430,666,265,MoveLeft,1775,265,None
2431,659,265,MoveLeft,1775,265,None
2432,652,265,MoveLeft,1775,265,None
2433,645,265,MoveLeft,1775,265,None
2434,638,265,MoveLeft,1775,265,None
2435,631,265,MoveLeft,1775,265,None
2436,624,265,MoveLeft,1775,265,None
2437,617,265,MoveLeft,1775,265,None
2438,610,265,MoveLeft,1775,265,None
2439,603,265,MoveLeft,1775,265,None
2440,596,265,MoveLeft,1775,265,None
2441,589,265,MoveLeft,1775,265,None
2442,582,265,MoveLeft,1775,265,None
2443,575,265,MoveLeft,1775,265,None
2444,568,265,MoveLeft,1775,265,None
2445,561,265,MoveLeft,1775,265,None
2446,323,265,MoveLeft,1670,265,None
2447,323,265,Bump,1670,265,None
2447,316,265,MoveLeft,1670,265,None
2448,316,265,Bump,1670,265,None
2448,323,265,MoveRight,1670,265,None
2449,323,265,Bump,1670,265,None
2449,330,265,MoveRight,1670,265,None
2450,330,265,Bump,1670,265,None
2450,337,265,MoveRight,1670,265,None
2476,344,265,MoveRight,1670,265,None
2477,351,265,MoveRight,1670,265,None
2478,358,265,MoveRight,1670,265,None
2479,365,265,MoveRight,1670,265,None
2480,372,265,MoveRight,1670,265,None
2481,379,265,MoveRight,1670,265,None
2482,386,265,MoveRight,1670,265,None
2483,393,265,MoveRight,1670,265,None
2484,400,265,MoveRight,1670,265,None
2485,407,265,MoveRight,1670,265,None
2486,414,265,MoveRight,1670,265,None
2487,421,265,MoveRight,1670,265,None
2488,428,265,MoveRight,1670,265,None
2489,435,265,MoveRight,1670,265,None
2490,442,265,MoveRight,1670,265,None
2491,449,265,MoveRight,1670,265,None
2492,456,265,MoveRight,1670,265,None
2493,463,265,MoveRight,1670,265,None
2494,470,265,MoveRight,1670,265,None
2495,477,265,MoveRight,1670,265,None
2496,484,265,MoveRight,1670,265,None
2497,491,265,MoveRight,1670,265,None
2498,498,265,MoveRight,1670,265,None
2499,505,265,MoveRight,1670,265,None
2500,512,265,MoveRight,1670,265,None
2501,519,265,MoveRight,1670,265,None
2502,526,265,MoveRight,1670,265,None
2503,533,265,MoveRight,1670,265,None
2504,540,265,MoveRight,1670,265,None
2505,547,265,MoveRight,1670,265,None
2506,554,265,MoveRight,1670,265,None
2507,561,265,MoveRight,1670,265,None
2508,568,265,MoveRight,1670,265,None
2509,575,265,MoveRight,1670,265,None
2510,582,265,MoveRight,1670,265,None
2511,589,265,MoveRight,1670,265,None
2512,596,265,MoveRight,1670,265,None
2513,603,265,MoveRight,1670,265,None
2514,610,265,MoveRight,1670,265,None
2515,617,265,MoveRight,1670,265,None
2516,624,265,MoveRight,1670,265,None
2517,631,265,MoveRight,1670,265,None
2518,638,265,MoveRight,1670,265,None
2519,645,265,MoveRight,1670,265,None
2557,643,265,MoveLeft,1670,265,None
2558,636,265,MoveLeft,1670,265,None
2559,629,265,MoveLeft,1670,265,None
2560,622,265,MoveLeft,1670,265,None
2561,615,265,MoveLeft,1670,265,None
2562,608,265,MoveLeft,1670,265,None
2563,601,265,MoveLeft,1670,265,None
2564,594,265,MoveLeft,1670,265,None
2565,587,265,MoveLeft,1670,265,None
2566,580,265,MoveLeft,1670,265,None
2567,573,265,MoveLeft,1670,265,None
2568,566,265,MoveLeft,1670,265,None
2569,559,265,MoveLeft,1670,265,None
2570,552,265,MoveLeft,1670,265,None
2571,545,265,MoveLeft,1670,265,None
2572,538,265,MoveLeft,1670,265,None
2573,531,265,MoveLeft,1670,265,None
2582,531,265,Serve,1670,265,None
2582,531,265,None,1670,265,None
2583,531,265,None,1677,265,MoveRight
2584,531,265,None,1684,265,MoveRight
2585,531,265,None,1691,265,MoveRight
2586,531,265,None,1698,265,MoveRight
2587,531,265,None,1705,265,MoveRight
2588,531,265,None,1712,265,MoveRight
2589,531,265,None,1719,265,MoveRight
2590,531,265,None,1726,265,MoveRight
2591,531,265,None,1733,265,MoveRight
2592,531,265,None,1740,265,MoveRight
2593,531,265,None,1747,265,MoveRight
2594,531,265,None,1754,265,MoveRight
2595,531,265,None,1761,265,MoveRight
2596,531,265,None,1768,265,MoveRight
2597,531,265,None,1775,265,MoveRight
2598,531,265,None,1782,265,MoveRight
2599,531,265,None,1789,265,MoveRight
2600,531,265,None,1796,265,MoveRight
2601,538,265,MoveRight,1796,265,None
2601,538,265,None,1803,265,MoveRight
2602,545,265,MoveRight,1803,265,None
2602,545,265,None,1810,265,MoveRight
2603,552,265,MoveRight,1810,265,None
2603,552,265,None,1817,265,MoveRight
2604,559,265,MoveRight,1817,265,None
2604,559,265,None,1824,265,MoveRight
2605,566,265,MoveRight,1824,265,None
2605,566,265,None,1831,265,MoveRight
2606,573,265,MoveRight,1831,265,None
2606,573,265,None,1838,265,MoveRight
2607,580,265,MoveRight,1838,265,None
2607,580,265,None,1845,265,MoveRight
2608,587,265,MoveRight,1845,265,None
2608,587,265,None,1852,265,MoveRight
2609,594,265,MoveRight,1852,265,None
2609,594,265,None,1859,265,MoveRight
2610,601,265,MoveRight,1859,265,None
2610,601,265,None,1866,265,MoveRight
2611,608,265,MoveRight,1866,265,None
2611,608,265,None,1873,265,MoveRight
2612,615,265,MoveRight,1873,265,None
2612,615,265,None,1880,265,MoveRight
2613,622,265,MoveRight,1880,265,None
2613,622,265,None,1887,265,MoveRight
2614,629,265,MoveRight,1887,265,None
2614,629,265,None,1894,265,MoveRight
2615,636,265,MoveRight,1894,265,None
2615,636,265,None,1901,265,MoveRight
2616,643,265,MoveRight,1901,265,None
2616,643,265,None,1908,265,MoveRight
2617,650,265,MoveRight,1908,265,None
2617,650,265,None,1915,265,MoveRight
2618,657,265,MoveRight,1915,265,None
2618,657,265,None,1922,265,MoveRight
2619,664,265,MoveRight,1922,265,None
2619,664,265,None,1929,265,MoveRight
2620,671,265,MoveRight,1929,265,None
2620,671,265,None,1936,265,MoveRight
2621,678,265,MoveRight,1936,265,None
2621,678,265,None,1943,265,MoveRight
2622,685,265,MoveRight,1943,265,None
2622,685,265,None,1950,265,MoveRight
2623,692,265,MoveRight,1950,265,None
2623,692,265,None,1957,265,MoveRight
2624,699,265,MoveRight,1957,265,None
2624,699,265,None,1964,265,MoveRight
2625,706,265,MoveRight,1964,265,None
2625,706,265,None,1971,265,MoveRight
2626,713,265,MoveRight,1971,265,None
2626,713,265,None,1978,265,MoveRight
2627,720,265,MoveRight,1978,265,None
2627,720,265,None,1985,265,MoveRight
2628,727,265,MoveRight,1985,265,None
2628,727,265,None,1992,265,MoveRight
2629,734,265,MoveRight,1992,265,None
2629,734,265,None,1999,265,MoveRight
2630,741,265,MoveRight,1999,265,None
2630,741,265,None,2006,265,MoveRight
2631,748,265,MoveRight,2006,265,None
2631,748,265,None,2013,265,MoveRight
2632,755,265,MoveRight,2013,265,None
2632,755,265,None,2020,265,MoveRight
2633,762,265,MoveRight,2020,265,None
2633,762,265,None,2027,265,MoveRight
2634,769,265,MoveRight,2027,265,None
2634,769,265,None,2034,265,MoveRight
2635,776,265,MoveRight,2034,265,None
2635,776,265,None,2041,265,MoveRight
2636,783,265,MoveRight,2041,265,None
2636,783,265,None,2048,265,MoveRight
2637,790,265,MoveRight,2048,265,None
2637,790,265,None,2055,265,MoveRight
2638,797,265,MoveRight,2055,265,None
2638,797,265,None,2062,265,MoveRight
2639,804,265,MoveRight,2062,265,None
2639,804,265,None,2069,265,MoveRight
2640,811,265,MoveRight,2069,265,None
2640,811,265,None,2076,265,MoveRight
2641,818,265,MoveRight,2076,265,None
2642,825,265,MoveRight,2076,265,None
2643,832,265,MoveRight,2076,265,None
2644,839,265,MoveRight,2076,265,None
2645,846,265,MoveRight,2076,265,None
2646,853,265,MoveRight,2076,265,None
2647,860,265,MoveRight,2076,265,None
2648,867,265,MoveRight,2076,265,None
2649,874,265,MoveRight,2076,265,None
2650,881,265,MoveRight,2076,265,None
2651,888,265,MoveRight,2076,265,None
2652,895,265,MoveRight,2076,265,None
2653,902,265,MoveRight,2076,265,None
2654,909,265,MoveRight,2076,265,None
2655,916,265,MoveRight,2076,265,None
2656,916,265,None,2076,265,SpikeStrong
2656,916,265,None,2076,265,None
2673,909,265,MoveLeft,2076,265,None
2674,902,265,MoveLeft,2076,265,None
2675,895,265,MoveLeft,2076,265,None
2676,888,265,MoveLeft,2076,265,None
2677,881,265,MoveLeft,2076,265,None
2678,874,265,MoveLeft,2076,265,None
2679,867,265,MoveLeft,2076,265,None
2680,860,265,MoveLeft,2076,265,None
2681,853,265,MoveLeft,2076,265,None
2682,846,265,MoveLeft,2076,265,None
2683,839,265,MoveLeft,2076,265,None
2684,832,265,MoveLeft,2076,265,None
2685,825,265,MoveLeft,2076,265,None
2686,818,265,MoveLeft,2076,265,None
2687,811,265,MoveLeft,2076,265,None
2688,804,265,MoveLeft,2076,265,None
2689,797,265,MoveLeft,2076,265,None
2690,790,265,MoveLeft,2076,265,None
2691,783,265,MoveLeft,2076,265,None
2692,776,265,MoveLeft,2076,265,None
2693,769,265,MoveLeft,2076,265,None
2694,762,265,MoveLeft,2076,265,None
2695,755,265,MoveLeft,2076,265,None
2696,748,265,MoveLeft,2076,265,None
2697,741,265,MoveLeft,2076,265,None
2698,734,265,MoveLeft,2076,265,None
2699,727,265,MoveLeft,2076,265,None
2700,720,265,MoveLeft,2076,265,None
2701,720,265,Bump,2076,265,None
2701,720,265,None,2076,265,None
2702,720,265,None,2069,265,MoveLeft
2703,720,265,None,2062,265,MoveLeft
2704,720,265,None,2055,265,MoveLeft
2705,720,265,None,2048,265,MoveLeft
2706,720,265,None,2041,265,MoveLeft
2707,720,265,None,2034,265,MoveLeft
2708,720,265,None,2027,265,MoveLeft
2709,720,265,None,2020,265,MoveLeft
2710,720,265,None,2013,265,MoveLeft
2711,720,265,None,2006,265,MoveLeft
2712,720,265,None,1999,265,MoveLeft
2713,720,265,None,1992,265,MoveLeft
2714,720,265,None,1985,265,MoveLeft
2715,720,265,None,1978,265,MoveLeft
2716,720,265,None,1971,265,MoveLeft
2717,720,265,None,1964,265,MoveLeft
2718,720,265,None,1957,265,MoveLeft
2719,720,265,None,1950,265,MoveLeft
2720,720,265,None,1943,265,MoveLeft
2721,727,265,MoveRight,1943,265,None
2721,727,265,None,1936,265,MoveLeft
2722,734,265,MoveRight,1936,265,None
2722,734,265,None,1929,265,MoveLeft
2723,741,265,MoveRight,1929,265,None
2723,741,265,None,1922,265,MoveLeft
2724,748,265,MoveRight,1922,265,None
2724,748,265,None,1915,265,MoveLeft
2725,755,265,MoveRight,1915,265,None
2725,755,265,None,1908,265,MoveLeft
2726,762,265,MoveRight,1908,265,None
2726,762,265,None,1901,265,MoveLeft
2727,769,265,MoveRight,1901,265,None
2727,769,265,None,1894,265,MoveLeft
2728,776,265,MoveRight,1894,265,None
2728,776,265,None,1887,265,MoveLeft
2729,783,265,MoveRight,1887,265,None
2729,783,265,None,1880,265,MoveLeft
2730,790,265,MoveRight,1880,265,None
2730,790,265,None,1873,265,MoveLeft
2731,797,265,MoveRight,1873,265,None
2731,797,265,None,1866,265,MoveLeft
2732,804,265,MoveRight,1866,265,None
2732,804,265,None,1859,265,MoveLeft
2733,811,265,MoveRight,1859,265,None
2733,811,265,None,1852,265,MoveLeft
2734,818,265,MoveRight,1852,265,None
2734,818,265,None,1845,265,MoveLeft
2735,825,265,MoveRight,1845,265,None
2735,825,265,None,1838,265,MoveLeft
2736,832,265,MoveRight,1838,265,None
2736,832,265,None,1831,265,MoveLeft
2737,839,265,MoveRight,1831,265,None
2737,839,265,None,1824,265,MoveLeft
2738,846,265,MoveRight,1824,265,None
2738,846,265,None,1817,265,MoveLeft
2739,853,265,MoveRight,1817,265,None
2739,853,265,None,1810,265,MoveLeft
2740,860,265,MoveRight,1810,265,None
2740,860,265,None,1803,265,MoveLeft
2741,867,265,MoveRight,1803,265,None
2741,867,265,None,1796,265,MoveLeft
2742,874,265,MoveRight,1796,265,None
2742,874,265,None,1789,265,MoveLeft
2743,881,265,MoveRight,1789,265,None
2743,881,265,None,1782,265,MoveLeft
2744,888,265,MoveRight,1782,265,None
2744,888,265,None,1775,265,MoveLeft
2745,895,265,MoveRight,1775,265,None
2745,895,265,None,1768,265,MoveLeft
2746,902,265,MoveRight,1768,265,None
2746,902,265,None,1761,265,MoveLeft
2747,909,265,MoveRight,1761,265,None
2747,909,265,None,1754,265,MoveLeft
2748,916,265,MoveRight,1754,265,None
2748,916,265,None,1747,265,MoveLeft
2749,923,265,MoveRight,1747,265,None
2749,923,265,None,1740,265,MoveLeft
2750,930,265,MoveRight,1740,265,None
2750,930,265,None,1733,265,MoveLeft
2751,937,265,MoveRight,1733,265,None
2751,937,265,None,1726,265,MoveLeft
2752,944,265,MoveRight,1726,265,None
2752,944,265,None,1719,265,MoveLeft
2753,951,265,MoveRight,1719,265,None
2753,951,265,None,1712,265,MoveLeft
2754,958,265,MoveRight,1712,265,None
2754,958,265,None,1705,265,MoveLeft
2755,965,265,MoveRight,1705,265,None
2755,965,265,None,1698,265,MoveLeft
2756,972,265,MoveRight,1698,265,None
2756,972,265,None,1691,265,MoveLeft
2757,979,265,MoveRight,1691,265,None
2757,979,265,None,1684,265,MoveLeft
2758,986,265,MoveRight,1684,265,None
2758,986,265,None,1677,265,MoveLeft
2759,993,265,MoveRight,1677,265,None
2759,993,265,None,1670,265,MoveLeft
2760,1000,265,MoveRight,1670,265,None
2760,1000,265,None,1663,265,MoveLeft
2761,1007,265,MoveRight,1663,265,None
2761,1007,265,None,1656,265,MoveLeft
2762,1014,265,MoveRight,1656,265,None
2762,1014,265,None,1649,265,MoveLeft
2763,1021,265,MoveRight,1649,265,None
2763,1021,265,None,1642,265,MoveLeft
2764,1028,265,MoveRight,1642,265,None
2764,1028,265,None,1635,265,MoveLeft
2765,1035,265,MoveRight,1635,265,None
2765,1035,265,None,1628,265,MoveLeft
2766,1042,265,MoveRight,1628,265,None
2766,1042,265,None,1621,265,MoveLeft
2767,1049,265,MoveRight,1621,265,None
2767,1049,265,None,1614,265,MoveLeft
2768,1056,265,MoveRight,1614,265,None
2768,1056,265,None,1607,265,MoveLeft
2769,1063,265,MoveRight,1607,265,None
2769,1063,265,None,1600,265,MoveLeft
2770,1070,265,MoveRight,1600,265,None
2770,1070,265,None,1593,265,MoveLeft
2771,1077,265,MoveRight,1593,265,None
2771,1077,265,None,1586,265,MoveLeft
2772,1084,265,MoveRight,1586,265,None
2772,1084,265,None,1579,265,MoveLeft
2773,1091,265,MoveRight,1579,265,None
2773,1091,265,None,1572,265,MoveLeft
2774,1098,265,MoveRight,1572,265,None
2774,1098,265,None,1565,265,MoveLeft
2775,1098,265,None,1558,265,MoveLeft
2776,1098,265,None,1551,265,MoveLeft
2777,1098,265,None,1544,265,MoveLeft
2778,1098,265,None,1537,265,MoveLeft
2779,1098,265,None,1530,265,MoveLeft
2780,1098,265,None,1523,265,MoveLeft
2781,1098,265,None,1516,265,MoveLeft
2782,1098,265,None,1509,265,MoveLeft
2783,1098,265,None,1502,265,MoveLeft
2784,1098,265,None,1495,265,MoveLeft
2785,1098,265,None,1488,265,MoveLeft
2786,1098,265,None,1481,265,MoveLeft
2787,1098,265,None,1474,265,MoveLeft
2788,1098,265,None,1467,265,MoveLeft
2789,1098,265,None,1460,265,MoveLeft
2790,1098,265,None,1453,265,MoveLeft
2791,1098,265,None,1446,265,MoveLeft
2792,1098,265,None,1439,265,MoveLeft
2793,1098,265,None,1432,265,MoveLeft
2794,1098,265,None,1425,265,MoveLeft
2795,1098,265,None,1418,265,MoveLeft
2796,1098,265,None,1411,265,MoveLeft
2797,1098,265,None,1404,265,MoveLeft
2798,1098,265,None,1397,265,MoveLeft
2799,1098,265,None,1390,265,MoveLeft
2800,1098,265,None,1383,265,MoveLeft
2801,1098,265,None,1376,265,MoveLeft
2802,1098,265,None,1369,265,MoveLeft
2803,1098,265,None,1362,265,MoveLeft
2804,1098,265,None,1355,265,MoveLeft
2855,1150,265,None,2410,265,Serve
2855,1150,265,None,2410,265,None
2870,1150,265,None,2410,265,None
2883,1143,265,MoveLeft,2410,265,None
2884,1136,265,MoveLeft,2410,265,None
2885,1129,265,MoveLeft,2410,265,None
2886,1122,265,MoveLeft,2410,265,None
2887,1115,265,MoveLeft,2410,265,None
2888,1108,265,MoveLeft,2410,265,None
2889,1101,265,MoveLeft,2410,265,None
2890,1094,265,MoveLeft,2410,265,None
2891,1087,265,MoveLeft,2410,265,None
2892,1080,265,MoveLeft,2410,265,None
2893,1073,265,MoveLeft,2410,265,None
2894,1066,265,MoveLeft,2410,265,None
2895,1059,265,MoveLeft,2410,265,None
2896,1052,265,MoveLeft,2410,265,None
2901,1059,265,MoveRight,2410,265,None
2902,1066,265,MoveRight,2410,265,None
2903,1073,265,MoveRight,2410,265,None
2904,1080,265,MoveRight,2410,265,None
2905,1087,265,MoveRight,2410,265,None
2910,1080,265,MoveLeft,2410,265,None
2911,1073,265,MoveLeft,2410,265,None
2912,1066,265,MoveLeft,2410,265,None
2913,1059,265,MoveLeft,2410,265,None
2914,1052,265,MoveLeft,2410,265,None
2915,1045,265,MoveLeft,2410,265,None
2916,1038,265,MoveLeft,2410,265,None
2917,1031,265,MoveLeft,2410,265,None
2918,1024,265,MoveLeft,2410,265,None
2919,1017,265,MoveLeft,2410,265,None
2920,1010,265,MoveLeft,2410,265,None
2921,1003,265,MoveLeft,2410,265,None
2922,996,265,MoveLeft,2410,265,None
2923,989,265,MoveLeft,2410,265,None
2924,982,265,MoveLeft,2410,265,None
2925,975,265,MoveLeft,2410,265,None
2926,968,265,MoveLeft,2410,265,None
2927,961,265,MoveLeft,2410,265,None
2928,954,265,MoveLeft,2410,265,None
2929,947,265,MoveLeft,2410,265,None
2930,940,265,MoveLeft,2410,265,None
2931,933,265,MoveLeft,2410,265,None
2932,1143,265,MoveLeft,2410,265,None
2933,1136,265,MoveLeft,2410,265,None
2934,1129,265,MoveLeft,2410,265,None
2935,1122,265,MoveLeft,2410,265,None
2956,1129,265,MoveRight,2410,265,None
2957,1136,265,MoveRight,2410,265,None
2958,1143,265,MoveRight,2410,265,None
2959,1150,265,MoveRight,2410,265,None
2960,1157,265,MoveRight,2410,265,None
2966,1150,265,MoveLeft,2410,265,None
2967,1143,265,MoveLeft,2410,265,None
2968,1136,265,MoveLeft,2410,265,None
2969,1129,265,MoveLeft,2410,265,None
2970,1122,265,MoveLeft,2410,265,None
2971,1115,265,MoveLeft,2410,265,None
2972,1108,265,MoveLeft,2410,265,None
2973,1101,265,MoveLeft,2410,265,None
2974,1094,265,MoveLeft,2410,265,None
2975,1087,265,MoveLeft,2410,265,None
2976,1080,265,MoveLeft,2410,265,None
2977,1073,265,MoveLeft,2410,265,None
2978,1066,265,MoveLeft,2410,265,None
2979,1059,265,MoveLeft,2410,265,None
2980,1052,265,MoveLeft,2410,265,None
2981,1045,265,MoveLeft,2410,265,None
2982,1045,265,None,2410,265,Serve
2982,1038,265,MoveLeft,2410,265,None
2982,1038,265,None,2410,265,None
2983,1031,265,MoveLeft,2410,265,None
2984,1024,265,MoveLeft,2410,265,None
2985,1017,265,MoveLeft,2410,265,None
2986,1010,265,MoveLeft,2410,265,None
2987,1003,265,MoveLeft,2410,265,None
2988,996,265,MoveLeft,2410,265,None
2989,989,265,MoveLeft,2410,265,None
2990,982,265,MoveLeft,2410,265,None
2991,975,265,MoveLeft,2410,265,None
2992,968,265,MoveLeft,2410,265,None
2993,961,265,MoveLeft,2410,265,None
3050,954,265,MoveLeft,2410,265,None
3051,947,265,MoveLeft,2410,265,None
3052,940,265,MoveLeft,2410,265,None
3053,933,265,MoveLeft,2410,265,None
3054,926,265,MoveLeft,2410,265,None
3055,919,265,MoveLeft,2410,265,None
3056,912,265,MoveLeft,2410,265,None
3057,905,265,MoveLeft,2410,265,None
3058,898,265,MoveLeft,2410,265,None
3059,1143,265,MoveLeft,2410,265,None
3060,1136,265,MoveLeft,2410,265,None
3061,1129,265,MoveLeft,2410,265,None
3078,1136,265,MoveRight,2410,265,None
3079,1143,265,MoveRight,2410,265,None
3080,1150,265,MoveRight,2410,265,None
3081,1157,265,MoveRight,2410,265,None
3082,1164,265,MoveRight,2410,265,None
3083,1171,265,MoveRight,2410,265,None
3084,1178,265,MoveRight,2410,265,None
3089,1171,265,MoveLeft,2410,265,None
3090,1164,265,MoveLeft,2410,265,None
3091,1157,265,MoveLeft,2410,265,None
3092,1150,265,MoveLeft,2410,265,None
3093,1143,265,MoveLeft,2410,265,None
3094,1136,265,MoveLeft,2410,265,None
3095,1129,265,MoveLeft,2410,265,None
3096,1122,265,MoveLeft,2410,265,None
3097,1115,265,MoveLeft,2410,265,None
3098,1108,265,MoveLeft,2410,265,None
3099,1101,265,MoveLeft,2410,265,None
3100,1094,265,MoveLeft,2410,265,None
3101,1087,265,MoveLeft,2410,265,None
3102,1080,265,MoveLeft,2410,265,None
3103,1073,265,MoveLeft,2410,265,None
3109,1073,265,None,2410,265,Serve
3109,1080,265,MoveRight,2410,265,None
3109,1080,265,None,2410,265,None
3110,1087,265,MoveRight,2410,265,None
3111,1094,265,MoveRight,2410,265,None
3112,1101,265,MoveRight,2410,265,None
3113,1108,265,MoveRight,2410,265,None
3114,1115,265,MoveRight,2410,265,None
3115,1122,265,MoveRight,2410,265,None
3130,1115,265,MoveLeft,2410,265,None
3131,1108,265,MoveLeft,2410,265,None
3132,1101,265,MoveLeft,2410,265,None
3133,1094,265,MoveLeft,2410,265,None
3134,1087,265,MoveLeft,2410,265,None
3135,1080,265,MoveLeft,2410,265,None
3136,1073,265,MoveLeft,2410,265,None
3137,1066,265,MoveLeft,2410,265,None
3154,1059,265,MoveLeft,2410,265,None
3155,1052,265,MoveLeft,2410,265,None
3156,1045,265,MoveLeft,2410,265,None
3157,1038,265,MoveLeft,2410,265,None
3158,1031,265,MoveLeft,2410,265,None
3159,1024,265,MoveLeft,2410,265,None
3160,1017,265,MoveLeft,2410,265,None
3161,1010,265,MoveLeft,2410,265,None
3162,1003,265,MoveLeft,2410,265,None
3163,996,265,MoveLeft,2410,265,None
3164,989,265,MoveLeft,2410,265,None
3166,989,265,None,2410,265,None
3178,989,265,None,2410,265,None
3187,1150,265,None,2410,265,None
3207,1143,265,MoveLeft,2410,265,None
3208,1136,265,MoveLeft,2410,265,None
3209,1129,265,MoveLeft,2410,265,None
3210,1122,265,MoveLeft,2410,265,None
3211,1115,265,MoveLeft,2410,265,None
3212,1108,265,MoveLeft,2410,265,None
3213,1101,265,MoveLeft,2410,265,None
3214,1094,265,MoveLeft,2410,265,None
3215,1087,265,MoveLeft,2410,265,None
3216,1080,265,MoveLeft,2410,265,None
3217,1073,265,MoveLeft,2410,265,None
3218,1066,265,MoveLeft,2410,265,None
3219,1059,265,MoveLeft,2410,265,None
3220,1052,265,MoveLeft,2410,265,None
3221,1045,265,MoveLeft,2410,265,None
3222,1038,265,MoveLeft,2410,265,None
3223,1031,265,MoveLeft,2410,265,None
3235,1024,265,MoveLeft,2410,265,None
3236,1024,265,None,2410,265,Serve
3236,1017,265,MoveLeft,2410,265,None
3236,1017,265,None,2410,265,None
3237,1010,265,MoveLeft,2410,265,None
3238,1003,265,MoveLeft,2410,265,None
3239,996,265,MoveLeft,2410,265,None
3240,989,265,MoveLeft,2410,265,None
3241,982,265,MoveLeft,2410,265,None
3250,975,265,MoveLeft,2410,265,None
3251,968,265,MoveLeft,2410,265,None
3252,961,265,MoveLeft,2410,265,None
3253,954,265,MoveLeft,2410,265,None
3254,947,265,MoveLeft,2410,265,None
3255,940,265,MoveLeft,2410,265,None
3256,933,265,MoveLeft,2410,265,None
3257,926,265,MoveLeft,2410,265,None
3258,919,265,MoveLeft,2410,265,None
3259,912,265,MoveLeft,2410,265,None
3260,905,265,MoveLeft,2410,265,None
3279,898,265,MoveLeft,2410,265,None
3280,891,265,MoveLeft,2410,265,None
3281,884,265,MoveLeft,2410,265,None
3282,877,265,MoveLeft,2410,265,None
3283,870,265,MoveLeft,2410,265,None
3284,863,265,MoveLeft,2410,265,None
3285,856,265,MoveLeft,2410,265,None
3286,849,265,MoveLeft,2410,265,None
3287,842,265,MoveLeft,2410,265,None
3288,835,265,MoveLeft,2410,265,None
3303,842,265,MoveRight,2410,265,None
3304,849,265,MoveRight,2410,265,None
3305,856,265,MoveRight,2410,265,None
3306,863,265,MoveRight,2410,265,None
3307,870,265,MoveRight,2410,265,None
3308,870,265,SpikeMedium,2410,265,None
3308,877,265,MoveRight,2410,265,None
3309,877,265,None,2403,265,MoveLeft
3310,877,265,None,2396,265,MoveLeft
3311,877,265,None,2389,265,MoveLeft
3312,877,265,None,2382,265,MoveLeft
3313,877,265,None,2375,265,MoveLeft
3314,877,265,None,2368,265,MoveLeft
3315,877,265,None,2361,265,MoveLeft
3316,877,265,None,2354,265,MoveLeft
3317,877,265,None,2347,265,MoveLeft
3318,877,265,None,2340,265,MoveLeft
3319,884,265,MoveRight,2340,265,None
3319,884,265,None,2333,265,MoveLeft
3320,884,265,None,2326,265,MoveLeft
3321,884,265,None,2319,265,MoveLeft
3322,884,265,None,2312,265,MoveLeft
3323,884,265,None,2305,265,MoveLeft
3324,884,265,None,2298,265,MoveLeft
3325,884,265,None,2291,265,MoveLeft
3326,884,265,None,2284,265,MoveLeft
3327,884,265,None,2277,265,MoveLeft
3328,884,265,None,2270,265,MoveLeft
3329,891,265,MoveRight,2270,265,None
3329,891,265,None,2263,265,MoveLeft
3330,898,265,MoveRight,2263,265,None
3330,898,265,None,2256,265,MoveLeft
3331,905,265,MoveRight,2256,265,None
3331,905,265,None,2249,265,MoveLeft
3332,912,265,MoveRight,2249,265,None
3332,912,265,None,2242,265,MoveLeft
3333,919,265,MoveRight,2242,265,None
3333,919,265,None,2235,265,MoveLeft
3334,926,265,MoveRight,2235,265,None
3334,926,265,None,2228,265,MoveLeft
3335,933,265,MoveRight,2228,265,None
3335,933,265,None,2221,265,MoveLeft
3336,940,265,MoveRight,2221,265,None
3336,940,265,None,2214,265,MoveLeft
3337,947,265,MoveRight,2214,265,None
3337,947,265,None,2207,265,MoveLeft
3338,954,265,MoveRight,2207,265,None
3338,954,265,None,2200,265,MoveLeft
3339,961,265,MoveRight,2200,265,None
3339,961,265,None,2193,265,MoveLeft
3340,968,265,MoveRight,2193,265,None
3340,968,265,None,2186,265,MoveLeft
3341,975,265,MoveRight,2186,265,None
3341,975,265,None,2179,265,MoveLeft
3342,982,265,MoveRight,2179,265,None
3342,982,265,None,2172,265,MoveLeft
3343,989,265,MoveRight,2172,265,None
3343,989,265,None,2165,265,MoveLeft
3344,996,265,MoveRight,2165,265,None
3344,996,265,None,2158,265,MoveLeft
3345,1003,265,MoveRight,2158,265,None
3345,1003,265,None,2151,265,MoveLeft
3346,1003,265,None,2144,265,MoveLeft
3347,1003,265,None,2137,265,MoveLeft
3348,1003,265,None,2130,265,MoveLeft
3349,1003,265,None,2123,265,MoveLeft
3350,1003,265,None,2116,265,MoveLeft
3351,1003,265,None,2109,265,MoveLeft
3352,1003,265,None,2102,265,MoveLeft
3353,996,265,MoveLeft,2102,265,None
3353,996,265,None,2095,265,MoveLeft
3354,989,265,MoveLeft,2095,265,None
3354,989,265,None,2088,265,MoveLeft
3355,982,265,MoveLeft,2088,265,None
3355,982,265,None,2081,265,MoveLeft
3356,975,265,MoveLeft,2081,265,None
3356,975,265,None,2074,265,MoveLeft
3357,968,265,MoveLeft,2074,265,None
3357,968,265,None,2067,265,MoveLeft
3358,961,265,MoveLeft,2067,265,None
3358,961,265,None,2060,265,MoveLeft
3359,954,265,MoveLeft,2060,265,None
3359,954,265,None,2053,265,MoveLeft
3360,947,265,MoveLeft,2053,265,None
3360,947,265,None,2046,265,MoveLeft
3361,940,265,MoveLeft,2046,265,None
3361,940,265,None,2039,265,MoveLeft
3362,933,265,MoveLeft,2039,265,None
3362,933,265,None,2032,265,MoveLeft
3363,926,265,MoveLeft,2032,265,None
3363,926,265,None,2025,265,MoveLeft
3364,919,265,MoveLeft,2025,265,None
3364,919,265,None,2018,265,MoveLeft
3365,912,265,MoveLeft,2018,265,None
3365,912,265,None,2011,265,MoveLeft
3366,905,265,MoveLeft,2011,265,None
3366,905,265,None,2004,265,MoveLeft
3367,898,265,MoveLeft,2004,265,None
3367,898,265,None,1997,265,MoveLeft
3368,891,265,MoveLeft,1997,265,None
3368,891,265,None,1990,265,MoveLeft
3369,884,265,MoveLeft,1990,265,None
3369,884,265,None,1983,265,MoveLeft
3370,877,265,MoveLeft,1983,265,None
3370,877,265,None,1976,265,MoveLeft
3371,870,265,MoveLeft,1976,265,None
3371,870,265,None,1969,265,MoveLeft
3372,863,265,MoveLeft,1969,265,None
3372,863,265,None,1962,265,MoveLeft
3384,337,265,MoveRight,1490,265,None
3385,344,265,MoveRight,1490,265,None
3386,351,265,MoveRight,1490,265,None
3387,358,265,MoveRight,1490,265,None
3388,365,265,MoveRight,1490,265,None
3389,372,265,MoveRight,1490,265,None
3390,379,265,MoveRight,1490,265,None
3391,386,265,MoveRight,1490,265,None
3392,393,265,MoveRight,1490,265,None
3393,400,265,MoveRight,1490,265,None
3394,407,265,MoveRight,1490,265,None
3395,414,265,MoveRight,1490,265,None
3396,421,265,MoveRight,1490,265,None
3405,428,265,MoveRight,1490,265,None
3406,435,265,MoveRight,1490,265,None
3407,442,265,MoveRight,1490,265,None
3408,449,265,MoveRight,1490,265,None
3409,456,265,MoveRight,1490,265,None
3410,463,265,MoveRight,1490,265,None
3411,470,265,MoveRight,1490,265,None
3412,477,265,MoveRight,1490,265,None
3413,484,265,MoveRight,1490,265,None
3414,491,265,MoveRight,1490,265,None
3415,498,265,MoveRight,1490,265,None
3416,505,265,MoveRight,1490,265,None
3417,512,265,MoveRight,1490,265,None
3418,519,265,MoveRight,1490,265,None
3419,526,265,MoveRight,1490,265,None
3420,533,265,MoveRight,1490,265,None
3421,540,265,MoveRight,1490,265,None
3422,547,265,MoveRight,1490,265,None
3423,554,265,MoveRight,1490,265,None
3424,561,265,MoveRight,1490,265,None
3425,568,265,MoveRight,1490,265,None
3426,575,265,MoveRight,1490,265,None
3427,582,265,MoveRight,1490,265,None
3428,589,265,MoveRight,1490,265,None
3429,596,265,MoveRight,1490,265,None
3430,603,265,MoveRight,1490,265,None
3431,610,265,MoveRight,1490,265,None
3432,617,265,MoveRight,1490,265,None
3433,624,265,MoveRight,1490,265,None
3434,631,265,MoveRight,1490,265,None
3435,638,265,MoveRight,1490,265,None
3436,645,265,MoveRight,1490,265,None
3446,645,265,Serve,1490,265,None
3446,645,265,None,1490,265,None
3447,645,265,None,1497,265,MoveRight
3448,645,265,None,1504,265,MoveRight
3449,645,265,None,1511,265,MoveRight
3450,645,265,None,1518,265,MoveRight
3451,645,265,None,1525,265,MoveRight
3452,645,265,None,1532,265,MoveRight
3453,645,265,None,1539,265,MoveRight
3454,645,265,None,1546,265,MoveRight
3455,645,265,None,1553,265,MoveRight
3456,645,265,None,1560,265,MoveRight
3457,645,265,None,1567,265,MoveRight
3458,645,265,None,1574,265,MoveRight
3459,645,265,None,1581,265,MoveRight
3460,645,265,None,1588,265,MoveRight
3461,645,265,None,1595,265,MoveRight
3462,645,265,None,1602,265,MoveRight
3463,645,265,None,1609,265,MoveRight
3464,645,265,None,1616,265,MoveRight
3465,652,265,MoveRight,1616,265,None
3465,652,265,None,1623,265,MoveRight
3466,659,265,MoveRight,1623,265,None
3466,659,265,None,1630,265,MoveRight
3467,666,265,MoveRight,1630,265,None
3467,666,265,None,1637,265,MoveRight
3468,673,265,MoveRight,1637,265,None
3468,673,265,None,1644,265,MoveRight
3469,680,265,MoveRight,1644,265,None
3469,680,265,None,1651,265,MoveRight
3470,687,265,MoveRight,1651,265,None
3470,687,265,None,1658,265,MoveRight
3471,694,265,MoveRight,1658,265,None
3471,694,265,None,1665,265,MoveRight
3472,701,265,MoveRight,1665,265,None
3472,701,265,None,1672,265,MoveRight
3473,708,265,MoveRight,1672,265,None
3473,708,265,None,1679,265,MoveRight
3474,715,265,MoveRight,1679,265,None
3474,715,265,None,1686,265,MoveRight
3475,722,265,MoveRight,1686,265,None
3475,722,265,None,1693,265,MoveRight
3476,729,265,MoveRight,1693,265,None
3476,729,265,None,1700,265,MoveRight
3477,736,265,MoveRight,1700,265,None
3477,736,265,None,1707,265,MoveRight
3478,743,265,MoveRight,1707,265,None
3478,743,265,None,1714,265,MoveRight
3479,750,265,MoveRight,1714,265,None
3479,750,265,None,1721,265,MoveRight
3480,757,265,MoveRight,1721,265,None
3480,757,265,None,1728,265,MoveRight
3481,764,265,MoveRight,1728,265,None
3481,764,265,None,1735,265,MoveRight
3482,771,265,MoveRight,1735,265,None
3482,771,265,None,1742,265,MoveRight
3483,771,265,None,1749,265,MoveRight
3484,771,265,None,1756,265,MoveRight
3485,771,265,None,1763,265,MoveRight
3486,771,265,None,1770,265,MoveRight
3487,764,265,MoveLeft,1770,265,None
3487,764,265,None,1777,265,MoveRight
3488,757,265,MoveLeft,1777,265,None
3488,757,265,None,1784,265,MoveRight
3489,750,265,MoveLeft,1784,265,None
3489,750,265,None,1791,265,MoveRight
3490,743,265,MoveLeft,1791,265,None
3490,743,265,None,1798,265,MoveRight
3491,736,265,MoveLeft,1798,265,None
3491,736,265,None,1805,265,MoveRight
3492,729,265,MoveLeft,1805,265,None
3492,729,265,None,1812,265,MoveRight
3493,722,265,MoveLeft,1812,265,None
3493,722,265,None,1819,265,MoveRight
3494,715,265,MoveLeft,1819,265,None
3494,715,265,None,1826,265,MoveRight
3495,708,265,MoveLeft,1826,265,None
3495,708,265,None,1833,265,MoveRight
3496,701,265,MoveLeft,1833,265,None
3496,701,265,None,1840,265,MoveRight
3497,694,265,MoveLeft,1840,265,None
3497,694,265,None,1847,265,MoveRight
3498,687,265,MoveLeft,1847,265,None
3498,687,265,None,1854,265,MoveRight
3499,680,265,MoveLeft,1854,265,None
3499,680,265,None,1861,265,MoveRight
3500,673,265,MoveLeft,1861,265,None
3500,673,265,None,1868,265,MoveRight
3501,673,265,None,1875,265,MoveRight
3502,673,265,None,1882,265,MoveRight
3503,673,265,None,1889,265,MoveRight
3504,673,265,None,1896,265,MoveRight
3505,673,265,None,1903,265,MoveRight
3506,673,265,None,1910,265,MoveRight
3507,673,265,None,1917,265,MoveRight
3508,680,265,MoveRight,1917,265,None
3508,680,265,None,1924,265,MoveRight
3509,687,265,MoveRight,1924,265,None
3509,687,265,None,1931,265,MoveRight
3510,694,265,MoveRight,1931,265,None
3510,694,265,None,1938,265,MoveRight
3511,701,265,MoveRight,1938,265,None
3511,701,265,None,1945,265,MoveRight
3512,708,265,MoveRight,1945,265,None
3512,708,265,None,1952,265,MoveRight
3513,715,265,MoveRight,1952,265,None
3513,715,265,None,1959,265,MoveRight
3514,722,265,MoveRight,1959,265,None
3514,722,265,None,1966,265,MoveRight
3515,729,265,MoveRight,1966,265,None
3515,729,265,None,1973,265,MoveRight
3516,736,265,MoveRight,1973,265,None
3516,736,265,None,1980,265,MoveRight
3517,743,265,MoveRight,1980,265,None
3517,743,265,None,1987,265,MoveRight
3518,750,265,MoveRight,1987,265,None
3518,750,265,None,1994,265,MoveRight
3519,757,265,MoveRight,1994,265,None
3519,757,265,None,2001,265,MoveRight
3520,764,265,MoveRight,2001,265,None
3520,764,265,None,2008,265,MoveRight
3521,771,265,MoveRight,2008,265,None
3521,771,265,None,2015,265,MoveRight
3522,1337,265,MoveRight,2410,265,None
3523,1344,265,MoveRight,2410,265,None
3524,1351,265,MoveRight,2410,265,None
3525,1358,265,MoveRight,2410,265,None
3526,1365,265,MoveRight,2410,265,None
3527,1372,265,MoveRight,2410,265,None
3528,1379,265,MoveRight,2410,265,None
3552,1372,265,MoveLeft,2410,265,None
3553,1365,265,MoveLeft,2410,265,None
3554,1358,265,MoveLeft,2410,265,None
3555,1351,265,MoveLeft,2410,265,None
3556,1344,265,MoveLeft,2410,265,None
3557,1337,265,MoveLeft,2410,265,None
3558,1330,265,MoveLeft,2410,265,None
3559,1323,265,MoveLeft,2410,265,None
3560,1316,265,MoveLeft,2410,265,None
3561,1309,265,MoveLeft,2410,265,None
3562,1302,265,MoveLeft,2410,265,None
3563,1295,265,MoveLeft,2410,265,None
3564,1288,265,MoveLeft,2410,265,None
3565,1281,265,MoveLeft,2410,265,None
3566,1274,265,MoveLeft,2410,265,None
3567,1267,265,MoveLeft,2410,265,None
3568,1260,265,MoveLeft,2410,265,None
3569,1253,265,MoveLeft,2410,265,None
3570,1246,265,MoveLeft,2410,265,None
3571,1239,265,MoveLeft,2410,265,None
3572,1239,265,None,2410,265,Serve
3572,1232,265,MoveLeft,2410,265,None
3572,1232,265,None,2410,265,None
3573,1225,265,MoveLeft,2410,265,None
3574,1218,265,MoveLeft,2410,265,None
3575,1211,265,MoveLeft,2410,265,None
3576,1204,265,MoveLeft,2410,265,None
3577,1197,265,MoveLeft,2410,265,None
3578,1190,265,MoveLeft,2410,265,None
3579,1183,265,MoveLeft,2410,265,None
3586,1190,265,MoveRight,2410,265,None
3587,1197,265,MoveRight,2410,265,None
3588,1204,265,MoveRight,2410,265,None
3589,1211,265,MoveRight,2410,265,None
3590,1218,265,MoveRight,2410,265,None
3591,1225,265,MoveRight,2410,265,None
3592,1232,265,MoveRight,2410,265,None
3593,1239,265,MoveRight,2410,265,None
3594,1246,265,MoveRight,2410,265,None
3595,1253,265,MoveRight,2410,265,None
3596,1260,265,MoveRight,2410,265,None
3597,1267,265,MoveRight,2410,265,None
3598,1274,265,MoveRight,2410,265,None
3599,1281,265,MoveRight,2410,265,None
3600,1288,265,MoveRight,2410,265,None
3601,1295,265,MoveRight,2410,265,None
3602,1302,265,MoveRight,2410,265,None
3603,1309,265,MoveRight,2410,265,None
3604,1316,265,MoveRight,2410,265,None
3605,1323,265,MoveRight,2410,265,None
3617,1319,265,MoveLeft,2410,265,None
3618,1312,265,MoveLeft,2410,265,None
3619,1305,265,MoveLeft,2410,265,None
3620,1298,265,MoveLeft,2410,265,None
3621,1291,265,MoveLeft,2410,265,None
3622,1284,265,MoveLeft,2410,265,None
3623,1277,265,MoveLeft,2410,265,None
3624,1270,265,MoveLeft,2410,265,None
3625,1263,265,MoveLeft,2410,265,None
3626,1256,265,MoveLeft,2410,265,None
3627,1249,265,MoveLeft,2410,265,None
3628,1242,265,MoveLeft,2410,265,None
3629,1235,265,MoveLeft,2410,265,None
3630,1228,265,MoveLeft,2410,265,None
3631,1221,265,MoveLeft,2410,265,None
3632,1214,265,MoveLeft,2410,265,None
3633,1207,265,MoveLeft,2410,265,None
3634,1200,265,MoveLeft,2410,265,None
3635,1193,265,MoveLeft,2410,265,None
3636,1186,265,MoveLeft,2410,265,None
3637,1179,265,MoveLeft,2410,265,None
3638,1172,265,MoveLeft,2410,265,None
3639,1165,265,MoveLeft,2410,265,None
3640,1158,265,MoveLeft,2410,265,None
3641,1151,265,MoveLeft,2410,265,None
3642,1144,265,MoveLeft,2410,265,None
3643,1137,265,MoveLeft,2410,265,None
3644,1130,265,MoveLeft,2410,265,None
3645,1123,265,MoveLeft,2410,265,None
3646,1116,265,MoveLeft,2410,265,None
3647,1109,265,MoveLeft,2410,265,None
3648,1102,265,MoveLeft,2410,265,None
3649,1323,265,MoveLeft,2410,265,None
3650,1316,265,MoveLeft,2410,265,None
3651,1309,265,MoveLeft,2410,265,None
3652,1302,265,MoveLeft,2410,265,None
3653,1295,265,MoveLeft,2410,265,None
3654,1288,265,MoveLeft,2410,265,None
3655,1281,265,MoveLeft,2410,265,None
3656,1274,265,MoveLeft,2410,265,None
3657,1267,265,MoveLeft,2410,265,None
3658,1260,265,MoveLeft,2410,265,None
3675,1267,265,MoveRight,2410,265,None
3676,1274,265,MoveRight,2410,265,None
3677,1281,265,MoveRight,2410,265,None
3678,1288,265,MoveRight,2410,265,None
3679,1295,265,MoveRight,2410,265,None
3680,1302,265,MoveRight,2410,265,None
3681,1309,265,MoveRight,2410,265,None
3682,1316,265,MoveRight,2410,265,None
3683,1323,265,MoveRight,2410,265,None
3684,1330,265,MoveRight,2410,265,None
3685,1337,265,MoveRight,2410,265,None
3686,1344,265,MoveRight,2410,265,None
3687,1351,265,MoveRight,2410,265,None
3688,1358,265,MoveRight,2410,265,None
3689,1365,265,MoveRight,2410,265,None
3690,1372,265,MoveRight,2410,265,None
3691,1379,265,MoveRight,2410,265,None
3692,1386,265,MoveRight,2410,265,None
3693,1393,265,MoveRight,2410,265,None
3694,1400,265,MoveRight,2410,265,None
3695,1407,265,MoveRight,2410,265,None
3696,1414,265,MoveRight,2410,265,None
3697,1421,265,MoveRight,2410,265,None
3698,1428,265,MoveRight,2410,265,None
3699,1428,265,None,2410,265,Serve
3699,1326,265,None,2410,265,None
3732,1319,265,MoveLeft,2410,265,None
3733,1312,265,MoveLeft,2410,265,None
3734,1305,265,MoveLeft,2410,265,None
3735,1298,265,MoveLeft,2410,265,None
3736,1291,265,MoveLeft,2410,265,None
3737,1284,265,MoveLeft,2410,265,None
3738,1277,265,MoveLeft,2410,265,None
3739,1270,265,MoveLeft,2410,265,None
3740,1263,265,MoveLeft,2410,265,None
3741,1256,265,MoveLeft,2410,265,None
3742,1249,265,MoveLeft,2410,265,None
3743,1242,265,MoveLeft,2410,265,None
3744,1235,265,MoveLeft,2410,265,None
3745,1228,265,MoveLeft,2410,265,None
3746,1221,265,MoveLeft,2410,265,None
3747,1214,265,MoveLeft,2410,265,None
3748,1207,265,MoveLeft,2410,265,None
3749,1200,265,MoveLeft,2410,265,None
3750,1193,265,MoveLeft,2410,265,None
3751,1186,265,MoveLeft,2410,265,None
3752,1179,265,MoveLeft,2410,265,None
3753,1172,265,MoveLeft,2410,265,None
3754,1165,265,MoveLeft,2410,265,None
3755,1158,265,MoveLeft,2410,265,None
3756,1151,265,MoveLeft,2410,265,None
3757,1144,265,MoveLeft,2410,265,None
3758,1137,265,MoveLeft,2410,265,None
3759,1130,265,MoveLeft,2410,265,None
3760,1123,265,MoveLeft,2410,265,None
3761,1116,265,MoveLeft,2410,265,None
3762,1109,265,MoveLeft,2410,265,None
3763,1102,265,MoveLeft,2410,265,None
3764,1095,265,MoveLeft,2410,265,None
3765,1088,265,MoveLeft,2410,265,None
3766,1081,265,MoveLeft,2410,265,None
3767,1074,265,MoveLeft,2410,265,None
3768,1067,265,MoveLeft,2410,265,None
3769,1060,265,MoveLeft,2410,265,None
3770,1053,265,MoveLeft,2410,265,None
3771,1046,265,MoveLeft,2410,265,None
3772,1039,265,MoveLeft,2410,265,None
3773,1032,265,MoveLeft,2410,265,None
3774,1025,265,MoveLeft,2410,265,None
3775,1018,265,MoveLeft,2410,265,None
3776,1323,265,MoveLeft,2410,265,None
3777,1316,265,MoveLeft,2410,265,None
3778,1309,265,MoveLeft,2410,265,None
3779,1302,265,MoveLeft,2410,265,None
3788,1309,265,MoveRight,2410,265,None
3789,1316,265,MoveRight,2410,265,None
3790,1323,265,MoveRight,2410,265,None
3791,1330,265,MoveRight,2410,265,None
3792,1337,265,MoveRight,2410,265,None
3793,1344,265,MoveRight,2410,265,None
3794,1351,265,MoveRight,2410,265,None
3795,1358,265,MoveRight,2410,265,None
3796,1365,265,MoveRight,2410,265,None
3797,1372,265,MoveRight,2410,265,None
3798,1379,265,MoveRight,2410,265,None
3799,1386,265,MoveRight,2410,265,None
3800,1393,265,MoveRight,2410,265,None
3801,1400,265,MoveRight,2410,265,None
3802,1407,265,MoveRight,2410,265,None
3803,1414,265,MoveRight,2410,265,None
3804,1421,265,MoveRight,2410,265,None
3805,1428,265,MoveRight,2410,265,None
3806,1435,265,MoveRight,2410,265,None
3807,1442,265,MoveRight,2410,265,None
3808,1449,265,MoveRight,2410,265,None
3809,1456,265,MoveRight,2410,265,None
3810,1463,265,MoveRight,2410,265,None
3811,1470,265,MoveRight,2410,265,None
3812,1477,265,MoveRight,2410,265,None
3813,1484,265,MoveRight,2410,265,None
3814,1491,265,MoveRight,2410,265,None
3815,1498,265,MoveRight,2410,265,None
3816,1505,265,MoveRight,2410,265,None
3817,1512,265,MoveRight,2410,265,None
3818,1519,265,MoveRight,2410,265,None
3819,1526,265,MoveRight,2410,265,None
3820,1533,265,MoveRight,2410,265,None
3821,1540,265,MoveRight,2410,265,None
3822,1547,265,MoveRight,2410,265,None
3823,1554,265,MoveRight,2410,265,None
3824,1561,265,MoveRight,2410,265,None
3825,1568,265,MoveRight,2410,265,None
3826,1568,265,None,2410,265,Serve
3826,1326,265,None,2410,265,None
3856,1319,265,MoveLeft,2410,265,None
3857,1312,265,MoveLeft,2410,265,None
3858,1305,265,MoveLeft,2410,265,None
3859,1298,265,MoveLeft,2410,265,None
3860,1291,265,MoveLeft,2410,265,None
3861,1284,265,MoveLeft,2410,265,None
3862,1277,265,MoveLeft,2410,265,None
3863,1270,265,MoveLeft,2410,265,None
3864,1263,265,MoveLeft,2410,265,None
3865,1256,265,MoveLeft,2410,265,None
3866,1249,265,MoveLeft,2410,265,None
3867,1242,265,MoveLeft,2410,265,None
3868,1235,265,MoveLeft,2410,265,None
3869,1228,265,MoveLeft,2410,265,None
3870,1221,265,MoveLeft,2410,265,None
3871,1214,265,MoveLeft,2410,265,None
3872,1207,265,MoveLeft,2410,265,None
3873,1200,265,MoveLeft,2410,265,None
3874,1193,265,MoveLeft,2410,265,None
3875,1186,265,MoveLeft,2410,265,None
3876,1179,265,MoveLeft,2410,265,None
3877,1172,265,MoveLeft,2410,265,None
3878,1165,265,MoveLeft,2410,265,None
3879,1158,265,MoveLeft,2410,265,None
3880,1151,265,MoveLeft,2410,265,None
3881,1144,265,MoveLeft,2410,265,None
3882,1137,265,MoveLeft,2410,265,None
3883,1130,265,MoveLeft,2410,265,None
3884,1123,265,MoveLeft,2410,265,None
3885,1116,265,MoveLeft,2410,265,None
3886,1109,265,MoveLeft,2410,265,None
3887,1102,265,MoveLeft,2410,265,None
3888,1095,265,MoveLeft,2410,265,None
3889,1088,265,MoveLeft,2410,265,None
3890,1081,265,MoveLeft,2410,265,None
3891,1074,265,MoveLeft,2410,265,None
3892,1067,265,MoveLeft,2410,265,None
3893,1060,265,MoveLeft,2410,265,None
3894,1053,265,MoveLeft,2410,265,None
3895,1046,265,MoveLeft,2410,265,None
3896,1039,265,MoveLeft,2410,265,None
3897,1032,265,MoveLeft,2410,265,None
3898,1025,265,MoveLeft,2410,265,None
3899,1018,265,MoveLeft,2410,265,None
3900,1011,265,MoveLeft,2410,265,None
3901,1004,265,MoveLeft,2410,265,None
3902,997,265,MoveLeft,2410,265,None
3903,1323,265,MoveLeft,2410,265,None
3904,1316,265,MoveLeft,2410,265,None
3905,1309,265,MoveLeft,2410,265,None
3906,1302,265,MoveLeft,2410,265,None
3907,1295,265,MoveLeft,2410,265,None
3908,1288,265,MoveLeft,2410,265,None
3909,1281,265,MoveLeft,2410,265,None
3926,1288,265,MoveRight,2410,265,None
3927,1295,265,MoveRight,2410,265,None
3928,1302,265,MoveRight,2410,265,None
3929,1309,265,MoveRight,2410,265,None
3930,1316,265,MoveRight,2410,265,None
3931,1323,265,MoveRight,2410,265,None
3932,1330,265,MoveRight,2410,265,None
3933,1337,265,MoveRight,2410,265,None
3934,1344,265,MoveRight,2410,265,None
3935,1351,265,MoveRight,2410,265,None
3936,1358,265,MoveRight,2410,265,None
3937,1365,265,MoveRight,2410,265,None
3938,1372,265,MoveRight,2410,265,None
3939,1379,265,MoveRight,2410,265,None
3940,1386,265,MoveRight,2410,265,None
3941,1393,265,MoveRight,2410,265,None
3942,1400,265,MoveRight,2410,265,None
3943,1407,265,MoveRight,2410,265,None
3944,1414,265,MoveRight,2410,265,None
3945,1421,265,MoveRight,2410,265,None
3946,1428,265,MoveRight,2410,265,None
3947,1435,265,MoveRight,2410,265,None
3948,1442,265,MoveRight,2410,265,None
3949,1449,265,MoveRight,2410,265,None
3950,1456,265,MoveRight,2410,265,None
3951,1463,265,MoveRight,2410,265,None
3952,1470,265,MoveRight,2410,265,None
3953,1470,265,None,2410,265,Serve
3953,1326,265,None,2410,265,None
3985,1319,265,MoveLeft,2410,265,None
3986,1312,265,MoveLeft,2410,265,None
3987,1305,265,MoveLeft,2410,265,None
3988,1298,265,MoveLeft,2410,265,None
3989,1291,265,MoveLeft,2410,265,None
3990,1284,265,MoveLeft,2410,265,None
3991,1277,265,MoveLeft,2410,265,None
3992,1270,265,MoveLeft,2410,265,None
3993,1263,265,MoveLeft,2410,265,None
3994,1256,265,MoveLeft,2410,265,None
3995,1249,265,MoveLeft,2410,265,None
3996,1242,265,MoveLeft,2410,265,None
3997,1235,265,MoveLeft,2410,265,None
3998,1228,265,MoveLeft,2410,265,None
3999,1221,265,MoveLeft,2410,265,None
4000,1214,265,MoveLeft,2410,265,None
4001,1207,265,MoveLeft,2410,265,None
4002,1200,265,MoveLeft,2410,265,None
4003,1193,265,MoveLeft,2410,265,None
4004,1186,265,MoveLeft,2410,265,None
4005,1179,265,MoveLeft,2410,265,None
4006,1172,265,MoveLeft,2410,265,None
4007,1165,265,MoveLeft,2410,265,None
4008,1158,265,MoveLeft,2410,265,None
4009,1151,265,MoveLeft,2410,265,None
4010,1144,265,MoveLeft,2410,265,None
4011,1137,265,MoveLeft,2410,265,None
4012,1130,265,MoveLeft,2410,265,None
4013,1123,265,MoveLeft,2410,265,None
4014,1116,265,MoveLeft,2410,265,None
4015,1109,265,MoveLeft,2410,265,None
4016,1102,265,MoveLeft,2410,265,None
4017,1095,265,MoveLeft,2410,265,None
4018,1088,265,MoveLeft,2410,265,None
4019,1081,265,MoveLeft,2410,265,None
4020,1074,265,MoveLeft,2410,265,None
4021,1067,265,MoveLeft,2410,265,None
4022,1060,265,MoveLeft,2410,265,None
4023,1053,265,MoveLeft,2410,265,None
4024,1046,265,MoveLeft,2410,265,None
4025,1039,265,MoveLeft,2410,265,None
4026,1032,265,MoveLeft,2410,265,None
4027,1025,265,MoveLeft,2410,265,None
4028,1018,265,MoveLeft,2410,265,None
4029,1011,265,MoveLeft,2410,265,None
4030,1323,265,MoveLeft,2410,265,None
4031,1316,265,MoveLeft,2410,265,None
4032,1309,265,MoveLeft,2410,265,None
4033,1302,265,MoveLeft,2410,265,None
4034,1295,265,MoveLeft,2410,265,None
4035,1288,265,MoveLeft,2410,265,None
4036,1281,265,MoveLeft,2410,265,None
4037,1274,265,MoveLeft,2410,265,None
4038,1267,265,MoveLeft,2410,265,None
4039,1260,265,MoveLeft,2410,265,None
4067,1253,265,MoveLeft,2410,265,None
4068,1246,265,MoveLeft,2410,265,None
4069,1239,265,MoveLeft,2410,265,None
4070,1232,265,MoveLeft,2410,265,None
4071,1225,265,MoveLeft,2410,265,None
4072,1218,265,MoveLeft,2410,265,None
4073,1211,265,MoveLeft,2410,265,None
4074,1204,265,MoveLeft,2410,265,None
4075,1197,265,MoveLeft,2410,265,None
4076,1190,265,MoveLeft,2410,265,None
4077,1183,265,MoveLeft,2410,265,None
4078,1176,265,MoveLeft,2410,265,None
4079,1169,265,MoveLeft,2410,265,None
4080,1169,265,None,2410,265,Serve
4080,1162,265,MoveLeft,2410,265,None
4080,1162,265,None,2410,265,None
4081,1155,265,MoveLeft,2410,265,None
4082,1148,265,MoveLeft,2410,265,None
4083,1141,265,MoveLeft,2410,265,None
4084,1134,265,MoveLeft,2410,265,None
4085,1127,265,MoveLeft,2410,265,None
4086,1120,265,MoveLeft,2410,265,None
4087,1113,265,MoveLeft,2410,265,None
4088,1106,265,MoveLeft,2410,265,None
4089,1099,265,MoveLeft,2410,265,None
4090,1092,265,MoveLeft,2410,265,None
4091,1085,265,MoveLeft,2410,265,None
4092,1078,265,MoveLeft,2410,265,None
4093,1071,265,MoveLeft,2410,265,None
4094,1064,265,MoveLeft,2410,265,None
4095,1057,265,MoveLeft,2410,265,None
4096,1050,265,MoveLeft,2410,265,None
4097,1043,265,MoveLeft,2410,265,None
4098,1036,265,MoveLeft,2410,265,None
4099,1029,265,MoveLeft,2410,265,None
4100,1022,265,MoveLeft,2410,265,None
4101,1015,265,MoveLeft,2410,265,None
4102,1008,265,MoveLeft,2410,265,None
4103,1001,265,MoveLeft,2410,265,None
4104,994,265,MoveLeft,2410,265,None
4105,987,265,MoveLeft,2410,265,None
4112,980,265,MoveLeft,2410,265,None
4113,973,265,MoveLeft,2410,265,None
4114,966,265,MoveLeft,2410,265,None
4115,959,265,MoveLeft,2410,265,None
4116,952,265,MoveLeft,2410,265,None
4117,945,265,MoveLeft,2410,265,None
4118,938,265,MoveLeft,2410,265,None
4119,931,265,MoveLeft,2410,265,None
4120,924,265,MoveLeft,2410,265,None
4121,917,265,MoveLeft,2410,265,None
4122,910,265,MoveLeft,2410,265,None
4123,903,265,MoveLeft,2410,265,None
4124,896,265,MoveLeft,2410,265,None
4125,889,265,MoveLeft,2410,265,None
4126,882,265,MoveLeft,2410,265,None
4127,875,265,MoveLeft,2410,265,None
4128,875,265,None,2410,265,None
4129,875,265,None,2410,265,None
4130,875,265,None,2410,265,None
4131,875,265,None,2410,265,None
4132,875,265,None,2410,265,None
4133,875,265,None,2410,265,None
4134,875,265,None,2410,265,None
4135,875,265,None,2410,265,None
4136,875,265,None,2410,265,None
4137,875,265,None,2410,265,None
4138,875,265,None,2410,265,None
4139,875,265,None,2410,265,None
4140,875,265,None,2410,265,None
4141,875,265,None,2410,265,None
4142,875,265,None,2410,265,None
4143,875,265,None,2410,265,None
4144,875,265,None,2410,265,None
4145,875,265,None,2410,265,None
4146,875,265,None,2410,265,None
4147,875,265,None,2410,265,None
4148,875,265,None,2410,265,None
4149,875,265,None,2410,265,None
4150,875,265,None,2410,265,None
4151,875,265,None,2410,265,None
4152,875,265,Bump,2410,265,None
4152,875,265,None,2410,265,None
4153,875,265,None,2403,265,MoveLeft
4154,875,265,None,2396,265,MoveLeft
4155,875,265,None,2389,265,MoveLeft
4156,875,265,None,2382,265,MoveLeft
4157,875,265,None,2375,265,MoveLeft
4158,875,265,None,2368,265,MoveLeft
4159,875,265,None,2361,265,MoveLeft
4160,875,265,None,2354,265,MoveLeft
4161,875,265,None,2347,265,MoveLeft
4162,875,265,None,2340,265,MoveLeft
4163,875,265,None,2333,265,MoveLeft
4164,875,265,None,2326,265,MoveLeft
4165,875,265,None,2319,265,MoveLeft
4166,875,265,None,2312,265,MoveLeft
4167,875,265,None,2305,265,MoveLeft
4168,875,265,None,2298,265,MoveLeft
4169,875,265,None,2291,265,MoveLeft
4170,875,265,None,2284,265,MoveLeft
4171,875,265,None,2277,265,MoveLeft
4172,882,265,MoveRight,2277,265,None
4172,882,265,None,2270,265,MoveLeft
4173,889,265,MoveRight,2270,265,None
4173,889,265,None,2263,265,MoveLeft
4174,896,265,MoveRight,2263,265,None
4174,896,265,None,2256,265,MoveLeft
4175,903,265,MoveRight,2256,265,None
4175,903,265,None,2249,265,MoveLeft
4176,910,265,MoveRight,2249,265,None
4176,910,265,None,2242,265,MoveLeft
4177,917,265,MoveRight,2242,265,None
4177,917,265,None,2235,265,MoveLeft
4178,924,265,MoveRight,2235,265,None
4178,924,265,None,2228,265,MoveLeft
4179,931,265,MoveRight,2228,265,None
4179,931,265,None,2221,265,MoveLeft
4180,938,265,MoveRight,2221,265,None
4180,938,265,None,2214,265,MoveLeft
4181,945,265,MoveRight,2214,265,None
4181,945,265,None,2207,265,MoveLeft
4182,952,265,MoveRight,2207,265,None
4182,952,265,None,2200,265,MoveLeft
4183,959,265,MoveRight,2200,265,None
4183,959,265,None,2193,265,MoveLeft
4184,966,265,MoveRight,2193,265,None
4184,966,265,None,2186,265,MoveLeft
4185,973,265,MoveRight,2186,265,None
4185,973,265,None,2179,265,MoveLeft
4186,980,265,MoveRight,2179,265,None
4186,980,265,None,2172,265,MoveLeft
4187,987,265,MoveRight,2172,265,None
4187,987,265,None,2165,265,MoveLeft
4188,994,265,MoveRight,2165,265,None
4188,994,265,None,2158,265,MoveLeft
4189,1001,265,MoveRight,2158,265,None
4189,1001,265,None,2151,265,MoveLeft
4190,1008,265,MoveRight,2151,265,None
4190,1008,265,None,2144,265,MoveLeft
4191,1015,265,MoveRight,2144,265,None
4191,1015,265,None,2137,265,MoveLeft
4192,1022,265,MoveRight,2137,265,None
4192,1022,265,None,2130,265,MoveLeft
4193,1029,265,MoveRight,2130,265,None
4193,1029,265,None,2123,265,MoveLeft
4194,1036,265,MoveRight,2123,265,None
4194,1036,265,None,2116,265,MoveLeft
4195,1043,265,MoveRight,2116,265,None
4195,1043,265,None,2109,265,MoveLeft
4196,1050,265,MoveRight,2109,265,None
4196,1050,265,None,2102,265,MoveLeft
4197,1057,265,MoveRight,2102,265,None
4197,1057,265,None,2095,265,MoveLeft
4198,1064,265,MoveRight,2095,265,None
4198,1064,265,None,2088,265,MoveLeft
4199,1071,265,MoveRight,2088,265,None
4199,1071,265,None,2081,265,MoveLeft
4200,1078,265,MoveRight,2081,265,None
4200,1078,265,None,2074,265,MoveLeft
4201,1085,265,MoveRight,2074,265,None
4201,1085,265,None,2067,265,MoveLeft
4202,1092,265,MoveRight,2067,265,None
4202,1092,265,None,2060,265,MoveLeft
4203,1099,265,MoveRight,2060,265,None
4203,1099,265,None,2053,265,MoveLeft
4204,1106,265,MoveRight,2053,265,None
4204,1106,265,None,2046,265,MoveLeft
4205,1113,265,MoveRight,2046,265,None
4205,1113,265,None,2039,265,MoveLeft
4206,1120,265,MoveRight,2039,265,None
4206,1120,265,None,2032,265,MoveLeft
4207,1127,265,MoveRight,2032,265,None
4207,1127,265,None,2025,265,MoveLeft
4208,1134,265,MoveRight,2025,265,None
4208,1134,265,None,2018,265,MoveLeft
4209,1141,265,MoveRight,2018,265,None
4209,1141,265,None,2011,265,MoveLeft
4210,1148,265,MoveRight,2011,265,None
4210,1148,265,None,2004,265,MoveLeft
4211,1155,265,MoveRight,2004,265,None
4211,1155,265,None,1997,265,MoveLeft
4212,1162,265,MoveRight,1997,265,None
4212,1162,265,None,1990,265,MoveLeft
4213,1169,265,MoveRight,1990,265,None
4213,1169,265,None,1983,265,MoveLeft
4214,1176,265,MoveRight,1983,265,None
4214,1176,265,None,1976,265,MoveLeft
4215,1183,265,MoveRight,1976,265,None
4215,1183,265,None,1969,265,MoveLeft
4216,1190,265,MoveRight,1969,265,None
4216,1190,265,None,1962,265,MoveLeft
4217,1197,265,MoveRight,1962,265,None
4217,1197,265,None,1955,265,MoveLeft
4218,1204,265,MoveRight,1955,265,None
4218,1204,265,None,1948,265,MoveLeft
4219,1204,265,None,1941,265,MoveLeft
4220,1197,265,MoveLeft,1941,265,None
4220,1197,265,None,1934,265,MoveLeft
4221,1190,265,MoveLeft,1934,265,None
4221,1190,265,None,1927,265,MoveLeft
4222,1183,265,MoveLeft,1927,265,None
4222,1183,265,None,1920,265,MoveLeft
4223,1176,265,MoveLeft,1920,265,None
4223,1176,265,None,1913,265,MoveLeft
4224,1169,265,MoveLeft,1913,265,None
4224,1169,265,None,1906,265,MoveLeft
4225,1162,265,MoveLeft,1906,265,None
4225,1162,265,None,1899,265,MoveLeft
4226,1155,265,MoveLeft,1899,265,None
4226,1155,265,None,1892,265,MoveLeft
4227,1148,265,MoveLeft,1892,265,None
4227,1148,265,None,1885,265,MoveLeft
4228,1141,265,MoveLeft,1885,265,None
4228,1141,265,None,1878,265,MoveLeft
4229,1134,265,MoveLeft,1878,265,None
4229,1134,265,None,1871,265,MoveLeft
4230,1127,265,MoveLeft,1871,265,None
4230,1127,265,None,1864,265,MoveLeft
4231,1120,265,MoveLeft,1864,265,None
4231,1120,265,None,1857,265,MoveLeft
4232,1113,265,MoveLeft,1857,265,None
4232,1113,265,None,1850,265,MoveLeft
4233,1106,265,MoveLeft,1850,265,None
4233,1106,265,None,1843,265,MoveLeft
4234,1099,265,MoveLeft,1843,265,None
4234,1099,265,None,1836,265,MoveLeft
4235,1092,265,MoveLeft,1836,265,None
4235,1092,265,None,1829,265,MoveLeft
4236,1085,265,MoveLeft,1829,265,None
4236,1085,265,None,1822,265,MoveLeft
4237,1078,265,MoveLeft,1822,265,None
4237,1078,265,None,1815,265,MoveLeft
4238,1071,265,MoveLeft,1815,265,None
4238,1071,265,None,1808,265,MoveLeft
4239,1064,265,MoveLeft,1808,265,None
4239,1064,265,None,1801,265,MoveLeft
4240,1057,265,MoveLeft,1801,265,None
4240,1057,265,None,1794,265,MoveLeft
4241,1050,265,MoveLeft,1794,265,None
4241,1050,265,None,1787,265,MoveLeft
4242,1043,265,MoveLeft,1787,265,None
4242,1043,265,None,1780,265,MoveLeft
4243,1036,265,MoveLeft,1780,265,None
4243,1036,265,None,1773,265,MoveLeft
4244,1029,265,MoveLeft,1773,265,None
4244,1029,265,None,1766,265,MoveLeft
4245,1022,265,MoveLeft,1766,265,None
4245,1022,265,None,1759,265,MoveLeft
4246,1015,265,MoveLeft,1759,265,None
4246,1015,265,None,1752,265,MoveLeft
4247,1008,265,MoveLeft,1752,265,None
4247,1008,265,None,1745,265,MoveLeft
4248,1001,265,MoveLeft,1745,265,None
4248,1001,265,None,1738,265,MoveLeft
4249,994,265,MoveLeft,1738,265,None
4249,994,265,None,1731,265,MoveLeft
4250,987,265,MoveLeft,1731,265,None
4250,987,265,None,1724,265,MoveLeft
4251,980,265,MoveLeft,1724,265,None
4251,980,265,None,1717,265,MoveLeft
4252,973,265,MoveLeft,1717,265,None
4252,973,265,None,1710,265,MoveLeft
4253,966,265,MoveLeft,1710,265,None
4253,966,265,None,1703,265,MoveLeft
4254,959,265,MoveLeft,1703,265,None
4254,959,265,None,1696,265,MoveLeft
4255,952,265,MoveLeft,1696,265,None
4255,952,265,None,1689,265,MoveLeft
4256,945,265,MoveLeft,1689,265,None
4256,945,265,None,1682,265,MoveLeft
4257,938,265,MoveLeft,1682,265,None
4257,938,265,None,1675,265,MoveLeft
4258,931,265,MoveLeft,1675,265,None
4258,931,265,None,1668,265,MoveLeft
4259,924,265,MoveLeft,1668,265,None
4259,924,265,None,1661,265,MoveLeft
4260,917,265,MoveLeft,1661,265,None
4260,917,265,None,1654,265,MoveLeft
4261,910,265,MoveLeft,1654,265,None
4261,910,265,None,1647,265,MoveLeft
4262,910,265,None,1640,265,MoveLeft
4263,910,265,None,1633,265,MoveLeft
4264,910,265,None,1626,265,MoveLeft
4265,910,265,None,1619,265,MoveLeft
4266,910,265,None,1612,265,MoveLeft
4267,910,265,None,1605,265,MoveLeft
4268,910,265,None,1598,265,MoveLeft
4269,910,265,None,1591,265,MoveLeft
4270,910,265,None,1584,265,MoveLeft
4271,910,265,None,1577,265,MoveLeft
4272,910,265,None,1570,265,MoveLeft
4273,910,265,None,1563,265,MoveLeft
4274,910,265,None,1556,265,MoveLeft
4275,910,265,None,1549,265,MoveLeft
4276,910,265,None,1542,265,MoveLeft
4277,910,265,None,1535,265,MoveLeft
4278,910,265,None,1528,265,MoveLeft
4279,910,265,None,1521,265,MoveLeft
4280,917,265,MoveRight,1521,265,None
4280,917,265,None,1514,265,MoveLeft
4281,924,265,MoveRight,1514,265,None
4281,924,265,None,1507,265,MoveLeft
4282,931,265,MoveRight,1507,265,None
4282,931,265,None,1500,265,MoveLeft
4283,938,265,MoveRight,1500,265,None
4283,938,265,None,1493,265,MoveLeft
4284,945,265,MoveRight,1493,265,None
4284,945,265,None,1486,265,MoveLeft
4285,952,265,MoveRight,1486,265,None
4285,952,265,None,1479,265,MoveLeft
4286,959,265,MoveRight,1479,265,None
4286,959,265,None,1472,265,MoveLeft
4287,966,265,MoveRight,1472,265,None
4287,966,265,None,1465,265,MoveLeft
4288,973,265,MoveRight,1465,265,None
4288,973,265,None,1458,265,MoveLeft
4289,980,265,MoveRight,1458,265,None
4289,980,265,None,1451,265,MoveLeft
4290,987,265,MoveRight,1451,265,None
4290,987,265,None,1444,265,MoveLeft
4291,994,265,MoveRight,1444,265,None
4291,994,265,None,1437,265,MoveLeft
4292,1001,265,MoveRight,1437,265,None
4292,1001,265,None,1430,265,MoveLeft
4293,1001,265,None,1430,265,None
4293,1001,265,None,1423,265,MoveLeft
4294,1001,265,None,1423,265,None
4294,1001,265,None,1416,265,MoveLeft
4295,1001,265,None,1416,265,None
4295,1001,265,None,1409,265,MoveLeft
4296,1001,265,None,1409,265,None
4296,1001,265,None,1402,265,MoveLeft
4297,1001,265,None,1402,265,None
4297,1001,265,None,1395,265,MoveLeft
4298,1001,265,Bump,1395,265,None
4298,1001,265,None,1395,265,None
4298,1001,265,None,1388,265,MoveLeft
4299,1001,265,None,1395,265,MoveRight
4300,1001,265,None,1402,265,MoveRight
4301,1001,265,None,1409,265,MoveRight
4302,1001,265,None,1416,265,MoveRight
4303,1001,265,None,1423,265,MoveRight
4304,1001,265,None,1430,265,MoveRight
4305,1001,265,None,1437,265,MoveRight
4306,1001,265,None,1444,265,MoveRight
4307,1001,265,None,1451,265,MoveRight
4308,1001,265,None,1458,265,MoveRight
4309,1001,265,None,1465,265,MoveRight
4310,1001,265,None,1472,265,MoveRight
4311,1001,265,None,1479,265,MoveRight
4312,1001,265,None,1486,265,MoveRight
4313,1001,265,None,1493,265,MoveRight
4314,1001,265,None,1500,265,MoveRight
4315,1001,265,None,1507,265,MoveRight
4316,1001,265,None,1514,265,MoveRight
4317,1001,265,None,1521,265,MoveRight
4318,1001,265,None,1528,265,MoveRight
4319,1001,265,None,1535,265,MoveRight
4320,1001,265,None,1542,265,MoveRight
4321,1008,265,MoveRight,1542,265,None
4321,1008,265,None,1549,265,MoveRight
4322,1015,265,MoveRight,1549,265,None
4322,1015,265,None,1556,265,MoveRight
4323,1022,265,MoveRight,1556,265,None
4323,1022,265,None,1563,265,MoveRight
4324,1029,265,MoveRight,1563,265,None
4325,1036,265,MoveRight,1563,265,None
4326,1043,265,MoveRight,1563,265,None
4327,1050,265,MoveRight,1563,265,None
4328,1057,265,MoveRight,1563,265,None
4329,1064,265,MoveRight,1563,265,None
4330,1071,265,MoveRight,1563,265,None
4331,1078,265,MoveRight,1563,265,None
4332,1085,265,MoveRight,1563,265,None
4333,1092,265,MoveRight,1563,265,None
4334,1099,265,MoveRight,1563,265,None
4335,1106,265,MoveRight,1563,265,None
4336,1113,265,MoveRight,1563,265,None
4337,1120,265,MoveRight,1563,265,None
4338,1127,265,MoveRight,1563,265,None
4339,1134,265,MoveRight,1563,265,None
4340,1141,265,MoveRight,1563,265,None
4341,1148,265,MoveRight,1563,265,None
4342,1155,265,MoveRight,1563,265,None
4343,1162,265,MoveRight,1563,265,None
4344,1169,265,MoveRight,1563,265,None
4345,1176,265,MoveRight,1563,265,None
4348,1169,265,MoveLeft,1563,265,None
4349,1162,265,MoveLeft,1563,265,None
4350,1155,265,MoveLeft,1563,265,None
4351,1148,265,MoveLeft,1563,265,None
4352,1141,265,MoveLeft,1563,265,None
4353,1134,265,MoveLeft,1563,265,None
4354,1127,265,MoveLeft,1563,265,None
4355,1120,265,MoveLeft,1563,265,None
4356,1113,265,MoveLeft,1563,265,None
4357,1106,265,MoveLeft,1563,265,None
4358,1099,265,MoveLeft,1563,265,None
4359,1092,265,MoveLeft,1563,265,None
4360,1085,265,MoveLeft,1563,265,None
4361,1078,265,MoveLeft,1563,265,None
4362,1071,265,MoveLeft,1563,265,None
4363,1064,265,MoveLeft,1563,265,None
4364,1057,265,MoveLeft,1563,265,None
4365,1050,265,MoveLeft,1563,265,None
4366,1043,265,MoveLeft,1563,265,None
4367,1036,265,MoveLeft,1563,265,None
4368,1029,265,MoveLeft,1563,265,None
4369,1022,265,MoveLeft,1563,265,None
4370,1015,265,MoveLeft,1563,265,None
4371,1008,265,MoveLeft,1563,265,None
4372,1001,265,MoveLeft,1563,265,None
4373,994,265,MoveLeft,1563,265,None
4374,987,265,MoveLeft,1563,265,None
4375,980,265,MoveLeft,1563,265,None
4376,973,265,MoveLeft,1563,265,None
4377,966,265,MoveLeft,1563,265,None
4378,959,265,MoveLeft,1563,265,None
4379,952,265,MoveLeft,1563,265,None
4380,945,265,MoveLeft,1563,265,None
4381,938,265,MoveLeft,1563,265,None
4382,931,265,MoveLeft,1563,265,None
4383,924,265,MoveLeft,1563,265,None
4384,917,265,MoveLeft,1563,265,None
4385,910,265,MoveLeft,1563,265,None
4386,903,265,MoveLeft,1563,265,None
4387,896,265,MoveLeft,1563,265,None
4388,889,265,MoveLeft,1563,265,None
4389,882,265,MoveLeft,1563,265,None
4390,875,265,MoveLeft,1563,265,None
4391,868,265,MoveLeft,1563,265,None
4392,861,265,MoveLeft,1563,265,None
4393,854,265,MoveLeft,1563,265,None
4394,847,265,MoveLeft,1563,265,None
4395,840,265,MoveLeft,1563,265,None
4396,833,265,MoveLeft,1563,265,None
4397,826,265,MoveLeft,1563,265,None
4398,826,265,None,1563,265,SpikeMedium
4398,826,265,None,1563,265,None
4424,819,265,MoveLeft,1563,265,None
4425,812,265,MoveLeft,1563,265,None
4426,805,265,MoveLeft,1563,265,None
4427,798,265,MoveLeft,1563,265,None
4428,791,265,MoveLeft,1563,265,None
4429,784,265,MoveLeft,1563,265,None
4430,777,265,MoveLeft,1563,265,None
4431,770,265,MoveLeft,1563,265,None
4432,763,265,MoveLeft,1563,265,None
4433,756,265,MoveLeft,1563,265,None
4434,749,265,MoveLeft,1563,265,None
4435,742,265,MoveLeft,1563,265,None
4436,735,265,MoveLeft,1563,265,None
4437,728,265,MoveLeft,1563,265,None
4438,721,265,MoveLeft,1563,265,None
4439,714,265,MoveLeft,1563,265,None
4440,707,265,MoveLeft,1563,265,None
4441,700,265,MoveLeft,1563,265,None
4442,693,265,MoveLeft,1563,265,None
4443,686,265,MoveLeft,1563,265,None
4444,686,265,None,1563,265,None
4445,686,265,None,1563,265,None
4446,686,265,None,1563,265,None
4447,686,265,None,1563,265,None
4448,686,265,None,1563,265,None
4449,686,265,None,1563,265,None
4450,686,265,None,1563,265,None
4451,686,265,None,1563,265,None
4452,686,265,None,1563,265,None
4453,686,265,None,1563,265,None
4454,686,265,None,1563,265,None
4455,686,265,None,1563,265,None
4456,686,265,None,1563,265,None
4457,686,265,None,1563,265,None
4458,686,265,None,1563,265,None
4459,686,265,None,1563,265,None
4460,686,265,Bump,1563,265,None
4460,686,265,None,1563,265,None
4461,686,265,None,1556,265,MoveLeft
4462,686,265,None,1549,265,MoveLeft
4463,686,265,None,1542,265,MoveLeft
4464,686,265,None,1535,265,MoveLeft
4465,686,265,None,1528,265,MoveLeft
4466,686,265,None,1521,265,MoveLeft
4467,686,265,None,1514,265,MoveLeft
4468,686,265,None,1507,265,MoveLeft
4469,686,265,None,1500,265,MoveLeft
4470,686,265,None,1493,265,MoveLeft
4471,686,265,None,1486,265,MoveLeft
4472,686,265,None,1479,265,MoveLeft
4473,686,265,None,1472,265,MoveLeft
4474,686,265,None,1465,265,MoveLeft
4475,686,265,None,1458,265,MoveLeft
4476,686,265,None,1451,265,MoveLeft
4477,686,265,None,1444,265,MoveLeft
4478,686,265,None,1437,265,MoveLeft
4479,693,265,MoveRight,1437,265,None
4479,693,265,None,1430,265,MoveLeft
4480,700,265,MoveRight,1430,265,None
4480,700,265,None,1423,265,MoveLeft
4481,707,265,MoveRight,1423,265,None
4481,707,265,None,1416,265,MoveLeft
4482,714,265,MoveRight,1416,265,None
4482,714,265,None,1409,265,MoveLeft
4483,721,265,MoveRight,1409,265,None
4483,721,265,None,1402,265,MoveLeft
4484,728,265,MoveRight,1402,265,None
4484,728,265,None,1395,265,MoveLeft
4485,735,265,MoveRight,1395,265,None
4485,735,265,None,1388,265,MoveLeft
4486,742,265,MoveRight,1388,265,None
4486,742,265,None,1381,265,MoveLeft
4487,749,265,MoveRight,1381,265,None
4487,749,265,None,1374,265,MoveLeft
4488,756,265,MoveRight,1374,265,None
4488,756,265,None,1367,265,MoveLeft
4489,763,265,MoveRight,1367,265,None
4489,763,265,None,1360,265,MoveLeft
4490,770,265,MoveRight,1360,265,None
4490,770,265,None,1353,265,MoveLeft
4491,777,265,MoveRight,1353,265,None
4491,777,265,None,1346,265,MoveLeft
4492,784,265,MoveRight,1346,265,None
4493,791,265,MoveRight,1346,265,None
4494,798,265,MoveRight,1346,265,None
4495,805,265,MoveRight,1346,265,None
4496,812,265,MoveRight,1346,265,None
4497,819,265,MoveRight,1346,265,None
4498,826,265,MoveRight,1346,265,None
4499,833,265,MoveRight,1346,265,None
4500,840,265,MoveRight,1346,265,None
4501,847,265,MoveRight,1346,265,None
4502,854,265,MoveRight,1346,265,None
4503,861,265,MoveRight,1346,265,None
4504,868,265,MoveRight,1346,265,None
4505,875,265,MoveRight,1346,265,None
4506,882,265,MoveRight,1346,265,None
4507,889,265,MoveRight,1346,265,None
4508,896,265,MoveRight,1346,265,None
4509,903,265,MoveRight,1346,265,None
4510,910,265,MoveRight,1346,265,None
4511,917,265,MoveRight,1346,265,None
4512,924,265,MoveRight,1346,265,None
4513,931,265,MoveRight,1346,265,None
4514,938,265,MoveRight,1346,265,None
4515,945,265,MoveRight,1346,265,None
4516,952,265,MoveRight,1346,265,None
4517,959,265,MoveRight,1346,265,None
4518,966,265,MoveRight,1346,265,None
4519,973,265,MoveRight,1346,265,None
4520,980,265,MoveRight,1346,265,None
4521,987,265,MoveRight,1346,265,None
4522,994,265,MoveRight,1346,265,None
4523,1001,265,MoveRight,1346,265,None
4524,1008,265,MoveRight,1346,265,None
4525,1015,265,MoveRight,1346,265,None
4526,1022,265,MoveRight,1346,265,None
4527,1029,265,MoveRight,1346,265,None
4528,1036,265,MoveRight,1346,265,None
4529,1043,265,MoveRight,1346,265,None
4530,1050,265,MoveRight,1346,265,None
4531,1057,265,MoveRight,1346,265,None
4532,1064,265,MoveRight,1346,265,None
4533,1071,265,MoveRight,1346,265,None
4534,1078,265,MoveRight,1346,265,None
4535,1085,265,MoveRight,1346,265,None
4536,1092,265,MoveRight,1346,265,None
4537,1099,265,MoveRight,1346,265,None
4548,1106,265,MoveRight,1346,265,None
4549,1113,265,MoveRight,1346,265,None
4550,1120,265,MoveRight,1346,265,None
4551,1127,265,MoveRight,1346,265,None
4552,1127,265,Bump,1346,265,None
4552,1134,265,MoveRight,1346,265,None
4553,1134,265,None,1353,265,MoveRight
4554,1134,265,None,1360,265,MoveRight
4555,1134,265,None,1367,265,MoveRight
4556,1134,265,None,1374,265,MoveRight
4557,1134,265,None,1381,265,MoveRight
4558,1134,265,None,1388,265,MoveRight
4559,1134,265,None,1395,265,MoveRight
4560,1134,265,None,1402,265,MoveRight
4561,1134,265,None,1409,265,MoveRight
4562,1134,265,None,1416,265,MoveRight
4563,1134,265,None,1423,265,MoveRight
4564,1134,265,None,1430,265,MoveRight
4565,1134,265,None,1437,265,MoveRight
4566,1134,265,None,1444,265,MoveRight
4567,1134,265,None,1451,265,MoveRight
4568,1134,265,None,1458,265,MoveRight
4569,1134,265,None,1465,265,MoveRight
4570,1134,265,None,1472,265,MoveRight
4571,1134,265,None,1479,265,MoveRight
4572,1134,265,None,1486,265,MoveRight
4573,1134,265,None,1493,265,MoveRight
4574,1134,265,None,1500,265,MoveRight
4575,1127,265,MoveLeft,1500,265,None
4575,1127,265,None,1507,265,MoveRight
4576,1120,265,MoveLeft,1507,265,None
4576,1120,265,None,1514,265,MoveRight
4577,1113,265,MoveLeft,1514,265,None
4577,1113,265,None,1521,265,MoveRight
4578,1106,265,MoveLeft,1521,265,None
4578,1106,265,None,1528,265,MoveRight
4579,1099,265,MoveLeft,1528,265,None
4579,1099,265,None,1535,265,MoveRight
4580,1092,265,MoveLeft,1535,265,None
4580,1092,265,None,1542,265,MoveRight
4581,1085,265,MoveLeft,1542,265,None
4581,1085,265,None,1549,265,MoveRight
4582,1078,265,MoveLeft,1549,265,None
4582,1078,265,None,1556,265,MoveRight
4583,1071,265,MoveLeft,1556,265,None
4583,1071,265,None,1563,265,MoveRight
4584,1064,265,MoveLeft,1563,265,None
4584,1064,265,None,1570,265,MoveRight
4585,1057,265,MoveLeft,1570,265,None
4585,1057,265,None,1577,265,MoveRight
4586,1050,265,MoveLeft,1577,265,None
4586,1050,265,None,1584,265,MoveRight
4587,1043,265,MoveLeft,1584,265,None
4587,1043,265,None,1591,265,MoveRight
4588,1036,265,MoveLeft,1591,265,None
4588,1036,265,None,1598,265,MoveRight
4589,1029,265,MoveLeft,1598,265,None
4589,1029,265,None,1605,265,MoveRight
4590,1022,265,MoveLeft,1605,265,None
4590,1022,265,None,1612,265,MoveRight
4591,1015,265,MoveLeft,1612,265,None
4591,1015,265,None,1619,265,MoveRight
4592,1008,265,MoveLeft,1619,265,None
4592,1008,265,None,1626,265,MoveRight
4593,1001,265,MoveLeft,1626,265,None
4593,1001,265,None,1633,265,MoveRight
4594,994,265,MoveLeft,1633,265,None
4594,994,265,None,1640,265,MoveRight
4595,987,265,MoveLeft,1640,265,None
4595,987,265,None,1647,265,MoveRight
4596,980,265,MoveLeft,1647,265,None
4596,980,265,None,1654,265,MoveRight
4597,973,265,MoveLeft,1654,265,None
4597,973,265,None,1661,265,MoveRight
4598,966,265,MoveLeft,1661,265,None
4598,966,265,None,1668,265,MoveRight
4599,959,265,MoveLeft,1668,265,None
4599,959,265,None,1675,265,MoveRight
4600,952,265,MoveLeft,1675,265,None
4600,952,265,None,1682,265,MoveRight
4601,945,265,MoveLeft,1682,265,None
4601,945,265,None,1689,265,MoveRight
4602,938,265,MoveLeft,1689,265,None
4603,931,265,MoveLeft,1689,265,None
4604,924,265,MoveLeft,1689,265,None
4605,917,265,MoveLeft,1689,265,None
4606,910,265,MoveLeft,1689,265,None
4607,903,265,MoveLeft,1689,265,None
4608,896,265,MoveLeft,1689,265,None
4609,889,265,MoveLeft,1689,265,None
4610,882,265,MoveLeft,1689,265,None
4611,875,265,MoveLeft,1689,265,None
4612,868,265,MoveLeft,1689,265,None
4613,861,265,MoveLeft,1689,265,None
4614,854,265,MoveLeft,1689,265,None
4615,847,265,MoveLeft,1689,265,None
4616,840,265,MoveLeft,1689,265,None
4617,833,265,MoveLeft,1689,265,None
4618,826,265,MoveLeft,1689,265,None
4619,819,265,MoveLeft,1689,265,None
4620,812,265,MoveLeft,1689,265,None
4621,805,265,MoveLeft,1689,265,None
4622,798,265,MoveLeft,1689,265,None
4623,791,265,MoveLeft,1689,265,None
4624,784,265,MoveLeft,1689,265,None
4625,777,265,MoveLeft,1689,265,None
4626,770,265,MoveLeft,1689,265,None
4627,763,265,MoveLeft,1689,265,None
4628,756,265,MoveLeft,1689,265,None
4629,749,265,MoveLeft,1689,265,None
4630,742,265,MoveLeft,1689,265,None
4631,735,265,MoveLeft,1689,265,None
4632,728,265,MoveLeft,1689,265,None
4633,721,265,MoveLeft,1689,265,None
4634,714,265,MoveLeft,1689,265,None
4635,707,265,MoveLeft,1689,265,None
4636,700,265,MoveLeft,1689,265,None
4637,693,265,MoveLeft,1689,265,None
4638,686,265,MoveLeft,1689,265,None
4639,679,265,MoveLeft,1689,265,None
4640,672,265,MoveLeft,1689,265,None
4641,665,265,MoveLeft,1689,265,None
4651,672,265,MoveRight,1689,265,None
4652,672,265,None,1689,265,SpikeLight
4652,679,265,MoveRight,1689,265,None
4652,679,265,None,1689,265,None
4653,686,265,MoveRight,1689,265,None
4654,693,265,MoveRight,1689,265,None
4655,700,265,MoveRight,1689,265,None
4656,707,265,MoveRight,1689,265,None
4657,714,265,MoveRight,1689,265,None
4658,721,265,MoveRight,1689,265,None
4659,728,265,MoveRight,1689,265,None
4660,735,265,MoveRight,1689,265,None
4661,742,265,MoveRight,1689,265,None
4662,749,265,MoveRight,1689,265,None
4663,756,265,MoveRight,1689,265,None
4664,763,265,MoveRight,1689,265,None
4665,770,265,MoveRight,1689,265,None
4666,777,265,MoveRight,1689,265,None
4667,784,265,MoveRight,1689,265,None
4668,791,265,MoveRight,1689,265,None
4669,798,265,MoveRight,1689,265,None
4670,805,265,MoveRight,1689,265,None
4671,812,265,MoveRight,1689,265,None
4672,819,265,MoveRight,1689,265,None
4673,826,265,MoveRight,1689,265,None
4674,833,265,MoveRight,1689,265,None
4675,840,265,MoveRight,1689,265,None
4676,847,265,MoveRight,1689,265,None
4677,854,265,MoveRight,1689,265,None
4678,861,265,MoveRight,1689,265,None
4686,868,265,MoveRight,1689,265,None
4687,875,265,MoveRight,1689,265,None
4688,882,265,MoveRight,1689,265,None
4689,889,265,MoveRight,1689,265,None
4690,896,265,MoveRight,1689,265,None
4691,903,265,MoveRight,1689,265,None
4692,910,265,MoveRight,1689,265,None
4693,917,265,MoveRight,1689,265,None
4694,924,265,MoveRight,1689,265,None
4695,931,265,MoveRight,1689,265,None
4696,938,265,MoveRight,1689,265,None
4697,945,265,MoveRight,1689,265,None
4698,952,265,MoveRight,1689,265,None
4699,959,265,MoveRight,1689,265,None
4700,966,265,MoveRight,1689,265,None
4701,973,265,MoveRight,1689,265,None
4702,980,265,MoveRight,1689,265,None
4703,987,265,MoveRight,1689,265,None
4704,994,265,MoveRight,1689,265,None
4705,1001,265,MoveRight,1689,265,None
4706,1008,265,MoveRight,1689,265,None
4707,1015,265,MoveRight,1689,265,None
4708,1022,265,MoveRight,1689,265,None
4709,1029,265,MoveRight,1689,265,None
4710,1036,265,MoveRight,1689,265,None
4711,1043,265,MoveRight,1689,265,None
4712,1050,265,MoveRight,1689,265,None
4713,1057,265,MoveRight,1689,265,None
4714,1064,265,MoveRight,1689,265,None
4715,1071,265,MoveRight,1689,265,None
4716,1078,265,MoveRight,1689,265,None
4717,337,265,MoveRight,1850,265,None
4718,344,265,MoveRight,1850,265,None
4719,351,265,MoveRight,1850,265,None
4720,358,265,MoveRight,1850,265,None
4721,365,265,MoveRight,1850,265,None
4722,372,265,MoveRight,1850,265,None
4723,379,265,MoveRight,1850,265,None
4756,386,265,MoveRight,1850,265,None
4757,393,265,MoveRight,1850,265,None
4758,400,265,MoveRight,1850,265,None
4759,407,265,MoveRight,1850,265,None
4760,414,265,MoveRight,1850,265,None
4761,421,265,MoveRight,1850,265,None
4762,428,265,MoveRight,1850,265,None
4763,435,265,MoveRight,1850,265,None
4764,442,265,MoveRight,1850,265,None
4765,449,265,MoveRight,1850,265,None
4766,456,265,MoveRight,1850,265,None
4767,463,265,MoveRight,1850,265,None
4768,470,265,MoveRight,1850,265,None
4769,477,265,MoveRight,1850,265,None
4770,484,265,MoveRight,1850,265,None
4771,491,265,MoveRight,1850,265,None
4814,491,265,Serve,1850,265,None
4814,491,265,None,1850,265,None
4815,491,265,None,1857,265,MoveRight
4816,491,265,None,1864,265,MoveRight
4817,491,265,None,1871,265,MoveRight
4818,491,265,None,1878,265,MoveRight
4819,491,265,None,1885,265,MoveRight
4820,491,265,None,1892,265,MoveRight
4821,491,265,None,1899,265,MoveRight
4822,491,265,None,1906,265,MoveRight
4823,491,265,None,1913,265,MoveRight
4824,491,265,None,1920,265,MoveRight
4825,491,265,None,1927,265,MoveRight
4826,491,265,None,1934,265,MoveRight
4827,491,265,None,1941,265,MoveRight
4828,491,265,None,1948,265,MoveRight
4829,491,265,None,1955,265,MoveRight
4830,491,265,None,1962,265,MoveRight
4831,491,265,None,1969,265,MoveRight
4832,491,265,None,1976,265,MoveRight
4833,491,265,None,1983,265,MoveRight
4834,498,265,MoveRight,1983,265,None
4834,498,265,None,1990,265,MoveRight
4835,505,265,MoveRight,1990,265,None
4835,505,265,None,1997,265,MoveRight
4836,512,265,MoveRight,1997,265,None
4836,512,265,None,2004,265,MoveRight
4837,519,265,MoveRight,2004,265,None
4837,519,265,None,2011,265,MoveRight
4838,526,265,MoveRight,2011,265,None
4838,526,265,None,2018,265,MoveRight
4839,533,265,MoveRight,2018,265,None
4839,533,265,None,2025,265,MoveRight
4840,540,265,MoveRight,2025,265,None
4840,540,265,None,2032,265,MoveRight
4841,547,265,MoveRight,2032,265,None
4841,547,265,None,2039,265,MoveRight
4842,554,265,MoveRight,2039,265,None
4843,561,265,MoveRight,2039,265,None
4844,568,265,MoveRight,2039,265,None
4845,575,265,MoveRight,2039,265,None
4846,582,265,MoveRight,2039,265,None
4847,589,265,MoveRight,2039,265,None
4848,596,265,MoveRight,2039,265,None
4849,603,265,MoveRight,2039,265,None
4850,610,265,MoveRight,2039,265,None
4851,617,265,MoveRight,2039,265,None
4852,624,265,MoveRight,2039,265,None
4853,631,265,MoveRight,2039,265,None
4854,638,265,MoveRight,2039,265,None
4855,645,265,MoveRight,2039,265,None
4856,652,265,MoveRight,2039,265,None
4857,659,265,MoveRight,2039,265,None
4858,666,265,MoveRight,2039,265,None
4859,673,265,MoveRight,2039,265,None
4860,680,265,MoveRight,2039,265,None
4861,687,265,MoveRight,2039,265,None
4862,694,265,MoveRight,2039,265,None
4863,701,265,MoveRight,2039,265,None
4864,708,265,MoveRight,2039,265,None
4865,715,265,MoveRight,2039,265,None
4866,722,265,MoveRight,2039,265,None
4867,729,265,MoveRight,2039,265,None
4873,736,265,MoveRight,2039,265,None
4874,743,265,MoveRight,2039,265,None
4875,750,265,MoveRight,2039,265,None
4876,757,265,MoveRight,2039,265,None
4877,764,265,MoveRight,2039,265,None
4878,771,265,MoveRight,2039,265,None
4879,778,265,MoveRight,2039,265,None
4880,785,265,MoveRight,2039,265,None
4881,792,265,MoveRight,2039,265,None
4882,799,265,MoveRight,2039,265,None
4883,806,265,MoveRight,2039,265,None
4884,813,265,MoveRight,2039,265,None
4885,820,265,MoveRight,2039,265,None
4886,827,265,MoveRight,2039,265,None
4887,834,265,MoveRight,2039,265,None
4888,834,265,None,2039,265,SpikeMedium
4888,841,265,MoveRight,2039,265,None
4888,841,265,None,2039,265,None
4889,848,265,MoveRight,2039,265,None
4890,855,265,MoveRight,2039,265,None
4891,862,265,MoveRight,2039,265,None
4892,869,265,MoveRight,2039,265,None
4893,876,265,MoveRight,2039,265,None
4894,883,265,MoveRight,2039,265,None
4895,890,265,MoveRight,2039,265,None
4896,897,265,MoveRight,2039,265,None
4897,904,265,MoveRight,2039,265,None
4898,911,265,MoveRight,2039,265,None
4899,918,265,MoveRight,2039,265,None
4900,925,265,MoveRight,2039,265,None
4901,932,265,MoveRight,2039,265,None
4902,939,265,MoveRight,2039,265,None
4903,946,265,MoveRight,2039,265,None
4904,953,265,MoveRight,2039,265,None
4905,960,265,MoveRight,2039,265,None
4906,967,265,MoveRight,2039,265,None
4907,974,265,MoveRight,2039,265,None
4908,981,265,MoveRight,2039,265,None
4909,988,265,MoveRight,2039,265,None
4910,995,265,MoveRight,2039,265,None
4911,1002,265,MoveRight,2039,265,None
4912,1009,265,MoveRight,2039,265,None
4913,1016,265,MoveRight,2039,265,None
4914,1023,265,MoveRight,2039,265,None
4915,1030,265,MoveRight,2039,265,None
4916,1037,265,MoveRight,2039,265,None
4917,1044,265,MoveRight,2039,265,None
4918,1051,265,MoveRight,2039,265,None
4919,1058,265,MoveRight,2039,265,None
4920,1065,265,MoveRight,2039,265,None
4921,1072,265,MoveRight,2039,265,None
4922,1079,265,MoveRight,2039,265,None
4923,1086,265,MoveRight,2039,265,None
4924,1093,265,MoveRight,2039,265,None
4925,1100,265,MoveRight,2039,265,None
4926,1107,265,MoveRight,2039,265,None
4927,1114,265,MoveRight,2039,265,None
4928,1121,265,MoveRight,2039,265,None
4929,1128,265,MoveRight,2039,265,None
4930,1135,265,MoveRight,2039,265,None
4931,1142,265,MoveRight,2039,265,None
4932,1142,265,None,2039,265,None
4933,1142,265,None,2039,265,None
4934,1142,265,None,2039,265,None
4935,1142,265,None,2039,265,None
4936,1142,265,None,2039,265,None
4937,1142,265,None,2039,265,None
4938,1142,265,None,2039,265,None
4939,1142,265,None,2039,265,None
4940,1142,265,None,2039,265,None
4941,1142,265,None,2039,265,None
4942,1142,265,None,2039,265,None
4943,1142,265,None,2039,265,None
4944,1142,265,None,2039,265,None
4945,1142,265,None,2039,265,None
4946,1142,265,None,2039,265,None
4947,1142,265,None,2039,265,None
4948,1142,265,None,2039,265,None
4949,1142,265,None,2039,265,None
4950,1142,265,Bump,2039,265,None
4950,1142,265,None,2039,265,None
4951,1142,265,None,2032,265,MoveLeft
4952,1142,265,None,2025,265,MoveLeft
4953,1142,265,None,2018,265,MoveLeft
4954,1142,265,None,2011,265,MoveLeft
4955,1142,265,None,2004,265,MoveLeft
4956,1142,265,None,1997,265,MoveLeft
4957,1142,265,None,1990,265,MoveLeft
4958,1142,265,None,1983,265,MoveLeft
4959,1142,265,None,1976,265,MoveLeft
4960,1142,265,None,1969,265,MoveLeft
4961,1142,265,None,1962,265,MoveLeft
4962,1142,265,None,1955,265,MoveLeft
4963,1142,265,None,1948,265,MoveLeft
4964,1142,265,None,1941,265,MoveLeft
4965,1142,265,None,1934,265,MoveLeft
4966,1142,265,None,1927,265,MoveLeft
4967,1142,265,None,1920,265,MoveLeft
4968,1142,265,None,1913,265,MoveLeft
4969,1142,265,None,1906,265,MoveLeft
4970,1135,265,MoveLeft,1906,265,None
4970,1135,265,None,1899,265,MoveLeft
4971,1128,265,MoveLeft,1899,265,None
4971,1128,265,None,1892,265,MoveLeft
4972,1121,265,MoveLeft,1892,265,None
4972,1121,265,None,1885,265,MoveLeft
4973,1114,265,MoveLeft,1885,265,None
4973,1114,265,None,1878,265,MoveLeft
4974,1107,265,MoveLeft,1878,265,None
4974,1107,265,None,1871,265,MoveLeft
4975,1100,265,MoveLeft,1871,265,None
4975,1100,265,None,1864,265,MoveLeft
4976,1093,265,MoveLeft,1864,265,None
4976,1093,265,None,1857,265,MoveLeft
4977,1086,265,MoveLeft,1857,265,None
4977,1086,265,None,1850,265,MoveLeft
4978,1079,265,MoveLeft,1850,265,None
4978,1079,265,None,1843,265,MoveLeft
4979,1072,265,MoveLeft,1843,265,None
4979,1072,265,None,1836,265,MoveLeft
4980,1065,265,MoveLeft,1836,265,None
4980,1065,265,None,1829,265,MoveLeft
4981,1058,265,MoveLeft,1829,265,None
4981,1058,265,None,1822,265,MoveLeft
4982,1051,265,MoveLeft,1822,265,None
4982,1051,265,None,1815,265,MoveLeft
4983,1044,265,MoveLeft,1815,265,None
4983,1044,265,None,1808,265,MoveLeft
4984,1037,265,MoveLeft,1808,265,None
4984,1037,265,None,1801,265,MoveLeft
4985,1030,265,MoveLeft,1801,265,None
4985,1030,265,None,1794,265,MoveLeft
4986,1023,265,MoveLeft,1794,265,None
4986,1023,265,None,1787,265,MoveLeft
4987,1016,265,MoveLeft,1787,265,None
4987,1016,265,None,1780,265,MoveLeft
4988,1009,265,MoveLeft,1780,265,None
4988,1009,265,None,1773,265,MoveLeft
4989,1002,265,MoveLeft,1773,265,None
4989,1002,265,None,1766,265,MoveLeft
4990,995,265,MoveLeft,1766,265,None
4990,995,265,None,1759,265,MoveLeft
4991,988,265,MoveLeft,1759,265,None
4991,988,265,None,1752,265,MoveLeft
4992,981,265,MoveLeft,1752,265,None
4992,981,265,None,1745,265,MoveLeft
4993,974,265,MoveLeft,1745,265,None
4993,974,265,None,1738,265,MoveLeft
4994,967,265,MoveLeft,1738,265,None
4994,967,265,None,1731,265,MoveLeft
4995,960,265,MoveLeft,1731,265,None
4995,960,265,None,1724,265,MoveLeft
4996,953,265,MoveLeft,1724,265,None
4996,953,265,None,1717,265,MoveLeft
4997,946,265,MoveLeft,1717,265,None
4998,939,265,MoveLeft,1717,265,None
4999,932,265,MoveLeft,1717,265,None
5000,925,265,MoveLeft,1717,265,None
5001,918,265,MoveLeft,1717,265,None
5002,911,265,MoveLeft,1717,265,None
5003,904,265,MoveLeft,1717,265,None
5004,897,265,MoveLeft,1717,265,None
5005,890,265,MoveLeft,1717,265,None
5006,883,265,MoveLeft,1717,265,None
5007,876,265,MoveLeft,1717,265,None
5008,869,265,MoveLeft,1717,265,None
5009,862,265,MoveLeft,1717,265,None
5010,855,265,MoveLeft,1717,265,None
5011,848,265,MoveLeft,1717,265,None
5012,841,265,MoveLeft,1717,265,None
5013,834,265,MoveLeft,1717,265,None
5014,827,265,MoveLeft,1717,265,None
5015,820,265,MoveLeft,1717,265,None
5016,813,265,MoveLeft,1717,265,None
5017,806,265,MoveLeft,1717,265,None
5018,799,265,MoveLeft,1717,265,None
5019,792,265,MoveLeft,1717,265,None
5020,785,265,MoveLeft,1717,265,None
5021,778,265,MoveLeft,1717,265,None
5032,785,265,MoveRight,1717,265,None
5033,792,265,MoveRight,1717,265,None
5034,799,265,MoveRight,1717,265,None
5035,806,265,MoveRight,1717,265,None
5036,813,265,MoveRight,1717,265,None
5037,820,265,MoveRight,1717,265,None
5038,827,265,MoveRight,1717,265,None
5039,834,265,MoveRight,1717,265,None
5040,841,265,MoveRight,1717,265,None
5041,848,265,MoveRight,1717,265,None
5042,855,265,MoveRight,1717,265,None
5043,862,265,MoveRight,1717,265,None
5044,869,265,MoveRight,1717,265,None
5045,876,265,MoveRight,1717,265,None
5046,883,265,MoveRight,1717,265,None
5047,890,265,MoveRight,1717,265,None
5048,897,265,MoveRight,1717,265,None
5049,904,265,MoveRight,1717,265,None
5050,911,265,MoveRight,1717,265,None
5051,911,265,None,1717,265,SpikeStrong
5051,918,265,MoveRight,1717,265,None
5051,918,265,None,1717,265,None
5052,911,265,MoveLeft,1717,265,None
5053,904,265,MoveLeft,1717,265,None
5054,897,265,MoveLeft,1717,265,None
5055,890,265,MoveLeft,1717,265,None
5056,883,265,MoveLeft,1717,265,None
5057,876,265,MoveLeft,1717,265,None
5058,869,265,MoveLeft,1717,265,None
5059,862,265,MoveLeft,1717,265,None
5060,855,265,MoveLeft,1717,265,None
5061,848,265,MoveLeft,1717,265,None
5062,841,265,MoveLeft,1717,265,None
5063,834,265,MoveLeft,1717,265,None
5064,827,265,MoveLeft,1717,265,None
5065,820,265,MoveLeft,1717,265,None
5066,813,265,MoveLeft,1717,265,None
5067,806,265,MoveLeft,1717,265,None
5068,799,265,MoveLeft,1717,265,None
5069,792,265,MoveLeft,1717,265,None
5070,785,265,MoveLeft,1717,265,None
5071,778,265,MoveLeft,1717,265,None
5072,771,265,MoveLeft,1717,265,None
5073,764,265,MoveLeft,1717,265,None
5074,757,265,MoveLeft,1717,265,None
5075,750,265,MoveLeft,1717,265,None
5076,743,265,MoveLeft,1717,265,None
5077,736,265,MoveLeft,1717,265,None
5078,729,265,MoveLeft,1717,265,None
5079,722,265,MoveLeft,1717,265,None
5080,715,265,MoveLeft,1717,265,None
5081,708,265,MoveLeft,1717,265,None
5082,701,265,MoveLeft,1717,265,None
5083,694,265,MoveLeft,1717,265,None
5084,687,265,MoveLeft,1717,265,None
5085,680,265,MoveLeft,1717,265,None
5086,673,265,MoveLeft,1717,265,None
5087,666,265,MoveLeft,1717,265,None
5088,659,265,MoveLeft,1717,265,None
5089,652,265,MoveLeft,1717,265,None
5090,645,265,MoveLeft,1717,265,None
5091,638,265,MoveLeft,1717,265,None
5092,631,265,MoveLeft,1717,265,None
5093,624,265,MoveLeft,1717,265,None
5094,617,265,MoveLeft,1717,265,None
5095,610,265,MoveLeft,1717,265,None
5096,603,265,MoveLeft,1717,265,None
5097,596,265,MoveLeft,1717,265,None
5098,589,265,MoveLeft,1717,265,None
5099,582,265,MoveLeft,1717,265,None
