Frame,PlayerPosX,PlayerPosY,PlayerEvent,BotPosX,BotPosY,BotEvent
1,970,265,None,1843,265,MoveLeft
2,970,265,None,1836,265,MoveLeft
3,970,265,None,1829,265,MoveLeft
4,970,265,None,1822,265,MoveLeft
5,970,265,None,1815,265,MoveLeft
6,970,265,None,1808,265,MoveLeft
7,970,265,None,1801,265,MoveLeft
8,970,265,None,1794,265,MoveLeft
9,970,265,None,1787,265,MoveLeft
10,970,265,None,1780,265,MoveLeft
11,970,265,None,1773,265,MoveLeft
12,970,265,None,1766,265,MoveLeft
13,970,265,None,1759,265,MoveLeft
14,970,265,None,1752,265,MoveLeft
15,970,265,None,1745,265,MoveLeft
16,970,265,None,1738,265,MoveLeft
17,970,265,None,1731,265,MoveLeft
58,977,265,MoveRight,1731,265,None
59,984,265,MoveRight,1731,265,None
60,991,265,MoveRight,1731,265,None
61,998,265,MoveRight,1731,265,None
62,1005,265,MoveRight,1731,265,None
63,1012,265,MoveRight,1731,265,None
64,1019,265,MoveRight,1731,265,None
65,1026,265,MoveRight,1731,265,None
66,1033,265,MoveRight,1731,265,None
67,1040,265,MoveRight,1731,265,None
68,1047,265,MoveRight,1731,265,None
69,1054,265,MoveRight,1731,265,None
70,1061,265,MoveRight,1731,265,None
71,1068,265,MoveRight,1731,265,None
72,1075,265,MoveRight,1731,265,None
73,1082,265,MoveRight,1731,265,None
74,1089,265,MoveRight,1731,265,None
75,1096,265,MoveRight,1731,265,None
76,1103,265,MoveRight,1731,265,None
77,1110,265,MoveRight,1731,265,None
78,1117,265,MoveRight,1731,265,None
79,1124,265,MoveRight,1731,265,None
80,1131,265,MoveRight,1731,265,None
81,1138,265,MoveRight,1731,265,None
82,1145,265,MoveRight,1731,265,None
83,1152,265,MoveRight,1731,265,None
84,1159,265,MoveRight,1731,265,None
85,1166,265,MoveRight,1731,265,None
86,1173,265,MoveRight,1731,265,None
87,1180,265,MoveRight,1731,265,None
88,1187,265,MoveRight,1731,265,None
89,1194,265,MoveRight,1731,265,None
90,1201,265,MoveRight,1731,265,None
91,1208,265,MoveRight,1731,265,None
92,1215,265,MoveRight,1731,265,None
93,1222,265,MoveRight,1731,265,None
94,1229,265,MoveRight,1731,265,None
95,1236,265,MoveRight,1731,265,None
96,1243,265,MoveRight,1731,265,None
97,1250,265,MoveRight,1731,265,None
98,1253.5,284.62,MoveRight,1731,265,None
99,1257,304.24,MoveRight,1731,265,None
119,1257,500.44,None,1731,265,None
126,1260.5,569.11,MoveRight,1731,265,None
127,1264,578.92,MoveRight,1731,265,None
128,1267.5,569.11,MoveRight,1731,265,None
129,1271,559.3,MoveRight,1731,265,None
130,1274.5,549.49,MoveRight,1731,265,None
131,1278,539.68,MoveRight,1731,265,None
132,1281.5,529.87,MoveRight,1731,265,None
133,1285,520.06,MoveRight,1731,265,None
134,1288.5,510.25,MoveRight,1731,265,None
135,1292,500.44,MoveRight,1731,265,None
136,1292,490.63,Spike,1731,265,None
136,1295.5,490.63,MoveRight,1731,265,None
137,1295.5,480.82,None,1724,265,MoveLeft
138,1295.5,471.01,None,1717,265,MoveLeft
139,1295.5,461.2,None,1710,265,MoveLeft
140,1295.5,451.39,None,1703,265,MoveLeft
141,1295.5,441.58,None,1696,265,MoveLeft
142,1295.5,431.77,None,1689,265,MoveLeft
143,1295.5,421.96,None,1682,265,MoveLeft
144,1295.5,412.15,None,1675,265,MoveLeft
145,1295.5,402.34,None,1668,265,MoveLeft
146,1295.5,392.53,None,1661,265,MoveLeft
158,323,265,MoveLeft,1850,265,None
159,316,265,MoveLeft,1850,265,None
160,309,265,MoveLeft,1850,265,None
161,302,265,MoveLeft,1850,265,None
162,295,265,MoveLeft,1850,265,None
163,288,265,MoveLeft,1850,265,None
164,281,265,MoveLeft,1850,265,None
165,274,265,MoveLeft,1850,265,None
166,267,265,MoveLeft,1850,265,None
167,260,265,MoveLeft,1850,265,None
168,253,265,MoveLeft,1850,265,None
169,246,265,MoveLeft,1850,265,None
170,239,265,MoveLeft,1850,265,None
171,232,265,MoveLeft,1850,265,None
172,225,265,MoveLeft,1850,265,None
173,218,265,MoveLeft,1850,265,None
174,211,265,MoveLeft,1850,265,None
175,204,265,MoveLeft,1850,265,None
176,197,265,MoveLeft,1850,265,None
178,204,265,MoveRight,1850,265,None
179,211,265,MoveRight,1850,265,None
180,218,265,MoveRight,1850,265,None
181,225,265,MoveRight,1850,265,None
182,232,265,MoveRight,1850,265,None
183,239,265,MoveRight,1850,265,None
184,246,265,MoveRight,1850,265,None
185,253,265,MoveRight,1850,265,None
186,260,265,MoveRight,1850,265,None
187,267,265,MoveRight,1850,265,None
188,274,265,MoveRight,1850,265,None
189,281,265,MoveRight,1850,265,None
190,288,265,MoveRight,1850,265,None
203,288,265,Serve,1850,265,None
203,288,265,None,1850,265,None
204,288,265,None,1843,265,MoveLeft
223,295,265,MoveRight,1843,265,None
224,302,265,MoveRight,1843,265,None
225,309,265,MoveRight,1843,265,None
226,316,265,MoveRight,1843,265,None
227,323,265,MoveRight,1843,265,None
228,330,265,MoveRight,1843,265,None
229,337,265,MoveRight,1843,265,None
230,344,265,MoveRight,1843,265,None
231,351,265,MoveRight,1843,265,None
232,358,265,MoveRight,1843,265,None
233,365,265,MoveRight,1843,265,None
234,372,265,MoveRight,1843,265,None
235,379,265,MoveRight,1843,265,None
236,386,265,MoveRight,1843,265,None
237,393,265,MoveRight,1843,265,None
238,400,265,MoveRight,1843,265,None
239,407,265,MoveRight,1843,265,None
240,414,265,MoveRight,1843,265,None
241,421,265,MoveRight,1843,265,None
242,428,265,MoveRight,1843,265,None
243,435,265,MoveRight,1843,265,None
244,442,265,MoveRight,1843,265,None
245,449,265,MoveRight,1843,265,None
246,456,265,MoveRight,1843,265,None
247,463,265,MoveRight,1843,265,None
248,470,265,MoveRight,1843,265,None
249,477,265,MoveRight,1843,265,None
250,484,265,MoveRight,1843,265,None
251,491,265,MoveRight,1843,265,None
252,498,265,MoveRight,1843,265,None
253,505,265,MoveRight,1843,265,None
254,512,265,MoveRight,1843,265,None
255,519,265,MoveRight,1843,265,None
256,526,265,MoveRight,1843,265,None
257,533,265,MoveRight,1843,265,None
258,540,265,MoveRight,1843,265,None
259,547,265,MoveRight,1843,265,None
260,554,265,MoveRight,1843,265,None
261,561,265,MoveRight,1843,265,None
262,568,265,MoveRight,1843,265,None
263,575,265,MoveRight,1843,265,None
277,575,265,None,1843,265,SpikeMedium
277,575,265,None,1843,265,None
379,963,265,MoveLeft,2410,265,None
380,956,265,MoveLeft,2410,265,None
381,949,265,MoveLeft,2410,265,None
382,942,265,MoveLeft,2410,265,None
383,935,265,MoveLeft,2410,265,None
384,928,265,MoveLeft,2410,265,None
385,921,265,MoveLeft,2410,265,None
386,914,265,MoveLeft,2410,265,None
396,914,265,None,2410,265,Serve
396,914,265,None,2410,265,None
399,921,265,MoveRight,2410,265,None
400,928,265,MoveRight,2410,265,None
401,935,265,MoveRight,2410,265,None
402,942,265,MoveRight,2410,265,None
403,949,265,MoveRight,2410,265,None
404,956,265,MoveRight,2410,265,None
405,963,265,MoveRight,2410,265,None
406,970,265,MoveRight,2410,265,None
407,977,265,MoveRight,2410,265,None
408,984,265,MoveRight,2410,265,None
409,991,265,MoveRight,2410,265,None
410,998,265,MoveRight,2410,265,None
417,991,265,MoveLeft,2410,265,None
418,984,265,MoveLeft,2410,265,None
419,977,265,MoveLeft,2410,265,None
420,970,265,MoveLeft,2410,265,None
421,963,265,MoveLeft,2410,265,None
422,956,265,MoveLeft,2410,265,None
423,949,265,MoveLeft,2410,265,None
424,942,265,MoveLeft,2410,265,None
425,935,265,MoveLeft,2410,265,None
426,928,265,MoveLeft,2410,265,None
427,921,265,MoveLeft,2410,265,None
428,914,265,MoveLeft,2410,265,None
429,907,265,MoveLeft,2410,265,None
430,900,265,MoveLeft,2410,265,None
431,893,265,MoveLeft,2410,265,None
432,886,265,MoveLeft,2410,265,None
433,879,265,MoveLeft,2410,265,None
443,872,265,MoveLeft,2410,265,None
444,872,265,None,2410,265,None
445,872,265,None,2410,265,None
446,872,265,None,2410,265,None
447,872,265,None,2410,265,None
448,872,265,None,2410,265,None
449,872,265,None,2410,265,None
450,872,265,None,2410,265,None
451,872,265,None,2410,265,None
452,872,265,None,2410,265,None
453,872,265,None,2410,265,None
454,872,265,None,2410,265,None
455,872,265,None,2410,265,None
456,872,265,None,2410,265,None
457,872,265,None,2410,265,None
458,872,265,None,2410,265,None
459,872,265,None,2410,265,None
460,872,265,None,2410,265,None
461,872,265,None,2410,265,None
462,872,265,None,2410,265,None
463,872,265,None,2410,265,None
464,872,265,None,2410,265,None
465,872,265,None,2410,265,None
466,872,265,None,2410,265,None
467,872,265,None,2410,265,None
468,872,265,Bump,2410,265,None
468,872,265,None,2410,265,None
469,872,265,None,2403,265,MoveLeft
470,872,265,None,2396,265,MoveLeft
471,872,265,None,2389,265,MoveLeft
472,872,265,None,2382,265,MoveLeft
473,872,265,None,2375,265,MoveLeft
474,872,265,None,2368,265,MoveLeft
475,872,265,None,2361,265,MoveLeft
476,872,265,None,2354,265,MoveLeft
477,872,265,None,2347,265,MoveLeft
478,872,265,None,2340,265,MoveLeft
479,872,265,None,2333,265,MoveLeft
480,872,265,None,2326,265,MoveLeft
481,872,265,None,2319,265,MoveLeft
482,872,265,None,2312,265,MoveLeft
483,872,265,None,2305,265,MoveLeft
484,872,265,None,2298,265,MoveLeft
485,872,265,None,2291,265,MoveLeft
486,872,265,None,2284,265,MoveLeft
487,879,265,MoveRight,2284,265,None
487,879,265,None,2277,265,MoveLeft
488,886,265,MoveRight,2277,265,None
488,886,265,None,2270,265,MoveLeft
489,893,265,MoveRight,2270,265,None
489,893,265,None,2263,265,MoveLeft
490,900,265,MoveRight,2263,265,None
490,900,265,None,2256,265,MoveLeft
491,907,265,MoveRight,2256,265,None
491,907,265,None,2249,265,MoveLeft
492,914,265,MoveRight,2249,265,None
492,914,265,None,2242,265,MoveLeft
493,921,265,MoveRight,2242,265,None
493,921,265,None,2235,265,MoveLeft
494,928,265,MoveRight,2235,265,None
494,928,265,None,2228,265,MoveLeft
495,935,265,MoveRight,2228,265,None
495,935,265,None,2221,265,MoveLeft
496,942,265,MoveRight,2221,265,None
496,942,265,None,2214,265,MoveLeft
497,949,265,MoveRight,2214,265,None
497,949,265,None,2207,265,MoveLeft
498,956,265,MoveRight,2207,265,None
498,956,265,None,2200,265,MoveLeft
499,963,265,MoveRight,2200,265,None
499,963,265,None,2193,265,MoveLeft
500,970,265,MoveRight,2193,265,None
500,970,265,None,2186,265,MoveLeft
501,977,265,MoveRight,2186,265,None
501,977,265,None,2179,265,MoveLeft
502,984,265,MoveRight,2179,265,None
502,984,265,None,2172,265,MoveLeft
503,991,265,MoveRight,2172,265,None
503,991,265,None,2165,265,MoveLeft
504,998,265,MoveRight,2165,265,None
504,998,265,None,2158,265,MoveLeft
505,1005,265,MoveRight,2158,265,None
505,1005,265,None,2151,265,MoveLeft
506,1012,265,MoveRight,2151,265,None
506,1012,265,None,2144,265,MoveLeft
507,1019,265,MoveRight,2144,265,None
507,1019,265,None,2137,265,MoveLeft
508,1026,265,MoveRight,2137,265,None
508,1026,265,None,2130,265,MoveLeft
509,1033,265,MoveRight,2130,265,None
509,1033,265,None,2123,265,MoveLeft
510,1040,265,MoveRight,2123,265,None
510,1040,265,None,2116,265,MoveLeft
511,1047,265,MoveRight,2116,265,None
511,1047,265,None,2109,265,MoveLeft
512,1054,265,MoveRight,2109,265,None
512,1054,265,None,2102,265,MoveLeft
513,1061,265,MoveRight,2102,265,None
513,1061,265,None,2095,265,MoveLeft
514,1068,265,MoveRight,2095,265,None
514,1068,265,None,2088,265,MoveLeft
515,1075,265,MoveRight,2088,265,None
515,1075,265,None,2081,265,MoveLeft
516,1082,265,MoveRight,2081,265,None
516,1082,265,None,2074,265,MoveLeft
517,1089,265,MoveRight,2074,265,None
517,1089,265,None,2067,265,MoveLeft
518,1096,265,MoveRight,2067,265,None
518,1096,265,None,2060,265,MoveLeft
519,1103,265,MoveRight,2060,265,None
519,1103,265,None,2053,265,MoveLeft
520,1110,265,MoveRight,2053,265,None
520,1110,265,None,2046,265,MoveLeft
521,1117,265,MoveRight,2046,265,None
521,1117,265,None,2039,265,MoveLeft
522,1124,265,MoveRight,2039,265,None
522,1124,265,None,2032,265,MoveLeft
523,1131,265,MoveRight,2032,265,None
523,1131,265,None,2025,265,MoveLeft
524,1138,265,MoveRight,2025,265,None
524,1138,265,None,2018,265,MoveLeft
525,1145,265,MoveRight,2018,265,None
525,1145,265,None,2011,265,MoveLeft
526,1152,265,MoveRight,2011,265,None
526,1152,265,None,2004,265,MoveLeft
527,1159,265,MoveRight,2004,265,None
527,1159,265,None,1997,265,MoveLeft
528,1166,265,MoveRight,1997,265,None
528,1166,265,None,1990,265,MoveLeft
529,1173,265,MoveRight,1990,265,None
529,1173,265,None,1983,265,MoveLeft
530,1180,265,MoveRight,1983,265,None
530,1180,265,None,1976,265,MoveLeft
531,1187,265,MoveRight,1976,265,None
531,1187,265,None,1969,265,MoveLeft
532,1194,265,MoveRight,1969,265,None
532,1194,265,None,1962,265,MoveLeft
533,1194,265,None,1955,265,MoveLeft
534,1194,265,None,1948,265,MoveLeft
535,1194,265,None,1941,265,MoveLeft
536,1187,265,MoveLeft,1941,265,None
536,1187,265,None,1934,265,MoveLeft
537,1180,265,MoveLeft,1934,265,None
537,1180,265,None,1927,265,MoveLeft
538,1173,265,MoveLeft,1927,265,None
538,1173,265,None,1920,265,MoveLeft
539,1166,265,MoveLeft,1920,265,None
539,1166,265,None,1913,265,MoveLeft
540,1159,265,MoveLeft,1913,265,None
540,1159,265,None,1906,265,MoveLeft
541,1152,265,MoveLeft,1906,265,None
541,1152,265,None,1899,265,MoveLeft
542,1145,265,MoveLeft,1899,265,None
542,1145,265,None,1892,265,MoveLeft
543,1138,265,MoveLeft,1892,265,None
543,1138,265,None,1885,265,MoveLeft
544,1131,265,MoveLeft,1885,265,None
544,1131,265,None,1878,265,MoveLeft
545,1124,265,MoveLeft,1878,265,None
545,1124,265,None,1871,265,MoveLeft
546,1117,265,MoveLeft,1871,265,None
546,1117,265,None,1864,265,MoveLeft
547,1110,265,MoveLeft,1864,265,None
547,1110,265,None,1857,265,MoveLeft
548,1103,265,MoveLeft,1857,265,None
548,1103,265,None,1850,265,MoveLeft
549,1096,265,MoveLeft,1850,265,None
549,1096,265,None,1843,265,MoveLeft
550,1089,265,MoveLeft,1843,265,None
550,1089,265,None,1836,265,MoveLeft
551,1082,265,MoveLeft,1836,265,None
551,1082,265,None,1829,265,MoveLeft
552,1075,265,MoveLeft,1829,265,None
552,1075,265,None,1822,265,MoveLeft
553,1068,265,MoveLeft,1822,265,None
553,1068,265,None,1815,265,MoveLeft
554,1061,265,MoveLeft,1815,265,None
554,1061,265,None,1808,265,MoveLeft
555,1054,265,MoveLeft,1808,265,None
555,1054,265,None,1801,265,MoveLeft
556,1047,265,MoveLeft,1801,265,None
556,1047,265,None,1794,265,MoveLeft
557,1040,265,MoveLeft,1794,265,None
557,1040,265,None,1787,265,MoveLeft
558,1033,265,MoveLeft,1787,265,None
558,1033,265,None,1780,265,MoveLeft
559,1026,265,MoveLeft,1780,265,None
559,1026,265,None,1773,265,MoveLeft
560,1019,265,MoveLeft,1773,265,None
560,1019,265,None,1766,265,MoveLeft
561,1012,265,MoveLeft,1766,265,None
561,1012,265,None,1759,265,MoveLeft
562,1005,265,MoveLeft,1759,265,None
562,1005,265,None,1752,265,MoveLeft
563,998,265,MoveLeft,1752,265,None
563,998,265,None,1745,265,MoveLeft
564,991,265,MoveLeft,1745,265,None
564,991,265,None,1738,265,MoveLeft
565,984,265,MoveLeft,1738,265,None
565,984,265,None,1731,265,MoveLeft
566,977,265,MoveLeft,1731,265,None
567,970,265,MoveLeft,1731,265,None
568,963,265,MoveLeft,1731,265,None
569,956,265,MoveLeft,1731,265,None
570,949,265,MoveLeft,1731,265,None
571,942,265,MoveLeft,1731,265,None
572,935,265,MoveLeft,1731,265,None
573,928,265,MoveLeft,1731,265,None
574,921,265,MoveLeft,1731,265,None
575,914,265,MoveLeft,1731,265,None
576,907,265,MoveLeft,1731,265,None
577,900,265,MoveLeft,1731,265,None
601,907,265,MoveRight,1731,265,None
602,914,265,MoveRight,1731,265,None
603,921,265,MoveRight,1731,265,None
604,928,265,MoveRight,1731,265,None
605,935,265,MoveRight,1731,265,None
606,942,265,MoveRight,1731,265,None
607,949,265,MoveRight,1731,265,None
608,956,265,MoveRight,1731,265,None
609,963,265,MoveRight,1731,265,None
610,970,265,MoveRight,1731,265,None
615,977,265,MoveRight,1731,265,None
616,977,265,Bump,1731,265,None
616,984,265,MoveRight,1731,265,None
617,984,265,None,1724,265,MoveLeft
618,984,265,None,1717,265,MoveLeft
619,984,265,None,1710,265,MoveLeft
620,984,265,None,1703,265,MoveLeft
621,984,265,None,1696,265,MoveLeft
622,984,265,None,1689,265,MoveLeft
623,984,265,None,1682,265,MoveLeft
624,984,265,None,1675,265,MoveLeft
625,984,265,None,1668,265,MoveLeft
626,984,265,None,1661,265,MoveLeft
627,984,265,None,1654,265,MoveLeft
628,984,265,None,1647,265,MoveLeft
629,984,265,None,1640,265,MoveLeft
630,984,265,None,1633,265,MoveLeft
631,984,265,None,1626,265,MoveLeft
632,984,265,None,1619,265,MoveLeft
633,984,265,None,1612,265,MoveLeft
634,984,265,None,1605,265,MoveLeft
635,991,265,MoveRight,1605,265,None
635,991,265,None,1598,265,MoveLeft
636,998,265,MoveRight,1598,265,None
636,998,265,None,1591,265,MoveLeft
637,1005,265,MoveRight,1591,265,None
637,1005,265,None,1584,265,MoveLeft
638,1012,265,MoveRight,1584,265,None
638,1012,265,None,1577,265,MoveLeft
639,1019,265,MoveRight,1577,265,None
639,1019,265,None,1570,265,MoveLeft
640,1026,265,MoveRight,1570,265,None
640,1026,265,None,1563,265,MoveLeft
641,1033,265,MoveRight,1563,265,None
642,1040,265,MoveRight,1563,265,None
643,1047,265,MoveRight,1563,265,None
644,1054,265,MoveRight,1563,265,None
645,1061,265,MoveRight,1563,265,None
652,1054,265,MoveLeft,1563,265,None
653,1047,265,MoveLeft,1563,265,None
654,1040,265,MoveLeft,1563,265,None
655,1033,265,MoveLeft,1563,265,None
656,1026,265,MoveLeft,1563,265,None
657,1019,265,MoveLeft,1563,265,None
658,1012,265,MoveLeft,1563,265,None
659,1005,265,MoveLeft,1563,265,None
660,998,265,MoveLeft,1563,265,None
661,991,265,MoveLeft,1563,265,None
662,984,265,MoveLeft,1563,265,None
663,977,265,MoveLeft,1563,265,None
664,970,265,MoveLeft,1563,265,None
665,963,265,MoveLeft,1563,265,None
666,956,265,MoveLeft,1563,265,None
667,949,265,MoveLeft,1563,265,None
668,942,265,MoveLeft,1563,265,None
669,935,265,MoveLeft,1563,265,None
670,928,265,MoveLeft,1563,265,None
671,921,265,MoveLeft,1563,265,None
672,914,265,MoveLeft,1563,265,None
673,907,265,MoveLeft,1563,265,None
674,900,265,MoveLeft,1563,265,None
675,893,265,MoveLeft,1563,265,None
676,886,265,MoveLeft,1563,265,None
677,879,265,MoveLeft,1563,265,None
678,872,265,MoveLeft,1563,265,None
679,865,265,MoveLeft,1563,265,None
680,858,265,MoveLeft,1563,265,None
681,851,265,MoveLeft,1563,265,None
682,844,265,MoveLeft,1563,265,None
683,837,265,MoveLeft,1563,265,None
684,830,265,MoveLeft,1563,265,None
685,823,265,MoveLeft,1563,265,None
686,816,265,MoveLeft,1563,265,None
687,809,265,MoveLeft,1563,265,None
688,802,265,MoveLeft,1563,265,None
689,795,265,MoveLeft,1563,265,None
690,788,265,MoveLeft,1563,265,None
691,781,265,MoveLeft,1563,265,None
692,774,265,MoveLeft,1563,265,None
693,767,265,MoveLeft,1563,265,None
694,760,265,MoveLeft,1563,265,None
695,753,265,MoveLeft,1563,265,None
696,746,265,MoveLeft,1563,265,None
697,739,265,MoveLeft,1563,265,None
698,732,265,MoveLeft,1563,265,None
699,725,265,MoveLeft,1563,265,None
700,718,265,MoveLeft,1563,265,None
701,711,265,MoveLeft,1563,265,None
702,704,265,MoveLeft,1563,265,None
703,697,265,MoveLeft,1563,265,None
704,690,265,MoveLeft,1563,265,None
705,683,265,MoveLeft,1563,265,None
706,676,265,MoveLeft,1563,265,None
707,669,265,MoveLeft,1563,265,None
708,662,265,MoveLeft,1563,265,None
709,655,265,MoveLeft,1563,265,None
710,648,265,MoveLeft,1563,265,None
717,648,265,None,1563,265,SpikeMedium
717,648,265,None,1563,265,None
722,655,265,MoveRight,1563,265,None
723,662,265,MoveRight,1563,265,None
724,669,265,MoveRight,1563,265,None
725,676,265,MoveRight,1563,265,None
726,683,265,MoveRight,1563,265,None
727,690,265,MoveRight,1563,265,None
728,697,265,MoveRight,1563,265,None
729,704,265,MoveRight,1563,265,None
730,711,265,MoveRight,1563,265,None
731,718,265,MoveRight,1563,265,None
732,725,265,MoveRight,1563,265,None
733,732,265,MoveRight,1563,265,None
734,739,265,MoveRight,1563,265,None
741,732,265,MoveLeft,1563,265,None
742,725,265,MoveLeft,1563,265,None
743,718,265,MoveLeft,1563,265,None
744,711,265,MoveLeft,1563,265,None
745,704,265,MoveLeft,1563,265,None
746,697,265,MoveLeft,1563,265,None
747,690,265,MoveLeft,1563,265,None
748,683,265,MoveLeft,1563,265,None
749,676,265,MoveLeft,1563,265,None
750,669,265,MoveLeft,1563,265,None
751,662,265,MoveLeft,1563,265,None
752,655,265,MoveLeft,1563,265,None
753,648,265,MoveLeft,1563,265,None
754,641,265,MoveLeft,1563,265,None
755,634,265,MoveLeft,1563,265,None
756,627,265,MoveLeft,1563,265,None
757,620,265,MoveLeft,1563,265,None
768,627,265,MoveRight,1563,265,None
769,634,265,MoveRight,1563,265,None
770,641,265,MoveRight,1563,265,None
771,648,265,MoveRight,1563,265,None
772,655,265,MoveRight,1563,265,None
773,662,265,MoveRight,1563,265,None
774,669,265,MoveRight,1563,265,None
775,676,265,MoveRight,1563,265,None
776,676,265,None,1563,265,None
777,676,265,None,1563,265,None
778,676,265,None,1563,265,None
779,676,265,Bump,1563,265,None
779,676,265,None,1563,265,None
780,676,265,None,1570,265,MoveRight
781,676,265,None,1577,265,MoveRight
782,676,265,None,1584,265,MoveRight
783,676,265,None,1591,265,MoveRight
784,676,265,None,1598,265,MoveRight
785,676,265,None,1605,265,MoveRight
786,676,265,None,1612,265,MoveRight
787,676,265,None,1619,265,MoveRight
788,676,265,None,1626,265,MoveRight
789,676,265,None,1633,265,MoveRight
790,676,265,None,1640,265,MoveRight
791,676,265,None,1647,265,MoveRight
792,676,265,None,1654,265,MoveRight
793,676,265,None,1661,265,MoveRight
794,676,265,None,1668,265,MoveRight
795,676,265,None,1675,265,MoveRight
796,676,265,None,1682,265,MoveRight
797,676,265,None,1689,265,MoveRight
798,676,265,None,1696,265,MoveRight
799,676,265,None,1703,265,MoveRight
800,676,265,None,1710,265,MoveRight
801,676,265,None,1717,265,MoveRight
802,676,265,None,1724,265,MoveRight
804,683,265,MoveRight,1724,265,None
805,690,265,MoveRight,1724,265,None
806,697,265,MoveRight,1724,265,None
807,704,265,MoveRight,1724,265,None
808,711,265,MoveRight,1724,265,None
809,718,265,MoveRight,1724,265,None
810,725,265,MoveRight,1724,265,None
811,732,265,MoveRight,1724,265,None
812,739,265,MoveRight,1724,265,None
813,746,265,MoveRight,1724,265,None
814,753,265,MoveRight,1724,265,None
815,760,265,MoveRight,1724,265,None
816,767,265,MoveRight,1724,265,None
817,774,265,MoveRight,1724,265,None
818,781,265,MoveRight,1724,265,None
819,788,265,MoveRight,1724,265,None
820,795,265,MoveRight,1724,265,None
821,802,265,MoveRight,1724,265,None
822,809,265,MoveRight,1724,265,None
823,816,265,MoveRight,1724,265,None
824,823,265,MoveRight,1724,265,None
825,830,265,MoveRight,1724,265,None
826,837,265,MoveRight,1724,265,None
827,844,265,MoveRight,1724,265,None
828,851,265,MoveRight,1724,265,None
829,858,265,MoveRight,1724,265,None
830,865,265,MoveRight,1724,265,None
831,872,265,MoveRight,1724,265,None
832,879,265,MoveRight,1724,265,None
833,886,265,MoveRight,1724,265,None
834,893,265,MoveRight,1724,265,None
835,900,265,MoveRight,1724,265,None
836,907,265,MoveRight,1724,265,None
837,914,265,MoveRight,1724,265,None
838,921,265,MoveRight,1724,265,None
839,928,265,MoveRight,1724,265,None
840,935,265,MoveRight,1724,265,None
841,942,265,MoveRight,1724,265,None
842,949,265,MoveRight,1724,265,None
843,956,265,MoveRight,1724,265,None
844,963,265,MoveRight,1724,265,None
845,970,265,MoveRight,1724,265,None
846,977,265,MoveRight,1724,265,None
847,984,265,MoveRight,1724,265,None
848,991,265,MoveRight,1724,265,None
849,998,265,MoveRight,1724,265,None
850,1005,265,MoveRight,1724,265,None
851,1012,265,MoveRight,1724,265,None
852,1019,265,MoveRight,1724,265,None
853,1026,265,MoveRight,1724,265,None
854,1033,265,MoveRight,1724,265,None
855,1040,265,MoveRight,1724,265,None
856,1047,265,MoveRight,1724,265,None
857,1054,265,MoveRight,1724,265,None
858,1061,265,MoveRight,1724,265,None
859,1068,265,MoveRight,1724,265,None
860,1075,265,MoveRight,1724,265,None
861,1082,265,MoveRight,1724,265,None
862,1089,265,MoveRight,1724,265,None
863,1096,265,MoveRight,1724,265,None
864,1103,265,MoveRight,1724,265,None
865,1110,265,MoveRight,1724,265,None
866,1117,265,MoveRight,1724,265,None
867,1124,265,MoveRight,1724,265,None
868,1131,265,MoveRight,1724,265,None
869,1138,265,MoveRight,1724,265,None
870,1145,265,MoveRight,1724,265,None
871,1152,265,MoveRight,1724,265,None
872,1159,265,MoveRight,1724,265,None
873,1166,265,MoveRight,1724,265,None
874,1173,265,MoveRight,1724,265,None
875,1180,265,MoveRight,1724,265,None
876,1187,265,MoveRight,1724,265,None
877,1194,265,MoveRight,1724,265,None
878,1201,265,MoveRight,1724,265,None
879,1201,265,SpikeMedium,1724,265,None
879,1208,265,MoveRight,1724,265,None
889,1208,265,None,1717,265,MoveLeft
890,1208,265,None,1724,265,MoveRight
900,1201,265,MoveLeft,1724,265,None
901,1194,265,MoveLeft,1724,265,None
902,1187,265,MoveLeft,1724,265,None
903,1180,265,MoveLeft,1724,265,None
904,1173,265,MoveLeft,1724,265,None
905,1166,265,MoveLeft,1724,265,None
906,1159,265,MoveLeft,1724,265,None
907,1152,265,MoveLeft,1724,265,None
908,1145,265,MoveLeft,1724,265,None
909,1138,265,MoveLeft,1724,265,None
910,1131,265,MoveLeft,1724,265,None
911,1124,265,MoveLeft,1724,265,None
912,1117,265,MoveLeft,1724,265,None
913,1110,265,MoveLeft,1724,265,None
914,1103,265,MoveLeft,1724,265,None
915,1096,265,MoveLeft,1724,265,None
916,1089,265,MoveLeft,1724,265,None
917,963,265,MoveLeft,2410,265,None
918,956,265,MoveLeft,2410,265,None
919,949,265,MoveLeft,2410,265,None
920,942,265,MoveLeft,2410,265,None
921,935,265,MoveLeft,2410,265,None
922,928,265,MoveLeft,2410,265,None
923,921,265,MoveLeft,2410,265,None
924,914,265,MoveLeft,2410,265,None
925,907,265,MoveLeft,2410,265,None
926,900,265,MoveLeft,2410,265,None
927,893,265,MoveLeft,2410,265,None
928,886,265,MoveLeft,2410,265,None
929,879,265,MoveLeft,2410,265,None
955,879,265,None,2410,265,None
967,879,265,None,2410,265,Serve
967,879,265,None,2410,265,None
973,872,265,MoveLeft,2410,265,None
974,865,265,MoveLeft,2410,265,None
975,858,265,MoveLeft,2410,265,None
976,851,265,MoveLeft,2410,265,None
977,844,265,MoveLeft,2410,265,None
978,837,265,MoveLeft,2410,265,None
979,830,265,MoveLeft,2410,265,None
980,823,265,MoveLeft,2410,265,None
981,816,265,MoveLeft,2410,265,None
982,809,265,MoveLeft,2410,265,None
983,802,265,MoveLeft,2410,265,None
984,795,265,MoveLeft,2410,265,None
985,788,265,MoveLeft,2410,265,None
986,781,265,MoveLeft,2410,265,None
987,774,265,MoveLeft,2410,265,None
988,767,265,MoveLeft,2410,265,None
989,760,265,MoveLeft,2410,265,None
990,753,265,MoveLeft,2410,265,None
991,746,265,MoveLeft,2410,265,None
992,739,265,MoveLeft,2410,265,None
999,746,265,MoveRight,2410,265,None
1000,753,265,MoveRight,2410,265,None
1001,760,265,MoveRight,2410,265,None
1002,767,265,MoveRight,2410,265,None
1003,774,265,MoveRight,2410,265,None
1004,781,265,MoveRight,2410,265,None
1005,788,265,MoveRight,2410,265,None
1006,795,265,MoveRight,2410,265,None
1007,802,265,MoveRight,2410,265,None
1008,809,265,MoveRight,2410,265,None
1009,816,265,MoveRight,2410,265,None
1010,823,265,MoveRight,2410,265,None
1011,830,265,MoveRight,2410,265,None
1012,837,265,MoveRight,2410,265,None
1013,844,265,MoveRight,2410,265,None
1020,851,265,MoveRight,2410,265,None
1021,858,265,MoveRight,2410,265,None
1022,865,265,MoveRight,2410,265,None
1023,872,265,MoveRight,2410,265,None
1024,879,265,MoveRight,2410,265,None
1025,886,265,MoveRight,2410,265,None
1026,893,265,MoveRight,2410,265,None
1027,900,265,MoveRight,2410,265,None
1028,907,265,MoveRight,2410,265,None
1029,914,265,MoveRight,2410,265,None
1030,921,265,MoveRight,2410,265,None
1031,928,265,MoveRight,2410,265,None
1032,935,265,MoveRight,2410,265,None
1033,942,265,MoveRight,2410,265,None
1038,942,265,SpikeStrong,2410,265,None
1038,942,265,None,2410,265,None
1039,942,265,None,2403,265,MoveLeft
1040,942,265,None,2396,265,MoveLeft
1041,942,265,None,2389,265,MoveLeft
1042,942,265,None,2382,265,MoveLeft
1043,942,265,None,2375,265,MoveLeft
1044,942,265,None,2368,265,MoveLeft
1045,942,265,None,2361,265,MoveLeft
1046,942,265,None,2354,265,MoveLeft
1047,942,265,None,2347,265,MoveLeft
1048,942,265,None,2340,265,MoveLeft
1049,942,265,None,2333,265,MoveLeft
1050,942,265,None,2326,265,MoveLeft
1051,942,265,None,2319,265,MoveLeft
1052,942,265,None,2312,265,MoveLeft
1053,942,265,None,2305,265,MoveLeft
1054,942,265,None,2298,265,MoveLeft
1055,942,265,None,2291,265,MoveLeft
1056,942,265,None,2284,265,MoveLeft
1057,942,265,None,2277,265,MoveLeft
1058,942,265,None,2270,265,MoveLeft
1059,942,265,None,2263,265,MoveLeft
1060,942,265,None,2256,265,MoveLeft
1061,942,265,None,2249,265,MoveLeft
1062,942,265,None,2242,265,MoveLeft
1063,942,265,None,2235,265,MoveLeft
1064,942,265,None,2228,265,MoveLeft
1065,942,265,None,2221,265,MoveLeft
1066,942,265,None,2214,265,MoveLeft
1067,942,265,None,2207,265,MoveLeft
1068,942,265,None,2200,265,MoveLeft
1069,942,265,None,2193,265,MoveLeft
1070,942,265,None,2186,265,MoveLeft
1071,942,265,None,2179,265,MoveLeft
1072,942,265,None,2172,265,MoveLeft
1073,942,265,None,2165,265,MoveLeft
1074,935,265,MoveLeft,2165,265,None
1074,935,265,None,2158,265,MoveLeft
1075,928,265,MoveLeft,2158,265,None
1075,928,265,None,2151,265,MoveLeft
1076,921,265,MoveLeft,2151,265,None
1076,921,265,None,2144,265,MoveLeft
1077,914,265,MoveLeft,2144,265,None
1077,914,265,None,2137,265,MoveLeft
1078,907,265,MoveLeft,2137,265,None
1078,907,265,None,2130,265,MoveLeft
1079,900,265,MoveLeft,2130,265,None
1079,900,265,None,2123,265,MoveLeft
1080,893,265,MoveLeft,2123,265,None
1080,893,265,None,2116,265,MoveLeft
1081,886,265,MoveLeft,2116,265,None
1081,886,265,None,2109,265,MoveLeft
1082,879,265,MoveLeft,2109,265,None
1082,879,265,None,2102,265,MoveLeft
1083,872,265,MoveLeft,2102,265,None
1083,872,265,None,2095,265,MoveLeft
1084,963,265,MoveLeft,2410,265,None
1085,956,265,MoveLeft,2410,265,None
1086,949,265,MoveLeft,2410,265,None
1087,942,265,MoveLeft,2410,265,None
1088,935,265,MoveLeft,2410,265,None
1089,928,265,MoveLeft,2410,265,None
1090,921,265,MoveLeft,2410,265,None
1091,914,265,MoveLeft,2410,265,None
1092,907,265,MoveLeft,2410,265,None
1093,900,265,MoveLeft,2410,265,None
1094,893,265,MoveLeft,2410,265,None
1095,886,265,MoveLeft,2410,265,None
1096,879,265,MoveLeft,2410,265,None
1097,872,265,MoveLeft,2410,265,None
1107,879,265,MoveRight,2410,265,None
1108,886,265,MoveRight,2410,265,None
1109,893,265,MoveRight,2410,265,None
1110,900,265,MoveRight,2410,265,None
1111,907,265,MoveRight,2410,265,None
1112,914,265,MoveRight,2410,265,None
1113,921,265,MoveRight,2410,265,None
1114,928,265,MoveRight,2410,265,None
1115,935,265,MoveRight,2410,265,None
1119,928,265,MoveLeft,2410,265,None
1120,921,265,MoveLeft,2410,265,None
1121,914,265,MoveLeft,2410,265,None
1122,907,265,MoveLeft,2410,265,None
1123,900,265,MoveLeft,2410,265,None
1124,893,265,MoveLeft,2410,265,None
1125,886,265,MoveLeft,2410,265,None
1126,879,265,MoveLeft,2410,265,None
1127,872,265,MoveLeft,2410,265,None
1128,865,265,MoveLeft,2410,265,None
1129,858,265,MoveLeft,2410,265,None
1130,851,265,MoveLeft,2410,265,None
1131,844,265,MoveLeft,2410,265,None
1132,837,265,MoveLeft,2410,265,None
1133,830,265,MoveLeft,2410,265,None
1134,830,265,None,2410,265,Serve
1134,823,265,MoveLeft,2410,265,None
1134,823,265,None,2410,265,None
1135,816,265,MoveLeft,2410,265,None
1136,809,265,MoveLeft,2410,265,None
1137,802,265,MoveLeft,2410,265,None
1138,795,265,MoveLeft,2410,265,None
1139,788,265,MoveLeft,2410,265,None
1140,781,265,MoveLeft,2410,265,None
1141,774,265,MoveLeft,2410,265,None
1142,767,265,MoveLeft,2410,265,None
1143,760,265,MoveLeft,2410,265,None
1144,753,265,MoveLeft,2410,265,None
1145,746,265,MoveLeft,2410,265,None
1146,739,265,MoveLeft,2410,265,None
1147,732,265,MoveLeft,2410,265,None
1148,725,265,MoveLeft,2410,265,None
1149,718,265,MoveLeft,2410,265,None
1150,711,265,MoveLeft,2410,265,None
1151,704,265,MoveLeft,2410,265,None
1152,697,265,MoveLeft,2410,265,None
1157,704,265,MoveRight,2410,265,None
1158,711,265,MoveRight,2410,265,None
1159,718,265,MoveRight,2410,265,None
1160,725,265,MoveRight,2410,265,None
1161,732,265,MoveRight,2410,265,None
1162,739,265,MoveRight,2410,265,None
1163,746,265,MoveRight,2410,265,None
1164,753,265,MoveRight,2410,265,None
1165,760,265,MoveRight,2410,265,None
1166,767,265,MoveRight,2410,265,None
1167,774,265,MoveRight,2410,265,None
1168,781,265,MoveRight,2410,265,None
1169,788,265,MoveRight,2410,265,None
1170,795,265,MoveRight,2410,265,None
1171,802,265,MoveRight,2410,265,None
1172,809,265,MoveRight,2410,265,None
1173,816,265,MoveRight,2410,265,None
1174,823,265,MoveRight,2410,265,None
1175,830,265,MoveRight,2410,265,None
1176,837,265,MoveRight,2410,265,None
1177,844,265,MoveRight,2410,265,None
1178,851,265,MoveRight,2410,265,None
1179,858,265,MoveRight,2410,265,None
1180,865,265,MoveRight,2410,265,None
1181,872,265,MoveRight,2410,265,None
1182,879,265,MoveRight,2410,265,None
1183,886,265,MoveRight,2410,265,None
1205,886,265,None,2410,265,None
1246,970,265,None,2410,265,None
1261,970,265,None,2410,265,Serve
1261,970,265,None,2410,265,None
1291,963,265,MoveLeft,2410,265,None
1292,956,265,MoveLeft,2410,265,None
1293,949,265,MoveLeft,2410,265,None
1294,942,265,MoveLeft,2410,265,None
1295,935,265,MoveLeft,2410,265,None
1296,928,265,MoveLeft,2410,265,None
1297,921,265,MoveLeft,2410,265,None
1298,914,265,MoveLeft,2410,265,None
1299,907,265,MoveLeft,2410,265,None
1300,900,265,MoveLeft,2410,265,None
1301,893,265,MoveLeft,2410,265,None
1302,886,265,MoveLeft,2410,265,None
1303,879,265,MoveLeft,2410,265,None
1304,872,265,MoveLeft,2410,265,None
1305,872,265,None,2410,265,None
1306,872,265,None,2410,265,None
1307,872,265,None,2410,265,None
1308,872,265,None,2410,265,None
1309,872,265,None,2410,265,None
1310,872,265,None,2410,265,None
1311,872,265,None,2410,265,None
1312,872,265,None,2410,265,None
1313,872,265,None,2410,265,None
1314,872,265,None,2410,265,None
1315,872,265,None,2410,265,None
1316,872,265,None,2410,265,None
1317,872,265,None,2410,265,None
1318,872,265,None,2410,265,None
1319,872,265,None,2410,265,None
1320,872,265,None,2410,265,None
1321,872,265,None,2410,265,None
1322,872,265,None,2410,265,None
1323,872,265,None,2410,265,None
1324,872,265,None,2410,265,None
1325,872,265,None,2410,265,None
1326,872,265,None,2410,265,None
1327,872,265,None,2410,265,None
1328,872,265,None,2410,265,None
1329,872,265,None,2410,265,None
1330,872,265,None,2410,265,None
1331,872,265,None,2410,265,None
1332,872,265,None,2410,265,None
1333,872,265,Bump,2410,265,None
1333,872,265,None,2410,265,None
1334,872,265,None,2403,265,MoveLeft
1335,872,265,None,2396,265,MoveLeft
1336,872,265,None,2389,265,MoveLeft
1337,872,265,None,2382,265,MoveLeft
1338,872,265,None,2375,265,MoveLeft
1339,872,265,None,2368,265,MoveLeft
1340,872,265,None,2361,265,MoveLeft
1341,872,265,None,2354,265,MoveLeft
1342,872,265,None,2347,265,MoveLeft
1343,872,265,None,2340,265,MoveLeft
1344,872,265,None,2333,265,MoveLeft
1345,872,265,None,2326,265,MoveLeft
1346,872,265,None,2319,265,MoveLeft
1347,872,265,None,2312,265,MoveLeft
1348,872,265,None,2305,265,MoveLeft
1349,872,265,None,2298,265,MoveLeft
1350,872,265,None,2291,265,MoveLeft
1351,872,265,None,2284,265,MoveLeft
1352,879,265,MoveRight,2284,265,None
1352,879,265,None,2277,265,MoveLeft
1353,886,265,MoveRight,2277,265,None
1353,886,265,None,2270,265,MoveLeft
1354,893,265,MoveRight,2270,265,None
1354,893,265,None,2263,265,MoveLeft
1355,900,265,MoveRight,2263,265,None
1355,900,265,None,2256,265,MoveLeft
1356,907,265,MoveRight,2256,265,None
1356,907,265,None,2249,265,MoveLeft
1357,914,265,MoveRight,2249,265,None
1357,914,265,None,2242,265,MoveLeft
1358,921,265,MoveRight,2242,265,None
1358,921,265,None,2235,265,MoveLeft
1359,928,265,MoveRight,2235,265,None
1359,928,265,None,2228,265,MoveLeft
1360,935,265,MoveRight,2228,265,None
1360,935,265,None,2221,265,MoveLeft
1361,942,265,MoveRight,2221,265,None
1361,942,265,None,2214,265,MoveLeft
1362,949,265,MoveRight,2214,265,None
1362,949,265,None,2207,265,MoveLeft
1363,956,265,MoveRight,2207,265,None
1363,956,265,None,2200,265,MoveLeft
1364,963,265,MoveRight,2200,265,None
1364,963,265,None,2193,265,MoveLeft
1365,970,265,MoveRight,2193,265,None
1365,970,265,None,2186,265,MoveLeft
1366,977,265,MoveRight,2186,265,None
1366,977,265,None,2179,265,MoveLeft
1367,984,265,MoveRight,2179,265,None
1367,984,265,None,2172,265,MoveLeft
1368,991,265,MoveRight,2172,265,None
1368,991,265,None,2165,265,MoveLeft
1369,998,265,MoveRight,2165,265,None
1369,998,265,None,2158,265,MoveLeft
1370,1005,265,MoveRight,2158,265,None
1370,1005,265,None,2151,265,MoveLeft
1371,1012,265,MoveRight,2151,265,None
1371,1012,265,None,2144,265,MoveLeft
1372,1019,265,MoveRight,2144,265,None
1372,1019,265,None,2137,265,MoveLeft
1373,1026,265,MoveRight,2137,265,None
1373,1026,265,None,2130,265,MoveLeft
1374,1033,265,MoveRight,2130,265,None
1374,1033,265,None,2123,265,MoveLeft
1375,1040,265,MoveRight,2123,265,None
1375,1040,265,None,2116,265,MoveLeft
1376,1047,265,MoveRight,2116,265,None
1376,1047,265,None,2109,265,MoveLeft
1377,1054,265,MoveRight,2109,265,None
1377,1054,265,None,2102,265,MoveLeft
1378,1061,265,MoveRight,2102,265,None
1378,1061,265,None,2095,265,MoveLeft
1379,1068,265,MoveRight,2095,265,None
1379,1068,265,None,2088,265,MoveLeft
1380,1075,265,MoveRight,2088,265,None
1380,1075,265,None,2081,265,MoveLeft
1381,1082,265,MoveRight,2081,265,None
1381,1082,265,None,2074,265,MoveLeft
1382,1089,265,MoveRight,2074,265,None
1382,1089,265,None,2067,265,MoveLeft
1383,1096,265,MoveRight,2067,265,None
1383,1096,265,None,2060,265,MoveLeft
1384,1103,265,MoveRight,2060,265,None
1384,1103,265,None,2053,265,MoveLeft
1385,1110,265,MoveRight,2053,265,None
1385,1110,265,None,2046,265,MoveLeft
1386,1117,265,MoveRight,2046,265,None
1386,1117,265,None,2039,265,MoveLeft
1387,1124,265,MoveRight,2039,265,None
1387,1124,265,None,2032,265,MoveLeft
1388,1131,265,MoveRight,2032,265,None
1388,1131,265,None,2025,265,MoveLeft
1389,1138,265,MoveRight,2025,265,None
1389,1138,265,None,2018,265,MoveLeft
1390,1145,265,MoveRight,2018,265,None
1390,1145,265,None,2011,265,MoveLeft
1391,1152,265,MoveRight,2011,265,None
1391,1152,265,None,2004,265,MoveLeft
1392,1159,265,MoveRight,2004,265,None
1392,1159,265,None,1997,265,MoveLeft
1393,1166,265,MoveRight,1997,265,None
1393,1166,265,None,1990,265,MoveLeft
1394,1173,265,MoveRight,1990,265,None
1394,1173,265,None,1983,265,MoveLeft
1395,1180,265,MoveRight,1983,265,None
1395,1180,265,None,1976,265,MoveLeft
1396,1187,265,MoveRight,1976,265,None
1396,1187,265,None,1969,265,MoveLeft
1397,1194,265,MoveRight,1969,265,None
1397,1194,265,None,1962,265,MoveLeft
1398,1201,265,MoveRight,1962,265,None
1398,1201,265,None,1955,265,MoveLeft
1399,1208,265,MoveRight,1955,265,None
1399,1208,265,None,1948,265,MoveLeft
1400,1215,265,MoveRight,1948,265,None
1400,1215,265,None,1941,265,MoveLeft
1401,1222,265,MoveRight,1941,265,None
1401,1222,265,None,1934,265,MoveLeft
1402,1229,265,MoveRight,1934,265,None
1402,1229,265,None,1927,265,MoveLeft
1403,1236,265,MoveRight,1927,265,None
1403,1236,265,None,1920,265,MoveLeft
1404,1243,265,MoveRight,1920,265,None
1404,1243,265,None,1913,265,MoveLeft
1405,1243,265,None,1906,265,MoveLeft
1406,1243,265,None,1899,265,MoveLeft
1407,1243,265,None,1892,265,MoveLeft
1408,1243,265,None,1885,265,MoveLeft
1409,1243,265,None,1878,265,MoveLeft
1410,1243,265,None,1871,265,MoveLeft
1411,1243,265,None,1864,265,MoveLeft
1412,1236,265,MoveLeft,1864,265,None
1412,1236,265,None,1857,265,MoveLeft
1413,1229,265,MoveLeft,1857,265,None
1413,1229,265,None,1850,265,MoveLeft
1414,1222,265,MoveLeft,1850,265,None
1414,1222,265,None,1843,265,MoveLeft
1415,1215,265,MoveLeft,1843,265,None
1415,1215,265,None,1836,265,MoveLeft
1416,1208,265,MoveLeft,1836,265,None
1416,1208,265,None,1829,265,MoveLeft
1417,1201,265,MoveLeft,1829,265,None
1417,1201,265,None,1822,265,MoveLeft
1418,1194,265,MoveLeft,1822,265,None
1418,1194,265,None,1815,265,MoveLeft
1419,1187,265,MoveLeft,1815,265,None
1419,1187,265,None,1808,265,MoveLeft
1420,1180,265,MoveLeft,1808,265,None
1420,1180,265,None,1801,265,MoveLeft
1421,1173,265,MoveLeft,1801,265,None
1421,1173,265,None,1794,265,MoveLeft
1422,1166,265,MoveLeft,1794,265,None
1422,1166,265,None,1787,265,MoveLeft
1423,1159,265,MoveLeft,1787,265,None
1423,1159,265,None,1780,265,MoveLeft
1424,1152,265,MoveLeft,1780,265,None
1424,1152,265,None,1773,265,MoveLeft
1425,1145,265,MoveLeft,1773,265,None
1425,1145,265,None,1766,265,MoveLeft
1426,1138,265,MoveLeft,1766,265,None
1426,1138,265,None,1759,265,MoveLeft
1427,1131,265,MoveLeft,1759,265,None
1427,1131,265,None,1752,265,MoveLeft
1428,1124,265,MoveLeft,1752,265,None
1428,1124,265,None,1745,265,MoveLeft
1429,1117,265,MoveLeft,1745,265,None
1429,1117,265,None,1738,265,MoveLeft
1430,1110,265,MoveLeft,1738,265,None
1430,1110,265,None,1731,265,MoveLeft
1431,1103,265,MoveLeft,1731,265,None
1432,1096,265,MoveLeft,1731,265,None
1433,1089,265,MoveLeft,1731,265,None
1434,1082,265,MoveLeft,1731,265,None
1435,1075,265,MoveLeft,1731,265,None
1436,1068,265,MoveLeft,1731,265,None
1437,1061,265,MoveLeft,1731,265,None
1438,1054,265,MoveLeft,1731,265,None
1439,1047,265,MoveLeft,1731,265,None
1440,1040,265,MoveLeft,1731,265,None
1441,1033,265,MoveLeft,1731,265,None
1442,1026,265,MoveLeft,1731,265,None
1443,1019,265,MoveLeft,1731,265,None
1466,1012,265,MoveLeft,1731,265,None
1467,1005,265,MoveLeft,1731,265,None
1468,1005,265,None,1731,265,None
1469,1005,265,None,1731,265,None
1470,1005,265,None,1731,265,None
1471,1005,265,None,1731,265,None
1472,1005,265,None,1731,265,None
1473,1005,265,None,1731,265,None
1474,1005,265,None,1731,265,None
1475,1005,265,None,1731,265,None
1476,1005,265,None,1731,265,None
1477,1005,265,None,1731,265,None
1478,1005,265,Bump,1731,265,None
1478,1005,265,None,1731,265,None
1479,1005,265,None,1724,265,MoveLeft
1480,1005,265,None,1717,265,MoveLeft
1481,1005,265,None,1710,265,MoveLeft
1482,1005,265,None,1703,265,MoveLeft
1483,1005,265,None,1696,265,MoveLeft
1484,1005,265,None,1689,265,MoveLeft
1485,1005,265,None,1682,265,MoveLeft
1486,1005,265,None,1675,265,MoveLeft
1487,1005,265,None,1668,265,MoveLeft
1488,1005,265,None,1661,265,MoveLeft
1489,1005,265,None,1654,265,MoveLeft
1490,1005,265,None,1647,265,MoveLeft
1491,1005,265,None,1640,265,MoveLeft
1492,1005,265,None,1633,265,MoveLeft
1493,1005,265,None,1626,265,MoveLeft
1494,1005,265,None,1619,265,MoveLeft
1495,1005,265,None,1612,265,MoveLeft
1496,1005,265,None,1605,265,MoveLeft
1497,1005,265,None,1598,265,MoveLeft
1498,1005,265,None,1591,265,MoveLeft
1499,1005,265,None,1584,265,MoveLeft
1500,1005,265,None,1577,265,MoveLeft
1501,1005,265,None,1570,265,MoveLeft
1507,1012,265,MoveRight,1570,265,None
1508,1019,265,MoveRight,1570,265,None
1509,1026,265,MoveRight,1570,265,None
1510,1033,265,MoveRight,1570,265,None
1511,1040,265,MoveRight,1570,265,None
1512,1047,265,MoveRight,1570,265,None
1513,1054,265,MoveRight,1570,265,None
1514,1061,265,MoveRight,1570,265,None
1515,1068,265,MoveRight,1570,265,None
1516,1075,265,MoveRight,1570,265,None
1517,1082,265,MoveRight,1570,265,None
1518,1089,265,MoveRight,1570,265,None
1519,1096,265,MoveRight,1570,265,None
1520,1103,265,MoveRight,1570,265,None
1521,1110,265,MoveRight,1570,265,None
1522,1117,265,MoveRight,1570,265,None
1523,1124,265,MoveRight,1570,265,None
1524,1131,265,MoveRight,1570,265,None
1525,1138,265,MoveRight,1570,265,None
1526,1145,265,MoveRight,1570,265,None
1527,1152,265,MoveRight,1570,265,None
1528,1159,265,MoveRight,1570,265,None
1529,1166,265,MoveRight,1570,265,None
1530,1173,265,MoveRight,1570,265,None
1531,1180,265,MoveRight,1570,265,None
1535,1173,265,MoveLeft,1570,265,None
1536,1166,265,MoveLeft,1570,265,None
1537,1159,265,MoveLeft,1570,265,None
1538,1152,265,MoveLeft,1570,265,None
1539,1145,265,MoveLeft,1570,265,None
1540,1138,265,MoveLeft,1570,265,None
1541,1131,265,MoveLeft,1570,265,None
1542,1124,265,MoveLeft,1570,265,None
1543,1117,265,MoveLeft,1570,265,None
1544,1110,265,MoveLeft,1570,265,None
1545,1103,265,MoveLeft,1570,265,None
1546,1096,265,MoveLeft,1570,265,None
1547,1089,265,MoveLeft,1570,265,None
1548,1082,265,MoveLeft,1570,265,None
1549,1075,265,MoveLeft,1570,265,None
1550,1068,265,MoveLeft,1570,265,None
1551,1061,265,MoveLeft,1570,265,None
1552,1054,265,MoveLeft,1570,265,None
1553,1047,265,MoveLeft,1570,265,None
1554,1040,265,MoveLeft,1570,265,None
1555,1033,265,MoveLeft,1570,265,None
1556,1026,265,MoveLeft,1570,265,None
1557,1019,265,MoveLeft,1570,265,None
1558,1012,265,MoveLeft,1570,265,None
1559,1005,265,MoveLeft,1570,265,None
1560,998,265,MoveLeft,1570,265,None
1561,991,265,MoveLeft,1570,265,None
1562,984,265,MoveLeft,1570,265,None
1563,977,265,MoveLeft,1570,265,None
1564,970,265,MoveLeft,1570,265,None
1565,963,265,MoveLeft,1570,265,None
1566,956,265,MoveLeft,1570,265,None
1567,949,265,MoveLeft,1570,265,None
1568,942,265,MoveLeft,1570,265,None
1569,935,265,MoveLeft,1570,265,None
1570,928,265,MoveLeft,1570,265,None
1571,921,265,MoveLeft,1570,265,None
1572,914,265,MoveLeft,1570,265,None
1573,907,265,MoveLeft,1570,265,None
1574,900,265,MoveLeft,1570,265,None
1575,893,265,MoveLeft,1570,265,None
1576,886,265,MoveLeft,1570,265,None
1577,879,265,MoveLeft,1570,265,None
1578,879,265,None,1570,265,SpikeLight
1578,872,265,MoveLeft,1570,265,None
1578,872,265,None,1570,265,None
1579,865,265,MoveLeft,1570,265,None
1580,858,265,MoveLeft,1570,265,None
1581,851,265,MoveLeft,1570,265,None
1582,844,265,MoveLeft,1570,265,None
1583,837,265,MoveLeft,1570,265,None
1584,830,265,MoveLeft,1570,265,None
1585,823,265,MoveLeft,1570,265,None
1586,816,265,MoveLeft,1570,265,None
1587,809,265,MoveLeft,1570,265,None
1588,802,265,MoveLeft,1570,265,None
1589,795,265,MoveLeft,1570,265,None
1590,788,265,MoveLeft,1570,265,None
1591,781,265,MoveLeft,1570,265,None
1592,774,265,MoveLeft,1570,265,None
1593,767,265,MoveLeft,1570,265,None
1594,760,265,MoveLeft,1570,265,None
1595,753,265,MoveLeft,1570,265,None
1596,746,265,MoveLeft,1570,265,None
1597,739,265,MoveLeft,1570,265,None
1598,732,265,MoveLeft,1570,265,None
1599,725,265,MoveLeft,1570,265,None
1600,718,265,MoveLeft,1570,265,None
1607,725,265,MoveRight,1570,265,None
1608,732,265,MoveRight,1570,265,None
1609,739,265,MoveRight,1570,265,None
1610,746,265,MoveRight,1570,265,None
1611,753,265,MoveRight,1570,265,None
1612,760,265,MoveRight,1570,265,None
1613,767,265,MoveRight,1570,265,None
1614,774,265,MoveRight,1570,265,None
1615,781,265,MoveRight,1570,265,None
1616,788,265,MoveRight,1570,265,None
1617,795,265,MoveRight,1570,265,None
1618,802,265,MoveRight,1570,265,None
1619,809,265,MoveRight,1570,265,None
1620,816,265,MoveRight,1570,265,None
1621,823,265,MoveRight,1570,265,None
1622,830,265,MoveRight,1570,265,None
1623,837,265,MoveRight,1570,265,None
1624,844,265,MoveRight,1570,265,None
1625,851,265,MoveRight,1570,265,None
1626,858,265,MoveRight,1570,265,None
1627,865,265,MoveRight,1570,265,None
1628,872,265,MoveRight,1570,265,None
1629,879,265,MoveRight,1570,265,None
1630,886,265,MoveRight,1570,265,None
1631,893,265,MoveRight,1570,265,None
1632,900,265,MoveRight,1570,265,None
1633,907,265,MoveRight,1570,265,None
1634,914,265,MoveRight,1570,265,None
1635,921,265,MoveRight,1570,265,None
1636,928,265,MoveRight,1570,265,None
1637,935,265,MoveRight,1570,265,None
1638,942,265,MoveRight,1570,265,None
1639,949,265,MoveRight,1570,265,None
1640,956,265,MoveRight,1570,265,None
1641,963,265,MoveRight,1570,265,None
1642,970,265,MoveRight,1570,265,None
1643,977,265,MoveRight,2410,265,None
1644,984,265,MoveRight,2410,265,None
1645,991,265,MoveRight,2410,265,None
1646,998,265,MoveRight,2410,265,None
1647,1005,265,MoveRight,2410,265,None
1648,1012,265,MoveRight,2410,265,None
1649,1019,265,MoveRight,2410,265,None
1650,1026,265,MoveRight,2410,265,None
1651,1033,265,MoveRight,2410,265,None
1652,1040,265,MoveRight,2410,265,None
1653,1047,265,MoveRight,2410,265,None
1654,1054,265,MoveRight,2410,265,None
1655,1061,265,MoveRight,2410,265,None
1656,1068,265,MoveRight,2410,265,None
1657,1075,265,MoveRight,2410,265,None
1667,1075,265,None,2410,265,None
1678,1075,265,None,2410,265,None
1693,1075,265,None,2410,265,Serve
1693,1075,265,None,2410,265,None
1709,1075,265,None,2410,265,None
1729,1068,265,MoveLeft,2410,265,None
1730,1061,265,MoveLeft,2410,265,None
1731,1054,265,MoveLeft,2410,265,None
1732,1047,265,MoveLeft,2410,265,None
1733,1040,265,MoveLeft,2410,265,None
1734,1033,265,MoveLeft,2410,265,None
1735,1026,265,MoveLeft,2410,265,None
1736,1019,265,MoveLeft,2410,265,None
1737,1012,265,MoveLeft,2410,265,None
1738,1005,265,MoveLeft,2410,265,None
1739,998,265,MoveLeft,2410,265,None
1740,991,265,MoveLeft,2410,265,None
1741,984,265,MoveLeft,2410,265,None
1742,977,265,MoveLeft,2410,265,None
1743,970,265,MoveLeft,2410,265,None
1744,963,265,MoveLeft,2410,265,None
1745,956,265,MoveLeft,2410,265,None
1746,949,265,MoveLeft,2410,265,None
1747,942,265,MoveLeft,2410,265,None
1748,935,265,MoveLeft,2410,265,None
1749,928,265,MoveLeft,2410,265,None
1750,921,265,MoveLeft,2410,265,None
1751,914,265,MoveLeft,2410,265,None
1752,907,265,MoveLeft,2410,265,None
1753,900,265,MoveLeft,2410,265,None
1754,893,265,MoveLeft,2410,265,None
1755,886,265,MoveLeft,2410,265,None
1756,879,265,MoveLeft,2410,265,None
1757,872,265,MoveLeft,2410,265,None
1758,865,265,MoveLeft,2410,265,None
1759,858,265,MoveLeft,2410,265,None
1760,851,265,MoveLeft,2410,265,None
1761,844,265,MoveLeft,2410,265,None
1762,837,265,MoveLeft,2410,265,None
1765,837,265,None,2410,265,None
1771,977,265,MoveRight,2410,265,None
1772,984,265,MoveRight,2410,265,None
1773,991,265,MoveRight,2410,265,None
1774,998,265,MoveRight,2410,265,None
1775,1005,265,MoveRight,2410,265,None
1776,1012,265,MoveRight,2410,265,None
1777,1019,265,MoveRight,2410,265,None
1778,1026,265,MoveRight,2410,265,None
1779,1033,265,MoveRight,2410,265,None
1780,1040,265,MoveRight,2410,265,None
1781,1047,265,MoveRight,2410,265,None
1782,1054,265,MoveRight,2410,265,None
1783,1061,265,MoveRight,2410,265,None
1784,1068,265,MoveRight,2410,265,None
1785,1075,265,MoveRight,2410,265,None
1786,1082,265,MoveRight,2410,265,None
1787,1089,265,MoveRight,2410,265,None
1788,1096,265,MoveRight,2410,265,None
1789,1103,265,MoveRight,2410,265,None
1798,1096,265,MoveLeft,2410,265,None
1799,1089,265,MoveLeft,2410,265,None
1800,1082,265,MoveLeft,2410,265,None
1801,1075,265,MoveLeft,2410,265,None
1802,1068,265,MoveLeft,2410,265,None
1803,1061,265,MoveLeft,2410,265,None
1804,1054,265,MoveLeft,2410,265,None
1805,1047,265,MoveLeft,2410,265,None
1806,1040,265,MoveLeft,2410,265,None
1807,1033,265,MoveLeft,2410,265,None
1808,1026,265,MoveLeft,2410,265,None
1809,1019,265,MoveLeft,2410,265,None
1810,1012,265,MoveLeft,2410,265,None
1811,1005,265,MoveLeft,2410,265,None
1812,998,265,MoveLeft,2410,265,None
1813,991,265,MoveLeft,2410,265,None
1814,984,265,MoveLeft,2410,265,None
1815,977,265,MoveLeft,2410,265,None
1816,970,265,MoveLeft,2410,265,None
1820,970,265,None,2410,265,Serve
1820,977,265,MoveRight,2410,265,None
1820,977,265,None,2410,265,None
1821,984,265,MoveRight,2410,265,None
1822,991,265,MoveRight,2410,265,None
1823,998,265,MoveRight,2410,265,None
1824,1005,265,MoveRight,2410,265,None
1825,1012,265,MoveRight,2410,265,None
1826,1019,265,MoveRight,2410,265,None
1839,1012,265,MoveLeft,2410,265,None
1840,1005,265,MoveLeft,2410,265,None
1841,998,265,MoveLeft,2410,265,None
1842,991,265,MoveLeft,2410,265,None
1843,984,265,MoveLeft,2410,265,None
1844,977,265,MoveLeft,2410,265,None
1845,970,265,MoveLeft,2410,265,None
1846,963,265,MoveLeft,2410,265,None
1847,956,265,MoveLeft,2410,265,None
1848,949,265,MoveLeft,2410,265,None
1890,949,265,None,2410,265,None
1918,963,265,MoveLeft,2410,265,None
1919,956,265,MoveLeft,2410,265,None
1920,949,265,MoveLeft,2410,265,None
1921,942,265,MoveLeft,2410,265,None
1922,935,265,MoveLeft,2410,265,None
1923,928,265,MoveLeft,2410,265,None
1924,921,265,MoveLeft,2410,265,None
1925,914,265,MoveLeft,2410,265,None
1936,907,265,MoveLeft,2410,265,None
1937,900,265,MoveLeft,2410,265,None
1938,893,265,MoveLeft,2410,265,None
1939,886,265,MoveLeft,2410,265,None
1940,879,265,MoveLeft,2410,265,None
1941,872,265,MoveLeft,2410,265,None
1942,865,265,MoveLeft,2410,265,None
1943,858,265,MoveLeft,2410,265,None
1944,851,265,MoveLeft,2410,265,None
1945,844,265,MoveLeft,2410,265,None
1946,837,265,MoveLeft,2410,265,None
1947,837,265,None,2410,265,Serve
1947,830,265,MoveLeft,2410,265,None
1947,830,265,None,2410,265,None
1948,837,265,MoveRight,2410,265,None
1949,844,265,MoveRight,2410,265,None
1950,851,265,MoveRight,2410,265,None
1951,858,265,MoveRight,2410,265,None
1952,865,265,MoveRight,2410,265,None
1953,865,265,None,2410,265,None
1954,865,265,None,2410,265,None
1955,865,265,None,2410,265,None
1956,865,265,None,2410,265,None
1957,865,265,None,2410,265,None
1958,865,265,None,2410,265,None
1959,865,265,None,2410,265,None
1960,865,265,None,2410,265,None
1961,865,265,None,2410,265,None
1962,865,265,None,2410,265,None
1963,865,265,None,2410,265,None
1964,865,265,None,2410,265,None
1965,865,265,None,2410,265,None
1966,865,265,None,2410,265,None
1967,865,265,None,2410,265,None
1968,865,265,None,2410,265,None
1969,865,265,None,2410,265,None
1970,865,265,None,2410,265,None
1971,865,265,None,2410,265,None
1972,865,265,None,2410,265,None
1973,865,265,None,2410,265,None
1974,865,265,None,2410,265,None
1975,865,265,None,2410,265,None
1976,865,265,None,2410,265,None
1977,865,265,None,2410,265,None
1978,865,265,None,2410,265,None
1979,865,265,None,2410,265,None
1980,865,265,None,2410,265,None
1981,865,265,None,2410,265,None
1982,865,265,None,2410,265,None
1983,865,265,None,2410,265,None
1984,865,265,None,2410,265,None
1985,865,265,None,2410,265,None
1986,865,265,None,2410,265,None
1987,865,265,None,2410,265,None
1988,865,265,None,2410,265,None
1989,865,265,None,2410,265,None
1990,865,265,None,2410,265,None
1991,865,265,None,2410,265,None
1992,865,265,None,2410,265,None
1993,865,265,None,2410,265,None
1994,865,265,None,2410,265,None
1995,865,265,None,2410,265,None
1996,865,265,None,2410,265,None
1997,865,265,None,2410,265,None
1998,865,265,None,2410,265,None
1999,865,265,None,2410,265,None
2000,865,265,None,2410,265,None
2001,865,265,None,2410,265,None
2002,865,265,None,2410,265,None
2003,865,265,None,2410,265,None
2004,865,265,None,2410,265,None
2005,865,265,None,2410,265,None
2006,865,265,None,2410,265,None
2007,865,265,None,2410,265,None
2008,865,265,None,2410,265,None
2009,865,265,None,2410,265,None
2010,865,265,None,2410,265,None
2011,865,265,None,2410,265,None
2012,865,265,None,2410,265,None
2013,865,265,None,2410,265,None
2014,865,265,None,2410,265,None
2015,865,265,None,2410,265,None
2016,865,265,None,2410,265,None
2017,865,265,None,2410,265,None
2018,865,265,None,2410,265,None
2019,865,265,Bump,2410,265,None
2019,865,265,None,2410,265,None
2020,865,265,None,2403,265,MoveLeft
2021,865,265,None,2396,265,MoveLeft
2022,865,265,None,2389,265,MoveLeft
2023,865,265,None,2382,265,MoveLeft
2024,865,265,None,2375,265,MoveLeft
2025,865,265,None,2368,265,MoveLeft
2026,865,265,None,2361,265,MoveLeft
2027,865,265,None,2354,265,MoveLeft
2028,865,265,None,2347,265,MoveLeft
2029,865,265,None,2340,265,MoveLeft
2030,865,265,None,2333,265,MoveLeft
2031,865,265,None,2326,265,MoveLeft
2032,865,265,None,2319,265,MoveLeft
2033,865,265,None,2312,265,MoveLeft
2034,865,265,None,2305,265,MoveLeft
2035,865,265,None,2298,265,MoveLeft
2036,865,265,None,2291,265,MoveLeft
2037,865,265,None,2284,265,MoveLeft
2038,872,265,MoveRight,2284,265,None
2038,872,265,None,2277,265,MoveLeft
2039,879,265,MoveRight,2277,265,None
2039,879,265,None,2270,265,MoveLeft
2040,886,265,MoveRight,2270,265,None
2040,886,265,None,2263,265,MoveLeft
2041,893,265,MoveRight,2263,265,None
2041,893,265,None,2256,265,MoveLeft
2042,900,265,MoveRight,2256,265,None
2042,900,265,None,2249,265,MoveLeft
2043,907,265,MoveRight,2249,265,None
2043,907,265,None,2242,265,MoveLeft
2044,914,265,MoveRight,2242,265,None
2044,914,265,None,2235,265,MoveLeft
2045,921,265,MoveRight,2235,265,None
2045,921,265,None,2228,265,MoveLeft
2046,928,265,MoveRight,2228,265,None
2046,928,265,None,2221,265,MoveLeft
2047,935,265,MoveRight,2221,265,None
2047,935,265,None,2214,265,MoveLeft
2048,942,265,MoveRight,2214,265,None
2048,942,265,None,2207,265,MoveLeft
2049,949,265,MoveRight,2207,265,None
2049,949,265,None,2200,265,MoveLeft
2050,956,265,MoveRight,2200,265,None
2050,956,265,None,2193,265,MoveLeft
2051,963,265,MoveRight,2193,265,None
2051,963,265,None,2186,265,MoveLeft
2052,970,265,MoveRight,2186,265,None
2052,970,265,None,2179,265,MoveLeft
2053,977,265,MoveRight,2179,265,None
2053,977,265,None,2172,265,MoveLeft
2054,984,265,MoveRight,2172,265,None
2054,984,265,None,2165,265,MoveLeft
2055,991,265,MoveRight,2165,265,None
2055,991,265,None,2158,265,MoveLeft
2056,998,265,MoveRight,2158,265,None
2056,998,265,None,2151,265,MoveLeft
2057,1005,265,MoveRight,2151,265,None
2057,1005,265,None,2144,265,MoveLeft
2058,1012,265,MoveRight,2144,265,None
2058,1012,265,None,2137,265,MoveLeft
2059,1019,265,MoveRight,2137,265,None
2059,1019,265,None,2130,265,MoveLeft
2060,1026,265,MoveRight,2130,265,None
2060,1026,265,None,2123,265,MoveLeft
2061,1033,265,MoveRight,2123,265,None
2061,1033,265,None,2116,265,MoveLeft
2062,1040,265,MoveRight,2116,265,None
2062,1040,265,None,2109,265,MoveLeft
2063,1047,265,MoveRight,2109,265,None
2063,1047,265,None,2102,265,MoveLeft
2064,1054,265,MoveRight,2102,265,None
2064,1054,265,None,2095,265,MoveLeft
2065,1061,265,MoveRight,2095,265,None
2065,1061,265,None,2088,265,MoveLeft
2066,1068,265,MoveRight,2088,265,None
2066,1068,265,None,2081,265,MoveLeft
2067,1075,265,MoveRight,2081,265,None
2067,1075,265,None,2074,265,MoveLeft
2068,1082,265,MoveRight,2074,265,None
2068,1082,265,None,2067,265,MoveLeft
2069,1089,265,MoveRight,2067,265,None
2069,1089,265,None,2060,265,MoveLeft
2070,1096,265,MoveRight,2060,265,None
2070,1096,265,None,2053,265,MoveLeft
2071,1103,265,MoveRight,2053,265,None
2071,1103,265,None,2046,265,MoveLeft
2072,1110,265,MoveRight,2046,265,None
2072,1110,265,None,2039,265,MoveLeft
2073,1117,265,MoveRight,2039,265,None
2073,1117,265,None,2032,265,MoveLeft
2074,1124,265,MoveRight,2032,265,None
2074,1124,265,None,2025,265,MoveLeft
2075,1131,265,MoveRight,2025,265,None
2075,1131,265,None,2018,265,MoveLeft
2076,1138,265,MoveRight,2018,265,None
2076,1138,265,None,2011,265,MoveLeft
2077,1145,265,MoveRight,2011,265,None
2077,1145,265,None,2004,265,MoveLeft
2078,1145,265,None,1997,265,MoveLeft
2079,1145,265,None,1990,265,MoveLeft
2080,1145,265,None,1983,265,MoveLeft
2081,1145,265,None,1976,265,MoveLeft
2082,1145,265,None,1969,265,MoveLeft
2083,1138,265,MoveLeft,1969,265,None
2083,1138,265,None,1962,265,MoveLeft
2084,1131,265,MoveLeft,1962,265,None
2084,1131,265,None,1955,265,MoveLeft
2085,1124,265,MoveLeft,1955,265,None
2085,1124,265,None,1948,265,MoveLeft
2086,1117,265,MoveLeft,1948,265,None
2086,1117,265,None,1941,265,MoveLeft
2087,1110,265,MoveLeft,1941,265,None
2087,1110,265,None,1934,265,MoveLeft
2088,1103,265,MoveLeft,1934,265,None
2088,1103,265,None,1927,265,MoveLeft
2089,1096,265,MoveLeft,1927,265,None
2089,1096,265,None,1920,265,MoveLeft
2090,1089,265,MoveLeft,1920,265,None
2090,1089,265,None,1913,265,MoveLeft
2091,1082,265,MoveLeft,1913,265,None
2091,1082,265,None,1906,265,MoveLeft
2092,1075,265,MoveLeft,1906,265,None
2092,1075,265,None,1899,265,MoveLeft
2093,1068,265,MoveLeft,1899,265,None
2093,1068,265,None,1892,265,MoveLeft
2094,1061,265,MoveLeft,1892,265,None
2094,1061,265,None,1885,265,MoveLeft
2095,1054,265,MoveLeft,1885,265,None
2095,1054,265,None,1878,265,MoveLeft
2096,1047,265,MoveLeft,1878,265,None
2096,1047,265,None,1871,265,MoveLeft
2097,1040,265,MoveLeft,1871,265,None
2097,1040,265,None,1864,265,MoveLeft
2098,1033,265,MoveLeft,1864,265,None
2098,1033,265,None,1857,265,MoveLeft
2099,1026,265,MoveLeft,1857,265,None
2099,1026,265,None,1850,265,MoveLeft
2100,1019,265,MoveLeft,1850,265,None
2100,1019,265,None,1843,265,MoveLeft
2101,1012,265,MoveLeft,1843,265,None
2101,1012,265,None,1836,265,MoveLeft
2102,1005,265,MoveLeft,1836,265,None
2102,1005,265,None,1829,265,MoveLeft
2103,998,265,MoveLeft,1829,265,None
2103,998,265,None,1822,265,MoveLeft
2104,991,265,MoveLeft,1822,265,None
2104,991,265,None,1815,265,MoveLeft
2105,984,265,MoveLeft,1815,265,None
2105,984,265,None,1808,265,MoveLeft
2106,977,265,MoveLeft,1808,265,None
2106,977,265,None,1801,265,MoveLeft
2107,970,265,MoveLeft,1801,265,None
2107,970,265,None,1794,265,MoveLeft
2108,963,265,MoveLeft,1794,265,None
2108,963,265,None,1787,265,MoveLeft
2109,956,265,MoveLeft,1787,265,None
2109,956,265,None,1780,265,MoveLeft
2110,949,265,MoveLeft,1780,265,None
2110,949,265,None,1773,265,MoveLeft
2111,942,265,MoveLeft,1773,265,None
2111,942,265,None,1766,265,MoveLeft
2112,935,265,MoveLeft,1766,265,None
2112,935,265,None,1759,265,MoveLeft
2113,928,265,MoveLeft,1759,265,None
2113,928,265,None,1752,265,MoveLeft
2114,921,265,MoveLeft,1752,265,None
2114,921,265,None,1745,265,MoveLeft
2115,914,265,MoveLeft,1745,265,None
2115,914,265,None,1738,265,MoveLeft
2116,907,265,MoveLeft,1738,265,None
2116,907,265,None,1731,265,MoveLeft
2117,900,265,MoveLeft,1731,265,None
2118,893,265,MoveLeft,1731,265,None
2119,886,265,MoveLeft,1731,265,None
2120,879,265,MoveLeft,1731,265,None
2121,872,265,MoveLeft,1731,265,None
2122,865,265,MoveLeft,1731,265,None
2123,858,265,MoveLeft,1731,265,None
2124,851,265,MoveLeft,1731,265,None
2125,844,265,MoveLeft,1731,265,None
2126,837,265,MoveLeft,1731,265,None
2127,830,265,MoveLeft,1731,265,None
2128,823,265,MoveLeft,1731,265,None
2134,830,265,MoveRight,1731,265,None
2135,837,265,MoveRight,1731,265,None
2136,844,265,MoveRight,1731,265,None
2137,851,265,MoveRight,1731,265,None
2138,858,265,MoveRight,1731,265,None
2139,865,265,MoveRight,1731,265,None
2140,872,265,MoveRight,1731,265,None
2141,879,265,MoveRight,1731,265,None
2142,886,265,MoveRight,1731,265,None
2143,893,265,MoveRight,1731,265,None
2144,900,265,MoveRight,1731,265,None
2145,907,265,MoveRight,1731,265,None
2146,914,265,MoveRight,1731,265,None
2147,921,265,MoveRight,1731,265,None
2148,928,265,MoveRight,1731,265,None
2149,935,265,MoveRight,1731,265,None
2150,942,265,MoveRight,1731,265,None
2151,949,265,MoveRight,1731,265,None
2152,956,265,MoveRight,1731,265,None
2153,963,265,MoveRight,1731,265,None
2154,970,265,MoveRight,1731,265,None
2155,977,265,MoveRight,1731,265,None
2156,984,265,MoveRight,1731,265,None
2157,991,265,MoveRight,1731,265,None
2158,998,265,MoveRight,1731,265,None
2159,1005,265,MoveRight,1731,265,None
2160,1012,265,MoveRight,1731,265,None
2161,1019,265,MoveRight,1731,265,None
2162,1026,265,MoveRight,1731,265,None
2163,1033,265,MoveRight,1731,265,None
2164,1040,265,MoveRight,1731,265,None
2183,970,265,SpikeMedium,2410,265,None
2183,970,265,None,2410,265,None
2219,977,265,MoveRight,2410,265,None
2220,984,265,MoveRight,2410,265,None
2221,991,265,MoveRight,2410,265,None
2222,998,265,MoveRight,2410,265,None
2223,1005,265,MoveRight,2410,265,None
2224,1012,265,MoveRight,2410,265,None
2225,1019,265,MoveRight,2410,265,None
2226,1026,265,MoveRight,2410,265,None
2227,1033,265,MoveRight,2410,265,None
2228,1040,265,MoveRight,2410,265,None
2231,1040,265,None,2410,265,Serve
2231,1040,265,None,2410,265,None
2238,1033,265,MoveLeft,2410,265,None
2239,1026,265,MoveLeft,2410,265,None
2240,1019,265,MoveLeft,2410,265,None
2241,1012,265,MoveLeft,2410,265,None
2242,1005,265,MoveLeft,2410,265,None
2243,998,265,MoveLeft,2410,265,None
2244,991,265,MoveLeft,2410,265,None
2245,984,265,MoveLeft,2410,265,None
2246,977,265,MoveLeft,2410,265,None
2247,970,265,MoveLeft,2410,265,None
2248,963,265,MoveLeft,2410,265,None
2249,956,265,MoveLeft,2410,265,None
2250,949,265,MoveLeft,2410,265,None
2251,942,265,MoveLeft,2410,265,None
2252,935,265,MoveLeft,2410,265,None
2277,928,265,MoveLeft,2410,265,None
2278,921,265,MoveLeft,2410,265,None
2279,914,265,MoveLeft,2410,265,None
2280,907,265,MoveLeft,2410,265,None
2281,900,265,MoveLeft,2410,265,None
2282,893,265,MoveLeft,2410,265,None
2289,900,265,MoveRight,2410,265,None
2290,907,265,MoveRight,2410,265,None
2291,914,265,MoveRight,2410,265,None
2292,921,265,MoveRight,2410,265,None
2293,928,265,MoveRight,2410,265,None
2294,935,265,MoveRight,2410,265,None
2295,942,265,MoveRight,2410,265,None
2296,949,265,MoveRight,2410,265,None
2297,956,265,MoveRight,2410,265,None
2298,963,265,MoveRight,2410,265,None
2299,970,265,MoveRight,2410,265,None
2301,970,265,None,2410,265,None
2312,970,265,None,2410,265,None
2329,970,265,None,2410,265,None
2345,963,265,MoveLeft,2410,265,None
2346,956,265,MoveLeft,2410,265,None
2347,949,265,MoveLeft,2410,265,None
2348,942,265,MoveLeft,2410,265,None
2349,935,265,MoveLeft,2410,265,None
2350,928,265,MoveLeft,2410,265,None
2351,921,265,MoveLeft,2410,265,None
2352,914,265,MoveLeft,2410,265,None
2353,907,265,MoveLeft,2410,265,None
2358,907,265,None,2410,265,Serve
2358,907,265,None,2410,265,None
2363,900,265,MoveLeft,2410,265,None
2364,893,265,MoveLeft,2410,265,None
2365,886,265,MoveLeft,2410,265,None
2366,879,265,MoveLeft,2410,265,None
2367,872,265,MoveLeft,2410,265,None
2368,872,265,None,2410,265,None
2369,872,265,None,2410,265,None
2370,872,265,None,2410,265,None
2371,872,265,None,2410,265,None
2372,872,265,None,2410,265,None
2373,872,265,None,2410,265,None
2374,872,265,None,2410,265,None
2375,872,265,None,2410,265,None
2376,872,265,None,2410,265,None
2377,872,265,None,2410,265,None
2378,872,265,None,2410,265,None
2379,872,265,None,2410,265,None
2380,872,265,None,2410,265,None
2381,872,265,None,2410,265,None
2382,872,265,None,2410,265,None
2383,872,265,None,2410,265,None
2384,872,265,None,2410,265,None
2385,872,265,None,2410,265,None
2386,872,265,None,2410,265,None
2387,872,265,None,2410,265,None
2388,872,265,None,2410,265,None
2389,872,265,None,2410,265,None
2390,872,265,None,2410,265,None
2391,872,265,None,2410,265,None
2392,872,265,None,2410,265,None
2393,872,265,None,2410,265,None
2394,872,265,None,2410,265,None
2395,872,265,None,2410,265,None
2396,872,265,None,2410,265,None
2397,872,265,None,2410,265,None
2398,872,265,None,2410,265,None
2399,872,265,None,2410,265,None
2400,872,265,None,2410,265,None
2401,872,265,None,2410,265,None
2402,872,265,None,2410,265,None
2403,872,265,None,2410,265,None
2404,872,265,None,2410,265,None
2405,872,265,None,2410,265,None
2406,872,265,None,2410,265,None
2407,872,265,None,2410,265,None
2408,872,265,None,2410,265,None
2409,872,265,None,2410,265,None
2410,872,265,None,2410,265,None
2411,872,265,None,2410,265,None
2412,872,265,None,2410,265,None
2413,872,265,None,2410,265,None
2414,872,265,None,2410,265,None
2415,872,265,None,2410,265,None
2416,872,265,None,2410,265,None
2417,872,265,None,2410,265,None
2418,872,265,None,2410,265,None
2419,872,265,None,2410,265,None
2420,872,265,None,2410,265,None
2421,872,265,None,2410,265,None
2422,872,265,None,2410,265,None
2423,872,265,None,2410,265,None
2424,872,265,None,2410,265,None
2425,872,265,None,2410,265,None
2426,872,265,None,2410,265,None
2427,872,265,None,2410,265,None
2428,872,265,None,2410,265,None
2429,872,265,None,2410,265,None
2430,872,265,Bump,2410,265,None
2430,872,265,None,2410,265,None
2431,872,265,None,2403,265,MoveLeft
2432,872,265,None,2396,265,MoveLeft
2433,872,265,None,2389,265,MoveLeft
2434,872,265,None,2382,265,MoveLeft
2435,872,265,None,2375,265,MoveLeft
2436,872,265,None,2368,265,MoveLeft
2437,872,265,None,2361,265,MoveLeft
2438,872,265,None,2354,265,MoveLeft
2439,872,265,None,2347,265,MoveLeft
2440,872,265,None,2340,265,MoveLeft
2441,872,265,None,2333,265,MoveLeft
2442,872,265,None,2326,265,MoveLeft
2443,872,265,None,2319,265,MoveLeft
2444,872,265,None,2312,265,MoveLeft
2445,872,265,None,2305,265,MoveLeft
2446,872,265,None,2298,265,MoveLeft
2447,872,265,None,2291,265,MoveLeft
2448,872,265,None,2284,265,MoveLeft
2449,879,265,MoveRight,2284,265,None
2449,879,265,None,2277,265,MoveLeft
2450,886,265,MoveRight,2277,265,None
2450,886,265,None,2270,265,MoveLeft
2451,893,265,MoveRight,2270,265,None
2451,893,265,None,2263,265,MoveLeft
2452,900,265,MoveRight,2263,265,None
2452,900,265,None,2256,265,MoveLeft
2453,907,265,MoveRight,2256,265,None
2453,907,265,None,2249,265,MoveLeft
2454,914,265,MoveRight,2249,265,None
2454,914,265,None,2242,265,MoveLeft
2455,921,265,MoveRight,2242,265,None
2455,921,265,None,2235,265,MoveLeft
2456,928,265,MoveRight,2235,265,None
2456,928,265,None,2228,265,MoveLeft
2457,935,265,MoveRight,2228,265,None
2457,935,265,None,2221,265,MoveLeft
2458,942,265,MoveRight,2221,265,None
2458,942,265,None,2214,265,MoveLeft
2459,949,265,MoveRight,2214,265,None
2459,949,265,None,2207,265,MoveLeft
2460,956,265,MoveRight,2207,265,None
2460,956,265,None,2200,265,MoveLeft
2461,963,265,MoveRight,2200,265,None
2461,963,265,None,2193,265,MoveLeft
2462,970,265,MoveRight,2193,265,None
2462,970,265,None,2186,265,MoveLeft
2463,977,265,MoveRight,2186,265,None
2463,977,265,None,2179,265,MoveLeft
2464,984,265,MoveRight,2179,265,None
2464,984,265,None,2172,265,MoveLeft
2465,991,265,MoveRight,2172,265,None
2465,991,265,None,2165,265,MoveLeft
2466,998,265,MoveRight,2165,265,None
2466,998,265,None,2158,265,MoveLeft
2467,1005,265,MoveRight,2158,265,None
2467,1005,265,None,2151,265,MoveLeft
2468,1012,265,MoveRight,2151,265,None
2468,1012,265,None,2144,265,MoveLeft
2469,1019,265,MoveRight,2144,265,None
2469,1019,265,None,2137,265,MoveLeft
2470,1026,265,MoveRight,2137,265,None
2470,1026,265,None,2130,265,MoveLeft
2471,1033,265,MoveRight,2130,265,None
2471,1033,265,None,2123,265,MoveLeft
2472,1040,265,MoveRight,2123,265,None
2472,1040,265,None,2116,265,MoveLeft
2473,1047,265,MoveRight,2116,265,None
2473,1047,265,None,2109,265,MoveLeft
2474,1047,265,None,2102,265,MoveLeft
2475,1047,265,None,2095,265,MoveLeft
2476,1047,265,None,2088,265,MoveLeft
2477,1047,265,None,2081,265,MoveLeft
2478,1047,265,None,2074,265,MoveLeft
2479,1047,265,None,2067,265,MoveLeft
2480,1047,265,None,2060,265,MoveLeft
2481,1047,265,None,2053,265,MoveLeft
2482,1040,265,MoveLeft,2053,265,None
2482,1040,265,None,2046,265,MoveLeft
2483,1033,265,MoveLeft,2046,265,None
2483,1033,265,None,2039,265,MoveLeft
2484,1026,265,MoveLeft,2039,265,None
2484,1026,265,None,2032,265,MoveLeft
2485,1019,265,MoveLeft,2032,265,None
2485,1019,265,None,2025,265,MoveLeft
2486,1012,265,MoveLeft,2025,265,None
2486,1012,265,None,2018,265,MoveLeft
2487,1005,265,MoveLeft,2018,265,None
2487,1005,265,None,2011,265,MoveLeft
2488,998,265,MoveLeft,2011,265,None
2488,998,265,None,2004,265,MoveLeft
2489,991,265,MoveLeft,2004,265,None
2489,991,265,None,1997,265,MoveLeft
2490,984,265,MoveLeft,1997,265,None
2490,984,265,None,1990,265,MoveLeft
2491,977,265,MoveLeft,1990,265,None
2491,977,265,None,1983,265,MoveLeft
2492,970,265,MoveLeft,1983,265,None
2492,970,265,None,1976,265,MoveLeft
2493,963,265,MoveLeft,1976,265,None
2493,963,265,None,1969,265,MoveLeft
2494,956,265,MoveLeft,1969,265,None
2494,956,265,None,1962,265,MoveLeft
2495,949,265,MoveLeft,1962,265,None
2495,949,265,None,1955,265,MoveLeft
2496,942,265,MoveLeft,1955,265,None
2496,942,265,None,1948,265,MoveLeft
2497,935,265,MoveLeft,1948,265,None
2497,935,265,None,1941,265,MoveLeft
2498,928,265,MoveLeft,1941,265,None
2498,928,265,None,1934,265,MoveLeft
2499,921,265,MoveLeft,1934,265,None
2499,921,265,None,1927,265,MoveLeft
2500,914,265,MoveLeft,1927,265,None
2500,914,265,None,1920,265,MoveLeft
2501,907,265,MoveLeft,1920,265,None
2501,907,265,None,1913,265,MoveLeft
2502,900,265,MoveLeft,1913,265,None
2502,900,265,None,1906,265,MoveLeft
2503,893,265,MoveLeft,1906,265,None
2503,893,265,None,1899,265,MoveLeft
2504,886,265,MoveLeft,1899,265,None
2504,886,265,None,1892,265,MoveLeft
2505,879,265,MoveLeft,1892,265,None
2505,879,265,None,1885,265,MoveLeft
2506,872,265,MoveLeft,1885,265,None
2506,872,265,None,1878,265,MoveLeft
2507,865,265,MoveLeft,1878,265,None
2507,865,265,None,1871,265,MoveLeft
2508,858,265,MoveLeft,1871,265,None
2508,858,265,None,1864,265,MoveLeft
2509,851,265,MoveLeft,1864,265,None
2509,851,265,None,1857,265,MoveLeft
2510,844,265,MoveLeft,1857,265,None
2510,844,265,None,1850,265,MoveLeft
2511,844,265,None,1843,265,MoveLeft
2512,844,265,None,1836,265,MoveLeft
2513,844,265,None,1829,265,MoveLeft
2514,844,265,None,1822,265,MoveLeft
2515,844,265,None,1815,265,MoveLeft
2516,844,265,None,1808,265,MoveLeft
2517,844,265,None,1801,265,MoveLeft
2518,844,265,None,1794,265,MoveLeft
2519,844,265,None,1787,265,MoveLeft
2520,844,265,None,1780,265,MoveLeft
2521,844,265,None,1773,265,MoveLeft
2522,844,265,None,1766,265,MoveLeft
2523,844,265,None,1759,265,MoveLeft
2524,844,265,None,1752,265,MoveLeft
2525,851,265,MoveRight,1752,265,None
2525,851,265,None,1745,265,MoveLeft
2526,858,265,MoveRight,1745,265,None
2526,858,265,None,1738,265,MoveLeft
2527,865,265,MoveRight,1738,265,None
2527,865,265,None,1731,265,MoveLeft
2528,872,265,MoveRight,1731,265,None
2529,879,265,MoveRight,1731,265,None
2530,886,265,MoveRight,1731,265,None
2531,893,265,MoveRight,1731,265,None
2532,900,265,MoveRight,1731,265,None
2533,907,265,MoveRight,1731,265,None
2534,914,265,MoveRight,1731,265,None
2535,921,265,MoveRight,1731,265,None
2536,928,265,MoveRight,1731,265,None
2537,935,265,MoveRight,1731,265,None
2538,942,265,MoveRight,1731,265,None
2539,949,265,MoveRight,1731,265,None
2540,956,265,MoveRight,1731,265,None
2541,963,265,MoveRight,1731,265,None
2542,970,265,MoveRight,1731,265,None
2543,977,265,MoveRight,1731,265,None
2544,984,265,MoveRight,1731,265,None
2582,984,265,SpikeMedium,1731,265,None
2582,984,265,None,1731,265,None
2583,984,265,None,1738,265,MoveRight
2584,984,265,None,1745,265,MoveRight
2585,984,265,None,1752,265,MoveRight
2586,984,265,None,1759,265,MoveRight
2587,984,265,None,1766,265,MoveRight
2588,984,265,None,1773,265,MoveRight
2589,984,265,None,1780,265,MoveRight
2590,984,265,None,1787,265,MoveRight
2591,984,265,None,1794,265,MoveRight
2592,984,265,None,1801,265,MoveRight
2593,984,265,None,1808,265,MoveRight
2594,984,265,None,1815,265,MoveRight
2595,984,265,None,1822,265,MoveRight
2596,984,265,None,1829,265,MoveRight
2597,984,265,None,1836,265,MoveRight
2598,984,265,None,1843,265,MoveRight
2599,984,265,None,1850,265,MoveRight
2600,984,265,None,1857,265,MoveRight
2601,984,265,None,1864,265,MoveRight
2602,984,265,None,1871,265,MoveRight
2603,984,265,None,1878,265,MoveRight
2604,984,265,None,1885,265,MoveRight
2610,991,265,MoveRight,1885,265,None
2611,998,265,MoveRight,1885,265,None
2612,1005,265,MoveRight,1885,265,None
2613,1012,265,MoveRight,1885,265,None
2614,1019,265,MoveRight,1885,265,None
2615,1026,265,MoveRight,1885,265,None
2616,1033,265,MoveRight,1885,265,None
2617,1040,265,MoveRight,1885,265,None
2618,1047,265,MoveRight,1885,265,None
2622,1040,265,MoveLeft,1885,265,None
2623,1033,265,MoveLeft,1885,265,None
2624,1026,265,MoveLeft,1885,265,None
2625,1019,265,MoveLeft,1885,265,None
2626,1012,265,MoveLeft,1885,265,None
2627,1005,265,MoveLeft,1885,265,None
2628,998,265,MoveLeft,1885,265,None
2629,991,265,MoveLeft,1885,265,None
2630,984,265,MoveLeft,1885,265,None
2631,977,265,MoveLeft,1885,265,None
2632,970,265,MoveLeft,1885,265,None
2633,963,265,MoveLeft,1885,265,None
2634,956,265,MoveLeft,1885,265,None
2635,949,265,MoveLeft,1885,265,None
2636,942,265,MoveLeft,1885,265,None
2637,935,265,MoveLeft,1885,265,None
2638,928,265,MoveLeft,1885,265,None
2639,921,265,MoveLeft,1885,265,None
2640,914,265,MoveLeft,1885,265,None
2641,907,265,MoveLeft,1885,265,None
2642,900,265,MoveLeft,1885,265,None
2643,893,265,MoveLeft,1885,265,None
2644,886,265,MoveLeft,1885,265,None
2645,879,265,MoveLeft,1885,265,None
2646,872,265,MoveLeft,1885,265,None
2647,872,265,None,1885,265,SpikeMedium
2647,865,265,MoveLeft,1885,265,None
2647,865,265,None,1885,265,None
2648,858,265,MoveLeft,1885,265,None
2649,851,265,MoveLeft,1885,265,None
2650,844,265,MoveLeft,1885,265,None
2651,837,265,MoveLeft,1885,265,None
2652,830,265,MoveLeft,1885,265,None
2653,823,265,MoveLeft,1885,265,None
2654,816,265,MoveLeft,1885,265,None
2655,809,265,MoveLeft,1885,265,None
2663,816,265,MoveRight,1885,265,None
2664,823,265,MoveRight,1885,265,None
2665,830,265,MoveRight,1885,265,None
2666,837,265,MoveRight,1885,265,None
2667,844,265,MoveRight,1885,265,None
2668,851,265,MoveRight,1885,265,None
2669,858,265,MoveRight,1885,265,None
2670,865,265,MoveRight,1885,265,None
2671,872,265,MoveRight,1885,265,None
2672,879,265,MoveRight,1885,265,None
2673,886,265,MoveRight,1885,265,None
2674,893,265,MoveRight,1885,265,None
2675,900,265,MoveRight,1885,265,None
2676,907,265,MoveRight,1885,265,None
2677,914,265,MoveRight,1885,265,None
2678,921,265,MoveRight,1885,265,None
2679,928,265,MoveRight,1885,265,None
2680,935,265,MoveRight,1885,265,None
2681,942,265,MoveRight,1885,265,None
2682,949,265,MoveRight,1885,265,None
2683,956,265,MoveRight,1885,265,None
2684,963,265,MoveRight,1885,265,None
2685,970,265,MoveRight,1885,265,None
2686,977,265,MoveRight,1885,265,None
2687,984,265,MoveRight,1885,265,None
2688,991,265,MoveRight,1885,265,None
2689,998,265,MoveRight,1885,265,None
2690,1005,265,MoveRight,1885,265,None
2691,1012,265,MoveRight,1885,265,None
2692,1019,265,MoveRight,1885,265,None
2693,1026,265,MoveRight,1885,265,None
2694,1033,265,MoveRight,1885,265,None
2695,1040,265,MoveRight,1885,265,None
2696,1047,265,MoveRight,1885,265,None
2697,1054,265,MoveRight,1885,265,None
2706,1047,265,MoveLeft,1885,265,None
2707,1040,265,MoveLeft,1885,265,None
2708,1033,265,MoveLeft,1885,265,None
2709,1033,265,Bump,1885,265,None
2709,1026,265,MoveLeft,1885,265,None
2710,1026,265,None,1878,265,MoveLeft
2711,1026,265,None,1871,265,MoveLeft
2712,1026,265,None,1864,265,MoveLeft
2713,1026,265,None,1857,265,MoveLeft
2714,1026,265,None,1850,265,MoveLeft
2715,1026,265,None,1843,265,MoveLeft
2716,1026,265,None,1836,265,MoveLeft
2717,1026,265,None,1829,265,MoveLeft
2718,1026,265,None,1822,265,MoveLeft
2719,1026,265,None,1815,265,MoveLeft
2720,1026,265,None,1808,265,MoveLeft
2721,1026,265,None,1801,265,MoveLeft
2722,1026,265,None,1794,265,MoveLeft
2723,1026,265,None,1787,265,MoveLeft
2724,1026,265,None,1780,265,MoveLeft
2725,1026,265,None,1773,265,MoveLeft
2726,1026,265,None,1766,265,MoveLeft
2727,1026,265,None,1759,265,MoveLeft
2728,1026,265,None,1752,265,MoveLeft
2729,1033,265,MoveRight,1752,265,None
2729,1033,265,None,1745,265,MoveLeft
2730,1040,265,MoveRight,1745,265,None
2730,1040,265,None,1738,265,MoveLeft
2731,1047,265,MoveRight,1738,265,None
2731,1047,265,None,1731,265,MoveLeft
2732,1054,265,MoveRight,1731,265,None
2732,1054,265,None,1724,265,MoveLeft
2733,1061,265,MoveRight,1724,265,None
2733,1061,265,None,1717,265,MoveLeft
2734,1068,265,MoveRight,1717,265,None
2734,1068,265,None,1710,265,MoveLeft
2735,1075,265,MoveRight,1710,265,None
2735,1075,265,None,1703,265,MoveLeft
2736,1082,265,MoveRight,1703,265,None
2736,1082,265,None,1696,265,MoveLeft
2737,1082,265,None,1689,265,MoveLeft
2738,1082,265,None,1682,265,MoveLeft
2739,1082,265,None,1675,265,MoveLeft
2740,1082,265,None,1668,265,MoveLeft
2741,1082,265,None,1661,265,MoveLeft
2742,1082,265,None,1654,265,MoveLeft
2743,1082,265,None,1647,265,MoveLeft
2744,1082,265,None,1640,265,MoveLeft
2745,1082,265,None,1633,265,MoveLeft
2746,1082,265,None,1626,265,MoveLeft
2747,1075,265,MoveLeft,1626,265,None
2747,1075,265,None,1619,265,MoveLeft
2748,1068,265,MoveLeft,1619,265,None
2748,1068,265,None,1612,265,MoveLeft
2749,1061,265,MoveLeft,1612,265,None
2749,1061,265,None,1605,265,MoveLeft
2750,1054,265,MoveLeft,1605,265,None
2750,1054,265,None,1598,265,MoveLeft
2751,1047,265,MoveLeft,1598,265,None
2751,1047,265,None,1591,265,MoveLeft
2752,1040,265,MoveLeft,1591,265,None
2752,1040,265,None,1584,265,MoveLeft
2753,1033,265,MoveLeft,1584,265,None
2753,1033,265,None,1577,265,MoveLeft
2754,1026,265,MoveLeft,1577,265,None
2755,1019,265,MoveLeft,1577,265,None
2756,1012,265,MoveLeft,1577,265,None
2757,1005,265,MoveLeft,1577,265,None
2758,998,265,MoveLeft,1577,265,None
2759,991,265,MoveLeft,1577,265,None
2760,984,265,MoveLeft,1577,265,None
2761,977,265,MoveLeft,1577,265,None
2762,970,265,MoveLeft,1577,265,None
2763,963,265,MoveLeft,1577,265,None
2764,956,265,MoveLeft,1577,265,None
2765,949,265,MoveLeft,1577,265,None
2804,942,265,MoveLeft,1577,265,None
2805,935,265,MoveLeft,1577,265,None
2806,928,265,MoveLeft,1577,265,None
2807,921,265,MoveLeft,1577,265,None
2808,921,265,None,1577,265,SpikeMedium
2808,914,265,MoveLeft,1577,265,None
2808,914,265,None,1577,265,None
2809,907,265,MoveLeft,1577,265,None
2810,900,265,MoveLeft,1577,265,None
2811,893,265,MoveLeft,1577,265,None
2812,886,265,MoveLeft,1577,265,None
2813,879,265,MoveLeft,1577,265,None
2814,872,265,MoveLeft,1577,265,None
2815,865,265,MoveLeft,1577,265,None
2816,858,265,MoveLeft,1577,265,None
2817,851,265,MoveLeft,1577,265,None
2818,844,265,MoveLeft,1577,265,None
2819,837,265,MoveLeft,1577,265,None
2820,830,265,MoveLeft,1577,265,None
2821,823,265,MoveLeft,1577,265,None
2822,816,265,MoveLeft,1577,265,None
2823,809,265,MoveLeft,1577,265,None
2824,802,265,MoveLeft,1577,265,None
2825,795,265,MoveLeft,1577,265,None
2826,788,265,MoveLeft,1577,265,None
2827,781,265,MoveLeft,1577,265,None
2828,774,265,MoveLeft,1577,265,None
2829,767,265,MoveLeft,1577,265,None
2830,760,265,MoveLeft,1577,265,None
2831,753,265,MoveLeft,1577,265,None
2832,746,265,MoveLeft,1577,265,None
2833,739,265,MoveLeft,1577,265,None
2843,732,265,MoveLeft,1577,265,None
2844,725,265,MoveLeft,1577,265,None
2845,718,265,MoveLeft,1577,265,None
2846,711,265,MoveLeft,1577,265,None
2847,704,265,MoveLeft,1577,265,None
2848,697,265,MoveLeft,1577,265,None
2849,690,265,MoveLeft,1577,265,None
2850,690,265,None,1577,265,None
2851,690,265,None,1577,265,None
2852,690,265,None,1577,265,None
2853,690,265,None,1577,265,None
2854,690,265,None,1577,265,None
2855,690,265,None,1577,265,None
2856,690,265,None,1577,265,None
2857,690,265,None,1577,265,None
2858,690,265,None,1577,265,None
2859,690,265,None,1577,265,None
2860,690,265,None,1577,265,None
2861,690,265,None,1577,265,None
2862,690,265,None,1577,265,None
2863,690,265,None,1577,265,None
2864,690,265,None,1577,265,None
2865,690,265,None,1577,265,None
2866,690,265,None,1577,265,None
2867,690,265,None,1577,265,None
2868,690,265,None,1577,265,None
2869,690,265,None,1577,265,None
2870,690,265,Bump,1577,265,None
2870,690,265,None,1577,265,None
2871,690,265,None,1584,265,MoveRight
2872,690,265,None,1591,265,MoveRight
2873,690,265,None,1598,265,MoveRight
2874,690,265,None,1605,265,MoveRight
2875,690,265,None,1612,265,MoveRight
2876,690,265,None,1619,265,MoveRight
2877,690,265,None,1626,265,MoveRight
2878,690,265,None,1633,265,MoveRight
2879,690,265,None,1640,265,MoveRight
2880,690,265,None,1647,265,MoveRight
2881,690,265,None,1654,265,MoveRight
2882,690,265,None,1661,265,MoveRight
2883,690,265,None,1668,265,MoveRight
2884,690,265,None,1675,265,MoveRight
2885,690,265,None,1682,265,MoveRight
2886,690,265,None,1689,265,MoveRight
2887,690,265,None,1696,265,MoveRight
2888,690,265,None,1703,265,MoveRight
2889,697,265,MoveRight,1703,265,None
2889,697,265,None,1710,265,MoveRight
2890,704,265,MoveRight,1710,265,None
2890,704,265,None,1717,265,MoveRight
2891,711,265,MoveRight,1717,265,None
2891,711,265,None,1724,265,MoveRight
2892,718,265,MoveRight,1724,265,None
2893,725,265,MoveRight,1724,265,None
2894,732,265,MoveRight,1724,265,None
2895,739,265,MoveRight,1724,265,None
2896,746,265,MoveRight,1724,265,None
2897,753,265,MoveRight,1724,265,None
2898,760,265,MoveRight,1724,265,None
2899,767,265,MoveRight,1724,265,None
2900,774,265,MoveRight,1724,265,None
2901,781,265,MoveRight,1724,265,None
2902,788,265,MoveRight,1724,265,None
2903,795,265,MoveRight,1724,265,None
2904,802,265,MoveRight,1724,265,None
2905,809,265,MoveRight,1724,265,None
2906,816,265,MoveRight,1724,265,None
2907,823,265,MoveRight,1724,265,None
2908,830,265,MoveRight,1724,265,None
2909,837,265,MoveRight,1724,265,None
2910,844,265,MoveRight,1724,265,None
2911,851,265,MoveRight,1724,265,None
2912,858,265,MoveRight,1724,265,None
2913,865,265,MoveRight,1724,265,None
2914,872,265,MoveRight,1724,265,None
2915,879,265,MoveRight,1724,265,None
2916,886,265,MoveRight,1724,265,None
2917,893,265,MoveRight,1724,265,None
2918,900,265,MoveRight,1724,265,None
2919,907,265,MoveRight,1724,265,None
2920,914,265,MoveRight,1724,265,None
2921,921,265,MoveRight,1724,265,None
2922,928,265,MoveRight,1724,265,None
2923,935,265,MoveRight,1724,265,None
2924,942,265,MoveRight,1724,265,None
2925,949,265,MoveRight,1724,265,None
2926,956,265,MoveRight,1724,265,None
2927,963,265,MoveRight,1724,265,None
2928,970,265,MoveRight,1724,265,None
2929,977,265,MoveRight,1724,265,None
2930,984,265,MoveRight,1724,265,None
2931,991,265,MoveRight,1724,265,None
2932,998,265,MoveRight,1724,265,None
2933,1005,265,MoveRight,1724,265,None
2934,1012,265,MoveRight,1724,265,None
2935,1019,265,MoveRight,1724,265,None
2936,1026,265,MoveRight,1724,265,None
2937,1033,265,MoveRight,1724,265,None
2938,1040,265,MoveRight,1724,265,None
2939,1047,265,MoveRight,1724,265,None
2940,1054,265,MoveRight,1724,265,None
2941,1061,265,MoveRight,1724,265,None
2942,1068,265,MoveRight,1724,265,None
2943,1075,265,MoveRight,1724,265,None
2944,1082,265,MoveRight,1724,265,None
2945,1089,265,MoveRight,1724,265,None
2946,1096,265,MoveRight,1724,265,None
2947,1103,265,MoveRight,1724,265,None
2948,1110,265,MoveRight,1724,265,None
2949,1117,265,MoveRight,1724,265,None
2950,1124,265,MoveRight,1724,265,None
2951,1131,265,MoveRight,1724,265,None
2952,1138,265,MoveRight,1724,265,None
2953,1145,265,MoveRight,1724,265,None
2954,1152,265,MoveRight,1724,265,None
2955,1159,265,MoveRight,1724,265,None
2956,1166,265,MoveRight,1724,265,None
2957,1173,265,MoveRight,1724,265,None
2958,1180,265,MoveRight,1724,265,None
2959,1187,265,MoveRight,1724,265,None
2960,1194,265,MoveRight,1724,265,None
2961,1201,265,MoveRight,1724,265,None
2962,1201,265,SpikeLight,1724,265,None
2962,1208,265,MoveRight,1724,265,None
2963,1208,265,None,1717,265,MoveLeft
2964,1208,265,None,1710,265,MoveLeft
2965,1208,265,None,1703,265,MoveLeft
2966,1208,265,None,1696,265,MoveLeft
2967,1208,265,None,1689,265,MoveLeft
2968,1208,265,None,1682,265,MoveLeft
2969,1208,265,None,1675,265,MoveLeft
2970,1208,265,None,1668,265,MoveLeft
2971,1208,265,None,1661,265,MoveLeft
2972,1208,265,None,1654,265,MoveLeft
2973,1208,265,None,1647,265,MoveLeft
2974,1208,265,None,1640,265,MoveLeft
2975,1208,265,None,1633,265,MoveLeft
2976,1208,265,None,1626,265,MoveLeft
2977,1208,265,None,1619,265,MoveLeft
2978,1208,265,None,1612,265,MoveLeft
2979,1208,265,None,1605,265,MoveLeft
2980,1208,265,None,1598,265,MoveLeft
2981,1208,265,None,1591,265,MoveLeft
2982,1208,265,None,1584,265,MoveLeft
2983,1208,265,None,1577,265,MoveLeft
2984,1208,265,None,1570,265,MoveLeft
2985,1208,265,None,1563,265,MoveLeft
2986,1208,265,None,1556,265,MoveLeft
2987,1208,265,None,1549,265,MoveLeft
2988,1208,265,None,1542,265,MoveLeft
2989,1201,265,MoveLeft,1542,265,None
2989,1201,265,None,1535,265,MoveLeft
2990,1194,265,MoveLeft,1535,265,None
2990,1194,265,None,1528,265,MoveLeft
2991,1187,265,MoveLeft,1528,265,None
2991,1187,265,None,1521,265,MoveLeft
2992,1180,265,MoveLeft,1521,265,None
2992,1180,265,None,1514,265,MoveLeft
2993,1173,265,MoveLeft,1514,265,None
2994,1166,265,MoveLeft,1514,265,None
2995,1159,265,MoveLeft,1514,265,None
2996,1152,265,MoveLeft,1514,265,None
2997,1145,265,MoveLeft,1514,265,None
2998,1138,265,MoveLeft,1514,265,None
2999,1131,265,MoveLeft,1514,265,None
3000,1124,265,MoveLeft,1514,265,None
3001,1117,265,MoveLeft,1514,265,None
3002,1110,265,MoveLeft,1514,265,None
3003,1103,265,MoveLeft,1514,265,None
3004,1096,265,MoveLeft,1514,265,None
3005,1089,265,MoveLeft,1514,265,None
3006,1082,265,MoveLeft,1514,265,None
3007,1075,265,MoveLeft,1514,265,None
3008,1068,265,MoveLeft,1514,265,None
3009,1061,265,MoveLeft,1514,265,None
3010,1054,265,MoveLeft,1514,265,None
3011,1047,265,MoveLeft,1514,265,None
3012,1040,265,MoveLeft,1514,265,None
3013,1033,265,MoveLeft,1514,265,None
3014,1026,265,MoveLeft,1514,265,None
3015,1019,265,MoveLeft,1514,265,None
3016,1012,265,MoveLeft,1514,265,None
3017,1005,265,MoveLeft,1514,265,None
3018,998,265,MoveLeft,1514,265,None
3019,991,265,MoveLeft,1514,265,None
3020,991,265,None,1514,265,SpikeLight
3020,984,265,MoveLeft,1514,265,None
3020,984,265,None,1514,265,None
3021,977,265,MoveLeft,1514,265,None
3022,970,265,MoveLeft,1514,265,None
3023,963,265,MoveLeft,1514,265,None
3024,956,265,MoveLeft,1514,265,None
3025,949,265,MoveLeft,1514,265,None
3026,942,265,MoveLeft,1514,265,None
3027,935,265,MoveLeft,1514,265,None
3028,928,265,MoveLeft,1514,265,None
3029,921,265,MoveLeft,1514,265,None
3030,914,265,MoveLeft,1514,265,None
3031,907,265,MoveLeft,1514,265,None
3032,900,265,MoveLeft,1514,265,None
3033,893,265,MoveLeft,1514,265,None
3034,886,265,MoveLeft,1514,265,None
3035,879,265,MoveLeft,1514,265,None
3036,872,265,MoveLeft,1514,265,None
3037,865,265,MoveLeft,1514,265,None
3038,858,265,MoveLeft,1514,265,None
3039,851,265,MoveLeft,1514,265,None
3040,844,265,MoveLeft,1514,265,None
3041,837,265,MoveLeft,1514,265,None
3042,830,265,MoveLeft,1514,265,None
3043,823,265,MoveLeft,1514,265,None
3044,816,265,MoveLeft,1514,265,None
3048,823,265,MoveRight,1514,265,None
3049,830,265,MoveRight,1514,265,None
3050,837,265,MoveRight,1514,265,None
3051,844,265,MoveRight,1514,265,None
3052,851,265,MoveRight,1514,265,None
3053,858,265,MoveRight,1514,265,None
3054,865,265,MoveRight,1514,265,None
3055,872,265,MoveRight,1514,265,None
3056,879,265,MoveRight,1514,265,None
3057,886,265,MoveRight,1514,265,None
3058,893,265,MoveRight,1514,265,None
3059,900,265,MoveRight,1514,265,None
3060,907,265,MoveRight,1514,265,None
3061,914,265,MoveRight,1514,265,None
3062,921,265,MoveRight,1514,265,None
3063,928,265,MoveRight,1514,265,None
3064,935,265,MoveRight,1514,265,None
3065,942,265,MoveRight,1514,265,None
3066,949,265,MoveRight,1514,265,None
3067,956,265,MoveRight,1514,265,None
3068,963,265,MoveRight,1514,265,None
3069,970,265,MoveRight,1514,265,None
3070,977,265,MoveRight,1514,265,None
3071,984,265,MoveRight,1514,265,None
3072,991,265,MoveRight,1514,265,None
3073,998,265,MoveRight,1514,265,None
3074,1005,265,MoveRight,1514,265,None
3075,1012,265,MoveRight,1514,265,None
3076,1019,265,MoveRight,1514,265,None
3077,1026,265,MoveRight,1514,265,None
3078,1033,265,MoveRight,1514,265,None
3079,1040,265,MoveRight,1514,265,None
3080,1047,265,MoveRight,1514,265,None
3081,1054,265,MoveRight,1514,265,None
3082,1061,265,MoveRight,1514,265,None
3083,1068,265,MoveRight,1514,265,None
3084,1075,265,MoveRight,1514,265,None
3085,977,265,MoveRight,2410,265,None
3086,984,265,MoveRight,2410,265,None
3087,991,265,MoveRight,2410,265,None
3088,998,265,MoveRight,2410,265,None
3089,1005,265,MoveRight,2410,265,None
3090,1012,265,MoveRight,2410,265,None
3091,1019,265,MoveRight,2410,265,None
3092,1026,265,MoveRight,2410,265,None
3093,1033,265,MoveRight,2410,265,None
3135,1033,265,None,2410,265,Serve
3135,1033,265,None,2410,265,None
3172,1026,265,MoveLeft,2410,265,None
3173,1019,265,MoveLeft,2410,265,None
3174,1012,265,MoveLeft,2410,265,None
3175,1005,265,MoveLeft,2410,265,None
3176,998,265,MoveLeft,2410,265,None
3177,991,265,MoveLeft,2410,265,None
3178,984,265,MoveLeft,2410,265,None
3179,977,265,MoveLeft,2410,265,None
3180,970,265,MoveLeft,2410,265,None
3181,963,265,MoveLeft,2410,265,None
3182,956,265,MoveLeft,2410,265,None
3183,949,265,MoveLeft,2410,265,None
3184,942,265,MoveLeft,2410,265,None
3194,935,265,MoveLeft,2410,265,None
3195,928,265,MoveLeft,2410,265,None
3196,921,265,MoveLeft,2410,265,None
3197,914,265,MoveLeft,2410,265,None
3198,907,265,MoveLeft,2410,265,None
3199,900,265,MoveLeft,2410,265,None
3200,893,265,MoveLeft,2410,265,None
3201,886,265,MoveLeft,2410,265,None
3202,879,265,MoveLeft,2410,265,None
3203,872,265,MoveLeft,2410,265,None
3204,872,265,None,2410,265,None
3205,872,265,None,2410,265,None
3206,872,265,None,2410,265,None
3207,872,265,Bump,2410,265,None
3207,872,265,None,2410,265,None
3208,872,265,None,2403,265,MoveLeft
3209,872,265,None,2396,265,MoveLeft
3210,872,265,None,2389,265,MoveLeft
3211,872,265,None,2382,265,MoveLeft
3212,872,265,None,2375,265,MoveLeft
3213,872,265,None,2368,265,MoveLeft
3214,872,265,None,2361,265,MoveLeft
3215,872,265,None,2354,265,MoveLeft
3216,872,265,None,2347,265,MoveLeft
3217,872,265,None,2340,265,MoveLeft
3218,872,265,None,2333,265,MoveLeft
3219,872,265,None,2326,265,MoveLeft
3220,872,265,None,2319,265,MoveLeft
3221,872,265,None,2312,265,MoveLeft
3222,872,265,None,2305,265,MoveLeft
3223,872,265,None,2298,265,MoveLeft
3224,872,265,None,2291,265,MoveLeft
3225,872,265,None,2284,265,MoveLeft
3226,879,265,MoveRight,2284,265,None
3226,879,265,None,2277,265,MoveLeft
3227,886,265,MoveRight,2277,265,None
3227,886,265,None,2270,265,MoveLeft
3228,893,265,MoveRight,2270,265,None
3228,893,265,None,2263,265,MoveLeft
3229,900,265,MoveRight,2263,265,None
3229,900,265,None,2256,265,MoveLeft
3230,907,265,MoveRight,2256,265,None
3230,907,265,None,2249,265,MoveLeft
3231,914,265,MoveRight,2249,265,None
3231,914,265,None,2242,265,MoveLeft
3232,921,265,MoveRight,2242,265,None
3232,921,265,None,2235,265,MoveLeft
3233,928,265,MoveRight,2235,265,None
3233,928,265,None,2228,265,MoveLeft
3234,935,265,MoveRight,2228,265,None
3234,935,265,None,2221,265,MoveLeft
3235,942,265,MoveRight,2221,265,None
3235,942,265,None,2214,265,MoveLeft
3236,949,265,MoveRight,2214,265,None
3236,949,265,None,2207,265,MoveLeft
3237,956,265,MoveRight,2207,265,None
3237,956,265,None,2200,265,MoveLeft
3238,963,265,MoveRight,2200,265,None
3238,963,265,None,2193,265,MoveLeft
3239,970,265,MoveRight,2193,265,None
3239,970,265,None,2186,265,MoveLeft
3240,977,265,MoveRight,2186,265,None
3240,977,265,None,2179,265,MoveLeft
3241,984,265,MoveRight,2179,265,None
3241,984,265,None,2172,265,MoveLeft
3242,991,265,MoveRight,2172,265,None
3242,991,265,None,2165,265,MoveLeft
3243,998,265,MoveRight,2165,265,None
3243,998,265,None,2158,265,MoveLeft
3244,1005,265,MoveRight,2158,265,None
3244,1005,265,None,2151,265,MoveLeft
3245,1012,265,MoveRight,2151,265,None
3245,1012,265,None,2144,265,MoveLeft
3246,1019,265,MoveRight,2144,265,None
3246,1019,265,None,2137,265,MoveLeft
3247,1026,265,MoveRight,2137,265,None
3247,1026,265,None,2130,265,MoveLeft
3248,1033,265,MoveRight,2130,265,None
3248,1033,265,None,2123,265,MoveLeft
3249,1040,265,MoveRight,2123,265,None
3249,1040,265,None,2116,265,MoveLeft
3250,1047,265,MoveRight,2116,265,None
3250,1047,265,None,2109,265,MoveLeft
3251,1054,265,MoveRight,2109,265,None
3251,1054,265,None,2102,265,MoveLeft
3252,1061,265,MoveRight,2102,265,None
3252,1061,265,None,2095,265,MoveLeft
3253,1068,265,MoveRight,2095,265,None
3253,1068,265,None,2088,265,MoveLeft
3254,1075,265,MoveRight,2088,265,None
3254,1075,265,None,2081,265,MoveLeft
3255,1082,265,MoveRight,2081,265,None
3255,1082,265,None,2074,265,MoveLeft
3256,1089,265,MoveRight,2074,265,None
3256,1089,265,None,2067,265,MoveLeft
3257,1096,265,MoveRight,2067,265,None
3257,1096,265,None,2060,265,MoveLeft
3258,1103,265,MoveRight,2060,265,None
3258,1103,265,None,2053,265,MoveLeft
3259,1110,265,MoveRight,2053,265,None
3259,1110,265,None,2046,265,MoveLeft
3260,1117,265,MoveRight,2046,265,None
3260,1117,265,None,2039,265,MoveLeft
3261,1124,265,MoveRight,2039,265,None
3261,1124,265,None,2032,265,MoveLeft
3262,1131,265,MoveRight,2032,265,None
3262,1131,265,None,2025,265,MoveLeft
3263,1138,265,MoveRight,2025,265,None
3263,1138,265,None,2018,265,MoveLeft
3264,1145,265,MoveRight,2018,265,None
3264,1145,265,None,2011,265,MoveLeft
3265,1152,265,MoveRight,2011,265,None
3265,1152,265,None,2004,265,MoveLeft
3266,1159,265,MoveRight,2004,265,None
3266,1159,265,None,1997,265,MoveLeft
3267,1166,265,MoveRight,1997,265,None
3267,1166,265,None,1990,265,MoveLeft
3268,1173,265,MoveRight,1990,265,None
3268,1173,265,None,1983,265,MoveLeft
3269,1180,265,MoveRight,1983,265,None
3269,1180,265,None,1976,265,MoveLeft
3270,1180,265,None,1969,265,MoveLeft
3271,1180,265,None,1962,265,MoveLeft
3272,1180,265,None,1955,265,MoveLeft
3273,1180,265,None,1948,265,MoveLeft
3274,1173,265,MoveLeft,1948,265,None
3274,1173,265,None,1941,265,MoveLeft
3275,1166,265,MoveLeft,1941,265,None
3275,1166,265,None,1934,265,MoveLeft
3276,1159,265,MoveLeft,1934,265,None
3276,1159,265,None,1927,265,MoveLeft
3277,1152,265,MoveLeft,1927,265,None
3277,1152,265,None,1920,265,MoveLeft
3278,1145,265,MoveLeft,1920,265,None
3278,1145,265,None,1913,265,MoveLeft
3279,1138,265,MoveLeft,1913,265,None
3279,1138,265,None,1906,265,MoveLeft
3280,1131,265,MoveLeft,1906,265,None
3280,1131,265,None,1899,265,MoveLeft
3281,1124,265,MoveLeft,1899,265,None
3281,1124,265,None,1892,265,MoveLeft
3282,1117,265,MoveLeft,1892,265,None
3282,1117,265,None,1885,265,MoveLeft
3283,1110,265,MoveLeft,1885,265,None
3283,1110,265,None,1878,265,MoveLeft
3284,1103,265,MoveLeft,1878,265,None
3284,1103,265,None,1871,265,MoveLeft
3285,1096,265,MoveLeft,1871,265,None
3285,1096,265,None,1864,265,MoveLeft
3286,1089,265,MoveLeft,1864,265,None
3286,1089,265,None,1857,265,MoveLeft
3287,1082,265,MoveLeft,1857,265,None
3287,1082,265,None,1850,265,MoveLeft
3288,1075,265,MoveLeft,1850,265,None
3288,1075,265,None,1843,265,MoveLeft
3289,1068,265,MoveLeft,1843,265,None
3289,1068,265,None,1836,265,MoveLeft
3290,1061,265,MoveLeft,1836,265,None
3290,1061,265,None,1829,265,MoveLeft
3291,1054,265,MoveLeft,1829,265,None
3291,1054,265,None,1822,265,MoveLeft
3292,1047,265,MoveLeft,1822,265,None
3292,1047,265,None,1815,265,MoveLeft
3293,1040,265,MoveLeft,1815,265,None
3293,1040,265,None,1808,265,MoveLeft
3294,1033,265,MoveLeft,1808,265,None
3294,1033,265,None,1801,265,MoveLeft
3295,1026,265,MoveLeft,1801,265,None
3295,1026,265,None,1794,265,MoveLeft
3296,1019,265,MoveLeft,1794,265,None
3296,1019,265,None,1787,265,MoveLeft
3297,1012,265,MoveLeft,1787,265,None
3297,1012,265,None,1780,265,MoveLeft
3298,1005,265,MoveLeft,1780,265,None
3298,1005,265,None,1773,265,MoveLeft
3299,998,265,MoveLeft,1773,265,None
3299,998,265,None,1766,265,MoveLeft
3300,991,265,MoveLeft,1766,265,None
3300,991,265,None,1759,265,MoveLeft
3301,984,265,MoveLeft,1759,265,None
3301,984,265,None,1752,265,MoveLeft
3302,977,265,MoveLeft,1752,265,None
3302,977,265,None,1745,265,MoveLeft
3303,970,265,MoveLeft,1745,265,None
3303,970,265,None,1738,265,MoveLeft
3304,963,265,MoveLeft,1738,265,None
3304,963,265,None,1731,265,MoveLeft
3305,956,265,MoveLeft,1731,265,None
3306,949,265,MoveLeft,1731,265,None
3307,942,265,MoveLeft,1731,265,None
3308,935,265,MoveLeft,1731,265,None
3309,928,265,MoveLeft,1731,265,None
3310,921,265,MoveLeft,1731,265,None
3311,914,265,MoveLeft,1731,265,None
3321,921,265,MoveRight,1731,265,None
3322,928,265,MoveRight,1731,265,None
3323,935,265,MoveRight,1731,265,None
3324,942,265,MoveRight,1731,265,None
3325,949,265,MoveRight,1731,265,None
3326,956,265,MoveRight,1731,265,None
3327,963,265,MoveRight,1731,265,None
3328,970,265,MoveRight,1731,265,None
3329,977,265,MoveRight,1731,265,None
3330,984,265,MoveRight,1731,265,None
3331,991,265,MoveRight,1731,265,None
3332,998,265,MoveRight,1731,265,None
3333,1005,265,MoveRight,1731,265,None
3344,1005,265,None,1731,265,None
3345,1005,265,None,1731,265,None
3346,1005,265,None,1731,265,None
3347,1005,265,None,1731,265,None
3348,1005,265,None,1731,265,None
3349,1005,265,None,1731,265,None
3350,1005,265,None,1731,265,None
3351,1005,265,None,1731,265,None
3352,1005,265,Bump,1731,265,None
3352,1005,265,None,1731,265,None
3353,1005,265,None,1724,265,MoveLeft
3354,1005,265,None,1717,265,MoveLeft
3355,1005,265,None,1710,265,MoveLeft
3356,1005,265,None,1703,265,MoveLeft
3357,1005,265,None,1696,265,MoveLeft
3358,1005,265,None,1689,265,MoveLeft
3359,1005,265,None,1682,265,MoveLeft
3360,1005,265,None,1675,265,MoveLeft
3361,1005,265,None,1668,265,MoveLeft
3362,1005,265,None,1661,265,MoveLeft
3363,1005,265,None,1654,265,MoveLeft
3364,1005,265,None,1647,265,MoveLeft
3365,1005,265,None,1640,265,MoveLeft
3366,1005,265,None,1633,265,MoveLeft
3367,1005,265,None,1626,265,MoveLeft
3368,1005,265,None,1619,265,MoveLeft
3369,1005,265,None,1612,265,MoveLeft
3370,1005,265,None,1605,265,MoveLeft
3371,1005,265,None,1598,265,MoveLeft
3372,1005,265,None,1591,265,MoveLeft
3373,1005,265,None,1584,265,MoveLeft
3374,1005,265,None,1577,265,MoveLeft
3375,1005,265,None,1570,265,MoveLeft
3383,998,265,MoveLeft,1570,265,None
3384,991,265,MoveLeft,1570,265,None
3385,984,265,MoveLeft,1570,265,None
3386,977,265,MoveLeft,1570,265,None
3387,970,265,MoveLeft,1570,265,None
3388,963,265,MoveLeft,1570,265,None
3389,956,265,MoveLeft,1570,265,None
3390,949,265,MoveLeft,1570,265,None
3391,942,265,MoveLeft,1570,265,None
3392,935,265,MoveLeft,1570,265,None
3393,928,265,MoveLeft,1570,265,None
3394,921,265,MoveLeft,1570,265,None
3395,914,265,MoveLeft,1570,265,None
3396,907,265,MoveLeft,1570,265,None
3397,900,265,MoveLeft,1570,265,None
3398,893,265,MoveLeft,1570,265,None
3399,886,265,MoveLeft,1570,265,None
3400,879,265,MoveLeft,1570,265,None
3401,872,265,MoveLeft,1570,265,None
3402,865,265,MoveLeft,1570,265,None
3403,858,265,MoveLeft,1570,265,None
3404,851,265,MoveLeft,1570,265,None
3405,844,265,MoveLeft,1570,265,None
3406,837,265,MoveLeft,1570,265,None
3407,830,265,MoveLeft,1570,265,None
3408,823,265,MoveLeft,1570,265,None
3409,816,265,MoveLeft,1570,265,None
3410,809,265,MoveLeft,1570,265,None
3411,802,265,MoveLeft,1570,265,None
3412,795,265,MoveLeft,1570,265,None
3413,788,265,MoveLeft,1570,265,None
3414,781,265,MoveLeft,1570,265,None
3426,788,265,MoveRight,1570,265,None
3427,795,265,MoveRight,1570,265,None
3428,802,265,MoveRight,1570,265,None
3429,809,265,MoveRight,1570,265,None
3430,816,265,MoveRight,1570,265,None
3431,823,265,MoveRight,1570,265,None
3432,830,265,MoveRight,1570,265,None
3433,837,265,MoveRight,1570,265,None
3434,844,265,MoveRight,1570,265,None
3435,851,265,MoveRight,1570,265,None
3436,858,265,MoveRight,1570,265,None
3437,865,265,MoveRight,1570,265,None
3438,872,265,MoveRight,1570,265,None
3449,865,265,MoveLeft,1570,265,None
3450,858,265,MoveLeft,1570,265,None
3451,851,265,MoveLeft,1570,265,None
3452,851,265,None,1570,265,SpikeLight
3452,844,265,MoveLeft,1570,265,None
3452,844,265,None,1570,265,None
3453,837,265,MoveLeft,1570,265,None
3454,830,265,MoveLeft,1570,265,None
3455,823,265,MoveLeft,1570,265,None
3456,816,265,MoveLeft,1570,265,None
3457,809,265,MoveLeft,1570,265,None
3458,802,265,MoveLeft,1570,265,None
3459,795,265,MoveLeft,1570,265,None
3460,788,265,MoveLeft,1570,265,None
3461,781,265,MoveLeft,1570,265,None
3462,774,265,MoveLeft,1570,265,None
3463,767,265,MoveLeft,1570,265,None
3469,774,265,MoveRight,1570,265,None
3470,781,265,MoveRight,1570,265,None
3471,788,265,MoveRight,1570,265,None
3472,795,265,MoveRight,1570,265,None
3473,802,265,MoveRight,1570,265,None
3474,809,265,MoveRight,1570,265,None
3475,816,265,MoveRight,1570,265,None
3476,823,265,MoveRight,1570,265,None
3477,830,265,MoveRight,1570,265,None
3478,837,265,MoveRight,1570,265,None
3479,844,265,MoveRight,1570,265,None
3480,851,265,MoveRight,1570,265,None
3481,858,265,MoveRight,1570,265,None
3482,865,265,MoveRight,1570,265,None
3483,872,265,MoveRight,1570,265,None
3484,879,265,MoveRight,1570,265,None
3485,886,265,MoveRight,1570,265,None
3486,893,265,MoveRight,1570,265,None
3487,900,265,MoveRight,1570,265,None
3488,907,265,MoveRight,1570,265,None
3489,914,265,MoveRight,1570,265,None
3490,921,265,MoveRight,1570,265,None
3491,928,265,MoveRight,1570,265,None
3492,935,265,MoveRight,1570,265,None
3493,942,265,MoveRight,1570,265,None
3494,949,265,MoveRight,1570,265,None
3495,956,265,MoveRight,1570,265,None
3496,963,265,MoveRight,1570,265,None
3497,970,265,MoveRight,1570,265,None
3498,977,265,MoveRight,1570,265,None
3499,984,265,MoveRight,1570,265,None
3500,991,265,MoveRight,1570,265,None
3501,998,265,MoveRight,1570,265,None
3502,1005,265,MoveRight,1570,265,None
3503,1012,265,MoveRight,1570,265,None
3504,1019,265,MoveRight,1570,265,None
3505,1026,265,MoveRight,1570,265,None
3506,1033,265,MoveRight,1570,265,None
3507,1040,265,MoveRight,1570,265,None
3508,1047,265,MoveRight,1570,265,None
3509,1054,265,MoveRight,1570,265,None
3510,1061,265,MoveRight,1570,265,None
3511,1068,265,MoveRight,1570,265,None
3512,1075,265,MoveRight,1570,265,None
3513,1082,265,MoveRight,1570,265,None
3514,1089,265,MoveRight,1570,265,None
3515,1096,265,MoveRight,1570,265,None
3516,1103,265,MoveRight,1570,265,None
3517,963,265,MoveLeft,2410,265,None
3518,956,265,MoveLeft,2410,265,None
3519,949,265,MoveLeft,2410,265,None
3520,942,265,MoveLeft,2410,265,None
3521,935,265,MoveLeft,2410,265,None
3522,942,265,MoveRight,2410,265,None
3523,949,265,MoveRight,2410,265,None
3524,956,265,MoveRight,2410,265,None
3525,963,265,MoveRight,2410,265,None
3548,956,265,MoveLeft,2410,265,None
3549,949,265,MoveLeft,2410,265,None
3550,942,265,MoveLeft,2410,265,None
3551,935,265,MoveLeft,2410,265,None
3552,928,265,MoveLeft,2410,265,None
3553,921,265,MoveLeft,2410,265,None
3554,914,265,MoveLeft,2410,265,None
3555,907,265,MoveLeft,2410,265,None
3556,900,265,MoveLeft,2410,265,None
3557,893,265,MoveLeft,2410,265,None
3558,886,265,MoveLeft,2410,265,None
3559,879,265,MoveLeft,2410,265,None
3567,879,265,None,2410,265,Serve
3567,879,265,None,2410,265,None
3604,872,265,MoveLeft,2410,265,None
3605,872,265,None,2410,265,None
3606,872,265,None,2410,265,None
3607,872,265,None,2410,265,None
3608,872,265,None,2410,265,None
3609,872,265,None,2410,265,None
3610,872,265,None,2410,265,None
3611,872,265,None,2410,265,None
3612,872,265,None,2410,265,None
3613,872,265,None,2410,265,None
3614,872,265,None,2410,265,None
3615,872,265,None,2410,265,None
3616,872,265,None,2410,265,None
3617,872,265,None,2410,265,None
3618,872,265,None,2410,265,None
3619,872,265,None,2410,265,None
3620,872,265,None,2410,265,None
3621,872,265,None,2410,265,None
3622,872,265,None,2410,265,None
3623,872,265,None,2410,265,None
3624,872,265,None,2410,265,None
3625,872,265,None,2410,265,None
3626,872,265,None,2410,265,None
3627,872,265,None,2410,265,None
3628,872,265,None,2410,265,None
3629,872,265,None,2410,265,None
3630,872,265,None,2410,265,None
3631,872,265,None,2410,265,None
3632,872,265,None,2410,265,None
3633,872,265,None,2410,265,None
3634,872,265,None,2410,265,None
3635,872,265,None,2410,265,None
3636,872,265,None,2410,265,None
3637,872,265,None,2410,265,None
3694,970,265,None,2410,265,Serve
3694,970,265,None,2410,265,None
3741,977,265,MoveRight,2410,265,None
3742,984,265,MoveRight,2410,265,None
3743,991,265,MoveRight,2410,265,None
3744,998,265,MoveRight,2410,265,None
3745,1005,265,MoveRight,2410,265,None
3746,1012,265,MoveRight,2410,265,None
3747,1019,265,MoveRight,2410,265,None
3748,1026,265,MoveRight,2410,265,None
3765,1019,265,MoveLeft,2410,265,None
3766,1012,265,MoveLeft,2410,265,None
3767,1005,265,MoveLeft,2410,265,None
3768,998,265,MoveLeft,2410,265,None
3769,991,265,MoveLeft,2410,265,None
3770,984,265,MoveLeft,2410,265,None
3771,963,265,MoveLeft,2410,265,None
3802,956,265,MoveLeft,2410,265,None
3803,949,265,MoveLeft,2410,265,None
3804,942,265,MoveLeft,2410,265,None
3805,935,265,MoveLeft,2410,265,None
3806,928,265,MoveLeft,2410,265,None
3807,921,265,MoveLeft,2410,265,None
3808,914,265,MoveLeft,2410,265,None
3809,907,265,MoveLeft,2410,265,None
3810,900,265,MoveLeft,2410,265,None
3821,900,265,None,2410,265,Serve
3821,900,265,None,2410,265,None
3841,907,265,MoveRight,2410,265,None
3842,914,265,MoveRight,2410,265,None
3843,921,265,MoveRight,2410,265,None
3844,928,265,MoveRight,2410,265,None
3890,928,265,None,2410,265,None
3904,970,265,None,2410,265,None
3921,977,265,MoveRight,2410,265,None
3922,984,265,MoveRight,2410,265,None
3923,991,265,MoveRight,2410,265,None
3924,998,265,MoveRight,2410,265,None
3925,1005,265,MoveRight,2410,265,None
3926,1012,265,MoveRight,2410,265,None
3927,1019,265,MoveRight,2410,265,None
3928,1026,265,MoveRight,2410,265,None
3929,1033,265,MoveRight,2410,265,None
3938,1026,265,MoveLeft,2410,265,None
3939,1019,265,MoveLeft,2410,265,None
3940,1012,265,MoveLeft,2410,265,None
3941,1005,265,MoveLeft,2410,265,None
3942,998,265,MoveLeft,2410,265,None
3943,991,265,MoveLeft,2410,265,None
3944,984,265,MoveLeft,2410,265,None
3945,977,265,MoveLeft,2410,265,None
3946,970,265,MoveLeft,2410,265,None
3947,963,265,MoveLeft,2410,265,None
3948,963,265,None,2410,265,Serve
3948,956,265,MoveLeft,2410,265,None
3948,956,265,None,2410,265,None
3949,949,265,MoveLeft,2410,265,None
3950,942,265,MoveLeft,2410,265,None
3960,935,265,MoveLeft,2410,265,None
3961,928,265,MoveLeft,2410,265,None
3962,921,265,MoveLeft,2410,265,None
3963,914,265,MoveLeft,2410,265,None
3964,907,265,MoveLeft,2410,265,None
3965,900,265,MoveLeft,2410,265,None
3966,893,265,MoveLeft,2410,265,None
3967,886,265,MoveLeft,2410,265,None
3968,879,265,MoveLeft,2410,265,None
3969,872,265,MoveLeft,2410,265,None
3970,872,265,None,2410,265,None
3971,872,265,None,2410,265,None
3972,872,265,None,2410,265,None
3973,872,265,None,2410,265,None
3974,872,265,None,2410,265,None
3975,872,265,None,2410,265,None
3976,872,265,None,2410,265,None
3977,872,265,None,2410,265,None
3978,872,265,None,2410,265,None
3979,872,265,None,2410,265,None
3980,872,265,None,2410,265,None
3981,872,265,None,2410,265,None
3982,872,265,None,2410,265,None
3983,872,265,None,2410,265,None
3984,872,265,None,2410,265,None
3985,872,265,None,2410,265,None
3986,872,265,None,2410,265,None
3987,872,265,None,2410,265,None
3988,872,265,None,2410,265,None
3989,872,265,None,2410,265,None
3990,872,265,None,2410,265,None
3991,872,265,None,2410,265,None
3992,872,265,None,2410,265,None
3993,872,265,None,2410,265,None
3994,872,265,None,2410,265,None
3995,872,265,None,2410,265,None
3996,872,265,None,2410,265,None
3997,872,265,None,2410,265,None
3998,872,265,None,2410,265,None
3999,872,265,None,2410,265,None
4000,872,265,None,2410,265,None
4001,872,265,None,2410,265,None
4002,872,265,None,2410,265,None
4003,872,265,None,2410,265,None
4004,872,265,None,2410,265,None
4005,872,265,None,2410,265,None
4006,872,265,None,2410,265,None
4007,872,265,None,2410,265,None
4008,872,265,None,2410,265,None
4009,872,265,None,2410,265,None
4010,872,265,None,2410,265,None
4011,872,265,None,2410,265,None
4012,872,265,None,2410,265,None
4013,872,265,None,2410,265,None
4014,872,265,None,2410,265,None
4015,872,265,None,2410,265,None
4016,872,265,None,2410,265,None
4017,872,265,None,2410,265,None
4018,872,265,None,2410,265,None
4019,872,265,None,2410,265,None
4020,872,265,Bump,2410,265,None
4020,872,265,None,2410,265,None
4021,872,265,None,2403,265,MoveLeft
4022,872,265,None,2396,265,MoveLeft
4023,872,265,None,2389,265,MoveLeft
4024,872,265,None,2382,265,MoveLeft
4025,872,265,None,2375,265,MoveLeft
4026,872,265,None,2368,265,MoveLeft
4027,872,265,None,2361,265,MoveLeft
4028,872,265,None,2354,265,MoveLeft
4029,872,265,None,2347,265,MoveLeft
4030,872,265,None,2340,265,MoveLeft
4031,872,265,None,2333,265,MoveLeft
4032,872,265,None,2326,265,MoveLeft
4033,872,265,None,2319,265,MoveLeft
4034,872,265,None,2312,265,MoveLeft
4035,872,265,None,2305,265,MoveLeft
4036,872,265,None,2298,265,MoveLeft
4037,872,265,None,2291,265,MoveLeft
4038,872,265,None,2284,265,MoveLeft
4039,872,265,None,2277,265,MoveLeft
4040,872,265,None,2270,265,MoveLeft
4041,872,265,None,2263,265,MoveLeft
4042,872,265,None,2256,265,MoveLeft
4043,872,265,None,2249,265,MoveLeft
4044,872,265,None,2242,265,MoveLeft
4045,872,265,None,2235,265,MoveLeft
4046,872,265,None,2228,265,MoveLeft
4047,872,265,None,2221,265,MoveLeft
4048,872,265,None,2214,265,MoveLeft
4049,879,265,MoveRight,2214,265,None
4049,879,265,None,2207,265,MoveLeft
4050,886,265,MoveRight,2207,265,None
4050,886,265,None,2200,265,MoveLeft
4051,893,265,MoveRight,2200,265,None
4051,893,265,None,2193,265,MoveLeft
4052,900,265,MoveRight,2193,265,None
4052,900,265,None,2186,265,MoveLeft
4053,907,265,MoveRight,2186,265,None
4053,907,265,None,2179,265,MoveLeft
4054,914,265,MoveRight,2179,265,None
4054,914,265,None,2172,265,MoveLeft
4055,921,265,MoveRight,2172,265,None
4055,921,265,None,2165,265,MoveLeft
4056,928,265,MoveRight,2165,265,None
4056,928,265,None,2158,265,MoveLeft
4057,935,265,MoveRight,2158,265,None
4057,935,265,None,2151,265,MoveLeft
4058,942,265,MoveRight,2151,265,None
4058,942,265,None,2144,265,MoveLeft
4059,949,265,MoveRight,2144,265,None
4059,949,265,None,2137,265,MoveLeft
4060,956,265,MoveRight,2137,265,None
4060,956,265,None,2130,265,MoveLeft
4061,963,265,MoveRight,2130,265,None
4061,963,265,None,2123,265,MoveLeft
4062,970,265,MoveRight,2123,265,None
4062,970,265,None,2116,265,MoveLeft
4063,977,265,MoveRight,2116,265,None
4063,977,265,None,2109,265,MoveLeft
4064,984,265,MoveRight,2109,265,None
4064,984,265,None,2102,265,MoveLeft
4065,991,265,MoveRight,2102,265,None
4065,991,265,None,2095,265,MoveLeft
4066,998,265,MoveRight,2095,265,None
4066,998,265,None,2088,265,MoveLeft
4067,1005,265,MoveRight,2088,265,None
4067,1005,265,None,2081,265,MoveLeft
4068,1012,265,MoveRight,2081,265,None
4068,1012,265,None,2074,265,MoveLeft
4069,1019,265,MoveRight,2074,265,None
4069,1019,265,None,2067,265,MoveLeft
4070,1026,265,MoveRight,2067,265,None
4070,1026,265,None,2060,265,MoveLeft
4071,1033,265,MoveRight,2060,265,None
4071,1033,265,None,2053,265,MoveLeft
4072,1040,265,MoveRight,2053,265,None
4072,1040,265,None,2046,265,MoveLeft
4073,1047,265,MoveRight,2046,265,None
4073,1047,265,None,2039,265,MoveLeft
4074,1054,265,MoveRight,2039,265,None
4074,1054,265,None,2032,265,MoveLeft
4075,1061,265,MoveRight,2032,265,None
4075,1061,265,None,2025,265,MoveLeft
4076,1068,265,MoveRight,2025,265,None
4076,1068,265,None,2018,265,MoveLeft
4077,1075,265,MoveRight,2018,265,None
4077,1075,265,None,2011,265,MoveLeft
4078,1082,265,MoveRight,2011,265,None
4078,1082,265,None,2004,265,MoveLeft
4079,1089,265,MoveRight,2004,265,None
4079,1089,265,None,1997,265,MoveLeft
4080,1096,265,MoveRight,1997,265,None
4080,1096,265,None,1990,265,MoveLeft
4081,1103,265,MoveRight,1990,265,None
4081,1103,265,None,1983,265,MoveLeft
4082,1110,265,MoveRight,1983,265,None
4082,1110,265,None,1976,265,MoveLeft
4083,1117,265,MoveRight,1976,265,None
4083,1117,265,None,1969,265,MoveLeft
4084,1124,265,MoveRight,1969,265,None
4084,1124,265,None,1962,265,MoveLeft
4085,1131,265,MoveRight,1962,265,None
4085,1131,265,None,1955,265,MoveLeft
4086,1138,265,MoveRight,1955,265,None
4086,1138,265,None,1948,265,MoveLeft
4087,1145,265,MoveRight,1948,265,None
4087,1145,265,None,1941,265,MoveLeft
4088,1152,265,MoveRight,1941,265,None
4088,1152,265,None,1934,265,MoveLeft
4089,1159,265,MoveRight,1934,265,None
4089,1159,265,None,1927,265,MoveLeft
4090,1166,265,MoveRight,1927,265,None
4090,1166,265,None,1920,265,MoveLeft
4091,1173,265,MoveRight,1920,265,None
4091,1173,265,None,1913,265,MoveLeft
4092,1180,265,MoveRight,1913,265,None
4092,1180,265,None,1906,265,MoveLeft
4093,1187,265,MoveRight,1906,265,None
4093,1187,265,None,1899,265,MoveLeft
4094,1194,265,MoveRight,1899,265,None
4094,1194,265,None,1892,265,MoveLeft
4095,1201,265,MoveRight,1892,265,None
4095,1201,265,None,1885,265,MoveLeft
4096,1208,265,MoveRight,1885,265,None
4096,1208,265,None,1878,265,MoveLeft
4097,1215,265,MoveRight,1878,265,None
4097,1215,265,None,1871,265,MoveLeft
4098,1222,265,MoveRight,1871,265,None
4098,1222,265,None,1864,265,MoveLeft
4099,1229,265,MoveRight,1864,265,None
4099,1229,265,None,1857,265,MoveLeft
4100,1236,265,MoveRight,1857,265,None
4100,1236,265,None,1850,265,MoveLeft
4101,1243,265,MoveRight,1850,265,None
4101,1243,265,None,1843,265,MoveLeft
4102,1250,265,MoveRight,1843,265,None
4102,1250,265,None,1836,265,MoveLeft
4103,1257,265,MoveRight,1836,265,None
4103,1257,265,None,1829,265,MoveLeft
4104,1264,265,MoveRight,1829,265,None
4104,1264,265,None,1822,265,MoveLeft
4105,1271,265,MoveRight,1822,265,None
4105,1271,265,None,1815,265,MoveLeft
4106,1278,265,MoveRight,1815,265,None
4106,1278,265,None,1808,265,MoveLeft
4107,1278,265,None,1801,265,MoveLeft
4108,1278,265,None,1794,265,MoveLeft
4109,1278,265,None,1787,265,MoveLeft
4110,1278,265,None,1780,265,MoveLeft
4111,1278,265,None,1773,265,MoveLeft
4112,1278,265,None,1766,265,MoveLeft
4113,1278,265,None,1759,265,MoveLeft
4114,1278,265,None,1752,265,MoveLeft
4115,1278,265,None,1745,265,MoveLeft
4116,1278,265,None,1738,265,MoveLeft
4117,1278,265,None,1731,265,MoveLeft
4130,1271,265,MoveLeft,1731,265,None
4131,1264,265,MoveLeft,1731,265,None
4132,1257,265,MoveLeft,1731,265,None
4133,1250,265,MoveLeft,1731,265,None
4134,1243,265,MoveLeft,1731,265,None
4135,1236,265,MoveLeft,1731,265,None
4136,1229,265,MoveLeft,1731,265,None
4137,1222,265,MoveLeft,1731,265,None
4138,1215,265,MoveLeft,1731,265,None
4139,1208,265,MoveLeft,1731,265,None
4140,1201,265,MoveLeft,1731,265,None
4141,1194,265,MoveLeft,1731,265,None
4142,1187,265,MoveLeft,1731,265,None
4143,1180,265,MoveLeft,1731,265,None
4144,1173,265,MoveLeft,1731,265,None
4145,1166,265,MoveLeft,1731,265,None
4146,1159,265,MoveLeft,1731,265,None
4147,1152,265,MoveLeft,1731,265,None
4148,1145,265,MoveLeft,1731,265,None
4149,1138,265,MoveLeft,1731,265,None
4150,1131,265,MoveLeft,1731,265,None
4151,1124,265,MoveLeft,1731,265,None
4152,1117,265,MoveLeft,1731,265,None
4153,1110,265,MoveLeft,1731,265,None
4154,1103,265,MoveLeft,1731,265,None
4155,1096,265,MoveLeft,1731,265,None
4156,1089,265,MoveLeft,1731,265,None
4157,1082,265,MoveLeft,1731,265,None
4158,1075,265,MoveLeft,1731,265,None
4159,1068,265,MoveLeft,1731,265,None
4160,1061,265,MoveLeft,1731,265,None
4165,1061,265,Bump,1731,265,None
4165,1054,265,MoveLeft,1731,265,None
4166,1054,265,None,1724,265,MoveLeft
4167,1054,265,None,1717,265,MoveLeft
4168,1054,265,None,1710,265,MoveLeft
4169,1054,265,None,1703,265,MoveLeft
4170,1054,265,None,1696,265,MoveLeft
4171,1054,265,None,1689,265,MoveLeft
4172,1054,265,None,1682,265,MoveLeft
4173,1054,265,None,1675,265,MoveLeft
4174,1054,265,None,1668,265,MoveLeft
4175,1054,265,None,1661,265,MoveLeft
4176,1054,265,None,1654,265,MoveLeft
4177,1054,265,None,1647,265,MoveLeft
4178,1054,265,None,1640,265,MoveLeft
4179,1054,265,None,1633,265,MoveLeft
4180,1054,265,None,1626,265,MoveLeft
4181,1054,265,None,1619,265,MoveLeft
4182,1054,265,None,1612,265,MoveLeft
4183,1054,265,None,1605,265,MoveLeft
4184,1054,265,None,1598,265,MoveLeft
4185,1054,265,None,1591,265,MoveLeft
4186,1054,265,None,1584,265,MoveLeft
4187,1054,265,None,1577,265,MoveLeft
4188,1054,265,None,1570,265,MoveLeft
4198,1061,265,MoveRight,1570,265,None
4199,1068,265,MoveRight,1570,265,None
4200,1075,265,MoveRight,1570,265,None
4201,1082,265,MoveRight,1570,265,None
4202,1089,265,MoveRight,1570,265,None
4203,1096,265,MoveRight,1570,265,None
4204,1103,265,MoveRight,1570,265,None
4205,1110,265,MoveRight,1570,265,None
4217,1103,265,MoveLeft,1570,265,None
4218,1096,265,MoveLeft,1570,265,None
4219,1089,265,MoveLeft,1570,265,None
4220,1082,265,MoveLeft,1570,265,None
4221,1075,265,MoveLeft,1570,265,None
4222,1068,265,MoveLeft,1570,265,None
4223,1061,265,MoveLeft,1570,265,None
4224,1054,265,MoveLeft,1570,265,None
4225,1047,265,MoveLeft,1570,265,None
4226,1040,265,MoveLeft,1570,265,None
4227,1033,265,MoveLeft,1570,265,None
4228,1026,265,MoveLeft,1570,265,None
4229,1019,265,MoveLeft,1570,265,None
4230,1012,265,MoveLeft,1570,265,None
4231,1005,265,MoveLeft,1570,265,None
4232,998,265,MoveLeft,1570,265,None
4233,991,265,MoveLeft,1570,265,None
4234,984,265,MoveLeft,1570,265,None
4235,977,265,MoveLeft,1570,265,None
4236,970,265,MoveLeft,1570,265,None
4237,963,265,MoveLeft,1570,265,None
4238,956,265,MoveLeft,1570,265,None
4239,949,265,MoveLeft,1570,265,None
4240,942,265,MoveLeft,1570,265,None
4241,935,265,MoveLeft,1570,265,None
4242,928,265,MoveLeft,1570,265,None
4243,921,265,MoveLeft,1570,265,None
4244,914,265,MoveLeft,1570,265,None
4245,907,265,MoveLeft,1570,265,None
4246,900,265,MoveLeft,1570,265,None
4247,893,265,MoveLeft,1570,265,None
4248,886,265,MoveLeft,1570,265,None
4249,879,265,MoveLeft,1570,265,None
4250,872,265,MoveLeft,1570,265,None
4251,865,265,MoveLeft,1570,265,None
4252,858,265,MoveLeft,1570,265,None
4253,851,265,MoveLeft,1570,265,None
4254,844,265,MoveLeft,1570,265,None
4255,837,265,MoveLeft,1570,265,None
4256,830,265,MoveLeft,1570,265,None
4257,823,265,MoveLeft,1570,265,None
4258,816,265,MoveLeft,1570,265,None
4259,809,265,MoveLeft,1570,265,None
4260,802,265,MoveLeft,1570,265,None
4261,795,265,MoveLeft,1570,265,None
4262,788,265,MoveLeft,1570,265,None
4263,781,265,MoveLeft,1570,265,None
4265,781,265,None,1570,265,SpikeLight
4265,781,265,None,1570,265,None
4270,788,265,MoveRight,1570,265,None
4271,795,265,MoveRight,1570,265,None
4272,802,265,MoveRight,1570,265,None
4273,809,265,MoveRight,1570,265,None
4274,816,265,MoveRight,1570,265,None
4275,823,265,MoveRight,1570,265,None
4276,830,265,MoveRight,1570,265,None
4277,837,265,MoveRight,1570,265,None
4278,844,265,MoveRight,1570,265,None
4279,851,265,MoveRight,1570,265,None
4280,858,265,MoveRight,1570,265,None
4281,865,265,MoveRight,1570,265,None
4282,872,265,MoveRight,1570,265,None
4283,879,265,MoveRight,1570,265,None
4284,886,265,MoveRight,1570,265,None
4285,893,265,MoveRight,1570,265,None
4286,900,265,MoveRight,1570,265,None
4287,907,265,MoveRight,1570,265,None
4288,914,265,MoveRight,1570,265,None
4294,921,265,MoveRight,1570,265,None
4295,928,265,MoveRight,1570,265,None
4296,935,265,MoveRight,1570,265,None
4297,942,265,MoveRight,1570,265,None
4298,949,265,MoveRight,1570,265,None
4299,956,265,MoveRight,1570,265,None
4300,963,265,MoveRight,1570,265,None
4301,970,265,MoveRight,1570,265,None
4302,977,265,MoveRight,1570,265,None
4303,984,265,MoveRight,1570,265,None
4304,991,265,MoveRight,1570,265,None
4305,998,265,MoveRight,1570,265,None
4306,1005,265,MoveRight,1570,265,None
4307,1012,265,MoveRight,1570,265,None
4308,1019,265,MoveRight,1570,265,None
4309,1026,265,MoveRight,1570,265,None
4310,1033,265,MoveRight,1570,265,None
4311,1040,265,MoveRight,1570,265,None
4312,1047,265,MoveRight,1570,265,None
4313,1054,265,MoveRight,1570,265,None
4314,1061,265,MoveRight,1570,265,None
4315,1068,265,MoveRight,1570,265,None
4316,1075,265,MoveRight,1570,265,None
4317,1082,265,MoveRight,1570,265,None
4318,1089,265,MoveRight,1570,265,None
4319,1096,265,MoveRight,1570,265,None
4320,1103,265,MoveRight,1570,265,None
4321,1110,265,MoveRight,1570,265,None
4322,1117,265,MoveRight,1570,265,None
4323,1124,265,MoveRight,1570,265,None
4324,1131,265,MoveRight,1570,265,None
4325,1138,265,MoveRight,1570,265,None
4326,1145,265,MoveRight,1570,265,None
4327,1145,265,Bump,1570,265,None
4327,1152,265,MoveRight,1570,265,None
4328,1152,265,None,1577,265,MoveRight
4329,1152,265,None,1584,265,MoveRight
4330,1152,265,None,1591,265,MoveRight
4331,1152,265,None,1598,265,MoveRight
4332,1152,265,None,1605,265,MoveRight
4333,1152,265,None,1612,265,MoveRight
4334,1152,265,None,1619,265,MoveRight
4335,1152,265,None,1626,265,MoveRight
4336,1152,265,None,1633,265,MoveRight
4337,1152,265,None,1640,265,MoveRight
4338,1152,265,None,1647,265,MoveRight
4339,1152,265,None,1654,265,MoveRight
4340,1152,265,None,1661,265,MoveRight
4341,1152,265,None,1668,265,MoveRight
4342,1152,265,None,1675,265,MoveRight
4343,1152,265,None,1682,265,MoveRight
4344,1152,265,None,1689,265,MoveRight
4345,1152,265,None,1696,265,MoveRight
4346,1152,265,None,1703,265,MoveRight
4347,1152,265,None,1710,265,MoveRight
4348,1152,265,None,1717,265,MoveRight
4349,1152,265,None,1724,265,MoveRight
4350,1152,265,None,1731,265,MoveRight
4351,1152,265,None,1738,265,MoveRight
4352,1152,265,None,1745,265,MoveRight
4353,1145,265,MoveLeft,1745,265,None
4353,1145,265,None,1752,265,MoveRight
4354,1138,265,MoveLeft,1752,265,None
4354,1138,265,None,1759,265,MoveRight
4355,1131,265,MoveLeft,1759,265,None
4356,1124,265,MoveLeft,1759,265,None
4357,1117,265,MoveLeft,1759,265,None
4358,1110,265,MoveLeft,1759,265,None
4359,1103,265,MoveLeft,1759,265,None
4360,1096,265,MoveLeft,1759,265,None
4361,1089,265,MoveLeft,1759,265,None
4362,1082,265,MoveLeft,1759,265,None
4363,1075,265,MoveLeft,1759,265,None
4364,1068,265,MoveLeft,1759,265,None
4365,1061,265,MoveLeft,1759,265,None
4366,1054,265,MoveLeft,1759,265,None
4367,1047,265,MoveLeft,1759,265,None
4368,1040,265,MoveLeft,1759,265,None
4369,1033,265,MoveLeft,1759,265,None
4370,1026,265,MoveLeft,1759,265,None
4371,1019,265,MoveLeft,1759,265,None
4372,1012,265,MoveLeft,1759,265,None
4373,1005,265,MoveLeft,1759,265,None
4374,998,265,MoveLeft,1759,265,None
4375,991,265,MoveLeft,1759,265,None
4376,984,265,MoveLeft,1759,265,None
4377,977,265,MoveLeft,1759,265,None
4378,970,265,MoveLeft,1759,265,None
4379,963,265,MoveLeft,1759,265,None
4380,956,265,MoveLeft,1759,265,None
4381,949,265,MoveLeft,1759,265,None
4382,942,265,MoveLeft,1759,265,None
4383,935,265,MoveLeft,1759,265,None
4384,928,265,MoveLeft,1759,265,None
4385,921,265,MoveLeft,1759,265,None
4386,914,265,MoveLeft,1759,265,None
4387,907,265,MoveLeft,1759,265,None
4388,900,265,MoveLeft,1759,265,None
4389,893,265,MoveLeft,1759,265,None
4390,886,265,MoveLeft,1759,265,None
4404,893,265,MoveRight,1759,265,None
4405,900,265,MoveRight,1759,265,None
4406,907,265,MoveRight,1759,265,None
4407,914,265,MoveRight,1759,265,None
4408,921,265,MoveRight,1759,265,None
4409,928,265,MoveRight,1759,265,None
4410,935,265,MoveRight,1759,265,None
4426,942,265,MoveRight,1759,265,None
4427,949,265,MoveRight,1759,265,None
4428,956,265,MoveRight,1759,265,None
4429,963,265,MoveRight,1759,265,None
4430,970,265,MoveRight,1759,265,None
4431,977,265,MoveRight,1759,265,None
4432,984,265,MoveRight,1759,265,None
4433,984,265,None,1759,265,SpikeMedium
4433,991,265,MoveRight,1759,265,None
4433,991,265,None,1759,265,None
4434,984,265,MoveLeft,1759,265,None
4435,977,265,MoveLeft,1759,265,None
4436,970,265,MoveLeft,1759,265,None
4437,963,265,MoveLeft,1759,265,None
4438,956,265,MoveLeft,1759,265,None
4439,949,265,MoveLeft,1759,265,None
4440,942,265,MoveLeft,1759,265,None
4441,935,265,MoveLeft,1759,265,None
4442,928,265,MoveLeft,1759,265,None
4443,921,265,MoveLeft,1759,265,None
4444,914,265,MoveLeft,1759,265,None
4445,907,265,MoveLeft,1759,265,None
4446,900,265,MoveLeft,1759,265,None
4447,893,265,MoveLeft,1759,265,None
4448,886,265,MoveLeft,1759,265,None
4449,879,265,MoveLeft,1759,265,None
4450,879,265,None,1759,265,None
4451,879,265,None,1759,265,None
4452,879,265,None,1759,265,None
4453,879,265,None,1759,265,None
4454,879,265,None,1759,265,None
4455,879,265,None,1759,265,None
4456,879,265,None,1759,265,None
4457,879,265,None,1759,265,None
4458,879,265,None,1759,265,None
4459,879,265,None,1759,265,None
4460,879,265,None,1759,265,None
4461,879,265,None,1759,265,None
4462,879,265,None,1759,265,None
4463,879,265,None,1759,265,None
4464,879,265,None,1759,265,None
4465,879,265,None,1759,265,None
4466,879,265,None,1759,265,None
4467,879,265,None,1759,265,None
4468,879,265,None,1759,265,None
4469,879,265,None,1759,265,None
4470,879,265,None,1759,265,None
4471,879,265,None,1759,265,None
4472,879,265,None,1759,265,None
4473,879,265,None,1759,265,None
4474,879,265,None,1759,265,None
4475,879,265,None,1759,265,None
4476,879,265,None,1759,265,None
4477,879,265,None,1759,265,None
4478,879,265,None,1759,265,None
4479,879,265,None,1759,265,None
4480,879,265,None,1759,265,None
4481,879,265,None,1759,265,None
4482,879,265,None,1759,265,None
4483,879,265,None,1759,265,None
4484,879,265,None,1759,265,None
4485,879,265,None,1759,265,None
4486,879,265,None,1759,265,None
4487,879,265,None,1759,265,None
4488,879,265,None,1759,265,None
4489,879,265,None,1759,265,None
4490,879,265,None,1759,265,None
4491,879,265,None,1759,265,None
4492,879,265,None,1759,265,None
4493,879,265,None,1759,265,None
4494,879,265,None,1759,265,None
4495,879,265,Bump,1759,265,None
4495,879,265,None,1759,265,None
4496,879,265,None,1752,265,MoveLeft
4497,879,265,None,1745,265,MoveLeft
4498,879,265,None,1738,265,MoveLeft
4499,879,265,None,1731,265,MoveLeft
4514,886,265,MoveRight,1731,265,None
4515,893,265,MoveRight,1731,265,None
4516,900,265,MoveRight,1731,265,None
4517,907,265,MoveRight,1731,265,None
4518,914,265,MoveRight,1731,265,None
4519,921,265,MoveRight,1731,265,None
4520,928,265,MoveRight,1731,265,None
4521,935,265,MoveRight,1731,265,None
4522,942,265,MoveRight,1731,265,None
4523,949,265,MoveRight,1731,265,None
4524,956,265,MoveRight,1731,265,None
4525,963,265,MoveRight,1731,265,None
4526,970,265,MoveRight,1731,265,None
4527,977,265,MoveRight,1731,265,None
4528,984,265,MoveRight,1731,265,None
4529,991,265,MoveRight,1731,265,None
4538,984,265,MoveLeft,1731,265,None
4539,977,265,MoveLeft,1731,265,None
4540,970,265,MoveLeft,1731,265,None
4541,963,265,MoveLeft,1731,265,None
4542,956,265,MoveLeft,1731,265,None
4543,949,265,MoveLeft,1731,265,None
4544,942,265,MoveLeft,1731,265,None
4545,935,265,MoveLeft,1731,265,None
4546,928,265,MoveLeft,1731,265,None
4547,921,265,MoveLeft,1731,265,None
4548,914,265,MoveLeft,1731,265,None
4549,907,265,MoveLeft,1731,265,None
4550,900,265,MoveLeft,1731,265,None
4610,907,265,MoveRight,1731,265,None
4611,914,265,MoveRight,1731,265,None
4612,921,265,MoveRight,1731,265,None
4613,928,265,MoveRight,1731,265,None
4614,935,265,MoveRight,1731,265,None
4615,942,265,MoveRight,1731,265,None
4616,949,265,MoveRight,1731,265,None
4617,956,265,MoveRight,1731,265,None
4618,963,265,MoveRight,1731,265,None
4619,970,265,MoveRight,1731,265,None
4620,977,265,MoveRight,1731,265,None
4621,984,265,MoveRight,1731,265,None
4622,991,265,MoveRight,1731,265,None
4623,998,265,MoveRight,1731,265,None
4624,1005,265,MoveRight,1731,265,None
4625,1012,265,MoveRight,1731,265,None
4626,1019,265,MoveRight,1731,265,None
4627,1026,265,MoveRight,1731,265,None
4628,1033,265,MoveRight,1731,265,None
4629,1040,265,MoveRight,1731,265,None
4630,1047,265,MoveRight,1731,265,None
4631,1054,265,MoveRight,1731,265,None
4632,1061,265,MoveRight,1731,265,None
4633,1068,265,MoveRight,1731,265,None
4634,1075,265,MoveRight,1731,265,None
4635,1082,265,MoveRight,1731,265,None
4636,1089,265,MoveRight,1731,265,None
4637,1096,265,MoveRight,1731,265,None
4638,1103,265,MoveRight,1731,265,None
4639,1110,265,MoveRight,1731,265,None
4640,1117,265,MoveRight,1731,265,None
4641,1124,265,MoveRight,1731,265,None
4642,1131,265,MoveRight,1731,265,None
4643,1138,265,MoveRight,1731,265,None
4644,1145,265,MoveRight,1731,265,None
4645,1152,265,MoveRight,1731,265,None
4646,1159,265,MoveRight,1731,265,None
4647,1166,265,MoveRight,1731,265,None
4648,1173,265,MoveRight,1731,265,None
4649,1180,265,MoveRight,1731,265,None
4650,1183.5,284.62,MoveRight,1731,265,None
4651,1187,304.24,MoveRight,1731,265,None
4652,1190.5,314.05,MoveRight,1731,265,None
4653,1194,323.86,MoveRight,1731,265,None
4654,1197.5,333.67,MoveRight,1731,265,None
4655,1201,343.48,MoveRight,1731,265,None
4656,1204.5,353.29,MoveRight,1731,265,None
4657,1208,363.1,MoveRight,1731,265,None
4658,1211.5,372.91,MoveRight,1731,265,None
4659,1215,382.72,MoveRight,1731,265,None
4660,1218.5,392.53,MoveRight,1731,265,None
4661,1222,402.34,MoveRight,1731,265,None
4662,1225.5,412.15,MoveRight,1731,265,None
4663,1229,421.96,MoveRight,1731,265,None
4664,1232.5,431.77,MoveRight,1731,265,None
4665,1236,441.58,MoveRight,1731,265,None
4666,1239.5,451.39,MoveRight,1731,265,None
4667,1243,461.2,MoveRight,1731,265,None
4668,1246.5,471.01,MoveRight,1731,265,None
4669,1250,480.82,MoveRight,1731,265,None
4670,1253.5,490.63,MoveRight,1731,265,None
4671,1257,500.44,MoveRight,1731,265,None
4672,1260.5,510.25,MoveRight,1731,265,None
4673,1264,520.06,MoveRight,1731,265,None
4674,1267.5,529.87,MoveRight,1731,265,None
4675,1271,539.68,MoveRight,1731,265,None
4676,1274.5,549.49,MoveRight,1731,265,None
4677,1278,559.3,MoveRight,1731,265,None
4678,1281.5,569.11,MoveRight,1731,265,None
4679,1285,578.92,MoveRight,1731,265,None
4680,1288.5,569.11,MoveRight,1731,265,None
4681,1292,559.3,MoveRight,1731,265,None
4682,1295.5,549.49,MoveRight,1731,265,None
4683,1299,539.68,MoveRight,1731,265,None
4684,1302.5,529.87,MoveRight,1731,265,None
4685,1306,520.06,MoveRight,1731,265,None
4686,1309.5,510.25,MoveRight,1731,265,None
4687,1313,500.44,MoveRight,1731,265,None
4688,1316.5,490.63,MoveRight,1731,265,None
4689,1320,480.82,MoveRight,1731,265,None
4690,1323.5,471.01,MoveRight,1731,265,None
4715,1319,265,MoveLeft,1731,265,None
4716,1312,265,MoveLeft,1731,265,None
4717,1305,265,MoveLeft,1731,265,None
4718,1298,265,MoveLeft,1731,265,None
4719,1291,265,MoveLeft,1731,265,None
4720,1284,265,MoveLeft,1731,265,None
4728,1284,284.62,None,1731,265,None
4744,1284,451.39,None,1731,265,None
4755,1284,559.3,None,1731,265,None
4764,1284,510.25,None,1731,265,None
4774,1284,412.15,Spike,1731,265,None
4774,1284,412.15,None,1731,265,None
4775,1284,402.34,None,1724,265,MoveLeft
4776,1284,392.53,None,1717,265,MoveLeft
4777,1284,382.72,None,1710,265,MoveLeft
4778,1284,372.91,None,1703,265,MoveLeft
4779,1284,363.1,None,1696,265,MoveLeft
4807,337,265,MoveRight,1670,265,None
4808,344,265,MoveRight,1670,265,None
4809,351,265,MoveRight,1670,265,None
4810,358,265,MoveRight,1670,265,None
4811,365,265,MoveRight,1670,265,None
4812,372,265,MoveRight,1670,265,None
4813,379,265,MoveRight,1670,265,None
4814,386,265,MoveRight,1670,265,None
4815,393,265,MoveRight,1670,265,None
4816,400,265,MoveRight,1670,265,None
4817,407,265,MoveRight,1670,265,None
4818,414,265,MoveRight,1670,265,None
4819,421,265,MoveRight,1670,265,None
4820,428,265,MoveRight,1670,265,None
4821,435,265,MoveRight,1670,265,None
4822,442,265,MoveRight,1670,265,None
4823,449,265,MoveRight,1670,265,None
4837,449,265,Serve,1670,265,None
4837,449,265,None,1670,265,None
4838,449,265,None,1677,265,MoveRight
4839,449,265,None,1684,265,MoveRight
4840,449,265,None,1691,265,MoveRight
4841,449,265,None,1698,265,MoveRight
4842,449,265,None,1705,265,MoveRight
4843,449,265,None,1712,265,MoveRight
4844,449,265,None,1719,265,MoveRight
4845,449,265,None,1726,265,MoveRight
4846,449,265,None,1733,265,MoveRight
4847,449,265,None,1740,265,MoveRight
4848,449,265,None,1747,265,MoveRight
4849,449,265,None,1754,265,MoveRight
4850,449,265,None,1761,265,MoveRight
4851,449,265,None,1768,265,MoveRight
4852,449,265,None,1775,265,MoveRight
4853,449,265,None,1782,265,MoveRight
4854,449,265,None,1789,265,MoveRight
4855,449,265,None,1796,265,MoveRight
4856,456,265,MoveRight,1796,265,None
4856,456,265,None,1803,265,MoveRight
4857,463,265,MoveRight,1803,265,None
4857,463,265,None,1810,265,MoveRight
4858,470,265,MoveRight,1810,265,None
4858,470,265,None,1817,265,MoveRight
4859,477,265,MoveRight,1817,265,None
4859,477,265,None,1824,265,MoveRight
4860,484,265,MoveRight,1824,265,None
4860,484,265,None,1831,265,MoveRight
4861,491,265,MoveRight,1831,265,None
4861,491,265,None,1838,265,MoveRight
4862,498,265,MoveRight,1838,265,None
4862,498,265,None,1845,265,MoveRight
4863,505,265,MoveRight,1845,265,None
4863,505,265,None,1852,265,MoveRight
4864,512,265,MoveRight,1852,265,None
4864,512,265,None,1859,265,MoveRight
4865,519,265,MoveRight,1859,265,None
4865,519,265,None,1866,265,MoveRight
4866,526,265,MoveRight,1866,265,None
4866,526,265,None,1873,265,MoveRight
4867,533,265,MoveRight,1873,265,None
4867,533,265,None,1880,265,MoveRight
4868,540,265,MoveRight,1880,265,None
4868,540,265,None,1887,265,MoveRight
4869,547,265,MoveRight,1887,265,None
4869,547,265,None,1894,265,MoveRight
4870,554,265,MoveRight,1894,265,None
4870,554,265,None,1901,265,MoveRight
4871,561,265,MoveRight,1901,265,None
4871,561,265,None,1908,265,MoveRight
4872,568,265,MoveRight,1908,265,None
4872,568,265,None,1915,265,MoveRight
4873,575,265,MoveRight,1915,265,None
4873,575,265,None,1922,265,MoveRight
4874,582,265,MoveRight,1922,265,None
4874,582,265,None,1929,265,MoveRight
4875,589,265,MoveRight,1929,265,None
4875,589,265,None,1936,265,MoveRight
4876,596,265,MoveRight,1936,265,None
4876,596,265,None,1943,265,MoveRight
4877,603,265,MoveRight,1943,265,None
4877,603,265,None,1950,265,MoveRight
4878,610,265,MoveRight,1950,265,None
4878,610,265,None,1957,265,MoveRight
4879,617,265,MoveRight,1957,265,None
4879,617,265,None,1964,265,MoveRight
4880,624,265,MoveRight,1964,265,None
4880,624,265,None,1971,265,MoveRight
4881,631,265,MoveRight,1971,265,None
4881,631,265,None,1978,265,MoveRight
4882,638,265,MoveRight,1978,265,None
4882,638,265,None,1985,265,MoveRight
4883,645,265,MoveRight,1985,265,None
4883,645,265,None,1992,265,MoveRight
4884,652,265,MoveRight,1992,265,None
4885,659,265,MoveRight,1992,265,None
4886,666,265,MoveRight,1992,265,None
4887,673,265,MoveRight,1992,265,None
4888,680,265,MoveRight,1992,265,None
4889,687,265,MoveRight,1992,265,None
4890,694,265,MoveRight,1992,265,None
4891,701,265,MoveRight,1992,265,None
4892,708,265,MoveRight,1992,265,None
4893,715,265,MoveRight,1992,265,None
4894,722,265,MoveRight,1992,265,None
4895,729,265,MoveRight,1992,265,None
4896,736,265,MoveRight,1992,265,None
4897,743,265,MoveRight,1992,265,None
4898,750,265,MoveRight,1992,265,None
4899,757,265,MoveRight,1992,265,None
4900,764,265,MoveRight,1992,265,None
4901,771,265,MoveRight,1992,265,None
4902,778,265,MoveRight,1992,265,None
4903,785,265,MoveRight,1992,265,None
4904,792,265,MoveRight,1992,265,None
4905,799,265,MoveRight,1992,265,None
4906,806,265,MoveRight,1992,265,None
4907,813,265,MoveRight,1992,265,None
4908,820,265,MoveRight,1992,265,None
4911,820,265,None,1992,265,SpikeMedium
4911,820,265,None,1992,265,None
4914,827,265,MoveRight,1992,265,None
4915,834,265,MoveRight,1992,265,None
4916,841,265,MoveRight,1992,265,None
4917,848,265,MoveRight,1992,265,None
4918,855,265,MoveRight,1992,265,None
4919,862,265,MoveRight,1992,265,None
4920,869,265,MoveRight,1992,265,None
4921,876,265,MoveRight,1992,265,None
4922,883,265,MoveRight,1992,265,None
4923,890,265,MoveRight,1992,265,None
4924,897,265,MoveRight,1992,265,None
4925,904,265,MoveRight,1992,265,None
4926,911,265,MoveRight,1992,265,None
4927,918,265,MoveRight,1992,265,None
4928,925,265,MoveRight,1992,265,None
4929,932,265,MoveRight,1992,265,None
4930,939,265,MoveRight,1992,265,None
4931,946,265,MoveRight,1992,265,None
4932,953,265,MoveRight,1992,265,None
4933,960,265,MoveRight,1992,265,None
4934,967,265,MoveRight,1992,265,None
4935,974,265,MoveRight,1992,265,None
4936,981,265,MoveRight,1992,265,None
4937,988,265,MoveRight,1992,265,None
4938,995,265,MoveRight,1992,265,None
4939,1002,265,MoveRight,1992,265,None
4940,1009,265,MoveRight,1992,265,None
4941,1016,265,MoveRight,1992,265,None
4942,1023,265,MoveRight,1992,265,None
4943,1030,265,MoveRight,1992,265,None
4944,1037,265,MoveRight,1992,265,None
4945,1044,265,MoveRight,1992,265,None
4946,1051,265,MoveRight,1992,265,None
4947,1058,265,MoveRight,1992,265,None
4948,1065,265,MoveRight,1992,265,None
4949,1072,265,MoveRight,1992,265,None
4950,1079,265,MoveRight,1992,265,None
4951,1086,265,MoveRight,1992,265,None
4952,1093,265,MoveRight,1992,265,None
4953,1100,265,MoveRight,1992,265,None
4954,1100,265,None,1992,265,None
4955,1100,265,None,1992,265,None
4956,1100,265,None,1992,265,None
4957,1100,265,None,1992,265,None
4958,1100,265,None,1992,265,None
4959,1100,265,None,1992,265,None
4960,1100,265,None,1992,265,None
4961,1100,265,None,1992,265,None
4962,1100,265,None,1992,265,None
4963,1100,265,None,1992,265,None
4964,1100,265,None,1992,265,None
4965,1100,265,None,1992,265,None
4966,1100,265,None,1992,265,None
4967,1100,265,None,1992,265,None
4968,1100,265,None,1992,265,None
4969,1100,265,None,1992,265,None
